tree
version=v4
num_class=1
num_tree_per_iteration=1
label_index=0
max_feature_idx=38
objective=regression
feature_names=title_length description_length description_has_code user_story_format mentions_tests ambiguity_score vague_term_count missing_info_flag_count has_acceptance_criteria ac_completeness_score invest_independent invest_valuable invest_testable traceability_coverage_pct unlinked_artifact_count has_linked_tests has_epic linked_issue_count blocker_count dep_out_degree dep_in_degree team_velocity_rolling velocity_variance history_sprints mean_cycle_time_hours historical_spillover_rate reopen_rate sprint_length_days days_into_sprint parallel_sprints sprint_committed_points commitment_to_velocity_ratio wip_at_commitment in_progress_at_commitment added_mid_sprint issue_type priority_level project_key predicted_log
feature_infos=[1:41] [0:5310] [0:1] [0:1] [0:1] [0:1] [0:39] [0:3] [0:1] [0:1] [0:1] [0:1] [0:1] [0:1] [0:3] [0:1] [0:1] [0:16] [0:5] [0:8] [0:11] [0:2369] [0:9085228.3000000007] [4:362] [0:2125.1356666666734] [0:1] [0:0.26000000000000001] [1.1390509259259258:61.040497685185187] [0:58.908530092592592] [0:13] [0:744] [0:162] [0:46] [0:1] [0:1] -1:3:0:1:4:2 -1:4:5:2:0:1 -1:11:22:28:31:23:29:21:26:25:14:15:27:1:7:5:30:2:19:20:0:3:8:12:4:13:9:24:6:18:16:10 [0.37733698399979665:3.2381717863983539]
tree_sizes=1427 1495 1500 1500 1520 1508 1524 1490 1518 1508 1494 1525 1509 1510 1522 1500 1523 1508 1505 1498 1524 1517 1531 1509 1514 1493 1528 1517 1544 1505 1499 1512 1523 1512 1500 1523 1535 1520 1520 1538 1487 1509 1518 1521 1518 1535 1550 1533 1516 1526 1544 1531 1534 1541 1513 1544 1513 1525 1528 1510 1524 1533 1525 1532 1532 1515 1550 1527 1517 1518 1529 1534 1525 1539 1523 1527 1526 1540 1543 1545 1544 1534 1505 1510 1509 1496 1524 1545 1542 1537 1519 1543 1537 1521 1533 1541 1530 1508 1536 1517 1522 1536 1540 1532 1532 1533 1543 1522 1531 1518 1530 1532 1533 1534 1526 1554 1535 1533 1525 1553 1538 1527 1540 1538 1548 1553 1529 1562 1521 1552 1545 1540 1534 1529 1547 1530 1540 1544 1552 1552 1533 1527 1543 1535 1515 1544 1547 1505 1542 1524 1550 1518 1531 1529 1540 1538 1553 1521 1513 1535 1540 1558 1528 1541 1508 1546 1526 1522 1557 1532 1552 1551 1527 1517 1514 1552 1543 1549 1548 1529 1550 1552 1530 1528 1528 1509 1527 1538 1541 1529 1548 1526 1523 1566 1510 1514 1530 1519 1525 1545 1533 1516 1516 1553 1532 1515 1533 1557 1548 1532 1522 1537 1550 1548 1531 1546 1520 1550 1520 1525 1547 1540 1559 1550 1546 1550 1539 1538 1516 1541 1550 1519 1529 1536 1518 1532 1561 1521 1518 1538 1551 1563 1562 1545 1527 1537 1543 1528 1541 1508 1499 1523 1516 1535 1511 1545 1532 1537 1546 1553 1512 1549 1554 1518 1530 1543 1540 1529 1523 1532 1544 1541 1545 1521 1532 1548 1543 1547 1539 1542 1512 1516 1529 1541 1559 1533 1524 1545 1511 1547 1524 1548 1519 1543 1557 1514 1540 1552 1533 1532 1548 1550 1538 1557 1557 1563 1528 1553 1542 1535 1561 1547 1555 1555 1546 1547 1550 1518 1535 1542 1548 1536 1535 1520 1553 1551 1529 1537 1546 1533 1552 1516 1547 1542 1545 1545 1535 1543 1508 1544 1538 1551 1539 1556 1526 1529 1546 1528 1515 1545 1564 1546 1547 1526 1516 1548 1535 1541 1550 1523 1554 1542 1533 1520 1514 1548 1538 1533 1546 1559 1547 1543 1534 1536 1555 1534 1550 1533 1529 1541 1551 1521 1550 1548 1526 1544 1541 1548 1541 1518 1550 1549 1551 1540 1530 1547 1513 1557 1535 1547

Tree=0
num_leaves=15
num_cat=3
split_feature=24 35 16 38 38 2 29 36 38 26 36 1 31 30
split_gain=35.5395 16.5381 6.26404 4.28852 3.37154 3.00176 2.45649 2.05512 2.25525 1.81731 1.61106 1.48448 1.39564 1.20514
threshold=1.0000000180025095e-35 0 1.0000000180025095e-35 1.4244103455928652 1.2294299679711378 1.0000000180025095e-35 1.5000000000000002 1 1.7575828025238251 0.11714285714285715 2 10.500000000000002 0.82038299253489144 33.250000000000007
decision_type=8 1 2 2 2 2 2 9 2 10 9 2 8 2
left_child=2 4 -1 6 -2 9 -3 8 11 10 -5 -6 -12 -9
right_child=1 3 -4 5 7 -7 -8 13 -10 -11 12 -13 -14 -15
leaf_value=0.39007437004064649 0.383573766657193 0.38187191538483245 0.39961666537582202 0.38427769343926105 0.38982570202887262 0.3821773070693249 0.38467938905586951 0.38762578699542044 0.38532065094217588 0.38128333697307615 0.38926946317638239 0.38725965299974358 0.38544648691450223 0.38483899083340611
leaf_weight=104 403 1751 153 1643 249 591 334 171 470 143 103 1096 519 762
leaf_count=104 403 1751 153 1643 249 591 334 171 470 143 103 1096 519 762
internal_value=0.384769 0.384426 0.395755 0.383369 0.386132 0.384093 0.382322 0.386512 0.387097 0.384563 0.38477 0.387735 0.386059 0.385343
internal_weight=8492 8235 257 5084 3151 2999 2085 2748 1815 2408 2265 1345 622 933
internal_count=8492 8235 257 5084 3151 2999 2085 2748 1815 2408 2265 1345 622 933
cat_boundaries=0 1 2 3
cat_threshold=8 32 17
is_linear=0
shrinkage=1


Tree=1
num_leaves=15
num_cat=5
split_feature=37 37 25 37 1 35 38 38 37 22 30 38 23 38
split_gain=45.2662 20.0411 9.79051 4.93017 4.4357 2.04794 2.04123 3.08785 2.37451 1.99794 1.51014 1.34743 1.32928 1.20322
threshold=0 1 0.34891304347826091 2 1.0000000180025095e-35 3 1.1378987387784942 1.6845112130280018 4 1229.9500000000003 161.12500000000003 1.1794190605601751 123.50000000000001 1.3352888195628367
decision_type=9 9 10 9 2 1 2 2 9 2 2 2 2 2
left_child=1 2 -1 5 9 12 -6 13 10 -3 -9 -5 -2 -8
right_child=3 4 -4 11 6 -7 7 8 -10 -11 -12 -13 -14 -15
leaf_value=0.01763644316153867 -0.00091790805924900386 0.008353191074812626 0.006121205355485165 -0.003886127086643374 -0.0013889232934247155 -3.0157198673647693e-05 0.0010972514872585953 -0.0010435333746608838 0.0039848651244537908 0.0033780020302704842 0.0011856782575669458 -0.0023642346556555808 -0.0034385076237203023 0.0029689199564640373
leaf_weight=105 430 118 181 708 204 1253 403 548 150 189 546 2010 335 1327
leaf_count=105 430 118 181 708 204 1253 403 548 150 189 546 2010 335 1327
internal_value=3.61368e-05 0.00248495 0.00999921 -0.00191491 0.00184144 -0.000781405 0.00151407 0.0017132 0.000573233 0.00529029 6.84095e-05 -0.00275055 -0.00199561 0.00253292
internal_weight=8507 3771 286 4736 3485 2018 3178 2974 1244 307 1094 2718 765 1730
internal_count=8507 3771 286 4736 3485 2018 3178 2974 1244 307 1094 2718 765 1730
cat_boundaries=0 1 2 3 4 5
cat_threshold=163056704 2097152 3489665050 1 8390656
is_linear=0
shrinkage=0.03


Tree=2
num_leaves=15
num_cat=4
split_feature=37 37 23 37 1 35 38 38 38 1 38 21 23 21
split_gain=46.5063 18.4079 8.98925 3.35558 3.25303 2.39072 2.20868 2.97544 1.36458 1.1889 1.15338 1.00184 0.963432 0.919728
threshold=0 1 37.500000000000007 2 2.5000000000000004 3 1.9213392457489566 1.2660275827315817 1.5905615595002731 14.500000000000002 0.8432708296679825 101.95833333333336 80.500000000000014 121.89166666666668
decision_type=9 9 2 9 2 1 2 2 2 2 2 2 2 2
left_child=1 2 -1 5 11 -2 7 -6 13 -10 -5 -3 -8 -9
right_child=3 4 -4 10 6 -7 12 8 9 -11 -12 -13 -14 -15
leaf_value=0.0047161461500873454 -0.00021191424373707737 0.0058554526546340385 0.015211576253730945 -0.0059320285068824889 -0.00046176066152496141 -0.0022864125661131119 0.0018199703385137387 0.0026493149347166598 0.0035851568463385343 0.0011161373120307087 -0.0026458192741536483 0.0024460860898195321 -0.0013078858170855608 0.0052695942688425175
leaf_weight=151 1158 213 143 100 438 882 122 1062 211 1044 2479 122 324 136
leaf_count=151 1158 213 143 100 438 882 122 1062 211 1044 2479 122 324 136
internal_value=4.87195e-06 0.00238456 0.009498 -0.00203914 0.00179077 -0.00111561 0.00151273 0.00181588 0.00222257 0.00153125 -0.00276253 0.00461383 -0.000452284 0.00294678
internal_weight=8585 3966 294 4619 3672 2040 3337 2891 2453 1255 2579 335 446 1198
internal_count=8585 3966 294 4619 3672 2040 3337 2891 2453 1255 2579 335 446 1198
cat_boundaries=0 1 2 3 4
cat_threshold=163056706 2097152 3489673272 14
is_linear=0
shrinkage=0.03


Tree=3
num_leaves=15
num_cat=4
split_feature=37 37 25 38 37 1 35 38 23 22 32 38 22 23
split_gain=40.1319 17.8437 8.57658 3.39995 3.33668 3.12491 1.94481 1.92911 1.8826 1.43274 1.35648 1.31112 1.14757 0.908255
threshold=0 1 0.34891304347826091 1.1378987387784942 2 2.5000000000000004 3 1.9213392457489566 102.50000000000001 1410.5812500000002 29.500000000000004 0.86654743331511652 1229.9500000000003 138.50000000000003
decision_type=9 9 10 2 9 2 1 2 2 2 2 2 2 2
left_child=1 2 -1 -3 6 12 -2 9 -9 -7 13 -6 -5 -11
right_child=4 3 -4 5 11 7 -8 8 -10 10 -12 -13 -14 -15
leaf_value=0.016332793226900781 -0.00216925169217232 -0.0019792127244164471 0.0056299358517038108 0.0070989061003694162 -0.0057369066728683912 0.0011969400654032682 -0.00024855893156860943 0.0021277292992773842 -0.0018171047612554755 0.0034873162679930438 -0.00073153685335770684 -0.0024632633758127701 0.0033028233284602645 0.0017271949211770099
leaf_weight=107 754 221 182 117 115 1323 1278 182 271 779 101 2589 185 399
leaf_count=107 754 221 182 117 115 1323 1278 182 271 779 101 2589 185 399
internal_value=-4.97375e-05 0.00221478 0.00927176 0.00162052 -0.00189941 0.00186233 -0.00096839 0.00157455 -0.000232205 0.0018891 0.00260507 -0.0025929 0.00477349 0.00289115
internal_weight=8603 3867 289 3578 4736 3357 2032 3055 453 2602 1279 2704 302 1178
internal_count=8603 3867 289 3578 4736 3357 2032 3055 453 2602 1279 2704 302 1178
cat_boundaries=0 1 2 3 4
cat_threshold=163056712 2097152 2415931442 1
is_linear=0
shrinkage=0.03


Tree=4
num_leaves=15
num_cat=3
split_feature=37 24 38 1 37 38 22 38 37 2 38 23 32 21
split_gain=36.5474 16.9851 5.19588 3.15311 2.74702 2.20969 1.6703 1.61221 4.75155 1.31122 1.242 1.19603 1.13888 1.12789
threshold=0 1.0000000180025095e-35 1.8957829999611842 1.0000000180025095e-35 1 1.2089519869713596 1229.9500000000003 1.7968637676269812 2 1.0000000180025095e-35 1.1794190605601751 32.500000000000007 27.500000000000004 58.06666666666667
decision_type=9 10 2 2 9 2 2 2 9 2 2 2 2 2
left_child=1 2 -1 6 9 -5 -3 11 13 -2 -6 -7 -13 -9
right_child=4 3 -4 5 10 7 -8 8 -10 -11 -12 12 -14 -15
leaf_value=0.0047671995296632557 -0.00041387487795645624 0.0074941125104669472 0.013449131323141045 -0.00098309618227487372 -0.0034714302605812109 -0.00089878690808154306 0.002832799330148687 -0.0025656920785113472 0.0050730799571063146 -0.0022135676635089557 -0.0020002552326930031 0.002534934077462764 0.00030737630506523717 0.00018158204014994257
leaf_weight=109 1438 114 144 316 685 113 176 180 160 488 2099 1762 234 532
leaf_count=109 1438 114 144 316 685 113 176 180 160 488 2099 1762 234 532
internal_value=2.11488e-05 0.0021903 0.00970869 0.00166612 -0.00174827 0.00140232 0.00466518 0.00165519 0.000570184 -0.000865379 -0.00235378 0.0021038 0.00227379 -0.000505849
internal_weight=8550 3840 253 3587 4710 3297 290 2981 872 1926 2784 2109 1996 712
internal_count=8550 3840 253 3587 4710 3297 290 2981 872 1926 2784 2109 1996 712
cat_boundaries=0 1 2 3
cat_threshold=163056712 2415931410 8390656
is_linear=0
shrinkage=0.03


Tree=5
num_leaves=15
num_cat=3
split_feature=37 24 38 38 37 35 30 38 26 13 32 21 31 38
split_gain=36.422 17.5867 8.226 3.94635 3.22216 1.89114 1.43632 2.38815 1.86927 1.89562 1.49243 1.4065 1.25961 1.2565
threshold=0 1.0000000180025095e-35 1.8814286396623332 1.1462853640828121 1 2 53.500000000000007 1.7308173717050517 1.0000000180025095e-35 1.0000000180025095e-35 5.5000000000000009 62.708333333333336 0.97209623732310757 1.1794190605601751
decision_type=9 10 2 2 9 1 2 2 8 2 2 2 8 2
left_child=1 2 -1 -3 5 -2 8 11 -5 12 -9 -8 -10 -6
right_child=4 3 -4 6 13 -7 7 10 9 -11 -12 -13 -14 -15
leaf_value=0.0036890917314555158 -0.0019345847157054448 -0.0020988078273259975 0.01463486520246543 0.0064770358698589244 -0.0035430469094532352 -1.6751206024537971e-05 0.0039385393209669332 -0.0011912343024741857 0.0020355416864686468 0.00035514524086348472 0.0012709757940237462 0.0018433765442459843 0.0065963494889181825 -0.0020677308413885173
leaf_weight=110 783 239 141 127 692 1122 357 340 109 217 636 1500 109 2085
leaf_count=110 783 239 141 127 692 1122 357 340 109 217 636 1500 109 2085
internal_value=7.77124e-06 0.00215216 0.00983791 0.00162723 -0.0017724 -0.000811012 0.00188953 0.0016147 0.00327496 0.0023401 0.000413239 0.00224616 0.00431595 -0.00242663
internal_weight=8567 3885 251 3634 4682 1905 3395 2833 562 435 976 1857 218 2777
internal_count=8567 3885 251 3634 4682 1905 3395 2833 562 435 976 1857 218 2777
cat_boundaries=0 1 2 3
cat_threshold=163060800 2415927322 1
is_linear=0
shrinkage=0.03


Tree=6
num_leaves=15
num_cat=3
split_feature=37 37 25 1 37 38 38 23 22 27 24 27 17 38
split_gain=32.9606 17.2351 9.17453 3.43052 2.52873 1.76254 2.63683 1.79247 1.60636 1.47695 1.30498 1.23765 1.11876 0.971085
threshold=0 1 0.34891304347826091 1.0000000180025095e-35 2 1.6980013696122194 1.3352888195628367 54.500000000000007 1229.9500000000003 18.354050925925929 150.92599999999581 13.99941550925926 1.0000000180025095e-35 0.86654743331511652
decision_type=9 9 10 2 9 2 2 2 2 2 10 2 2 2
left_child=1 2 -1 8 9 6 -5 -7 -3 11 -9 12 -2 -6
right_child=4 3 -4 5 13 7 -8 10 -10 -11 -12 -13 -14 -15
leaf_value=0.01616732242814679 -0.0010543488523854468 0.0072568552430237691 0.0051850692334056972 8.7779714741160897e-05 -0.0049974222803569352 0.0036171660905698487 0.0024204338208187091 -0.0012835913950126148 0.0027629198660500923 0.00089832676588931255 0.00080713154060588492 -0.002060491557974593 0.001510066964102707 -0.0021798332982401582
leaf_weight=108 623 118 187 626 115 129 1438 484 182 349 604 838 203 2578
leaf_count=108 623 118 187 626 115 129 1438 484 182 349 604 838 203 2578
internal_value=-1.69759e-06 0.00204407 0.00890386 0.00145574 -0.00168741 0.00117903 0.00171295 0.000273512 0.00453053 -0.000871721 -0.000122933 -0.0012482 -0.000424111 -0.00229164
internal_weight=8582 3876 295 3581 4706 3281 2064 1217 300 2013 1088 1664 826 2693
internal_count=8582 3876 295 3581 4706 3281 2064 1217 300 2013 1088 1664 826 2693
cat_boundaries=0 1 2 3
cat_threshold=163056712 2097152 3489665554
is_linear=0
shrinkage=0.03


Tree=7
num_leaves=15
num_cat=6
split_feature=37 37 38 38 37 7 28 35 21 37 16 35 38 21
split_gain=30.5909 15.3138 8.71849 3.24869 2.67764 2.63928 1.65749 1.54254 1.21701 1.04579 1.06009 0.94564 0.940907 0.912111
threshold=0 1 1.8814286396623332 1.2410882826133276 2 1.5000000000000002 0.53105902777777791 3 79.533333333333346 4 1.0000000180025095e-35 5 1.185804290774765 80.291666666666686
decision_type=9 9 2 2 9 2 2 1 2 9 2 1 2 2
left_child=1 2 -1 -3 7 6 9 -2 -7 10 -5 12 -6 -12
right_child=4 3 -4 5 11 8 -8 -9 -10 -11 13 -13 -14 -15
leaf_value=0.0022443509407536213 -0.0018074746040865543 -0.001116304158491807 0.013132000528439356 0.0032749099618205931 -0.003227986983012287 0.0065036180994451735 0.0022942883152663883 -8.056833727845086e-05 0.0028456827573037505 -0.00015838608932800547 -0.0013276775982847217 -0.0028868842036771478 -0.0013700744337116512 0.0013707861394553597
leaf_weight=108 773 405 171 217 304 129 1166 1163 224 625 136 1231 1271 659
leaf_count=108 773 405 171 217 304 129 1166 1163 224 625 136 1231 1271 659
internal_value=-3.43501e-05 0.00195332 0.00860887 0.00140921 -0.00164458 0.00173777 0.0014299 -0.000775827 0.00418244 0.000814211 0.00140258 -0.0022391 -0.00171777 0.000909162
internal_weight=8582 3840 279 3561 4742 3156 2803 1936 353 1637 1012 2806 1575 795
internal_count=8582 3840 279 3561 4742 3156 2803 1936 353 1637 1012 2806 1575 795
cat_boundaries=0 1 2 3 4 5 6
cat_threshold=163055624 2097152 2415931474 1 134744064 26
is_linear=0
shrinkage=0.03


Tree=8
num_leaves=15
num_cat=3
split_feature=37 37 25 1 37 38 38 25 23 13 32 22 28 22
split_gain=32.2939 14.2225 7.07164 2.49113 2.37795 1.41279 1.62964 1.32749 1.24545 1.09075 1.01066 1.27712 1.17408 0.98932
threshold=0 1 0.34891304347826091 1.0000000180025095e-35 2 1.0996951080384962 1.9213392457489566 0.24695121951219515 91.500000000000014 0.50000000000000011 29.500000000000004 1891.5441250000001 8.6200173611111133 1229.9500000000003
decision_type=9 9 10 2 9 2 2 10 2 2 2 2 2 2
left_child=1 2 -1 13 7 -5 10 -2 -8 -9 11 12 -7 -3
right_child=4 3 -4 5 -6 6 8 9 -10 -11 -12 -13 -14 -15
leaf_value=0.014690045055111921 0.00021443736248924822 0.0060665009889635255 0.0049593813795324286 -0.0015914908509493167 -0.0022544675478523919 0.00081636016653881954 0.0021293263860369242 -0.0016911683119318929 -0.0013774391765731051 0.0015404947365031522 -0.00047297599477653593 0.0027223805000179753 0.0027098388429031162 0.0026282359364625738
leaf_weight=108 660 128 178 152 2798 1161 130 1198 305 102 187 889 395 183
leaf_count=108 660 128 178 152 2798 1161 130 1198 305 102 187 889 395 183
internal_value=-4.27355e-05 0.00201032 0.00834221 0.0014752 -0.00169 0.00123166 0.00137158 -0.000876833 -0.00032944 -0.00143761 0.00165271 0.00181529 0.00129703 0.00404334
internal_weight=8574 3816 286 3530 4758 3219 3067 1960 435 1300 2632 2445 1556 311
internal_count=8574 3816 286 3530 4758 3219 3067 1960 435 1300 2632 2445 1556 311
cat_boundaries=0 1 2 3
cat_threshold=163056704 2097152 2415931418
is_linear=0
shrinkage=0.03


Tree=9
num_leaves=15
num_cat=3
split_feature=37 37 38 1 21 22 38 38 38 21 17 27 37 1
split_gain=29.042 13.8779 7.1109 2.55445 1.82332 1.6919 1.67055 2.09464 1.42799 1.70249 0.931347 0.95333 0.917548 0.858742
threshold=0 1 1.8814286396623332 2.5000000000000004 84.950000000000003 1725.48125 1.2518101873500747 1.7229096289086219 2.0155789709139418 37.166666666666679 1.0000000180025095e-35 18.354050925925929 2 21.500000000000004
decision_type=9 9 2 2 2 2 2 2 2 2 2 2 9 2
left_child=1 2 -1 5 8 -3 -5 -8 13 -10 11 -6 -9 -2
right_child=4 3 -4 6 10 -7 7 12 9 -11 -12 -13 -14 -15
leaf_value=0.0025228939146368897 -0.0013913814216625817 0.0057655382292602763 0.012203366385466818 -0.0006921968819987702 -0.0016982773511106696 0.0013244471593248082 0.0020324757996011398 0.0027236968747721135 0.0030729997347829475 -0.0017714052697787445 0.00093736687112079683 0.00032501158898039798 6.0417725482102237e-05 -0.0024827196000307308
leaf_weight=112 919 188 175 398 670 131 1746 122 106 170 266 305 1005 2208
leaf_count=112 919 188 175 398 670 131 1746 122 106 170 266 305 1005 2208
internal_value=-1.82685e-05 0.00189597 0.00814193 0.00137541 -0.00161695 0.00394177 0.00112934 0.00138168 -0.00197941 8.91271e-05 -0.000636082 -0.00106535 0.000373427 -0.00216198
internal_weight=8521 3877 287 3590 4644 319 3271 2873 3403 276 1241 975 1127 3127
internal_count=8521 3877 287 3590 4644 319 3271 2873 3403 276 1241 975 1127 3127
cat_boundaries=0 1 2 3
cat_threshold=163060808 2097152 135790592
is_linear=0
shrinkage=0.03


Tree=10
num_leaves=15
num_cat=4
split_feature=37 37 38 37 1 38 38 22 27 35 1 38 24 25
split_gain=29.6085 11.1354 5.77786 2.34454 2.30285 1.80044 1.98473 1.50797 1.3375 1.19004 1.03046 1.39136 0.952104 1.27892
threshold=0 1 2.0508607407559558 2 1.0000000180025095e-35 1.9213392457489566 1.1462853640828121 1725.48125 18.354050925925929 3 47.500000000000007 1.6845112130280018 397.60983333333633 0.58411764705882363
decision_type=9 9 2 9 2 2 2 2 2 1 2 2 10 8
left_child=1 2 -1 8 7 6 -6 -3 9 -2 12 -12 13 -8
right_child=3 4 -4 -5 5 -7 10 -9 -10 -11 11 -13 -14 -15
leaf_value=0.0043667182804067398 0.00052340979187421438 0.0058591920138482073 0.01288964539786043 -0.0021292165633980285 -0.0010777250054899937 -0.00046683633403051065 0.0023932189440146359 0.0015831219632035263 0.0010289915711058986 -0.0014888681959193233 0.0018217028486162137 -0.0005698398712299527 0.00087000870711000805 0.0059019786035915938
leaf_weight=182 328 173 118 2681 233 452 1121 130 316 1342 698 319 330 102
leaf_count=182 328 173 118 2681 233 452 1121 130 316 1342 698 319 330 102
internal_value=5.79615e-05 0.00199967 0.00747007 -0.00154813 0.00151878 0.00129019 0.00157352 0.00402457 -0.000756952 -0.00109942 0.00181388 0.00107155 0.0023 0.00268585
internal_weight=8525 3858 300 4667 3558 3255 2803 303 1986 1670 2570 1017 1553 1223
internal_count=8525 3858 300 4667 3558 3255 2803 303 1986 1670 2570 1017 1553 1223
cat_boundaries=0 1 2 3 4
cat_threshold=163056720 2097152 3489673226 22
is_linear=0
shrinkage=0.03


Tree=11
num_leaves=15
num_cat=1
split_feature=24 27 38 38 1 38 27 35 29 22 24 24 27 1
split_gain=17.8141 8.42039 4.6797 4.09101 2.03743 2.03629 2.15941 2.1785 1.625 1.52239 1.20793 1.14086 1.03866 1.39837
threshold=1.0000000180025095e-35 13.999994212962966 1.8814286396623332 1.2410882826133276 8.5000000000000018 1.4279593573095639 10.891996527777779 0 1.5000000000000002 1745.6500000000003 97.45466666667491 15.979166666666389 29.616950231481486 26.500000000000004
decision_type=8 2 2 2 2 2 2 1 2 2 10 10 2 2
left_child=2 5 -1 -3 9 8 10 11 -2 -5 -7 -8 -6 -14
right_child=1 3 -4 4 12 6 7 -9 -10 -11 -12 -13 13 -15
leaf_value=0.0029255435321907941 -0.002175583978759596 -0.0015320961487783403 0.011074232884173005 0.0052641440846623892 0.00050016127378140266 0.00021489752594789025 -0.0019506203349278098 -0.0019261969575934744 0.0015626564668491483 0.0016003455896556442 0.0041027729844892108 0.00021765192056156558 -0.00034904602812445268 0.0027916940543632465
leaf_weight=111 1831 593 148 176 1774 192 269 1195 111 243 115 1161 177 457
leaf_count=111 1831 593 148 176 1774 192 269 1195 111 243 115 1161 177 457
internal_value=-0.000165811 -0.000407753 0.00758194 0.000733377 0.00120859 -0.00120846 -0.000709417 -0.000987844 -0.00196192 0.00313932 0.00167127 -0.000188905 0.000872637 0.00191486
internal_weight=8553 8294 259 3420 2827 4874 2932 2625 1942 419 307 1430 2408 634
internal_count=8553 8294 259 3420 2827 4874 2932 2625 1942 419 307 1430 2408 634
cat_boundaries=0 1
cat_threshold=26
is_linear=0
shrinkage=0.03


Tree=12
num_leaves=15
num_cat=3
split_feature=37 37 38 38 38 37 13 23 1 38 23 28 27 22
split_gain=25.1666 14.0671 6.30561 2.33075 2.27216 2.14732 1.67579 1.65088 1.49925 1.08789 1.05684 1.03123 1.10668 1.28681
threshold=0 1 1.8957829999611842 1.1462853640828121 1.9213392457489566 2 0.50000000000000011 66.500000000000014 12.500000000000002 0.86654743331511652 91.500000000000014 5.7328240740740748 13.020619212962965 1370.1740000000002
decision_type=9 9 2 2 2 9 2 2 2 2 2 2 2 2
left_child=1 2 -1 -3 8 9 -7 -6 11 -2 -10 12 -5 -14
right_child=5 3 -4 4 7 6 -8 -9 10 -11 -12 -13 13 -15
leaf_value=0.0028784007689567881 -0.0050816500462824475 -0.0016576836298892251 0.011935204914241859 0.0012270637895213439 0.0028994947628933005 -0.0010467130513983341 0.0017774057894712314 -0.0014854620305910322 0.00052141722886676369 -0.0019570001761803723 0.0019286024296877324 0.0011582984352975878 0.0069284916698515156 0.0030917808025003259
leaf_weight=114 105 223 176 100 100 2187 207 340 710 2232 1485 162 145 172
leaf_count=114 105 223 176 100 100 2187 207 340 710 2232 1485 162 145 172
internal_value=1.20685e-05 0.00185307 0.00809578 0.00130437 0.00151395 -0.00143911 -0.000799184 -0.000488881 0.00183163 -0.00208845 0.00147343 0.00318958 0.00397871 0.00484674
internal_weight=8458 3727 290 3437 3214 4731 2394 440 2774 2337 2195 579 417 317
internal_count=8458 3727 290 3437 3214 4731 2394 440 2774 2337 2195 579 417 317
cat_boundaries=0 1 2 3
cat_threshold=163055680 2097152 574996900
is_linear=0
shrinkage=0.03


Tree=13
num_leaves=15
num_cat=4
split_feature=37 37 23 7 37 25 38 38 38 22 28 31 35 38
split_gain=21.2024 12.1495 5.72212 2.45211 2.39704 1.58595 1.43261 1.16656 1.77685 1.33668 1.1885 1.03295 0.940166 0.933039
threshold=0 1 17.500000000000004 1.5000000000000002 2 0.24695121951219515 1.3592499815247574 1.7011912810628271 1.2410882826133276 1891.5441250000001 0.67822337962962975 2.9565137600038303 3 2.0155789709139418
decision_type=9 9 2 2 9 10 2 2 2 2 2 10 1 2
left_child=1 2 -1 7 12 -6 -5 8 -3 10 11 -10 -2 -7
right_child=4 3 -4 6 5 13 -8 -9 9 -11 -12 -13 -14 -15
leaf_value=0.0032405166591935116 -0.0015519019461103236 -0.00060559946742257424 0.01153158444906735 0.00010729663926384199 0.00042457657039054173 -0.0015066895314911097 0.0041994043659438086 5.5565102801380697e-05 -0.0006975284118114699 0.0028127579890875791 0.0019886315434534084 0.0026663289372854441 -0.0029179026456015783 0.00043282162362314646
leaf_weight=145 1077 382 155 101 686 1699 324 1188 406 588 557 103 934 257
leaf_count=145 1077 382 155 101 686 1699 324 1188 406 588 557 103 934 257
internal_value=-4.44544e-05 0.00157019 0.00728152 0.00108202 -0.00141514 -0.000813488 0.00322693 0.000802629 0.00123854 0.00166445 0.00103105 -1.68264e-05 -0.00219763 -0.00125186
internal_weight=8602 3949 300 3649 4653 2642 425 3224 2036 1654 1066 509 2011 1956
internal_count=8602 3949 300 3649 4653 2642 425 3224 2036 1654 1066 509 2011 1956
cat_boundaries=0 1 2 3 4
cat_threshold=163059800 2097152 574718500 26
is_linear=0
shrinkage=0.03


Tree=14
num_leaves=15
num_cat=1
split_feature=24 35 38 38 38 27 31 30 27 24 27 38 1 28
split_gain=15.6564 9.07306 5.25828 2.56885 2.00922 2.36828 2.34615 1.62734 2.11052 1.35595 1.3886 1.29145 1.19995 1.14398
threshold=1.0000000180025095e-35 0 1.8814286396623332 1.2034149879927034 1.2349094216284453 13.999982638888889 0.85584415584415596 22.250000000000004 18.812077546296297 10.720666666667677 8.9999189814814837 1.7661609051321283 29.500000000000004 3.5639699074074076
decision_type=8 1 2 2 2 2 10 2 2 8 2 2 2 2
left_child=2 3 -1 -2 -3 12 -7 -5 9 -9 -11 -10 -6 -8
right_child=1 4 -4 7 5 6 13 8 11 10 -12 -13 -14 -15
leaf_value=0.0021936115017327654 -0.001340603003180199 -0.0021005046990519652 0.01081614237178263 0.0050159023886618128 -0.00028455074701641086 0.0051153302449486494 -0.00084605068716297094 0.0028199369650032807 0.0021316961899273028 0.0021471125295079219 -0.0013325924319293747 0.00029945922972858947 -0.0014718256433764493 0.0018888216430945027
leaf_weight=109 365 1166 153 104 1235 102 365 119 1524 128 533 448 2018 221
leaf_count=109 365 1166 153 104 1235 102 365 119 1524 128 533 448 2018 221
internal_value=8.0248e-06 -0.000219145 0.00722891 0.0010261 -0.00100457 -0.000682867 0.000916257 0.00133216 0.00119295 -0.000128037 -0.000658762 0.00171545 -0.00102108 0.00018536
internal_weight=8590 8328 262 3221 5107 3941 688 2856 2752 780 661 1972 3253 586
internal_count=8590 8328 262 3221 5107 3941 688 2856 2752 780 661 1972 3253 586
cat_boundaries=0 1
cat_threshold=8
is_linear=0
shrinkage=0.03


Tree=15
num_leaves=15
num_cat=5
split_feature=37 37 38 35 38 38 37 30 32 38 38 37 23 32
split_gain=21.9271 9.38533 6.68622 1.97882 1.53609 1.53471 2.25863 1.94664 1.18524 1.07469 1.0299 0.835859 0.820419 1.10313
threshold=0 1 1.8814286396623332 2 1.2410882826133276 1.7229096289086219 3 160.02500000000003 16.500000000000004 1.9628838600789058 1.5293415622999216 4 71.500000000000014 30.500000000000004
decision_type=9 9 2 1 2 2 9 2 2 2 2 9 2 2
left_child=1 2 -1 8 -3 12 -7 -8 -2 11 -10 -5 -6 -14
right_child=3 4 -4 9 5 6 7 -9 10 -11 -12 -13 13 -15
leaf_value=0.0013777408028977948 -0.00037316413690812822 -0.00045027232994019549 0.010822242678242578 -0.003227026959181385 0.0008467871555398013 0.0040368046984977776 -0.0011106167771529954 0.001462159728639868 -0.002385123433924313 -0.00027767919996061693 6.6189542278432498e-05 -0.0017893760787324724 0.0025958924388052316 -0.00017078562906676237
leaf_weight=111 1854 411 172 615 423 145 538 521 597 272 208 1221 1395 143
leaf_count=111 1854 411 172 615 423 145 538 521 597 272 208 1221 1395 143
internal_value=2.0539e-05 0.00169923 0.00687493 -0.00133915 0.0012716 0.00149922 0.000656128 0.00015367 -0.00078756 -0.00202792 -0.00175174 -0.00229826 0.00201685 0.00233865
internal_weight=8626 3859 283 4767 3576 3165 1204 1059 2659 2108 805 1836 1961 1538
internal_count=8626 3859 283 4767 3576 3165 1204 1059 2659 2108 805 1836 1961 1538
cat_boundaries=0 1 2 3 4 5
cat_threshold=163056704 2097152 26 135790592 570458500
is_linear=0
shrinkage=0.03


Tree=16
num_leaves=15
num_cat=3
split_feature=37 37 25 38 21 1 38 38 32 17 30 28 37 21
split_gain=20.0846 8.28721 5.8109 1.97849 1.7806 1.37732 1.2331 1.08043 1.06282 0.987722 0.974483 0.938097 0.910529 0.929276
threshold=0 1 0.34891304347826091 1.1462853640828121 84.950000000000003 2.5000000000000004 1.9213392457489566 0.86654743331511652 29.500000000000004 1.0000000180025095e-35 59.050000000000004 20.784936342592598 2 129.92500000000004
decision_type=9 9 10 2 2 2 2 2 2 2 2 2 9 2
left_child=1 2 -1 -3 7 -5 8 -2 11 12 -8 -7 13 -6
right_child=4 3 -4 5 9 6 10 -9 -10 -11 -12 -13 -14 -15
leaf_value=0.012048009898894551 -0.0043748604978248477 -0.0015198854551763852 0.0033837737192791936 0.0032895341087088486 0.0025626706231253035 0.0014530505802729863 0.0023704247237183152 -0.0015332518803298854 -0.0007472588703204252 0.0012394899017059249 -0.00098757494814760444 0.0036532491592735157 -0.0017120788701209995 -0.0005371534317156248
leaf_weight=110 125 222 190 316 109 2259 100 3289 183 282 350 189 472 432
leaf_count=110 125 222 190 316 109 2259 100 3289 183 282 350 189 472 432
internal_value=4.40075e-05 0.00162836 0.00634903 0.00122062 -0.0012753 0.00140331 0.00120985 -0.00163729 0.00145806 -0.000330815 -0.000241353 0.00162292 -0.000767958 8.58091e-05
internal_weight=8628 3919 300 3619 4709 3397 3081 3414 2631 1295 450 2448 1013 541
internal_count=8628 3919 300 3619 4709 3397 3081 3414 2631 1295 450 2448 1013 541
cat_boundaries=0 1 2 3
cat_threshold=163060808 2097152 2147483648
is_linear=0
shrinkage=0.03


Tree=17
num_leaves=15
num_cat=4
split_feature=37 37 38 23 37 38 38 23 31 30 21 25 35 38
split_gain=19.5836 8.18107 5.07887 2.92154 2.29525 1.8719 1.49175 1.99135 1.70556 1.63594 1.10374 1.01167 0.937032 0.970616
threshold=0 1 1.8271775008591227 38.500000000000007 2 1.0499073199042159 1.7661609051321283 54.500000000000007 0.60070754716981145 156.25000000000003 21.500000000000004 0.24195121951219514 3 1.4312585090780858
decision_type=9 9 2 2 9 2 2 2 8 2 2 8 1 2
left_child=1 2 10 -4 11 -3 8 -8 -7 -9 -1 -2 13 -6
right_child=4 5 3 -5 12 6 7 9 -10 -11 -12 -13 -14 -15
leaf_value=0.004174854031456161 0.00047745218883507665 -0.0027732045434584671 0.0045904169461573469 0.011050780885270796 -0.0020697654424616601 0.0047700351005187259 0.0041037561405942889 -0.0017294561170034359 0.0013996160554816711 0.00097399640319644431 7.1594096617615322e-05 -0.00096439895286611695 -0.0024935105292312782 -0.00054617850428477835
leaf_weight=118 646 110 112 144 779 144 103 388 2193 419 118 1360 1182 728
leaf_count=118 646 110 112 144 779 144 103 388 2193 419 118 1360 1182 728
internal_value=2.71646e-05 0.00161116 0.00519227 0.00822437 -0.00127213 0.00107245 0.00120604 0.000175563 0.00160729 -0.000325805 0.00212322 -0.000497593 -0.00184595 -0.00132496
internal_weight=8544 3849 492 256 4695 3357 3247 910 2337 807 236 2006 2689 1507
internal_count=8544 3849 492 256 4695 3357 3247 910 2337 807 236 2006 2689 1507
cat_boundaries=0 1 2 3 4
cat_threshold=163060736 136315904 3489661018 26
is_linear=0
shrinkage=0.03


Tree=18
num_leaves=15
num_cat=5
split_feature=37 37 25 38 1 37 38 25 37 0 35 30 32 32
split_gain=16.5374 7.38609 6.8212 2.42907 2.17078 1.89932 1.71328 1.53108 1.07875 0.991569 1.01729 1.00676 0.960271 0.915342
threshold=0 1 0.34891304347826091 1.0766175694887175 1.0000000180025095e-35 2 1.6980013696122194 0.29772727272727278 3 13.500000000000002 4 237.12500000000003 3.5000000000000004 7.5000000000000009
decision_type=9 9 10 2 2 9 2 10 9 2 1 2 2 2
left_child=1 2 -1 -3 -5 -2 9 -7 13 10 11 -6 -12 -8
right_child=5 3 -4 4 6 7 8 -9 -10 -11 12 -13 -14 -15
leaf_value=0.012077468330160194 -0.0018561955659949618 -0.0028457138837790852 0.0026261415294251372 0.0037359065439812439 0.0028154537831436076 0.00025048633369190458 -0.0011361342779516673 -0.0012639995887450879 0.0023647555492429836 -0.0010279266507409158 0.0022568726110371892 0.0011916650207732329 -0.00089185464551956573 0.00060240460591186589
leaf_weight=109 2230 139 186 279 787 1016 524 1470 156 126 140 610 231 568
leaf_count=109 2230 139 186 279 787 1016 524 1470 156 126 140 610 231 568
internal_value=-2.88542e-05 0.00142669 0.00591773 0.001039 0.00119988 -0.0012191 0.000974692 -0.000642462 0.000111683 0.00154335 0.0017266 0.00209146 0.000288566 -0.000229736
internal_weight=8571 3855 295 3560 3421 4716 3142 2486 1248 1894 1768 1397 371 1092
internal_count=8571 3855 295 3560 3421 4716 3142 2486 1248 1894 1768 1397 371 1092
cat_boundaries=0 1 2 3 4 5
cat_threshold=163055688 2097152 574735236 8390656 26
is_linear=0
shrinkage=0.03


Tree=19
num_leaves=15
num_cat=0
split_feature=24 27 38 38 25 30 27 38 27 32 1 1 38 1
split_gain=10.5597 6.74475 3.36496 2.96804 1.8868 1.66951 1.3713 1.22478 1.66799 1.14247 1.18347 0.953406 1.47184 0.89009
threshold=1.0000000180025095e-35 13.999994212962966 1.9074166775209587 1.2410882826133276 0.24195121951219514 36.250000000000007 27.999803240740743 1.8348248810853049 11.416377314814817 13.500000000000002 7.5000000000000009 14.500000000000002 1.6634153955090849 38.500000000000007
decision_type=8 2 2 2 10 2 2 2 2 2 2 2 2 2
left_child=2 4 -1 -3 -2 13 11 -6 -9 -8 -11 12 -7 -5
right_child=1 3 -4 5 7 6 9 8 -10 10 -12 -13 -14 -15
leaf_value=0.0022202325702921767 0.00021448568997489847 -0.0011228556117854774 0.0092479621910959136 0.0058544534708317485 -0.0014697736464357051 0.00021842830295521173 0.00025702982008479227 0.0033955104993406817 -0.00069092322050034994 0.0050479488380131173 0.00187720516522817 -4.4731881408558543e-06 0.0047806957564451016 0.0018909988488020936
leaf_weight=111 1076 576 137 101 3082 164 338 105 625 122 805 1112 104 103
leaf_count=111 1076 576 137 101 3082 164 338 105 625 122 805 1112 104 103
internal_value=2.36967e-06 -0.000179614 0.00610249 0.000841233 -0.000894917 0.00123833 0.00103664 -0.00120806 -0.000103149 0.0017501 0.0022945 0.000382638 0.00198886 0.0038533
internal_weight=8561 8313 248 3425 4888 2849 2645 3812 730 1265 927 1380 268 204
internal_count=8561 8313 248 3425 4888 2849 2645 3812 730 1265 927 1380 268 204
is_linear=0
shrinkage=0.03


Tree=20
num_leaves=15
num_cat=3
split_feature=37 37 25 37 1 13 33 31 1 21 2 24 30 0
split_gain=14.3257 7.0124 6.76229 1.85822 1.85255 1.21243 1.06772 1.03633 0.934545 0.895785 0.893943 0.791965 1.02033 0.780701
threshold=0 1 0.34891304347826091 2 2.5000000000000004 0.50000000000000011 1.0000000180025095e-35 3.4625129264125198 49.500000000000007 101.95833333333336 1.0000000180025095e-35 217.58266666667305 98.500000000000014 5.5000000000000009
decision_type=9 9 10 9 2 2 2 8 2 2 2 10 2 2
left_child=1 2 -1 5 9 10 8 11 13 -3 -2 12 -8 -6
right_child=3 4 -4 -5 6 -7 7 -9 -10 -11 -12 -13 -14 -15
leaf_value=0.012159444748406082 -0.0002071500560156177 0.0042853695897983879 0.0026166125349982149 -0.0015717810741561955 0.0019934885952514092 0.0022111278307458725 0.00088921022064902854 0.0046478975769423418 -0.00016439644454682118 0.0010016880891969906 -0.0017190221076653586 0.00011063141628803141 0.0048241992254154939 0.00058189369880346929
leaf_weight=104 1458 221 187 2637 502 152 138 108 976 113 464 226 104 1185
leaf_count=104 1458 221 187 2637 502 152 138 108 976 113 464 226 104 1185
internal_value=6.66251e-05 0.00141853 0.00582687 -0.00104301 0.00104423 -0.000366391 0.000827795 0.00199896 0.000574474 0.00317442 -0.000572139 0.00138767 0.00258028 0.00100194
internal_weight=8575 3864 291 4711 3573 2074 3239 576 2663 334 1922 468 242 1687
internal_count=8575 3864 291 4711 3573 2074 3239 576 2663 334 1922 468 242 1687
cat_boundaries=0 1 2 3
cat_threshold=163060800 2097152 3489931802
is_linear=0
shrinkage=0.03


Tree=21
num_leaves=15
num_cat=4
split_feature=37 24 25 37 25 38 1 25 38 37 38 23 25 35
split_gain=14.6448 7.72544 3.33998 1.55426 1.38676 1.43577 1.38496 1.0957 0.9876 1.52802 0.855806 0.79 1.0987 1.17154
threshold=0 1.0000000180025095e-35 0.34891304347826091 1 0.64142857142857157 1.1323274721426915 3.5000000000000004 0.24695121951219515 1.7266426252090246 2 0.86654743331511652 33.500000000000007 0.43223443223443231 3
decision_type=9 10 10 9 8 2 2 10 2 9 2 2 10 1
left_child=1 2 -1 10 5 -3 -7 -5 11 -10 -2 -8 -13 -14
right_child=3 4 -4 7 -6 6 8 -9 9 -11 -12 12 13 -15
leaf_value=0.010424725212914016 -0.0041534280312401483 -0.0016755600845141346 0.0034575076609118173 0.00040434806665340644 0.0037802119278517476 0.0030254456991155583 -0.0013504008839994963 -0.0010250362659578703 0.0033419198271063769 -0.00029932313528914425 -0.0015386325973432383 0.0023735190028756339 0.001146816783184332 -0.0018877227345964948
leaf_weight=107 118 191 147 713 152 278 101 1494 106 971 2486 636 996 121
leaf_count=107 118 191 147 713 152 278 101 1494 106 971 2486 636 996 121
internal_value=-5.39997e-05 0.00133463 0.00639252 -0.00115292 0.000976699 0.000851365 0.00100177 -0.000560714 0.000809826 8.73043e-05 -0.00165078 0.00122954 0.00137819 0.000811465
internal_weight=8617 3806 254 4811 3552 3400 3209 2207 2931 1077 2604 1854 1753 1117
internal_count=8617 3806 254 4811 3552 3400 3209 2207 2931 1077 2604 1854 1753 1117
cat_boundaries=0 1 2 3 4
cat_threshold=146279424 642105764 136839168 10
is_linear=0
shrinkage=0.03


Tree=22
num_leaves=15
num_cat=1
split_feature=24 35 23 25 23 30 24 28 32 21 17 32 32 23
split_gain=10.5583 4.60568 2.56041 2.26311 1.78365 1.94773 1.09716 1.40739 1.14527 1.04901 1.59066 0.920298 1.18704 0.916074
threshold=1.0000000180025095e-35 0 39.500000000000007 0.24195121951219514 45.500000000000007 54.750000000000007 77.847333333332799 1.0043287037037041 2.5000000000000004 101.00000000000001 1.0000000180025095e-35 11.500000000000002 29.500000000000004 17.500000000000004
decision_type=8 1 2 10 2 2 10 2 2 2 2 2 2 2
left_child=2 6 -1 4 -3 -6 7 13 -8 -5 -11 -10 -13 -2
right_child=1 3 -4 9 5 -7 8 -9 11 10 -12 12 -14 -15
leaf_value=0.0033492112432190395 0.0020856979778921614 -0.0010218058990115726 0.0094102086928112647 -0.0012220761903317509 0.0044922181310900955 0.0005880031681451891 0.0039409013446499355 -0.001858043998457185 -0.00013352564752088802 -0.00097580177747121023 0.00285157667016673 0.0015932140820113082 -0.00067494930700186273 -0.00035387974173149646
leaf_weight=141 242 423 113 3582 149 504 118 298 569 284 149 1428 243 324
leaf_count=141 242 423 113 3582 149 504 118 298 569 284 149 1428 243 324
internal_value=2.05293e-05 -0.000163565 0.00604564 -0.000724613 0.00049579 0.00147886 0.000722937 -0.000189369 0.00106028 -0.00105348 0.000341241 0.000908536 0.00126337 0.000689191
internal_weight=8567 8313 254 5091 1076 653 3222 864 2358 4015 433 2240 1671 566
internal_count=8567 8313 254 5091 1076 653 3222 864 2358 4015 433 2240 1671 566
cat_boundaries=0 1
cat_threshold=8
is_linear=0
shrinkage=0.03


Tree=23
num_leaves=15
num_cat=3
split_feature=24 27 35 38 38 1 38 36 25 28 25 36 1 0
split_gain=9.19468 4.60555 3.34162 1.93714 1.68629 1.91761 1.07296 1.04335 0.956634 0.937625 1.4965 0.929225 1.18343 0.928301
threshold=1.0000000180025095e-35 18.812077546296297 0 1.2136152152855135 1.4312585090780858 20.500000000000004 2.0155789709139418 1 0.40833333333333338 4.1611342592592608 0.26235294117647062 2 8.5000000000000018 3.5000000000000004
decision_type=8 2 1 2 2 2 2 9 10 2 10 9 2 2
left_child=2 4 -1 -3 -2 7 9 -6 -8 -7 -11 12 -5 -14
right_child=1 3 -4 11 5 6 8 -9 -10 10 -12 -13 13 -15
leaf_value=0.0086847063793760275 -0.0014068261790978181 -0.0011350142256034822 0.0016315452556276845 0.0030385025096777108 0.0034820079053475886 -0.0013928437158046776 -0.00061664004949190754 0.00044017742831190974 0.0024484966509209227 0.0030982613657479698 -0.0007903737571131721 -0.00085379975873831288 -0.0017123427169604434 0.0011537255827418313
leaf_weight=128 2161 418 138 293 108 1581 211 800 162 115 395 201 108 1746
leaf_count=128 2161 418 138 293 108 1581 211 800 162 115 395 201 108 1746
internal_value=-7.69463e-05 -0.000252922 0.00541338 0.000746625 -0.000752606 -0.000333339 -0.000767629 0.000845177 0.000714599 -0.00103203 8.64753e-05 0.0010816 0.0012609 0.00098677
internal_weight=8565 8299 266 2766 5533 3372 2464 908 373 2091 510 2348 2147 1854
internal_count=8565 8299 266 2766 5533 3372 2464 908 373 2091 510 2348 2147 1854
cat_boundaries=0 1 2 3
cat_threshold=18 4 36
is_linear=0
shrinkage=0.03


Tree=24
num_leaves=15
num_cat=3
split_feature=37 37 23 27 1 22 37 38 38 22 0 31 38 27
split_gain=10.478 5.2716 3.85583 4.27186 1.32869 1.35152 1.20096 1.05008 1.21997 0.836165 0.781293 0.769353 0.742738 1.13003
threshold=0 1 34.500000000000007 15.333049768518519 2.5000000000000004 1229.9500000000003 2 1.6203358804893477 1.2034149879927034 2103.7500000000005 13.500000000000002 0.6909759149202378 1.9213392457489566 25.409369212962968
decision_type=9 9 2 2 2 2 9 2 2 2 2 8 2 2
left_child=1 2 -1 -4 5 -3 -2 8 -6 -9 11 -8 13 -11
right_child=6 4 3 -5 7 -7 10 9 -10 12 -12 -13 -14 -15
leaf_value=0.00068270237253765099 -0.002266869316391488 0.0050737102180832827 0.0035580426796398583 0.011152066077474161 -0.00064405317282459384 0.00094715620499124847 0.00051025578362154443 -0.00061591447403740803 0.0014106674283037922 0.0042901733687127153 -0.002381044007926146 -0.00086969602130282646 -0.00082009111601655607 0.0005648393995370569
leaf_weight=183 605 118 189 103 324 181 407 968 1318 103 274 3411 160 254
leaf_count=183 605 118 189 103 324 181 407 968 1318 103 274 3411 160 254
internal_value=-6.7535e-05 0.00108022 0.00401251 0.00623676 0.000663171 0.0025757 -0.0010209 0.000482419 0.00100523 -9.56651e-05 -0.00083161 -0.000722593 0.000878419 0.00163966
internal_weight=8598 3901 475 292 3426 299 4697 3127 1642 1485 4092 3818 517 357
internal_count=8598 3901 475 292 3426 299 4697 3127 1642 1485 4092 3818 517 357
cat_boundaries=0 1 2 3
cat_threshold=163056664 136315904 570687492
is_linear=0
shrinkage=0.03


Tree=25
num_leaves=15
num_cat=6
split_feature=37 37 35 37 1 38 37 38 38 32 35 23 38 38
split_gain=12.1971 6.92941 5.6785 1.40722 1.06381 1.06312 1.20959 1.08688 0.941801 1.2304 0.869586 1.02006 0.795138 0.722081
threshold=0 1 2 3 1.0000000180025095e-35 1.7266426252090246 4 1.3352888195628367 1.5013922904844343 11.500000000000002 5 123.50000000000001 0.86654743331511652 1.3860280931248949
decision_type=9 9 1 9 2 2 9 2 2 2 1 2 2 2
left_child=1 2 -1 10 8 7 -7 -6 -3 -10 11 -2 -5 -12
right_child=3 4 -4 12 5 6 -8 -9 9 -11 13 -13 -14 -15
leaf_value=0.010139652694317889 -0.00013610457696778061 0.00013484851224347948 0.0014323479886927709 -0.0038069976227624075 3.0857313592177859e-05 0.0026389989763912227 -0.00037876453600122541 0.0014957714246304043 0.0014659667822786353 0.0060401710417285993 -0.00086482194287412285 -0.0023833999259840169 -0.0013683346152242363 0.00074320180653838098
leaf_weight=131 383 100 154 126 634 125 1034 1622 110 102 398 346 2675 682
leaf_count=131 383 100 154 126 634 125 1034 1622 110 102 398 346 2675 682
internal_value=9.1365e-07 0.00120884 0.0056427 -0.00105067 0.0008556 0.000704697 -3.37923e-05 0.00108409 0.00253474 0.00366676 -0.000392589 -0.00118645 -0.00147278 0.000149233
internal_weight=8622 4012 285 4610 3727 3415 1159 2256 312 212 1809 729 2801 1080
internal_count=8622 4012 285 4610 3727 3415 1159 2256 312 212 1809 729 2801 1080
cat_boundaries=0 1 2 3 4 5 6
cat_threshold=146283586 2097152 18 2432704536 135790592 1
is_linear=0
shrinkage=0.03


Tree=26
num_leaves=15
num_cat=3
split_feature=37 37 38 38 37 38 32 38 21 25 30 11 30 1
split_gain=11.4787 6.40946 4.15064 1.55811 1.3876 1.10267 0.910366 0.869873 0.912106 0.782842 0.779489 0.637465 0.834918 0.622825
threshold=0 1 2.0508607407559558 1.0918518687047829 2 2.1207569113729212 30.500000000000004 1.8547242119413039 35.500000000000007 0.29288856304985345 289.02500000000003 1.0000000180025095e-35 34.250000000000007 21.500000000000004
decision_type=9 9 2 2 9 2 2 2 2 10 2 2 2 2
left_child=1 2 -1 -3 -2 6 10 9 -9 -6 11 12 13 -5
right_child=4 3 -4 5 7 -7 -8 8 -10 -11 -12 -13 -14 -15
leaf_value=0.0025723370279809657 -0.002090312798639242 -0.0021965656434775535 0.0096603993457605748 0.0040162128400565546 -0.00023196822001812464 -0.0019174271210649746 -0.0010644734262411171 0.0021471845011027265 -0.00050841908096083957 -0.001276229492448747 0.0029178105426338934 -0.0011278336726981484 0.00091265430714065367 0.0013261011994468632
leaf_weight=188 941 152 123 143 894 120 180 168 379 2330 205 121 2486 169
leaf_count=188 941 152 123 143 894 120 180 168 379 2330 205 121 2486 169
internal_value=-6.46145e-05 0.00114068 0.00520819 0.000773396 -0.00105905 0.000907499 0.0010101 -0.000796868 0.000307196 -0.000986661 0.00112963 0.00100405 0.00109624 0.00255907
internal_weight=8599 3887 311 3576 4712 3424 3304 3771 547 3224 3124 2919 2798 312
internal_count=8599 3887 311 3576 4712 3424 3304 3771 547 3224 3124 2919 2798 312
cat_boundaries=0 1 2 3
cat_threshold=163060800 2098176 570523684
is_linear=0
shrinkage=0.03


Tree=27
num_leaves=15
num_cat=4
split_feature=37 37 38 35 38 1 38 37 26 31 28 21 24 24
split_gain=11.0698 5.9221 4.40175 1.70208 1.46439 1.26297 1.25 1.14452 0.959029 0.938961 0.794882 0.716305 0.672129 0.686586
threshold=0 1 2.0508607407559558 2 1.1378987387784942 1.0000000180025095e-35 1.9213392457489566 3 1.0000000180025095e-35 7.1358333333333341 0.93167824074074079 103.63333333333334 182.81433333333351 80.781166666666635
decision_type=9 9 2 1 2 2 2 9 10 10 2 2 10 10
left_child=1 2 -1 -2 -3 11 9 -5 10 -7 -9 -6 13 -10
right_child=3 4 -4 7 5 6 -8 8 12 -11 -12 -13 -14 -15
leaf_value=0.0024191835664544273 -0.0016955799888573606 -0.0014368493253018443 0.0096779334991456811 -0.0013144901326443497 0.0039778463432526921 0.00098955528719406067 -0.00059663059608091749 0.00026552812564604496 0.00033087786397536053 0.0038966202434004603 -0.0015438934439809472 0.00098149743286500644 -0.0012053161612884315 0.002161040219807139
leaf_weight=191 1671 230 124 989 194 2597 456 379 592 104 516 114 162 268
leaf_count=191 1671 230 124 989 194 2597 456 379 592 104 516 114 162 268
internal_value=7.43709e-05 0.00122346 0.00511424 -0.000933002 0.00087886 0.00103511 0.000856212 -0.000490196 -6.032e-05 0.00110149 -0.000777669 0.00286881 0.000567297 0.000901208
internal_weight=8587 4010 315 4577 3695 3465 3157 2906 1917 2701 895 308 1022 860
internal_count=8587 4010 315 4577 3695 3465 3157 2906 1917 2701 895 308 1022 860
cat_boundaries=0 1 2 3 4
cat_threshold=163056722 2098176 1 637583905
is_linear=0
shrinkage=0.03


Tree=28
num_leaves=15
num_cat=1
split_feature=24 27 35 38 25 38 30 26 24 38 27 1 30 21
split_gain=6.94211 4.44476 3.01864 1.96429 1.67626 1.33143 1.00663 0.979223 0.939012 0.930135 0.999537 0.931501 0.930875 0.920412
threshold=1.0000000180025095e-35 18.142488425925929 0 1.2089519869713596 0.24195121951219514 2.0155789709139418 50.500000000000007 0.028991596638655467 23.301333333334192 1.4312585090780858 8.9999189814814837 20.500000000000004 105.50000000000001 44.166666666666679
decision_type=8 2 1 2 10 2 2 10 8 2 2 2 2 2
left_child=2 4 -1 -3 13 8 -5 -7 -6 -10 -11 12 -12 -2
right_child=1 3 -4 6 5 7 -8 -9 9 10 11 -13 -14 -15
leaf_value=0.0081097089741110368 0.0013722397589823231 -0.0010594060015458569 0.001244035310735055 0.004073599403018666 -0.0022161215234866092 -0.0016447824853876572 0.0010135856368778372 0.0017840283693703895 -0.0014606514323994113 0.0017725733394907441 0.0017780468404257239 -0.0011124584511522896 -0.0013009462174041273 -0.00029702757856384402
leaf_weight=120 450 430 129 101 597 106 2301 256 1495 167 234 1110 142 876
leaf_count=120 450 430 129 101 597 106 2301 256 1495 167 234 1110 142 876
internal_value=-6.94977e-06 -0.000155639 0.00492845 0.000807962 -0.000657924 -0.000957345 0.00114225 0.000780012 -0.00112528 -0.00091841 -0.000427998 -0.000675303 0.000615236 0.000269466
internal_weight=8514 8265 249 2832 5433 4107 2402 362 3745 3148 1653 1486 376 1326
internal_count=8514 8265 249 2832 5433 4107 2402 362 3745 3148 1653 1486 376 1326
cat_boundaries=0 1
cat_threshold=18
is_linear=0
shrinkage=0.03


Tree=29
num_leaves=15
num_cat=4
split_feature=37 37 35 1 32 37 38 22 32 30 38 28 25 23
split_gain=9.55741 3.54126 4.03005 1.88069 1.31543 1.25191 1.13757 1.27628 1.10311 1.48748 1.04951 0.955811 1.44698 1.48478
threshold=0 1 2 3.5000000000000004 7.5000000000000009 3 1.4814807244319068 1370.1740000000002 29.500000000000004 304.85000000000008 1.0918518687047829 0.67822337962962975 0.43223443223443231 72.500000000000014
decision_type=9 9 1 2 2 9 2 2 2 2 2 2 10 2
left_child=1 2 -1 6 -4 -2 -3 -8 9 10 -5 -12 13 -13
right_child=5 3 4 8 -6 -7 7 -9 -10 -11 11 12 -14 -15
leaf_value=0.0071476562463071254 -0.0018492403351562001 0.00030610224963209336 0.0029119829573921794 -0.0022167840340469032 -0.0013292004000917772 -0.00063859063997005955 0.0065061683181141102 0.0020961644582243432 -0.001453522921775724 0.0041974535825846822 0.00019135400858558995 -0.00024662392099641939 0.00056369895818128351 0.0038103271587150954
leaf_weight=171 981 107 171 116 107 3648 105 135 229 106 1495 110 780 310
leaf_count=171 981 107 171 116 107 3648 105 135 229 106 1495 110 780 310
internal_value=2.50298e-05 0.00110908 0.00359357 0.000780372 0.00123516 -0.000898591 0.00287862 0.00402554 0.000551417 0.000708816 0.000577263 0.000697526 0.00132813 0.00274779
internal_weight=8571 3942 449 3493 278 4629 347 240 3146 2917 2811 2695 1200 420
internal_count=8571 3942 449 3493 278 4629 347 240 3146 2917 2811 2695 1200 420
cat_boundaries=0 1 2 3 4
cat_threshold=163055704 136314880 18 570540800
is_linear=0
shrinkage=0.03


Tree=30
num_leaves=15
num_cat=3
split_feature=37 36 38 38 38 23 30 30 1 35 38 0 30 1
split_gain=8.47288 3.17789 6.77562 1.58416 2.12858 1.27686 1.18989 1.10628 1.00432 0.996525 0.964179 0.862541 0.845506 0.81451
threshold=0 1 2.0230418184696588 1.3352888195628367 1.6433721730732656 37.500000000000007 180.25000000000003 130.50000000000003 22.500000000000004 2 1.0217238162790114 6.5000000000000009 309.12500000000006 3.5000000000000004
decision_type=9 9 2 2 2 2 2 2 2 1 2 2 2 2
left_child=1 2 5 11 6 8 7 -5 -1 10 -2 -3 -8 -6
right_child=9 3 -4 4 13 -7 12 -9 -10 -11 -12 -13 -14 -15
leaf_value=0.0022433029964916626 -0.0028360737760208966 0.00072724222307797603 0.01032703842446208 0.0021292103052065105 0.0025794722723020682 0.004031284796963022 0.00074167537151167734 0.0052164071855298703 -0.0018566069307372622 -0.0013984844076200059 -0.00036579989133845962 -0.0015423904767123489 0.0036063933896473312 6.4330939935634522e-05
leaf_weight=101 151 246 100 339 126 110 621 151 115 2054 2441 389 109 1443
leaf_count=101 151 246 100 339 126 110 621 151 115 2054 2441 389 109 1443
internal_value=-4.21982e-05 0.000997182 0.00341562 0.00068722 0.000997132 0.00140032 0.00193701 0.00308057 6.04806e-05 -0.000903702 -0.00050775 -0.000663131 0.00116942 0.000266312
internal_weight=8496 3850 426 3424 2789 326 1220 490 216 4646 2592 635 730 1569
internal_count=8496 3850 426 3424 2789 326 1220 490 216 4646 2592 635 730 1569
cat_boundaries=0 1 2 3
cat_threshold=163060752 4 26
is_linear=0
shrinkage=0.03


Tree=31
num_leaves=15
num_cat=0
split_feature=27 24 38 38 23 25 25 28 0 13 38 30 25 24
split_gain=4.62592 5.46553 1.72772 1.58379 1.28675 1.25776 0.993494 1.034 0.9134 0.881894 0.830141 0.796556 0.779042 0.770685
threshold=15.333049768518519 13.420333333333257 1.0499073199042159 2.0324742402647469 67.500000000000014 0.24195121951219514 0.43223443223443231 0.783269675925926 11.500000000000002 0.50000000000000011 1.6980013696122194 71.250000000000014 0.57409090909090921 44.212833333332135
decision_type=2 8 2 2 2 10 10 2 2 2 2 2 10 10
left_child=5 3 -3 -2 -4 11 7 10 9 -7 -6 -1 13 -11
right_child=1 2 4 -5 6 8 -8 -9 -10 12 -12 -13 -14 -15
leaf_value=0.0011112177463701142 0.0030625851432201806 -0.0022523215671190174 -0.00032943362977776354 0.0083503054702654487 0.0031556309498162994 -0.00078427200224647289 0.00079564218079399582 0.0040436258065210257 -0.0018143830257071054 -0.00058283823459307751 -0.00026574965997662562 -0.00040305719948653229 -0.0010593556282813396 0.0026458618460366359
leaf_weight=578 104 182 724 100 109 2960 1666 193 660 101 154 681 159 195
leaf_count=578 104 182 724 100 109 2960 1666 193 660 101 154 681 159 195
internal_value=6.02472e-06 0.000901641 0.000581429 0.0056546 0.000762645 -0.000536651 0.00113525 0.002376 -0.000792711 -0.000595258 0.00115224 0.000292138 0.000634371 0.00154418
internal_weight=8566 3232 3028 204 2846 5334 2122 456 4075 3415 263 1259 455 296
internal_count=8566 3232 3028 204 2846 5334 2122 456 4075 3415 263 1259 455 296
is_linear=0
shrinkage=0.03


Tree=32
num_leaves=15
num_cat=3
split_feature=37 37 38 1 37 25 21 38 21 23 33 28 1 21
split_gain=8.27956 3.45191 3.14684 1.62975 1.38753 1.16633 1.26107 1.08448 1.06315 1.00048 1.12739 0.999924 0.855189 0.827814
threshold=0 1 2.0508607407559558 2.5000000000000004 2 0.24695121951219515 123.66666666666667 1.9628838600789058 79.533333333333346 32.500000000000007 1.0000000180025095e-35 0.93167824074074079 46.500000000000007 90.416666666666671
decision_type=9 9 2 2 9 10 2 2 2 2 2 2 2 2
left_child=1 2 -1 8 -2 6 -6 9 -3 -5 12 -8 -11 -12
right_child=4 3 -4 7 5 -7 11 -9 -10 10 13 -13 -14 -15
leaf_value=0.0017019917814759537 -0.0017831698406549287 0.0051019439706578851 0.0079128021303369028 -0.0015138256265166794 0.0021544659747646864 -0.00078468393791753823 0.00075877740048589041 -0.00098435925301920062 0.0014913785024795549 0.0011346554273346534 0.0034401651329451144 -0.002060314270986215 -4.1528873033300281e-05 0.00089211331812664085
leaf_weight=180 993 120 124 159 275 3021 274 342 189 1387 253 193 929 210
leaf_count=180 993 120 124 159 275 3021 274 342 189 1387 253 193 929 210
internal_value=5.09754e-05 0.00107538 0.00410046 0.00080846 -0.000788147 -0.000521545 0.00054278 0.000614495 0.00289354 0.000800611 0.000933031 -0.000406286 0.000662861 0.00228446
internal_weight=8649 3893 304 3589 4756 3763 742 3280 309 2938 2779 467 2316 463
internal_count=8649 3893 304 3589 4756 3763 742 3280 309 2938 2779 467 2316 463
cat_boundaries=0 1 2 3
cat_threshold=163055696 2097152 570786084
is_linear=0
shrinkage=0.03


Tree=33
num_leaves=15
num_cat=2
split_feature=24 35 35 27 38 1 24 27 24 21 23 30 30 27
split_gain=5.89264 3.39654 2.88612 1.77347 1.39791 0.847939 1.36018 0.908903 0.822411 0.87393 1.57391 0.80949 0.727727 1.15035
threshold=1.0000000180025095e-35 0 1 29.116319444444446 1.2034149879927034 20.500000000000004 26.866833333333421 18.999762731481486 128.70066666667003 80.916666666666671 149.50000000000003 261.52500000000003 200.60000000000002 29.999490740740743
decision_type=8 1 1 2 2 2 8 2 10 2 2 2 2 2
left_child=1 -1 3 4 -2 6 -6 -7 -5 -10 12 -9 13 -11
right_child=2 -3 -4 8 5 7 -8 11 9 10 -12 -13 -14 -15
leaf_value=0.00062183863641892341 -0.0013648918336205873 0.0076090146288051268 -0.00096512256892359943 -0.00073962811164890083 0.0032752996621279295 -0.0005426433128784832 0.0004196619906352051 0.0012582577614583168 0.0033985883105612756 0.0025446594649411996 -0.0020794258176072221 -0.00063462101941409168 0.0027771843360096683 -0.0018460518779698759
leaf_weight=131 615 129 2796 143 173 1723 1135 610 210 116 111 305 312 100
leaf_count=131 615 129 2796 143 173 1723 1135 610 210 116 111 305 312 100
internal_value=-4.25237e-05 0.00440512 -0.00018103 0.000215121 -3.45235e-05 0.00017282 0.000797357 -0.000136845 0.0013651 0.0017196 0.00116783 0.000627298 0.00185049 0.000511923
internal_weight=8609 260 8349 5553 4561 3946 1308 2638 992 849 639 915 528 216
internal_count=8609 260 8349 5553 4561 3946 1308 2638 992 849 639 915 528 216
cat_boundaries=0 1 2
cat_threshold=5 26
is_linear=0
shrinkage=0.03


Tree=34
num_leaves=15
num_cat=3
split_feature=27 38 36 38 30 35 38 27 22 35 29 1 38 1
split_gain=3.28015 2.65559 4.91557 2.05486 1.38618 1.30403 1.19302 1.99793 1.29894 1.16022 1.01388 0.986164 0.89711 0.835735
threshold=13.999994212962966 2.0508607407559558 0 1.2089519869713596 40.250000000000007 1 1.4279593573095639 10.891996527777779 449.2000000000001 2 1.5000000000000002 27.500000000000004 1.6845112130280018 76.500000000000014
decision_type=2 2 9 2 2 1 2 2 2 1 2 2 2 2
left_child=6 3 -3 -2 11 -6 10 8 -8 13 -1 -5 -7 -9
right_child=1 2 -4 4 5 12 7 9 -10 -11 -12 -13 -14 -15
leaf_value=-0.0012505380048173909 -0.0012690853094613483 0.0081512616846132376 -0.00065235583927467696 0.0050718220980424025 -0.0010472736788268728 0.0012749064493666571 0.0005373495096773175 0.00055550451791053104 0.0045414329335838549 -0.0010563547740610943 0.0016670141420572211 0.0013474155571993891 1.3342119206731604e-05 -0.0012464836396935159
leaf_weight=1797 509 106 117 108 370 1538 175 1167 125 1214 114 157 757 289
leaf_count=1797 509 106 117 108 370 1538 175 1167 125 1214 114 157 757 289
internal_value=1.73915e-05 0.000696061 0.0038686 0.00049034 0.000795987 0.000590222 -0.000491784 -0.000115563 0.00220572 -0.000376381 -0.00107649 0.00286529 0.000855057 0.00019648
internal_weight=8543 3662 223 3439 2930 2665 4881 2970 300 2670 1911 265 2295 1456
internal_count=8543 3662 223 3439 2930 2665 4881 2970 300 2670 1911 265 2295 1456
cat_boundaries=0 1 2 3
cat_threshold=6 5 26
is_linear=0
shrinkage=0.03


Tree=35
num_leaves=15
num_cat=4
split_feature=37 37 25 1 26 37 32 28 24 28 25 23 35 23
split_gain=7.54523 2.8901 4.65801 1.54984 0.916049 0.888511 0.779018 0.79489 1.11877 0.651767 0.739186 1.02729 0.695318 0.761788
threshold=0 1 0.34891304347826091 1.0000000180025095e-35 1.0000000180025095e-35 2 29.500000000000004 20.784936342592598 263.3524999999924 0.93167824074074079 0.36181818181818187 17.500000000000004 3 141.50000000000003
decision_type=9 9 10 2 8 9 2 2 10 2 8 2 1 2
left_child=1 2 -1 4 -3 9 7 -5 -9 10 11 -2 13 -12
right_child=5 3 -4 6 -6 -7 -8 8 -10 -11 12 -13 -14 -15
leaf_value=0.0085984000240942136 0.0027511529895660135 0.0047002384587275705 0.00090939080772659507 0.00057200055010964558 0.0013901171866006084 -0.0014313089184952435 -0.0011644763329648957 0.00038383025456650935 0.0045349666088473342 -0.00092511108905428895 -0.00066758822109360121 1.3620301783758114e-05 0.00054600563654293068 -0.003255460130844027
leaf_weight=117 164 132 180 2954 175 1327 214 121 113 1652 496 498 308 129
leaf_count=117 164 132 180 2954 175 1327 214 121 113 1652 496 498 308 129
internal_value=5.49384e-05 0.00100418 0.00381011 0.000769854 0.00281336 -0.000776924 0.000587709 0.000705328 0.00238844 -0.000505913 -7.49068e-05 0.000691801 -0.000618916 -0.0011828
internal_weight=8580 4006 297 3709 307 4574 3402 3188 234 3247 1595 662 933 625
internal_count=8580 4006 297 3709 307 4574 3402 3188 234 3247 1595 662 933 625
cat_boundaries=0 1 2 3 4
cat_threshold=163056714 2098176 3561235216 3
is_linear=0
shrinkage=0.03


Tree=36
num_leaves=15
num_cat=2
split_feature=37 38 37 25 23 38 1 38 38 21 13 30 38 25
split_gain=7.08995 4.9277 3.60159 1.68658 1.28868 1.06766 1.02268 1.00743 0.901301 0.90064 0.922502 0.838835 1.01457 0.836622
threshold=0 1.8271775008591227 1 0.34891304347826091 32.500000000000007 2.198785315552406 50.500000000000007 0.8432708296679825 1.1642272080324052 97.833333333333357 0.50000000000000011 31.165000000000003 2.0734125110105408 0.61769230769230787
decision_type=9 2 9 10 2 2 2 2 2 2 2 2 2 10
left_child=1 4 6 -3 -1 7 8 -4 -2 -9 -11 -10 13 -13
right_child=2 3 5 -5 -6 -7 -8 9 11 10 -12 12 -14 -15
leaf_value=-0.0017505024639299003 -0.0012437455973661835 0.0086456739250841269 -0.0036989537003425366 0.0038988643724804472 0.002174775200156668 0.0020761713243366495 -0.00026464747637627297 -0.0010628185708730638 0.0027557383148042961 -0.00033960547315945252 0.0026590610449560561 0.00079719744544582696 -0.001951878226665861 0.0035528436762147712
leaf_weight=123 178 129 113 141 194 111 1194 3263 215 823 104 1782 115 105
leaf_count=123 178 129 113 141 194 111 1194 3263 215 823 104 1782 115 105
internal_value=-1.89213e-05 0.00313505 -0.000253858 0.00616678 0.000651718 -0.000826957 0.000451319 -0.000903768 0.00081014 -0.000828384 -3.1855e-06 0.000975044 0.00078381 0.000950532
internal_weight=8590 587 8003 270 317 4414 3589 4303 2395 4190 927 2217 2002 1887
internal_count=8590 587 8003 270 317 4414 3589 4303 2395 4190 927 2217 2002 1887
cat_boundaries=0 1 2
cat_threshold=137364544 1099442202
is_linear=0
shrinkage=0.03


Tree=37
num_leaves=15
num_cat=4
split_feature=37 37 25 38 27 35 26 38 31 37 30 38 30 28
split_gain=8.1049 4.47323 2.75028 0.963689 1.00472 0.871191 1.02813 1.08278 0.853148 0.746916 0.681847 0.630298 1.68415 0.837332
threshold=0 1 0.34891304347826091 1.0499073199042159 28.07513888888889 2 1.0000000180025095e-35 1.4312585090780858 2.9565137600038303 3 261.52500000000003 1.6532236652559551 180.25000000000003 20.991348379629631
decision_type=9 9 10 2 2 1 10 2 8 9 2 2 2 2
left_child=1 2 -1 -3 10 6 7 -2 -4 -9 -5 12 -6 -14
right_child=5 3 8 4 11 -7 -8 9 -10 -11 -12 -13 13 -15
leaf_value=0.0068324386899091174 -0.0017079779222099617 -0.0019815774163146407 0.00062092046836187355 0.00058210312427711469 0.0045394363528395302 -0.0012475982459207568 0.00024065687893476851 0.0019918714445702791 0.0039752212041957663 -0.00053534388246229082 -0.00094524063463565194 0.00052801140240673347 0.0007095499662773206 0.0032123379165453739
leaf_weight=177 792 118 160 1546 171 2094 1167 118 119 583 317 496 577 152
leaf_count=177 792 118 160 1546 171 2094 1167 118 119 583 317 496 577 152
internal_value=3.7814e-05 0.00106272 0.00382348 0.000679742 0.000778188 -0.00078911 -0.000424858 -0.000947902 0.00205161 -8.91575e-05 0.000322217 0.00138669 0.00185992 0.00123139
internal_weight=8587 3833 456 3377 3259 4754 2660 1493 279 701 1863 1396 900 729
internal_count=8587 3833 456 3377 3259 4754 2660 1493 279 701 1863 1396 900 729
cat_boundaries=0 1 2 3 4
cat_threshold=146279496 136315904 26 1140883456
is_linear=0
shrinkage=0.03


Tree=38
num_leaves=15
num_cat=3
split_feature=37 37 38 37 30 38 38 1 21 0 38 1 27 1
split_gain=5.68733 3.25365 2.7819 1.08456 0.975085 0.972657 1.01347 0.933378 1.46932 0.830419 0.8923 1.06009 0.823808 0.754575
threshold=0 1 2.0508607407559558 2 40.250000000000007 1.0580430559006577 2.1207569113729212 12.500000000000002 120.05833333333335 11.500000000000002 1.4312585090780858 10.500000000000002 13.999774305555556 2.5000000000000004
decision_type=9 9 2 9 2 2 2 2 2 2 2 2 2 2
left_child=2 5 4 -3 -1 -2 7 8 13 10 -5 -12 -6 -7
right_child=1 3 -4 9 12 6 -8 -9 -10 -11 11 -13 -14 -15
leaf_value=0.0038149508519979597 -0.001479362809789684 -0.0017796764334289889 0.0066896866418053981 -0.0010144106409237204 0.0022735107477815093 0.0032769423867838169 -0.0024733167344731135 0.00028692171867255033 -0.00069171457886371343 -0.0017669289173111655 0.0022687721458150424 -0.00017773575570060986 -0.0013838670867175368 0.0012174002089498346
leaf_weight=126 249 884 142 1029 115 284 104 3180 226 442 185 1152 107 367
leaf_count=126 249 884 142 1029 115 284 104 3180 226 442 185 1152 107 367
internal_value=-1.73343e-05 -0.000208695 0.003088 -0.000864633 0.00170708 0.000341162 0.000450924 0.000525886 0.00139237 -0.00057127 -0.00035032 0.000160786 0.000510721 0.00211588
internal_weight=8592 8102 490 3692 348 4410 4161 4057 877 2808 2366 1337 222 651
internal_count=8592 8102 490 3692 348 4410 4161 4057 877 2808 2366 1337 222 651
cat_boundaries=0 1 2 3
cat_threshold=136315904 2174233178 570523653
is_linear=0
shrinkage=0.03


Tree=39
num_leaves=15
num_cat=2
split_feature=37 37 38 23 29 21 13 38 38 21 38 23 30 0
split_gain=5.71971 2.77718 3.34791 2.32032 1.07801 1.00198 1.2277 0.907635 0.795788 0.784701 0.760886 0.691114 0.846775 0.63011
threshold=0 1 1.8271775008591227 37.500000000000007 1.0000000180025095e-35 84.950000000000003 0.50000000000000011 2.0155789709139418 1.0499073199042159 35.500000000000007 1.7739639215969183 60.500000000000007 86.500000000000014 9.5000000000000018
decision_type=9 9 2 2 2 2 2 2 2 2 2 2 2 2
left_child=1 2 4 -4 -1 7 -7 13 -3 -9 -10 -12 -13 -2
right_child=5 8 3 -5 -6 6 -8 9 10 -11 11 12 -14 -15
leaf_value=0.0024242831059075941 -0.00084568162415458005 -0.0018045652930214558 0.0019765890566813714 0.0077122047824774963 -0.0016835763943702754 -0.00033812501944752556 0.0025367184204132124 0.0025583067987922968 0.00090348252439382973 -0.00061924412196150906 0.0020603997692906933 -0.0024016483033170236 5.734996672576393e-05 -0.0017686175590784186
leaf_weight=114 2142 126 109 152 116 1110 152 114 2397 181 114 158 623 966
leaf_count=114 2142 126 109 152 116 1110 152 114 2397 181 114 158 623 966
internal_value=-3.72114e-06 0.000841593 0.00293169 0.00531687 0.000352493 -0.000712323 8.13188e-06 -0.000981596 0.000533672 0.000608691 0.000624788 -0.000121615 -0.000440117 -0.00113254
internal_weight=8574 3909 491 261 230 4665 1262 3403 3418 295 3292 895 781 3108
internal_count=8574 3909 491 261 230 4665 1262 3403 3418 295 3292 895 781 3108
cat_boundaries=0 1 2
cat_threshold=163064896 136315904
is_linear=0
shrinkage=0.03


Tree=40
num_leaves=15
num_cat=5
split_feature=37 30 27 35 36 32 36 13 32 21 35 23 31 21
split_gain=6.03113 2.70375 2.35452 1.5581 1.73621 1.47057 1.11695 1.2377 0.920306 0.999479 0.912091 0.771069 0.763812 1.13667
threshold=0 50.500000000000007 17.003738425925928 1 2 7.5000000000000009 3 1.0000000180025095e-35 29.500000000000004 73.783333333333346 4 128.50000000000003 2.2745139927365949 88.500000000000014
decision_type=9 2 2 1 9 2 9 2 2 2 1 2 10 2
left_child=1 2 6 4 -3 -6 -1 -8 9 -7 11 -2 13 -11
right_child=10 3 -4 -5 5 8 7 -9 -10 12 -12 -13 -14 -15
leaf_value=0.0032464267863530063 -0.00047630747552137247 0.0042827887087315318 0.0061620117675306061 -0.00086149263016417697 -0.00078452218365931384 0.0027560731076799266 0.0022550634601502676 -0.0017200672497125554 -0.00071559205235241616 0.0040301665389836814 -0.0012034900668428641 0.0019654722171682927 7.6446066173063685e-05 0.0010172056057758082
leaf_weight=219 2532 115 135 603 514 324 150 133 244 133 2097 122 586 738
leaf_count=219 2532 115 135 603 514 324 150 133 244 133 2097 122 586 738
internal_value=-1.88899e-05 0.000855193 0.00264489 0.000507792 0.00081906 0.000645989 0.00169905 0.000373688 0.00101228 0.001249 -0.000735555 -0.000362696 0.000913869 0.00147728
internal_weight=8645 3894 637 3257 2654 2539 502 283 2025 1781 4751 2654 1457 871
internal_count=8645 3894 637 3257 2654 2539 502 283 2025 1781 4751 2654 1457 871
cat_boundaries=0 1 2 3 4 5
cat_threshold=146279496 26 6 35 26
is_linear=0
shrinkage=0.03


Tree=41
num_leaves=15
num_cat=4
split_feature=37 36 38 38 35 38 27 28 25 37 23 23 31 32
split_gain=5.22434 2.91822 4.32086 1.1253 1.04524 1.02022 0.884339 1.23739 1.24762 0.780405 0.737086 0.725011 1.19185 0.678164
threshold=0 1 1.8271775008591227 1.9013833091226673 2 1.3352888195628367 11.312019675925928 0.783269675925926 0.42678571428571432 3 78.500000000000014 103.50000000000001 1.4919352507587804 5.5000000000000009
decision_type=9 9 2 2 1 2 2 2 10 9 2 2 10 2
left_child=1 3 13 5 -2 -1 -7 -8 10 -6 -9 12 -5 -3
right_child=4 2 -4 11 9 6 7 8 -10 -11 -12 -13 -14 -15
leaf_value=-0.00031038923531580401 -0.0013034902565922494 0.0020544247820766435 0.0063553432871859593 -0.0016304358277787886 -0.0010045127530097951 0.0036725434933840813 0.00022310864774320588 0.0011865552085605188 0.00094306682354903832 5.063008806596243e-06 0.0042433120545564817 -0.0017906042286214934 0.002589895882726631 -0.0012224017405096674
leaf_weight=668 1673 108 202 123 1077 108 1160 107 689 1892 211 290 118 120
leaf_count=668 1673 108 202 123 1077 108 1160 107 689 1892 211 290 118 120
internal_value=-2.47037e-05 0.000783069 0.00308857 0.000489656 -0.000704224 0.000720413 0.00102308 0.000891038 0.00166045 -0.000363302 0.00321478 -0.000780059 0.000435951 0.000329779
internal_weight=8546 3904 430 3474 4642 2943 2275 2167 1007 2969 318 531 241 228
internal_count=8546 3904 430 3474 4642 2943 2275 2167 1007 2969 318 531 241 228
cat_boundaries=0 1 2 3 4
cat_threshold=162531418 49 1 1677836325
is_linear=0
shrinkage=0.03


Tree=42
num_leaves=15
num_cat=4
split_feature=37 37 25 36 37 32 30 38 31 1 30 30 25 0
split_gain=4.76929 2.72308 4.14229 0.845301 1.02565 0.753741 1.33748 0.792496 0.677883 0.603335 1.1958 1.3894 1.00206 0.569651
threshold=0 1 0.34891304347826091 2 3 29.500000000000004 302.72500000000008 1.1378987387784942 0.35714348202647267 12.500000000000002 36.250000000000007 175.10000000000002 0.40833333333333338 6.5000000000000009
decision_type=9 9 10 9 9 2 2 2 8 2 2 2 10 2
left_child=1 2 -1 4 8 6 7 -3 -2 10 -9 12 -12 -7
right_child=3 5 -4 -5 -6 13 -8 9 -10 -11 11 -13 -14 -15
leaf_value=0.0078377844022648503 0.002080224464439812 -0.0013425405413239749 0.00078550783866486939 -0.0021453055393662493 -0.0011862384350053083 -0.0027002966030479662 0.0035710182422474448 0.0041023836551295195 -0.00031240529158555169 0.0003989788757799816 0.00087325166839202447 0.0026504892066775546 -0.0025495549042205954 0.00018463436938639331
leaf_weight=121 111 197 197 320 1518 110 133 122 2672 2416 203 222 124 140
leaf_count=121 111 197 197 320 1518 110 133 122 2672 2416 203 222 124 140
internal_value=-1.95224e-05 0.000740014 0.00336316 -0.000674663 -0.000560523 0.000504008 0.000621722 0.000502277 -0.000216198 0.000620006 0.00141583 0.000818823 -0.000424693 -0.00108474
internal_weight=8606 3985 318 4621 4301 3667 3417 3284 2783 3087 671 549 327 250
internal_count=8606 3985 318 4621 4301 3667 3417 3284 2783 3087 671 549 327 250
cat_boundaries=0 1 2 3 4
cat_threshold=163069016 2098176 21 3493855746
is_linear=0
shrinkage=0.03


Tree=43
num_leaves=15
num_cat=3
split_feature=37 37 23 37 25 31 32 24 1 28 30 31 28 22
split_gain=4.0536 2.52016 3.60464 0.76591 0.695774 0.622578 1.35244 0.997916 0.617953 1.05792 0.761838 1.04659 0.771963 0.698606
threshold=0 1 17.500000000000004 2 0.24195121951219514 1.091356184798808 6.5000000000000009 107.82050000000076 3.5000000000000004 0.53105902777777791 171.25000000000003 1.9398048454894361 25.616458333333338 1229.9500000000003
decision_type=9 9 2 9 10 10 2 10 2 2 2 10 2 2
left_child=1 2 -1 -2 5 6 -5 -7 13 -10 11 -11 -12 -3
right_child=3 8 -4 4 -6 7 -8 -9 9 10 12 -13 -14 -15
leaf_value=-3.5777190623648614e-05 -0.0015249950997865554 0.0031302230506641731 0.0065685145683129385 0.0014824708037555496 -0.0006593723411636727 0.0024653025629543532 -0.0019411226300169425 -0.0010791358279031034 -0.00019391957939409149 0.0010082512258874396 0.0001932341424693743 0.0041759214874102987 0.002938671131577233 0.0004239727629898512
leaf_weight=143 726 158 155 188 3184 224 232 105 1678 325 957 132 102 188
leaf_count=143 726 158 155 188 3184 224 232 105 1678 325 957 132 102 188
internal_value=-3.87306e-05 0.000682292 0.00328897 -0.000632803 -0.000464661 0.000356853 -0.000408657 0.0013341 0.000454213 0.000325039 0.000899454 0.0019232 0.000457667 0.00165977
internal_weight=8497 3838 298 4659 3933 749 420 329 3540 3194 1516 457 1059 346
internal_count=8497 3838 298 4659 3933 749 420 329 3540 3194 1516 457 1059 346
cat_boundaries=0 1 2 3
cat_threshold=163060752 2098176 570523648
is_linear=0
shrinkage=0.03


Tree=44
num_leaves=15
num_cat=4
split_feature=37 37 25 38 37 38 37 23 25 30 28 21 24 31
split_gain=4.91417 2.66915 2.70757 1.30869 0.872059 0.790226 1.10171 0.997139 1.82923 1.07263 1.02117 0.911591 0.856981 1.19474
threshold=0 1 0.34891304347826091 1.3352888195628367 2 1.7308173717050517 3 74.500000000000014 0.43223443223443231 180.25000000000003 0.783269675925926 42.333333333333336 197.88933333333119 2.9393877551020409
decision_type=9 9 10 2 9 2 9 2 10 2 2 2 10 10
left_child=1 2 -1 -3 -2 7 11 -5 10 -10 -9 -7 -11 -14
right_child=4 3 -4 5 -6 6 -8 8 9 12 -12 -13 13 -15
leaf_value=0.0070520362814460863 -0.0012507373251873706 -0.00064459803145796657 0.0013424083909563903 3.1908698569747689e-05 -0.00034709313503590225 -0.0025325494359170011 0.0024184001561590152 0.0019859951048167611 0.0029882819232649794 0.002097027599448853 0.0051341538808562541 0.00022132033000457491 -0.0016987735116155817 0.0012283352238522465
leaf_weight=122 1348 628 193 427 3387 123 173 196 187 199 176 898 250 252
leaf_count=122 1348 628 193 427 3387 123 173 196 187 199 176 898 250 252
internal_value=3.90599e-05 0.000837739 0.00344441 0.000594617 -0.000606444 0.000866805 0.000276222 0.0012848 0.00170939 0.000969554 0.00347545 -0.000109368 0.000431035 -0.000229388
internal_weight=8559 3824 315 3509 4735 2881 1194 1687 1260 888 372 1021 701 502
internal_count=8559 3824 315 3509 4735 2881 1194 1687 1260 888 372 1021 701 502
cat_boundaries=0 1 2 3 4
cat_threshold=146279432 2098176 1711375236 8390656
is_linear=0
shrinkage=0.03


Tree=45
num_leaves=15
num_cat=2
split_feature=37 30 27 25 31 35 38 32 23 27 31 24 38 31
split_gain=3.74985 2.3295 3.14754 0.997299 0.867682 0.835042 0.77762 1.19479 0.858029 0.778077 0.719543 1.00388 0.891813 0.722195
threshold=0 40.250000000000007 17.003738425925928 0.64142857142857157 1.466287878787879 1 1.7343637397285698 8.5000000000000018 9.5000000000000018 13.999716435185187 0.98907071189679896 3.7850000000000006 2.1207569113729212 2.3393548387096779
decision_type=9 2 2 8 10 1 2 2 2 2 8 10 2 10
left_child=1 2 4 10 -1 -2 8 9 -7 -8 -3 -12 13 -13
right_child=5 3 -4 -5 -6 6 7 -9 -10 -11 11 12 -14 -15
leaf_value=0.00040663987995721038 -0.0010678736321426739 -0.0011712264961985374 0.0067081925763763607 0.002809501145841341 0.0031705954161646097 -0.0026285574660197689 0.0008736440081638932 0.0030188830814543454 -0.00032782281819886214 -0.0017531938953058211 0.0032092139937717106 0.0008824481906238009 -0.0024569911267259157 -0.00010902260201063004
leaf_weight=308 1707 274 124 149 153 156 287 153 2250 157 113 1445 100 1219
leaf_count=308 1707 274 124 149 153 156 287 153 2250 157 113 1445 100 1219
internal_value=2.96941e-05 0.000718625 0.00246523 0.000411176 0.00132396 -0.000538945 -0.000235739 0.000732619 -0.000476998 -5.52153e-05 0.000297767 0.000437672 0.000324363 0.000428768
internal_weight=8595 3885 585 3300 461 4710 3003 597 2406 444 3151 2877 2764 2664
internal_count=8595 3885 585 3300 461 4710 3003 597 2406 444 3151 2877 2764 2664
cat_boundaries=0 1 2
cat_threshold=145767512 1
is_linear=0
shrinkage=0.03


Tree=46
num_leaves=15
num_cat=1
split_feature=24 38 38 27 1 21 38 2 22 16 36 31 25 1
split_gain=1.99075 1.69961 1.64422 1.3182 1.1463 1.28808 0.888937 0.813625 0.762236 0.939372 0.974746 0.688645 0.735363 0.615933
threshold=1.0000000180025095e-35 1.2034149879927034 1.9781142632579547 13.999959490740741 5.5000000000000009 115.93333333333335 0.80772916916412729 1.0000000180025095e-35 1946.8125000000002 1.0000000180025095e-35 0 2.016441834019211 0.32250000000000006 54.500000000000007
decision_type=8 2 2 2 2 2 2 2 2 2 9 8 8 2
left_child=2 6 -1 7 5 -5 -2 8 11 13 -11 -3 -13 -10
right_child=1 3 -4 4 -6 -7 -8 -9 9 10 -12 12 -14 -15
leaf_value=0.00025372415125846516 -0.0037618709492352473 0.00011927156900050451 0.0051325583372672555 0.0031586616955189537 0.00031828071995156326 -0.00073390249837791753 -0.00086413524998491605 -0.0012496274186059486 0.00089405939407537086 0.00011583337940357843 0.0038148488300111219 -0.0026051692350115129 -0.00054881761157957946 -0.0013623673078346703
leaf_weight=129 103 1329 120 275 2710 106 1271 667 255 126 137 187 960 190
leaf_count=129 103 1329 120 275 2710 106 1271 667 255 126 137 187 960 190
internal_value=-3.81929e-05 -0.000117335 0.00260497 7.34701e-05 0.000534901 0.00207569 -0.00108136 -0.000296897 -9.73141e-05 0.000770722 0.00219215 -0.000345525 -0.000884073 -6.93587e-05
internal_weight=8565 8316 249 6942 3091 381 1374 3851 3184 708 263 2476 1147 445
internal_count=8565 8316 249 6942 3091 381 1374 3851 3184 708 263 2476 1147 445
cat_boundaries=0 1
cat_threshold=20
is_linear=0
shrinkage=0.03


Tree=47
num_leaves=15
num_cat=3
split_feature=36 24 27 25 24 38 30 35 2 24 25 13 22 35
split_gain=2.30683 3.03682 0.98323 1.01816 0.894857 0.864983 0.868409 0.808415 0.789824 0.78647 0.663484 0.98158 1.74184 0.692343
threshold=0 1.0000000180025095e-35 27.999803240740743 0.22290322580645164 120.45833333333286 1.1990236103052185 23.750000000000004 1 1.0000000180025095e-35 26.342833333332095 0.5594117647058825 0.50000000000000011 1240.1218750000005 2
decision_type=9 8 2 10 10 2 2 1 2 10 10 2 2 1
left_child=1 -1 3 4 -3 -2 7 -7 10 -5 11 13 -13 -8
right_child=5 2 -4 9 -6 6 8 -9 -10 -11 -12 12 -14 -15
leaf_value=0.0040602360301261846 -0.0014855097392135327 0.0013692718005318535 0.0009093250547434885 -0.0020166315690809743 -0.0015640935422600926 0.0019307329166007952 0.0004432884988850882 -0.00082098643543318875 -0.0015384101368576954 -0.00019052152511449635 -0.0010798003900143185 -0.00022677558827800329 0.0047930131327028908 -0.00077869814415983032
leaf_weight=201 704 597 1453 243 111 260 711 145 548 1678 701 162 101 986
leaf_count=201 704 597 1453 243 111 260 711 145 548 1678 701 162 101 986
internal_value=-3.35888e-05 0.000459227 0.000283036 -6.31022e-05 0.00090938 -0.000522264 -0.000336071 0.000972951 -0.000501279 -0.000421518 -0.000287695 -4.39575e-06 0.00170098 -0.000268693
internal_weight=8601 4283 4082 2629 708 4318 3614 405 3209 1921 2661 1960 263 1697
internal_count=8601 4283 4082 2629 708 4318 3614 405 3209 1921 2661 1960 263 1697
cat_boundaries=0 1 2 3
cat_threshold=36 13 18
is_linear=0
shrinkage=0.03


Tree=48
num_leaves=15
num_cat=4
split_feature=37 24 35 30 37 25 21 36 32 28 0 32 30 31
split_gain=3.65012 2.03662 2.13188 0.82148 0.781056 0.700917 0.807032 0.682146 0.603226 0.554049 0.748473 0.532907 0.67385 0.468289
threshold=0 13.420333333333257 1 41.250000000000007 2 0.24695121951219515 123.66666666666667 3 4.5000000000000009 0.93167824074074079 7.5000000000000009 29.500000000000004 302.72500000000008 1.591693015234263
decision_type=9 10 1 2 9 10 2 9 2 2 2 2 2 8
left_child=1 2 -1 -4 -2 6 8 13 -6 10 -8 12 -3 -7
right_child=4 11 3 -5 5 7 9 -9 -10 -11 -12 -13 -14 -15
leaf_value=0.0052392925943027255 -0.0011032203360807063 0.0004722429259273335 0.0024126438288255888 -0.00096442485761508579 0.0035482674124911774 0.00024515314675227273 0.0024492148413188071 -0.0019996918517738646 0.00072933651809026256 -0.0014994991306448355 -0.00081465444058625839 -0.00087365545357327842 0.0025727463711518795 -0.00066781188527643509
leaf_weight=163 1505 3024 141 120 107 779 114 242 189 190 142 249 144 1441
leaf_count=163 1505 3024 141 120 107 779 114 242 189 190 142 249 144 1441
internal_value=1.88699e-05 0.000704193 0.0026671 0.000828235 -0.000540477 -0.000273532 0.000533873 -0.000517979 0.00174834 -0.000272142 0.000638787 0.000462686 0.00056772 -0.000345894
internal_weight=8550 3841 424 261 4709 3204 742 2462 296 446 256 3417 3168 2220
internal_count=8550 3841 424 261 4709 3204 742 2462 296 446 256 3417 3168 2220
cat_boundaries=0 1 2 3 4
cat_threshold=162019408 18 637649060 21
is_linear=0
shrinkage=0.03


Tree=49
num_leaves=15
num_cat=2
split_feature=37 37 38 23 21 38 38 38 38 1 27 22 31 38
split_gain=3.8711 2.16552 2.27113 1.40382 1.32524 0.760315 0.649282 0.693529 0.651003 1.19838 1.09165 1.20009 0.931081 0.835856
threshold=0 1 1.8271775008591227 42.500000000000007 21.500000000000004 0.8432708296679825 2.1207569113729212 1.1378987387784942 1.6203358804893477 14.500000000000002 13.999982638888889 1774.8968750000001 1.6316860465116281 1.4977578387186858
decision_type=9 9 2 2 2 2 2 2 2 2 2 2 10 2
left_child=1 2 4 -4 -1 -2 7 -3 13 10 -10 -12 -11 -9
right_child=5 6 3 -5 -6 -7 -8 8 9 12 11 -13 -14 -15
leaf_value=0.0027376715743649325 -0.0028248605968643303 -0.0010101501734579525 0.002507556912023574 0.0069344061712949918 -0.0018982898049924354 -0.00047013897893161263 -0.0017744907791682242 0.00058402459802488367 -0.00014113675517728552 -0.0012484313919055624 0.0052745651864844713 0.00080054395479549248 0.00046080015038421699 0.0019867144929947133
leaf_weight=112 127 237 138 121 110 4368 111 1073 165 485 111 105 702 594
leaf_count=112 127 237 138 121 110 4368 111 1073 165 485 111 105 702 594
internal_value=7.07116e-05 0.000740684 0.00261286 0.0045757 0.000440574 -0.000535477 0.000482781 0.000556336 0.000671099 0.000232295 0.00169618 0.00309969 -0.00023758 0.00108384
internal_weight=8559 4064 481 259 222 4495 3583 3472 3235 1568 381 216 1187 1667
internal_count=8559 4064 481 259 222 4495 3583 3472 3235 1568 381 216 1187 1667
cat_boundaries=0 1 2
cat_threshold=146291739 136315904
is_linear=0
shrinkage=0.03


Tree=50
num_leaves=15
num_cat=1
split_feature=35 24 38 32 25 27 38 1 30 38 32 38 25 38
split_gain=2.2367 4.53311 1.34629 1.02799 0.943308 0.718614 1.11696 0.782162 1.10005 0.757787 0.746327 1.17111 0.722607 0.705936
threshold=0 1.0000000180025095e-35 1.2034149879927034 2.5000000000000004 0.19000000000000003 27.999803240740743 1.6532236652559551 21.500000000000004 33.250000000000007 1.4279593573095639 5.5000000000000009 1.706463992508052 0.26235294117647062 1.7343637397285698
decision_type=1 8 2 2 10 2 2 2 2 2 2 2 10 2
left_child=1 -1 -3 4 -2 7 -7 8 -4 -10 11 12 -9 -12
right_child=3 2 5 -5 -6 6 -8 10 9 -11 13 -13 -14 -15
leaf_value=0.0059889518513227807 0.0022730370871044837 -0.0010314853345663388 0.0028570090797990192 -0.0010595726359517328 -0.00030312850571395498 0.0017104495376452898 -0.00014471190456230538 0.0018723040274983528 -0.00081592655186118047 0.00091131637535351814 -0.00016625353670081042 -0.0020464517032389882 -0.0010069404913070311 0.0013209049981050389
leaf_weight=124 158 709 190 2103 672 756 476 153 330 744 1207 404 161 377
leaf_count=124 158 709 190 2103 672 756 476 153 330 744 1207 404 161 377
internal_value=-3.39599e-05 0.000315903 0.000188738 -0.00070433 0.000187274 0.00036905 0.000993683 0.000153249 0.000752844 0.000380599 -0.000175981 -0.000978303 0.000396003 0.000187698
internal_weight=8564 5631 5507 2933 830 4798 1232 3566 1264 1074 2302 718 314 1584
internal_count=8564 5631 5507 2933 830 4798 1232 3566 1264 1074 2302 718 314 1584
cat_boundaries=0 1
cat_threshold=26
is_linear=0
shrinkage=0.03


Tree=51
num_leaves=15
num_cat=3
split_feature=37 36 38 35 38 38 25 38 32 31 25 31 31 38
split_gain=2.56215 1.11951 3.00245 0.782167 1.01221 0.768615 0.764289 0.777646 0.751145 0.629386 0.557319 0.480972 1.21133 0.807643
threshold=0 1 1.8271775008591227 2 1.7343637397285698 1.0499073199042159 0.63484848484848488 2.1207569113729212 5.5000000000000009 0.35714348202647267 0.19000000000000003 1.6316860465116281 2.4757543249946594 1.6980013696122194
decision_type=9 9 2 1 2 2 10 2 2 8 10 8 10 2
left_child=1 2 -1 9 10 -3 7 11 -6 -2 -5 13 -13 -7
right_child=3 5 -4 4 8 6 -8 -9 -10 -11 -12 12 -14 -15
leaf_value=-0.00034858181796663669 0.0013830118595696246 -0.0019909447787058274 0.005436210262397414 0.00070593381237098304 -1.0092827364604339e-05 0.00080345273824949102 0.0025230495324011139 -0.0017056901146815376 0.0021567793476456047 -0.0010589774629671527 -0.00056736805242537693 0.0015736477215032153 0.00012316074329323239 -0.00085424728961460653
leaf_weight=171 101 109 153 365 301 579 171 142 276 1596 2030 1011 1063 487
leaf_count=171 101 109 153 365 301 579 171 142 276 1596 2030 1011 1063 487
internal_value=7.75114e-05 0.00064564 0.00231177 -0.000395876 -0.000101227 0.00048804 0.000567707 0.000465829 0.0010264 -0.000908286 -0.000373316 0.000564031 0.000830221 4.61357e-05
internal_weight=8555 3886 324 4669 2972 3562 3453 3282 577 1697 2395 3140 2074 1066
internal_count=8555 3886 324 4669 2972 3562 3453 3282 577 1697 2395 3140 2074 1066
cat_boundaries=0 1 2 3
cat_threshold=162007066 4 1
is_linear=0
shrinkage=0.03


Tree=52
num_leaves=15
num_cat=1
split_feature=36 24 38 38 27 13 30 23 30 31 1 31 32 28
split_gain=2.21001 1.51035 0.976968 0.693729 0.659392 0.787037 1.24153 1.36452 0.720057 0.749442 0.631886 0.782746 0.945933 0.893429
threshold=0 1.0000000180025095e-35 1.4312585090780858 1.9343139383103138 11.010243055555557 0.50000000000000011 46.500000000000007 53.500000000000007 47.050000000000004 1.438630657310243 8.5000000000000018 0.97209623732310757 11.500000000000002 4.0448032407407419
decision_type=9 8 2 2 2 2 2 2 2 10 2 8 2 2
left_child=1 3 -2 -1 -4 8 -7 -8 9 -6 11 -3 -13 -14
right_child=2 10 4 -5 5 6 7 -9 -10 -11 -12 12 13 -15
leaf_value=0.0012984133712947367 -0.0010038300728951507 0.0033356067572309586 0.0015833821121633085 0.0048233673135556357 -0.00019175292111940702 -0.001815139121738159 0.0042393662228873419 0.00024664745167073967 -0.00078353140243177699 0.0023682184932543567 0.00024439032625369315 -0.00065505946271577123 0.0034899883736909409 -0.00011310270034163347
leaf_weight=100 1666 132 199 101 374 108 132 185 1527 142 3400 232 149 106
leaf_count=100 1666 132 199 101 374 108 132 185 1527 142 3400 232 149 106
internal_value=4.25928e-05 0.000530561 -0.000432875 0.00306966 -7.78391e-05 -0.000211787 0.000962803 0.00190923 -0.000456134 0.000512735 0.000404895 0.0012865 0.0007311 0.00199223
internal_weight=8553 4220 4333 201 2667 2468 425 317 2043 516 4019 619 487 255
internal_count=8553 4220 4333 201 2667 2468 425 317 2043 516 4019 619 487 255
cat_boundaries=0 1
cat_threshold=36
is_linear=0
shrinkage=0.03


Tree=53
num_leaves=15
num_cat=2
split_feature=37 13 37 21 22 2 5 30 21 30 23 17 22 22
split_gain=2.44008 1.56917 1.52279 1.37318 0.673764 0.620084 0.595964 0.615661 1.33101 0.775313 0.592541 0.464071 0.832691 0.593046
threshold=0 0.50000000000000011 1 71.833333333333357 393.00000000000006 1.0000000180025095e-35 0.72080000000000011 51.050000000000004 63.833333333333336 84.500000000000014 137.00000000000003 1.0000000180025095e-35 6542.1000000000013 1461.1986250000002
decision_type=9 2 9 2 2 2 2 2 2 2 2 2 2 2
left_child=1 3 -2 4 -1 6 7 8 -4 -9 -7 -11 13 -13
right_child=2 -3 5 -5 -6 10 -8 9 -10 11 -12 12 -14 -15
leaf_value=0.0011488381505683853 -0.0011157104707445365 0.0052420927587663747 0.0002789377851898644 -0.0019797139612766092 0.003906674187463658 -0.00024306184904552148 0.002197160087992468 -0.0010509490886531575 0.0036990521519467052 -0.00010039744044951863 -0.0019136634548691759 0.00026800594935342268 -0.0013786553456024691 0.0017229407753812233
leaf_weight=283 1324 100 547 102 111 672 121 608 126 3068 267 564 165 456
leaf_count=283 1324 100 547 102 111 672 121 608 126 3068 267 564 165 456
internal_value=-5.10624e-05 0.0017839 -0.000191194 0.00112264 0.00192579 -4.15324e-06 0.000114387 6.88474e-05 0.000919256 -4.88908e-05 -0.000718089 9.43614e-05 0.000598598 0.000918447
internal_weight=8514 596 7918 496 394 6594 5655 5534 673 4861 939 4253 1185 1020
internal_count=8514 596 7918 496 394 6594 5655 5534 673 4861 939 4253 1185 1020
cat_boundaries=0 1 2
cat_threshold=153617424 570802853
is_linear=0
shrinkage=0.03


Tree=54
num_leaves=15
num_cat=3
split_feature=37 36 35 33 33 22 22 21 30 25 27 30 30 0
split_gain=2.75383 1.85399 2.74971 1.33827 1.20838 0.91125 1.17148 0.821241 0.616465 0.549571 0.616132 0.598413 0.682538 0.634444
threshold=0 1 2 1.0000000180025095e-35 1.0000000180025095e-35 3884.0117500000001 1650.9240000000002 39.166666666666679 33.250000000000007 0.62481481481481493 27.999803240740743 178.10000000000002 204.07500000000002 6.5000000000000009
decision_type=9 9 1 2 2 2 2 2 2 8 2 2 2 2
left_child=1 4 -3 8 9 6 7 -6 -4 10 -1 -12 13 -13
right_child=-2 2 3 -5 5 -7 -8 -9 -10 -11 11 12 -14 -15
leaf_value=-0.00048548992323034664 -0.00056721977961404465 0.0051331427777486461 0.0034078282386526067 -0.00228029743307091 0.0032660797545098637 -0.00082650493830442422 0.0043473934717476364 -1.4749899251133346e-05 0.0003890423810596324 0.0019270076809128321 0.0017281232939372617 0.00028146068239584565 0.00053886553027086912 -0.0029645064523252328
leaf_weight=1536 4602 176 113 104 103 119 145 206 132 127 251 105 679 112
leaf_count=1536 4602 176 113 104 103 119 145 206 132 127 251 105 679 112
internal_value=-7.05506e-05 0.000514454 0.00215711 0.000555118 0.000253929 0.00151027 0.00212277 0.00107886 0.00178138 -1.35418e-06 -9.26333e-05 0.000433459 7.07794e-05 -0.00139388
internal_weight=8510 3908 525 349 3383 573 454 309 245 2810 2683 1147 896 217
internal_count=8510 3908 525 349 3383 573 454 309 245 2810 2683 1147 896 217
cat_boundaries=0 1 2 3
cat_threshold=146279442 49 18
is_linear=0
shrinkage=0.03


Tree=55
num_leaves=15
num_cat=2
split_feature=37 25 37 27 0 25 31 1 32 30 27 5 30 31
split_gain=2.41402 1.50323 0.901935 0.629769 0.566934 0.519247 0.704312 0.810123 0.513351 0.644993 1.37057 0.529023 0.506236 0.567031
threshold=0 0.19000000000000003 1 11.06232638888889 6.5000000000000009 0.22290322580645164 2.5647058434165593 86.500000000000014 29.500000000000004 289.02500000000003 28.515098379629634 0.22400000000000003 275.27500000000003 1.6316860465116281
decision_type=9 8 9 2 2 10 8 2 2 2 2 2 2 8
left_child=1 -1 4 -3 -2 6 7 -4 9 12 -11 -10 13 -5
right_child=2 3 5 8 -6 -7 -8 -9 11 10 -12 -13 -14 -15
leaf_value=0.0037071126453241611 -0.00026184271590450818 0.0023996006959838968 0.0003251448563538789 -0.00020694770588181803 -0.0015129374774223319 -0.00034429072174976566 -0.0018905379955068162 0.002795256999354543 -0.0019645337359500388 0.00025412257891475106 0.0045709471888322794 0.00081655052920025814 -0.0015693837313041773 0.00082815611253283844
leaf_weight=141 528 155 816 699 852 2941 106 140 153 171 108 103 112 1495
leaf_count=141 528 155 816 699 852 2941 106 140 153 171 108 103 112 1495
internal_value=1.75326e-05 0.000677774 -0.000367806 0.000537467 -0.00102682 -0.000138625 0.000429621 0.000686877 0.000435873 0.000562779 0.00192515 -0.000845582 0.000397947 0.000498376
internal_weight=8520 3137 5383 2996 1380 4003 1062 956 2841 2585 279 256 2306 2194
internal_count=8520 3137 5383 2996 1380 4003 1062 956 2841 2585 279 256 2306 2194
cat_boundaries=0 1 2
cat_threshold=137902152 637846021
is_linear=0
shrinkage=0.03


Tree=56
num_leaves=15
num_cat=3
split_feature=37 31 35 37 32 27 22 1 1 0 22 0 25 31
split_gain=2.2192 1.28676 1.31177 2.17728 0.88131 0.986717 0.771982 0.739304 0.792216 0.760333 0.952896 0.731512 0.695385 0.795211
threshold=0 0.1106014271151886 1 2 4.5000000000000009 13.999994212962966 9756.2500000000018 119.50000000000001 66.500000000000014 7.5000000000000009 1479.67975 9.5000000000000018 0.65500000000000014 2.3393548387096779
decision_type=9 10 1 9 2 2 2 2 2 2 2 2 10 10
left_child=-1 -2 3 -3 5 11 7 8 9 10 -6 -4 13 -5
right_child=1 2 4 12 6 -7 -8 -9 -10 -11 -12 -13 -14 -15
leaf_value=-0.00070549538557907788 0.003021809034074137 0.0043158751022880342 0.00067395767080597575 0.00066950268209050754 -0.0037044806488195497 0.0026669133294166792 -0.0030865472841055588 0.0016050924686503341 -0.0028462552480904304 0.00051758062130135695 2.2471367119578642e-05 -0.001544161914937096 0.0025547010080776826 -0.00023751877553339012
leaf_weight=2691 156 124 344 2453 116 135 141 110 167 304 132 219 133 1348
leaf_count=2691 156 124 344 2453 116 135 141 110 167 304 132 219 133 1348
internal_value=6.57915e-06 0.000332985 0.000260312 0.000550693 -0.000446766 0.000363472 -0.00103441 -0.000685372 -0.00103579 -0.00048806 -0.00172078 -0.000188863 0.000421372 0.000347833
internal_weight=8573 5882 5726 4058 1668 698 970 829 719 552 248 563 3934 3801
internal_count=8573 5882 5726 4058 1668 698 970 829 719 552 248 563 3934 3801
cat_boundaries=0 1 2 3
cat_threshold=1715847857 26 2097152
is_linear=0
shrinkage=0.03


Tree=57
num_leaves=15
num_cat=1
split_feature=35 38 27 27 32 27 27 27 27 38 1 38 23 23
split_gain=1.65995 1.2662 1.01025 1.49233 0.878904 1.0996 0.659363 1.88338 1.00396 1.08744 0.815592 0.813343 0.7526 0.667842
threshold=0 1.2034149879927034 13.957795138888892 13.999334490740742 4.5000000000000009 13.999994212962966 17.003738425925928 22.041406250000005 27.999803240740743 1.6532236652559551 20.500000000000004 1.5427994820321322 110.50000000000001 53.500000000000007
decision_type=1 2 2 2 2 2 2 2 2 2 2 2 2 2
left_child=1 -1 -3 -4 5 -2 10 -8 -9 11 -5 -10 -13 -12
right_child=4 2 3 6 -6 -7 7 8 9 -11 13 12 -14 -15
leaf_value=-0.00090224982261194984 -0.00039451299163194715 -0.000433738917749675 0.0036344447748875883 0.0010277538123895137 -0.0010784889418178252 0.0020433527090567712 0.0028864545500172506 -0.00039457289958052692 0.001082123421419437 -7.2192330809422962e-05 -0.0013867050883724077 0.0016748202161674963 0.00513196122978398 0.0001830898410934467
leaf_weight=714 1107 944 146 526 1592 196 352 713 517 495 398 126 103 630
leaf_count=714 1107 944 146 526 1592 196 352 713 517 495 398 126 103 630
internal_value=-2.03447e-05 0.000278296 0.000449143 0.000657191 -0.000603505 -2.78041e-05 0.00054458 0.000866454 0.000502565 0.001018 6.69475e-05 0.00174139 0.00322978 -0.000424671
internal_weight=8559 5664 4950 4006 2895 1303 3860 2306 1954 1241 1554 746 229 1028
internal_count=8559 5664 4950 4006 2895 1303 3860 2306 1954 1241 1554 746 229 1028
cat_boundaries=0 1
cat_threshold=26
is_linear=0
shrinkage=0.03


Tree=58
num_leaves=15
num_cat=1
split_feature=24 0 35 31 1 1 31 28 27 31 1 32 26 27
split_gain=1.86957 1.59158 1.09652 0.613609 0.97292 0.674732 0.459823 1.10074 0.890641 0.777274 0.55449 0.838457 0.644715 0.5341
threshold=1.0000000180025095e-35 8.5000000000000018 0 0.48064734522197577 64.500000000000014 172.50000000000003 2.9393877551020409 9.7827835648148156 29.5983275462963 2.308391608391609 23.500000000000004 17.500000000000004 1.0000000180025095e-35 13.999890046296299
decision_type=8 2 1 8 2 2 10 2 2 10 2 2 8 2
left_child=1 -1 6 4 -4 -5 9 10 -9 13 12 -12 -8 -2
right_child=2 -3 3 5 -6 -7 7 8 -10 -11 11 -13 -14 -15
leaf_value=0.0045487638144747697 -0.0001237891572980505 -0.00018314592471044207 0.0029860648832510453 -0.00076987134057618497 -0.00096835818217935418 0.0012597703436466681 0.004130108982499223 -0.0012507700988331075 0.0018886913822709836 -0.00076731613213581041 0.0022785061956242178 -0.00040669682539521237 0.001075840478682167 0.00060556332724241181
leaf_weight=151 1690 111 111 2414 113 157 128 312 110 799 198 222 121 1942
leaf_count=151 1690 111 111 2414 113 157 128 312 110 799 198 222 121 1942
internal_value=4.88164e-05 0.00254402 -2.9787e-05 -0.00051289 0.0009912 -0.00064593 0.000215278 0.000767373 -0.000432427 7.98273e-05 0.0015242 0.000859185 0.00264591 0.00026619
internal_weight=8579 262 8317 2795 224 2571 5522 1091 422 4431 669 420 249 3632
internal_count=8579 262 8317 2795 224 2571 5522 1091 422 4431 669 420 249 3632
cat_boundaries=0 1
cat_threshold=26
is_linear=0
shrinkage=0.03


Tree=59
num_leaves=15
num_cat=5
split_feature=37 38 37 0 23 38 37 29 24 7 0 38 35 36
split_gain=2.21545 1.49382 1.02888 0.952119 0.816807 0.617146 0.578023 0.571124 0.488307 0.470523 0.489352 0.425947 1.26786 0.670664
threshold=0 1.8271775008591227 1 13.500000000000002 37.500000000000007 1.0580430559006577 2 1.0000000180025095e-35 12.766833333337564 1.0000000180025095e-35 15.500000000000002 1.7968637676269812 3 4
decision_type=9 2 9 2 2 2 9 2 8 2 2 2 1 9
left_child=1 7 8 5 -3 -4 -7 -1 -2 -5 -11 12 -8 -13
right_child=2 4 3 9 -6 6 11 -9 -10 10 -12 13 -14 -15
leaf_value=0.0017025468179427488 -0.0020346200324490036 0.0014781313013898596 -0.0012922786766834977 -0.0028345961849713191 0.0049774954231877533 0.0023606181600572245 0.0018711134012942001 -0.0013339182076119219 -0.00053724292335965409 -0.0020458483883320647 0.00064694334659725424 0.0005412433152120655 0.00014790380212146897 -0.00082533433573553339
leaf_weight=111 213 101 246 132 148 104 433 112 2457 114 130 544 2943 770
leaf_count=111 213 101 246 132 148 104 433 112 2457 114 130 544 2943 770
internal_value=-5.58735e-05 0.00192022 -0.000173383 6.44435e-05 0.00355807 0.000173207 0.000248407 0.000177506 -0.000654246 -0.00139173 -0.000611164 0.000196117 0.0003749 -0.000261729
internal_weight=8558 472 8086 5416 249 5040 4794 223 2670 376 244 4690 3376 1314
internal_count=8558 472 8086 5416 249 5040 4794 223 2670 376 244 4690 3376 1314
cat_boundaries=0 1 2 3 4 5
cat_threshold=136315904 642106029 1573184 18 7
is_linear=0
shrinkage=0.03


Tree=60
num_leaves=15
num_cat=1
split_feature=37 30 0 31 30 29 21 38 22 25 28 31 21 1
split_gain=2.10999 1.42617 1.61857 0.955516 0.949005 0.9498 1.0184 0.867386 0.71714 0.9945 0.666 0.858226 1.06604 0.656388
threshold=0 52.500000000000007 13.500000000000002 1.0004392299048519 11.250000000000002 1.0000000180025095e-35 23.166666666666668 2.198785315552406 1891.5441250000001 0.52250000000000008 1.0525115740740743 1.438630657310243 86.391666666666694 25.500000000000004
decision_type=9 2 2 8 2 2 2 2 2 8 2 10 2 2
left_child=1 2 4 -3 -1 6 -6 -2 9 10 11 -5 -13 -14
right_child=7 3 -4 8 5 -7 -8 -9 -10 -11 -12 12 13 -15
leaf_value=0.00013064055716809395 -0.00047874186022349023 -0.0015745740721516796 -0.001219640931914277 0.0014803087948081649 0.006407216024152668 0.001600058085385059 0.0025441928489839051 0.0021936276200826142 0.00092718560979958688 0.0014262078344625861 0.00036180186216295575 -0.0025438728519177754 0.0018582678455136064 -0.0011766012406716232
leaf_weight=132 4552 238 138 107 112 226 136 112 1304 342 585 343 103 170
leaf_count=132 4552 238 138 107 112 226 136 112 1304 342 585 343 103 170
internal_value=1.76234e-05 0.000528411 0.00171259 0.000254055 0.00238032 0.00300682 0.00428878 -0.000413681 0.000401385 -1.41568e-05 -0.000390766 -0.00099969 -0.00143047 -3.15774e-05
internal_weight=8600 3936 744 3192 606 474 248 4664 2954 1650 1308 723 616 273
internal_count=8600 3936 744 3192 606 474 248 4664 2954 1650 1308 723 616 273
cat_boundaries=0 1
cat_threshold=163060816
is_linear=0
shrinkage=0.03


Tree=61
num_leaves=15
num_cat=0
split_feature=24 21 38 2 22 30 24 23 25 24 25 38 38 1
split_gain=1.45895 1.38084 1.17758 1.12619 0.61776 0.799729 0.63257 0.679094 0.66651 0.601909 0.675149 0.529877 0.704879 0.747124
threshold=1.0000000180025095e-35 31.166666666666668 1.2089519869713596 1.0000000180025095e-35 1216.3000000000002 49.500000000000007 53.943333333333584 14.500000000000002 0.19000000000000003 7.486666666665756 0.47913043478260875 1.9213392457489566 1.4312585090780858 7.5000000000000009
decision_type=8 2 2 2 2 2 8 2 10 10 10 2 2 2
left_child=1 -1 -2 4 6 -6 8 -8 -4 -10 -11 12 -9 -14
right_child=2 -3 3 -5 5 -7 7 11 9 10 -12 -13 13 -15
leaf_value=0.0044117232745643272 -0.00087209596359070108 -4.0269043204970041e-05 0.0016425240449600229 -0.00095289270006920443 0.0025210268161537353 0.00040969547341891969 -0.0021632624158290413 -0.00093455014407693368 -0.0020345076574859295 -0.00024848567897256893 0.0019576170078502838 -0.0018283555902049926 0.0025344067571554767 9.9850188529010777e-05
leaf_weight=129 1385 122 326 826 171 2895 178 542 110 442 174 167 129 941
leaf_count=129 1385 122 326 826 171 2895 178 542 110 442 174 167 129 941
internal_value=-5.52207e-06 0.00224781 -7.378e-05 8.64384e-05 0.000227753 0.000527451 -7.76215e-05 -0.000396538 0.000515648 9.64029e-06 0.000374667 -0.000219766 -5.31195e-05 0.000393362
internal_weight=8537 251 8286 6901 6075 3066 3009 1957 1052 726 616 1779 1612 1070
internal_count=8537 251 8286 6901 6075 3066 3009 1957 1052 726 616 1779 1612 1070
is_linear=0
shrinkage=0.03


Tree=62
num_leaves=15
num_cat=4
split_feature=37 27 35 37 25 13 27 21 32 32 28 37 32 24
split_gain=2.10925 1.38231 1.27649 0.717005 0.676278 0.665017 0.59334 0.985631 0.947591 0.630242 0.576422 0.958352 0.784988 0.656064
threshold=0 17.003738425925928 1 2 0.28285714285714292 1.0000000180025095e-35 28.07513888888889 79.200000000000003 18.500000000000004 12.500000000000002 0.8725925925925927 3 16.500000000000004 66.439000000003105
decision_type=9 2 1 9 10 2 2 2 2 2 2 9 2 8
left_child=1 5 6 -4 -5 -1 10 8 -8 -9 -2 12 -12 -13
right_child=2 -3 3 4 -6 -7 7 9 -10 -11 11 13 -14 -15
leaf_value=0.0019568050457923107 0.0003739169420213675 0.0039338835097252108 -0.0014300597447094432 0.00042534465160978146 -0.00058711641536935083 -0.00057010036767617372 0.0044133122131362621 -0.0011209847611283201 0.00080918022906533566 0.00073961501797565211 0.0023932889691469341 -0.0023766591022169967 -0.00046019212716854496 -0.0005242054413820079
leaf_weight=198 1695 184 637 796 2337 178 118 207 148 786 165 226 183 721
leaf_count=198 1695 184 637 796 2337 178 118 207 148 786 165 226 183 721
internal_value=8.18877e-06 0.00177159 -0.00011702 -0.000518192 -0.000328831 0.000760557 0.000239308 0.000786198 0.00240801 0.000351756 9.82932e-06 -0.000466718 0.000867814 -0.000956193
internal_weight=8579 560 8019 3770 3133 376 4249 1259 266 993 2990 1295 348 947
internal_count=8579 560 8019 3770 3133 376 4249 1259 266 993 2990 1295 348 947
cat_boundaries=0 1 2 3 4
cat_threshold=136839232 24 587235332 46137350
is_linear=0
shrinkage=0.03


Tree=63
num_leaves=15
num_cat=3
split_feature=37 2 37 38 30 23 38 31 38 1 38 37 38 31
split_gain=1.2774 0.872997 0.87806 1.45872 1.24919 0.769938 0.651217 0.572983 0.569086 0.60041 0.573944 0.555976 0.554355 1.20924
threshold=0 1.0000000180025095e-35 1 2.0508607407559558 40.250000000000007 137.00000000000003 2.1579342295588102 0.60070754716981145 1.8407892839645139 18.500000000000004 1.2349094216284453 2 2.0155789709139418 2.4177913468856578
decision_type=9 2 9 2 2 2 2 8 2 2 2 9 2 10
left_child=8 2 3 4 -2 -3 7 11 9 10 -1 -4 -9 -14
right_child=1 5 6 -5 -6 -7 -8 12 -10 -11 -12 -13 13 -15
leaf_value=-0.0016664671864032707 0.0024599622147549625 -0.00018762843549647725 0.0028649029204868438 0.004217926669909164 -0.0010566294293076841 -0.0020664368354207413 -0.0015603687000675934 3.7127300232495297e-05 0.00086225512397787834 -0.0013739963848592054 0.00058002598529463241 0.00043014102341008506 -0.00024146519787928523 0.0040407559905666851
leaf_weight=147 164 686 126 129 204 275 196 4546 167 1079 337 256 146 100
leaf_count=147 164 686 126 129 204 275 196 4546 167 1079 337 256 146 100
internal_value=-7.21223e-05 0.000112727 0.00025018 0.00144378 0.000510547 -0.000725269 0.000136768 0.000201323 -0.000797728 -0.000980195 -0.000102277 0.00131949 0.000112187 0.00149928
internal_weight=8558 6828 5867 497 368 961 5370 5174 1730 1563 484 382 4792 246
internal_count=8558 6828 5867 497 368 961 5370 5174 1730 1563 484 382 4792 246
cat_boundaries=0 1 2 3
cat_threshold=638960549 136324168 277348352
is_linear=0
shrinkage=0.03


Tree=64
num_leaves=15
num_cat=3
split_feature=37 0 30 37 0 30 25 24 37 22 13 21 25 25
split_gain=2.09008 1.90259 1.50451 1.34665 0.854795 0.933164 0.883497 0.980429 0.721278 0.694708 0.578827 0.641367 0.558 0.515857
threshold=0 6.5000000000000009 43.500000000000007 1 13.500000000000002 52.500000000000007 0.19000000000000003 136.90299999999817 2 442.06400000000008 1.0000000180025095e-35 186.8666666666667 0.22290322580645164 0.17000000000000001
decision_type=9 2 2 9 2 2 8 10 9 2 2 2 10 8
left_child=1 -1 -3 -2 5 6 -5 -8 -6 -9 12 13 -7 -12
right_child=3 2 -4 4 8 10 7 9 -10 -11 11 -13 -14 -15
leaf_value=0.0049727833499063684 -0.00088187716826183468 0.0033153027250757438 -0.00089253119699749146 0.0034586029578136594 0.00079811360857381323 0.00063999599924373309 -1.6234835879091757e-05 0.0006766026812181393 -0.0019843214412952666 0.0041697909913692944 -0.001195543726373996 0.0025993466963714893 -0.00071734152812525265 0.00027173389940196504
leaf_weight=136 1606 125 197 123 113 344 498 101 295 104 231 101 1313 3245
leaf_count=136 1606 125 197 123 113 344 498 101 295 104 231 101 1313 3245
internal_value=5.68057e-06 0.00195488 0.000740945 -0.000107177 8.62454e-05 0.000175866 0.00111298 0.000702575 -0.00124277 0.00244876 2.79765e-05 0.000242701 -0.000435553 0.000174225
internal_weight=8532 458 322 8074 6468 6060 826 703 408 205 5234 3577 1657 3476
internal_count=8532 458 322 8074 6468 6060 826 703 408 205 5234 3577 1657 3476
cat_boundaries=0 1 2 3
cat_threshold=136315904 637649573 8390656
is_linear=0
shrinkage=0.03


Tree=65
num_leaves=15
num_cat=3
split_feature=37 31 36 38 38 0 33 31 29 27 35 38 32 27
split_gain=1.33124 0.847062 0.754042 2.23475 1.17568 0.906905 0.877325 1.20193 0.70994 0.630239 0.611889 0.558422 0.794152 0.77911
threshold=0 7.4976562500000012 1 1.8957829999611842 2.1207569113729212 9.5000000000000018 1.0000000180025095e-35 5.1020956475013444 1.5000000000000002 27.999803240740743 2 1.7343637397285698 10.500000000000002 13.999739583333335
decision_type=9 8 9 2 2 2 2 10 2 2 1 2 2 2
left_child=1 2 4 5 6 -4 7 -1 -8 -10 -2 -12 13 -13
right_child=10 -3 3 -5 -6 -7 8 -9 9 -11 11 12 -14 -15
leaf_value=0.00022727224240728821 -0.00077557077017009562 0.002461947753209244 0.0015004147908240114 0.0043060441067684415 -0.0027307139194233956 -0.002201075622548176 0.0035003856399522066 -0.0027822456488013265 -0.00037498917481791454 0.0019787874799617128 -0.00025728861524858748 0.001110711996250372 0.0028807014613008988 -0.0015029324559108766
leaf_weight=2682 1626 178 126 163 119 113 116 125 198 212 2314 293 127 158
leaf_count=2682 1626 178 126 163 119 113 116 125 198 212 2314 293 127 158
internal_value=4.18919e-05 0.000437544 0.00034518 0.00155878 0.00019876 -0.000249662 0.000303949 9.32538e-05 0.00142833 0.000842086 -0.000311479 -4.87738e-05 0.000785163 0.000195067
internal_weight=8550 4032 3854 402 3452 239 3333 2807 526 410 4518 2892 578 451
internal_count=8550 4032 3854 402 3452 239 3333 2807 526 410 4518 2892 578 451
cat_boundaries=0 1 2 3
cat_threshold=1235749914 49 1
is_linear=0
shrinkage=0.03


Tree=66
num_leaves=15
num_cat=2
split_feature=37 21 38 21 30 31 30 25 29 0 37 26 32 17
split_gain=1.94175 1.07537 0.864364 0.603178 0.575087 1.35818 0.778204 0.640733 0.567926 0.529001 0.516077 0.505409 0.504753 0.543523
threshold=0 6.166666666666667 2.0155789709139418 35.500000000000007 52.500000000000007 0.97209623732310757 29.165000000000003 0.33666666666666673 1.0000000180025095e-35 13.500000000000002 1 0.042572463768115944 29.500000000000004 1.0000000180025095e-35
decision_type=9 2 2 2 2 10 2 10 2 2 9 10 2 2
left_child=1 -1 9 -4 6 7 -3 -6 -8 10 -2 -5 13 -7
right_child=2 4 3 11 5 12 8 -9 -10 -11 -12 -13 -14 -15
leaf_value=0.0028486398854251352 -0.0011446473411917694 9.8196444515552791e-05 0.0029955694595875685 -0.0012961925128731158 -0.00055054605298699073 0.00024327027321033404 0.0035410536293269748 -0.0038082253453787414 0.00069867375769338213 -0.0015899663333924061 -0.00026128187341526642 0.0014197595038083972 -0.00088099449657743061 0.0011732237176430027
leaf_weight=168 720 243 100 109 119 1804 164 100 103 381 3351 142 248 824
leaf_count=168 720 243 100 109 119 1804 164 100 103 381 3351 142 248 824
internal_value=-7.4346e-06 0.000501163 -0.00040716 0.00102529 0.000393157 0.000239345 0.00132658 -0.00203807 0.00244456 -0.00052101 -0.000420968 0.000240322 0.000412764 0.000534854
internal_weight=8576 3773 4803 351 3605 3095 510 219 267 4452 4071 251 2876 2628
internal_count=8576 3773 4803 351 3605 3095 510 219 267 4452 4071 251 2876 2628
cat_boundaries=0 1 2
cat_threshold=145234960 570523784
is_linear=0
shrinkage=0.03


Tree=67
num_leaves=15
num_cat=2
split_feature=37 21 35 25 23 31 38 30 22 38 23 0 38 31
split_gain=1.54895 1.21742 0.644386 1.19505 0.614535 1.19522 0.763986 0.576402 0.516952 0.681528 0.747895 0.65512 0.792975 0.735011
threshold=0 4.7500000000000009 1 0.37750000000000006 57.500000000000007 1.567773832781554 1.8348248810853049 52.500000000000007 1619.2460000000001 1.9480971425206854 88.500000000000014 4.5000000000000009 1.3352888195628367 2.4757543249946594
decision_type=9 2 1 10 2 10 2 2 2 2 2 2 2 10
left_child=1 -1 3 7 5 6 -4 -3 9 10 -6 -12 -13 -14
right_child=-2 2 4 -5 8 -7 -8 -9 -10 -11 11 12 13 -15
leaf_value=0.0029109378326031715 -0.00049596712976926374 0.0026747537106520639 -0.0012802509911431883 -0.0011407507695599158 -0.0010473831194096684 0.0043453557202502071 0.0022243555349890478 0.00020323911405940379 0.00065492145897714734 -0.0016986457896154038 -0.0014729053606769363 -0.0010031825350416855 0.0028965597719724989 0.00065760602242106515
leaf_weight=157 3879 114 114 721 332 103 110 333 1679 211 114 145 209 358
leaf_count=157 3879 114 114 721 332 103 110 333 1679 211 114 145 209 358
internal_value=-5.29757e-05 0.000313023 0.000223931 -0.000381902 0.000433442 0.00167065 0.000440761 0.000833558 0.000302132 -0.000130544 0.000155181 0.000638537 0.000976605 0.0014829
internal_weight=8579 4700 4543 1168 3375 327 224 447 3048 1369 1158 826 712 567
internal_count=8579 4700 4543 1168 3375 327 224 447 3048 1369 1158 826 712 567
cat_boundaries=0 1 2
cat_threshold=430968136 1
is_linear=0
shrinkage=0.03


Tree=68
num_leaves=15
num_cat=3
split_feature=37 30 37 30 35 32 21 33 21 28 38 21 26 1
split_gain=1.43782 0.926504 1.65172 0.985729 0.641825 0.749683 0.669574 1.05503 1.14564 0.806883 0.547377 0.540422 0.642408 0.85866
threshold=0 40.250000000000007 1 24.165000000000003 2 4.5000000000000009 70.433333333333351 1.0000000180025095e-35 57.500000000000007 2.0209432870370372 1.8547242119413039 35.500000000000007 0.030776515151515155 55.500000000000007
decision_type=9 2 9 2 1 2 2 2 2 2 2 2 10 2
left_child=1 2 3 -1 6 -6 7 8 9 -3 -2 -12 -13 -14
right_child=10 4 -4 -5 5 -7 -8 -9 -10 -11 11 12 13 -15
leaf_value=0.001444790509972468 -0.00051356626637725947 -0.0017063235046684544 0.00034454073746283993 0.0054303816272056517 0.00076465239291652462 -0.0013225883902477579 0.00012649244131604607 0.003815517887234254 0.0022216408719473025 0.0011935389329502809 0.0016667447549638004 -0.0018873196626744862 0.0023003592758504966 -0.00076764704366219137
leaf_weight=103 3790 195 471 122 234 458 1974 116 255 155 212 137 144 191
leaf_count=103 3790 195 471 122 234 458 1974 116 255 155 212 137 144 191
internal_value=-6.65026e-07 0.00040589 0.0014038 0.00345243 0.000202026 -0.000608001 0.00041075 0.00119471 0.000692205 -0.000422099 -0.000371766 0.000408506 -0.000156635 0.000551138
internal_weight=8557 4083 696 225 3387 692 2695 721 605 350 4474 684 472 335
internal_count=8557 4083 696 225 3387 692 2695 721 605 350 4474 684 472 335
cat_boundaries=0 1 2 3
cat_threshold=162531534 136316928 26
is_linear=0
shrinkage=0.03


Tree=69
num_leaves=15
num_cat=2
split_feature=27 38 36 36 24 27 27 31 1 38 22 30 30 38
split_gain=0.996968 0.885704 2.4758 0.961205 0.863122 0.785512 0.845478 0.757805 0.595829 0.801988 0.763818 0.693463 0.590998 0.584897
threshold=29.165914351851857 2.0230418184696588 0 1 46.047166666671409 29.99902777777778 29.624641203703707 2.2583927231807954 29.500000000000004 1.4814807244319068 10236.604000000001 33.250000000000007 260.75000000000006 1.6980013696122194
decision_type=2 2 9 9 10 2 2 10 2 2 2 2 2 2
left_child=1 8 -3 -4 -5 6 7 -2 9 -1 -10 -11 13 -7
right_child=5 2 3 4 -6 12 -8 -9 10 11 -12 -13 -14 -15
leaf_value=-0.00034786144066943582 0.0027336202950216828 0.0050488473578377373 -0.0014461753098136108 -0.00012684757966781033 0.0028532127625450292 0.0004792007753145298 0.0038663347048492618 -0.00087476907573661507 -0.00036384819593947325 0.0023517654410430363 -0.002627099397418042 0.00038658139076266088 0.0018980365057998314 -0.0016257595535208948
leaf_weight=1487 100 100 211 216 147 400 138 110 3890 189 139 1115 164 169
leaf_count=1487 100 100 211 216 147 400 138 110 3890 189 139 1115 164 169
internal_value=1.68401e-05 -0.000106017 0.000931442 0.000124004 0.001051 0.000868544 0.00204222 0.000843512 -0.000208546 0.00012836 -0.00044193 0.000671413 0.00031133 -0.000145998
internal_weight=8575 7494 674 574 363 1081 348 210 6820 2791 4029 1304 733 569
internal_count=8575 7494 674 574 363 1081 348 210 6820 2791 4029 1304 733 569
cat_boundaries=0 1 2
cat_threshold=4 48
is_linear=0
shrinkage=0.03


Tree=70
num_leaves=15
num_cat=3
split_feature=37 25 37 27 25 23 28 22 36 22 4 5 27 23
split_gain=1.59738 1.57238 1.13795 0.518875 0.606338 0.913331 0.835706 0.964262 0.733376 0.611274 0.53038 0.436717 0.409165 0.392706
threshold=0 0.34891304347826091 1 13.999959490740741 0.29772727272727278 15.500000000000002 0.783269675925926 2488.8378750000002 2 1037.4500000000003 1.0000000180025095e-35 0.29705000000000004 14.041481481481483 147.50000000000003
decision_type=9 10 9 2 10 2 2 2 9 2 2 2 2 2
left_child=1 -1 -2 10 5 -5 9 -8 13 -7 -4 12 -10 -6
right_child=2 -3 3 4 8 6 7 -9 11 -11 -12 -13 -14 -15
leaf_value=0.0050442813017695506 -0.0010855876174434074 0.00049646017882958471 -0.00020705075377650781 0.0034850862935671338 0.00053375734656200093 -0.0020244119772732327 0.0039211359300991584 1.8077841377817094e-06 0.0009634431623065622 0.00063686596475170021 -0.0022942376037054092 -0.002638436464819675 -0.0012348627984129753 -0.00027845590435627145
leaf_weight=106 1028 193 3614 115 1594 130 112 114 113 193 113 117 234 807
leaf_count=106 1028 193 3614 115 1594 130 112 114 113 193 113 117 234 807
internal_value=-7.7671e-05 0.00204049 -0.000156398 -2.34408e-05 0.000237237 0.00105407 0.000544836 0.00194413 4.79265e-05 -0.000434237 -0.000270333 -0.00103119 -0.000518988 0.000259683
internal_weight=8583 299 8284 7256 3529 664 549 226 2865 323 3727 464 347 2401
internal_count=8583 299 8284 7256 3529 664 549 226 2865 323 3727 464 347 2401
cat_boundaries=0 1 2 3
cat_threshold=2097216 570491566 33
is_linear=0
shrinkage=0.03


Tree=71
num_leaves=15
num_cat=2
split_feature=37 31 30 38 0 37 33 22 31 21 38 38 22 25
split_gain=1.62926 0.873422 0.940912 2.67292 0.911558 0.732315 0.547548 2.09385 1.49689 1.08736 0.883067 0.530826 0.521793 0.505649
threshold=0 0.32402189519023694 33.250000000000007 1.8348248810853049 11.500000000000002 1 1.0000000180025095e-35 5447.5625000000009 3.4625129264125198 182.54166666666669 2.0734125110105408 1.0766175694887175 1619.2460000000001 0.62481481481481493
decision_type=9 8 2 2 2 9 2 2 8 2 2 2 2 8
left_child=1 -1 3 4 5 -3 9 8 12 10 11 -4 -8 -13
right_child=-2 2 6 -5 -6 -7 7 -9 -10 -11 -12 13 -14 -15
leaf_value=-0.0020489018858224155 -0.00040552543852805198 -0.00032307019303569925 -0.0019789463573775721 0.0053976463294545373 -0.0019452666415270628 0.002877465749702727 0.00018291421775072018 -0.0025459849603755988 0.0050152303268259854 0.0030531074769844829 -0.0022007253339048475 0.00015878734586211347 0.0023800391509023731 0.0022202264518793005
leaf_weight=125 4443 126 100 131 106 125 235 114 112 112 150 2443 166 112
leaf_count=125 4443 126 100 131 106 125 235 114 112 112 150 2443 166 112
internal_value=-6.56296e-06 0.000419814 0.00049739 0.00173241 0.000387457 0.00137259 0.000327331 0.00113163 0.00194888 0.000154449 3.87092e-05 0.000165231 0.00109245 0.000249152
internal_weight=8600 4157 4032 488 357 251 3544 627 513 2917 2805 2655 401 2555
internal_count=8600 4157 4032 488 357 251 3544 627 513 2917 2805 2655 401 2555
cat_boundaries=0 1 2
cat_threshold=1236806746 1224736842
is_linear=0
shrinkage=0.03


Tree=72
num_leaves=15
num_cat=3
split_feature=37 37 0 36 38 23 32 1 38 23 23 1 1 1
split_gain=1.59322 0.590287 1.98725 0.868006 0.586375 0.881459 0.620869 0.732575 0.582785 0.853448 0.687661 0.669843 0.645041 0.618612
threshold=0 1 6.5000000000000009 2 1.7739639215969183 54.500000000000007 7.5000000000000009 62.500000000000007 1.3860280931248949 66.500000000000014 185.00000000000003 1.0000000180025095e-35 3.5000000000000004 19.500000000000004
decision_type=9 9 2 9 2 2 2 2 2 2 2 2 2 2
left_child=-1 2 -2 -4 8 -6 -7 -8 10 13 12 -11 -3 -10
right_child=1 4 3 -5 5 6 7 -9 9 11 -12 -13 -14 -15
leaf_value=-0.00047480314309141978 0.0042014146122542739 -0.0015136284641605817 0.0013148330258510848 -0.001673397611079139 0.0016183435529373313 -0.0015943104444992699 0.00090794393888360306 -0.0018742334007118011 0.0011032486039926242 0.0032242741969821507 -0.0020544052470232478 0.00095291775555897092 0.00043282158271222652 -0.0007346921106745868
leaf_weight=3460 153 177 202 139 163 425 277 123 251 128 138 1342 1141 480
leaf_count=3460 153 177 202 139 163 425 277 123 251 128 138 1342 1141 480
internal_value=2.21015e-05 0.000356888 0.00133378 8.62415e-05 0.000250353 -0.000397593 -0.000795894 5.24244e-05 0.000426091 0.000734114 -3.95403e-05 0.0011507 0.000171424 -0.000103607
internal_weight=8599 5139 494 341 4645 988 825 400 3657 2201 1456 1470 1318 731
internal_count=8599 5139 494 341 4645 988 825 400 3657 2201 1456 1470 1318 731
cat_boundaries=0 1 2 3
cat_threshold=927318820 136314880 38
is_linear=0
shrinkage=0.03


Tree=73
num_leaves=15
num_cat=1
split_feature=35 38 38 23 24 23 0 24 21 38 30 7 21 32
split_gain=0.84553 0.820463 0.706021 0.8237 0.596645 0.461156 0.457156 0.450412 0.597999 0.425258 0.41781 0.359478 0.748822 0.608168
threshold=0 1.2034149879927034 1.8957829999611842 106.50000000000001 1.0000000180025095e-35 191.50000000000003 13.500000000000002 24.597666666666047 53.166666666666679 1.2954461497495575 39.500000000000007 1.5000000000000002 120.05833333333335 16.500000000000004
decision_type=1 2 2 2 8 2 2 8 2 2 2 2 2 2
left_child=1 -1 7 -4 -3 6 9 8 -2 -6 -8 -11 13 -13
right_child=2 4 3 -5 5 -7 10 -9 -10 11 -12 12 -14 -15
leaf_value=-0.00077111112349151822 -0.00086130588636156209 0.0023726976704370652 0.0016561490853535879 -0.00076393958042049177 0.0012578724434171172 0.0020555416625436572 -0.0025200547786235882 -0.00045610719333468455 -0.0032455383370791776 9.786386355578273e-05 -2.740201818608734e-05 0.0008627867194417586 -0.00092556825201313582 0.0036724990772423688
leaf_weight=713 372 124 280 231 372 126 101 1914 127 3571 151 208 128 104
leaf_count=713 372 124 280 231 372 126 101 1914 127 3571 151 208 128 104
internal_value=-3.67581e-05 0.000179222 -0.000449327 0.000562136 0.000318296 0.000264789 0.000216109 -0.000665387 -0.00146811 0.000287549 -0.00102644 0.000197556 0.00100665 0.00179936
internal_weight=8522 5598 2924 511 4885 4761 4635 2413 499 4383 252 4011 440 312
internal_count=8522 5598 2924 511 4885 4761 4635 2413 499 4383 252 4011 440 312
cat_boundaries=0 1
cat_threshold=26
is_linear=0
shrinkage=0.03


Tree=74
num_leaves=15
num_cat=3
split_feature=37 25 37 38 1 35 1 28 22 38 38 26 31 28
split_gain=1.34107 1.97441 0.72115 0.571969 1.17464 1.01077 0.842641 0.693995 0.637775 0.750106 0.659776 0.611753 0.590836 0.576535
threshold=0 0.34891304347826091 1 1.420892323269902 12.500000000000002 2 40.500000000000007 6.8865509259259268 1016.9160000000002 1.7493480188935668 1.7458246415277263 1.0000000180025095e-35 3.050351864883885 8.3192303240740753
decision_type=9 10 9 2 2 1 2 2 2 2 2 10 8 2
left_child=1 -1 -2 6 5 -5 11 -6 9 -7 -10 -4 -8 -9
right_child=2 -3 3 4 7 8 12 13 10 -11 -12 -13 -14 -15
leaf_value=0.0050585894464215226 -0.00070753029258857592 0.00010262158596458631 -0.0012163098470665606 0.0039472046815545152 -0.00017176914056739618 0.00080473531526097629 0.00072940437604396215 0.0027208715554086428 0.0011155087089600169 0.0039001501100918343 -0.0012723094909883553 -2.3870689931131472e-05 -0.00098032615375806304 0.00048726473018786937
leaf_weight=118 1224 187 910 104 2757 196 870 124 251 110 178 674 230 645
leaf_count=118 1224 187 910 104 2757 196 870 124 251 110 178 674 230 645
internal_value=3.46866e-05 0.00195589 -3.84598e-05 7.85564e-05 0.000290574 0.00129946 -0.000265955 5.05123e-05 0.000859418 0.00191747 0.000124759 -0.000708921 0.000371915 0.00084743
internal_weight=8578 305 8273 7049 4365 839 2684 3526 735 306 429 1584 1100 769
internal_count=8578 305 8273 7049 4365 839 2684 3526 735 306 429 1584 1100 769
cat_boundaries=0 1 2 3
cat_threshold=2098176 588366341 2
is_linear=0
shrinkage=0.03


Tree=75
num_leaves=15
num_cat=3
split_feature=35 37 37 38 23 0 30 23 23 38 1 27 23 23
split_gain=0.966033 1.04263 0.856749 0.86043 1.53651 0.79641 0.733517 0.665875 0.855314 0.579318 0.578063 0.510626 0.469917 0.454399
threshold=0 1 2 2.0230418184696588 79.500000000000014 11.500000000000002 254.60000000000002 133.50000000000003 96.500000000000014 1.5051461550357124 46.500000000000007 30.62453125 83.500000000000014 14.500000000000002
decision_type=1 9 9 2 2 2 2 2 2 2 2 2 2 2
left_child=1 9 7 5 -5 6 11 8 13 -1 -6 -4 -7 -2
right_child=2 -3 3 4 10 12 -8 -9 -10 -11 -12 -13 -14 -15
leaf_value=0.0021073181473884738 -0.00090228136979069872 -0.00081444423137472244 0.00097730266776853555 0.0042785513369017281 -0.0013326570772691272 -0.002676626226833644 -0.00032118289154953932 0.0017492923180799226 -0.0018297177354659653 -0.00034351798823249903 0.0017734033174305556 -0.00073327698845191509 -0.00013019194399106673 7.3537280776658445e-05
leaf_weight=187 547 2060 1613 144 104 116 724 148 300 162 112 174 149 1999
leaf_count=187 547 2060 1613 144 104 116 724 148 300 162 112 174 149 1999
internal_value=-4.9366e-05 -0.000557041 0.000150805 0.000496666 0.00187816 0.000319299 0.000484374 -0.000211906 -0.000314639 0.00094267 0.000277893 0.000810744 -0.00124486 -0.000136114
internal_weight=8539 2409 6130 3136 360 2776 2511 2994 2846 349 216 1787 265 2546
internal_count=8539 2409 6130 3136 360 2776 2511 2994 2846 349 216 1787 265 2546
cat_boundaries=0 1 2 3
cat_threshold=1 1283457089 3838427173
is_linear=0
shrinkage=0.03


Tree=76
num_leaves=15
num_cat=3
split_feature=38 35 37 37 1 23 1 31 22 26 26 22 23 1
split_gain=1.05223 1.09595 1.1584 0.606555 0.765047 0.670463 0.669023 0.640558 0.582927 0.658106 0.458322 0.431153 0.41437 0.383943
threshold=1.2034149879927034 0 1 2 150.50000000000003 127.50000000000001 61.500000000000007 1.3814177727516221 1370.1740000000002 0.06030303030303031 0.02355875831485588 517.25000000000011 187.50000000000003 189.50000000000003
decision_type=2 1 9 9 2 2 2 10 2 8 10 2 2 2
left_child=10 2 -2 -3 5 6 8 -8 9 11 -1 -5 13 -4
right_child=1 3 12 4 -6 -7 7 -9 -10 -11 -12 -13 -14 -15
leaf_value=-0.00041175126834540522 0.0030187223098810615 -0.00096925181653522471 0.00034778424669874646 0.00044008198169697267 0.0024985458413804215 -0.0010530388837990457 -0.0026722094148701418 0.00061057571282188564 0.0024627510414520315 0.0023766965855328928 -0.0017002333503404561 -0.0019627166212572212 0.001870961693904487 -0.0013854378141005034
leaf_weight=1055 142 884 4566 190 105 476 108 106 159 103 325 104 157 118
leaf_count=1055 142 884 4566 190 105 476 108 106 159 103 325 104 157 118
internal_value=4.38121e-05 0.000188926 0.000436028 -0.000362324 3.90106e-05 -0.000167941 0.000379211 -0.00104616 0.000927824 0.00031308 -0.000715198 -0.000409888 0.000354204 0.000304121
internal_weight=8598 7218 4983 2235 1351 1246 770 214 556 397 1380 294 4841 4684
internal_count=8598 7218 4983 2235 1351 1246 770 214 556 397 1380 294 4841 4684
cat_boundaries=0 1 2 3
cat_threshold=26 2097152 2690680844
is_linear=0
shrinkage=0.03


Tree=77
num_leaves=15
num_cat=1
split_feature=37 38 32 38 27 27 29 24 0 22 10 31 24 31
split_gain=1.1152 1.53642 0.773621 0.763432 0.687957 0.998518 0.754166 0.517234 0.512924 0.494695 0.331979 0.362198 0.329771 0.397442
threshold=0 2.0508607407559558 6.5000000000000009 0.8432708296679825 29.165914351851857 29.999218750000001 3.5000000000000004 172.41716666666329 6.5000000000000009 1448.9137500000002 1.0000000180025095e-35 2.1097505018640668 7.486666666665756 1.2900987958515222
decision_type=9 2 2 2 2 2 2 10 2 2 2 8 8 10
left_child=1 2 -1 -2 10 6 8 -7 -6 -9 11 -5 13 -12
right_child=3 -3 -4 4 5 7 -8 9 -10 -11 12 -13 -14 -15
leaf_value=0.001607518349163788 -0.0023633775944800527 0.0040531286128240524 -0.0012811161146581932 -6.347659846794141e-05 0.0024111564712779175 -0.0013673393174310484 0.0039831273132003844 -0.00076043920868777498 -0.00026135660687254535 0.0012447557669155198 -0.0025502642462538047 -0.0024996052932079976 -9.6390190110425155e-05 -0.00027313963833227244
leaf_weight=185 133 139 152 106 124 190 110 178 135 293 110 114 6413 185
leaf_count=185 133 139 152 106 124 190 110 178 135 293 110 114 6413 185
internal_value=-2.54198e-05 0.00137047 0.000304633 -0.0001091 -7.15618e-05 0.00065185 0.00190202 -4.60502e-05 0.00101815 0.000486954 -0.000179113 -0.00132583 -0.000141504 -0.00112224
internal_weight=8567 476 337 8091 7958 1030 369 661 259 471 6928 220 6708 295
internal_count=8567 476 337 8091 7958 1030 369 661 259 471 6928 220 6708 295
cat_boundaries=0 1
cat_threshold=136315904
is_linear=0
shrinkage=0.03


Tree=78
num_leaves=15
num_cat=1
split_feature=35 24 38 30 31 1 38 31 26 38 25 38 38 0
split_gain=0.689107 1.34831 0.604872 0.567141 0.633614 1.47196 0.73165 0.655199 0.659981 0.746552 0.820025 0.741297 0.633461 0.535428
threshold=0 1.0000000180025095e-35 1.5051461550357124 22.250000000000004 1.0823369463999704 46.500000000000007 1.67294811739477 1.2712272492314391 0.020869565217391309 2.0230418184696588 0.40833333333333338 1.706463992508052 1.9013833091226673 6.5000000000000009
decision_type=1 8 2 2 10 2 2 10 8 2 10 2 2 2
left_child=1 -1 -3 -4 5 6 -5 -6 12 10 11 -10 13 -9
right_child=-2 2 3 4 7 -7 -8 8 9 -11 -12 -13 -14 -15
leaf_value=0.0033849975309029469 -0.00034449413523628998 -0.00018717015364160534 0.0022876490620241689 0.0024883374882946636 0.0022331365391761644 -0.0023630832803941252 -0.00061949673415894835 0.00040263470894039111 0.0022364483202047844 0.0014615973473461384 -0.0018897548069465703 -0.00073746021590070303 -0.00066059192988045235 0.0017058509870819189
leaf_weight=119 2879 2504 143 132 193 233 141 532 114 176 299 223 220 608
leaf_count=119 2879 2504 143 132 193 233 141 532 114 176 299 223 220 608
internal_value=3.24418e-05 0.000225167 0.000157431 0.000443722 0.000351879 -0.000611634 0.000883192 0.000558025 0.000409178 -0.000267604 -0.000746125 0.00026855 0.000813257 0.00109768
internal_weight=8516 5637 5518 3014 2871 506 273 2365 2172 812 636 337 1360 1140
internal_count=8516 5637 5518 3014 2871 506 273 2365 2172 812 636 337 1360 1140
cat_boundaries=0 1
cat_threshold=26
is_linear=0
shrinkage=0.03


Tree=79
num_leaves=15
num_cat=1
split_feature=37 38 25 30 38 23 24 28 24 38 22 7 24 38
split_gain=1.04009 0.491692 0.49099 1.25372 1.25254 0.975822 0.64456 0.619382 0.520476 0.7293 0.737909 0.475103 0.472891 0.451561
threshold=0 0.89122074058428624 0.26235294117647062 54.750000000000007 1.7386359993019718 19.500000000000004 60.221166666667131 6.794155092592594 18.804166666666863 1.8878310154818834 1498.6875000000002 1.0000000180025095e-35 17.324833333333959 1.2034149879927034
decision_type=9 2 10 2 2 2 10 2 8 2 2 2 10 2
left_child=1 -1 3 4 12 -5 7 11 9 10 -4 -7 -2 -10
right_child=2 -3 8 5 -6 6 -8 -9 13 -11 -12 -13 -14 -15
leaf_value=-0.0026648719023380958 -0.00087113620937623846 -0.00054258182351596298 -0.00065546122053418453 0.0022181192736176374 0.0040683162123916969 0.0010299500498687848 -0.0010598103330291201 0.0025886061772197378 -0.00053287004512518165 0.00059570072187571644 -0.0035994289603549987 -0.0010037807418236391 0.0019646481018174779 0.00025316149322932068
leaf_weight=105 102 1528 212 173 168 200 449 102 783 194 120 214 110 4113
leaf_count=105 102 1528 212 173 168 200 449 102 783 194 120 214 110 4113
internal_value=3.92478e-06 -0.00067491 0.000164392 0.000641522 0.00213351 0.00014332 -0.000228638 0.00049461 3.11126e-05 -0.000865634 -0.00171955 -2.13021e-05 0.000600261 0.000127454
internal_weight=8573 1633 6940 1518 380 1138 965 516 5422 526 332 414 212 4896
internal_count=8573 1633 6940 1518 380 1138 965 516 5422 526 332 414 212 4896
cat_boundaries=0 1
cat_threshold=1728156582
is_linear=0
shrinkage=0.03


Tree=80
num_leaves=15
num_cat=2
split_feature=37 25 37 17 31 32 22 21 31 5 21 1 25 22
split_gain=1.33082 2.13433 0.64789 0.5558 0.66276 0.711508 0.647595 0.719841 0.857987 0.652212 0.626446 0.49816 0.482579 0.996062
threshold=0 0.34891304347826091 1 1.0000000180025095e-35 0.98907071189679896 29.500000000000004 6444.0500000000002 98.950000000000017 3.8148890660073529 0.36600000000000005 106.58333333333334 22.500000000000004 0.28285714285714292 6785.2500000000009
decision_type=9 10 9 2 10 2 2 2 10 2 2 2 8 2
left_child=1 -1 11 12 -5 6 7 8 9 -6 -9 -2 13 -4
right_child=2 -3 3 4 5 -7 -8 10 -10 -11 -12 -13 -14 -15
leaf_value=0.0051812753104604776 0.00045281165229971523 8.2199165478095169e-06 0.00074933140309098626 -0.00092960433566218446 0.00060588092454411427 -0.0013417994503834051 -0.00078769511521425354 0.004277746220631525 0.0024258946739413802 -0.0017826004303823852 0.0014600804059621308 -0.0010858138644365041 -0.00032059898320192743 -0.0012014059630921108
leaf_weight=115 240 191 1097 270 657 144 187 100 202 122 245 898 3846 300
leaf_count=115 240 191 1097 270 657 144 187 100 202 122 245 898 3846 300
internal_value=-2.04084e-05 0.00189056 -9.29568e-05 1.29765e-05 0.000448677 0.000673261 0.000865045 0.00109812 0.000683606 0.000231818 0.0022768 -0.000754692 -0.000147135 0.000330419
internal_weight=8614 306 8308 7170 1927 1657 1513 1326 981 779 345 1138 5243 1397
internal_count=8614 306 8308 7170 1927 1657 1513 1326 981 779 345 1138 5243 1397
cat_boundaries=0 1 2
cat_threshold=2098176 570507685
is_linear=0
shrinkage=0.03


Tree=81
num_leaves=15
num_cat=2
split_feature=38 13 31 37 21 30 31 24 37 30 21 38 0 27
split_gain=0.739884 0.675878 0.869423 0.697828 0.651324 0.885061 1.1043 1.7342 0.606977 0.533654 0.938356 1.00376 0.687907 0.868351
threshold=0.80772916916412729 0.50000000000000011 4.1197106291250618 0 98.950000000000017 242.05000000000004 1.6696380125571664 222.97766666668005 1 50.500000000000007 63.833333333333336 1.8768713636943566 13.500000000000002 13.999994212962966
decision_type=2 2 10 9 2 2 10 10 9 2 2 2 2 2
left_child=-1 8 3 -3 -5 6 7 -6 -2 10 11 12 13 -10
right_child=1 2 -4 4 5 -7 -8 -9 9 -11 -12 -13 -14 -15
leaf_value=-0.002470672042326671 -0.00087926655683402265 0.0025278181147947907 0.0029087379533383581 -0.00032590570329653861 0.0032807969137732137 -0.00088104577235625719 0.0045572896669203835 -0.0021320459752692841 -0.00014809941858168326 -0.00013842811418259311 0.002777335912132973 0.0024959736526943741 -0.001956463264240477 0.0023732067341635261
leaf_weight=107 762 115 135 827 114 142 101 100 808 4775 149 158 149 145
leaf_count=107 762 115 135 827 114 142 101 100 808 4775 149 158 149 145
internal_value=8.39542e-06 3.96761e-05 0.000609594 0.000387732 0.000175008 0.0010853 0.00197172 0.000751431 -8.61882e-05 1.29368e-05 0.000525993 0.000259763 -6.08552e-05 0.00023552
internal_weight=8587 8480 1534 1399 1284 457 315 214 6946 6184 1409 1260 1102 953
internal_count=8587 8480 1534 1399 1284 457 315 214 6946 6184 1409 1260 1102 953
cat_boundaries=0 1 2
cat_threshold=2129920 604016641
is_linear=0
shrinkage=0.03


Tree=82
num_leaves=15
num_cat=4
split_feature=37 35 36 32 28 37 38 22 21 24 38 38 31 31
split_gain=1.03224 0.890675 1.18681 1.15955 1.11271 0.76394 0.807212 0.752272 0.60246 0.534563 0.4725 0.436792 0.47663 0.510911
threshold=0 1 2 2.5000000000000004 2.1058738425925934 3 1.7575828025238251 10928.000000000002 65.90000000000002 50.714166666665996 1.8547242119413039 1.0299923518540128 7.7898305084745774 5.1020956475013444
decision_type=9 1 9 2 2 9 2 2 2 10 2 2 8 10
left_child=-1 2 -2 5 8 10 9 11 -4 -7 -3 -5 13 -13
right_child=1 3 4 7 -6 6 -8 -9 -10 -11 -12 12 -14 -15
leaf_value=-0.00048430153414053592 0.0031361512505676276 -0.00054826554307904857 -0.0010276906244947918 -0.0015557072559364742 0.0021399037899055445 0.0017753296872337265 0.00019015722637149421 -0.0023786321534057155 0.0010153265186514865 0.0047710458452780357 0.0016106582687643823 2.2826423544123315e-05 0.0017164979238462235 -0.0014653046087496724
leaf_weight=2720 187 249 338 170 260 102 110 131 211 113 144 3434 140 221
leaf_count=2720 187 249 338 170 260 102 110 131 211 113 144 3434 140 221
internal_value=-3.01687e-06 0.000222751 0.00103486 5.29308e-05 0.000516788 0.00116511 0.00221233 -0.000141896 -0.000242487 0.00334982 0.000236766 -6.79967e-05 -1.35354e-06 -6.71536e-05
internal_weight=8530 5810 996 4814 809 718 325 4096 549 215 393 3965 3795 3655
internal_count=8530 5810 996 4814 809 718 325 4096 549 215 393 3965 3795 3655
cat_boundaries=0 1 2 3 4
cat_threshold=642110262 18 4 1342185673
is_linear=0
shrinkage=0.03


Tree=83
num_leaves=15
num_cat=5
split_feature=35 37 37 30 5 31 1 37 35 32 26 32 38 23
split_gain=0.700409 0.994457 0.69339 0.922004 0.656242 0.572001 0.823646 0.561466 0.807477 0.756674 0.762891 0.69926 0.602212 0.566938
threshold=0 1 2 50.500000000000007 0.36035 1.1585652028159574 53.500000000000007 3 4 3.5000000000000004 1.0000000180025095e-35 1.5000000000000002 1.7229096289086219 95.500000000000014
decision_type=1 9 9 2 2 10 2 9 1 2 10 2 2 2
left_child=1 -1 -2 5 -5 6 -4 9 -9 -3 13 -10 -12 -11
right_child=2 7 3 4 -6 -7 -8 8 11 10 12 -13 -14 -15
leaf_value=0.0022209815052281973 -0.00088639398636037692 -0.0014443213070522182 0.0041100158824308505 -0.00063599860853389084 0.0015791495233904297 -7.8847462583969284e-05 0.00056580894996018495 0.0013192265000301821 0.002438308614784176 -7.4758215398697405e-05 0.0032365244195929591 3.3891693661662613e-05 0.00027015632144237973 -0.0021397245200205361
leaf_weight=198 1340 419 111 1047 136 164 126 598 113 996 105 2970 149 136
leaf_count=198 1340 419 111 1047 136 164 126 598 113 996 105 2970 149 136
internal_value=-9.69892e-06 0.000184351 -0.000386225 3.98033e-05 -0.000381341 0.00128322 0.00222575 0.000106938 0.00031923 -0.000325369 1.05531e-05 0.000121625 0.00149641 -0.000322846
internal_weight=8608 5684 2924 1584 1183 401 237 5486 3681 1805 1386 3083 254 1132
internal_count=8608 5684 2924 1584 1183 401 237 5486 3681 1805 1386 3083 254 1132
cat_boundaries=0 1 2 3 4 5
cat_threshold=26 136314880 591440780 616649265 18
is_linear=0
shrinkage=0.03


Tree=84
num_leaves=15
num_cat=5
split_feature=37 30 21 31 0 35 37 37 23 37 30 0 0 25
split_gain=0.886536 0.552185 0.993297 0.78768 0.843894 0.625377 0.665085 0.596495 0.577102 0.777663 0.506496 0.47157 0.42708 0.461547
threshold=0 42.250000000000007 63.833333333333336 2.9865742244263793 13.500000000000002 1 2 3 137.00000000000003 4 234.55000000000004 8.5000000000000018 6.5000000000000009 0.30384615384615393
decision_type=9 2 2 10 2 1 9 9 2 9 2 2 2 10
left_child=12 2 3 4 7 8 -7 -2 9 -3 -10 -9 13 -1
right_child=1 5 -4 -5 -6 6 -8 11 10 -11 -12 -13 -14 -15
leaf_value=0.001658505537534917 0.001718317516210359 -0.0024900964889362324 0.0032115919221407515 0.0024936990201707763 -0.0024604613069480036 0.0019940691184893826 0.0001093292184938522 -0.0009933177094740384 -0.0023199698703456669 6.6620546616001034e-05 3.1509205028869031e-05 0.0010400172322721139 -0.0011485126090677123 -0.00059673783682228536
leaf_weight=114 205 109 130 137 106 165 4664 269 250 1069 123 166 830 288
leaf_count=114 205 109 130 137 106 165 4664 269 250 1069 123 166 830 288
internal_value=-1.1992e-05 0.000112471 0.000763291 0.000402839 1.88603e-05 9.31224e-06 0.000177716 0.000429498 -0.000512847 -0.000190525 -0.00154455 -0.000212493 -0.000753669 4.28088e-05
internal_weight=8625 7393 1013 883 746 6380 4829 640 1551 1178 373 435 1232 402
internal_count=8625 7393 1013 883 746 6380 4829 640 1551 1178 373 435 1232 402
cat_boundaries=0 1 2 3 4 5
cat_threshold=1645515554 1 136314880 2629701 2097152
is_linear=0
shrinkage=0.03


Tree=85
num_leaves=15
num_cat=4
split_feature=35 37 31 37 1 36 38 30 1 30 30 28 21 30
split_gain=0.929931 1.76353 1.19343 0.987179 0.592846 0.570972 0.570161 0.487941 0.554175 1.05342 0.99893 0.948319 1.02626 0.85633
threshold=0 1 1.351928431051425 2 217.50000000000003 3 1.0580430559006577 324.57500000000005 12.500000000000002 116.50000000000001 169.12500000000003 9.7827835648148156 105.28333333333335 95.500000000000014
decision_type=1 9 8 9 2 9 2 2 2 2 2 2 2 2
left_child=1 2 -1 5 -5 -2 -3 8 9 13 -11 12 -12 -8
right_child=3 6 -4 4 -6 -7 7 -9 -10 10 11 -13 -14 -15
leaf_value=0.00024507431525682262 0.00014405692905784971 -0.0011498850175856753 0.0044182579556050205 -0.0007058115279532745 0.0016528620305936781 0.0024485463745481896 0.0011112101849919947 0.0017726739363819462 1.0409980211291461e-05 -0.0016495544706709424 0.0033686522487505499 -0.0016079323782585561 -0.00047865591925913651 0.0040493741702188604
leaf_weight=102 287 279 156 2343 100 141 440 181 3755 232 156 100 104 112
leaf_count=102 287 279 156 2343 100 141 440 181 3755 232 156 100 104 112
internal_value=6.50517e-05 0.000289332 0.0026651 -0.000373452 -0.00060678 0.000941816 0.000170204 0.00024304 0.000186526 0.0007646 -0.00011446 0.000874823 0.00182973 0.00170736
internal_weight=8488 5617 258 2871 2443 428 5359 5080 4899 1144 592 360 260 552
internal_count=8488 5617 258 2871 2443 428 5359 5080 4899 1144 592 360 260 552
cat_boundaries=0 1 2 3 4
cat_threshold=26 136314882 75499074 17
is_linear=0
shrinkage=0.03


Tree=86
num_leaves=15
num_cat=0
split_feature=27 24 38 1 38 27 22 24 22 38 30 0 27 2
split_gain=0.518089 1.27464 0.558034 0.516365 0.629422 0.61515 0.941782 0.570313 0.518562 0.942434 0.616754 0.600781 0.88123 0.514639
threshold=17.003738425925928 29.284500000000993 1.8878310154818834 72.500000000000014 1.4312585090780858 10.891996527777779 356.05000000000007 23.301333333334192 305.90000000000003 1.8229092544620784 37.250000000000007 5.5000000000000009 13.999392361111113 1.0000000180025095e-35
decision_type=2 10 2 2 2 2 2 10 2 2 2 2 2 2
left_child=3 2 -2 4 -1 6 -6 -5 9 -7 -10 12 -12 -13
right_child=1 -3 -4 7 5 8 -8 -9 10 -11 11 13 -14 -15
leaf_value=-0.00043483121135777286 0.0010623568844387373 0.00016571352798084991 0.0040518703389541165 -0.0015323981332868661 0.00014523056726205928 0.00029273234481399016 0.0039526878321981601 -0.00023461502592481799 -0.0017997199081989047 0.0032167403646781167 -0.003031132612377405 0.00077011039412810652 0.00010302495221270526 -0.0007876098603383857
leaf_weight=1637 116 2868 109 445 137 441 102 967 172 128 123 890 235 243
leaf_count=1637 116 2868 109 445 137 441 102 967 172 128 123 890 235 243
internal_value=2.54606e-05 0.000336293 0.00251061 -0.000148707 2.14042e-05 0.000323653 0.00177017 -0.000643619 0.000168762 0.000950506 -9.87139e-05 9.75121e-05 -0.000973795 0.000436019
internal_weight=8613 3093 225 5520 4108 2471 239 1412 2232 569 1663 1491 358 1133
internal_count=8613 3093 225 5520 4108 2471 239 1412 2232 569 1663 1491 358 1133
is_linear=0
shrinkage=0.03


Tree=87
num_leaves=15
num_cat=1
split_feature=38 23 37 0 30 31 31 23 11 23 14 38 38 32
split_gain=0.808613 0.991761 0.751508 0.61015 0.786853 0.47592 0.438542 0.456205 0.391449 0.619872 0.902317 0.762262 0.413759 0.387858
threshold=2.2415648685001899 82.500000000000014 0 11.500000000000002 130.50000000000003 0.1106014271151886 1.2808240993126334 54.500000000000007 1.0000000180025095e-35 50.500000000000007 2.5000000000000004 2.0734125110105408 1.0499073199042159 10.500000000000002
decision_type=2 2 9 2 2 10 10 2 2 2 2 2 2 2
left_child=2 -2 8 5 6 -4 -5 -8 9 10 -1 12 -11 -6
right_child=1 -3 3 4 13 -7 7 -9 -10 11 -12 -13 -14 -15
leaf_value=0.0001885250234828653 0.004100833045493346 -7.3691387818793636e-05 0.001208426389195014 -0.0025199291246676024 0.0018546751053894266 -0.00012606438635336234 0.00080696127118939974 -0.0017042853571850476 -0.0011301140058595611 -0.0014566754957082346 0.0034998903175855571 -0.0022373966483104197 0.00047800394928157751 -0.00054637494173538463
leaf_weight=156 100 105 257 251 102 3750 102 180 147 103 141 101 2918 149
leaf_count=156 100 105 257 251 102 3750 102 180 147 103 141 101 2918 149
internal_value=0.000101208 0.00196266 5.55458e-05 -0.00018983 -0.000955608 -4.04731e-05 -0.00160781 -0.000795962 0.000384667 0.00045092 0.00176059 0.00032633 0.000412042 0.000429351
internal_weight=8562 205 8357 4791 784 4007 533 282 3566 3419 297 3122 3021 251
internal_count=8562 205 8357 4791 784 4007 533 282 3566 3419 297 3122 3021 251
cat_boundaries=0 1
cat_threshold=161229896
is_linear=0
shrinkage=0.03


Tree=88
num_leaves=15
num_cat=2
split_feature=37 11 5 38 30 1 33 22 0 7 37 0 1 0
split_gain=0.704081 0.590957 0.571446 0.523685 0.608471 0.672878 0.639709 0.483546 1.17351 1.26918 0.756942 1.13274 0.635694 0.620867
threshold=0 1.0000000180025095e-35 0.81665000000000021 0.94640064498231646 54.750000000000007 21.500000000000004 1.0000000180025095e-35 6444.0500000000002 8.5000000000000018 1.0000000180025095e-35 1 6.5000000000000009 61.500000000000007 8.5000000000000018
decision_type=9 2 2 2 2 2 2 2 2 2 9 2 2 2
left_child=1 3 7 -1 5 6 -5 10 9 -9 11 -2 -11 -13
right_child=2 -3 -4 4 -6 -7 -8 8 -10 12 -12 13 -14 -15
leaf_value=-0.0024241709065141292 0.0041870592181266356 -0.002829065991491817 0.0023518944048788399 0.0023723426052472654 -0.0012301661987611234 -0.00041341780870479043 -0.00058512404217559951 0.0027601103703133187 -0.0017964705384105892 -0.0010347741918935117 8.9563389670699987e-05 -0.0012524565532107219 0.0014573115036699705 0.001916031605676459
leaf_weight=112 104 101 100 189 420 609 101 143 403 386 5610 107 121 116
leaf_count=112 104 101 100 189 420 609 101 143 403 386 5610 107 121 116
internal_value=-2.62749e-05 -0.000607269 9.99812e-05 -0.000454698 -0.000287465 0.000152952 0.00134233 6.7908e-05 -0.000524568 0.000264012 0.000172991 0.00155401 -0.000440016 0.000395726
internal_weight=8622 1532 7090 1431 1319 899 290 6990 1053 650 5937 327 507 223
internal_count=8622 1532 7090 1431 1319 899 290 6990 1053 650 5937 327 507 223
cat_boundaries=0 1 2
cat_threshold=1645859388 136314880
is_linear=0
shrinkage=0.03


Tree=89
num_leaves=15
num_cat=2
split_feature=37 30 21 31 27 5 1 35 24 1 38 31 38 23
split_gain=0.996052 0.700559 1.08393 1.27451 0.897204 0.804678 0.808599 0.543224 1.11664 0.626548 0.512863 0.509115 0.4222 0.405169
threshold=0 50.500000000000007 75.958333333333357 1.5004810776138553 13.999484953703705 0.38195000000000007 20.500000000000004 1 10.720666666667677 146.50000000000003 0.8432708296679825 0.71691003666217534 1.0580430559006577 137.00000000000003
decision_type=9 2 2 8 2 2 2 1 10 2 2 10 2 2
left_child=1 2 3 5 -5 6 -1 8 -3 11 -2 -9 -10 -13
right_child=10 7 -4 4 -6 -7 -8 9 12 -11 -12 13 -14 -15
leaf_value=0.0019562203703182082 -0.0025941657789051533 0.0033397300530098452 0.0036926136229579387 0.00066744092272550564 0.0043007887122852688 -0.0025724014354979292 -0.00051644786691234232 -0.0026852958794566801 -0.0015141074015179562 0.0017701024652616876 -0.00040455571452480463 -6.5374576729005374e-05 0.00023529718872470807 -0.0012648384220874868
leaf_weight=182 100 103 114 127 118 102 344 100 129 106 2584 782 3309 375
leaf_count=182 100 103 114 127 118 102 344 100 129 106 2584 782 3309 375
internal_value=-6.37303e-06 0.000211852 0.000941444 0.000582185 0.00241738 -0.000133775 0.000339114 6.54435e-05 0.000261129 -0.000441614 -0.000484331 -0.000631636 0.000169656 -0.000454138
internal_weight=8575 5891 987 873 245 628 526 4904 3541 1363 2684 1257 3438 1157
internal_count=8575 5891 987 873 245 628 526 4904 3541 1363 2684 1257 3438 1157
cat_boundaries=0 1 2
cat_threshold=3635948630 26
is_linear=0
shrinkage=0.03


Tree=90
num_leaves=15
num_cat=3
split_feature=37 25 38 35 21 30 36 22 27 31 27 31 38 25
split_gain=0.680518 1.05994 1.16937 0.639987 0.77844 0.752466 0.636288 1.0095 0.913423 1.13533 0.698283 0.546329 0.538487 0.835456
threshold=0 0.24195121951219514 1.9628838600789058 1 29.833333333333339 25.250000000000004 2 3967.5352500000004 13.999392361111113 1.8048797023563459 27.791093750000005 1.3814177727516221 1.7147449677214377 0.43223443223443231
decision_type=9 10 2 1 2 2 9 2 2 8 2 10 2 10
left_child=-1 2 11 6 5 -5 7 10 -8 -10 -3 -2 13 -9
right_child=1 3 -4 4 -6 -7 8 12 9 -11 -12 -13 -14 -15
leaf_value=-0.00025538039592954928 -0.00015376597121635925 -0.00021574540275910457 0.0043715115399946547 -0.00047921158589395835 -0.00099791868194205576 0.002308377627597656 0.0032431732097325879 0.0011277913380987369 0.0025684759522428607 -0.0018086428928345572 0.00092197365302683809 0.0024998242059879215 -0.0024328842892295172 -0.0023237936167520875
leaf_weight=4176 201 803 110 208 789 150 162 156 101 113 1228 107 171 106
leaf_count=4176 201 803 110 208 789 150 162 156 101 113 1228 107 171 106
internal_value=1.87163e-05 0.000278511 0.00171636 0.000128464 -0.000467396 0.000688773 0.000369461 0.000190998 0.00150371 0.000257194 0.000472152 0.000768098 -0.00112335 -0.000268651
internal_weight=8581 4405 418 3987 1147 358 2840 2464 376 214 2031 308 433 262
internal_count=8581 4405 418 3987 1147 358 2840 2464 376 214 2031 308 433 262
cat_boundaries=0 1 2 3
cat_threshold=2798502194 14 48
is_linear=0
shrinkage=0.03


Tree=91
num_leaves=15
num_cat=3
split_feature=37 25 37 0 24 37 28 22 31 31 22 33 25 31
split_gain=0.747065 0.659664 1.27932 0.622318 0.59942 0.602393 1.47013 0.459723 0.881426 0.742462 0.655733 0.896304 1.02588 0.566939
threshold=0 0.24195121951219514 1 11.500000000000002 15.200166666666847 2 0.53105902777777791 6444.0500000000002 1.8322390932420876 1.1353641777370593 1891.5441250000001 1.0000000180025095e-35 0.47913043478260875 2.582896707736237
decision_type=9 10 9 2 8 9 2 2 10 10 2 2 10 10
left_child=-1 2 -2 7 -5 -6 -7 10 9 -9 -3 12 -12 -10
right_child=1 3 -4 4 5 6 -8 8 13 -11 11 -13 -14 -15
leaf_value=-0.0008453481209445841 0.0036303971886259166 -4.8467995216906182e-05 0.00038284187858550093 -0.0028850767758479843 -0.0011704112645270315 0.0030017521005168916 -0.0016085904000001029 -0.0012009198990852448 -0.0035657368406968853 0.0016280144202068974 0.0013770266301678777 0.0023757007162699974 -0.00058384517812250149 -0.00052973121651448307
leaf_weight=857 109 3582 1433 111 431 124 125 166 124 168 457 246 506 100
leaf_count=857 109 3582 1433 111 431 124 125 166 124 168 457 246 506 100
internal_value=-1.05393e-05 8.35831e-05 0.000638429 -5.56249e-05 -0.000841026 -0.000507365 0.000660786 6.05187e-05 -0.000754428 0.000222017 0.000155434 0.000759552 0.000346704 -0.00221038
internal_weight=8539 7682 1542 6140 791 680 249 5349 558 334 4791 1209 963 224
internal_count=8539 7682 1542 6140 791 680 249 5349 558 334 4791 1209 963 224
cat_boundaries=0 1 2 3
cat_threshold=604340233 2101250 2449496064
is_linear=0
shrinkage=0.03


Tree=92
num_leaves=15
num_cat=2
split_feature=37 36 38 1 31 25 38 38 0 33 31 38 31 32
split_gain=1.11658 0.738561 2.23365 0.909054 0.651001 0.650616 0.671834 0.553294 0.535742 0.47865 0.722218 0.474932 0.839294 0.577719
threshold=0 1 1.8271775008591227 34.500000000000007 2.0058608930058344 0.65500000000000014 1.5979760655851127 1.0299923518540128 8.5000000000000018 1.0000000180025095e-35 3.6569070953420728 1.6980013696122194 0.52163962311029577 19.500000000000004
decision_type=9 9 2 2 10 8 2 2 2 2 8 2 8 2
left_child=4 2 8 -4 7 9 -7 -1 -2 11 -11 12 -3 -13
right_child=1 5 3 -5 -6 6 -8 -9 -10 10 -12 13 -14 -15
leaf_value=-0.0016189758429735726 0.0011760056178287701 0.0026996816593288842 0.0058056674644092815 0.0018191441201737949 -0.0013223392532471809 0.00055617781727655214 0.0033143334455154314 -4.7065716476886057e-05 -0.0011919780006759207 0.00028125671883038705 0.0024890976365964123 -0.00073927037509132377 3.9237164105398721e-05 0.0007958902343367522
leaf_weight=228 152 112 101 105 654 301 108 1736 198 885 157 1397 2264 262
leaf_count=228 152 112 101 105 654 301 108 1736 198 885 157 1397 2264 262
internal_value=1.5762e-05 0.000239944 0.0012723 0.0037737 -0.000500625 0.000133191 0.00128449 -0.000229548 -0.000163597 4.07052e-05 0.000613916 -0.000107321 0.000164645 -0.000496828
internal_weight=8660 6042 556 206 2618 5486 409 1964 350 5077 1042 4035 2376 1659
internal_count=8660 6042 556 206 2618 5486 409 1964 350 5077 1042 4035 2376 1659
cat_boundaries=0 1 2
cat_threshold=3859137319 4
is_linear=0
shrinkage=0.03


Tree=93
num_leaves=15
num_cat=0
split_feature=38 23 1 38 30 38 38 24 38 31 38 30 30 7
split_gain=0.517472 0.355733 0.690082 0.565636 0.392264 0.56761 0.32758 0.547692 0.691657 0.531512 0.430926 0.870015 1.05713 0.769632
threshold=0.80772916916412729 13.500000000000002 4.5000000000000009 1.4389975012063583 168.12500000000003 1.4279593573095639 2.2415648685001899 7.486666666665756 1.7968637676269812 1.2900987958515222 1.67294811739477 160.02500000000003 33.250000000000007 1.0000000180025095e-35
decision_type=2 2 2 2 2 2 2 8 2 8 2 2 2 2
left_child=-1 2 3 -2 5 -4 7 8 9 -3 -9 12 13 -12
right_child=1 6 4 -5 -6 -7 -8 10 -10 -11 11 -13 -14 -15
leaf_value=-0.0020894327748645202 -0.00045017468601806529 -0.0036216998627319435 0.00031456601907538766 0.0023575586895458397 -0.0029698222342645748 -0.0020015016669994688 0.0013319500485044075 0.00027101409878114909 0.00057208716110525109 -0.00090792093660818684 -0.00070143066032215184 0.00049706813602871784 -0.0010257501237507967 0.0027522093073719762
leaf_weight=107 176 101 188 102 100 193 181 4716 164 182 107 927 1238 127
leaf_count=107 176 101 188 102 100 193 181 4716 164 182 107 927 1238 127
internal_value=-1.61584e-05 9.93438e-06 -0.000609873 0.000580001 -0.00129758 -0.000858665 7.06904e-05 4.05015e-05 -0.000978101 -0.00187644 0.000104495 -0.000222851 -0.000676224 0.00117298
internal_weight=8609 8502 759 278 481 381 7743 7562 447 283 7115 2399 1472 234
internal_count=8609 8502 759 278 481 381 7743 7562 447 283 7115 2399 1472 234
is_linear=0
shrinkage=0.03


Tree=94
num_leaves=15
num_cat=3
split_feature=38 37 38 31 21 30 37 30 30 21 31 31 36 31
split_gain=1.01223 0.527633 0.867718 0.667268 0.791885 0.497069 0.704017 0.52194 0.515405 0.616681 0.967455 0.478547 0.534433 0.408093
threshold=2.2614072617831722 0 1.9914864440065265 1.2712272492314391 62.183333333333344 36.250000000000007 1 88.500000000000014 117.50000000000001 80.291666666666686 0.83747257569109268 1.4083069847657375 2 1.7149703331811961
decision_type=2 9 2 8 2 2 9 2 2 2 10 8 9 10
left_child=1 2 3 4 -1 6 -3 -7 9 13 -11 -5 -13 -9
right_child=-2 5 -4 11 -6 7 -8 8 -10 10 -12 12 -14 -15
leaf_value=-0.00083639546240059034 0.0023962103546588107 0.00010610262640683017 0.0017352038220997202 0.0012572936354392379 -0.0034946003231900529 -0.00060528019590888236 0.0021598838950575212 -0.0007876791451227567 2.7922469853416294e-05 7.1624712844457579e-05 0.0039368394006942253 -0.00018477750089954023 -0.0016881727148537623 0.0012242787008111327
leaf_weight=450 156 399 160 169 130 979 237 184 3569 107 128 1393 243 179
leaf_count=450 156 399 160 169 130 979 237 184 3569 107 128 1393 243 179
internal_value=1.96428e-06 -4.28901e-05 -0.000401922 -0.000546979 -0.0014322 0.000115636 0.000907055 1.80486e-05 0.000164494 0.000979586 0.00217693 -0.000262531 -0.00041953 0.000204443
internal_weight=8483 8327 2545 2385 580 5782 636 5146 4167 598 235 1805 1636 363
internal_count=8483 8327 2545 2385 580 5782 636 5146 4167 598 235 1805 1636 363
cat_boundaries=0 1 2 3
cat_threshold=1668116778 277906064 52
is_linear=0
shrinkage=0.03


Tree=95
num_leaves=15
num_cat=1
split_feature=37 38 31 31 38 2 38 21 23 38 5 31 32 23
split_gain=1.16268 1.96105 1.46035 0.643113 0.407372 0.379259 0.509979 0.461312 0.405826 0.400991 0.362829 0.36238 0.858911 0.661262
threshold=0 1.8271775008591227 1.1912860821249494 1.5004810776138553 0.80772916916412729 1.0000000180025095e-35 1.7343637397285698 193.00000000000003 14.500000000000002 1.5365699355624576 0.77500000000000013 4.1197106291250618 23.500000000000004 145.50000000000003
decision_type=9 2 8 8 2 2 2 2 2 2 2 10 2 2
left_child=1 3 -3 -1 -2 7 -7 8 9 -6 11 -10 13 -13
right_child=4 2 -4 -5 5 6 -8 -9 10 -11 -12 12 -14 -15
leaf_value=-0.0020553401394206431 -0.0019662092327189834 0.00046339388605792168 0.004720564031464084 0.00073385312681972608 -0.0010972919226335846 -0.00015726226544357652 -0.0015904680007294406 0.0020468382795438131 -2.711315239932513e-05 0.00063381239409991501 0.0018301921412348747 0.00065593088076465564 -0.00101956280713082 0.003188820545075704
leaf_weight=124 101 121 181 186 517 781 313 101 5339 157 105 283 174 138
leaf_count=124 101 121 181 186 517 781 313 101 5339 157 105 283 174 138
internal_value=2.40733e-05 0.00127352 0.00301488 -0.000381824 -7.29008e-05 -4.88119e-05 -0.000567311 3.44341e-05 4.15662e-06 -0.000694052 8.20823e-05 5.11501e-05 0.000753415 0.00148619
internal_weight=8621 612 302 310 8009 7908 1094 6814 6713 674 6039 5934 595 421
internal_count=8621 612 302 310 8009 7908 1094 6814 6713 674 6039 5934 595 421
cat_boundaries=0 1
cat_threshold=136839240
is_linear=0
shrinkage=0.03


Tree=96
num_leaves=15
num_cat=1
split_feature=27 27 30 38 36 1 23 1 38 30 30 13 23 25
split_gain=0.509958 1.31777 0.715874 0.527734 1.54473 1.00557 1.61414 0.446743 0.660686 0.675437 2.062 0.642427 0.894232 0.861775
threshold=27.999803240740743 28.280746527777783 298.60000000000008 2.0324742402647469 0 74.500000000000014 65.500000000000014 29.500000000000004 1.3746037144012846 107.30000000000001 94.500000000000014 1.0000000180025095e-35 63.500000000000007 0.3823076923076924
decision_type=2 2 2 2 9 2 2 2 2 2 2 2 2 8
left_child=3 -2 -3 7 5 6 -5 8 -1 10 11 13 -13 -10
right_child=1 2 -4 4 -6 -7 -8 -9 9 -11 -12 12 -14 -15
leaf_value=-0.0004825907636039177 0.0033145915996625691 -2.2235582236514779e-05 0.0021222995780482063 0.005523191184728546 -0.0016261501475399527 -0.00030615579001605508 0.00094369036259809929 -0.00039878146396500472 0.0029854645730114696 -0.00021019704304525277 0.0049612855966607071 0.0008120328345490351 -0.0017978532707721398 -0.0003230906306489487
leaf_weight=1033 136 1236 158 113 173 150 179 3769 173 702 106 327 185 120
leaf_count=1033 136 1236 158 113 173 150 179 3769 173 702 106 327 185 120
internal_value=-5.11954e-07 0.000495833 0.000220832 -0.000108536 0.000730947 0.00165292 0.00271589 -0.000189016 0.000109776 0.000489141 0.00102804 0.00051012 -0.000130992 0.00163042
internal_weight=8560 1530 1394 7030 615 442 292 6415 2646 1613 911 805 512 293
internal_count=8560 1530 1394 7030 615 442 292 6415 2646 1613 911 805 512 293
cat_boundaries=0 1
cat_threshold=7
is_linear=0
shrinkage=0.03


Tree=97
num_leaves=15
num_cat=2
split_feature=38 36 1 30 36 30 30 23 25 25 1 38 5 23
split_gain=0.521589 1.32446 1.50278 0.738577 0.762159 0.749272 0.638091 0.492584 1.07552 0.397865 0.464583 1.2906 0.474919 0.452878
threshold=1.8814286396623332 0 45.500000000000007 156.25000000000003 1 52.500000000000007 94.500000000000014 122.50000000000001 0.45972972972972981 0.22290322580645164 13.500000000000002 1.4312585090780858 0.36035 28.500000000000004
decision_type=2 9 2 2 9 2 2 2 10 10 2 2 2 2
left_child=9 3 -3 4 5 -2 -7 -5 -9 10 11 -1 -12 -11
right_child=1 2 -4 7 -6 6 -8 8 -10 13 12 -13 -14 -15
leaf_value=-0.00040300078801293337 0.0024249421925667453 0.0050499976708147766 4.1522889118641613e-05 0.0024336172693896242 -0.0015197378730934584 -0.0019546762862459712 0.00080459731915404769 0.0025151545074271055 -0.0016558835784133046 -0.00071922607781009268 -0.00021309169993215544 0.0039856618946127664 0.0015945740308980368 -7.7445361530682305e-05
leaf_weight=135 119 117 100 162 321 132 176 103 121 1248 784 109 157 4779
leaf_count=135 119 117 100 162 321 132 176 103 121 1248 784 109 157 4779
internal_value=-1.01968e-05 0.000530773 0.00262115 0.000106706 -0.000442344 0.000393959 -0.000377949 0.00117343 0.000262049 -0.000111535 0.000390984 0.00155751 8.85061e-05 -0.000210338
internal_weight=8563 1351 217 1134 748 427 308 386 224 7212 1185 244 941 6027
internal_count=8563 1351 217 1134 748 427 308 386 224 7212 1185 244 941 6027
cat_boundaries=0 1 2
cat_threshold=49 1
is_linear=0
shrinkage=0.03


Tree=98
num_leaves=15
num_cat=2
split_feature=38 23 37 31 38 38 36 38 38 30 38 27 0 1
split_gain=0.485193 0.49644 0.419992 0.715048 0.65593 0.698952 1.18369 1.30871 1.13552 0.762083 0.70793 0.625149 0.564016 0.86807
threshold=0.86654743331511652 9.5000000000000018 0 7.4976562500000012 1.2410882826133276 1.5943097895751479 1 2.1207569113729212 1.8878310154818834 277.02500000000003 1.4977578387186858 12.999716435185187 4.5000000000000009 12.500000000000002
decision_type=2 2 9 8 2 2 9 2 2 2 2 2 2 2
left_child=-1 -2 -3 4 -4 9 8 12 -7 10 11 -6 -8 -14
right_child=1 2 3 -5 5 6 7 -9 -10 -11 -12 -13 13 -15
leaf_value=-0.0016771634569158777 -0.0014789476341725339 -0.00024029376731149368 -0.00082283282407966118 0.0018802529481505084 -0.001423372395426756 -0.00011037481157503769 -0.0013770629268260203 -0.0032140650030535955 0.0040973216474089209 -0.0008321913210620858 0.002069580652125405 0.00086941104144142446 0.0016552538651153676 -0.00025837276317256468
leaf_weight=168 213 3851 592 214 124 118 278 135 113 236 401 782 263 1130
leaf_count=168 213 3851 592 214 124 118 278 135 113 236 401 782 263 1130
internal_value=-8.07367e-05 -4.89971e-05 -1.20201e-05 0.000188527 0.000102203 0.00025517 -0.000109661 -0.000370788 0.00186711 0.000736802 0.00102011 0.000555608 -0.000143299 0.000102922
internal_weight=8618 8450 8237 4386 4172 3580 2037 1806 231 1543 1307 906 1671 1393
internal_count=8618 8450 8237 4386 4172 3580 2037 1806 231 1543 1307 906 1671 1393
cat_boundaries=0 1 2
cat_threshold=2974081187 4
is_linear=0
shrinkage=0.03


Tree=99
num_leaves=15
num_cat=4
split_feature=35 38 37 1 28 37 22 24 13 31 37 21 22 1
split_gain=0.532048 0.600313 0.526872 0.471257 1.03047 0.689575 0.611598 0.601498 0.685413 0.588717 0.545339 0.577792 0.560435 0.505697
threshold=0 1.0580430559006577 1 8.5000000000000018 8.6778009259259274 2 288.4500000000001 46.898166666666178 0.50000000000000011 1.0823369463999704 3 119.50000000000001 1946.8125000000002 21.500000000000004
decision_type=1 2 9 2 2 9 2 10 2 8 9 2 2 2
left_child=1 -1 -2 4 10 6 -5 8 -7 -9 -3 12 -12 -11
right_child=2 3 -4 5 -6 7 -8 9 -10 13 11 -13 -14 -15
leaf_value=-0.001178921560776336 -0.001005588378800713 8.1431359607945933e-05 -7.2078284831187536e-05 -0.00034335201336944005 -0.00145747832414911 0.00058420099285585515 -0.0028431695661555716 -0.00095006648093870244 0.0028364227958699714 -0.00055097952369994425 0.0017732551465080319 0.00028971995490600255 0.0043505237259358022 0.00045883965838463083
leaf_weight=272 713 254 2224 366 146 728 116 438 146 571 306 161 101 2044
leaf_count=272 713 254 2224 366 146 728 116 438 146 571 306 161 101 2044
internal_value=2.55895e-05 0.000195754 -0.000301345 0.000265658 0.000865052 0.00013406 -0.000925761 0.000265823 0.00096043 6.78447e-05 0.00127757 0.0017797 0.00241282 0.00023834
internal_weight=8586 5649 2937 5377 968 4409 482 3927 874 3053 822 568 407 2615
internal_count=8586 5649 2937 5377 968 4409 482 3927 874 3053 822 568 407 2615
cat_boundaries=0 1 2 3 4
cat_threshold=26 184846342 1142439971 1088471072
is_linear=0
shrinkage=0.03


Tree=100
num_leaves=15
num_cat=2
split_feature=37 37 0 25 38 22 24 27 27 30 38 30 0 1
split_gain=0.498076 0.384607 1.02294 1.01869 0.826916 0.939985 0.630897 0.321533 0.886245 1.42023 0.836763 0.62471 0.751168 0.543085
threshold=0 1 6.5000000000000009 0.62481481481481493 1.8271775008591227 288.4500000000001 30.971166666667418 27.999803240740743 29.999218750000001 179.02500000000003 1.778892175772542 213.07500000000002 6.5000000000000009 32.500000000000007
decision_type=9 9 2 8 2 2 10 2 2 2 2 2 2 2
left_child=-1 2 6 4 5 -4 -2 -3 9 -9 -10 12 -11 -13
right_child=1 7 3 -5 -6 -7 -8 8 10 11 -12 13 -14 -15
leaf_value=-0.0005793515186355312 0.0038620133033045565 -8.2433769957860207e-05 -0.00029543855280052261 0.002832178630771595 0.0010519098335597429 -0.0038041314411543007 0.00069939637834277857 0.0041273071374586323 6.9258899226204464e-05 0.0011958066953978925 -0.0028322716148675609 0.00015035190370066891 -0.0022829838097281753 0.0021860412054591815
leaf_weight=1082 125 5177 215 101 199 101 104 118 573 101 106 231 125 241
leaf_count=1082 125 5177 215 101 199 101 104 118 573 101 106 231 125 241
internal_value=1.94416e-05 0.000106262 0.000705418 7.73434e-05 -0.000462925 -0.00141689 0.00242572 2.9437e-05 0.000417028 0.00108332 -0.000383705 0.000568726 -0.000728303 0.00118976
internal_weight=8599 7517 845 616 515 316 229 6672 1495 816 679 698 226 472
internal_count=8599 7517 845 616 515 316 229 6672 1495 816 679 698 226 472
cat_boundaries=0 1 2
cat_threshold=637866532 154150018
is_linear=0
shrinkage=0.03


Tree=101
num_leaves=15
num_cat=2
split_feature=38 36 38 31 37 0 23 28 21 25 31 31 1 31
split_gain=0.65835 1.34664 0.819911 0.743143 0.621011 0.681753 0.597705 0.496961 0.573716 0.477913 0.434684 0.649148 0.588158 0.553108
threshold=2.0230418184696588 0 2.1207569113729212 2.663388135598137 1 8.5000000000000018 69.500000000000014 4.1058854166666672 62.183333333333344 0.24695121951219515 2.2745139927365949 7.4976562500000012 3.5000000000000004 2.1475599371451475
decision_type=2 9 2 8 9 2 2 2 2 10 8 10 2 10
left_child=4 2 -2 6 5 9 -3 8 -7 -1 13 12 -12 -6
right_child=1 3 -4 -5 10 7 -8 -9 -10 -11 11 -13 -14 -15
leaf_value=0.0016356183088007772 0.00061943906122989209 0.0024702548919285231 -0.0028849730930744191 0.0036583360811869659 0.00013881093334153682 -0.0011532966322941375 -0.00016463920478959471 -2.8813101958179509e-05 -0.0033067422708288044 -0.00030906124026113782 0.0010347927674868244 0.0015840281679054661 -0.00059663882771238456 0.0016250141596598395
leaf_weight=131 131 141 111 139 3475 503 172 239 143 863 222 155 1910 241
leaf_count=131 131 141 111 139 3475 503 172 239 143 863 222 155 1910 241
internal_value=-3.65248e-05 0.000849296 -0.000948752 0.00179328 -0.00011452 -0.000588837 0.00102233 -0.00119758 -0.00162999 -5.27705e-05 3.48686e-05 -0.000290482 -0.000426762 0.000235198
internal_weight=8576 694 242 452 7882 1879 313 885 646 994 6003 2287 2132 3716
internal_count=8576 694 242 452 7882 1879 313 885 646 994 6003 2287 2132 3716
cat_boundaries=0 1 2
cat_threshold=48 1930788987
is_linear=0
shrinkage=0.03


Tree=102
num_leaves=15
num_cat=1
split_feature=38 35 1 7 30 27 27 32 24 23 1 38 28 24
split_gain=0.602304 0.527598 0.4921 0.95414 0.494455 1.11483 0.441951 0.474927 0.385663 0.384623 0.3959 0.818494 0.76585 0.520783
threshold=0.80772916916412729 0 145.50000000000003 1.0000000180025095e-35 180.25000000000003 17.003738425925928 13.999843750000002 14.500000000000002 5.2015000000000002 9.5000000000000018 8.5000000000000018 1.2034149879927034 9.0712905092592617 88.281833333336408
decision_type=2 1 2 2 2 2 2 2 10 2 2 2 2 10
left_child=-1 9 4 -4 5 8 -6 -8 -3 -2 11 -11 13 -13
right_child=1 2 3 -5 6 -7 7 -9 -10 10 -12 12 -14 -15
leaf_value=-0.0023319248625022523 -0.0012883091321134047 -0.0022741369563754241 -0.0012664359638258095 0.0023918245036978849 -0.00019999376895663766 0.0021138965730566786 -0.0035877738449406542 -0.0011272344228943213 -0.00037013037938876274 -0.0012655833827662528 8.135561713786991e-05 0.00058334636634140079 -0.0012676417130905273 0.0022276747045594505
leaf_weight=102 161 101 109 156 193 163 112 191 1840 152 4486 314 104 387
leaf_count=102 161 101 109 156 193 163 112 191 1840 152 4486 314 104 387
internal_value=-4.03741e-05 -1.27748e-05 -0.000343239 0.000887106 -0.000469959 -0.000269089 -0.00132204 -0.00203674 -0.000469205 0.000156505 0.000199529 0.000753477 0.00113472 0.00149113
internal_weight=8571 8469 2865 265 2600 2104 496 303 1941 5604 5443 957 805 701
internal_count=8571 8469 2865 265 2600 2104 496 303 1941 5604 5443 957 805 701
cat_boundaries=0 1
cat_threshold=26
is_linear=0
shrinkage=0.03


Tree=103
num_leaves=15
num_cat=2
split_feature=37 0 29 31 24 23 23 35 22 22 23 23 30 30
split_gain=0.430686 1.26005 0.944622 0.794729 0.589125 0.310213 0.75099 0.944838 0.518643 0.488362 0.5424 1.27073 0.647447 0.996206
threshold=0 6.5000000000000009 1.0000000180025095e-35 1.5004810776138553 7.486666666665756 14.500000000000002 20.500000000000004 1 6444.0500000000002 1891.5441250000001 67.500000000000014 86.500000000000014 97.500000000000014 247.55000000000004
decision_type=9 2 2 8 8 2 2 1 2 2 2 2 2 2
left_child=1 -1 3 -3 -2 -6 7 -7 9 -8 -11 -12 -13 -14
right_child=4 2 -4 -5 5 6 8 -9 -10 10 11 12 13 -15
leaf_value=0.003092101865416824 -0.0014744610924614019 -0.00026840893229326373 -0.0015807321776719616 0.0029565043062562257 -0.00056628435764451254 -0.00056123204074981742 -3.6149268042065779e-05 0.0023692792256880509 -0.00068947596540161265 -0.00042748700743166926 0.0041051114896441454 -0.0011375502412767061 0.0017410679270124158 -0.00020545304002839008
leaf_weight=164 234 156 192 123 665 154 4297 267 787 371 101 166 542 420
leaf_count=164 234 156 192 123 665 154 4297 267 787 371 101 166 542 420
internal_value=6.88309e-05 0.000814546 3.88061e-05 0.00115333 8.64089e-06 5.33169e-05 0.000111309 0.00134026 3.39023e-05 0.000130443 0.000577846 0.000881327 0.000592673 0.000891235
internal_weight=8639 635 471 279 8004 7770 7105 421 6684 5897 1600 1229 1128 962
internal_count=8639 635 471 279 8004 7770 7105 421 6684 5897 1600 1229 1128 962
cat_boundaries=0 1 2
cat_threshold=137372680 19
is_linear=0
shrinkage=0.03


Tree=104
num_leaves=15
num_cat=3
split_feature=37 2 25 22 22 22 25 1 37 1 31 25 37 13
split_gain=0.422968 0.337129 0.363349 0.505106 0.447054 0.380776 0.35681 0.601999 0.562554 0.484346 0.463788 0.431985 0.466445 0.770808
threshold=0 1.0000000180025095e-35 0.24695121951219515 1443.4020000000003 1027.3000000000004 449.2000000000001 0.62481481481481493 25.500000000000004 1 59.500000000000007 5.1020956475013444 0.57409090909090921 2 0.50000000000000011
decision_type=9 2 10 2 2 2 8 2 9 2 8 10 9 2
left_child=-1 6 -3 4 5 -4 11 10 -9 -10 -8 12 13 -2
right_child=1 2 3 -5 -6 -7 7 8 9 -11 -12 -13 -14 -15
leaf_value=-0.00058301074654653869 0.00036457490188013893 0.0009279252051793296 0.00034767462197037057 -0.0014322039034417478 0.0017068952643181955 -0.0017251364067804229 0.0033391123745912829 -0.00094002066887712682 -0.00016039309314830953 0.0025876580909990699 0.00070590021924280943 -0.00081978423897100525 5.9890255565233382e-06 0.002744581071609581
leaf_weight=1075 710 145 189 424 107 138 117 220 118 113 124 469 4466 148
leaf_count=1075 710 145 189 424 107 138 117 220 118 113 124 469 4466 148
internal_value=-2.94448e-05 5.07376e-05 -0.000461043 -0.000695775 2.36854e-05 -0.00052709 0.00012997 0.000773818 0.000126994 0.00113477 0.00198426 5.30596e-05 0.00012995 0.000766182
internal_weight=8563 7488 1003 858 434 327 6485 692 451 231 241 5793 5324 858
internal_count=8563 7488 1003 858 434 327 6485 692 451 231 241 5793 5324 858
cat_boundaries=0 1 2 3
cat_threshold=570721069 18432 272113664
is_linear=0
shrinkage=0.03


Tree=105
num_leaves=15
num_cat=3
split_feature=37 22 37 0 27 0 36 25 1 23 30 32 28 26
split_gain=0.534482 0.458232 0.704439 0.930954 0.524081 0.415445 0.411573 0.404968 0.673052 0.665522 0.47534 0.343855 0.463065 0.338103
threshold=0 11720.000000000002 1 6.5000000000000009 16.020740740740745 14.500000000000002 2 0.15000000000000005 14.500000000000002 49.500000000000007 117.50000000000001 29.500000000000004 10.354369212962965 0.039230769230769243
decision_type=9 2 9 2 2 2 9 10 2 2 2 2 2 8
left_child=5 2 3 -2 -5 6 -1 8 -4 10 -10 13 -13 -9
right_child=1 -3 7 4 -6 -7 -8 11 9 -11 -12 12 -14 -15
leaf_value=-4.2445155488201752e-05 0.0037614759441930799 -0.0014531816711710035 0.0031566166435700971 -0.00069031323510201741 0.0021420386568326683 -0.0016547079381034043 -0.0012142494177420768 0.00037043887434181483 0.0029495842228643597 -0.0010806952336976168 6.6869513207751483e-05 0.00013520319045296517 -0.0024736053466287281 -0.00020589606008520795
leaf_weight=2875 120 138 105 137 103 175 288 2733 105 152 101 145 106 1378
leaf_count=2875 120 138 105 137 103 175 288 2733 105 152 101 145 106 1378
internal_value=6.61294e-05 0.000252507 0.000298392 0.00156063 0.000525238 -0.000231145 -0.000153114 0.000200564 0.00104458 0.000425124 0.00153621 0.000111437 -0.000966525 0.000177252
internal_weight=8661 5323 5185 360 240 3338 3163 4825 463 358 206 4362 251 4111
internal_count=8661 5323 5185 360 240 3338 3163 4825 463 358 206 4362 251 4111
cat_boundaries=0 1 2 3
cat_threshold=1933951267 136314880 21
is_linear=0
shrinkage=0.03


Tree=106
num_leaves=15
num_cat=2
split_feature=22 0 30 22 11 37 38 30 21 22 30 32 27 37
split_gain=0.648824 0.85716 0.748552 0.945203 0.696407 0.670184 0.863392 0.498025 0.497878 0.514737 0.837732 1.45199 0.715542 0.554199
threshold=6444.0500000000002 8.5000000000000018 117.50000000000001 7451.8250000000016 1.0000000180025095e-35 0 1.9550961756217189 64.050000000000011 82.125000000000014 1946.8125000000002 98.500000000000014 16.500000000000004 13.999797453703705 1
decision_type=2 2 2 2 2 9 2 2 2 2 2 2 2 9
left_child=4 2 -2 -4 5 6 -1 -6 9 13 -11 12 -12 -7
right_child=1 -3 3 -5 7 8 -8 -9 -10 10 11 -13 -14 -15
leaf_value=0.00028406727360561488 0.0013449023258750947 -0.0019152384503528211 -0.0027974251354187375 0.0001781303509721844 -0.0028058985634561396 -0.00074622059862442382 0.0036533292100077198 -0.00037453453347552563 0.00036519875819133064 -0.0012880632435938097 0.0014096966314147859 -0.00054758334095822642 0.0045525552038531243 -1.0198748594590135e-05
leaf_weight=190 211 381 146 281 128 1515 107 186 2404 159 158 228 111 2335
leaf_count=190 211 381 146 281 128 1515 107 186 2404 159 158 228 111 2335
internal_value=-7.88982e-05 -0.000789304 -0.00011692 -0.000839273 1.73528e-05 7.76091e-05 0.00144912 -0.00136566 1.6539e-05 -0.000169438 0.000607339 0.00121372 0.00270656 -0.000301793
internal_weight=8540 1019 638 427 7521 7207 297 314 6910 4506 656 497 269 3850
internal_count=8540 1019 638 427 7521 7207 297 314 6910 4506 656 497 269 3850
cat_boundaries=0 1 2
cat_threshold=3670080 2894137856
is_linear=0
shrinkage=0.03


Tree=107
num_leaves=15
num_cat=4
split_feature=23 37 38 31 25 17 36 38 24 38 38 37 36 24
split_gain=0.514908 0.892548 0.777298 0.680224 0.539036 0.52388 0.511532 0.701735 0.499367 0.462123 0.620248 0.920304 0.910794 0.903237
threshold=13.500000000000002 0 1.9628838600789058 0.46316937957065346 0.42052631578947369 3.5000000000000004 1 1.5228159045906893 7.486666666665756 1.67294811739477 1.8348248810853049 2 3 62.516166666665036
decision_type=2 9 2 10 8 2 9 2 8 2 2 9 9 10
left_child=3 2 4 -1 -2 8 -5 -8 -3 -10 11 -11 -12 -13
right_child=1 5 -4 6 -6 -7 7 -9 9 10 12 13 -14 -15
leaf_value=-0.0030785463535983582 -0.00088389400885371136 -0.0012974608107687476 0.0034687973477221168 -0.0014690729173567102 0.0019478397188738971 0.0019834774652414994 -0.00047529919403333025 0.0023851536006951543 0.00016582054045161169 -0.0021378330018821082 0.00091880366834072808 0.0015716348767950924 -0.00064671643654722988 -0.00084684877098304551
leaf_weight=100 121 281 122 247 121 115 308 103 4694 341 625 182 697 588
leaf_count=100 121 281 122 247 121 115 308 103 4694 341 625 182 697 588
internal_value=-2.64198e-05 4.53567e-05 0.00147575 -0.000773256 0.000531973 -2.57802e-05 -0.000422907 0.000235816 -5.70062e-05 -8.09815e-06 -0.00034364 -0.000866147 9.54704e-05 -0.000271679
internal_weight=8645 7887 364 758 242 7523 658 411 7408 7127 2433 1111 1322 770
internal_count=8645 7887 364 758 242 7523 658 411 7408 7127 2433 1111 1322 770
cat_boundaries=0 1 2 3 4
cat_threshold=1076368400 5 939540481 7
is_linear=0
shrinkage=0.03


Tree=108
num_leaves=15
num_cat=1
split_feature=37 31 31 21 17 27 27 30 30 24 27 31 0 38
split_gain=0.671743 1.71451 1.32434 0.711358 0.606439 0.472065 0.638339 0.876356 0.894211 0.451388 0.497732 0.542273 0.59267 0.451464
threshold=0 1.2190404267189183 1.793377120963328 193.00000000000003 3.5000000000000004 27.999803240740743 28.365295138888893 289.02500000000003 249.05000000000004 210.44716666666702 29.116319444444446 1.839223276723277 7.5000000000000009 1.5365699355624576
decision_type=9 8 10 2 2 2 2 2 2 10 2 10 2 2
left_child=1 -1 -3 4 5 -2 -7 8 9 13 -11 -12 -13 -8
right_child=3 2 -4 -5 -6 6 7 -9 -10 10 11 12 -14 -15
leaf_value=-0.00091623850078348011 -0.0001660484270779827 0.0055245451533316985 0.0009219353648293162 0.0022402803851318321 0.0021031131452152957 0.0019508192845002993 -0.0014251353959753468 0.0020426006994148337 -0.0018262308142010096 -0.0011043768755556775 2.1325764161838611e-05 0.0033747051991237214 0.00047796310757153792 0.0010258405268657952
leaf_weight=179 6435 103 124 127 119 212 209 192 228 101 193 147 112 100
leaf_count=179 6435 103 124 127 119 212 209 192 228 101 193 147 112 100
internal_value=7.24736e-05 0.00124842 0.00301034 1.25296e-05 -2.26094e-05 -5.45127e-05 0.000425897 0.000173726 -0.00015547 0.000286448 0.000799615 0.00122507 0.00212206 -0.000631939
internal_weight=8581 406 227 8175 8048 7929 1494 1282 1090 862 553 452 259 309
internal_count=8581 406 227 8175 8048 7929 1494 1282 1090 862 553 452 259 309
cat_boundaries=0 1
cat_threshold=2622472
is_linear=0
shrinkage=0.03


Tree=109
num_leaves=15
num_cat=3
split_feature=38 36 37 31 37 23 38 38 28 38 32 0 23 38
split_gain=0.460181 1.56951 0.720077 0.61744 0.601169 0.555863 0.854579 0.619802 0.630242 0.514255 0.539126 0.665973 0.51135 0.847228
threshold=2.0230418184696588 0 1 2.5647058434165593 2 148.50000000000003 1.6980013696122194 1.5332185501827926 2.1946817129629634 1.8957829999611842 5.5000000000000009 8.5000000000000018 124.50000000000001 1.9013833091226673
decision_type=2 9 9 10 9 2 2 2 2 2 2 2 2 2
left_child=4 2 -2 -4 9 12 7 -7 -9 10 11 -1 -6 -14
right_child=1 -3 3 -5 5 6 -8 8 -10 -11 -12 -13 13 -15
leaf_value=0.00097027152576787475 -0.0017541740617709907 0.0035124415533560938 -0.00013720552434556577 0.002331963964710151 2.7559217777349341e-05 -0.00064004405764182945 -0.001881350316025253 -0.00064087301582939609 0.0023245648386557749 0.00077953960186277977 -0.0026888504198339003 -0.0016637380125134119 0.0013231395192458948 -0.0016616110041446518
leaf_weight=138 144 135 285 134 5354 565 330 109 158 128 178 231 594 100
leaf_count=138 144 135 285 134 5354 565 330 109 158 128 178 231 594 100
internal_value=-4.01119e-06 0.000734299 5.64885e-06 0.000637248 -6.93683e-05 1.13977e-05 -0.000589539 -7.7162e-05 0.00111396 -0.000918628 -0.0013328 -0.000678661 0.000126874 0.00089306
internal_weight=8583 698 563 419 7885 7210 1162 832 267 675 547 369 6048 694
internal_count=8583 698 563 419 7885 7210 1162 832 267 675 547 369 6048 694
cat_boundaries=0 1 2 3
cat_threshold=49 10485760 557383689
is_linear=0
shrinkage=0.03


Tree=110
num_leaves=15
num_cat=5
split_feature=17 35 38 37 37 25 31 37 24 31 31 5 37 33
split_gain=0.4521 0.42362 0.749883 0.717008 0.641818 0.81611 1.01545 1.22906 0.534432 0.505268 0.670741 0.573981 0.543601 0.504739
threshold=3.5000000000000004 0 1.2034149879927034 1 2 0.29772727272727278 1.0284500202347231 3 105.43750000000176 2.9865742244263793 3.1885887096774197 0.23305000000000003 4 1.0000000180025095e-35
decision_type=2 1 2 9 9 10 8 9 10 8 8 2 9 2
left_child=1 2 -1 -3 8 6 -6 -8 -4 11 -11 -7 -13 -5
right_child=-2 3 4 13 5 9 7 -9 -10 10 -12 12 -14 -15
leaf_value=-0.00077231429694628372 0.0018225954134562393 -0.00081880686296952054 3.080838920709252e-05 -0.00013534172273817004 -0.00038498708892515613 0.00047804745577078613 0.00037353391330855498 0.0050076244027877689 -0.0014215991349873489 0.0031376664754124762 0.00064526530241139194 -0.00019256214109611959 -0.0024363338713546427 0.0012184892489658994
leaf_weight=702 123 1313 1191 1269 114 1499 102 118 282 115 627 699 104 308
leaf_count=702 123 1313 1191 1269 114 1499 102 118 282 115 627 699 104 308
internal_value=1.68972e-05 -9.40869e-06 0.000143861 -0.000303357 0.000276739 0.000503737 0.00191294 0.00310369 -0.000245582 0.000350768 0.00103155 0.000131331 -0.000515901 0.000128258
internal_weight=8566 8443 5553 2890 4851 3378 334 220 1473 3044 742 2302 803 1577
internal_count=8566 8443 5553 2890 4851 3378 334 220 1473 3044 742 2302 803 1577
cat_boundaries=0 1 2 3 4 5
cat_threshold=26 593529092 2692763683 270008320 6293504
is_linear=0
shrinkage=0.03


Tree=111
num_leaves=15
num_cat=2
split_feature=37 23 23 28 27 27 27 28 24 30 1 28 28 35
split_gain=0.373432 0.364315 0.579675 0.44229 0.416512 0.554976 0.919626 0.92069 0.74305 0.690172 1.05016 0.610798 0.609856 0.581634
threshold=0 149.50000000000003 144.50000000000003 22.94172453703704 30.570040509259261 17.003738425925928 20.413738425925931 1.1472222222222224 6.2545000000001165 53.500000000000007 20.500000000000004 5.9710474537037044 0.8725925925925927 1
decision_type=9 2 2 2 2 2 2 2 8 2 2 2 2 1
left_child=-1 2 3 4 5 8 7 -7 -2 10 12 -12 -10 -11
right_child=1 -3 -4 -5 -6 6 -8 -9 9 13 11 -13 -14 -15
leaf_value=-0.00046612035508508388 -0.0013241039695922208 -0.0003166769168627461 0.0019586581920809512 0.0018408799042507749 -0.001108209328888289 0.0037278256628051165 0.00035105094709830483 0.00036377834137399779 0.0032161697378270833 -0.0009744699403791586 -0.00014524318679566808 0.0019970840084958278 0.00037277740679736085 0.00010714593336329409
leaf_weight=953 338 1210 174 145 223 160 1452 135 203 558 712 144 102 2104
leaf_count=953 338 1210 174 145 223 160 1452 135 203 558 712 144 102 2104
internal_value=9.10684e-05 0.000160788 0.000250608 0.000203253 0.000164523 0.000212563 0.000661298 0.00218835 2.41608e-05 0.000143364 0.000753723 0.000215148 0.00226526 -0.000122837
internal_weight=8613 7660 6450 6276 6131 5908 1747 295 4161 3823 1161 856 305 2662
internal_count=8613 7660 6450 6276 6131 5908 1747 295 4161 3823 1161 856 305 2662
cat_boundaries=0 1 2
cat_threshold=621031970 8
is_linear=0
shrinkage=0.03


Tree=112
num_leaves=15
num_cat=4
split_feature=35 37 0 37 5 23 10 32 24 23 37 31 31 24
split_gain=0.39763 0.935551 2.02404 0.566818 0.60991 0.656217 0.362734 0.36456 0.631329 0.733703 0.622741 0.473615 0.586707 0.442603
threshold=0 1 6.5000000000000009 2 0.36600000000000005 137.00000000000003 1.0000000180025095e-35 7.5000000000000009 186.69383333333363 134.50000000000003 3 2.5201640784751711 1.466287878787879 215.06666666666862
decision_type=1 9 2 9 2 2 2 2 8 2 9 8 10 8
left_child=1 2 -1 -2 5 -5 -3 10 9 -9 -8 12 -12 -10
right_child=3 6 -4 4 -6 -7 7 8 13 -11 11 -13 -14 -15
leaf_value=0.004592140281308831 -0.00066216230063139889 -0.0010333019591265971 -0.00034477869462023472 0.00041428970540317774 0.0018473852323594932 -0.00099964435572077147 -0.00069766136323836183 0.0004761320029925875 -0.0015622035530160805 0.002221938558779034 0.00035669191889450212 -0.0013774474155839665 0.002796234113758071 8.5836619815209407e-05
leaf_weight=134 1462 246 169 899 172 440 983 1352 161 258 477 105 109 1647
leaf_count=134 1462 246 169 899 172 440 983 1352 161 258 477 105 109 1647
internal_value=3.74864e-05 0.000185323 0.00177981 -0.000242826 0.000164598 -5.03339e-05 9.16564e-05 0.000146184 0.000323829 0.000755895 -0.000216534 0.000471183 0.000810463 -6.09192e-05
internal_weight=8614 5641 303 2973 1511 1339 5338 5092 3418 1610 1674 691 586 1808
internal_count=8614 5641 303 2973 1511 1339 5338 5092 3418 1610 1674 691 586 1808
cat_boundaries=0 1 2 3 4
cat_threshold=26 136347664 727746572 1354848257
is_linear=0
shrinkage=0.03


Tree=113
num_leaves=15
num_cat=2
split_feature=38 37 31 30 22 21 32 27 1 22 27 38 27 35
split_gain=0.950277 0.423327 0.537468 0.676905 0.60645 0.458489 0.397174 0.719304 1.15276 1.00369 0.581812 0.566047 0.444121 0.436849
threshold=2.2415648685001899 0 1.0284500202347231 49.500000000000007 2410.2000000000003 193.00000000000003 2.5000000000000004 13.999577546296299 40.500000000000007 655.70000000000005 13.999994212962966 1.6496706967483874 13.418373842592596 1
decision_type=2 9 8 2 2 2 2 2 2 2 2 2 2 1
left_child=1 2 3 -1 -4 6 7 8 9 -3 -9 -12 -10 -8
right_child=-2 5 4 -5 -6 -7 13 10 12 -11 11 -13 -14 -15
leaf_value=-0.00050821997324868766 0.0021089435799602559 0.0013055006318229614 -0.00041709590076566115 -0.0036229904035641122 0.0018430043904503444 0.0019056434284969483 0.00012970182147491812 -0.0014531009154864539 -0.0016434918047930945 0.0049814155880760934 0.0021736852533938283 -0.00075923363713282642 0.0010030953259393572 -0.00044210989720679914
leaf_weight=166 195 184 1131 101 118 123 4159 202 105 105 121 116 125 1680
leaf_count=166 195 184 1131 101 118 123 4159 202 105 105 121 116 125 1680
internal_value=3.84835e-05 -9.37562e-06 -0.000461696 -0.00168647 -0.000203572 9.02532e-05 5.75343e-05 0.000623695 0.00137973 0.00264104 -0.000270117 0.000738164 -0.000205129 -3.53552e-05
internal_weight=8631 8436 1516 267 1249 6920 6797 958 519 289 439 237 230 5839
internal_count=8631 8436 1516 267 1249 6920 6797 958 519 289 439 237 230 5839
cat_boundaries=0 1 2
cat_threshold=1680167337 26
is_linear=0
shrinkage=0.03


Tree=114
num_leaves=15
num_cat=2
split_feature=31 22 17 0 36 24 23 35 1 28 24 24 30 25
split_gain=0.434417 0.571981 0.397754 0.322338 0.524427 0.766256 0.711833 0.663665 0.806647 0.74039 0.413358 0.372098 0.446246 0.546504
threshold=0.1106014271151886 11720.000000000002 3.5000000000000004 11.500000000000002 0 114.70683333333277 42.500000000000007 1 47.500000000000007 1.3800347222222225 7.486666666665756 673.12316666666027 169.12500000000003 0.65500000000000014
decision_type=8 2 2 2 9 8 2 1 2 2 8 10 2 10
left_child=-1 2 3 4 5 6 7 8 9 -2 -6 12 -12 -14
right_child=1 -3 -4 -5 10 -7 -8 -9 -10 -11 11 -13 13 -15
leaf_value=0.0017298028928786516 0.001568118349823635 -0.0019263524596802503 0.0017100371455110734 -0.00050758642381847963 -0.0013619975060767805 -0.000679202378883569 0.002944996718589147 -0.0012071633630140279 0.0032930237410642629 -0.0014534875326670514 -0.00019479521996583872 -0.0014854845222925729 0.0002403069756485354 0.0023744182907486041
leaf_weight=125 194 144 118 1160 216 273 161 124 124 117 3517 153 2050 114
leaf_count=125 194 144 118 1160 216 273 161 124 124 117 3517 153 2050 114
internal_value=-2.58421e-05 -5.17671e-05 -1.93263e-05 -4.42032e-05 3.21173e-05 0.000667452 0.00118733 0.000681095 0.00121908 0.000431373 -7.3144e-05 -2.55504e-05 1.37684e-05 0.000352732
internal_weight=8590 8465 8321 8203 7043 993 720 559 435 311 6050 5834 5681 2164
internal_count=8590 8465 8321 8203 7043 993 720 559 435 311 6050 5834 5681 2164
cat_boundaries=0 1 2
cat_threshold=4 10
is_linear=0
shrinkage=0.03


Tree=115
num_leaves=15
num_cat=1
split_feature=22 37 27 27 30 27 31 31 25 31 27 22 25 24
split_gain=0.487274 0.559438 0.827666 1.42716 0.48037 0.462927 0.448767 0.609484 0.445194 0.470299 0.395838 0.658187 0.528565 0.392086
threshold=6444.0500000000002 0 17.003738425925928 20.413738425925931 318.05000000000007 13.999739583333335 3.2948938677315356 3.0002965012848395 0.43223443223443231 0.46316937957065346 28.515098379629634 1711.7312500000005 0.62481481481481493 70.494166666665862
decision_type=2 9 2 2 2 2 10 10 10 10 2 2 8 10
left_child=1 2 5 -4 6 -1 7 -3 9 -2 11 12 -8 -7
right_child=8 4 3 -5 -6 13 10 -9 -10 -11 -12 -13 -14 -15
leaf_value=0.00063961493021055024 0.001656490054290491 -3.9524303174077948e-05 0.0046082074486483359 0.00050740433895209039 0.0015054801130291921 6.4925522406343112e-05 -0.0015266186892113182 0.0016747989238134211 -0.0016159660329535005 -0.00050990583129964051 -0.002073428937854384 0.0017854942763009497 0.00052214361057507203 -0.0020686058293358654
leaf_weight=772 104 4924 117 220 178 219 340 194 280 679 161 103 170 120
leaf_count=772 104 4924 117 220 178 219 340 194 280 679 161 103 170 120
internal_value=1.19104e-05 9.69173e-05 0.000624525 0.00193113 -2.99232e-05 0.000233815 -7.63593e-05 2.54579e-05 -0.000589296 -0.00022216 -0.000749615 -0.000401925 -0.000843698 -0.000690307
internal_weight=8581 7518 1448 337 6070 1111 5892 5118 1063 783 774 613 510 339
internal_count=8581 7518 1448 337 6070 1111 5892 5118 1063 783 774 613 510 339
cat_boundaries=0 1
cat_threshold=2569012312
is_linear=0
shrinkage=0.03


Tree=116
num_leaves=15
num_cat=2
split_feature=30 30 30 37 25 28 0 30 30 30 1 1 35 23
split_gain=0.436735 0.700001 0.488932 0.383938 0.511952 0.401626 0.401483 0.820041 1.1047 0.615728 0.533095 0.653698 0.648692 0.464197
threshold=368.50000000000006 330.27500000000003 296.02500000000003 0 0.17000000000000001 1.0800810185185188 13.500000000000002 33.250000000000007 29.165000000000003 30.165000000000003 49.500000000000007 81.500000000000014 1 12.500000000000002
decision_type=2 2 2 9 10 2 2 2 2 2 2 2 1 2
left_child=1 2 3 4 -1 -6 7 8 10 -8 12 -12 -5 -9
right_child=-2 -3 -4 6 5 -7 9 13 -10 -11 11 -13 -14 -15
leaf_value=-0.0024698755050078032 -0.0016951556426314969 0.0023609161452465767 -0.0012978629252800385 0.0025650112750932631 4.199400494707303e-05 -0.00096956708801111994 -0.0027219014376275875 -0.0013679570851884968 0.0040298190797923251 -9.7199272158091544e-05 -0.002133596158964792 0.001108194929057438 -9.4971196902007227e-05 0.00010959392844066982
leaf_weight=100 140 111 268 179 1181 504 109 199 103 307 110 114 154 4987
leaf_count=100 140 111 268 179 1181 504 109 199 103 307 110 114 154 4987
internal_value=-3.33208e-05 -5.70901e-06 -3.7302e-05 4.68019e-06 -0.000382203 -0.000260574 0.000115388 0.000179652 0.00117564 -0.000784922 0.000647846 -0.000483756 0.00140904 5.28965e-05
internal_weight=8566 8426 8315 8047 1785 1685 6262 5846 660 416 557 224 333 5186
internal_count=8566 8426 8315 8047 1785 1685 6262 5846 660 416 557 224 333 5186
cat_boundaries=0 1 2
cat_threshold=1845870761 9
is_linear=0
shrinkage=0.03


Tree=117
num_leaves=15
num_cat=5
split_feature=30 25 31 37 38 38 37 38 37 36 23 37 33 31
split_gain=0.333487 0.2645 0.538846 0.537395 0.440324 0.40339 0.419727 0.419007 1.14103 0.855505 0.986921 0.769065 0.73417 0.722794
threshold=2.2500000000000004 0.65500000000000014 0.1106014271151886 0 1.2876955713792066 1.2136152152855135 1 1.6845112130280018 2 3 42.500000000000007 4 1.0000000180025095e-35 1.1353641777370593
decision_type=2 8 10 9 2 2 9 2 9 9 2 9 2 10
left_child=-1 2 -2 4 -3 6 -4 8 -7 10 -9 12 13 -11
right_child=1 3 5 -5 -6 7 -8 9 -10 11 -12 -13 -14 -15
leaf_value=-0.0016360319754181308 0.0020677957738666694 0.0013260806916145017 0.00038308987235968983 0.0014849084571723862 -0.00072839203227267283 -0.0018468746607205673 -0.00091820625961895391 -0.00017815471938751543 0.00031118357166776746 -0.0023662849010993767 0.002999163160962548 0.00097814782666947805 0.00052601245205529941 -0.00071541924084881877
leaf_weight=122 101 130 286 283 338 226 976 234 3377 287 141 259 344 1418
leaf_count=122 101 130 286 283 338 226 976 234 3377 287 141 259 344 1418
internal_value=-7.88126e-05 -5.61959e-05 -0.000108945 0.000481055 -0.000154406 -0.000138072 -0.000627541 -3.9804e-05 0.000171556 -0.000323639 0.000990114 -0.00053905 -0.000734648 -0.000993307
internal_weight=8522 8400 7649 751 468 7548 1262 6286 3603 2683 375 2308 2049 1705
internal_count=8522 8400 7649 751 468 7548 1262 6286 3603 2683 375 2308 2049 1705
cat_boundaries=0 1 2 3 4 5
cat_threshold=4247584 2155880452 3670184 6 815794179
is_linear=0
shrinkage=0.03


Tree=118
num_leaves=15
num_cat=3
split_feature=25 25 1 1 24 37 28 38 37 31 32 35 38 31
split_gain=0.40415 0.741881 1.62454 1.07672 0.470744 0.504448 0.494382 0.428633 0.381221 0.424965 0.524848 0.545102 0.549912 0.530527
threshold=0.22290322580645164 0.21937500000000001 58.500000000000007 14.500000000000002 113.25366666666393 0 3.9322685185185189 1.4460010940867198 1 0.1799720450492425 8.5000000000000018 2 1.7661609051321283 0.87253384912959397
decision_type=10 8 2 2 10 9 2 2 9 8 2 1 2 10
left_child=1 3 -3 7 5 -5 -7 -1 -2 -10 11 12 13 -11
right_child=8 2 -4 4 -6 6 -8 -9 9 10 -12 -13 -14 -15
leaf_value=0.00032419710776166003 0.00099334206720335977 0.00027512385106515574 0.004903432577708736 0.00117601831489091 -0.0018625662484656814 -0.00098093694423405484 0.0012631455769720064 0.0028348595946661981 0.0017571238206499922 0.00085784449745327797 3.0686227945857458e-05 -0.000260265096769211 -0.002705316062537559 -0.001479070959187615
leaf_weight=102 270 215 100 205 158 449 110 153 105 130 4318 1796 182 267
leaf_count=102 270 215 100 205 158 449 110 153 105 130 4318 1796 182 267
internal_value=2.65173e-06 0.000451314 0.00174443 0.000105238 -0.000371948 -6.3679e-05 -0.000529868 0.00183059 -9.20574e-05 -0.000136427 -0.000166337 -0.000524547 -0.00131708 -0.000713834
internal_weight=8560 1492 315 1177 922 764 559 255 7068 6798 6693 2375 579 397
internal_count=8560 1492 315 1177 922 764 559 255 7068 6798 6693 2375 579 397
cat_boundaries=0 1 2 3
cat_threshold=2148007936 151003472 8
is_linear=0
shrinkage=0.03


Tree=119
num_leaves=15
num_cat=2
split_feature=31 30 30 31 31 31 37 37 24 32 21 17 21 31
split_gain=0.396904 0.457492 0.673393 0.303958 0.259504 0.43343 0.262399 0.258938 0.546046 0.370547 0.334007 0.769989 0.467602 0.546119
threshold=9.8538461538461561 368.50000000000006 330.27500000000003 7.4976562500000012 5.1020956475013444 4.6669339748730296 0 1 15.979166666666389 29.500000000000004 84.950000000000003 1.0000000180025095e-35 89.666666666666671 1.821574542623589
decision_type=10 2 2 10 10 10 9 9 8 2 2 2 2 10
left_child=1 2 3 4 5 7 -6 8 -1 -9 -10 12 -12 -14
right_child=-2 -3 -4 -5 6 -7 -8 9 10 -11 11 -13 13 -15
leaf_value=-0.0012749086342479915 -0.0013258434656829938 -0.0016251402932905802 0.0024651647907886825 0.0016648391207654471 0.00035804541898999426 0.0020382054008145642 -0.0013755435945985968 0.00031562095906711329 -0.00018765709081354547 -0.0013933165523793815 0.001782687323022401 0.0019298669550048767 -0.000530113993732234 0.0017713376201654427
leaf_weight=322 181 137 109 109 123 103 205 3538 2399 118 120 244 699 107
leaf_count=322 181 137 109 109 123 103 205 3538 2399 118 120 244 699 107
internal_value=6.39771e-05 9.41652e-05 0.000122904 9.13342e-05 6.98361e-05 0.000105265 -0.000756469 7.88842e-05 -9.14936e-05 0.000259753 1.50194e-05 0.000430593 3.55356e-05 -0.000224586
internal_weight=8514 8333 8196 8087 7978 7650 328 7547 3891 3656 3569 1170 926 806
internal_count=8514 8333 8196 8087 7978 7650 328 7547 3891 3656 3569 1170 926 806
cat_boundaries=0 1 2
cat_threshold=268435584 3058024628
is_linear=0
shrinkage=0.03


Tree=120
num_leaves=15
num_cat=2
split_feature=37 0 37 22 27 24 38 10 21 22 38 27 32 32
split_gain=0.605414 0.52173 0.478735 0.606351 0.438942 0.382324 0.612819 0.374951 0.365324 0.464697 0.364806 0.690368 0.723778 0.646355
threshold=0 11.500000000000002 1 274.80000000000001 14.041267361111112 82.384499999999989 1.8814286396623332 1.0000000180025095e-35 91.916666666666671 682.00000000000011 1.6162318220133109 13.999855324074074 5.5000000000000009 5.5000000000000009
decision_type=9 2 9 2 2 10 2 2 2 2 2 2 2 2
left_child=4 2 3 -2 10 6 -3 -4 9 -7 11 12 -1 -12
right_child=1 5 7 -5 -6 8 -8 -9 -10 -11 13 -13 -14 -15
leaf_value=0.00081442254022336916 0.0032968019334050076 -0.001645033849573886 -0.00107983873498493 0.00039566661324352023 -0.0015211143545741455 0.00086442385444088893 0.00097492157800312118 0.00021364001918454216 0.0014713844676148219 -0.0019854331784657777 -0.0011615836151838818 0.0017930481901215157 -0.0011030247274973633 0.00067950676403406287
leaf_weight=312 103 393 210 175 302 102 101 5101 127 104 694 182 410 228
leaf_count=312 103 393 210 175 302 102 101 5101 127 104 694 182 410 228
internal_value=-2.22436e-05 0.000123303 0.000227558 0.00141949 -0.000459492 -0.000579781 -0.00110937 0.00016219 0.000205862 -0.000574339 -0.000286428 0.000141808 -0.000274433 -0.000706303
internal_weight=8544 6416 5589 278 2128 827 494 5311 333 206 1826 904 722 922
internal_count=8544 6416 5589 278 2128 827 494 5311 333 206 1826 904 722 922
cat_boundaries=0 1 2
cat_threshold=1686753904 3145728
is_linear=0
shrinkage=0.03


Tree=121
num_leaves=15
num_cat=2
split_feature=35 23 23 23 22 22 38 27 36 1 38 23 1 31
split_gain=0.279002 0.416933 0.489886 0.344991 0.39652 0.389241 0.398238 0.392975 0.334036 0.303247 0.271523 0.305545 0.316075 0.952665
threshold=0 137.00000000000003 152.50000000000003 90.500000000000014 15.187500000000002 1191.0500000000002 1.1698596777097479 13.999971064814817 1 25.500000000000004 0.95921268896256773 9.5000000000000018 12.500000000000002 7.4976562500000012
decision_type=1 2 2 2 2 2 2 2 9 2 2 2 2 10
left_child=1 3 -3 4 -1 7 -7 8 -6 -10 -2 -12 -13 -14
right_child=10 2 -4 -5 5 6 -8 -9 9 -11 11 12 13 -15
leaf_value=-0.0017823664674887895 -0.0013205768190122382 -0.00241956304129842 -0.00039691750642705399 0.0006251914346921694 -0.0011705261100193158 0.00077649896574842896 -0.001389165532433763 0.0018363915482840355 -0.00076573079575893363 0.00081059791901862848 -0.0010074966350935169 0.00059803472309466141 9.7491357266054284e-06 0.0028622802788029525
leaf_weight=143 113 154 359 512 160 101 314 122 154 383 194 1387 4329 108
leaf_count=143 113 154 359 512 160 101 314 122 154 383 194 1387 4329 108
internal_value=2.88355e-05 -0.00024464 -0.00100411 -3.96851e-05 -0.000286901 -0.000113602 -0.0008621 0.000265674 -9.25822e-06 0.000351986 0.000136155 0.000163734 0.000202748 7.91819e-05
internal_weight=8533 2402 513 1889 1377 1234 415 819 697 537 6131 6018 5824 4437
internal_count=8533 2402 513 1889 1377 1234 415 819 697 537 6131 6018 5824 4437
cat_boundaries=0 1 2
cat_threshold=1 1
is_linear=0
shrinkage=0.03


Tree=122
num_leaves=15
num_cat=3
split_feature=17 31 38 37 0 26 38 1 38 28 36 23 23 37
split_gain=0.409081 0.281895 0.281636 0.619468 0.632845 0.501271 0.89572 0.515325 0.554014 0.49495 0.555052 1.22498 0.915352 0.652895
threshold=3.5000000000000004 0.1106014271151886 1.420892323269902 0 3.5000000000000004 1.0000000180025095e-35 1.3424252429182242 3.5000000000000004 0.94640064498231646 6.8865509259259268 1 42.500000000000007 17.500000000000004 2
decision_type=2 8 2 9 2 8 2 2 2 2 9 2 2 9
left_child=1 -1 5 -4 -5 6 -3 -7 -9 10 13 12 -12 -6
right_child=-2 2 3 4 9 7 -8 8 -10 -11 11 -13 -14 -15
leaf_value=0.0013406104853248778 0.0016621104650589268 -0.00027871544679611591 0.0019991270225593375 -0.0015347660405085363 -0.0023411213575551906 -0.0013036748222954458 -0.0019744106068919944 -0.0014018305412972333 0.00058503356194029887 0.00069305638559874331 0.0011796586728276585 0.0026406761166491871 -0.00159312534374364 -0.00013664765725406492
leaf_weight=131 129 1306 136 226 116 196 357 143 1082 976 221 208 208 3116
leaf_count=131 129 1306 136 226 116 196 357 143 1082 976 221 208 208 3116
internal_value=-1.44917e-05 -4.01723e-05 -6.1989e-05 7.25738e-05 1.69296e-05 -0.000289184 -0.000642734 0.000124577 0.000353098 8.9345e-05 -6.29482e-05 0.000739714 -0.000164721 -0.000222746
internal_weight=8551 8422 8291 5207 5071 3084 1663 1421 1225 4845 3869 637 429 3232
internal_count=8551 8422 8291 5207 5071 3084 1663 1421 1225 4845 3869 637 429 3232
cat_boundaries=0 1 2 3
cat_threshold=1174405120 49 2097157
is_linear=0
shrinkage=0.03


Tree=123
num_leaves=15
num_cat=2
split_feature=25 37 31 1 0 17 23 24 24 31 37 31 0 24
split_gain=0.48644 0.738552 0.843222 0.480679 0.55411 0.489628 0.836066 0.409689 0.37443 0.564383 0.62984 1.17022 0.361927 0.348412
threshold=0.24195121951219514 0 1.5004810776138553 106.50000000000001 9.5000000000000018 1.0000000180025095e-35 16.500000000000004 56.07100000000036 18.804166666666863 1.0284500202347231 1 1.8322390932420876 6.5000000000000009 71.978666666666115
decision_type=10 9 8 2 2 2 2 10 8 8 9 10 2 10
left_child=1 2 -1 4 5 6 -3 12 9 -2 -11 -12 -8 -9
right_child=8 3 -4 -5 -6 -7 7 13 -10 10 11 -13 -14 -15
leaf_value=0.00052209798384657388 -0.0023261343999291528 0.0024277150055526621 0.0041185653759258801 0.0017362763480173412 0.00090763418294815786 -0.0017311158022229474 0.0012870785084217555 -0.0026694252515139364 -4.3316441869932147e-05 -0.0013365131056944728 0.0029412337777030189 -0.00093765100285444147 -0.0007506103098093459 -0.00052721465195788939
leaf_weight=140 162 105 101 161 418 198 161 103 6091 266 120 168 153 203
leaf_count=140 162 105 101 161 418 198 161 103 6091 266 120 168 153 203
internal_value=-5.09693e-06 0.000442083 0.00194848 0.000186165 1.44752e-06 -0.000408938 -4.78469e-05 -0.000467095 -0.000119602 -0.00076856 -0.000313096 0.000655781 0.000294192 -0.00124829
internal_weight=8550 1743 241 1502 1341 923 725 620 6807 716 554 288 314 306
internal_count=8550 1743 241 1502 1341 923 725 620 6807 716 554 288 314 306
cat_boundaries=0 1 2
cat_threshold=271057922 331350016
is_linear=0
shrinkage=0.03


Tree=124
num_leaves=15
num_cat=1
split_feature=25 21 16 30 31 0 33 24 24 24 27 5 31 37
split_gain=0.392426 0.596536 0.738148 0.396631 0.610608 0.490901 0.484821 0.352254 0.804275 0.422895 0.484121 0.501454 0.569973 0.34619
threshold=0.24195121951219514 193.00000000000003 1.0000000180025095e-35 80.500000000000014 1.5201026298909559 13.500000000000002 1.0000000180025095e-35 107.82050000000076 70.494166666665862 60.221166666667131 12.974768518518522 0.23305000000000003 1.4919352507587804 0
decision_type=10 2 2 2 10 2 2 10 10 10 2 2 10 9
left_child=3 13 -3 4 5 6 -1 8 9 10 -5 12 -12 -2
right_child=1 2 -4 7 -6 -7 -8 -9 -10 -11 11 -13 -14 -15
leaf_value=0.0004446693473680393 -0.00073970313788118669 -0.00048578346364827146 0.0029752338109765111 -0.0015221814598535767 0.0026356151650304117 -0.0013179554882091385 0.0027395969912603424 -0.0011856576947441983 0.0025579086545019828 -0.0017802940552138675 0.0015932639792131688 0.0024154401692378863 -0.0012003435471560806 -7.7767642000254786e-05
leaf_weight=461 802 101 123 111 146 112 101 189 116 118 117 112 150 5788
leaf_count=461 802 101 123 111 146 112 101 189 116 118 117 112 150 5788
internal_value=-5.2983e-06 -0.000107814 0.00141469 0.000397785 0.000876684 0.000495669 0.000857103 -3.2332e-05 0.000268743 -0.000168005 0.00022026 0.00073058 2.38215e-05 -0.000159565
internal_weight=8547 6814 224 1733 820 674 562 913 724 608 490 379 267 6590
internal_count=8547 6814 224 1733 820 674 562 913 724 608 490 379 267 6590
cat_boundaries=0 1
cat_threshold=2685964806
is_linear=0
shrinkage=0.03


Tree=125
num_leaves=15
num_cat=1
split_feature=22 30 30 29 28 22 38 37 32 5 1 38 28 32
split_gain=0.276041 0.535744 0.877975 0.70259 0.43109 0.418412 0.990815 0.3862 0.569231 0.476714 0.457747 0.745819 0.631762 0.775911
threshold=1080.2500000000002 49.500000000000007 59.050000000000004 1.5000000000000002 15.448998842592594 740.95000000000016 1.8661877666063089 0 21.500000000000004 0.26970000000000005 20.500000000000004 1.7458246415277263 1.0000000180025095e-35 15.500000000000002
decision_type=2 2 2 2 2 2 2 9 2 2 2 2 2 2
left_child=4 3 -3 -2 5 7 -7 10 9 -9 11 -1 -12 -14
right_child=1 2 -4 -5 -6 6 -8 8 -10 -11 12 -13 13 -15
leaf_value=0.000428536439162718 0.0033603024458765834 -0.0026256712883232381 0.00010275195071432011 4.3193022398134838e-05 -0.0018160358510736451 -0.0003564924320607256 -0.0034992227523052348 -0.00024717549871583732 0.0016668612519600268 -0.0015677086143123587 -0.00067402493758085015 0.0032221621829336758 0.0020881564017570663 -0.00023213856356647783
leaf_weight=382 103 109 4053 130 149 578 107 1223 116 308 633 111 221 314
leaf_count=382 103 109 4053 130 149 578 107 1223 116 308 633 111 221 314
internal_value=-5.5942e-05 0.000109666 3.12964e-05 0.00150955 -0.000231666 -0.000172544 -0.000847401 -3.27992e-05 -0.000357148 -0.000512835 0.000289225 0.00105753 -3.25914e-05 0.000726338
internal_weight=8537 4395 4162 233 4142 3993 685 3308 1647 1531 1661 493 1168 535
internal_count=8537 4395 4162 233 4142 3993 685 3308 1647 1531 1661 493 1168 535
cat_boundaries=0 1
cat_threshold=301752402
is_linear=0
shrinkage=0.03


Tree=126
num_leaves=15
num_cat=0
split_feature=22 17 22 0 33 21 21 31 38 31 31 29 31 23
split_gain=0.348954 0.623694 0.494346 0.448919 0.640491 0.855106 0.680091 0.604611 0.360084 0.352848 0.611543 0.407338 0.701758 0.542554
threshold=6444.0500000000002 3.5000000000000004 5678.2500000000009 8.5000000000000018 1.0000000180025095e-35 190.00000000000003 129.92500000000004 1.8048797023563459 1.8063954294013549 9.8538461538461561 7.4976562500000012 4.5000000000000009 2.1326743243938995 185.00000000000003
decision_type=2 2 2 2 2 2 2 10 2 10 10 2 8 2
left_child=1 2 9 4 5 6 7 -2 -5 10 11 13 -13 -1
right_child=3 -3 -4 8 -6 -7 -8 -9 -10 -11 -12 12 -14 -15
leaf_value=-2.7449845857675499e-05 0.0026336375185482129 0.0024015299327904355 0.0014764552100634963 -0.0021782717835580937 -0.0018314484838629142 0.0028625359402324716 -0.0015745795818758535 -0.00043046527246427585 -0.00034535207856699064 -0.0013143515018765033 0.0021986270088916729 0.0029617302913684395 -4.0618883725738275e-05 -0.0016103008626126198
leaf_weight=6419 101 100 203 212 144 104 179 136 177 186 113 110 193 201
leaf_count=6419 101 100 203 212 144 104 179 136 177 186 113 110 193 201
internal_value=-2.34801e-05 4.80968e-05 1.64008e-05 -0.000534987 -6.08742e-05 0.000429439 -0.000178836 0.000875334 -0.00134427 -2.46393e-05 9.4549e-06 -2.62776e-05 0.00104934 -7.55092e-05
internal_weight=8578 7525 7425 1053 664 520 416 237 389 7222 7036 6923 303 6620
internal_count=8578 7525 7425 1053 664 520 416 237 389 7222 7036 6923 303 6620
is_linear=0
shrinkage=0.03


Tree=127
num_leaves=15
num_cat=1
split_feature=25 32 0 37 15 27 28 24 27 4 28 38 38 38
split_gain=0.336978 0.55642 0.525027 0.846635 0.390889 0.358484 0.378886 0.391324 0.406443 0.355756 0.361734 0.486859 0.788006 0.462718
threshold=0.24195121951219514 8.5000000000000018 6.5000000000000009 0 1.0000000180025095e-35 13.999739583333335 4.7225694444444448 249.01249999999391 17.003738425925928 1.0000000180025095e-35 8.9363541666666695 1.7011912810628271 1.5742260203858283 1.871190361244951
decision_type=10 2 2 9 2 2 2 10 2 2 2 2 2 2
left_child=2 5 3 -1 9 -2 7 8 -7 10 13 12 -12 -3
right_child=1 4 -4 -5 -6 6 -8 -9 -10 -11 11 -13 -14 -15
leaf_value=0.00038627042961653313 -0.00021621546956130357 0.00011039172466396365 -3.6063277313874809e-05 0.0030345995526295153 -0.0016925856797765434 -0.001474597624418634 0.0001111159570447509 -0.0029724651782695823 0.00035031226032564567 0.0016955012639053165 -0.00048152115786680952 -0.0020180256311110889 0.0019500873155436282 0.0012770821761559107
leaf_weight=447 1579 2643 1140 138 110 426 222 108 148 125 875 143 139 346
leaf_count=447 1579 2643 1140 138 110 426 222 108 148 125 875 143 139 346
internal_value=-3.59784e-05 -0.00013018 0.00033886 0.00106948 7.31665e-05 -0.000488963 -0.000965366 -0.00131578 -0.00100406 0.000118644 7.11021e-05 -0.000379297 -0.000148194 0.000245445
internal_weight=8589 6864 1725 585 4381 2483 904 682 574 4271 4146 1157 1014 2989
internal_count=8589 6864 1725 585 4381 2483 904 682 574 4271 4146 1157 1014 2989
cat_boundaries=0 1
cat_threshold=2155905028
is_linear=0
shrinkage=0.03


Tree=128
num_leaves=15
num_cat=2
split_feature=38 37 28 23 0 36 38 31 0 26 38 30 30 22
split_gain=0.387977 0.461745 0.733682 0.626195 0.476039 0.788099 0.636743 0.512664 0.368767 0.538887 0.407219 0.508089 0.390557 0.319855
threshold=2.2614072617831722 0 3.0406018518518523 86.500000000000014 10.500000000000002 1 1.67294811739477 1.4083069847657375 14.500000000000002 0.047727272727272736 2.1579342295588102 368.50000000000006 102.50000000000001 1599.5000000000002
decision_type=2 9 2 2 2 9 2 10 2 8 2 2 2 2
left_child=1 2 4 -4 5 7 -7 -1 10 12 11 -3 -10 -8
right_child=-2 8 3 -5 -6 6 13 -9 9 -11 -12 -13 -14 -15
leaf_value=-0.00019593471815876128 0.001504220125670717 4.9526320840589082e-05 0.00064326702071467541 0.0036911342116083077 0.0014699892663113656 0.00086214415189859116 -0.0025296246958896517 0.0027757292085992115 -0.0012880475364900272 -0.0026440900932066143 -0.0017123885861970484 -0.0019361685455768858 0.001241018320340663 -0.00042374249061103905
leaf_weight=105 162 6752 131 113 194 114 185 104 122 120 125 118 100 100
leaf_count=105 162 6752 131 113 194 114 185 104 122 120 125 118 100 100
internal_value=5.00661e-05 2.19648e-05 0.0006085 0.00205478 0.000176073 -0.000236789 -0.00100751 0.00122421 -6.2399e-05 -0.00102436 -1.5456e-05 1.54198e-05 -0.000148829 -0.00179072
internal_weight=8545 8383 1046 244 802 608 399 209 7337 342 6995 6870 222 285
internal_count=8545 8383 1046 244 802 608 399 209 7337 342 6995 6870 222 285
cat_boundaries=0 1 2
cat_threshold=143656008 5
is_linear=0
shrinkage=0.03


Tree=129
num_leaves=15
num_cat=1
split_feature=17 22 30 30 30 1 17 22 30 38 24 30 11 37
split_gain=0.465877 0.400344 0.673817 1.23454 1.15507 1.00157 0.514125 0.472837 1.27766 0.512558 0.654582 0.654572 0.449362 0.961052
threshold=3.5000000000000004 1946.8125000000002 95.500000000000014 43.500000000000007 107.30000000000001 27.500000000000004 2.5000000000000004 2751.3490000000006 223.82500000000002 1.8547242119413039 27.198500000000063 160.02500000000003 1.0000000180025095e-35 0
decision_type=2 2 2 2 2 2 2 2 2 2 8 2 2 9
left_child=1 6 3 -3 5 -4 12 8 -6 10 -9 -11 13 -1
right_child=-2 2 4 -5 7 -7 -8 9 -10 11 -12 -13 -14 -15
leaf_value=0.0014790892926686853 0.0017945127314731774 0.0021100334761764055 0.0046440186659539376 -0.0015587807109845148 0.0032884335636124743 0.00048030561525645905 -0.0022875790003953232 -0.0025273095839217588 -0.00042170442181130687 -0.00060855417368485467 -6.5252288821064915e-05 0.0018095782446928999 -0.0014070583497301586 -0.00021123930351349415
leaf_weight=312 123 105 105 386 153 103 105 106 184 159 1169 275 252 5071
leaf_count=312 123 105 105 386 153 103 105 106 184 159 1169 275 252 5071
internal_value=-3.85567e-05 -6.51292e-05 0.000232857 -0.000774207 0.000452231 0.00258218 -0.000207633 0.000235697 0.00126272 3.31768e-05 -0.000269941 0.000923673 -0.000168876 -0.000110912
internal_weight=8608 8485 2745 491 2254 208 5740 2046 337 1709 1275 434 5635 5383
internal_count=8608 8485 2745 491 2254 208 5740 2046 337 1709 1275 434 5635 5383
cat_boundaries=0 1
cat_threshold=3674176
is_linear=0
shrinkage=0.03


Tree=130
num_leaves=15
num_cat=1
split_feature=23 31 37 32 23 24 28 22 21 24 24 24 31 31
split_gain=0.424118 0.784109 0.540765 1.21864 0.659392 0.454647 0.392587 0.313194 0.270538 0.259565 0.782718 0.527667 0.506043 0.495822
threshold=12.500000000000002 1.0133141338059373 0 6.5000000000000009 39.500000000000007 7.486666666665756 2.0209432870370372 1544.9000000000001 193.00000000000003 179.81983333332701 160.28399999999795 215.06666666666862 2.3252092253795253 2.4004002287021158
decision_type=2 8 9 2 2 8 2 2 2 8 10 8 8 10
left_child=1 -1 3 4 -2 -4 7 -3 9 10 -7 -11 -13 -12
right_child=2 6 5 -5 -6 8 -8 -9 -10 11 13 12 -14 -15
leaf_value=-0.002551553277063297 0.0011825501710170301 -0.00029533183096698822 -0.0011002133813760194 -0.00096306191244143618 0.004260933620280751 0.00014327066410729094 -0.0014612705449907303 0.0015340786547978855 0.0014775589409714133 -0.0011491309891119221 0.00045980330779067506 0.00049523679215771456 -0.0003904077990562655 0.0032031350591707796
leaf_weight=152 151 207 285 147 107 4166 134 142 130 394 112 1125 1200 126
leaf_count=152 151 207 285 147 107 4166 134 142 130 394 112 1125 1200 126
internal_value=7.37175e-05 -0.000672348 0.000133361 0.00118775 0.00245924 7.50364e-05 -8.09623e-05 0.000449013 0.00012132 9.65679e-05 0.000238864 -0.000133912 3.81299e-05 0.00191216
internal_weight=8578 635 7943 405 258 7538 483 349 7253 7123 4404 2719 2325 238
internal_count=8578 635 7943 405 258 7538 483 349 7253 7123 4404 2719 2325 238
cat_boundaries=0 1
cat_threshold=1075840076
is_linear=0
shrinkage=0.03


Tree=131
num_leaves=15
num_cat=1
split_feature=38 6 1 21 1 22 38 0 37 21 22 26 27 30
split_gain=0.658746 0.362459 1.02215 0.806402 0.557039 0.572473 0.438392 0.407756 0.782883 0.551494 0.520873 0.511115 0.480969 1.00034
threshold=2.2959005306676046 2.5000000000000004 74.500000000000014 80.916666666666671 155.50000000000003 1240.1218750000005 2.1207569113729212 11.500000000000002 0 210.14166666666671 1149.5000000000002 0.047727272727272736 29.116319444444446 289.02500000000003
decision_type=2 2 2 2 2 2 2 2 9 2 2 8 2 2
left_child=1 6 3 -3 5 -4 7 9 11 12 -10 -9 -1 -14
right_child=-2 2 4 -5 -6 -7 -8 8 10 -11 -12 -13 13 -15
leaf_value=-6.9118584488412217e-05 0.0021925286981463428 0.00054206767120751256 0.00037930031762011728 0.0043052506855987376 0.001204237716972266 -0.0023012075347027604 -0.0013524005785467525 -0.00078656596593295225 -0.00017713930952401952 0.0022820345943560822 0.0022160379317589102 -0.0028107890347167136 0.00024987366898583777 0.0030215673799552827
leaf_weight=5432 125 102 147 103 179 140 229 394 451 100 100 157 747 139
leaf_count=5432 125 102 147 103 179 140 229 394 451 100 100 157 747 139
internal_value=3.06802e-05 -1.41371e-06 0.000667479 0.00243284 -0.000109127 -0.000928264 -5.93343e-05 -1.99577e-05 -0.000553073 7.15807e-05 0.00025261 -0.00133904 3.65941e-05 0.00068471
internal_weight=8545 8420 671 205 466 287 7749 7520 1102 6418 551 551 6318 886
internal_count=8545 8420 671 205 466 287 7749 7520 1102 6418 551 551 6318 886
cat_boundaries=0 1
cat_threshold=2452101122
is_linear=0
shrinkage=0.03


Tree=132
num_leaves=15
num_cat=2
split_feature=27 35 37 0 27 22 30 22 0 23 38 25 30 22
split_gain=0.353199 0.405365 0.694265 1.20737 0.44273 0.498987 0.937527 0.730337 0.641763 0.807492 0.504061 0.425069 0.500864 0.451789
threshold=30.62453125 0 1 6.5000000000000009 29.165914351851857 2274.3996250000005 273.5750000000001 2488.8378750000002 4.5000000000000009 106.50000000000001 1.5943097895751479 0.45972972972972981 182.10000000000002 1498.6875000000002
decision_type=2 1 9 2 2 2 2 2 2 2 2 10 2 2
left_child=1 2 3 -1 5 8 7 -7 9 10 -4 12 13 -10
right_child=-2 -3 4 -5 -6 6 -8 -9 11 -11 -12 -13 -14 -15
leaf_value=0.0037873796419113535 -0.00099806177426729628 -0.00023451672976615006 -0.0013375566271785647 0.00010516037515652202 0.00081589752561803553 0.0030368311453524881 -0.0014631326152360997 0.0005224903824613288 -2.9516321856962428e-05 -0.0036219243459532607 0.0010842417041047677 0.00033557608992599978 -0.0023763360550023011 -0.0021203939296985763
leaf_weight=132 298 2869 250 204 703 114 200 1182 880 101 112 1305 111 104
leaf_count=132 298 2869 250 204 703 114 200 1182 880 101 112 1305 111 104
internal_value=1.66272e-05 5.32037e-05 0.000206178 0.0015069 0.000117039 4.59866e-06 0.000448634 0.000743659 -0.000227422 -0.00125004 -0.000588271 -3.01424e-05 -0.000465999 -0.000250503
internal_weight=8565 8267 5398 336 5062 4359 1496 1296 2863 463 362 2400 1095 984
internal_count=8565 8267 5398 336 5062 4359 1496 1296 2863 463 362 2400 1095 984
cat_boundaries=0 1 2
cat_threshold=26 136347660
is_linear=0
shrinkage=0.03


Tree=133
num_leaves=15
num_cat=3
split_feature=17 0 37 37 36 38 24 24 38 27 27 30 24 1
split_gain=0.398145 0.367088 0.732361 0.430246 0.591063 1.16267 0.782613 0.55492 0.543352 0.458499 2.21632 0.784584 0.470902 0.462519
threshold=3.5000000000000004 11.500000000000002 0 1 2 1.7458246415277263 30.971166666667418 246.96533333333753 2.0734125110105408 29.624641203703707 29.99902777777778 200.60000000000002 260.24633333333367 66.500000000000014
decision_type=2 2 9 9 9 2 10 10 2 2 2 2 10 2
left_child=1 3 -3 4 5 -1 -6 -8 9 -5 -11 12 -12 -13
right_child=-2 2 -4 8 6 -7 7 -9 -10 10 11 13 -14 -15
leaf_value=-0.00038433648231148252 0.0016673519321817106 -0.0014273123093781978 7.7894605804301265e-05 -0.00012658536154022421 -0.00065727941791313539 0.0031938140834533858 0.0013372844486527256 -0.00097306709396450424 -0.0018323014109616863 0.0045623448561777228 -0.0027452163235993326 0.0013641283741990086 -4.1951063372518705e-05 -0.00096004429607860094
leaf_weight=144 126 469 746 4888 540 189 502 115 153 112 117 306 115 103
leaf_count=144 126 469 746 4888 540 189 502 115 153 112 117 306 115 103
internal_value=-6.66934e-06 -3.14872e-05 -0.000514234 4.90369e-05 0.000501846 0.0015985 0.000175221 0.000906668 -6.81573e-05 -2.04295e-05 0.000668668 -1.1663e-05 -0.00140524 0.000778823
internal_weight=8625 8499 1215 7284 1490 333 1157 617 5794 5641 753 641 232 409
internal_count=8625 8499 1215 7284 1490 333 1157 617 5794 5641 753 641 232 409
cat_boundaries=0 1 2 3
cat_threshold=305713155 456663129 4
is_linear=0
shrinkage=0.03


Tree=134
num_leaves=15
num_cat=1
split_feature=30 30 22 11 27 27 27 30 37 28 1 25 27 0
split_gain=0.429665 0.298423 1.07311 0.586298 0.568008 0.570696 0.960818 0.708408 0.506937 0.766679 0.684362 0.525719 0.499756 0.436873
threshold=368.50000000000006 50.500000000000007 1642.0350000000003 1.0000000180025095e-35 12.999716435185187 13.999334490740742 13.957795138888892 58.500000000000007 0 4.0796238425925937 11.500000000000002 0.30384615384615393 13.999994212962966 5.5000000000000009
decision_type=2 2 2 2 2 2 2 2 9 2 2 10 2 2
left_child=1 2 3 8 -3 6 -6 -7 9 10 -1 12 -12 -10
right_child=-2 4 -4 -5 5 7 -8 -9 13 -11 11 -13 -14 -15
leaf_value=0.0025975463286762668 -0.0015549094851506002 -0.00081433766783376945 0.0026898579202196127 -0.002051214084125464 1.0636124207453914e-05 -0.0018605243822602214 0.0029135032725644797 1.1371787224754971e-05 0.001063358666356898 0.003113094087690115 -0.00044152965383100493 -0.0015278413965079257 0.0022184743279025755 -0.0004029370035740695
leaf_weight=106 158 820 161 104 283 189 161 4881 228 120 147 149 112 924
leaf_count=106 158 820 161 104 283 189 161 4881 228 120 147 149 112 924
internal_value=-5.00784e-06 2.41972e-05 0.000338713 0.00013843 -7.76454e-05 3.19098e-05 0.00106325 -5.8409e-05 0.000265935 0.000939173 0.000449914 -0.000108049 0.000708742 -0.000111762
internal_weight=8543 8385 2051 1890 6334 5514 444 5070 1786 634 514 408 259 1152
internal_count=8543 8385 2051 1890 6334 5514 444 5070 1786 634 514 408 259 1152
cat_boundaries=0 1
cat_threshold=1085806621
is_linear=0
shrinkage=0.03


Tree=135
num_leaves=15
num_cat=3
split_feature=2 37 28 28 13 22 24 31 13 1 35 13 28 36
split_gain=0.46382 0.567505 0.630181 0.794227 0.638189 1.15272 0.525208 0.511328 0.821145 0.481167 0.449559 0.934563 0.405071 0.399898
threshold=1.0000000180025095e-35 0 0.53105902777777791 7.0445023148148156 0.50000000000000011 1027.3000000000004 122.76233333333396 1.5126086035176944 1.0000000180025095e-35 55.500000000000007 1 1.0000000180025095e-35 25.616458333333338 2
decision_type=2 9 2 2 2 2 10 8 2 2 1 2 2 9
left_child=1 12 4 -4 7 -6 10 9 -9 -3 -5 -12 -1 -2
right_child=13 2 3 6 5 -7 -8 8 -10 -11 11 -13 -14 -15
leaf_value=-0.00013103141078895926 0.001037645946454635 0.00063174453252179213 -0.00073923708494442683 0.0026940331182122466 0.00056665450616569159 0.0047592287766516648 -0.00036060266829535809 0.0028520693892772359 0.00039862111909985969 -0.0012178187029800909 -0.001554276316612959 0.0025472023204900322 0.0015233950216975742 -0.00071984159296710818
leaf_weight=4792 123 351 652 150 142 101 218 190 347 198 100 100 137 1064
leaf_count=4792 123 351 652 150 142 101 218 190 347 198 100 100 137 1064
internal_value=1.58592e-05 0.000103306 0.000465698 -2.48001e-05 0.00091947 0.00230925 0.000795293 0.000608498 0.00126669 -3.53111e-05 0.00151525 0.000472822 -8.4875e-05 -0.000535049
internal_weight=8665 7478 2549 1220 1329 243 568 1086 537 549 350 200 4929 1187
internal_count=8665 7478 2549 1220 1329 243 568 1086 537 549 350 200 4929 1187
cat_boundaries=0 1 2 3
cat_threshold=2827278887 22 4
is_linear=0
shrinkage=0.03


Tree=136
num_leaves=15
num_cat=2
split_feature=38 27 28 1 22 37 22 37 13 28 21 38 5 27
split_gain=0.400244 0.902569 0.9143 0.764845 0.890606 0.69337 0.686883 0.674438 0.67065 0.629774 0.572132 0.438903 0.477153 0.489626
threshold=1.4977578387186858 11.041359953703706 4.1611342592592608 2.5000000000000004 1226.2728750000001 0 409.328125 1 0.50000000000000011 22.94172453703704 86.391666666666694 1.7884941621206456 1.0000000180025095e-35 13.999890046296299
decision_type=2 2 2 2 2 9 2 9 2 2 2 2 2 2
left_child=7 6 3 4 -3 8 -2 -1 -5 -9 -7 12 13 -4
right_child=1 2 11 5 -6 10 -8 9 -10 -11 -12 -13 -14 -15
leaf_value=0.0012891414140876224 0.00057059803533820465 0.0031428903194318991 0.00062608506672034135 -0.00013815574869696773 -0.00023843056568875908 -0.0011012429910182944 0.0036462554235794494 -0.00045669321666946811 0.0015962916073033147 0.0014287694308817566 -1.1686760030911596e-06 -0.00016901249816048258 0.00033877129724532436 0.0027274106850992182
leaf_weight=225 161 128 167 1000 155 1191 110 3521 251 167 662 289 319 248
leaf_count=225 161 128 167 1000 155 1191 110 3521 251 167 662 289 319 248
internal_value=-4.86199e-05 0.000138565 3.52993e-05 -0.000202098 0.00129093 -0.000338222 0.00181902 -0.000272544 0.000208179 -0.000370312 -0.000704431 0.000821288 0.0012112 0.00188182
internal_weight=8594 4681 4410 3387 283 3104 271 3913 1251 3688 1853 1023 734 415
internal_count=8594 4681 4410 3387 283 3104 271 3913 1251 3688 1853 1023 734 415
cat_boundaries=0 1 2
cat_threshold=2657124488 813694977
is_linear=0
shrinkage=0.03


Tree=137
num_leaves=15
num_cat=2
split_feature=37 1 16 31 31 31 28 24 37 28 38 22 23 24
split_gain=0.301693 0.471248 0.271367 0.598379 0.661991 0.582323 0.416568 0.415169 0.361785 0.34826 0.663523 0.521252 0.508374 0.37154
threshold=0 35.500000000000007 1.0000000180025095e-35 0.82038299253489144 0.98907071189679896 1.0527308838133072 20.070428240740743 673.12316666666027 1 6.0205844907407418 1.5013922904844343 1891.5441250000001 133.50000000000003 529.83099999999411
decision_type=9 2 2 8 8 8 2 10 9 2 2 2 2 10
left_child=1 -1 6 -4 -5 -6 -2 8 -7 13 12 -12 -11 -10
right_child=2 -3 3 4 5 7 -8 -9 9 10 11 -13 -14 -15
leaf_value=6.4533852329702082e-06 -0.00024428603172532964 0.002511515806484232 0.0012725263975547098 -0.0018298279758403946 0.0023927240930992411 -0.00093012197314237702 0.0013793373006282727 -0.0018050841032640412 -6.852736910719746e-05 0.000630682045720545 0.00077384810320766588 0.0031316288925287588 -0.0011702823368474268 0.0017075400743979607
leaf_weight=166 3641 114 399 161 100 262 148 103 2356 510 208 142 195 111
leaf_count=166 3641 114 399 161 100 262 148 103 2356 510 208 142 195 111
internal_value=3.9781e-05 0.00099098 6.63416e-06 0.000162893 5.61558e-05 0.000132314 -0.000180867 7.41611e-05 0.000125314 0.000205884 0.000662649 0.00173043 0.000132543 1.13849e-05
internal_weight=8616 280 8336 4547 4148 3987 3789 3887 3784 3522 1055 350 705 2467
internal_count=8616 280 8336 4547 4148 3987 3789 3887 3784 3522 1055 350 705 2467
cat_boundaries=0 1 2
cat_threshold=152044544 67637250
is_linear=0
shrinkage=0.03


Tree=138
num_leaves=15
num_cat=1
split_feature=37 38 24 17 0 31 27 27 31 5 38 24 28 22
split_gain=0.428098 0.494458 0.51662 0.491768 0.403812 0.563906 0.446418 0.806526 0.548884 0.573989 0.523169 0.45831 0.403923 0.390349
threshold=0 1.8957829999611842 7.486666666665756 1.0000000180025095e-35 11.500000000000002 8.173220338983052 13.999334490740742 13.986660879629632 0.73226861167002022 0.093050000000000008 2.1579342295588102 249.01249999999391 4.0080497685185197 257.7000000000001
decision_type=9 2 10 2 2 10 2 2 10 2 2 10 2 2
left_child=1 2 -1 -3 5 6 7 8 9 -2 -8 13 -6 -10
right_child=4 3 -4 -5 12 -7 10 -9 11 -11 -12 -13 -14 -15
leaf_value=-0.0023554401947213279 0.0023746676372629395 -0.00071193092868530319 -0.00051954685879855393 0.0017524460973340624 -4.2892216554218041e-05 0.0019461290158782321 5.3865519774829385e-05 0.0031691250531454976 0.0014158478184471102 -0.00038262263135402461 -0.0017573483678176203 -0.0018832650671247394 -0.0013839906733953179 -0.00010853965996695896
leaf_weight=167 212 140 793 152 588 158 4753 103 201 100 148 100 308 610
leaf_count=167 212 140 793 152 588 158 4753 103 201 100 148 100 308 610
internal_value=4.09153e-06 -0.000506068 -0.000838916 0.000570895 9.23839e-05 0.000176204 0.000131295 0.000619636 0.00040492 0.00149092 -8.2937e-07 3.29854e-05 -0.000503895 0.000269268
internal_weight=8533 1252 960 292 7281 6385 6227 1326 1223 312 4901 911 896 811
internal_count=8533 1252 960 292 7281 6385 6227 1326 1223 312 4901 911 896 811
cat_boundaries=0 1
cat_threshold=1613333444
is_linear=0
shrinkage=0.03


Tree=139
num_leaves=15
num_cat=2
split_feature=37 26 37 5 23 33 28 22 38 23 28 38 25 25
split_gain=0.269655 0.308966 0.218207 0.328579 0.297648 0.553367 0.513355 0.511444 0.455605 0.450505 0.430119 0.419326 0.414949 0.494988
threshold=0 0.21000000000000005 1 0.81665000000000021 135.50000000000003 1.0000000180025095e-35 1.8198611111111114 4828.3540000000012 1.3965638524771282 126.50000000000001 21.930173611111112 1.474262147736886 0.40833333333333338 0.57409090909090921
decision_type=9 8 9 2 2 2 2 2 2 2 2 2 10 10
left_child=-1 2 -2 4 9 7 -7 8 -6 10 -4 -10 -13 -14
right_child=1 -3 3 -5 5 6 -8 -9 11 -11 -12 12 13 -15
leaf_value=-0.0014665481836577368 -0.00038992826029457734 0.0015796842163514444 3.3275945387287994e-05 0.0017408823788327235 -0.0012857719345602317 -0.00028476951987934572 0.0024194158398412103 -0.001762194449204344 0.0017948101228726695 0.0012072643973407193 0.0017555289466017439 0.0013571088316141043 -0.00097759901895187783 0.0011807977407401011
leaf_weight=100 1073 114 5008 104 295 136 118 256 112 339 134 129 456 121
leaf_count=100 1073 114 5008 104 295 136 118 256 112 339 134 129 456 121
internal_value=9.20396e-06 2.84959e-05 7.17594e-06 6.67382e-05 4.23233e-05 -0.000314532 0.000971506 -0.000553139 -0.000275045 0.000147993 7.81577e-05 8.94586e-05 -0.000181079 -0.000524972
internal_weight=8495 8395 8281 7208 7104 1623 254 1369 1113 5481 5142 818 706 577
internal_count=8495 8395 8281 7208 7104 1623 254 1369 1113 5481 5142 818 706 577
cat_boundaries=0 1 2
cat_threshold=327704 1744879649
is_linear=0
shrinkage=0.03


Tree=140
num_leaves=15
num_cat=2
split_feature=38 23 31 1 37 38 22 24 31 37 22 24 31 27
split_gain=0.294374 1.17929 0.998202 1.06894 0.584702 0.59074 0.486483 0.684414 0.597806 0.449458 0.634359 0.942036 0.676364 0.90942
threshold=1.8313654070007273 80.500000000000014 0.61690476190476196 14.500000000000002 0 1.8115410566338259 1619.2460000000001 177.62616666666744 2.6228785436617055 1 2488.8378750000002 34.54950000000013 1.200840336134454 13.999600694444448
decision_type=2 2 10 2 9 2 2 10 10 9 2 10 10 2
left_child=4 2 -2 -4 -1 9 7 -3 -8 10 12 -12 13 -6
right_child=1 6 3 -5 5 -7 8 -9 -10 -11 11 -13 -14 -15
leaf_value=-0.00086944205934419482 -0.0011433417288959026 -0.0022591483837603415 0.004444643246284353 0.0011792002745754997 0.0011591524665929235 -0.0022726753684069664 -0.00039572588174529487 0.00047397287998390489 0.0016534761688277377 -7.0916077878266278e-05 -0.00032644153689394479 0.0034017994438068238 0.00094055027479922066 -0.0024148954135469261
leaf_weight=771 125 217 112 464 106 101 464 133 177 5057 101 154 406 162
leaf_count=771 125 217 112 464 106 101 464 133 177 5057 101 154 406 162
internal_value=-9.30951e-06 0.000345084 0.00128678 0.00181415 -9.67453e-05 2.55126e-06 -0.000321038 -0.00122056 0.000170122 4.09447e-05 0.000643692 0.00192512 0.000168428 -0.00100128
internal_weight=8550 1692 701 576 6858 6087 991 350 641 5986 929 255 674 268
internal_count=8550 1692 701 576 6858 6087 991 350 641 5986 929 255 674 268
cat_boundaries=0 1 2
cat_threshold=1614316041 277095490
is_linear=0
shrinkage=0.03


Tree=141
num_leaves=15
num_cat=3
split_feature=26 27 30 36 37 38 37 38 27 30 31 30 30 31
split_gain=0.289457 0.233843 0.47332 0.417218 1.10608 0.564682 0.548573 0.506082 0.494949 0.428907 0.375021 0.380273 0.367486 0.510415
threshold=0.23000000000000001 12.999375000000002 3.2500000000000004 0 1 1.7458246415277263 2 2.1579342295588102 13.999762731481484 64.050000000000011 6.0013333333333341 134.50000000000003 166.25000000000003 1.5201026298909559
decision_type=8 2 2 9 9 2 9 2 2 2 8 2 2 10
left_child=1 10 -3 4 -4 6 12 -5 -9 -7 11 -1 -6 -14
right_child=-2 2 3 7 5 9 -8 8 -10 -11 -12 -13 13 -15
leaf_value=-0.00036226696008886429 0.0015804823261818715 -0.0019287091336226232 0.0034953552661967035 5.2555643434303255e-05 0.0018220164975024421 0.0026737371974281574 -0.001276781724290847 2.2727134952170621e-05 -0.0027977637736852057 0.00014162066154875159 0.0013144176563021734 -0.0022031055042398455 -0.0014475993349333293 0.001306199080918146
leaf_weight=1028 105 106 101 5925 132 133 238 111 113 110 107 112 128 115
leaf_count=1028 105 106 101 5925 132 133 238 111 113 110 107 112 128 115
internal_value=1.50296e-05 -4.40204e-06 6.11867e-05 9.08699e-05 0.000670066 0.000300196 -0.000181428 -3.62463e-07 -0.00140011 0.00152751 -0.000383733 -0.000543121 0.000533575 -0.000144361
internal_weight=8564 8459 7212 7106 957 856 613 6149 224 243 1247 1140 375 243
internal_count=8564 8459 7212 7106 957 856 613 6149 224 243 1247 1140 375 243
cat_boundaries=0 1 2 3
cat_threshold=4 281018368 2147483648
is_linear=0
shrinkage=0.03


Tree=142
num_leaves=15
num_cat=1
split_feature=38 24 37 27 0 30 0 38 25 38 22 38 22 38
split_gain=0.393848 0.357464 0.392045 0.471572 0.523937 0.516354 0.596664 0.416088 0.504007 0.408319 0.397237 0.522437 1.1612 0.367337
threshold=0.80772916916412729 176.42833333332604 0 29.165914351851857 7.5000000000000009 220.07500000000002 6.5000000000000009 1.4171876428961168 0.45972972972972981 1.4244103455928652 1410.5812500000002 1.4358584559728962 3478.5500000000006 1.6769124226956926
decision_type=2 8 9 2 2 2 2 2 10 2 2 2 2 2
left_child=-1 -2 -3 5 7 10 -7 -5 -9 -6 13 -12 -13 -4
right_child=1 2 3 4 9 6 -8 8 -10 -11 11 12 -14 -15
leaf_value=-0.0018029737694966561 0.00020904613577550505 0.0013649538076958424 -0.00026623657244490462 0.0024190054189072536 -0.0021866018922999499 -0.0020483201504555445 -0.00033483452677904367 0.0021315878397494621 -0.0003252264012252837 0.00016517872873616094 -0.0006538899509338004 0.0038715349779065169 -0.00013210612693043467 -0.0019035364101913854
leaf_weight=103 5461 129 825 131 100 346 388 109 242 198 191 105 172 145
leaf_count=103 5461 129 825 131 100 346 388 109 242 198 191 105 172 145
internal_value=4.1041e-05 6.32763e-05 -0.000195097 -0.00026699 0.000364837 -0.000495118 -0.00114255 0.000976199 0.000437716 -0.000624009 -0.000164647 0.000553196 0.00138552 -0.000510988
internal_weight=8645 8542 3081 2952 780 2172 734 482 351 298 1438 468 277 970
internal_count=8645 8542 3081 2952 780 2172 734 482 351 298 1438 468 277 970
cat_boundaries=0 1
cat_threshold=142606336
is_linear=0
shrinkage=0.03


Tree=143
num_leaves=15
num_cat=2
split_feature=28 30 37 31 38 0 28 21 21 35 1 31 31 30
split_gain=0.417211 0.622904 0.432073 0.785887 0.385743 0.362554 0.326416 0.448125 0.514116 0.439011 0.625054 0.512009 0.419593 0.865817
threshold=20.991348379629631 368.50000000000006 0 1.2508030341587599 0.927210862915543 6.5000000000000009 16.50072916666667 193.00000000000003 129.92500000000004 1 155.50000000000003 4.1197106291250618 2.308391608391609 213.07500000000002
decision_type=2 2 9 8 2 2 2 2 2 1 2 10 8 2
left_child=1 2 3 -1 -4 -2 7 8 9 11 -11 12 13 -6
right_child=5 -3 4 -5 6 -7 -8 -9 -10 10 -12 -13 -14 -15
leaf_value=-0.00039585283307946823 0.0022673386231017892 -0.0022008005218102341 -0.001165236865863113 0.0031345359015121921 0.00027264865998317619 0.00023256095286182401 -0.0011162586016932987 0.0019842634414356849 -0.00074438046195025105 -0.00033896755163332341 0.0015043908707362108 0.0013767349179379823 -0.0002153502493777251 0.0023154490020038938
leaf_weight=114 139 113 246 113 2330 182 213 109 672 2204 179 369 1370 203
leaf_count=114 139 113 246 113 2330 182 213 109 672 2204 179 369 1370 203
internal_value=5.25964e-05 1.12361e-05 4.20117e-05 0.00130412 4.06629e-06 0.00111366 4.16776e-05 7.48461e-05 4.64407e-05 0.000126295 -0.000199665 0.000307868 0.000207604 0.000436363
internal_weight=8556 8235 8122 227 7895 321 7649 7436 7327 6655 2383 4272 3903 2533
internal_count=8556 8235 8122 227 7895 321 7649 7436 7327 6655 2383 4272 3903 2533
cat_boundaries=0 1 2
cat_threshold=2098176 26
is_linear=0
shrinkage=0.03


Tree=144
num_leaves=15
num_cat=0
split_feature=25 30 31 14 24 26 24 24 23 28 32 24 31 31
split_gain=0.432162 0.485874 0.821605 0.792746 0.649969 0.535181 0.552292 0.571237 0.402042 0.734641 0.47476 0.341785 0.521169 0.543433
threshold=0.24195121951219514 64.050000000000011 1.5201026298909559 1.5000000000000002 7.486666666665756 0.06030303030303031 107.82050000000076 71.978666666666115 58.500000000000007 0.93167824074074079 3.5000000000000004 17.86833333333605 0.89374728614850207 1.7085313261190753
decision_type=10 2 10 2 10 8 10 10 2 2 2 8 8 10
left_child=1 2 4 -3 -1 6 7 8 9 -5 -10 12 -2 -14
right_child=11 3 -4 5 -6 -7 -8 -9 10 -11 -12 -13 13 -15
leaf_value=-0.0011639118726956298 -0.0022686700526074592 0.0024822674481319667 0.0035724297492712173 0.00041833988940487494 0.0012763633442184289 -0.0020362007809888978 -0.0012889542354660632 0.002490645539862188 -0.00039266043279722734 -0.0026087179578805587 0.0022647935749010592 4.4899553077359808e-05 0.0009697386664338411 -0.00095056885866930921
leaf_weight=130 143 115 106 226 402 119 198 110 111 106 133 6086 210 360
leaf_count=130 143 115 106 226 402 119 198 110 111 106 133 6086 210 360
internal_value=8.04571e-05 0.000500018 0.00116061 0.000123045 0.000680055 -0.000147455 0.0001068 0.000509656 0.000131342 -0.00054813 0.00105587 -2.79042e-05 -0.00064934 -0.000243087
internal_weight=8555 1756 638 1118 532 1003 884 686 576 332 244 6799 713 570
internal_count=8555 1756 638 1118 532 1003 884 686 576 332 244 6799 713 570
is_linear=0
shrinkage=0.03


Tree=145
num_leaves=15
num_cat=2
split_feature=31 31 37 31 31 31 28 32 25 38 37 0 0 1
split_gain=0.399032 0.678553 0.620339 0.507371 0.387308 0.464228 0.606976 0.47676 0.763714 0.515817 0.41774 0.377859 0.447191 0.348866
threshold=2.308391608391609 2.3685450375054251 0 2.2263297191155131 2.4757543249946594 2.6050267885282072 1.3800347222222225 23.500000000000004 0.51925925925925942 2.0155789709139418 1 7.5000000000000009 11.500000000000002 27.500000000000004
decision_type=10 10 9 10 10 10 2 2 10 2 9 2 2 2
left_child=3 -2 -3 -1 -4 6 -6 8 9 11 -10 13 -13 -7
right_child=1 2 4 -5 5 7 -8 -9 10 -11 -12 12 -14 -15
leaf_value=0.00012465977392499652 -0.0023285298022742876 -0.0013777031631875794 0.0013536696658427879 0.0018705065448852724 -0.0031010364738347776 -0.00016998314656558689 0.00017987340308338551 -0.00065086631929416223 -0.00026026060306499682 0.0013923279728813023 0.0016938674912148819 0.00074973781855078411 -0.0014988851371877403 -0.0020367555922411124
leaf_weight=5513 136 321 178 154 102 162 101 636 133 154 402 288 110 203
leaf_count=5513 136 321 178 154 102 162 101 636 133 154 402 288 110 203
internal_value=2.52059e-05 -0.0002593 -0.000158435 0.000172103 5.64213e-06 -9.90687e-05 -0.00146866 3.40863e-05 0.000334107 -0.000191421 0.00123487 -0.000511077 0.000128259 -0.00120822
internal_weight=8593 2926 2790 5667 2469 2291 203 2088 1452 917 535 763 398 365
internal_count=8593 2926 2790 5667 2469 2291 203 2088 1452 917 535 763 398 365
cat_boundaries=0 1 2
cat_threshold=2686464002 272629888
is_linear=0
shrinkage=0.03


Tree=146
num_leaves=15
num_cat=2
split_feature=20 31 0 37 38 38 1 37 21 14 32 31 31 1
split_gain=0.32309 0.470537 0.332976 0.58686 0.587984 0.818676 0.479145 0.457875 0.659098 0.708658 0.651419 0.645683 0.860416 0.952931
threshold=1.0000000180025095e-35 1.1451224889862892 11.500000000000002 0 1.8814286396623332 1.7266426252090246 38.500000000000007 1 156.37500000000003 2.5000000000000004 9.5000000000000018 1.7743207489569555 2.7185790898072359 39.500000000000007
decision_type=2 10 2 9 2 2 2 9 2 2 2 10 10 2
left_child=2 -2 7 4 5 6 -4 8 11 10 -10 -1 -13 -14
right_child=1 -3 3 -5 -6 -7 -8 -9 9 -11 -12 12 13 -15
leaf_value=0.0012847221596325965 -0.0024643290984059946 -0.00025806076379075385 -0.0022140586790554283 0.00028616125043837962 0.00071360899951252951 -0.0039316357590038981 -0.00013238803060524988 -8.0229831808600237e-05 0.0023806970642011576 -0.0017239956930028837 -0.00099332480185023212 -0.0012215926901775109 -0.00039589164120299244 0.0021383024278664887
leaf_weight=876 116 348 162 529 133 102 258 4724 103 232 103 284 278 257
leaf_count=876 116 348 162 529 133 102 258 4724 103 232 103 284 278 257
internal_value=-3.98921e-05 -0.000809628 4.52492e-06 -0.000460059 -0.00105105 -0.00152081 -0.000935318 8.47447e-05 0.000448391 -0.000586912 0.000693686 0.000718566 0.000113008 0.000821469
internal_weight=8505 464 8041 1184 655 522 420 6857 2133 438 206 1695 819 535
internal_count=8505 464 8041 1184 655 522 420 6857 2133 438 206 1695 819 535
cat_boundaries=0 1 2
cat_threshold=276338691 2570600467
is_linear=0
shrinkage=0.03


Tree=147
num_leaves=15
num_cat=5
split_feature=37 0 1 37 31 0 14 1 37 35 22 35 29 17
split_gain=0.443226 0.425123 0.482242 0.997405 0.567518 0.471412 0.61708 0.829471 0.818695 0.525049 0.508558 0.534599 0.498826 0.421248
threshold=0 3.5000000000000004 29.500000000000004 1 0.91867732558139548 7.5000000000000009 2.5000000000000004 8.5000000000000018 2 3 3884.0117500000001 4 2.5000000000000004 1.0000000180025095e-35
decision_type=9 2 2 9 10 2 2 2 9 1 2 1 2 2
left_child=-1 -2 3 4 -3 10 7 -7 -8 -9 11 13 -12 -5
right_child=1 2 -4 5 -6 6 8 9 -10 -11 12 -13 -14 -15
leaf_value=-0.00039532258688603031 -0.0009522404052912419 0.0010952014329359372 -4.89409648965695e-05 0.0010061519942881855 0.0040867333400721019 0.00089961234330465743 -0.00068334697421881211 0.00012686474652745441 0.002180432070841632 -0.0022572313528507948 0.00081319824414273457 -0.00034109601075325824 -0.0015447994347032362 0.002690664157981716
leaf_weight=2067 323 128 3733 545 103 175 174 124 171 278 163 204 160 177
leaf_count=2067 323 128 3733 545 103 175 174 124 171 278 163 204 160 177
internal_value=-1.40733e-05 0.000108397 0.000164415 0.000495995 0.0023283 0.000288978 -0.000224217 -0.000824351 0.000779485 -0.00157483 0.000670128 0.00102765 -0.00035485 0.00139973
internal_weight=8525 6458 6135 2402 231 2171 922 577 345 402 1249 926 323 722
internal_count=8525 6458 6135 2402 231 2171 922 577 345 402 1249 926 323 722
cat_boundaries=0 1 2 3 4 5
cat_threshold=1832981024 2113821 2147518464 17 24
is_linear=0
shrinkage=0.03


Tree=148
num_leaves=15
num_cat=1
split_feature=27 27 30 30 30 23 37 30 1 24 27 27 30 22
split_gain=0.38062 1.18228 0.699958 0.383942 0.599573 0.367737 0.484535 0.553683 0.444385 0.406581 0.580423 0.93288 0.629007 0.541005
threshold=29.99912615740741 29.666261574074078 260.75000000000006 296.02500000000003 279.05000000000007 12.500000000000002 0 26.165000000000003 1.0000000180025095e-35 450.47533333333797 27.999803240740743 28.280746527777783 223.82500000000002 1410.5812500000002
decision_type=2 2 2 2 2 2 9 2 2 10 2 2 2 2
left_child=1 3 -2 4 5 8 7 -7 -1 10 -8 -12 -13 -11
right_child=2 -3 -4 -5 -6 6 9 -9 -10 13 11 12 -14 -15
leaf_value=0.00040029641126801088 -0.0012086534229423746 0.0030854465206625482 0.0010065877403424689 -0.00087084137270076805 0.0022079033453685595 -0.00012247493839822709 1.3539527688876524e-05 0.0025098253158731621 -0.0012844033890976379 -0.0024349185849731679 0.0037058556451345795 0.001330696159851562 -0.0015688750773004377 -6.2999685633411046e-05
leaf_weight=220 534 114 169 423 115 132 5454 158 392 136 100 202 101 238
leaf_count=220 534 114 169 423 115 132 5454 158 392 136 100 202 101 238
internal_value=-7.59041e-06 5.27784e-05 -0.000676113 7.70947e-06 5.89825e-05 2.43371e-05 9.03262e-05 0.00126795 -0.000678792 3.34292e-05 9.47199e-05 0.00119337 0.000364172 -0.000925516
internal_weight=8488 7785 703 7671 7248 7133 6521 290 612 6231 5857 403 303 374
internal_count=8488 7785 703 7671 7248 7133 6521 290 612 6231 5857 403 303 374
cat_boundaries=0 1
cat_threshold=3154960
is_linear=0
shrinkage=0.03


Tree=149
num_leaves=15
num_cat=0
split_feature=23 21 5 38 38 32 1 24 1 32 38 38 0 21
split_gain=0.40774 0.437486 0.506585 0.332828 0.304489 0.276526 1.11142 0.882335 0.459083 0.349239 0.389913 0.28105 0.586009 0.660417
threshold=13.500000000000002 119.50000000000001 0.31010000000000004 2.2959005306676046 2.1579342295588102 2.5000000000000004 21.500000000000004 100.57766666666519 9.5000000000000018 3.5000000000000004 1.6634153955090849 1.3626908622659719 7.5000000000000009 155.35833333333338
decision_type=2 2 2 2 2 2 2 10 2 2 2 2 2 2
left_child=1 2 -1 4 5 6 7 8 -2 10 -7 -11 13 -13
right_child=3 -3 -4 -5 -6 9 -8 -9 -10 11 -12 12 -14 -15
leaf_value=2.4753181781058876e-05 -0.00057802946879054564 -0.0021924582646641565 -0.0022846555012716527 0.0015828051910914548 -0.0011892090966331681 0.00011303256592428726 -0.00010382100257160101 0.0039410006478724641 0.0021144097500035296 -0.00027441603679446481 -0.0016161548342385442 -0.00038142228232679315 0.0005551519859920361 0.0013839433662958928
leaf_weight=528 113 142 102 123 186 216 922 122 115 1919 257 1753 1843 214
leaf_count=528 113 142 102 123 186 216 922 122 115 1919 257 1753 1843 214
internal_value=-3.0596e-05 -0.000688205 -0.000349151 3.46326e-05 9.77293e-06 3.96111e-05 0.000442546 0.00188183 0.000779999 -4.30289e-05 -0.000826505 2.16567e-05 0.000170781 -0.000189359
internal_weight=8555 772 630 7783 7660 7474 1272 350 228 6202 473 5729 3810 1967
internal_count=8555 772 630 7783 7660 7474 1272 350 228 6202 473 5729 3810 1967
is_linear=0
shrinkage=0.03


Tree=150
num_leaves=15
num_cat=1
split_feature=37 26 24 23 0 22 22 23 25 0 0 31 1 25
split_gain=0.287286 0.392726 0.587458 0.544729 0.359026 0.437372 0.328693 0.276027 0.543213 0.28433 0.312946 0.282054 0.264565 0.239005
threshold=0 0.06030303030303031 61.839166666663957 72.500000000000014 8.5000000000000018 69.750000000000014 11720.000000000002 167.50000000000003 0.51925925925925942 9.5000000000000018 7.5000000000000009 7.4976562500000012 217.50000000000003 0.090000000000000011
decision_type=9 8 10 2 2 2 2 2 10 2 2 10 2 10
left_child=4 6 3 -3 -1 -6 7 11 -9 10 -10 12 13 -2
right_child=1 2 -4 -5 5 -7 -8 8 9 -11 -12 -13 -14 -15
leaf_value=0.00011927299957603085 -0.0012673547332893316 0.0030994227124028838 -0.00097524133556289589 0.00055671274715851497 -0.0024630859006876844 -0.00047675117612423084 -0.0012621557844019063 -0.0016745798529991427 0.00031757765504909622 0.0012535410193833623 -0.0016829728138691279 0.0016942000124638653 0.0015459244540080618 0.00013175205016247873
leaf_weight=597 112 135 100 173 130 429 164 227 202 139 108 106 117 5826
leaf_count=597 112 135 100 173 130 429 164 227 202 139 108 106 117 5826
internal_value=4.89549e-05 0.000117647 0.00102257 0.00167121 -0.000388955 -0.000938689 6.50779e-05 9.69145e-05 -0.000478547 0.000126129 -0.000379388 0.000160056 0.000133198 0.000105363
internal_weight=8565 7409 408 308 1156 559 7001 6837 676 449 310 6161 6055 5938
internal_count=8565 7409 408 308 1156 559 7001 6837 676 449 310 6161 6055 5938
cat_boundaries=0 1
cat_threshold=1661571587
is_linear=0
shrinkage=0.03


Tree=151
num_leaves=15
num_cat=3
split_feature=37 38 35 31 38 26 38 30 35 1 31 28 1 38
split_gain=0.257631 0.729567 0.759953 0.430633 0.434851 0.432782 0.306855 0.287102 0.30169 0.776456 0.408182 0.346331 0.372973 0.277706
threshold=0 1.8661877666063089 1 0.73226861167002022 1.3118681536549592 0.022474747474747477 1.2561480715981335 198.60000000000002 2 19.500000000000004 1.5380656807169777 3.3059606481481487 17.500000000000004 1.3704040760593796
decision_type=9 2 1 8 2 10 2 2 1 2 10 2 2 2
left_child=-1 3 -3 4 -2 7 -7 8 11 -10 -11 12 -5 -9
right_child=1 2 -4 5 -6 6 -8 13 9 10 -12 -13 -14 -15
leaf_value=-6.9167179502311517e-05 0.0027636542494288733 0.0031900188141502439 0.00022695431734309605 0.0025912901315355806 0.00027851911950917005 -0.0023185736005660144 -0.00046196874633931754 0.00030471584621337379 -0.0020578331549920368 -0.00031104220688575878 0.0021953012072481212 -0.00034015816797881257 0.00069483853680919435 -0.0019255203704349694
leaf_weight=6331 100 140 179 140 173 100 403 101 134 132 105 153 280 100
leaf_count=6331 100 140 179 140 173 100 403 101 134 132 105 153 280 100
internal_value=2.87646e-05 0.000304502 0.00163447 8.52334e-05 0.00118883 -9.75825e-05 -0.000831075 0.000224642 0.000443846 -0.000226511 0.000799363 0.000866709 0.00132699 -0.000804854
internal_weight=8571 2240 319 1921 273 1648 503 1145 944 371 237 573 420 201
internal_count=8571 2240 319 1921 273 1648 503 1145 944 371 237 573 420 201
cat_boundaries=0 1 2 3
cat_threshold=919669557 3 24
is_linear=0
shrinkage=0.03


Tree=152
num_leaves=15
num_cat=0
split_feature=21 16 17 38 1 25 31 31 24 1 30 30 24 30
split_gain=0.377167 0.522729 0.33727 0.269746 0.475324 0.485391 0.429946 0.796031 0.611942 0.529432 0.579247 1.21946 0.54707 0.517064
threshold=193.00000000000003 1.0000000180025095e-35 3.5000000000000004 1.3886408101792183 38.500000000000007 0.19000000000000003 3.0002965012848395 2.3393548387096779 500.30483333333518 14.500000000000002 117.50000000000001 170.12500000000003 6.2545000000001165 84.500000000000014
decision_type=2 2 2 2 2 10 8 10 10 2 2 2 10 2
left_child=2 -2 3 4 -1 -6 7 9 -8 10 13 -12 -11 -5
right_child=1 -3 -4 6 5 -7 8 -9 -10 12 11 -13 -14 -15
leaf_value=-0.00061553567316465331 -0.00022821505437135666 0.0024893706576287291 0.0016028709323617132 0.00090745388616000867 0.0021442115277693907 -6.406158803710927e-06 0.00036790560766814212 -0.00099199608170780695 0.0026998016749540427 -0.0018728218056909558 -0.0022898074860576846 0.0017575202049624409 3.5907494548776348e-05 0.003220230967257019
leaf_weight=1552 124 131 116 348 103 1138 1278 684 110 143 134 134 2460 116
leaf_count=1552 124 131 116 348 103 1138 1278 684 110 143 134 134 2460 116
internal_value=3.1404e-05 0.00116788 -3.44461e-06 -2.61681e-05 -0.000265574 0.00017209 9.74976e-05 -5.97144e-05 0.00055271 0.000131494 0.000844282 -0.000266144 -6.89516e-05 0.00148565
internal_weight=8571 255 8316 8200 2793 1241 5407 4019 1388 3335 732 268 2603 464
internal_count=8571 255 8316 8200 2793 1241 5407 4019 1388 3335 732 268 2603 464
is_linear=0
shrinkage=0.03


Tree=153
num_leaves=15
num_cat=3
split_feature=22 6 38 37 36 37 30 27 25 26 27 27 22 30
split_gain=0.284543 0.693457 0.609004 0.828434 0.577807 0.603257 0.381128 0.475785 0.370279 0.357989 0.46163 1.24152 0.605807 0.448796
threshold=305.90000000000003 2.5000000000000004 1.8063954294013549 0 1 2 254.60000000000002 13.999554398148151 0.49489795918367352 0.1012820512820513 13.957795138888892 13.999334490740742 11720.000000000002 330.27500000000003
decision_type=2 2 2 9 9 9 2 2 10 8 2 2 2 2
left_child=2 9 4 -4 5 -1 7 -3 -7 10 -2 -12 13 -13
right_child=1 6 3 -5 -6 8 -8 -9 -10 -11 11 12 -14 -15
leaf_value=0.0022468057863742992 -0.00083317867254802385 -2.686652122065425e-05 2.7093642610283094e-05 0.0031429221264444389 -0.00066636329339255017 -0.00038476429018368286 -0.00057696589632133869 0.0022061612869874233 0.000729492622685878 0.001298293079849977 0.0025081072856792163 -0.00018515384734596753 -0.0023202756558271961 0.0013432600375381299
leaf_weight=143 892 130 167 141 574 487 107 253 598 146 160 4387 116 180
leaf_count=143 892 130 167 141 574 487 107 253 598 146 160 4387 116 180
internal_value=2.16704e-05 -7.83318e-05 0.00032362 0.00155642 0.000112909 0.00047869 0.00100598 0.00144821 0.000227266 -0.000168676 -0.000206022 -9.05096e-05 -0.000179294 -0.000124914
internal_weight=8481 6371 2110 308 1802 1228 490 383 1085 5881 5735 4843 4683 4567
internal_count=8481 6371 2110 308 1802 1228 490 383 1085 5881 5735 4843 4683 4567
cat_boundaries=0 1 2 3
cat_threshold=547360770 48 8400962
is_linear=0
shrinkage=0.03


Tree=154
num_leaves=15
num_cat=3
split_feature=0 37 28 23 13 37 21 23 38 31 27 22 26 37
split_gain=0.292854 0.610919 0.46938 0.504791 1.10912 0.687937 0.772025 0.635904 0.692704 0.570507 0.468234 0.413996 0.36347 0.354373
threshold=7.5000000000000009 0 13.504230324074076 112.50000000000001 1.0000000180025095e-35 1 46.500000000000007 148.50000000000003 1.8063954294013549 1.091356184798808 27.165231481481488 6402.0500000000002 0.05634920634920635 2
decision_type=2 9 2 2 2 9 2 2 2 8 2 2 10 9
left_child=13 11 3 4 5 -3 -7 8 -5 -6 -9 -2 -13 -1
right_child=1 2 -4 7 9 6 -8 10 -10 -11 -12 12 -14 -15
leaf_value=-0.00071948686224053004 6.4923074351617787e-06 -0.00053548041009759929 -0.00059214473471686402 0.0031354192174633732 0.0010286675454335636 0.0035398925643318172 0.00028036223631352185 -0.0011311165825263116 0.00031304587811515055 -0.00089044858910571534 0.0014722856156416794 -0.00040753123003333731 -0.0023700615589578567 -4.7931862597996327e-05
leaf_weight=883 1826 102 279 245 192 189 100 116 115 509 134 245 130 3425
leaf_count=883 1826 102 279 245 192 189 100 116 115 509 134 245 130 3425
internal_value=-1.37611e-05 0.000165068 0.000545663 0.000735383 0.000349238 0.00162942 0.00233136 0.00142665 0.00223383 -0.000364813 0.000264307 -0.000179149 -0.00108788 -0.00018736
internal_weight=8490 4182 1981 1702 1092 391 289 610 360 701 250 2201 375 4308
internal_count=8490 4182 1981 1702 1092 391 289 610 360 701 250 2201 375 4308
cat_boundaries=0 1 2 3
cat_threshold=3057701512 1207961856 680346150
is_linear=0
shrinkage=0.03


Tree=155
num_leaves=15
num_cat=3
split_feature=24 31 31 17 37 38 38 27 38 27 23 37 21 37
split_gain=0.473388 0.911063 0.956671 0.448307 0.412826 0.658253 0.465603 0.632302 0.602239 0.951169 0.556528 0.524133 0.514018 0.732235
threshold=7.486666666665756 1.200840336134454 1.793377120963328 3.5000000000000004 0 1.8063954294013549 1.6496706967483874 11.374409722222223 1.5365699355624576 29.212303240740741 201.00000000000003 1 142.07500000000005 2
decision_type=8 8 10 2 9 2 2 2 2 2 2 9 2 9
left_child=1 -1 -3 4 5 -2 8 -8 10 -10 11 -6 13 -9
right_child=3 2 -4 -5 6 -7 7 12 9 -11 -12 -13 -14 -15
leaf_value=-0.0024133383970580658 2.9104144916542475e-05 0.0017623196107600706 -0.0012096367181142946 0.0020550266716838164 0.0012587952773927854 0.0028084305159344143 0.0019527579020200804 0.00021011204172301473 0.00043993294147212072 0.0028381345568176701 -0.0020623160043679594 1.3457716177905032e-05 0.0011715172915719449 -0.00090126310285027259
leaf_weight=198 185 172 225 107 323 131 110 844 779 184 108 3528 180 1440
leaf_count=198 185 172 225 107 323 131 110 844 779 184 108 3528 180 1440
internal_value=6.50169e-05 -0.000751076 7.79615e-05 0.000126335 9.99176e-05 0.00114506 5.42589e-05 -0.000272618 0.000225312 0.000898156 6.16474e-05 0.000121213 -0.000371965 -0.000493606
internal_weight=8514 595 397 7919 7812 316 7496 2574 4922 963 3959 3851 2464 2284
internal_count=8514 595 397 7919 7812 316 7496 2574 4922 963 3959 3851 2464 2284
cat_boundaries=0 1 2 3
cat_threshold=137888008 545276033 1413517314
is_linear=0
shrinkage=0.03


Tree=156
num_leaves=15
num_cat=1
split_feature=25 6 22 37 30 1 25 1 31 27 31 5 1 1
split_gain=0.329254 0.832217 0.458344 0.565898 0.458803 0.312578 0.479895 0.615823 0.532354 0.474443 0.429344 0.315121 0.28227 0.743554
threshold=0.24195121951219514 2.5000000000000004 102.42400000000002 0 64.050000000000011 12.500000000000002 0.17000000000000001 32.500000000000007 1.0823369463999704 13.999531250000002 1.5201026298909559 0.085150000000000017 8.5000000000000018 16.500000000000004
decision_type=10 2 2 9 2 2 10 2 10 2 10 2 2 2
left_child=1 2 -1 5 -5 9 10 -8 -9 -4 11 -7 -2 -14
right_child=12 -3 3 4 -6 6 7 8 -10 -11 -12 -13 13 -15
leaf_value=-0.0014716131323283272 0.00027453029537492801 0.0027997959153851426 0.0023969704494182322 0.0025471501617490813 1.4697271047757481e-05 0.00025536253338735086 -0.00085998643201889036 -0.00018082813628447742 0.0026484673871520034 -0.00019389712050535261 -0.0026215512552209058 -0.0015100472447746093 -0.0012444531071486209 -0.00013310544153548315
leaf_weight=147 1097 112 111 164 106 229 181 104 141 149 104 151 606 5116
leaf_count=147 1097 112 111 164 106 229 181 104 141 149 104 151 606 5116
internal_value=-7.31912e-05 0.000300473 0.000124087 0.000286982 0.00149747 -5.11624e-06 -0.000267264 0.000467066 0.00144746 0.000912204 -0.000913596 -0.000446156 -0.000166292 -0.000250805
internal_weight=8518 1699 1587 1440 270 1170 910 426 245 260 484 380 6819 5722
internal_count=8518 1699 1587 1440 270 1170 910 426 245 260 484 380 6819 5722
cat_boundaries=0 1
cat_threshold=2828075008
is_linear=0
shrinkage=0.03


Tree=157
num_leaves=15
num_cat=3
split_feature=37 13 22 22 38 21 22 35 38 22 32 37 1 23
split_gain=0.380935 0.891143 0.692836 0.503014 0.558861 0.541409 0.398033 0.468807 0.565528 0.395301 0.375186 0.606474 0.519065 0.403533
threshold=0 0.50000000000000011 1479.67975 10928.000000000002 1.9550961756217189 32.250000000000007 9.8750000000000018 1 1.5265278660026054 6978.2500000000009 2.5000000000000004 2 15.500000000000002 194.50000000000003
decision_type=9 2 2 2 2 2 2 1 2 2 2 9 2 2
left_child=1 3 -3 4 6 -6 -1 -8 -9 -7 11 -2 -13 -12
right_child=10 2 -4 -5 5 9 7 8 -10 -11 13 12 -14 -15
leaf_value=-0.0023934923255767085 3.3964686691790489e-05 2.8132080741056482e-06 0.0028052415870151071 -0.0023883674661442636 0.0023693025369559309 -0.00081544301895010321 -0.00076997220154643119 -0.00065792712797331857 0.0024085201916168443 0.0014109764232683195 7.1912698776248885e-05 0.0035133361110097861 0.00091299003899549273 -0.001614287353355352
leaf_weight=114 464 197 133 125 108 218 1285 118 100 107 5122 105 202 131
leaf_count=114 464 197 133 125 108 218 1285 118 100 107 5122 105 202 131
internal_value=-8.94229e-06 -0.000319108 0.00113228 -0.000540786 -0.000428128 0.000529082 -0.00068445 -0.000554822 0.000715862 -8.24372e-05 0.000120366 0.000738552 0.0017455 2.9862e-05
internal_weight=8529 2505 330 2175 2050 433 1617 1503 218 325 6024 771 307 5253
internal_count=8529 2505 330 2175 2050 433 1617 1503 218 325 6024 771 307 5253
cat_boundaries=0 1 2 3
cat_threshold=1982403179 11 8691840
is_linear=0
shrinkage=0.03


Tree=158
num_leaves=15
num_cat=3
split_feature=38 36 23 38 35 24 22 26 28 37 1 22 7 28
split_gain=0.603438 1.16894 0.502075 0.394616 0.853109 0.435635 0.369201 0.395804 0.491514 0.653164 0.599857 0.5742 0.481108 0.875458
threshold=2.0230418184696588 0 145.50000000000003 2.0734125110105408 1 33.996666666666577 10820.35 0.02355875831485588 2.8361574074074078 2 12.500000000000002 1080.2500000000002 1.5000000000000002 8.6778009259259274
decision_type=2 9 2 2 1 10 2 10 2 9 2 2 2 2
left_child=6 -2 3 -3 -5 -6 7 12 10 -10 11 -9 -1 -14
right_child=1 2 -4 4 5 -7 -8 8 9 -11 -12 -13 13 -15
leaf_value=-3.6126827625696763e-06 0.0036111722485848556 0.0013077792709990711 0.0019644822954386471 -0.0026274883702903616 -0.00093667804250353068 0.0017239085186658235 -0.0015511536839025496 0.0016689964170502716 0.0014467473233658397 -0.00028234349717350674 -0.00094305693883540195 -0.0010090832671321257 0.0016128261778116581 -0.0015153959379208706
leaf_weight=4565 104 119 125 119 106 116 153 172 254 763 1361 124 397 101
leaf_count=4565 104 119 125 119 106 116 153 172 254 763 1361 124 397 101
internal_value=-1.74673e-05 0.000833961 0.000273824 -0.000179641 -0.000698711 0.000433989 -9.18189e-05 -6.29604e-05 -0.000358216 0.000160954 -0.000676861 0.000547098 9.29775e-05 0.000978388
internal_weight=8579 689 585 460 341 222 7890 7737 2674 1017 1657 296 5063 498
internal_count=8579 689 585 460 341 222 7890 7737 2674 1017 1657 296 5063 498
cat_boundaries=0 1 2 3
cat_threshold=4 24 578813957
is_linear=0
shrinkage=0.03


Tree=159
num_leaves=15
num_cat=2
split_feature=37 28 23 23 38 1 23 22 32 35 26 1 25 23
split_gain=0.329365 0.43195 0.784119 0.465841 0.537675 0.416464 0.414995 0.372326 0.364799 0.355511 0.372284 0.285305 0.331053 0.562122
threshold=0 2.4405266203703708 86.500000000000014 65.500000000000014 1.7108009314761714 15.500000000000002 38.500000000000007 2593.2500000000005 3.5000000000000004 1 0.07571428571428572 146.50000000000003 0.32916666666666672 135.50000000000003
decision_type=9 2 2 2 2 2 2 2 2 1 8 2 8 2
left_child=1 3 -3 5 -5 -1 8 -6 -7 11 -11 12 -2 -14
right_child=9 2 -4 4 7 6 -8 -9 -10 10 -12 -13 13 -15
leaf_value=0.0013536165835321846 -0.0012500357522076228 -0.00045093377574763907 0.0026291760188279214 0.0001160936585914057 -0.0025958164541203025 -0.0022498970795815881 0.00060032712101169372 -0.00047193431743765431 -2.7715811529793802e-05 0.00017358527143366843 0.0018573851245953336 0.00079228565532337358 0.00022477602905945454 -0.0010980246714426237
leaf_weight=133 330 239 108 156 260 154 170 104 117 5067 121 203 923 421
leaf_count=133 330 239 108 156 260 154 170 104 117 5067 121 203 923 421
internal_value=5.6074e-08 -0.000411678 0.000507717 -0.00070706 -0.00135747 -0.00011784 -0.000561613 -0.00198899 -0.00129051 8.44978e-05 0.000212447 -0.000268404 -0.000398633 -0.000189583
internal_weight=8506 1441 347 1094 520 574 441 364 271 7065 5188 1877 1674 1344
internal_count=8506 1441 347 1094 520 574 441 364 271 7065 5188 1877 1674 1344
cat_boundaries=0 1 2
cat_threshold=545854321 1
is_linear=0
shrinkage=0.03


Tree=160
num_leaves=15
num_cat=1
split_feature=17 22 22 30 30 23 30 11 28 1 13 27 21 35
split_gain=0.270399 0.21492 0.505449 0.555454 1.30276 1.24917 0.53317 0.500595 0.489544 0.879979 0.401758 0.540092 0.472503 0.704347
threshold=3.5000000000000004 1946.8125000000002 3301.6500000000005 222.10000000000002 97.500000000000014 95.500000000000014 264.02500000000003 1.0000000180025095e-35 15.448998842592594 20.500000000000004 1.0000000180025095e-35 28.281006944444449 169.03333333333336 0
decision_type=2 2 2 2 2 2 2 2 2 2 2 2 2 1
left_child=1 7 3 4 -3 -6 -5 8 -1 -10 -4 12 -12 -14
right_child=-2 2 10 6 5 -7 -8 -9 9 -11 11 -13 13 -15
leaf_value=1.53474302953994e-05 0.0014379784336480766 -0.00063520166322939681 -0.00056062313249493408 -0.0011317839412459101 0.0047537262402263213 0.00070662916182879013 0.0014251277289103444 -0.0014340137270368995 -0.0035052731237143718 -0.00019290791475674204 0.00025875959550224556 -0.00091486699817564464 -0.00010743132852628056 0.0032481495597907763
leaf_weight=5152 117 154 805 182 143 132 123 249 101 253 720 257 106 122
leaf_count=5152 117 154 805 182 143 132 123 249 101 253 720 257 106 122
internal_value=5.58575e-06 -1.4133e-05 0.000204344 0.000878124 0.00157398 0.00281112 -0.000100636 -0.000118304 -5.88028e-05 -0.00113796 -4.17024e-05 0.000304962 0.000635655 0.00182585
internal_weight=8616 8499 2744 734 429 275 305 5755 5506 354 2010 1205 948 228
internal_count=8616 8499 2744 734 429 275 305 5755 5506 354 2010 1205 948 228
cat_boundaries=0 1
cat_threshold=24
is_linear=0
shrinkage=0.03


Tree=161
num_leaves=15
num_cat=1
split_feature=22 35 32 27 17 13 21 29 23 22 26 28 24 24
split_gain=0.373903 0.612546 0.534893 0.602643 0.848529 0.512646 0.796667 0.373148 0.674215 0.409412 0.404312 0.736607 0.88584 0.686436
threshold=6402.0500000000002 0 7.5000000000000009 18.812077546296297 1.0000000180025095e-35 1.0000000180025095e-35 129.92500000000004 4.5000000000000009 92.500000000000014 1946.8125000000002 1.0000000180025095e-35 0.53105902777777791 172.41716666666329 328.26683333333648
decision_type=2 1 2 2 2 2 2 2 2 2 8 2 10 10
left_child=7 2 5 -4 -5 6 -2 10 -9 -10 13 -12 -13 -1
right_child=1 -3 3 4 -6 -7 -8 8 9 -11 11 12 -14 -15
leaf_value=-0.00042719422458450918 0.00088937816205725533 0.0010203653239385828 -0.0024255374462992894 0.00093915679328212577 -0.0025034023135441907 0.0016733230978755627 -0.0027073111456058221 0.0030878859485204487 0.0010871314575181443 -0.0012654688038925927 -0.00012238879808079063 0.0011822957523732246 -0.00032825580467479192 0.00073358879594043419
leaf_weight=2637 120 184 276 162 107 118 103 101 185 104 2244 1129 506 555
leaf_count=2637 120 184 276 162 107 118 103 101 185 104 2244 1129 506 555
internal_value=-6.80107e-07 -0.000525134 -0.000848041 -0.00144068 -0.000430188 7.42653e-05 -0.000771873 7.45331e-05 0.000977915 0.000240521 2.47072e-05 0.000230491 0.00071481 -0.000225366
internal_weight=8531 1070 886 545 269 341 223 7461 390 289 7071 3879 1635 3192
internal_count=8531 1070 886 545 269 341 223 7461 390 289 7071 3879 1635 3192
cat_boundaries=0 1
cat_threshold=25
is_linear=0
shrinkage=0.03


Tree=162
num_leaves=15
num_cat=0
split_feature=25 28 28 33 31 21 23 31 27 31 24 38 30 30
split_gain=0.298332 0.400864 0.451696 0.336571 1.69731 0.932971 0.799666 0.629588 0.466563 0.458065 0.561086 0.509999 0.471197 1.26236
threshold=0.62481481481481493 10.053547453703706 5.9232233796296301 1.0000000180025095e-35 3.5561282932416955 190.00000000000003 26.500000000000004 4.8694037915972448 11.416377314814817 3.1885887096774197 673.12316666666027 2.0155789709139418 212.12500000000003 222.10000000000002
decision_type=8 2 2 2 8 2 2 10 2 8 10 2 2 2
left_child=3 2 -2 5 6 9 -5 -6 -8 10 12 -11 -1 -14
right_child=1 -3 -4 4 7 -7 8 -9 -10 11 -12 -13 13 -15
leaf_value=-0.00021925398058994842 0.00047880699906424455 -0.00086618007032666358 0.0025359380100462257 -0.001341296055441055 0.0044960813854749383 0.0018646630590351727 0.0022188890295725522 0.0011789232755408567 0.00012919183321550117 -0.0010564235408460625 -0.0023351009925458542 0.0010231079066870734 0.0033405407248623671 9.1407301155723949e-05
leaf_weight=3870 641 160 113 335 104 195 107 102 949 919 101 120 125 774
leaf_count=3870 641 160 113 335 104 195 107 102 949 919 101 120 125 774
internal_value=-1.47524e-05 0.000497689 0.000787104 -7.5572e-05 0.000312168 -0.000177017 -6.42056e-05 0.00285361 0.000340932 -0.000244394 -0.00012239 -0.000816247 -7.55286e-05 0.000543178
internal_weight=8615 914 754 7701 1597 6104 1391 206 1056 5909 4870 1039 4769 899
internal_count=8615 914 754 7701 1597 6104 1391 206 1056 5909 4870 1039 4769 899
is_linear=0
shrinkage=0.03


Tree=163
num_leaves=15
num_cat=1
split_feature=38 1 31 1 7 28 37 31 1 0 22 30 25 0
split_gain=0.303485 0.46034 0.314037 0.284364 0.690094 0.65186 0.72521 0.530413 0.527087 0.792789 0.445826 0.372002 0.5512 0.348556
threshold=1.1990236103052185 5.5000000000000009 1.6406667080513999 12.500000000000002 1.0000000180025095e-35 8.6778009259259274 0 7.4976562500000012 8.5000000000000018 5.5000000000000009 1459.6446250000004 108.30000000000001 0.32250000000000006 18.500000000000004
decision_type=2 2 10 2 2 2 9 10 2 2 2 2 8 2
left_child=1 2 -1 4 -2 6 11 13 9 -8 -7 12 -6 -5
right_child=3 -3 -4 7 5 10 8 -9 -10 -11 -12 -13 -14 -15
leaf_value=-0.0028229634587862745 0.0026780663989484309 -0.00014707488990744241 -0.0005191003426334986 -1.2119246201641224e-05 0.001881472197611583 -0.0026287727830931543 0.00021745025158366734 0.0015277887169620954 -0.00066551772369926828 0.0024088705845472787 0.00011651178912466599 -0.0019463268962520684 -0.00091057732830023658 -0.001773528105407519
leaf_weight=106 118 1148 107 5511 100 105 255 200 122 356 108 112 175 103
leaf_count=106 118 1148 107 5511 100 105 255 200 122 356 108 112 175 103
internal_value=2.63936e-05 -0.000384732 -0.00166562 0.000103412 0.000479115 0.000284459 0.00057377 9.64829e-06 0.00111954 0.00149428 -0.0012368 -0.000476555 0.000104713 -4.44358e-05
internal_weight=8626 1361 213 7265 1451 1333 1120 5814 733 611 213 387 275 5614
internal_count=8626 1361 213 7265 1451 1333 1120 5814 733 611 213 387 275 5614
cat_boundaries=0 1
cat_threshold=165711904
is_linear=0
shrinkage=0.03


Tree=164
num_leaves=15
num_cat=0
split_feature=24 31 31 32 24 30 32 27 13 28 32 23 28 22
split_gain=0.313283 0.991223 0.755444 0.55784 0.350187 0.246901 0.429114 0.376163 0.313367 0.499357 0.633401 0.606408 0.473312 0.46291
threshold=7.486666666665756 1.2508030341587599 1.793377120963328 6.5000000000000009 10.720666666667677 324.57500000000005 30.500000000000004 30.62453125 0.50000000000000011 5.138715277777778 16.500000000000004 22.500000000000004 16.50072916666667 5447.5625000000009
decision_type=8 8 8 2 8 2 2 2 2 2 2 2 2 2
left_child=1 -1 -3 -4 -2 7 -7 8 12 11 -11 -10 -6 -13
right_child=4 2 3 -5 5 6 -8 -9 9 10 -12 13 -14 -15
leaf_value=-0.0023373223294120308 0.0013905814819486434 0.0023288816526847774 0.00054863218990871437 -0.0022345267091074183 -3.1289214883861842e-05 0.0021883316884155975 -0.00037097228865098691 -0.001125217255164859 0.0020729909538174016 0.0030434010414120906 0.00032002141060334194 7.6484149812083483e-05 -0.0012259208518080413 -0.0019848585767523116
leaf_weight=213 163 109 152 113 5693 121 115 279 121 132 184 741 315 113
leaf_count=213 163 109 152 113 5693 121 115 279 121 132 184 741 315 113
internal_value=-3.48808e-05 -0.000703767 0.000226574 -0.000638149 1.43402e-05 -1.43682e-05 0.000941213 -4.41277e-05 -2.80368e-06 0.000421247 0.00145764 8.53514e-05 -9.39239e-05 -0.00019627
internal_weight=8564 587 374 265 7977 7814 236 7578 7299 1291 316 975 6008 854
internal_count=8564 587 374 265 7977 7814 236 7578 7299 1291 316 975 6008 854
is_linear=0
shrinkage=0.03


Tree=165
num_leaves=15
num_cat=2
split_feature=37 12 1 32 31 38 38 30 37 25 23 32 1 0
split_gain=0.412633 0.356111 0.632676 0.700851 0.510572 0.535629 0.566102 0.511071 0.422294 0.319503 0.324587 0.3077 0.45668 0.375326
threshold=0 1.0000000180025095e-35 96.500000000000014 5.5000000000000009 4.3931656155744454 1.8019956362498919 1.7042199474439579 52.500000000000007 1 0.19000000000000003 18.500000000000004 10.500000000000002 7.5000000000000009 4.5000000000000009
decision_type=9 2 2 2 10 2 2 2 9 8 2 2 2 2
left_child=-1 2 4 -4 5 6 8 -7 -2 10 -10 13 -13 -11
right_child=1 -3 3 -5 -6 7 -8 -9 9 11 -12 12 -14 -15
leaf_value=0.00019631866570129139 0.001126152860905187 -0.0016326208131067688 2.8649240073634224e-05 0.003186955298250541 -0.0020857700719711251 0.0027017226808395485 -0.0022700461767785037 -0.00025148902144979369 0.0018026432214142047 0.00034899283796235414 -0.00024706003316117786 0.00099016848892217839 -0.0009790476059202823 -0.0014600526740472734
leaf_weight=6100 172 160 172 100 142 104 134 107 103 130 214 202 223 501
leaf_count=6100 172 160 172 100 142 104 134 107 103 130 214 202 223 501
internal_value=6.40992e-05 -0.000262959 -0.000168985 0.00118979 -0.000350869 -0.000220522 -0.000399557 0.00120412 -0.000237327 -0.000413326 0.000418932 -0.000667075 -4.30908e-05 -0.00108735
internal_weight=8564 2464 2304 272 2032 1890 1679 211 1545 1373 317 1056 425 631
internal_count=8564 2464 2304 272 2032 1890 1679 211 1545 1373 317 1056 425 631
cat_boundaries=0 1 2
cat_threshold=334277976 536887296
is_linear=0
shrinkage=0.03


Tree=166
num_leaves=15
num_cat=2
split_feature=37 31 31 31 27 32 36 24 22 31 15 21 30 1
split_gain=0.257576 0.427583 0.873127 0.719625 0.68646 0.538203 0.502086 0.405805 0.393479 0.378382 0.393 0.311474 0.629147 0.303756
threshold=0 1.2808240993126334 1.0823369463999704 1.8673618665366296 13.999334490740742 4.5000000000000009 1 13.420333333333257 1046.2500000000002 0.19843228538575877 1.0000000180025095e-35 50.500000000000007 47.050000000000004 37.500000000000007
decision_type=9 8 10 8 2 2 9 10 2 8 2 2 2 2
left_child=1 2 6 4 -3 -5 8 11 -1 -9 -11 12 -2 -7
right_child=7 3 -4 5 -6 13 -8 9 -10 10 -12 -13 -14 -15
leaf_value=0.00020845154546632254 -0.0013870534629157711 2.7356020347998203e-05 -0.002437613094652086 -0.0011214122318895534 0.0029321171220586758 0.0014988475795596457 -0.00073998828785289811 0.0016604262678922453 0.0027379933062612132 -5.6223790422186901e-07 -0.00172646557104058 -0.0023485023089552617 0.0012845345472470863 -5.3869301750885572e-05
leaf_weight=121 238 113 131 200 208 234 193 121 102 6361 121 106 119 220
leaf_count=121 238 113 131 200 208 234 193 121 102 6361 121 106 119 220
internal_value=1.45265e-05 0.000367181 -0.000301731 0.000746224 0.00190957 0.000175224 0.000370866 -6.18665e-05 0.00130686 -1.7518e-06 -3.27798e-05 -0.000920519 -0.000496524 0.00074643
internal_weight=8588 1522 547 975 321 654 416 7066 223 6603 6482 463 357 454
internal_count=8588 1522 547 975 321 654 416 7066 223 6603 6482 463 357 454
cat_boundaries=0 1 2
cat_threshold=27812866 38
is_linear=0
shrinkage=0.03


Tree=167
num_leaves=15
num_cat=0
split_feature=30 30 32 31 38 5 22 16 24 21 30 22 21 30
split_gain=0.267418 0.585932 0.264027 0.377191 0.383814 0.35229 0.32575 0.818732 1.00854 0.670152 0.662001 1.27948 1.00721 0.617174
threshold=11.250000000000002 15.250000000000002 26.500000000000004 4.7969387755102053 1.2294299679711378 0.30385000000000001 1946.8125000000002 1.0000000180025095e-35 365.66033333333684 80.916666666666671 220.07500000000002 3083.9500000000007 135.20000000000002 161.12500000000003
decision_type=2 2 2 10 2 2 2 2 10 2 2 2 2 2
left_child=-1 -2 6 4 -4 -6 -3 -8 9 -9 11 -11 13 -13
right_child=1 2 3 -5 5 -7 7 8 -10 10 -12 12 -14 -15
leaf_value=-0.00077040991242774599 0.0017855122273896713 -0.00017433717337513941 0.00074780147920486229 -0.002187685747079453 -0.0012700196432318121 0.00042529949731531607 -0.00027546117285159676 0.0025416730860204034 -0.0010283356103762934 0.0043624548721792437 -0.0004001651430319595 -0.0021031833004672078 0.0025849664066087521 0.0010005121942408182
leaf_weight=488 154 4565 211 114 371 157 1301 253 222 105 280 120 144 111
leaf_count=488 154 4565 211 114 371 157 1301 253 222 105 280 120 144 111
internal_value=-8.83616e-05 -4.73108e-05 -8.27967e-05 -0.000581495 -0.00033372 -0.000765919 -2.28911e-05 0.000249724 0.000802975 0.00120431 0.000759107 0.00143535 0.00061576 -0.000611797
internal_weight=8596 8108 7954 853 739 528 7101 2536 1235 1013 760 480 375 231
internal_count=8596 8108 7954 853 739 528 7101 2536 1235 1013 760 480 375 231
is_linear=0
shrinkage=0.03


Tree=168
num_leaves=15
num_cat=2
split_feature=31 31 31 31 31 37 32 33 37 22 38 25 31 32
split_gain=0.317309 0.622884 0.594688 0.629244 0.928579 0.631278 0.552267 0.416559 0.548439 0.502688 0.406036 0.411159 0.36635 0.378417
threshold=2.3393548387096779 2.2263297191155131 2.4177913468856578 2.4965495079846103 2.6050267885282072 0 15.500000000000002 1.0000000180025095e-35 1 1650.9240000000002 2.0155789709139418 0.65500000000000014 3.6235752716062195 7.5000000000000009
decision_type=10 10 10 10 10 9 2 2 9 2 2 10 10 2
left_child=1 -1 -2 -4 -5 -6 -3 10 -9 -10 11 12 -7 -14
right_child=2 6 3 4 5 7 -8 8 9 -11 -12 -13 13 -15
leaf_value=2.9502534054397876e-05 -0.0020155430460239154 0.00022724290509860769 0.0018584173040459106 -0.0023482026133045063 -0.0016171951359438966 -5.9727105583343249e-05 0.0032303320331432453 -0.00095987193890323397 0.00061292592492941675 0.0030458135840924993 0.0012180461833278448 0.00082335072017322556 8.9291414028643831e-05 -0.0015334235978681568
leaf_weight=5468 170 116 129 183 222 681 105 110 217 118 168 234 182 447
leaf_count=5468 170 116 129 183 222 681 105 110 217 118 168 234 182 447
internal_value=-3.69934e-05 9.26112e-05 -0.000294708 -0.000185996 -0.000288935 -0.00013053 0.00165405 2.98379e-05 0.0008477 0.00142728 -0.000182575 -0.000334974 -0.000541881 -0.00106389
internal_weight=8550 5689 2861 2691 2562 2379 221 2157 445 335 1712 1544 1310 629
internal_count=8550 5689 2861 2691 2562 2379 221 2157 445 335 1712 1544 1310 629
cat_boundaries=0 1 2
cat_threshold=2684366858 39845888
is_linear=0
shrinkage=0.03


Tree=169
num_leaves=15
num_cat=4
split_feature=37 5 23 28 37 21 35 29 37 25 32 21 30 5
split_gain=0.192588 0.210323 0.2546 0.574944 0.641959 0.468739 0.470315 0.446002 0.891159 0.411125 0.897449 0.655044 0.861662 0.41208
threshold=0 0.81665000000000021 50.500000000000007 3.0785185185185191 1 59.166666666666679 2 1.0000000180025095e-35 3 0.22290322580645164 8.5000000000000018 123.66666666666667 30.165000000000003 0.38195000000000007
decision_type=9 2 2 2 9 2 1 2 9 10 2 2 2 2
left_child=-1 2 9 5 -5 6 -4 -6 -9 10 11 12 -2 -11
right_child=1 -3 3 4 7 -7 -8 8 -10 13 -12 -13 -14 -15
leaf_value=-0.00047866940920963274 0.00082389145297034135 0.0011926577967547234 -0.00056765770407168762 -9.3983318336373075e-05 -0.00066539909051997325 -0.00017899509576361369 -0.0021148116007264303 0.00063645649136589847 0.0036925454068610945 0.00012997195569465771 -0.00056196103571425451 0.00034791785616239467 0.004385734453098848 -0.0013269667058855041
leaf_weight=927 117 126 686 1725 105 1922 242 333 113 1486 263 193 128 198
leaf_count=927 117 126 686 1725 105 1922 242 333 113 1486 263 193 128 198
internal_value=-7.27708e-05 -2.2845e-05 -4.32659e-05 -0.000162406 0.000193128 -0.000446334 -0.00100002 0.00107419 0.00150782 0.000212797 0.000823283 0.00165506 0.00268477 -4.13308e-05
internal_weight=8564 7637 7511 5126 2276 2850 928 551 446 2385 701 438 245 1684
internal_count=8564 7637 7511 5126 2276 2850 928 551 446 2385 701 438 245 1684
cat_boundaries=0 1 2 3 4
cat_threshold=688226822 4196480 11 268435456
is_linear=0
shrinkage=0.03


Tree=170
num_leaves=15
num_cat=1
split_feature=37 28 23 32 32 32 30 6 27 27 30 7 27 27
split_gain=0.555284 0.358349 0.707595 0.690345 0.365189 0.280376 0.487112 0.549326 0.331312 0.823635 1.10947 0.608078 0.641063 0.486145
threshold=0 3.0048437500000005 45.500000000000007 14.500000000000002 3.5000000000000004 31.500000000000004 181.10000000000002 1.0000000180025095e-35 27.999803240740743 28.280746527777783 289.02500000000003 1.5000000000000002 30.554403935185189 29.11533564814815
decision_type=9 2 2 2 2 2 2 2 2 2 2 2 2 2
left_child=5 -2 3 -3 -4 8 -7 -8 -1 -10 11 12 13 -11
right_child=1 2 4 -5 -6 6 7 -9 9 10 -12 -13 -14 -15
leaf_value=-1.7600445989026505e-06 -0.00067302688586006148 -0.0022917778880524259 6.4513543526822275e-05 0.00095751992922741918 0.0022648983766324817 0.00073275646091335348 -0.0029864029230360508 -0.00014876004577672573 0.0028483466613013295 -0.00085193169499070648 0.0029636389689197337 0.0017259148217922782 -0.0014257427000940581 0.00079013710895867769
leaf_weight=4521 1785 143 124 100 150 135 118 128 125 247 127 161 299 473
leaf_count=4521 1785 143 124 100 150 135 118 128 125 247 127 161 299 473
internal_value=-7.16482e-05 -0.000469546 0.000223911 -0.000954618 0.0012691 7.35871e-05 -0.000715262 -0.00150991 0.000124198 0.000521863 0.000299361 1.26127e-05 -0.000258086 0.000226816
internal_weight=8636 2302 517 243 274 6334 381 246 5953 1432 1307 1180 1019 720
internal_count=8636 2302 517 243 274 6334 381 246 5953 1432 1307 1180 1019 720
cat_boundaries=0 1
cat_threshold=3728747987
is_linear=0
shrinkage=0.03


Tree=171
num_leaves=15
num_cat=1
split_feature=28 28 28 1 22 0 32 7 5 26 24 1 24 37
split_gain=0.29984 0.473242 0.415517 0.332563 0.495678 0.266093 0.202571 0.401218 0.293183 0.346938 0.302879 0.293082 0.635602 0.542659
threshold=20.070428240740743 15.448998842592594 14.217910879629631 62.500000000000007 2934.4500000000007 6.5000000000000009 26.500000000000004 1.0000000180025095e-35 0.21825000000000003 1.0000000180025095e-35 217.58266666667305 12.500000000000002 306.33566666667008 0
decision_type=2 2 2 2 2 2 2 2 2 10 8 2 10 9
left_child=1 2 6 4 -2 -3 11 -8 9 10 -9 12 13 -1
right_child=3 5 -4 -5 -6 -7 7 8 -10 -11 -12 -13 -14 -15
leaf_value=-8.3602775626160931e-05 0.000374052328730209 -0.00020146660774480552 0.0018348212455484001 -0.00063009809148497882 0.0030518691769183272 -0.002083157347990275 0.00051767872258235488 -0.0011673367237751136 6.2049486853691356e-05 -0.00014242838851974478 -0.0034114425622858106 -7.1258766625353193e-05 -0.0010893084408625652 0.0011869541556389434
leaf_weight=519 162 120 110 100 101 155 236 118 161 112 100 5641 218 727
leaf_count=519 162 120 110 100 101 155 236 118 161 112 100 5641 218 727
internal_value=-1.27856e-06 -3.85537e-05 3.81137e-06 0.000842494 0.00140242 -0.00126206 -2.19051e-05 -0.000498872 -0.000987479 -0.00149952 -0.00219674 2.68993e-05 0.000405116 0.000666581
internal_weight=8580 8217 7942 363 263 275 7832 727 491 330 218 7105 1464 1246
internal_count=8580 8217 7942 363 263 275 7832 727 491 330 218 7105 1464 1246
cat_boundaries=0 1
cat_threshold=75550758
is_linear=0
shrinkage=0.03


Tree=172
num_leaves=15
num_cat=2
split_feature=24 0 31 25 24 23 0 7 38 37 37 22 22 24
split_gain=0.267055 0.464084 0.99332 0.55577 0.398278 0.468414 0.456067 0.556148 0.398828 0.788024 0.749959 0.439535 0.658451 0.641362
threshold=7.486666666665756 6.5000000000000009 1.2808240993126334 0.42052631578947369 10.720666666667677 15.500000000000002 6.5000000000000009 1.0000000180025095e-35 1.67294811739477 0 1 517.25000000000011 837.05000000000007 76.783333333333445
decision_type=8 2 10 8 8 2 2 2 2 9 9 2 2 8
left_child=1 -1 -3 -4 -2 6 7 -6 10 -10 11 13 -13 -7
right_child=4 2 3 -5 5 8 -8 -9 9 -11 -12 12 -14 -15
leaf_value=0.00068959257715607623 0.0014515273782308214 -0.002761800830491394 0.0016234650723194574 -0.0013891350087277324 -0.0017903477206545055 0.003813411237183705 -0.0014752357890049077 0.00079968212658145812 0.0021521183450025419 -0.00035191129387260474 5.7418005899663751e-05 -0.0016103199822775256 0.001080259503407433 0.0010719744480443987
leaf_weight=169 174 191 116 105 106 103 364 252 109 2348 3747 110 320 302
leaf_count=169 174 191 116 105 106 103 364 252 109 2348 3747 110 320 302
internal_value=-1.33979e-05 -0.000634251 -0.00117728 0.000192139 3.20609e-05 2.36747e-07 -0.000727483 3.28018e-05 7.488e-05 -0.000233498 0.000240241 0.00104741 0.000391972 0.00176918
internal_weight=8516 581 412 221 7935 7761 722 358 7039 2457 4582 835 430 405
internal_count=8516 581 412 221 7935 7761 722 358 7039 2457 4582 835 430 405
cat_boundaries=0 1 2
cat_threshold=6291616 411092052
is_linear=0
shrinkage=0.03


Tree=173
num_leaves=15
num_cat=2
split_feature=1 25 35 31 30 35 38 6 30 26 25 31 32 21
split_gain=0.360783 0.245974 0.533411 0.653394 0.281966 0.321827 0.648525 0.7362 0.609645 0.522872 0.653395 0.863262 0.802607 0.551677
threshold=227.50000000000003 0.62481481481481493 0 5.3583467094703057 3.2500000000000004 1 1.5051461550357124 1.5000000000000002 189.10000000000002 0.054093567251461992 0.29772727272727278 1.5126086035176944 4.5000000000000009 62.500000000000007
decision_type=2 8 1 8 2 1 2 2 2 10 10 8 2 2
left_child=1 4 -3 -4 -1 6 8 9 -6 10 12 -12 -8 -13
right_child=-2 2 3 -5 5 -7 7 -9 -10 -11 11 13 -14 -15
leaf_value=-0.0014681190752751968 0.0013908030806511129 7.3416823658360025e-05 0.0035998902606832629 0.00039767128370972422 -0.00058700463740775453 -9.5965943283759229e-05 0.0014628620617186242 -0.00095406884579543583 0.0017887948988936841 5.8950036967342547e-05 -0.0012014694387540829 0.00069328740971270268 0.0048785039458981716 0.0034075086513035559
leaf_weight=116 186 654 102 131 736 5470 160 176 112 275 126 167 101 113
leaf_count=116 186 654 102 131 736 5470 160 176 112 275 126 167 101 113
internal_value=8.38679e-05 5.50624e-05 0.000527658 0.00172545 -4.45083e-07 2.24503e-05 0.000350624 0.000826945 -0.00027322 0.0011597 0.00161354 0.000860695 0.00278462 0.00178867
internal_weight=8625 8439 887 233 7552 7436 1966 1118 848 942 667 406 261 280
internal_count=8625 8439 887 233 7552 7436 1966 1118 848 942 667 406 261 280
cat_boundaries=0 1 2
cat_threshold=19 18
is_linear=0
shrinkage=0.03


Tree=174
num_leaves=15
num_cat=5
split_feature=31 30 37 32 37 36 37 38 37 38 31 31 31 28
split_gain=0.218706 0.188455 0.215692 0.399095 0.211845 0.263381 0.823007 0.39976 0.895227 0.397329 0.360756 0.902936 0.527136 0.555279
threshold=0.1106014271151886 11.250000000000002 0 2.5000000000000004 1 2 3 2.1207569113729212 4 1.8661877666063089 2.1603571428571429 1.5201026298909559 1.0741549409671685 1.6925868055555557
decision_type=8 2 9 2 9 9 9 2 9 2 10 8 10 2
left_child=-1 2 -2 -4 -3 6 -6 -7 -9 10 11 12 13 -8
right_child=1 4 3 -5 5 7 9 8 -10 -11 -12 -13 -14 -15
leaf_value=0.0011819030259053889 -0.0017994948009697671 0.0010606616903051081 0.00067968398382089762 -0.0016605296912085678 0.0026890182712393977 -8.2910759340773274e-05 0.0013370095545773408 0.0002731093502401116 -0.0028908490156042102 0.0014699550740054517 -0.0014818786363522971 0.0020092896119147255 -0.0016092574313842231 -0.0011876041116887955
leaf_weight=127 107 144 167 108 112 6498 189 181 137 157 155 172 222 134
leaf_count=127 107 144 167 108 112 6498 189 181 137 157 155 172 222 134
internal_value=-5.38237e-05 -7.23239e-05 -0.000723484 -0.000230982 -4.16186e-05 -6.2821e-05 0.000357125 -0.00013354 -0.0011723 7.98751e-05 -0.000169487 0.000114224 -0.000483852 0.000289647
internal_weight=8610 8483 382 275 8101 7957 1141 6816 318 1029 872 717 545 323
internal_count=8610 8483 382 275 8101 7957 1141 6816 318 1029 872 717 545 323
cat_boundaries=0 1 2 3 4 5
cat_threshold=2097296 17563792 4 281020416 805306368
is_linear=0
shrinkage=0.03


Tree=175
num_leaves=15
num_cat=3
split_feature=37 7 5 22 38 5 37 38 30 31 30 27 37 25
split_gain=0.363248 0.352089 0.296552 0.829979 0.546661 0.557513 0.552359 0.575554 0.312621 0.510857 0.422202 0.465698 0.47954 0.442757
threshold=0 1.0000000180025095e-35 0.31010000000000004 979.00000000000011 1.5979760655851127 0.36600000000000005 1 1.3704040760593796 296.02500000000003 2.663388135598137 260.75000000000006 30.512980324074078 2 0.3418750000000001
decision_type=9 2 2 2 2 2 9 2 2 10 2 2 9 10
left_child=1 -1 8 4 6 -6 7 -4 10 -10 11 12 -2 -14
right_child=2 -3 3 -5 5 -7 -8 -9 9 -11 -12 -13 13 -15
leaf_value=0.0023135074056261098 0.00030836398295691094 9.7896982303306376e-05 -5.9093214846182638e-05 0.00078356799643933869 -0.0032601288424671756 -0.00053368184756162379 -0.0007975734284202113 0.0029252987832063806 -0.0025262095558528717 -0.00017887765677074218 0.00089973261705126055 -0.0014439517889993758 4.1567154822674534e-05 -0.00061349310818885805
leaf_weight=117 1648 144 139 1131 105 189 272 100 130 233 349 249 1752 1976
leaf_count=117 1648 144 139 1131 105 189 272 100 130 233 349 249 1752 1976
internal_value=-3.00654e-05 0.00105084 -6.53575e-05 0.000259523 -0.000476744 -0.00150741 0.000116243 0.00114183 -0.000164714 -0.00101952 -0.000112773 -0.000175593 -0.000116847 -0.000304825
internal_weight=8534 261 8273 1936 805 294 511 239 6337 363 5974 5625 5376 3728
internal_count=8534 261 8273 1936 805 294 511 239 6337 363 5974 5625 5376 3728
cat_boundaries=0 1 2 3
cat_threshold=134219016 12599296 119285808
is_linear=0
shrinkage=0.03


Tree=176
num_leaves=15
num_cat=2
split_feature=20 22 26 37 2 26 13 37 27 25 6 21 22 24
split_gain=0.306265 0.528261 0.466896 0.367369 0.506187 0.673889 0.399229 0.690917 0.5659 0.592811 0.34158 0.324488 0.323652 0.294642
threshold=1.0000000180025095e-35 4264.1500000000005 1.0000000180025095e-35 0 1.0000000180025095e-35 0.06030303030303031 0.50000000000000011 1 28.241336805555559 0.47913043478260875 3.5000000000000004 10.500000000000002 1711.7312500000005 374.13583333332093
decision_type=2 2 8 9 2 8 2 9 2 10 2 2 2 8
left_child=3 2 -2 10 5 6 -5 8 13 -10 11 -1 -6 -8
right_child=1 -3 -4 4 12 -7 7 -9 9 -11 -12 -13 -14 -15
leaf_value=-0.0012985442011120346 -0.0011764268782109651 -0.0025764092843299012 0.0010026376277424529 0.00016910874530175996 0.00024186371209673649 0.002242471871405 -0.0013207036938436111 0.002583416634719306 0.0027722793399943442 3.4468415744450621e-05 0.001500943077818812 -0.00010114363212903617 -0.001137305365178938 0.00068309645323703678
leaf_weight=217 187 104 168 2917 280 173 170 168 138 147 113 3320 338 108
leaf_count=217 187 104 168 2917 280 173 170 168 138 147 113 3320 338 108
internal_value=5.77708e-05 -0.000696068 -0.000145208 0.000100546 0.000283501 0.000412976 0.000326216 0.000953139 0.000413431 0.00136015 -0.000122397 -0.000174606 -0.000512439 -0.000542249
internal_weight=8548 459 355 8089 4439 3821 3648 731 563 285 3650 3537 618 278
internal_count=8548 459 355 8089 4439 3821 3648 731 563 285 3650 3537 618 278
cat_boundaries=0 1 2
cat_threshold=2798457379 18436
is_linear=0
shrinkage=0.03


Tree=177
num_leaves=15
num_cat=1
split_feature=25 31 31 25 38 6 32 23 32 31 22 37 38 24
split_gain=0.321548 0.374644 0.469419 0.331325 0.380396 0.352741 0.433717 0.316582 0.315924 0.561593 0.307115 0.645428 0.578312 0.634487
threshold=0.65500000000000014 5.1020956475013444 2.8760061919504647 0.57409090909090921 0.927210862915543 1.0000000180025095e-35 9.5000000000000018 189.00000000000003 18.500000000000004 1.9937957151507582 288.4500000000001 0 1.8019956362498919 9.0368333333314528
decision_type=8 8 10 10 2 2 2 2 2 10 2 9 2 8
left_child=3 2 -2 4 -1 8 -7 10 9 -5 11 -6 13 -13
right_child=1 -3 -4 5 7 6 -8 -9 -10 -11 -12 12 -14 -15
leaf_value=-0.0011965241741112487 0.00052896065761191022 -3.1239242433938779e-05 0.0028350205165764489 -0.00081377236522589427 -0.00031682182127157766 -0.0030460089536863241 -0.00065360666842337063 0.0014236667381162394 -0.00095072712697883083 0.0022178045678627463 -8.301554615340316e-05 -0.0011688010709159158 0.0029726948304316745 0.0011913137739787511
leaf_weight=229 239 412 119 111 573 101 210 147 204 109 5391 132 117 459
leaf_count=229 239 412 119 111 573 101 210 147 204 109 5391 132 117 459
internal_value=8.00353e-07 0.000585608 0.0012955 -5.70568e-05 6.15318e-06 -0.000663185 -0.00143056 4.65423e-05 -0.000100322 0.000688236 1.62009e-05 0.000433747 0.00103111 0.000664182
internal_weight=8553 770 358 7783 7048 735 311 6819 424 220 6672 1281 708 591
internal_count=8553 770 358 7783 7048 735 311 6819 424 220 6672 1281 708 591
cat_boundaries=0 1
cat_threshold=1753227419
is_linear=0
shrinkage=0.03


Tree=178
num_leaves=15
num_cat=2
split_feature=37 36 23 1 32 26 28 17 33 24 25 26 28 28
split_gain=0.292079 0.425343 0.905654 0.614488 0.636516 0.456613 0.354038 0.331637 0.568245 0.357077 0.323698 0.32405 0.388943 0.315397
threshold=0 1 71.500000000000014 70.500000000000014 7.5000000000000009 1.0000000180025095e-35 2.9389178240740743 1.0000000180025095e-35 1.0000000180025095e-35 40.519833333331633 0.22290322580645164 0.07571428571428572 9.0992534722222249 1.3800347222222225
decision_type=9 9 2 2 2 10 2 2 2 10 10 10 2 2
left_child=1 5 3 4 -3 13 7 8 -7 -9 -8 12 -12 -1
right_child=-2 2 -4 -5 -6 6 10 9 -10 -11 11 -13 -14 -15
leaf_value=-0.00074423898779334672 9.0921786812325124e-05 0.0016976334160020532 0.0030002255776735878 -0.0021243754163823231 -0.0012935065301409099 -0.0011927299481173542 0.0016679678142245392 -0.00081380842151886578 0.00094463335191407661 0.0011281272879789105 0.00053756596157327288 0.0012811650910880417 -0.0015953087672455634 -0.0025268485456692068
leaf_weight=238 5902 172 104 104 102 737 130 158 132 185 150 120 158 143
leaf_count=238 5902 172 104 104 102 737 130 158 132 185 150 120 158 143
internal_value=-2.6347e-05 -0.000288461 0.000510455 -0.000161058 0.000584143 -0.000469017 -0.000268405 -0.000556294 -0.000868067 0.000233591 0.000356903 -4.13179e-05 -0.000556571 -0.0014133
internal_weight=8535 2633 482 378 274 2151 1770 1212 869 343 558 428 308 381
internal_count=8535 2633 482 378 274 2151 1770 1212 869 343 558 428 308 381
cat_boundaries=0 1 2
cat_threshold=816427776 49
is_linear=0
shrinkage=0.03


Tree=179
num_leaves=15
num_cat=1
split_feature=24 38 5 30 30 30 27 27 23 35 22 22 22 13
split_gain=0.250091 0.518844 0.773417 0.293376 0.611594 0.450165 0.55116 0.298606 0.283654 0.267975 0.263178 0.485599 1.27862 0.625407
threshold=7.486666666665756 1.8271775008591227 0.069050000000000014 253.72500000000002 240.05000000000004 259.62500000000006 29.5983275462963 30.62453125 91.500000000000014 0 6785.2500000000009 1980.7027500000002 2325.4227500000002 0.50000000000000011
decision_type=8 2 2 2 2 2 2 2 2 1 2 2 2 2
left_child=1 -1 -3 4 7 -5 8 10 -7 -10 11 -2 -13 -14
right_child=3 2 -4 5 -6 6 -8 -9 9 -11 -12 12 13 -15
leaf_value=-0.001353540405736018 -1.0661844217811579e-05 0.0018376771246134112 -0.0015382556435153156 -0.002185065067606047 0.0015262601469500415 0.00061848936854255233 0.0010277422176948629 -0.0011522386790292851 -0.0012804899007780475 0.00025389708315247091 -0.00048578854615515546 0.0038000767715449363 6.7668144361768528e-05 0.0021887564517573677
leaf_weight=358 4617 146 105 120 254 129 234 188 440 135 707 107 912 145
leaf_count=358 4617 146 105 120 254 129 234 188 440 135 707 107 912 145
internal_value=-3.4321e-05 -0.000620334 0.000425434 1.03563e-05 8.13943e-05 -0.000454949 -0.000233613 2.64218e-05 -0.00065287 -0.000938096 6.05754e-05 0.000127394 0.000674992 0.000358641
internal_weight=8597 609 251 7988 6930 1058 938 6676 704 575 6488 5781 1164 1057
internal_count=8597 609 251 7988 6930 1058 938 6676 704 575 6488 5781 1164 1057
cat_boundaries=0 1
cat_threshold=8
is_linear=0
shrinkage=0.03


Tree=180
num_leaves=15
num_cat=1
split_feature=30 24 22 11 38 25 22 31 5 14 25 37 24 31
split_gain=0.317251 1.10228 0.824323 0.571357 0.586894 0.477403 0.707546 0.473854 0.468046 0.458133 0.438595 0.437698 0.432229 0.402768
threshold=50.500000000000007 138.59733333333386 650.11983333333342 1.0000000180025095e-35 1.9696346303066938 0.19000000000000003 280.4500000000001 0.53974572843999602 0.58570000000000011 2.5000000000000004 0.4497297297297298 0 246.96533333333753 0.73226861167002022
decision_type=2 10 2 2 2 10 2 8 2 2 8 9 10 10
left_child=1 3 12 4 5 9 11 -2 -9 -1 -10 -7 -3 -8
right_child=7 2 -4 -5 -6 6 13 8 10 -11 -12 -13 -14 -15
leaf_value=-2.6262366254605461e-05 -0.0016178936482524968 0.0021518476066888651 0.0040537774842655788 -0.0020664922073966698 0.0019429002419008013 0.001112524971265245 -0.00037277512497415667 -5.2553944809985588e-05 -0.00015253434158189015 0.0025147392228054887 0.0021149718460562804 -0.00030344556583951544 -0.0003046479211410596 -0.0026586966271520238
leaf_weight=134 166 132 110 106 158 286 133 6091 135 122 178 577 126 145
leaf_count=134 166 132 110 106 158 286 133 6091 135 122 178 577 126 145
internal_value=6.58302e-05 0.00039373 0.00187928 6.46019e-05 0.000209873 1.38681e-05 -0.000248821 -3.54343e-05 5.58507e-06 0.00118468 0.00113697 0.000175185 0.000952164 -0.00156507
internal_weight=8599 2029 368 1661 1555 1397 1141 6570 6404 256 313 863 258 278
internal_count=8599 2029 368 1661 1555 1397 1141 6570 6404 256 313 863 258 278
cat_boundaries=0 1
cat_threshold=18911458
is_linear=0
shrinkage=0.03


Tree=181
num_leaves=15
num_cat=1
split_feature=26 21 31 21 21 0 7 13 24 25 38 1 34 37
split_gain=0.376053 0.366615 0.276907 0.224367 0.591509 0.429363 0.423359 0.384092 0.503912 0.463119 0.403488 0.455857 0.560135 0.362764
threshold=0.23000000000000001 210.14166666666671 0.1799720450492425 118.83333333333336 114.53333333333335 17.500000000000004 1.5000000000000002 1.0000000180025095e-35 42.613166666669429 0.22290322580645164 1.8449925740588542 37.500000000000007 1.0000000180025095e-35 0
decision_type=8 2 8 2 2 2 2 2 10 10 2 2 2 9
left_child=1 2 -1 4 5 13 7 9 -9 -5 11 12 -10 -4
right_child=-2 -3 3 6 -6 -7 -8 8 10 -11 -12 -13 -14 -15
leaf_value=-0.0014306678781725876 0.0017927097298005329 0.0014414044767195888 0.00079235083453866803 4.9337527867997203e-05 0.0019033377141836685 -0.001651337464623477 -0.0016657452539463216 0.0021790900324625008 -0.0020032339839827877 -0.0022953546284004409 -0.0017812042622494377 0.0011883616127809622 0.0008829475491381201 -2.5536872248952825e-05
leaf_weight=127 105 153 520 164 151 138 198 103 129 141 105 243 114 6166
leaf_count=127 105 153 520 164 151 138 198 103 129 141 105 243 114 6166
internal_value=8.40056e-06 -1.37661e-05 -4.05935e-05 -1.89906e-05 4.6129e-05 5.03307e-06 -0.000398447 -0.00014727 0.000242695 -0.0010346 -9.47813e-05 0.000269569 -0.000649223 3.92208e-05
internal_weight=8557 8452 8299 8172 6975 6824 1197 999 694 305 591 486 243 6686
internal_count=8557 8452 8299 8172 6975 6824 1197 999 694 305 591 486 243 6686
cat_boundaries=0 1
cat_threshold=69738520
is_linear=0
shrinkage=0.03


Tree=182
num_leaves=15
num_cat=0
split_feature=24 31 38 30 21 31 31 17 28 38 25 25 23 28
split_gain=0.194659 0.48461 0.477526 0.26121 0.746125 0.541058 0.85778 0.340279 0.663682 0.523759 0.385257 0.865941 0.894127 0.403897
threshold=6.2545000000001165 0.98907071189679896 1.8229092544620784 50.500000000000007 63.833333333333336 1.5201026298909559 2.0058608930058344 1.0000000180025095e-35 18.654953703703708 2.0950822507965947 0.49489795918367352 0.36181818181818187 108.50000000000001 7.9728298611111121
decision_type=8 8 2 2 2 10 10 2 2 2 10 8 2 2
left_child=1 -1 -3 4 5 -2 -7 9 10 -5 11 -9 -13 -12
right_child=3 2 -4 7 -6 6 -8 8 -10 -11 13 12 -14 -15
leaf_value=-0.002283606013607871 -0.00021334466435314964 -0.00094970782472444894 0.0011305584753646925 -0.0001219909698623924 0.0021689402954810223 0.0028849877027916603 0.00014261311520187352 -0.00046129954724826594 0.0026596290877205315 -0.0018854228871174536 -1.4909968670614838e-05 0.002641600760403089 0.0002421450936375039 -0.0018696748200348532
leaf_weight=114 1094 235 172 4395 185 149 330 451 102 157 462 250 317 137
leaf_count=114 1094 235 172 4395 185 149 330 451 102 157 462 250 317 137
internal_value=7.1257e-06 -0.000554811 -7.05781e-05 4.35896e-05 0.000366769 0.000154817 0.000995669 -4.70099e-05 0.000312602 -0.000182812 0.000164552 0.000519758 0.00130011 -0.000439122
internal_weight=8550 521 407 8029 1758 1573 479 6271 1719 4552 1617 1018 567 599
internal_count=8550 521 407 8029 1758 1573 479 6271 1719 4552 1617 1018 567 599
is_linear=0
shrinkage=0.03


Tree=183
num_leaves=15
num_cat=3
split_feature=31 37 1 28 38 38 38 1 36 28 33 37 21 24
split_gain=0.332932 0.737939 0.498342 0.343543 0.444296 0.835762 0.479791 0.436864 0.403278 0.353134 0.341711 0.69351 0.857547 0.580985
threshold=0.91867732558139548 0 7.5000000000000009 8.4320428240740757 1.5400101983344172 1.6900103536876583 1.4460010940867198 25.500000000000004 1 1.1472222222222224 1.0000000180025095e-35 2 74.166666666666671 146.50650000000141
decision_type=8 9 2 2 2 2 2 2 9 2 2 9 2 8
left_child=1 -1 -3 4 6 -6 7 -4 -7 -9 -2 -12 13 -13
right_child=10 2 3 -5 5 8 -8 9 -10 -11 11 12 -14 -15
leaf_value=-0.0027053457431764783 1.1413899695518028e-05 0.0012608332830891214 -0.0024586937313272367 0.0011197770826861654 0.0020607023072344334 0.00043677065407439155 -0.0030929476651132548 0.00068071572413544218 -0.0017181766481924406 -0.0015118615180428059 -0.00020765937741557553 0.0027613197366471781 1.6422129331410608e-06 0.00070732141325954661
leaf_weight=104 5623 184 101 114 132 137 101 173 169 107 689 289 385 217
leaf_count=104 5623 184 101 114 132 137 101 173 169 107 689 289 385 217
internal_value=4.06276e-05 -0.000396988 -0.000176229 -0.000433658 -0.000626149 6.54438e-05 -0.00125461 -0.000767279 -0.000795256 -0.000157162 0.000120945 0.000510752 0.00105676 0.00188045
internal_weight=8525 1322 1218 1034 920 438 482 381 306 280 7203 1580 891 506
internal_count=8525 1322 1218 1034 920 438 482 381 306 280 7203 1580 891 506
cat_boundaries=0 1 2 3
cat_threshold=69206048 3 3862986914
is_linear=0
shrinkage=0.03


Tree=184
num_leaves=15
num_cat=3
split_feature=37 37 0 30 25 7 37 31 31 1 24 1 30 23
split_gain=0.314013 0.220505 0.404494 0.298623 0.573419 0.66353 0.576501 0.501205 0.668216 0.386781 0.386341 0.29344 0.293314 0.3013
threshold=0 1 6.5000000000000009 64.050000000000011 0.26235294117647062 1.5000000000000002 2 1.351928431051425 0.60070754716981145 35.500000000000007 37.187333333332795 48.500000000000007 330.27500000000003 194.50000000000003
decision_type=9 9 2 2 8 2 9 8 10 2 10 2 2 2
left_child=-1 2 -2 4 7 6 9 8 -3 -6 -10 -4 13 -5
right_child=1 3 11 12 5 -7 -8 -9 10 -11 -12 -13 -14 -15
leaf_value=0.0014148941555132085 0.00060494159682798136 0.0018178414297943207 -0.00054380096700968662 -0.00015108842512634728 -0.002466157262782342 0.001876655337278813 6.4272894907319185e-05 0.0025998582633388837 -0.0018005461700418631 -0.00011701952792438013 0.00063490427916914954 -0.0024079609568451194 0.0010342290195726293 -0.0016894439898598461
leaf_weight=120 142 205 181 5552 158 148 1129 145 112 105 123 131 184 117
leaf_count=120 142 205 181 5552 158 148 1129 145 112 105 123 131 184 117
internal_value=-4.85456e-05 -7.09664e-05 -0.00070683 -3.3942e-05 0.000270626 -3.31091e-05 -0.000236159 0.0010702 0.000566113 -0.00147231 -0.000525821 -0.00132651 -0.000144577 -0.000182838
internal_weight=8552 8432 454 7978 2125 1540 1392 585 440 263 235 312 5853 5669
internal_count=8552 8432 454 7978 2125 1540 1392 585 440 263 235 312 5853 5669
cat_boundaries=0 1 2 3
cat_threshold=9281 2166786 1285031936
is_linear=0
shrinkage=0.03


Tree=185
num_leaves=15
num_cat=4
split_feature=37 0 37 1 27 1 31 1 37 21 21 22 35 23
split_gain=0.321852 0.269275 0.607788 0.975675 0.548455 0.426815 0.389776 0.605485 0.307354 0.2721 0.346461 0.51447 0.265573 0.296651
threshold=0 10.500000000000002 1 25.500000000000004 13.999658564814817 75.500000000000014 2.546372464368829 56.500000000000007 2 79.533333333333346 45.833333333333336 274.80000000000001 3 26.500000000000004
decision_type=9 2 9 2 2 2 10 2 9 2 2 2 1 2
left_child=12 8 3 -3 -5 9 7 -6 -2 10 11 -4 -1 -14
right_child=1 2 5 4 6 -7 -8 -9 -10 -11 -12 -13 13 -15
leaf_value=3.6133921473763973e-05 -0.00049649615102646447 -0.0033708151888826652 -0.00041576571072187443 -0.0020458329580325973 0.0012196336685804336 -0.00087276847171685709 0.0014273252801124958 -0.0017580080145649659 0.00011331391989102481 0.0014664697935993043 -0.0010642368000342583 0.0024039450289175201 0.00050175364542190198 0.0024506231812605013
leaf_weight=300 847 135 134 152 101 263 129 157 5628 204 142 103 159 126
leaf_count=300 847 135 134 152 101 263 129 157 5628 204 142 103 159 126
internal_value=-1.30613e-06 -5.13386e-05 -0.000410745 -0.00107416 -0.000518861 0.000128965 8.08804e-05 -0.000592342 3.29524e-05 0.000583074 0.000107578 0.000809678 0.000671864 0.00131714
internal_weight=8580 7995 1520 674 539 846 387 258 6475 583 379 237 585 285
internal_count=8580 7995 1520 674 539 846 387 258 6475 583 379 237 585 285
cat_boundaries=0 1 2 3 4
cat_threshold=34079208 270579714 604348423 1
is_linear=0
shrinkage=0.03


Tree=186
num_leaves=15
num_cat=4
split_feature=31 33 37 31 31 37 22 35 23 37 31 1 25 27
split_gain=0.224246 0.665841 0.78749 0.984231 0.947397 0.618418 0.658814 0.575143 0.433376 0.441164 0.500171 0.450322 0.470018 0.400742
threshold=2.4757543249946594 1.0000000180025095e-35 0 3.5561282932416955 5.1020956475013444 1 47.437500000000007 2 9.5000000000000018 3 2.4004002287021158 155.50000000000003 0.37750000000000006 13.998958333333336
decision_type=8 2 9 8 10 9 2 1 2 9 8 2 10 2
left_child=8 5 3 -3 -5 7 -7 -2 -1 -10 11 -11 -13 -4
right_child=1 2 13 4 -6 6 -8 -9 9 10 -12 12 -14 -15
leaf_value=-0.0016184385730376224 0.0019385578132672927 -0.00016594097691162817 0.00073462141068795551 0.0048716043291839759 0.00087001816402540867 -0.0029298371271416542 -0.00064616264384056532 -0.0001630721385682201 -0.00057390774502696776 0.00013605486398972347 0.0022339034300447175 0.0026953851152211428 0.00013937978104412079 -0.0015606979861199346
leaf_weight=127 131 173 117 107 106 125 1257 690 652 4521 112 130 129 165
leaf_count=127 131 173 117 107 106 125 1257 690 652 4521 112 130 129 165
internal_value=4.93492e-06 -0.000211097 0.00061858 0.00147671 0.0028802 -0.000462674 -0.000846592 0.00019156 0.000114303 0.000153996 0.000251669 0.00020575 0.00142232 -0.00058755
internal_weight=8542 2871 668 386 213 2203 1382 821 5671 5544 4892 4780 259 282
internal_count=8542 2871 668 386 213 2203 1382 821 5671 5544 4892 4780 259 282
cat_boundaries=0 1 2 3 4
cat_threshold=413141024 1463829144 12 402981432
is_linear=0
shrinkage=0.03


Tree=187
num_leaves=15
num_cat=1
split_feature=24 1 35 25 30 30 1 32 7 23 30 17 6 23
split_gain=0.271271 0.543453 0.622157 0.427841 0.422072 0.787182 0.568352 0.760831 0.381756 0.316687 0.297847 0.30736 0.242484 0.761412
threshold=7.486666666665756 30.500000000000004 0 0.24195121951219514 33.250000000000007 30.165000000000003 21.500000000000004 2.5000000000000004 1.0000000180025095e-35 19.500000000000004 38.165000000000006 3.5000000000000004 2.5000000000000004 80.500000000000014
decision_type=8 2 1 8 2 2 2 2 2 2 2 2 2 2
left_child=1 3 -3 -1 5 6 7 -2 -4 -8 -6 12 -12 -14
right_child=4 2 8 -5 10 -7 9 -9 -10 -11 11 -13 13 -15
leaf_value=0.0019127982002185677 0.003149899704869659 0.00048140624066859126 -0.0034106191674863379 -0.00062316739824242308 -0.0014339373927434969 0.0029533539079976351 -0.0015617965520001375 -0.00028153812086909762 -0.0010890722249860118 0.00013838869484370401 -0.00013809117474872107 0.0015429726681663251 0.0018758753629464823 -0.00045435486970794999
leaf_weight=103 126 116 127 143 145 110 117 108 128 627 6109 106 220 296
leaf_count=103 126 116 127 143 145 110 117 108 128 627 6109 106 220 296
internal_value=-4.87541e-05 -0.000654761 -0.00137976 0.000438639 -1.80457e-06 0.000547233 0.000276606 0.00156616 -0.00216057 -0.000128979 -8.86796e-05 -5.96999e-05 -8.53427e-05 0.000539154
internal_weight=8581 617 371 246 7964 1088 978 234 255 744 6876 6731 6625 516
internal_count=8581 617 371 246 7964 1088 978 234 255 744 6876 6731 6625 516
cat_boundaries=0 1
cat_threshold=10
is_linear=0
shrinkage=0.03


Tree=188
num_leaves=15
num_cat=1
split_feature=0 1 22 38 37 1 1 1 31 0 21 21 23 23
split_gain=0.197937 0.345027 0.245105 0.227816 0.516853 0.782397 0.475677 0.467738 0.713401 0.545146 0.653014 0.533637 0.609574 0.89842
threshold=3.5000000000000004 37.500000000000007 709.25000000000011 1.420892323269902 0 12.500000000000002 63.500000000000007 55.500000000000007 1.7149703331811961 6.5000000000000009 88.325000000000003 59.166666666666679 118.50000000000001 107.50000000000001
decision_type=2 2 2 2 9 2 2 2 10 2 2 2 2 2
left_child=1 2 -1 -2 5 -5 -7 11 -9 -10 -11 -6 13 -13
right_child=3 -3 -4 4 7 6 -8 8 9 10 -12 12 -14 -15
leaf_value=-6.1570578041153214e-05 -0.00016262559323475338 0.00073656404037245602 -0.0018604219796111714 0.0023752788282705743 -0.00027768523184630762 -0.00016901002418969504 0.0011945553481370764 -0.0011605349557531131 -0.0011841760272864343 0.00017883750068689591 0.0028203725186758673 0.0004357310482092741 0.0012337237441441122 -0.002543190948375202
leaf_weight=109 3019 118 182 211 1015 594 376 655 205 534 100 649 729 106
leaf_count=109 3019 118 182 211 1015 594 376 655 205 534 100 649 729 106
internal_value=1.23181e-05 -0.000631769 -0.00118663 4.44713e-05 0.000165311 0.00071364 0.000359547 1.34282e-06 -0.000418588 0.000160644 0.000595483 0.000252399 0.000614957 1.74983e-05
internal_weight=8602 409 291 8193 5174 1181 970 3993 1494 839 634 2499 1484 755
internal_count=8602 409 291 8193 5174 1181 970 3993 1494 839 634 2499 1484 755
cat_boundaries=0 1
cat_threshold=2388656264
is_linear=0
shrinkage=0.03


Tree=189
num_leaves=15
num_cat=3
split_feature=37 38 27 38 31 1 37 31 31 31 24 31 35 28
split_gain=0.210373 0.472912 0.222749 0.836944 0.784599 0.289475 0.245925 0.593456 0.195187 0.425585 0.294379 0.319832 0.432022 0.516962
threshold=0 1.2876955713792066 11.06232638888889 1.4244103455928652 1.302478580171359 10.500000000000002 1 2.0058608930058344 0.98907071189679896 1.0527308838133072 6.2545000000001165 0.89374728614850207 2 8.4320428240740757
decision_type=9 2 2 2 10 2 9 8 8 10 10 10 1 2
left_child=1 -1 3 5 -5 -2 7 -4 10 -10 -8 12 -12 -14
right_child=2 -3 6 4 -6 -7 8 -9 9 -11 11 -13 13 -15
leaf_value=0.0012865169106982648 -0.0015560831610245381 -0.00099021128408482983 0.0020414951912825926 0.0038980098031735156 0.00054709172512336477 0.0002825641315145304 -0.0019738425104180351 -0.0008694953381871948 0.0013665916061715803 -3.381815285182116e-05 0.0013783952605153898 -0.0014730357457883657 -0.00072265540979692317 0.0015067863971385772
leaf_weight=100 127 459 160 102 164 196 100 104 202 5895 150 165 570 112
leaf_count=100 127 459 160 102 164 196 100 104 202 5895 150 165 570 112
internal_value=-1.52121e-05 -0.000572681 2.41951e-05 0.000585874 0.00183203 -0.000440371 -2.01314e-05 0.000862087 -5.36302e-05 1.25789e-05 -0.000422102 -0.000266461 -2.71758e-05 -0.000351378
internal_weight=8606 559 8047 589 266 323 7458 264 7194 6097 1097 997 832 682
internal_count=8606 559 8047 589 266 323 7458 264 7194 6097 1097 997 832 682
cat_boundaries=0 1 2 3
cat_threshold=610404 1073751170 20
is_linear=0
shrinkage=0.03


Tree=190
num_leaves=15
num_cat=1
split_feature=30 31 1 22 27 27 35 1 24 31 31 1 22 38
split_gain=0.263512 0.320999 0.705799 0.88823 0.489982 0.654208 0.992408 0.415571 0.314668 0.290599 0.342247 0.650348 0.308814 0.306224
threshold=2.2500000000000004 0.6909759149202378 21.500000000000004 606.75000000000011 13.957650462962965 13.999334490740742 0 83.500000000000014 75.343166666665937 2.2403945073131459 2.9865742244263793 112.50000000000001 3967.5352500000004 1.3928312676304377
decision_type=2 10 2 2 2 2 1 2 10 10 10 2 2 2
left_child=-1 2 3 -2 7 6 -6 -3 -5 -7 11 12 -11 -12
right_child=1 4 -4 8 5 9 -8 -9 -10 10 13 -13 -14 -15
leaf_value=-0.0013558254556643753 0.0033597271688867712 -0.00080740284775410349 -3.794685585680818e-05 -0.00085692760082486182 0.003499306232008136 0.00017006369375582557 -0.00018353964233406344 0.00060612962101263938 0.0014404867420957348 -0.00069051436919886813 -0.0006168275464215647 0.0015215508199322061 -0.0022452115952002263 0.00036697314194397999
leaf_weight=129 148 1139 757 103 112 3331 149 224 112 849 413 111 133 917
leaf_count=129 148 1139 757 103 112 3331 149 224 112 849 413 111 133 917
internal_value=-1.01036e-05 1.03245e-05 0.000483558 0.0015711 -6.15136e-05 5.48648e-05 0.00152388 -0.000575098 0.000339865 -1.17694e-05 -0.000261743 -0.000655048 -0.000901079 6.14771e-05
internal_weight=8627 8498 1120 363 7378 6015 261 1363 215 5754 2423 1093 982 1330
internal_count=8627 8498 1120 363 7378 6015 261 1363 215 5754 2423 1093 982 1330
cat_boundaries=0 1
cat_threshold=24
is_linear=0
shrinkage=0.03


Tree=191
num_leaves=15
num_cat=3
split_feature=37 25 36 35 0 23 24 7 23 38 23 38 23 23
split_gain=0.296427 0.459223 0.501967 0.867708 0.961239 0.53106 0.535069 0.411328 0.540695 0.406087 0.555885 0.364703 0.354228 0.842593
threshold=0 0.65500000000000014 1 2 8.5000000000000018 23.500000000000004 120.45833333333286 1.0000000180025095e-35 117.50000000000001 1.9213392457489566 103.50000000000001 1.8878310154818834 74.500000000000014 80.500000000000014
decision_type=9 8 9 1 2 2 10 2 2 2 2 2 2 2
left_child=9 2 -2 5 -5 -4 7 -7 -9 11 -11 12 -1 -14
right_child=1 -3 3 4 -6 6 -8 8 -10 10 -12 -13 13 -15
leaf_value=-0.00032437009071503698 -0.00038238064658213683 0.0016205311693449724 -0.0020426292476488405 0.0030339477481849662 -3.3257976586965819e-05 -0.00044372071720104902 -0.0014936509826034307 0.0027386531266134365 0.00032478842889363676 4.6418937063723242e-05 -0.0018894908860170878 0.0016312027714281742 0.0023440436855733594 2.2878072668533927e-05
leaf_weight=2955 941 204 103 220 158 188 125 140 207 265 269 112 149 2542
leaf_count=2955 941 204 103 220 158 188 125 140 207 265 269 112 149 2542
internal_value=-3.09033e-05 0.000261012 0.000129057 0.000549383 0.00170674 -3.86469e-05 0.00027351 0.000686398 0.00129868 -0.000137158 -0.000928787 -6.39806e-05 -9.7608e-05 0.0001514
internal_weight=8578 2286 2082 1141 378 763 660 535 347 6292 534 5758 5646 2691
internal_count=8578 2286 2082 1141 378 763 660 535 347 6292 534 5758 5646 2691
cat_boundaries=0 1 2 3
cat_threshold=2748172836 50 5
is_linear=0
shrinkage=0.03


Tree=192
num_leaves=15
num_cat=2
split_feature=0 35 32 31 31 1 26 31 31 0 35 30 1 31
split_gain=0.324805 0.352394 0.319244 0.299232 0.253174 0.462072 0.335384 0.377572 0.749406 0.597549 0.451987 0.614482 0.402753 0.373689
threshold=3.5000000000000004 0 12.500000000000002 1.5126086035176944 5.1020956475013444 87.500000000000014 0.15142857142857144 1.0133141338059373 1.0527308838133072 11.500000000000002 1 116.50000000000001 8.5000000000000018 0.40720431576072119
decision_type=2 1 2 10 10 2 8 8 8 2 1 2 2 10
left_child=1 2 -1 -3 6 -6 7 9 -9 10 11 12 -2 -14
right_child=4 3 -4 -5 5 -7 -8 8 -10 -11 -12 -13 13 -15
leaf_value=-0.00053709677464356363 0.0022316805884835464 -0.0010067043773543704 -0.0028940674920680596 0.0012656991513445973 -0.00091167163955337127 0.0011411829738423598 0.0014811455726234969 0.0026933681959675137 0.00011196609341042904 -0.0017825461499160155 -0.0010112792275454427 -0.0019115460261997612 0.001579344057034226 -0.00015546798226329805
leaf_weight=101 113 109 106 100 535 121 151 103 5843 232 342 101 149 447
leaf_count=101 113 109 106 100 535 121 151 103 5843 232 342 101 149 447
internal_value=-9.71955e-06 -0.000827353 -0.00166368 7.6891e-05 3.20815e-05 -0.00053302 8.16346e-05 5.28043e-05 0.000156683 -0.000393482 -0.00011374 0.000274319 0.000589574 0.000278235
internal_weight=8553 416 207 209 8137 656 7481 7330 5946 1384 1152 810 709 596
internal_count=8553 416 207 209 8137 656 7481 7330 5946 1384 1152 810 709 596
cat_boundaries=0 1 2
cat_threshold=8 13
is_linear=0
shrinkage=0.03


Tree=193
num_leaves=15
num_cat=2
split_feature=37 31 31 31 35 32 31 28 24 24 24 29 32 16
split_gain=0.283755 0.308743 0.682776 0.458293 0.428654 0.348221 0.374506 0.317133 0.420679 0.865301 0.512552 0.464627 0.359672 0.384293
threshold=0 2.4757543249946594 2.3817218117571479 2.6050267885282072 1 1.0000000180025095e-35 0.46316937957065346 23.449693287037039 133.91550000000618 77.847333333332799 68.754999999999868 1.5000000000000002 8.5000000000000018 1.0000000180025095e-35
decision_type=9 8 10 8 1 2 8 2 10 10 10 2 2 2
left_child=-1 2 5 -3 -5 -2 -7 8 9 10 11 -8 13 -10
right_child=1 3 -4 4 -6 6 7 -9 12 -11 -12 -13 -14 -15
leaf_value=0.0002241433473804837 0.0015741903968717389 -0.0020277794554931462 0.0024259737139576687 0.0012367040577075823 -0.00045355601246016515 -0.0012853261710649914 -0.00016386976463879374 0.0016495724419830365 -0.00010575997251036919 0.0015432231153642011 -0.0017235593530230792 0.0013752330916841462 -0.00021635597872383014 -0.0023707178351257676
leaf_weight=3237 116 152 104 139 1508 223 1055 100 114 358 157 212 925 165
leaf_count=3237 116 152 104 139 1508 223 1055 100 114 358 157 212 925 165
internal_value=3.00832e-06 -0.000131515 3.12906e-05 -0.000451613 -0.00030615 -4.14239e-05 -9.80607e-05 -1.22668e-05 -6.79211e-05 0.000224771 -0.000106694 9.36597e-05 -0.000501125 -0.00144525
internal_weight=8565 5328 3529 1799 1647 3425 3309 3086 2986 1782 1424 1267 1204 279
internal_count=8565 5328 3529 1799 1647 3425 3309 3086 2986 1782 1424 1267 1204 279
cat_boundaries=0 1 2
cat_threshold=1599120585 2
is_linear=0
shrinkage=0.03


Tree=194
num_leaves=15
num_cat=0
split_feature=14 31 30 25 22 21 1 32 1 23 22 22 21 31
split_gain=0.221426 0.648852 0.528947 0.460731 0.456565 0.446917 0.69844 1.03395 0.838859 0.651117 0.412246 1.15441 0.436551 0.397887
threshold=1.5000000000000002 4.1197106291250618 253.72500000000002 0.5594117647058825 10928.000000000002 84.650000000000006 44.500000000000007 4.5000000000000009 54.500000000000007 116.50000000000001 3652.6060000000002 1891.5441250000001 125.83333333333336 1.821574542623589
decision_type=2 10 2 10 2 2 2 2 2 2 2 2 2 8
left_child=1 2 3 10 5 -2 7 -7 -8 -9 11 13 -12 -1
right_child=4 -3 -4 -5 -6 6 8 9 -10 -11 12 -13 -14 -15
leaf_value=-0.0001685003263798846 -0.0001778856946695933 0.00231745454809037 -0.0012183317479734072 -0.00067626384243619846 -0.001586644644205294 0.0022240626010743359 0.0028074173553400412 -0.00082842638728251037 0.00051828630321527165 0.0007041134808697143 -0.001858158411116957 0.0039583847950924326 0.00093809096171753475 0.0013875664767001843
leaf_weight=316 4715 137 214 273 170 155 184 851 664 353 101 106 100 278
leaf_count=316 4715 137 214 273 170 155 184 851 664 353 101 106 100 278
internal_value=1.98337e-05 0.000347783 0.00015337 0.000403408 -5.06857e-05 -1.29635e-05 0.000339374 -8.21995e-05 0.00101498 -0.000379102 0.000730545 0.00107441 -0.00046699 0.00055976
internal_weight=8617 1525 1388 1174 7092 6922 2207 1359 848 1204 901 700 201 594
internal_count=8617 1525 1388 1174 7092 6922 2207 1359 848 1204 901 700 201 594
is_linear=0
shrinkage=0.03


Tree=195
num_leaves=15
num_cat=0
split_feature=24 31 21 21 22 21 21 38 0 26 1 1 30 31
split_gain=0.28462 0.64574 0.290808 0.55882 0.373453 0.351249 0.400436 0.678106 0.348414 0.418186 0.398869 0.242672 0.249298 0.298606
threshold=1.8535000000000084 1.2190404267189183 10.500000000000002 17.166666666666668 69.750000000000014 19.500000000000004 23.166666666666668 1.5979760655851127 6.5000000000000009 0.02355875831485588 47.500000000000007 227.50000000000003 15.250000000000002 1.6316860465116281
decision_type=8 8 2 2 2 2 2 2 2 8 2 2 2 10
left_child=1 -1 4 -4 8 -5 7 -7 -2 10 -10 12 -8 -14
right_child=2 -3 3 5 -6 6 11 -9 9 -11 -12 -13 13 -15
leaf_value=-0.0027068695338837438 0.0010168917578317462 0.00020958585185824985 0.001421800756084996 -0.001410716096377748 -0.0017881289472365203 -0.00013973484265575694 0.0012687224875619922 0.0030339878609187765 0.0013081404760272967 -0.0018079174091544701 -0.00084904893111282338 0.001405751345501201 -0.00021304606639050862 0.00020019323333639416
leaf_weight=108 172 186 297 137 153 132 149 112 135 160 180 122 2703 3767
leaf_count=108 172 186 297 137 153 132 149 112 135 160 180 122 2703 3767
internal_value=5.54023e-05 -0.000861765 8.82101e-05 0.000146809 -0.000455219 9.36393e-05 0.000123145 0.00131706 -0.000140017 -0.00055894 7.54608e-05 7.99296e-05 5.54924e-05 2.75525e-05
internal_weight=8513 294 8219 7419 800 7122 6985 244 647 475 315 6741 6619 6470
internal_count=8513 294 8219 7419 800 7122 6985 244 647 475 315 6741 6619 6470
is_linear=0
shrinkage=0.03


Tree=196
num_leaves=15
num_cat=1
split_feature=25 23 32 38 24 31 36 38 27 38 22 21 23 38
split_gain=0.315449 0.50133 0.733232 0.922991 0.858973 0.679996 0.638413 0.480681 0.476676 0.453568 0.405031 0.324138 0.345014 0.323148
threshold=0.24195121951219514 19.500000000000004 6.5000000000000009 1.7011912810628271 18.804166666666863 0.90590936756487583 0 1.5332185501827926 13.999658564814817 1.2954461497495575 709.25000000000011 155.35833333333338 104.50000000000001 1.5086066121319983
decision_type=10 2 2 2 10 10 9 2 2 2 2 2 2 2
left_child=1 7 3 6 -5 -4 -3 9 -8 -1 -6 -2 -13 -7
right_child=11 2 5 4 10 13 8 -9 -10 -11 -12 12 -14 -15
leaf_value=0.0019938961108255169 -0.00011031702554340216 0.0034661059669652502 -0.0025930954268000819 0.0021421250799961277 0.00040204354431549669 -0.0011388912619008579 -0.00020954324277270759 0.0030680428490164544 0.0019657070010196715 -0.00046047654012606169 -0.0016118135053573616 0.00011929256453424153 0.0018570429725264003 0.001237950725214822
leaf_weight=128 6278 106 148 101 134 101 187 107 176 144 273 298 157 105
leaf_count=128 6278 106 148 101 134 101 187 107 176 144 273 298 157 105
internal_value=3.81328e-05 0.000402001 0.000127896 0.000551742 -0.000334245 -0.00104187 0.0015114 0.00136462 0.000822466 0.000694522 -0.000948775 -5.42797e-05 0.000718912 7.26059e-05
internal_weight=8443 1710 1331 977 508 354 469 379 363 272 407 6733 455 206
internal_count=8443 1710 1331 977 508 354 469 379 363 272 407 6733 455 206
cat_boundaries=0 1
cat_threshold=34
is_linear=0
shrinkage=0.03


Tree=197
num_leaves=15
num_cat=2
split_feature=38 36 1 24 33 21 38 35 27 24 23 23 23 1
split_gain=0.234594 0.93674 1.49071 0.72494 0.759969 0.635524 0.605146 0.656772 0.453179 0.441761 0.439407 0.398613 0.516155 0.346812
threshold=1.8313654070007273 0 49.500000000000007 160.28399999999795 1.0000000180025095e-35 69.65000000000002 1.7661609051321283 1 13.999913194444447 7.486666666665756 129.50000000000003 145.50000000000003 75.500000000000014 54.500000000000007
decision_type=2 9 2 10 2 2 2 1 2 8 2 2 2 2
left_child=6 3 -3 4 8 -5 9 -8 11 -1 -7 12 13 -2
right_child=1 2 -4 5 -6 10 7 -9 -10 -11 -12 -13 -14 -15
leaf_value=-0.0010453406739034108 0.0016881026330936167 0.0039359344721982071 -0.00057208067269833842 0.0029812599686332617 0.001532975618911397 0.0012630269119593626 0.00056960745911725276 -0.0017933643555859036 -0.0020084678684361276 9.8152836138393703e-05 -0.0011645195039563646 0.0012342059883240866 -0.0014242609178162795 -0.00077422826855194453
leaf_weight=320 105 155 115 117 157 180 153 326 195 6105 107 116 338 101
leaf_count=320 105 155 115 117 157 180 153 326 195 6105 107 116 338 101
internal_value=4.19868e-05 0.000359239 0.00194386 4.30547e-05 -0.000385526 0.00111769 -3.54882e-05 -0.00106414 -0.000737813 4.12006e-05 0.000357983 -0.000362392 -0.000702843 0.000480843
internal_weight=8590 1686 270 1416 1012 404 6904 479 855 6425 287 660 544 206
internal_count=8590 1686 270 1416 1012 404 6904 479 855 6425 287 660 544 206
cat_boundaries=0 1 2
cat_threshold=49 22
is_linear=0
shrinkage=0.03


Tree=198
num_leaves=15
num_cat=0
split_feature=30 30 31 31 22 17 21 30 31 38 26 32 13 30
split_gain=0.226024 0.390374 0.327919 0.320547 0.268492 0.664249 0.638834 0.583831 0.936793 0.37336 0.405817 0.336677 0.529359 0.382435
threshold=324.57500000000005 293.37500000000006 3.6569070953420728 9.8538461538461561 6785.2500000000009 3.5000000000000004 128.42500000000004 223.82500000000002 1.6316860465116281 2.1207569113729212 0.030776515151515155 7.5000000000000009 0.50000000000000011 129.25000000000003
decision_type=2 2 10 10 2 2 2 2 10 2 10 2 2 2
left_child=1 3 -2 4 5 6 9 -8 -9 -1 -11 -6 13 -13
right_child=2 -3 -4 -5 11 -7 7 8 -10 10 -12 12 -14 -15
leaf_value=2.0338677848972879e-05 -0.00013343956490609581 -0.0012563180314862858 0.0018538309501897683 -0.0012441182257171917 0.00017081902538747964 0.0024893657672766813 0.002532811554867829 -0.0019478937980938308 0.0016668477251317682 -0.0025151192455519478 -5.3951010869985277e-05 -0.0017193733833052894 -0.0028609294733118024 0.00034708918332108772
leaf_weight=6263 159 230 141 183 381 102 170 104 170 111 132 132 109 207
leaf_count=6263 159 230 141 183 381 102 170 104 170 111 132 132 109 207
internal_value=-8.37384e-06 -3.76342e-05 0.000800578 -2.87511e-06 2.59471e-05 8.59838e-05 5.07111e-05 0.00115171 0.000294829 -2.44265e-05 -0.00117819 -0.000484764 -0.0010423 -0.000457551
internal_weight=8594 8294 300 8064 7881 7052 6950 444 274 6506 243 829 448 339
internal_count=8594 8294 300 8064 7881 7052 6950 444 274 6506 243 829 448 339
is_linear=0
shrinkage=0.03


Tree=199
num_leaves=15
num_cat=1
split_feature=37 31 38 5 31 29 21 38 32 5 1 7 38 17
split_gain=0.386592 0.629076 0.767296 0.753861 0.460407 0.616189 0.537928 0.300638 0.192338 0.547148 0.650044 0.450439 0.341738 0.278441
threshold=0 0.48064734522197577 1.8271775008591227 0.11940000000000002 1.1025975288833789 1.0000000180025095e-35 23.166666666666668 1.4312585090780858 26.500000000000004 0.30385000000000001 51.500000000000007 1.0000000180025095e-35 1.2737478315547872 3.5000000000000004
decision_type=9 8 2 2 10 2 2 2 2 2 2 2 2 2
left_child=1 -1 4 -4 -3 6 7 -6 13 11 -11 -10 -13 -2
right_child=8 2 3 -5 5 -7 -8 -9 9 10 -12 12 -14 -15
leaf_value=-0.0017091434278507839 -5.6565270704899006e-05 0.0015611098403271564 0.0034136705441196679 0.0002529331841663915 0.00024650173151473463 -0.0022270509565934398 -0.00058824774183094408 0.0023978358097374438 0.00034897603862457508 -0.00087622403873995481 0.0023488203880677938 -0.00037576492554745433 -0.0021254482619093244 0.0015309771349063456
leaf_weight=106 6403 185 160 118 114 106 287 120 164 112 113 157 279 101
leaf_count=106 6403 185 160 118 114 106 287 120 164 112 113 157 279 101
internal_value=-4.74202e-06 0.000493049 0.00071173 0.00207206 0.000246 -0.00014203 0.000282177 0.00134975 -8.65298e-05 -0.000518162 0.000743465 -0.000991272 -0.0014954 -3.19125e-05
internal_weight=8525 1196 1090 278 812 627 521 234 7329 825 225 600 436 6504
internal_count=8525 1196 1090 278 812 627 521 234 7329 825 225 600 436 6504
cat_boundaries=0 1
cat_threshold=1277699193
is_linear=0
shrinkage=0.03


Tree=200
num_leaves=15
num_cat=3
split_feature=31 24 31 36 37 34 38 32 30 38 38 37 30 24
split_gain=0.331265 0.262633 0.662882 0.603932 0.530466 0.605348 0.550995 0.45046 0.346209 0.242145 0.590285 0.546841 0.427647 0.679732
threshold=9.8538461538461561 7.486666666665756 1.2712272492314391 0 1 1.0000000180025095e-35 1.778892175772542 2.5000000000000004 29.165000000000003 1.7739639215969183 1.7527718373424654 2 171.25000000000003 68.355666666666664
decision_type=10 8 8 9 9 2 2 2 2 2 2 9 2 8
left_child=1 2 8 -4 5 6 7 -3 -1 10 -6 12 13 -11
right_child=-2 4 3 -5 9 -7 -8 -9 -10 11 -12 -13 -14 -15
leaf_value=-0.0031770980435290503 -0.0012683279681338726 0.0022871329817537437 0.0016117797764309215 -0.00086991138255303072 1.7551632584585142e-05 -0.00080479004684634299 0.003607249819335993 -0.00054637737586162981 -0.00077927769454877948 -0.00035555324046181467 0.0020325415981273208 0.00087178846360499106 9.7891223822130238e-05 -0.0020769425770124565
leaf_weight=105 194 102 142 201 5558 111 100 100 112 566 134 271 522 325
leaf_count=105 194 102 142 201 5558 111 100 100 112 566 134 271 522 325
internal_value=-4.28085e-05 -1.43319e-05 -0.000641849 0.000179123 3.07842e-05 0.00106393 0.00178601 0.000884405 -0.00193951 -2.84681e-05 6.49881e-05 -0.000344524 -0.000579867 -0.000983445
internal_weight=8543 8349 560 343 7789 413 302 202 217 7376 5692 1684 1413 891
internal_count=8543 8349 560 343 7789 413 302 202 217 7376 5692 1684 1413 891
cat_boundaries=0 1 2 3
cat_threshold=4 137901248 276842498
is_linear=0
shrinkage=0.03


Tree=201
num_leaves=15
num_cat=0
split_feature=28 0 1 27 30 1 31 28 30 28 30 30 25 25
split_gain=0.2637 0.467452 0.362893 0.3024 0.473605 0.375186 0.341051 0.291892 0.311995 0.272329 0.256993 0.605416 0.248752 0.432041
threshold=10.903825231481482 4.5000000000000009 10.500000000000002 29.666261574074078 92.500000000000014 46.500000000000007 3.9515712945590997 16.50072916666667 146.50000000000003 10.284861111111114 330.27500000000003 257.87500000000006 0.62481481481481493 0.60858585858585867
decision_type=2 2 2 2 2 2 10 2 2 2 2 2 8 10
left_child=9 -2 -3 4 -4 -5 7 8 -6 10 11 12 13 -1
right_child=1 2 3 5 6 -7 -8 -9 -10 -11 -12 -13 -14 -15
leaf_value=2.3199890430152727e-05 0.0018160016727929431 -0.0011975600570079004 0.0018593000360310841 0.0025204483541019728 -0.00062284652951615611 7.7157792293631994e-05 -0.0015806105094144248 -0.00082578454549265786 0.0014248036051106351 -0.0015234609562806629 0.0012357455992367955 -0.0010754404366859899 0.00058218118252392911 -0.0015247398829674483
leaf_weight=5739 189 145 117 120 102 107 131 174 195 108 147 467 688 167
leaf_count=5739 189 145 117 120 102 107 131 174 195 108 147 467 688 167
internal_value=4.13366e-05 0.000438583 0.000199965 0.000414173 0.000112793 0.00136877 -0.000226645 0.000149936 0.00072157 -2.81652e-05 -5.76066e-06 -3.16071e-05 4.23193e-05 -2.05702e-05
internal_weight=8596 1280 1091 946 719 227 602 471 297 7316 7208 7061 6594 5906
internal_count=8596 1280 1091 946 719 227 602 471 297 7316 7208 7061 6594 5906
is_linear=0
shrinkage=0.03


Tree=202
num_leaves=15
num_cat=2
split_feature=31 22 0 37 38 35 30 30 31 5 22 22 31 31
split_gain=0.187751 0.268696 0.33363 0.6183 0.502358 0.457551 0.424671 0.751688 0.415586 0.339603 1.00896 0.355357 0.372901 0.706168
threshold=0.1106014271151886 6785.2500000000009 9.5000000000000018 0 1.6807966771296061 1 142.42500000000004 70.250000000000014 1.5126086035176944 0.31010000000000004 577.50000000000011 655.70000000000005 1.2712272492314391 2.2583927231807954
decision_type=8 2 2 9 2 1 2 2 10 2 2 2 10 10
left_child=-1 2 -2 8 5 -5 7 -6 -4 11 -11 12 -7 -14
right_child=1 -3 3 4 6 9 -8 -9 -10 10 -12 -13 13 -15
leaf_value=0.0011653986091855481 -5.320746423329553e-05 -0.00048642004354038657 -0.0012671412248926406 0.0019488952122935044 0.0024739665086620814 -0.00082379874816732631 0.0032417316502874483 -0.000923467627500446 0.00027624189798800333 -0.00085312963029819308 0.0030547260312119222 -0.00081196001818170768 0.002820706637809053 -0.00058353250846266747
leaf_weight=129 5463 872 275 142 136 118 113 103 366 116 122 364 120 101
leaf_count=129 5463 872 275 142 136 118 113 103 366 116 122 364 120 101
internal_value=2.9571e-05 1.21507e-05 6.9818e-05 0.00039356 0.000736602 0.000421728 0.0017263 0.0010098 -0.000379968 0.00016877 0.00115006 -0.000161044 0.000537875 0.00126492
internal_weight=8540 8411 7539 2076 1435 1083 352 239 641 941 238 703 339 221
internal_count=8540 8411 7539 2076 1435 1083 352 239 641 941 238 703 339 221
cat_boundaries=0 1 2
cat_threshold=839422223 2
is_linear=0
shrinkage=0.03


Tree=203
num_leaves=15
num_cat=1
split_feature=1 25 37 30 30 30 30 24 30 5 25 24 30 30
split_gain=0.287772 0.274413 0.211351 0.189409 0.371821 0.354614 0.382836 0.227182 0.549452 0.43449 0.804595 0.299791 0.245529 0.647251
threshold=181.50000000000003 0.37750000000000006 0 324.57500000000005 360.75000000000006 296.02500000000003 279.05000000000007 8.2841666666674438 24.165000000000003 0.11940000000000002 0.24695121951219515 10.720666666667677 252.12500000000003 246.05000000000004
decision_type=2 10 9 2 2 2 2 8 2 2 10 8 2 2
left_child=2 -2 -1 5 -5 6 7 8 -4 10 -10 -9 13 -13
right_child=1 -3 3 4 -6 -7 -8 11 9 -11 -12 12 -14 -15
leaf_value=0.0008867158879046187 0.0019965581816191284 0.00014788283813109117 -0.0023221855665763865 0.0017721083572225483 -0.0003961575753233699 -0.0014103769432937394 0.0013103098735783645 0.001344094602133927 0.0023509942256787326 -0.0016127834757498931 -0.001068329683076854 -0.00010780793106894387 -0.0008044668874635794 0.0022673274358801011
leaf_weight=188 117 189 143 138 147 191 169 129 120 120 128 6237 436 105
leaf_count=188 117 189 143 138 147 191 169 129 120 120 128 6237 436 105
internal_value=-4.86652e-05 0.000854729 -8.21689e-05 -0.000105728 0.00065374 -0.000133693 -0.000101553 -0.000133718 -0.000744097 -0.000130872 0.000586182 -8.85606e-05 -0.000115827 -6.84845e-05
internal_weight=8557 306 8251 8063 285 7778 7587 7418 511 368 248 6907 6778 6342
internal_count=8557 306 8251 8063 285 7778 7587 7418 511 368 248 6907 6778 6342
cat_boundaries=0 1
cat_threshold=1073751120
is_linear=0
shrinkage=0.03


Tree=204
num_leaves=15
num_cat=4
split_feature=27 31 37 28 27 35 30 25 14 37 1 24 22 37
split_gain=0.202415 0.757676 0.475844 0.467053 0.372092 0.883365 0.323655 0.310288 0.519839 0.307229 0.666545 0.299305 0.297885 0.287971
threshold=13.957650462962965 0.71691003666217534 0 1.2354513888888892 13.999334490740742 1 91.500000000000014 0.29772727272727278 1.5000000000000002 2 45.500000000000007 72.609166666669793 682.00000000000011 3
decision_type=2 10 9 2 2 1 2 10 2 9 2 8 2 9
left_child=1 3 6 11 5 -2 -3 8 -6 12 -11 -1 -10 -9
right_child=4 2 -4 -5 7 -7 -8 13 9 10 -12 -13 -14 -15
leaf_value=0.0024087472155764206 0.0029652345656520787 -0.00096402066615159559 -0.00025696538765986445 -0.00072091272422334263 0.0020207869505504349 -0.00024339296776422099 -0.0029840253482772304 -0.00061047297594753289 -0.0010072982351732802 -3.7151487059177106e-05 0.0022080687689958723 0.0005881785622279329 0.00032424026059688223 5.8155022422570177e-05
leaf_weight=151 125 223 1029 126 173 184 105 655 245 313 192 176 395 4513
leaf_count=151 125 223 1029 126 173 184 105 655 245 313 192 176 395 4513
internal_value=5.04918e-05 -0.000231426 -0.000586062 0.000830917 0.000125587 0.00114268 -0.00156302 7.71314e-05 0.000488015 0.000256426 0.000800623 0.00142887 -0.000182636 -2.76566e-05
internal_weight=8605 1810 1357 453 6795 309 328 6486 1318 1145 505 327 640 5168
internal_count=8605 1810 1357 453 6795 309 328 6486 1318 1145 505 327 640 5168
cat_boundaries=0 1 2 3 4
cat_threshold=46172162 24 987758592 2224578649
is_linear=0
shrinkage=0.03


Tree=205
num_leaves=15
num_cat=0
split_feature=23 17 22 1 38 29 38 30 23 29 23 23 38 31
split_gain=0.296013 0.405252 0.577131 0.82976 0.703649 0.54321 0.347297 0.470647 0.411439 0.317258 0.595105 0.339318 0.541933 0.245674
threshold=137.00000000000003 1.0000000180025095e-35 1498.6875000000002 21.500000000000004 1.5842593858412961 3.5000000000000004 1.9343139383103138 227.05000000000004 161.50000000000003 4.5000000000000009 92.500000000000014 126.50000000000001 1.8606251195899275 2.1326743243938995
decision_type=2 2 2 2 2 2 2 2 2 2 2 2 2 10
left_child=9 2 4 -4 5 -2 7 -3 -9 11 -11 -1 13 -13
right_child=1 6 3 -5 -6 -7 -8 8 -10 10 -12 12 -14 -15
leaf_value=2.2012126285807124e-05 -0.001052500846712836 -0.0024426998056204445 0.0010910942698537838 -0.0013291715114025862 0.0023448186588237983 0.0013839790288438186 0.00040296687383244444 -0.0016837241805704502 0.00090191792116834301 0.0029016388165216673 -0.00029369162969740295 0.00089682867878819916 -0.00071127343398984515 0.0027479889384349403
leaf_weight=6364 198 205 180 437 166 141 123 116 106 102 108 147 122 115
leaf_count=6364 198 205 180 437 166 141 123 116 106 102 108 147 122 115
internal_value=2.38758e-05 -0.000334547 -7.54475e-06 -0.000623097 0.000744526 -3.90977e-05 -0.00100163 -0.00140623 -0.000449138 0.000110004 0.00125833 7.42683e-05 0.000940305 0.00170936
internal_weight=8630 1672 1122 617 505 339 550 427 222 6958 210 6748 384 262
internal_count=8630 1672 1122 617 505 339 550 427 222 6958 210 6748 384 262
is_linear=0
shrinkage=0.03


Tree=206
num_leaves=15
num_cat=1
split_feature=24 35 38 31 31 31 28 28 31 28 38 24 6 23
split_gain=0.362314 0.460039 0.382722 0.29235 0.462544 0.319237 0.945833 0.338733 0.560918 0.555923 0.46498 0.344753 0.420743 0.432035
threshold=6.2545000000001165 0 1.8271775008591227 2.3393548387096779 2.4004002287021158 2.2263297191155131 1.5228009259259261 9.8533854166666686 1.8673618665366296 17.8953587962963 1.3886408101792183 474.78833333333142 2.5000000000000004 69.500000000000014
decision_type=8 1 2 8 8 10 2 2 10 2 2 10 2 2
left_child=1 2 -1 5 -5 7 -7 11 9 -9 -10 12 -2 -14
right_child=3 -3 -4 4 -6 6 -8 8 10 -11 -12 -13 13 -15
leaf_value=-0.00093129759945441036 9.4468993458307688e-06 -0.0022283107844481825 0.001010302741730508 -0.0019622897619255967 -0.00011185994186951755 0.0034307082448014068 -0.00054803318822877877 0.0008624077795941369 0.00073061609766521154 -0.0015613043648115689 0.0034506758896280256 -0.0012186683329336837 0.0021370398736093193 -0.00020008571399375796
leaf_weight=250 3732 132 144 127 2847 101 115 272 124 124 104 188 175 120
leaf_count=250 3732 132 144 127 2847 101 115 272 124 124 104 188 175 120
internal_value=-4.83945e-06 -0.000767606 -0.00021619 4.51313e-05 -0.00019088 0.000183983 0.0013124 0.000133614 0.000785961 0.000103468 0.00197135 3.70386e-05 9.56612e-05 0.00118634
internal_weight=8555 526 394 8029 2974 5055 216 4839 624 396 228 4215 4027 295
internal_count=8555 526 394 8029 2974 5055 216 4839 624 396 228 4215 4027 295
cat_boundaries=0 1
cat_threshold=11
is_linear=0
shrinkage=0.03


Tree=207
num_leaves=15
num_cat=1
split_feature=22 31 37 16 22 32 25 27 32 1 38 22 31 22
split_gain=0.239122 0.529464 0.31544 0.46739 0.228041 0.255075 0.410536 0.398543 0.375421 0.547407 0.360533 0.291086 0.343115 0.425718
threshold=10085.200000000003 1.1025975288833789 0 1.0000000180025095e-35 9234.8000000000011 8.5000000000000018 0.26235294117647062 11.010243055555557 2.5000000000000004 82.500000000000014 1.6845112130280018 6444.0500000000002 1.16811088898138 5597.8500000000013
decision_type=2 10 9 2 2 2 10 2 2 2 2 2 8 2
left_child=2 -2 3 -1 5 6 7 -4 9 -8 -11 12 -7 -14
right_child=1 -3 4 -5 -6 11 8 -9 -10 10 -12 -13 13 -15
leaf_value=0.0022772602672964932 0.00030113420596566975 -0.0021172766169448467 0.0019014810364589925 -9.2045068816172288e-05 0.0012555196628164296 0.001208817951305401 -0.00047460763206550794 -7.1880422532944243e-07 -0.00081732990222459819 9.5622531992826351e-05 0.0026181128846094158 -0.00086359280013472437 2.2576797547456827e-05 0.0019167720449940215
leaf_weight=134 173 154 108 170 119 258 551 1207 1360 103 101 272 3655 110
leaf_count=134 173 154 108 170 119 258 551 1207 1360 103 101 272 3655 110
internal_value=-4.2362e-05 -0.000837812 -1.04386e-05 0.000921991 -4.76902e-05 -6.78273e-05 -0.000260731 0.000155507 -0.000519527 1.69135e-05 0.0013445 8.62261e-05 0.000150444 7.79185e-05
internal_weight=8475 327 8148 304 7844 7725 3430 1315 2115 755 204 4295 4023 3765
internal_count=8475 327 8148 304 7844 7725 3430 1315 2115 755 204 4295 4023 3765
cat_boundaries=0 1
cat_threshold=19141952
is_linear=0
shrinkage=0.03


Tree=208
num_leaves=15
num_cat=2
split_feature=37 38 38 31 30 35 38 30 38 38 27 27 21 27
split_gain=0.342453 0.467334 0.434846 0.332021 0.290423 0.281201 0.307485 0.449905 0.290336 0.397598 0.3121 0.44246 0.440572 0.439778
threshold=0 1.8229092544620784 1.7458246415277263 1.647753185781355 11.250000000000002 1 1.0580430559006577 24.165000000000003 2.0852061864355242 1.9914864440065265 21.03633680555556 18.354050925925929 90.416666666666671 14.999583333333335
decision_type=9 2 2 8 2 1 2 2 2 2 2 2 2 2
left_child=1 2 4 -3 -1 6 -2 -8 9 10 11 13 -12 -7
right_child=5 3 -4 -5 -6 8 7 -9 -10 -11 12 -13 -14 -15
leaf_value=-0.0019145481090329713 -0.00093765895911240686 0.0016400227863797791 -0.0025338198753284678 -0.00045988198734819884 -0.00033187097842782694 -2.0030132200645125e-05 0.0020090484659543587 0.00025046801933120455 -0.0010759043046775993 0.0014671715317119379 -0.002316301222626035 0.0016435292477163944 0.00026083905279738909 -0.0017790077624894264
leaf_weight=118 185 148 106 125 902 2441 136 3512 264 150 132 136 109 135
leaf_count=118 185 148 106 125 902 2441 136 3512 264 150 132 136 109 135
internal_value=-4.18963e-06 -0.000431945 -0.000705017 0.000678528 -0.000514965 7.94153e-05 0.000254855 0.000316029 -0.000120469 -3.95695e-05 -0.000116106 -2.41665e-05 -0.00115071 -0.000112213
internal_weight=8599 1399 1126 273 1020 7200 3833 3648 3367 3103 2953 2712 241 2576
internal_count=8599 1399 1126 273 1020 7200 3833 3648 3367 3103 2953 2712 241 2576
cat_boundaries=0 1 2
cat_threshold=1830105147 10
is_linear=0
shrinkage=0.03


Tree=209
num_leaves=15
num_cat=2
split_feature=28 1 37 38 38 37 22 38 38 31 23 38 38 38
split_gain=0.227799 0.490122 0.829022 0.627366 0.852409 0.574949 0.651728 1.17152 0.552645 0.555836 0.489341 0.477772 0.84729 0.453627
threshold=0.89800347222222232 18.500000000000004 0 1.5943097895751479 1.5365699355624576 1 597.00775000000021 1.4679478340239256 1.8063954294013549 1.1144551101072844 18.500000000000004 1.548678023718731 1.4389975012063583 1.8768713636943566
decision_type=2 2 9 2 2 9 2 2 2 8 2 2 2 2
left_child=1 5 3 4 10 -1 7 -7 -4 -10 -3 12 -8 -5
right_child=-2 2 8 13 -6 6 11 -9 9 -11 -12 -13 -14 -15
leaf_value=-0.00063698003943735615 -0.00011011683136929966 -0.002015973815681978 9.4485992829475358e-05 -0.001344560136824905 0.0024074065211793258 -0.00038082399920114324 0.00033518667444668092 0.0032831358289657545 0.0027313078594333661 0.00063911177889748767 0.00030166286670625111 -0.00014034518872632631 0.003611382694318167 -9.470007801540376e-05
leaf_weight=245 3919 112 1122 703 137 119 229 231 162 388 306 462 103 416
leaf_count=245 3919 112 1122 703 137 119 229 231 162 388 306 462 103 416
internal_value=5.90679e-05 0.000199096 2.44291e-06 -0.000468104 0.000353756 0.00067282 0.000950587 0.00203739 0.00047352 0.00125536 -0.000319331 0.00048349 0.0013516 -0.000879912
internal_weight=8654 4735 3346 1674 555 1389 1144 350 1672 550 418 794 332 1119
internal_count=8654 4735 3346 1674 555 1389 1144 350 1672 550 418 794 332 1119
cat_boundaries=0 1 2
cat_threshold=613435423 39878692
is_linear=0
shrinkage=0.03


Tree=210
num_leaves=15
num_cat=2
split_feature=23 38 38 27 30 23 30 1 35 25 36 38 30 30
split_gain=0.330055 0.378356 0.503845 0.418412 0.489628 0.874007 0.379665 0.55328 0.571534 0.487485 0.475573 0.521011 0.457387 0.581171
threshold=14.500000000000002 1.6845112130280018 1.7042199474439579 11.06232638888889 160.02500000000003 71.500000000000014 110.50000000000001 55.500000000000007 0 0.24695121951219515 1 1.7843855949869325 90.500000000000014 52.500000000000007
decision_type=2 2 2 2 2 2 2 2 1 10 9 2 2 2
left_child=-1 -2 -3 -4 6 -6 7 10 -9 -8 -5 -12 13 -13
right_child=1 2 3 4 5 -7 9 8 -10 -11 11 12 -14 -15
leaf_value=-0.00056351661456826912 0.00022032318313962239 -0.0018650119529176456 0.001617718918430971 0.0019865233523432835 0.002734149140175932 -1.6621653902972858e-05 -0.00304297958529238 0.00012262492092838127 -0.0019287301399644387 -0.00070362734856575131 0.0016666245039106031 0.00035245115569393549 0.0011189269108830818 -0.0023428490858974065
leaf_weight=835 4953 158 119 118 121 738 106 232 256 329 121 126 105 168
leaf_count=835 4953 158 119 118 121 738 106 232 256 329 121 126 105 168
internal_value=2.82194e-06 6.4638e-05 -0.000221276 -0.000118987 -0.000204387 0.000370856 -0.000520937 -0.000230136 -0.000990506 -0.00127368 0.000351464 -5.6681e-05 -0.000580708 -0.00118772
internal_weight=8485 7650 2697 2539 2420 859 1561 1126 488 435 638 520 399 294
internal_count=8485 7650 2697 2539 2420 859 1561 1126 488 435 638 520 399 294
cat_boundaries=0 1 2
cat_threshold=1 6
is_linear=0
shrinkage=0.03


Tree=211
num_leaves=15
num_cat=2
split_feature=5 38 37 23 21 1 1 38 38 1 37 31 13 31
split_gain=0.332595 0.306446 0.25637 0.231866 0.598361 0.509144 0.32117 0.431788 0.377146 0.26445 0.418876 0.318157 0.363557 0.29922
threshold=0.81665000000000021 0.80772916916412729 0 13.500000000000002 193.00000000000003 76.500000000000014 3.5000000000000004 1.2737478315547872 1.5595482646730197 127.50000000000001 1 7.7898305084745774 1.0000000180025095e-35 5.1020956475013444
decision_type=2 2 9 2 2 2 2 2 2 2 9 10 2 10
left_child=1 -1 -3 5 9 6 -4 -8 -9 11 -11 13 -13 -5
right_child=-2 2 3 4 -6 -7 7 8 -10 10 -12 12 -14 -15
leaf_value=-0.0015494820639929349 0.0016198163191506337 0.0012760093288326805 7.2017750082585696e-05 0.00015323099185803542 0.0018941726490714693 0.0015162260471704868 0.00014309536371576159 -0.003156637921640509 -0.00071810741387307638 0.0011818391216097792 -0.00083174164259768404 3.0105424395531688e-05 0.0024638869794294548 -0.00077685597093233541
leaf_weight=102 129 155 232 6116 169 101 114 133 100 104 531 109 112 328
leaf_count=102 129 155 232 6116 169 101 114 133 100 104 531 109 112 328
internal_value=0.000108076 8.48765e-05 0.000104952 8.10121e-05 0.000129396 -0.000449241 -0.000792094 -0.00136983 -0.00211006 8.85406e-05 -0.000496445 0.000144274 0.00126352 0.00010589
internal_weight=8535 8406 8304 8149 7469 680 579 347 233 7300 635 6665 221 6444
internal_count=8535 8406 8304 8149 7469 680 579 347 233 7300 635 6665 221 6444
cat_boundaries=0 1 2
cat_threshold=1057800 2290122752
is_linear=0
shrinkage=0.03


Tree=212
num_leaves=15
num_cat=1
split_feature=21 0 0 30 37 27 38 1 28 7 38 26 28 22
split_gain=0.363109 0.404988 0.310903 0.421381 0.388681 0.549066 0.351961 0.467213 0.630918 0.630677 0.377881 0.360508 0.317477 0.431621
threshold=193.00000000000003 8.5000000000000018 13.500000000000002 30.165000000000003 0 13.999994212962966 2.0230418184696588 18.500000000000004 3.8016782407407415 1.0000000180025095e-35 1.6939168301823251 0.047727272727272736 0.53105902777777791 650.11983333333342
decision_type=2 2 2 2 9 2 2 2 2 2 2 8 2 2
left_child=2 -2 4 -4 5 6 7 -1 9 10 -9 -11 13 -5
right_child=1 -3 3 12 -6 -7 -8 8 -10 11 -12 -13 -14 -15
leaf_value=0.001018991830133018 0.0020629535780216637 -0.00036092756555677907 -0.0020188169800958345 0.0019137407364411595 -9.2924966565183353e-05 0.002093850993865564 0.0012268084229141399 -0.00078938241936087322 0.00097464835051587712 -0.00082126374833256077 -0.0032239457456398669 0.0013800134696738005 -0.0012301226890344612 -0.00055766490558250181
leaf_weight=288 156 103 160 106 6296 163 262 104 212 188 128 104 170 159
leaf_count=288 156 103 160 106 6296 163 262 104 212 188 128 104 170 159
internal_value=-7.22221e-06 0.00109902 -4.15766e-05 -0.000702427 9.19235e-06 0.000450432 0.000245631 -5.41202e-06 -0.000406266 -0.000964956 -0.00213259 -3.72472e-05 -0.000218237 0.000430897
internal_weight=8599 259 8340 595 7745 1449 1286 1024 736 524 232 292 435 265
internal_count=8599 259 8340 595 7745 1449 1286 1024 736 524 232 292 435 265
cat_boundaries=0 1
cat_threshold=1495019867
is_linear=0
shrinkage=0.03


Tree=213
num_leaves=15
num_cat=1
split_feature=37 38 23 13 38 23 30 27 23 38 30 21 31 30
split_gain=0.319682 0.598156 0.591398 0.50008 0.308701 0.499689 0.431326 0.41648 0.390732 0.519536 0.745472 0.754405 0.592071 0.474956
threshold=0 1.8957829999611842 18.500000000000004 1.0000000180025095e-35 1.6845112130280018 149.50000000000003 279.05000000000007 13.999878472222223 114.50000000000001 1.3965638524771282 220.07500000000002 70.433333333333351 2.9865742244263793 181.10000000000002
decision_type=9 2 2 2 2 2 2 2 2 2 2 2 10 2
left_child=1 2 -1 -4 8 6 -6 -7 13 -10 11 -11 -12 -2
right_child=4 -3 3 -5 5 7 -8 -9 9 10 12 -13 -14 -15
leaf_value=-0.0012709036529144774 6.7577310472889646e-05 0.0019768215662700496 0.0023472579266618134 -8.2643663881400836e-05 -0.00027680813448281369 -6.7733747407847388e-05 0.0016600740952908549 -0.0020069292814798327 -0.00021130463176685974 0.00071226580324438139 -0.00098533124315427307 0.0036795492748206014 0.0012550594902034694 -0.000708225794288546
leaf_weight=195 3092 197 121 206 2042 157 109 273 544 161 201 148 225 922
leaf_count=195 3092 197 121 206 2042 157 109 273 544 161 201 148 225 922
internal_value=-4.06865e-05 0.000560496 3.67192e-05 0.000816494 -9.6172e-05 -0.000365293 -0.000178658 -0.0012989 3.48763e-05 0.000491505 0.00101168 0.00213349 0.000197974 -0.000110622
internal_weight=8593 719 522 327 7874 2581 2151 430 5293 1279 735 309 426 4014
internal_count=8593 719 522 327 7874 2581 2151 430 5293 1279 735 309 426 4014
cat_boundaries=0 1
cat_threshold=19924209
is_linear=0
shrinkage=0.03


Tree=214
num_leaves=15
num_cat=1
split_feature=0 38 27 30 24 37 0 31 30 32 22 27 32 38
split_gain=0.333268 0.428699 0.344952 0.802141 0.384256 0.382277 1.18505 0.666454 0.37785 0.616567 0.64312 0.338025 0.336125 0.636169
threshold=3.5000000000000004 1.6203358804893477 29.616950231481486 289.02500000000003 128.70066666667003 0 6.5000000000000009 0.97209623732310757 249.05000000000004 13.500000000000002 1349.3500000000001 13.999994212962966 6.5000000000000009 1.6939168301823251
decision_type=2 2 2 2 10 9 2 8 2 2 2 2 2 2
left_child=1 11 5 4 -4 6 -2 -8 9 -6 -11 -1 13 -9
right_child=2 -3 3 -5 8 -7 7 12 -10 10 -12 -13 -14 -15
leaf_value=-0.0011394397791644388 0.0030781601581161152 -0.0020570351058436975 -0.0013158421899947242 0.0028885112928615912 -0.00027058400143499647 -6.9356184549327797e-05 -0.0020472587548145973 -0.00037431712040804257 -0.00068767437320378308 0.00019134563041254152 0.0032915511755714322 0.0010116128587583436 -0.00052323759660463447 0.0028586958326288878
leaf_weight=132 146 155 117 122 189 6694 111 103 159 103 145 131 143 117
leaf_count=132 146 155 117 122 189 6694 111 103 159 103 145 131 143 117
internal_value=2.0604e-05 -0.000805563 6.29819e-05 0.000640656 0.00025603 -2.96806e-06 0.00070358 -1.29872e-05 0.000564602 0.00102024 0.00200397 -6.80029e-05 0.000609063 0.00134506
internal_weight=8567 418 8149 835 713 7314 620 474 596 437 248 263 363 220
internal_count=8567 418 8149 835 713 7314 620 474 596 437 248 263 363 220
cat_boundaries=0 1
cat_threshold=136843336
is_linear=0
shrinkage=0.03


Tree=215
num_leaves=15
num_cat=2
split_feature=31 31 31 28 28 37 33 24 26 30 31 31 35 31
split_gain=0.324049 0.808791 0.563568 0.542264 0.344346 0.487018 0.43192 0.456634 0.3718 0.384095 0.329865 0.323769 0.437395 0.497985
threshold=2.4757543249946594 2.4177913468856578 2.6050267885282072 1.2354513888888892 10.160497685185186 0 1.0000000180025095e-35 133.91550000000618 0.020869565217391309 57.050000000000004 3.50347924244396 7.7898305084745774 1 3.2948938677315356
decision_type=10 10 10 2 2 9 2 10 8 2 10 10 1 10
left_child=1 -1 3 -2 5 11 7 -6 9 -7 -9 12 -4 -14
right_child=2 -3 4 -5 6 8 -8 10 -10 -11 -12 -13 13 -15
leaf_value=6.3852895708550338e-05 -0.0029876671338592694 0.0027714373831496586 0.00062407678070520794 -4.9212607461959121e-05 7.2032720616430423e-05 0.0011432485388800631 0.00087861595750393813 -0.0028746808794862097 -0.0018930050077848135 -0.0013871017065231162 -0.00098192428597492333 0.0019593326047582264 0.00093821002112680211 -0.0013040377087114999
leaf_weight=5872 130 101 787 100 190 116 121 141 175 101 201 104 131 279
leaf_count=5872 130 101 787 100 190 116 121 141 175 101 201 104 131 279
internal_value=-1.16592e-05 0.000109637 -0.000292909 -0.00171008 -0.000153971 7.17557e-05 -0.000739201 -0.00110716 -0.000842677 -3.44721e-05 -0.00176227 0.000351059 0.000214259 -0.000573621
internal_weight=8549 5973 2576 230 2346 1693 653 532 392 217 342 1301 1197 410
internal_count=8549 5973 2576 230 2346 1693 653 532 392 217 342 1301 1197 410
cat_boundaries=0 1 2
cat_threshold=515934224 26
is_linear=0
shrinkage=0.03


Tree=216
num_leaves=15
num_cat=0
split_feature=0 25 22 17 0 30 31 31 25 24 30 38 30 22
split_gain=0.313369 0.441742 0.260501 0.702949 0.512436 0.778301 0.448906 0.651433 0.380887 0.316596 0.601285 0.481564 0.468469 0.684979
threshold=3.5000000000000004 0.48074074074074075 6402.0500000000002 3.5000000000000004 8.5000000000000018 104.50000000000001 1.1255252100840338 1.7497993579454256 0.37750000000000006 170.43233333333259 140.40000000000003 1.1742148098628957 50.500000000000007 409.328125
decision_type=2 10 2 2 2 2 10 10 10 10 2 2 2 2
left_child=1 -1 3 9 5 -4 -7 -8 -6 10 -2 -12 13 -11
right_child=2 -3 4 -5 8 6 7 -9 -10 12 11 -13 -14 -15
leaf_value=-0.00147487545954313 1.5778142334687118e-05 0.00062491310272834975 0.0020725547715361851 0.0025373693171642578 -0.00028354541508999369 -0.0017159736493997072 0.0017013438787022283 -0.0010177747283080991 -0.0021358604168517118 -0.00013567531472575422 -0.00044267280926565966 0.0010840348229158284 -0.00033352078673602926 0.0029263939306153641
leaf_weight=280 3260 133 144 106 194 164 145 175 206 185 229 989 2279 102
leaf_count=280 3260 133 144 106 194 164 145 175 206 185 229 989 2279 102
internal_value=7.58938e-06 -0.000798672 4.83067e-05 0.000112508 -0.000398232 0.000136326 -0.000439743 0.000214326 -0.00123749 7.60184e-05 0.000228266 0.000796994 -0.000189673 0.000952586
internal_weight=8591 413 8178 7150 1028 628 484 320 400 7044 4478 1218 2566 287
internal_count=8591 413 8178 7150 1028 628 484 320 400 7044 4478 1218 2566 287
is_linear=0
shrinkage=0.03


Tree=217
num_leaves=15
num_cat=1
split_feature=20 24 37 25 24 25 27 27 1 27 1 27 17 23
split_gain=0.233313 0.663065 0.313664 0.387955 0.282167 0.277988 0.310148 0.369554 0.342634 0.45101 0.404968 0.361692 0.289804 0.30543
threshold=1.0000000180025095e-35 352.12183333333195 0 0.65500000000000014 62.516166666665036 0.49489795918367352 30.62453125 29.666261574074078 23.500000000000004 13.999508101851854 14.500000000000002 13.999959490740741 1.0000000180025095e-35 113.50000000000001
decision_type=2 8 9 8 10 10 2 2 2 2 2 2 2 2
left_child=2 4 -1 5 -2 -4 7 8 10 -10 11 -7 13 -11
right_child=1 -3 3 -5 -6 6 -8 -9 9 12 -12 -13 -14 -15
leaf_value=-0.00024538668097141565 -0.001216006960834232 -0.0026881933194009533 0.00024812888941756837 0.0012124169286013152 0.0005885011696661705 -0.0016986927401394316 -0.0015987595410163822 0.0011559705213970831 0.0014178852554722931 -0.0018764498702094374 -0.0023991194935982538 0.00064301103127945686 0.00065731896491178388 -0.00020529419996093978
leaf_weight=2170 116 108 4087 308 238 101 135 185 173 141 129 144 199 326
leaf_count=2170 116 108 4087 308 238 101 135 185 173 141 129 144 199 326
internal_value=2.51662e-05 -0.000630559 6.2576e-05 0.000175427 -2.80658e-06 0.000118907 -0.000225599 -9.29978e-05 -0.000283484 5.31529e-05 -0.00103867 -0.000322344 -0.00030135 -0.000709862
internal_weight=8560 462 8098 5928 354 5620 1533 1398 1213 839 374 245 666 467
internal_count=8560 462 8098 5928 354 5620 1533 1398 1213 839 374 245 666 467
cat_boundaries=0 1
cat_threshold=542753387
is_linear=0
shrinkage=0.03


Tree=218
num_leaves=15
num_cat=4
split_feature=37 5 38 36 31 32 30 2 36 23 37 5 38 32
split_gain=0.307536 0.406593 0.850284 0.349294 0.622558 0.350704 0.323097 0.260843 0.616617 0.420011 0.33005 0.691913 0.287973 0.373247
threshold=0 0.11435000000000002 1.8547242119413039 1 1.8048797023563459 14.500000000000002 72.500000000000014 1.0000000180025095e-35 2 138.50000000000003 3 1.0000000180025095e-35 2.1780638739043634 2.5000000000000004
decision_type=9 2 2 9 8 2 2 2 9 2 9 2 2 2
left_child=1 2 3 4 -1 -5 -3 12 -9 10 -10 -12 13 -2
right_child=7 6 -4 5 -6 -7 -8 8 9 -11 11 -13 -14 -15
leaf_value=-5.7338243274048698e-05 0.00082658399097935596 -0.0019345087931491435 0.001687927358928862 0.00073839417840372329 -0.0031847370363983726 -0.00097201982542767886 -0.00013701856927946209 0.0017769137882063851 -0.0010721502722281227 -0.0016075724173501571 0.0012258985765059747 -0.0011889564007321492 -0.00098177462742039616 0.00013756912132223577
leaf_weight=122 816 225 199 240 108 196 150 104 233 255 279 173 182 5326
leaf_count=122 816 225 199 240 108 196 150 104 233 255 279 173 182 5326
internal_value=4.79526e-05 -0.000387334 -3.27753e-05 -0.000546919 -0.00146228 -2.98235e-05 -0.00121551 0.00012157 -0.000317585 -0.000562239 -0.000181308 0.0002951 0.00019426 0.000229109
internal_weight=8608 1240 865 666 230 436 375 7368 1044 940 685 452 6324 6142
internal_count=8608 1240 865 666 230 436 375 7368 1044 940 685 452 6324 6142
cat_boundaries=0 1 2 3 4
cat_threshold=606933664 5 4 2151677960
is_linear=0
shrinkage=0.03


Tree=219
num_leaves=15
num_cat=5
split_feature=38 37 37 38 23 37 37 35 1 38 30 38 1 27
split_gain=0.246938 0.559966 0.410885 0.571854 0.411905 0.367829 0.334394 0.369706 0.336215 0.336032 0.491287 0.528703 0.580348 0.791
threshold=1.6496706967483874 0 1 1.7493480188935668 167.50000000000003 2 3 4 116.50000000000001 1.2034149879927034 171.25000000000003 1.5943097895751479 22.500000000000004 28.07513888888889
decision_type=2 9 9 2 2 9 9 1 2 2 2 2 2 2
left_child=1 -1 3 -2 5 -4 7 8 9 -3 -11 12 13 -12
right_child=2 6 4 -5 -6 -7 -8 -9 -10 10 11 -13 -14 -15
leaf_value=-0.00080616964674182071 -0.00063134230713418919 -0.00040905507637130063 -0.0019399023433092288 0.0021305492464818747 -0.0016192693318683475 -0.0001888440232448288 0.00052268637649413596 -0.00041703465522783471 -0.0012772671884206731 0.0013512195867323991 -0.0026434841830872955 -0.0016612625910287222 0.0010517269875484968 0.00059816494538558014
leaf_weight=571 124 402 103 148 217 2659 1662 1191 121 482 109 123 517 179
leaf_count=571 124 402 103 148 217 2659 1662 1191 121 482 109 123 517 179
internal_value=-5.13771e-05 7.37962e-05 -0.000257638 0.000840549 -0.000359523 -0.000261851 0.00018009 -3.26131e-06 0.000252516 0.000356063 0.000574204 0.000170624 0.000450527 -0.000628709
internal_weight=8608 5357 3251 272 2979 2762 4786 3124 1933 1812 1410 928 805 288
internal_count=8608 5357 3251 272 2979 2762 4786 3124 1933 1812 1410 928 805 288
cat_boundaries=0 1 2 3 4 5
cat_threshold=3772580 71860392 1073762305 121899785 14
is_linear=0
shrinkage=0.03


Tree=220
num_leaves=15
num_cat=2
split_feature=25 37 38 38 20 23 22 5 21 5 5 21 24 37
split_gain=0.313712 0.333979 0.374101 0.616938 0.484217 0.859852 0.460559 0.388264 0.572928 0.845028 0.446777 0.478287 0.594459 0.370031
threshold=0.090000000000000011 0 1.706463992508052 1.6845112130280018 1.0000000180025095e-35 146.50000000000003 17.650000000000002 0.38195000000000007 92.708333333333343 0.10265000000000002 0.15470000000000003 43.166666666666679 10.720666666667677 1
decision_type=8 9 2 2 2 2 2 2 2 2 2 2 10 9
left_child=-1 -2 3 6 5 7 -3 8 10 -10 11 12 -4 -8
right_child=1 2 4 -5 -6 -7 13 -9 9 -11 -12 -13 -14 -15
leaf_value=-0.0014764468210050835 0.00022799148315950617 -0.0021479315178638157 0.0030344643714028947 -0.0025285188837079415 -0.0014865460086659324 -0.0014933489342164024 -0.0018496040185032735 -0.00039629293362620279 -0.0010240688200186317 0.00223652044690555 0.00010583988981894575 0.0038501195691344214 -6.4160358118012955e-05 -0.00011722566709268321
leaf_weight=130 3587 110 114 109 123 166 105 182 198 112 104 123 109 3330
leaf_count=130 3587 110 114 109 123 166 105 182 198 112 104 123 109 3330
internal_value=-1.39045e-05 8.53776e-06 -0.000152759 -0.000305451 0.000299241 0.000497483 -0.000237098 0.000848309 0.00114636 0.000153951 0.00183002 0.00234827 0.00151989 -0.000175906
internal_weight=8602 8472 4885 3654 1231 1108 3545 942 760 310 450 346 223 3435
internal_count=8602 8472 4885 3654 1231 1108 3545 942 760 310 450 346 223 3435
cat_boundaries=0 1 2
cat_threshold=4068499637 2686976
is_linear=0
shrinkage=0.03


Tree=221
num_leaves=15
num_cat=2
split_feature=37 1 38 30 0 22 22 0 22 23 7 21 0 37
split_gain=0.22771 0.474363 0.400326 0.523222 0.449503 0.622722 0.620331 0.430756 0.452441 0.397588 0.396921 0.381963 0.367734 0.38232
threshold=0 102.50000000000001 0.97825694562895238 225.05000000000004 6.5000000000000009 5597.8500000000013 2921.2000000000003 11.500000000000002 274.80000000000001 57.500000000000007 1.0000000180025095e-35 40.500000000000007 9.5000000000000018 1
decision_type=9 2 2 2 2 2 2 2 2 2 2 2 2 9
left_child=1 2 -1 4 -4 6 7 8 10 -3 -6 -9 13 -10
right_child=-2 9 3 -5 5 -7 -8 11 12 -11 -12 -13 -14 -15
leaf_value=0.001581720630730817 -0.0001237982848620666 0.0023319657800365584 -0.00037137684761235555 -0.0017102071509112185 0.0031980062738685457 -0.0012143132580044154 0.0027507357983396646 -0.0017297752414248801 -0.00089643007996863906 0.00026670172890840932 0.00086564021028906978 0.00039893314249895732 0.0014051071860459307 0.00065879392726046412
leaf_weight=151 5161 162 1123 153 107 189 113 137 253 174 170 170 215 300
leaf_count=151 5161 162 1123 153 107 189 113 137 253 174 170 170 215 300
internal_value=1.89106e-06 0.000191533 7.53644e-05 -2.26688e-06 9.18328e-05 0.000406334 0.000615414 0.000436944 0.000727185 0.00126245 0.00176659 -0.000551012 0.000352296 -5.70253e-05
internal_weight=8578 3417 3081 2930 2777 1654 1465 1352 1045 336 277 307 768 553
internal_count=8578 3417 3081 2930 2777 1654 1465 1352 1045 336 277 307 768 553
cat_boundaries=0 1 2
cat_threshold=2245533734 75497506
is_linear=0
shrinkage=0.03


Tree=222
num_leaves=15
num_cat=1
split_feature=37 38 31 28 31 31 31 26 23 24 30 5 32 30
split_gain=0.257816 0.616269 0.526081 0.362243 0.242968 0.474333 0.232332 0.582538 0.26161 0.286482 0.276034 0.323878 0.359092 0.286002
threshold=0 2.0508607407559558 0.48064734522197577 0.62855902777777783 1.3881787869164817 2.7397474403805018 7.4976562500000012 0.032795698924731186 194.50000000000003 770.65416666668386 296.02500000000003 0.29705000000000004 30.500000000000004 211.05000000000004
decision_type=9 2 10 2 10 10 10 8 2 10 2 2 2 2
left_child=1 2 -1 -4 -5 -6 8 -8 9 10 13 12 -12 -2
right_child=6 -3 3 4 5 -7 7 -9 -10 -11 11 -13 -14 -15
leaf_value=-0.0026624097248772161 2.8020057225949923e-05 0.001345880811292629 -2.1917347233587255e-05 -0.0023900969974028894 0.00046163170590131944 -0.0022436007692478595 0.002497315689541806 -0.0005762722762749316 -0.0010617339420026506 0.0016213640473889991 -0.00040660032917830079 0.00063269440554406323 -0.0026709189571727833 0.00052564241777867135
leaf_weight=100 4961 171 756 106 140 100 119 104 176 111 165 115 102 1315
leaf_count=100 4961 171 756 106 140 100 119 104 176 111 165 115 102 1315
internal_value=3.84114e-05 -0.000336766 -0.000578945 -0.000389883 -0.00119388 -0.000665548 0.000110591 0.00106389 8.01398e-05 0.000109829 8.46297e-05 -0.000698332 -0.00127162 0.000132286
internal_weight=8541 1373 1202 1102 346 240 7168 223 6945 6769 6658 382 267 6276
internal_count=8541 1373 1202 1102 346 240 7168 223 6945 6769 6658 382 267 6276
cat_boundaries=0 1
cat_threshold=606709288
is_linear=0
shrinkage=0.03


Tree=223
num_leaves=15
num_cat=2
split_feature=38 26 38 37 21 27 27 27 38 38 33 27 37 38
split_gain=0.336491 0.705821 0.495555 0.259742 0.421669 0.373446 0.854461 0.673418 0.671382 0.355388 0.477055 0.577417 0.677852 0.553173
threshold=2.1579342295588102 0.042572463768115944 2.2614072617831722 0 27.166666666666668 13.95767939814815 11.041359953703706 13.999334490740742 1.4843079373741734 0.99198238082263646 1.0000000180025095e-35 11.66547453703704 1 1.7884941621206456
decision_type=2 10 2 9 2 2 2 2 2 2 2 2 9 2
left_child=3 2 -2 -1 9 6 8 -7 -6 -5 11 -11 13 -13
right_child=1 -3 -4 4 5 7 -8 -9 -10 10 -12 12 -14 -15
leaf_value=-0.0004961644608017596 -0.0033315033407867803 0.00087037519046465268 -0.00048678214522078635 -0.00083881006949382568 -0.00033398423307824513 0.0017820658058729118 -0.0014601823297959353 -2.3220449050135568e-05 0.0024735628447129527 -0.0012098450821584031 0.0020775881660259773 0.00068117115540768612 0.0016856745693579207 -0.0019165533856564275
leaf_weight=877 116 121 105 143 284 193 489 5103 105 155 199 220 363 111
leaf_count=877 116 121 105 143 284 193 489 5103 105 155 199 220 363 111
internal_value=-4.94198e-05 -0.000971494 -0.00197994 -1.11585e-05 4.7204e-05 -5.24315e-05 -0.000625463 4.25689e-05 0.000423837 0.000564098 0.000755526 0.000445643 0.000815384 -0.000184398
internal_weight=8584 342 221 8242 7365 6174 878 5296 389 1191 1048 849 694 331
internal_count=8584 342 221 8242 7365 6174 878 5296 389 1191 1048 849 694 331
cat_boundaries=0 1 2
cat_threshold=537215394 295731281
is_linear=0
shrinkage=0.03


Tree=224
num_leaves=15
num_cat=1
split_feature=0 22 6 37 38 28 31 38 31 17 24 24 28 27
split_gain=0.384737 0.370771 0.441219 0.350497 0.3287 0.308297 0.2846 0.3941 0.229084 0.244553 0.285376 0.750178 0.427081 0.37286
threshold=13.500000000000002 132.00000000000003 1.0000000180025095e-35 0 1.3068117707623119 0.62855902777777783 1.0823369463999704 1.6566415977439319 0.19843228538575877 3.5000000000000004 116.65266666666663 102.23433333333175 16.50072916666667 29.212303240740741
decision_type=2 2 2 9 2 2 10 2 8 2 10 10 2 2
left_child=3 -2 5 4 -1 -3 -6 -8 -5 10 11 12 -10 -12
right_child=1 2 -4 8 6 -7 7 -9 9 -11 13 -13 -14 -15
leaf_value=0.0006585931021063664 -0.002032576896541672 0.0012627943033258792 -0.0014914175724816442 0.0013138131343973731 -0.002230393780628219 -0.0008441159232418135 0.00047353563040960573 -0.0018330531502433586 0.0002088486743358819 0.0015127157320135407 -0.00034211734811129469 0.0025545798515379508 -0.0017411242712562223 0.00038488431900169452
leaf_weight=122 151 164 172 137 137 101 150 120 3609 105 2418 121 104 861
leaf_count=122 151 164 172 137 137 101 150 120 3609 105 2418 121 104 861
internal_value=-1.07432e-05 -0.000751021 -0.000308195 4.44677e-05 -0.000694159 0.000459783 -0.00111671 -0.000551615 9.84026e-05 7.54701e-05 5.42539e-05 0.000229985 0.000154231 -0.000151221
internal_weight=8472 588 437 7884 529 265 407 270 7355 7218 7113 3834 3713 3279
internal_count=8472 588 437 7884 529 265 407 270 7355 7218 7113 3834 3713 3279
cat_boundaries=0 1
cat_threshold=134317140
is_linear=0
shrinkage=0.03


Tree=225
num_leaves=15
num_cat=1
split_feature=31 31 37 27 31 23 23 31 32 23 30 13 38 30
split_gain=0.236965 0.416262 0.219649 0.340017 0.196046 0.574609 0.677544 0.459129 0.455154 0.453226 0.450046 0.739557 0.429862 0.378202
threshold=11.800000000000002 8.173220338983052 0 11.999675925925928 1.0133141338059373 11.500000000000002 58.500000000000007 1.0741549409671685 6.5000000000000009 72.500000000000014 31.165000000000003 1.0000000180025095e-35 1.4460010940867198 382.25000000000006
decision_type=10 10 9 2 8 2 2 8 2 2 2 2 2 2
left_child=1 2 3 -1 5 -4 8 -6 10 -8 -7 -12 -11 -9
right_child=-2 -3 4 -5 7 6 9 13 -10 12 11 -13 -14 -15
leaf_value=-0.0016894557212310079 -0.0011852878039424716 0.0018482502141228779 -0.0022048145526645294 0.00027723986828181963 0.0017542406370442722 4.1210113832317853e-05 -0.0022603051264246457 0.00013359155726237095 -0.00035152962996079572 0.0011365425059013067 0.00020689570129616187 0.0034111520672276455 -0.00095234636657634661 -0.0015808996916511805
leaf_weight=165 139 116 123 152 155 198 150 6201 322 125 120 141 305 118
leaf_count=165 139 116 123 152 155 198 150 6201 322 125 120 141 305 118
internal_value=4.32492e-05 6.36004e-05 3.85829e-05 -0.000723608 6.97658e-05 -0.000241151 -6.3686e-05 0.000141143 0.000513146 -0.00084042 0.00111974 0.00193793 -0.000345111 0.000101575
internal_weight=8530 8391 8275 317 7958 1484 1361 6474 781 580 459 261 430 6319
internal_count=8530 8391 8275 317 7958 1484 1361 6474 781 580 459 261 430 6319
cat_boundaries=0 1
cat_threshold=134287378
is_linear=0
shrinkage=0.03


Tree=226
num_leaves=15
num_cat=1
split_feature=37 1 31 1 31 27 32 21 27 28 22 38 1 31
split_gain=0.377043 0.394478 0.276521 0.648559 0.292152 0.31159 0.562055 0.406354 0.372352 0.238296 0.187143 1.06313 1.06713 0.367927
threshold=0 24.500000000000004 5.1020956475013444 85.500000000000014 4.6669339748730296 29.999218750000001 13.500000000000002 117.10000000000002 29.624641203703707 1.735422453703704 316.55000000000007 1.7619667883205017 49.500000000000007 0.73226861167002022
decision_type=9 2 10 2 10 2 2 2 2 2 2 2 2 8
left_child=1 -1 4 -4 5 8 -7 9 10 -8 11 13 -13 -2
right_child=2 -3 3 -5 -6 6 7 -9 -10 -11 -12 12 -14 -15
leaf_value=-0.00017046307479402263 0.0011716684064274031 0.0021732647942736844 -0.0011170226814491407 0.001315214105265876 0.0014953312941077279 -0.0021313964587738508 -0.001863753279643947 0.0012677585761872684 0.0015667920037781553 -8.1502326903151989e-05 -4.6834130711901378e-05 0.0040696716989949352 0.0003441403481748796 -0.00020165342940778091
leaf_weight=113 204 151 483 124 123 164 103 139 148 196 5048 125 155 1260
leaf_count=113 204 151 483 124 123 164 103 139 148 196 5048 125 155 1260
internal_value=3.2518e-05 0.00112737 -3.78254e-06 -0.000620157 4.50239e-05 2.13713e-05 -0.000633342 -7.2426e-05 7.81634e-05 -0.000695455 4.57257e-05 0.00031364 0.00200732 -1.02889e-05
internal_weight=8536 264 8272 607 7665 7542 602 438 6940 299 6792 1744 280 1464
internal_count=8536 264 8272 607 7665 7542 602 438 6940 299 6792 1744 280 1464
cat_boundaries=0 1
cat_threshold=151004416
is_linear=0
shrinkage=0.03


Tree=227
num_leaves=15
num_cat=2
split_feature=22 14 31 38 37 33 21 38 37 21 28 32 22 32
split_gain=0.276534 0.323216 0.497699 0.257757 0.562349 0.465718 0.748074 0.455208 0.678792 0.544139 0.47976 0.425182 0.420364 0.473841
threshold=9234.8000000000011 2.5000000000000004 1.1144551101072844 1.7661609051321283 0 1.0000000180025095e-35 35.166666666666679 1.8814286396623332 1 35.500000000000007 1.0043287037037041 4.5000000000000009 3652.6060000000002 13.500000000000002
decision_type=2 2 10 2 9 2 2 2 9 2 2 2 2 2
left_child=3 2 -2 -1 -5 7 -7 12 -9 -10 11 -11 13 -6
right_child=1 -3 -4 4 5 6 -8 8 9 10 -12 -13 -14 -15
leaf_value=0.00010028155763676086 0.0031147714268121092 -0.00013512110790275605 0.0003831979192005206 0.0017250138158217455 -0.0015145683334320918 0.0026803643841577587 -0.0004565122631050337 -0.0013476912757729993 0.0019773137821383507 -0.00066286435290606005 -0.0017233142903751286 0.0013552361054771905 -0.0029084590262099474 0.00070667557872366158
leaf_weight=6146 101 197 148 107 309 106 193 323 140 178 128 199 119 120
leaf_count=6146 101 197 148 107 309 106 193 323 140 178 128 199 119 120
internal_value=4.56552e-05 0.000772839 0.00149119 5.45641e-06 -0.000297767 -0.000424183 0.000655558 -0.000639938 -0.000248801 0.000317468 -0.0001364 0.000402393 -0.00133085 -0.000893241
internal_weight=8514 446 249 8068 1922 1815 299 1516 968 645 505 377 548 429
internal_count=8514 446 249 8068 1922 1815 299 1516 968 645 505 377 548 429
cat_boundaries=0 1 2
cat_threshold=72384520 2292187136
is_linear=0
shrinkage=0.03


Tree=228
num_leaves=15
num_cat=5
split_feature=38 37 38 37 36 36 38 36 7 28 10 30 30 38
split_gain=0.331862 0.673773 0.629475 0.507915 0.479101 0.408276 0.589717 0.386354 0.595136 0.393345 0.599339 0.773183 0.495521 0.441895
threshold=1.4977578387186858 0 1.8348248810853049 1 2 3 1.6496706967483874 4 1.0000000180025095e-35 3.0048437500000005 1.0000000180025095e-35 205.07500000000002 285.02500000000003 1.7527718373424654
decision_type=2 9 2 9 9 9 2 9 2 2 2 2 2 2
left_child=3 7 5 -1 -5 -3 -7 9 -9 10 -2 -12 -11 -13
right_child=1 2 -4 4 -6 6 -8 8 -10 12 11 13 -14 -15
leaf_value=0.00080601231196513541 -0.0021169422817655615 0.0010677777585423804 0.002518236745189834 -0.0001737931935772052 -0.0016649960039986592 0.00071444316539077133 -0.0019628561194252395 0.0021260775034730346 -0.00042308923253460369 0.00074549374328486981 -0.0004439243371008133 9.13040041443643e-05 -0.0010798379584739449 0.0019217973844521605
leaf_weight=442 148 534 182 3221 197 196 119 191 145 819 1701 262 160 217
leaf_count=442 148 534 182 3221 197 196 119 191 145 819 1701 262 160 217
internal_value=6.54823e-05 0.000235492 0.000908397 -0.000140379 -0.000264347 0.000573995 -0.000287843 4.24438e-05 0.000996338 -5.71859e-05 -0.000269532 -0.000144112 0.000447176 0.000920567
internal_weight=8534 4674 1031 3860 3418 849 315 3643 336 3307 2328 2180 979 479
internal_count=8534 4674 1031 3860 3418 849 315 3643 336 3307 2328 2180 979 479
cat_boundaries=0 1 2 3 4 5
cat_threshold=815814701 830496865 52 17 49
is_linear=0
shrinkage=0.03


Tree=229
num_leaves=15
num_cat=2
split_feature=38 37 5 30 5 30 31 14 28 28 1 38 35 30
split_gain=0.192411 0.200569 0.366528 0.3457 0.372684 0.382518 0.503012 0.597322 0.753371 0.947298 0.329527 0.604862 0.280257 0.264303
threshold=0.80772916916412729 0 0.5192500000000001 15.250000000000002 0.40835000000000005 50.500000000000007 1.0133141338059373 1.5000000000000002 3.0785185185185191 8.0571180555555575 105.50000000000001 1.8348248810853049 1 15.250000000000002
decision_type=2 9 2 2 2 2 8 2 2 2 2 2 1 2
left_child=-1 2 3 -2 5 10 -7 -8 -9 -10 11 12 -5 -3
right_child=1 13 -4 4 -6 6 7 8 9 -11 -12 -13 -14 -15
leaf_value=-0.0013688630415592342 -0.0014490608432230951 0.00077041141894629349 -0.0019920888382087771 0.00066789794088483747 0.0013260651938617229 -0.0019770010940028241 0.0018448208234743409 -0.0010259156130066468 0.0030831780114049948 -0.00079925872836141812 -0.0012011298147495836 0.0026049218683341598 -0.00093272726818176038 -9.1935127399806142e-06
leaf_weight=100 183 420 108 294 155 182 108 667 104 124 100 115 136 5743
leaf_count=100 183 420 108 294 155 182 108 667 104 124 100 115 136 5743
internal_value=-6.06507e-05 -4.51487e-05 -0.00028512 -0.000201402 -8.63783e-05 -0.000206011 -0.000526006 -0.000262714 -0.000517032 0.000971677 0.000381885 0.000672346 0.000155495 4.38643e-05
internal_weight=8539 8439 2276 2168 1985 1830 1185 1003 895 228 645 545 430 6163
internal_count=8539 8439 2276 2168 1985 1830 1185 1003 895 228 645 545 430 6163
cat_boundaries=0 1 2
cat_threshold=1755635768 17
is_linear=0
shrinkage=0.03


Tree=230
num_leaves=15
num_cat=2
split_feature=31 23 31 31 21 31 37 28 37 26 38 38 23 0
split_gain=0.194877 0.640528 0.594597 0.526972 0.465642 0.504609 0.500514 0.233246 0.960447 0.405684 0.420713 0.69467 0.786777 0.335509
threshold=1.0133141338059373 11.500000000000002 0.73226861167002022 1.0527308838133072 88.500000000000014 0.1799720450492425 0 3.6321701388888892 1 0.07571428571428572 1.7884941621206456 1.5815739878841957 94.500000000000014 7.5000000000000009
decision_type=8 2 10 8 2 10 9 2 9 10 2 2 2 2
left_child=1 -1 4 -2 5 -3 -7 -5 -9 10 11 -10 -13 -14
right_child=3 2 -4 7 -6 6 -8 8 9 -11 -12 12 13 -15
leaf_value=-0.0023959252658468763 0.0021073116136852989 -0.00088245301825425971 -0.00094542473447491464 -0.00015092663270537091 -0.00067032371235883036 -0.00048503912404210362 0.0018350814872752854 0.0023415682445895873 -0.00014720623771868953 0.0017200762401334941 -0.0014031798056244188 -0.00057461422104388468 0.0012658879634260042 0.0036206091650847327
leaf_weight=127 107 123 544 4298 283 111 335 167 1848 125 186 125 112 106
leaf_count=127 107 123 544 4298 283 111 335 167 1848 125 186 125 112 106
internal_value=-4.83248e-05 -0.000356155 -0.000170588 1.79496e-05 0.000324143 0.000818755 0.00128792 -1.41391e-05 0.000206136 5.40279e-05 -3.33577e-05 8.29302e-05 0.00132285 0.00241084
internal_weight=8597 1523 1396 7074 852 569 446 6967 2669 2502 2377 2191 343 218
internal_count=8597 1523 1396 7074 852 569 446 6967 2669 2502 2377 2191 343 218
cat_boundaries=0 1 2
cat_threshold=404750341 10485760
is_linear=0
shrinkage=0.03


Tree=231
num_leaves=15
num_cat=0
split_feature=23 0 1 1 13 23 38 0 38 22 30 30 30 21
split_gain=0.241491 0.391848 0.524318 0.415115 0.359872 0.347692 0.655221 0.536927 0.781001 0.484343 0.446757 1.2248 0.498922 0.602794
threshold=149.50000000000003 7.5000000000000009 33.500000000000007 14.500000000000002 1.0000000180025095e-35 115.50000000000001 1.9213392457489566 6.5000000000000009 1.3424252429182242 1304.9540000000002 225.05000000000004 213.07500000000002 194.10000000000002 97.833333333333357
decision_type=2 2 2 2 2 2 2 2 2 2 2 2 2 2
left_child=5 3 -3 -2 -5 10 7 9 -9 -7 11 12 -1 -14
right_child=1 2 -4 4 -6 6 -8 8 -10 -11 -12 -13 13 -15
leaf_value=6.5126910305686285e-05 0.0017168123833835123 -0.0023522411377732443 -0.00038272851948152359 0.0011855089426255571 -0.00074563742485481176 -0.0017289335320633398 -0.00072696146136467621 -0.00055970247389505734 0.0020011305242915115 0.00067310519549223689 -0.00078909344186457937 0.0031663853842474055 -0.0026995992064265941 9.2338313514443298e-05
leaf_weight=4976 123 167 448 117 337 106 293 138 480 263 619 112 133 146
leaf_count=4976 123 167 448 117 337 106 293 138 480 263 619 112 133 146
internal_value=5.0913e-06 -0.000390683 -0.000917539 0.000170871 -0.000247963 7.00188e-05 0.0005188 0.000888615 0.00142929 -1.69113e-05 -2.59451e-05 6.20722e-05 -4.09016e-06 -0.00123859
internal_weight=8458 1192 615 577 454 7266 1280 987 618 369 5986 5367 5255 279
internal_count=8458 1192 615 577 454 7266 1280 987 618 369 5986 5367 5255 279
is_linear=0
shrinkage=0.03


Tree=232
num_leaves=15
num_cat=0
split_feature=24 31 22 20 1 30 30 31 23 30 30 30 24 0
split_gain=0.372148 0.393779 0.588753 0.422433 0.391637 0.240028 0.315913 0.296899 0.278684 0.238994 0.208466 0.370724 0.186435 0.302585
threshold=302.92683333333349 3.7558696440645338 1391.0015000000005 1.0000000180025095e-35 9.5000000000000018 181.10000000000002 225.05000000000004 1.9075202752519049 121.50000000000001 253.72500000000002 11.250000000000002 15.250000000000002 176.42833333332604 10.500000000000002
decision_type=10 8 2 2 2 2 2 10 2 2 2 2 10 2
left_child=10 3 -3 4 -2 7 -7 -6 -8 -10 -1 -12 -13 -14
right_child=1 2 -4 -5 5 6 8 -9 9 -11 11 12 13 -15
leaf_value=-0.00075940995556435004 -0.00041708795601152815 0.00046293282145845957 -0.0024277107783783119 -0.0011027729595636786 0.0010298714119605446 -0.00030561270952761253 0.0024901580453397481 0.0029722562488965006 0.0017129325117442573 -4.0528495379343126e-05 0.0014014204895787248 -4.5146739453665926e-05 -0.00060744705507753411 0.00077481418996790629
leaf_weight=452 192 165 103 115 187 184 109 114 122 164 146 5165 1186 162
leaf_count=452 192 165 103 115 187 184 109 114 122 164 146 5165 1186 162
internal_value=-4.65051e-05 0.000390638 -0.000648023 0.000625147 0.000810511 0.00107835 0.000721115 0.00176553 0.00119939 0.000707451 -0.00013595 -9.36308e-05 -0.000127145 -0.00044133
internal_weight=8566 1455 268 1187 1072 880 579 301 395 286 7111 6659 6513 1348
internal_count=8566 1455 268 1187 1072 880 579 301 395 286 7111 6659 6513 1348
is_linear=0
shrinkage=0.03


Tree=233
num_leaves=15
num_cat=0
split_feature=24 30 24 13 5 23 30 21 31 30 0 15 31 26
split_gain=0.351082 0.346628 0.664035 0.563399 0.529998 0.511703 0.406287 0.357156 0.290823 0.307405 0.254847 0.200004 0.249635 0.211096
threshold=263.3524999999924 160.02500000000003 384.59266666667077 1.0000000180025095e-35 0.10265000000000002 73.500000000000014 262.77500000000003 105.87500000000001 2.1097505018640668 259.62500000000006 7.5000000000000009 1.0000000180025095e-35 0.1799720450492425 1.0000000180025095e-35
decision_type=10 2 10 2 2 2 2 2 10 2 2 2 8 10
left_child=11 3 7 -2 8 -5 -6 10 -4 -10 -3 12 -1 -14
right_child=1 2 4 5 6 -7 -8 -9 9 -11 -12 -13 13 -15
leaf_value=-0.0014174760449677704 0.0011016898030952274 0.0028730596826506494 0.00048644772359751181 -0.0026396432491142996 0.0018604192773333406 -0.00017782141026741712 -0.00035954228977150304 0.00046103345076707033 -0.0021947650779103795 -0.00010632261523584785 0.0010866140779723561 0.0010754364142156838 -0.00031171311932071203 3.3530531808601421e-05
leaf_weight=135 176 177 127 113 187 232 123 182 143 114 121 124 2785 3727
leaf_count=135 176 177 127 113 187 232 123 182 143 114 121 124 2785 3727
internal_value=-2.16623e-05 0.000364463 0.000650257 -0.000279533 5.68896e-05 -0.000984157 0.000979596 0.00150817 -0.000688003 -0.00126837 0.00214769 -0.000118322 -0.000140592 -0.000114121
internal_weight=8466 1695 1174 521 694 345 310 480 384 257 298 6771 6647 6512
internal_count=8466 1695 1174 521 694 345 310 480 384 257 298 6771 6647 6512
is_linear=0
shrinkage=0.03


Tree=234
num_leaves=15
num_cat=3
split_feature=27 36 0 31 37 1 37 23 23 0 22 0 22 24
split_gain=0.339752 0.130037 0.195912 0.495611 0.456747 0.450782 0.224666 0.385097 0.608988 0.291678 0.637408 0.519229 0.203981 0.362152
threshold=31.328431712962963 0 13.500000000000002 1.1585652028159574 1 64.500000000000014 2 106.50000000000001 90.500000000000014 7.5000000000000009 166.55000000000004 10.500000000000002 1448.9137500000002 21.811333333332662
decision_type=2 9 2 8 9 2 9 2 2 2 2 2 2 10
left_child=1 -1 6 -4 -5 -6 7 8 9 10 -3 -11 -9 -14
right_child=-2 2 3 4 5 -7 -8 12 -10 11 -12 -13 13 -15
leaf_value=-0.0007962882595013949 -0.0017620307205012068 0.00098374177350222776 -0.001896382323462756 -0.0015010024668909835 -0.00023522940058507129 0.0021606019253254329 -1.7258338213548625e-05 0.0010899519609451733 0.0029492850660824692 0.0021056538182099094 -0.0020494724281620489 -0.00057240967273246496 -0.0019007278338963674 5.3379899871674929e-05
leaf_weight=172 100 158 167 114 186 114 6441 102 111 187 103 100 110 381
leaf_count=172 100 158 167 114 186 114 6441 102 111 187 103 100 110 381
internal_value=-2.3645e-05 -3.06263e-06 1.4372e-05 -0.000516806 3.969e-05 0.000653406 5.45069e-05 0.000420488 0.000922948 0.000512503 -0.000213274 0.00117253 -0.000130805 -0.000384404
internal_weight=8546 8446 8274 581 414 300 7693 1252 659 548 261 287 593 491
internal_count=8546 8446 8274 581 414 300 7693 1252 659 548 261 287 593 491
cat_boundaries=0 1 2 3
cat_threshold=2 805306368 270037314
is_linear=0
shrinkage=0.03


Tree=235
num_leaves=15
num_cat=3
split_feature=31 1 24 37 37 6 32 0 38 23 23 36 21 31
split_gain=0.241409 0.210541 0.729799 0.706973 0.657929 0.463882 0.42196 0.38165 0.511693 0.405297 0.767616 0.597557 0.384533 0.370247
threshold=0.1106014271151886 29.500000000000004 3.2871666666666903 0 1 1.0000000180025095e-35 7.5000000000000009 6.5000000000000009 1.2876955713792066 149.50000000000003 126.50000000000001 2 10.500000000000002 2.9565137600038303
decision_type=8 2 8 9 9 2 2 2 2 2 2 9 2 8
left_child=-1 4 5 -4 6 -3 -2 8 -5 10 12 -12 -9 -11
right_child=1 2 3 7 -6 -7 -8 9 -10 13 11 -13 -14 -15
leaf_value=0.0013333216087546113 0.0031685240555641659 -0.0032820993836157686 0.0020948219031561165 0.00059801305372127178 8.3977917814185031e-05 -0.00052819867733835187 0.00070469542214451181 -0.0010681836301735235 -0.00079819535379186063 -0.001435640357063865 1.9885597915466254e-05 0.0026975921010086554 0.00019844230874620136 8.0923055251170485e-05
leaf_weight=129 104 101 128 301 3208 121 157 241 1098 269 134 181 2056 314
leaf_count=129 104 101 128 301 3208 121 157 241 1098 269 134 181 2056 314
internal_value=4.5371e-05 2.56223e-05 -0.00010009 -2.10588e-05 0.000204787 -0.0017811 0.00162422 -8.43886e-05 -0.000497796 9.63666e-05 0.000255999 0.00164477 6.55486e-05 -0.000618829
internal_weight=8542 8413 4944 4722 3469 222 261 4594 1399 3195 2612 315 2297 583
internal_count=8542 8413 4944 4722 3469 222 261 4594 1399 3195 2612 315 2297 583
cat_boundaries=0 1 2 3
cat_threshold=136327168 35667989 17
is_linear=0
shrinkage=0.03


Tree=236
num_leaves=15
num_cat=1
split_feature=24 30 31 30 30 36 30 24 16 26 31 38 17 10
split_gain=0.313118 0.39946 0.391278 0.314909 0.277385 0.500562 0.538196 0.456099 0.686369 0.306127 0.346301 0.363166 0.243296 0.417164
threshold=7.486666666665756 72.500000000000014 0.91867732558139548 28.165000000000003 50.500000000000007 0 45.050000000000004 186.69383333333363 1.0000000180025095e-35 0.02355875831485588 1.5201026298909559 1.5815739878841957 1.0000000180025095e-35 1.0000000180025095e-35
decision_type=8 2 10 2 2 9 2 10 2 10 10 2 2 2
left_child=1 2 -1 -4 5 7 9 8 -2 -7 11 -11 -6 -14
right_child=4 -3 3 -5 12 6 -8 -9 -10 10 -12 -13 13 -15
leaf_value=-0.0026619896264746786 0.001302094375597463 0.00038480146438814696 -0.0015732931123006734 0.00049496875400273279 -0.00021430353275989498 0.00017890866187760532 0.0019108276233927083 0.0025324550893173776 -0.0015285688070266936 -0.00062269342709441843 0.00053365147439762947 -0.0027908626369026021 -0.00088153248437360587 0.00040723718925556339
leaf_weight=125 298 195 145 122 4531 618 116 145 104 192 114 109 268 1444
leaf_count=125 298 195 145 122 4531 618 116 145 104 192 114 109 268 1444
internal_value=-5.61937e-05 -0.000724793 -0.00127676 -0.000628245 -6.75827e-06 0.000333464 -2.64912e-05 0.00107048 0.000569784 -0.000244298 -0.000874518 -0.00140784 -9.91846e-05 0.000205491
internal_weight=8526 587 392 267 7939 1696 1149 547 402 1033 415 301 6243 1712
internal_count=8526 587 392 267 7939 1696 1149 547 402 1033 415 301 6243 1712
cat_boundaries=0 1
cat_threshold=35
is_linear=0
shrinkage=0.03


Tree=237
num_leaves=15
num_cat=3
split_feature=37 25 32 38 38 30 36 24 38 24 35 25 30 27
split_gain=0.181959 0.439115 0.485248 0.287602 0.581769 0.489986 0.513089 0.40742 0.361934 0.306665 0.374127 0.533518 0.413341 0.293173
threshold=0 0.62481481481481493 10.500000000000002 1.303379534429655 1.420892323269902 29.165000000000003 1 43.289833333334251 1.2518101873500747 195.64700000000801 2 0.5594117647058825 105.50000000000001 11.416377314814817
decision_type=9 8 2 2 2 2 9 8 2 10 1 10 2 2
left_child=1 -1 -3 8 7 -6 9 -5 -2 10 11 12 -7 -8
right_child=3 2 -4 4 5 6 13 -9 -10 -11 -12 -13 -14 -15
leaf_value=0.00011655710045028649 2.2038553943275474e-05 0.0025328923513644776 1.7931913664406307e-05 0.00044024932755846059 -0.0014559666287355328 0.0031012686917463064 0.00065076372494884559 -0.0015291286889876812 0.0013695420695258279 -0.00070244051671276484 -0.00036392571329894771 0.00013638026942864687 0.00085046601783514712 -0.00087557835181600429
leaf_weight=5023 992 146 131 119 185 176 153 460 219 117 149 191 126 436
leaf_count=5023 992 146 131 119 185 176 153 460 219 117 149 191 126 436
internal_value=7.14185e-05 0.000180342 0.00134351 -0.000102543 -0.000314189 -8.19193e-06 0.000190501 -0.00112437 0.000265724 0.000700885 0.000967549 0.00134996 0.00216219 -0.000471094
internal_weight=8623 5300 277 3323 2112 1533 1348 579 1211 759 642 493 302 589
internal_count=8623 5300 277 3323 2112 1533 1348 579 1211 759 642 493 302 589
cat_boundaries=0 1 2 3
cat_threshold=447753630 16 26
is_linear=0
shrinkage=0.03


Tree=238
num_leaves=15
num_cat=3
split_feature=30 30 31 35 30 30 30 14 37 24 35 1 23 1
split_gain=0.292782 0.46979 0.790623 0.388273 0.354729 0.561286 0.490062 0.665024 0.569921 0.512538 0.306625 0.260101 0.424539 0.747812
threshold=225.05000000000004 213.07500000000002 2.3685450375054251 0 194.10000000000002 199.10000000000002 170.12500000000003 2.5000000000000004 1 234.50883333332607 2 140.50000000000003 114.50000000000001 71.500000000000014
decision_type=2 2 10 1 2 2 2 2 9 10 1 2 2 2
left_child=1 4 -3 -2 6 -6 -1 8 -8 -10 -7 12 -5 -14
right_child=3 2 -4 11 5 10 7 -9 9 -11 -12 -13 13 -15
leaf_value=1.1797830871768111e-05 0.0010550647632481724 0.0033798171704470673 -0.00030320039432909753 -0.0012934677401362398 -0.0025934872903010764 -0.0013250986284297789 0.0032232292580738429 -0.00071182486231590293 -0.0003710167255836079 0.0020122532096721909 0.00067057765196435728 0.00095181692268566363 0.0001860491961694069 -0.0019316467826044367
leaf_weight=5629 153 102 108 510 115 102 118 166 166 159 172 105 777 186
leaf_count=5629 153 102 108 510 115 102 118 166 166 159 172 105 777 186
internal_value=4.76232e-07 8.87171e-05 0.00148569 -0.000348052 4.44489e-05 -0.000834491 9.92594e-05 0.000907668 0.00151452 0.000771222 -9.6226e-05 -0.000487691 -0.000593615 -0.000222976
internal_weight=8568 6837 210 1731 6627 389 6238 609 443 325 274 1578 1473 963
internal_count=8568 6837 210 1731 6627 389 6238 609 443 325 274 1578 1473 963
cat_boundaries=0 1 2 3
cat_threshold=6 2483027968 3
is_linear=0
shrinkage=0.03


Tree=239
num_leaves=15
num_cat=1
split_feature=37 31 38 1 24 31 28 31 38 38 31 31 1 31
split_gain=0.310184 0.408137 0.674634 0.805012 0.548887 0.385953 0.383267 0.466161 0.443464 0.492152 0.375204 0.35285 0.334455 0.288664
threshold=0 1.2585729879880547 1.647130365489506 28.500000000000004 7.486666666665756 0.1106014271151886 11.555526620370372 1.4192386392701852 1.3424252429182242 1.1794190605601751 2.0058608930058344 2.0784133602125912 51.500000000000007 0.83747257569109268
decision_type=9 8 2 2 10 8 2 8 2 2 8 8 2 10
left_child=1 4 6 -4 -1 -2 7 -3 9 11 -5 -9 13 -6
right_child=5 2 3 10 12 -7 -8 8 -10 -11 -12 -13 -14 -15
leaf_value=-0.0028208231356141992 0.0019829213504430534 0.0012454269753526086 0.0030520665476567984 0.0012832731203525328 0.0011967179164743616 0.00011386022033687874 0.0011337639483194933 -0.0021719621023774597 -0.0015096310749337118 0.00082739955357919435 -0.0012775041727239595 -5.7486381348488591e-06 -0.0015677242091624065 -0.00069568000249809728
leaf_weight=114 101 115 127 104 126 6408 137 131 413 233 102 140 168 171
leaf_count=114 101 115 127 104 126 6408 137 131 413 233 102 140 168 171
internal_value=4.07517e-05 -0.0002773 -1.77818e-05 0.00117348 -0.000955313 0.000142643 -0.000357122 -0.00055504 -0.000780835 -0.000183626 1.53154e-05 -0.00105289 -0.000497962 0.000107155
internal_weight=8590 2081 1502 333 579 6509 1169 1032 917 504 206 271 465 297
internal_count=8590 2081 1502 333 579 6509 1169 1032 917 504 206 271 465 297
cat_boundaries=0 1
cat_threshold=6919035
is_linear=0
shrinkage=0.03


Tree=240
num_leaves=15
num_cat=1
split_feature=25 37 32 30 38 6 30 30 38 23 30 32 24 13
split_gain=0.218034 0.232857 0.479423 0.588602 0.469705 0.483394 0.436539 0.632448 0.453809 0.517316 0.869223 0.51706 0.54336 0.439484
threshold=0.090000000000000011 0 29.500000000000004 324.57500000000005 1.1462853640828121 1.0000000180025095e-35 52.500000000000007 37.250000000000007 1.7343637397285698 66.500000000000014 180.25000000000003 17.500000000000004 53.943333333333584 0.50000000000000011
decision_type=8 9 2 2 2 2 2 2 2 2 2 2 10 2
left_child=-1 2 3 4 -2 6 7 -6 9 -8 -11 12 -10 -12
right_child=1 -3 -4 -5 5 -7 8 -9 11 10 13 -13 -14 -15
leaf_value=-0.001098235240023184 -0.0006580404308340667 -5.8352989181236264e-05 -0.0009839039139728637 0.0024469337966855102 0.00085975104595827697 -5.8292843428437691e-05 -0.00054872936667434526 0.0034836334170855426 0.00066471915440471799 0.0025690483673006517 4.0153393772170432e-06 0.0014972050852375106 -0.0015518139487480378 0.0019173105149690448
leaf_weight=140 428 4319 262 116 324 1277 199 111 158 266 424 120 269 145
leaf_count=140 428 4319 262 116 324 1277 199 111 158 266 424 120 269 145
internal_value=7.59517e-05 9.54796e-05 0.000257084 0.000342492 0.000276887 0.000398402 0.000687687 0.00152929 0.000456126 0.000825805 0.00115339 -0.000242683 -0.000731645 0.000491586
internal_weight=8558 8418 4099 3837 3721 3293 2016 435 1581 1034 835 547 427 569
internal_count=8558 8418 4099 3837 3721 3293 2016 435 1581 1034 835 547 427 569
cat_boundaries=0 1
cat_threshold=45920008
is_linear=0
shrinkage=0.03


Tree=241
num_leaves=15
num_cat=1
split_feature=30 38 30 37 25 25 32 31 21 23 31 31 21 23
split_gain=0.210649 0.342215 0.227747 0.249257 0.349052 0.417517 0.51656 0.324347 0.337322 0.315127 0.302757 0.284536 0.249799 0.237935
threshold=368.50000000000006 2.2415648685001899 330.27500000000003 0 0.21937500000000001 0.24695121951219515 3.5000000000000004 1.1912860821249494 81.791666666666686 14.500000000000002 0.40720431576072119 0.82038299253489144 177.50000000000003 194.50000000000003
decision_type=2 2 2 9 8 10 2 10 2 2 8 8 2 2
left_child=1 2 3 12 7 6 -6 8 11 -7 -11 -5 -1 -12
right_child=-2 -3 -4 4 5 9 -8 -9 -10 10 13 -13 -14 -15
leaf_value=0.0002817563759361915 -0.0012265869734764149 0.0012279545108716682 0.001263319606659934 -0.0011563832417257056 -0.00016466261519448513 -0.0014118244055142492 0.0023619297341592894 -8.755477262411659e-05 -0.0003787189335707808 0.0011061723401812327 -0.00015665618564534453 -0.0033862881575150469 -0.0009827835068070129 -0.0011907692819039457
leaf_weight=1734 146 177 108 103 164 187 131 256 144 165 4781 103 153 209
leaf_count=1734 146 177 108 103 164 187 131 256 144 165 4781 103 153 209
internal_value=-9.68192e-05 -7.72177e-05 -0.00010526 -0.000123441 -0.000214581 -0.000141375 0.000957316 -0.000899084 -0.00149266 -0.000202047 -0.000158162 -0.00227134 0.000178281 -0.000199969
internal_weight=8561 8415 8238 8130 6243 5637 295 606 350 5342 5155 206 1887 4990
internal_count=8561 8415 8238 8130 6243 5637 295 606 350 5342 5155 206 1887 4990
cat_boundaries=0 1
cat_threshold=2399690820
is_linear=0
shrinkage=0.03


Tree=242
num_leaves=15
num_cat=1
split_feature=25 25 23 23 24 32 24 25 24 24 28 25 37 38
split_gain=0.271872 0.411797 0.629778 0.307096 0.339573 0.311422 0.255964 0.383293 0.587714 0.369221 0.441469 0.386451 0.320008 0.470792
threshold=0.62481481481481493 0.54027027027027041 19.500000000000004 164.50000000000003 69.557166666666276 17.500000000000004 179.81983333332701 0.49489795918367352 105.43750000000176 191.71016666666679 1.735422453703704 0.49489795918367352 0 1.8407892839645139
decision_type=8 10 2 2 10 2 10 10 10 10 2 10 9 2
left_child=1 6 -3 4 -4 -6 7 12 -9 10 -8 -11 -1 -14
right_child=-2 2 3 -5 5 -7 9 8 -10 11 -12 -13 13 -15
leaf_value=0.00020605681064402365 0.00050150320575813854 -0.0026894441092418144 0.00028734780144589513 0.00072072314498694361 -0.00011389987323048483 -0.0019225437624687902 -9.9207007517226236e-05 0.00031016094277178813 0.0024674385294943643 0.00019830340806426303 -0.0027403050838541742 -0.0007176592181732536 -0.00069430255381681082 0.00094631749077961997
leaf_weight=3065 906 119 206 185 138 226 117 442 153 1247 111 621 874 192
leaf_count=3065 906 119 206 185 138 226 117 442 153 1247 111 621 874 192
internal_value=9.94836e-06 -4.79192e-05 -0.000661018 -0.000341305 -0.000685999 -0.00123685 3.06279e-05 0.000153006 0.000864889 -0.000245307 -0.001385 -0.0001062 5.04714e-05 -0.0003951
internal_weight=8602 7696 874 755 570 364 6822 4726 595 2096 228 1868 4131 1066
internal_count=8602 7696 874 755 570 364 6822 4726 595 2096 228 1868 4131 1066
cat_boundaries=0 1
cat_threshold=2594220076
is_linear=0
shrinkage=0.03


Tree=243
num_leaves=15
num_cat=4
split_feature=37 24 22 37 23 33 34 33 31 24 14 37 37 32
split_gain=0.189378 0.304378 0.227379 0.316009 0.366403 1.32584 0.535792 0.416011 0.448181 0.305447 0.398882 0.8057 0.677538 0.335085
threshold=0 13.420333333333257 305.90000000000003 1 18.500000000000004 1.0000000180025095e-35 1.0000000180025095e-35 1.0000000180025095e-35 3.6569070953420728 246.96533333333753 2.5000000000000004 2 3 14.500000000000002
decision_type=9 10 2 9 2 2 2 2 10 10 2 9 9 2
left_child=1 -1 9 -4 5 6 -5 -6 -9 10 12 -12 13 -2
right_child=2 -3 3 4 7 -7 -8 8 -10 -11 11 -13 -14 -15
leaf_value=-0.0015210625559743752 0.0028871776284102131 -0.00019723400701701651 -0.0016562610537417836 0.0033609710886246627 -0.0002361849844028552 -0.0019386170817805187 0.00058087213888186311 0.00018923735676468453 0.0020187370659297578 -0.0012037448056112481 8.1952283243365114e-05 0.0026974698496757053 -0.0003240813378152656 0.0004728894729133961
leaf_weight=181 102 1146 101 135 4246 105 116 951 138 106 256 178 719 105
leaf_count=181 102 1146 101 135 4246 105 116 951 138 106 256 178 719 105
internal_value=-4.69079e-05 -0.000374976 1.35716e-05 -7.08872e-05 -3.97708e-05 0.000892015 0.00207614 -0.000102023 0.000421075 0.000347351 0.000468245 0.00121872 0.000116512 0.00158592
internal_weight=8585 1327 7258 5792 5691 356 251 5335 1089 1466 1360 434 926 207
internal_count=8585 1327 7258 5792 5691 356 251 5335 1089 1466 1360 434 926 207
cat_boundaries=0 1 2 3 4
cat_threshold=755078541 1572898 3259252736 1346372096
is_linear=0
shrinkage=0.03


Tree=244
num_leaves=15
num_cat=0
split_feature=23 23 38 33 38 22 23 22 6 23 30 30 30 30
split_gain=0.233398 0.398246 0.353279 0.383832 0.341437 0.424028 0.310239 0.420631 0.600189 0.296051 0.21985 1.58079 0.557274 0.317702
threshold=149.50000000000003 144.50000000000003 1.6769124226956926 1.0000000180025095e-35 1.8547242119413039 3281.2585000000004 194.50000000000003 1774.8968750000001 1.0000000180025095e-35 174.00000000000003 212.12500000000003 223.82500000000002 194.10000000000002 238.65000000000001
decision_type=2 2 2 2 2 2 2 2 2 2 2 2 2 2
left_child=1 10 3 6 9 -6 7 8 -2 -4 12 -12 -1 -13
right_child=2 -3 4 -5 5 -7 -8 -9 -10 -11 11 13 -14 -15
leaf_value=-2.2782648209046987e-06 -0.00026903811680134749 0.0014592082295085077 -0.0028506544323117417 0.0016055610760391185 -0.0016431526766650171 0.00090930013519937344 -0.0014256315785287706 -0.00085944129749213765 0.0026932065883307778 -0.00067440231883953707 0.003445882441548964 -0.00094319231665998809 -0.0013112281557868769 0.00026555830792489163
leaf_weight=5559 153 174 127 113 108 128 162 223 103 101 134 250 309 901
leaf_count=5559 153 174 127 113 108 128 162 223 103 101 134 250 309 901
internal_value=-2.28056e-05 4.112e-05 -0.000407356 -6.55421e-06 -0.00105866 -0.000258771 -0.000290749 9.30731e-05 0.000922803 -0.00188661 6.62433e-06 0.000362038 -7.12056e-05 3.01473e-06
internal_weight=8545 7327 1218 754 464 236 641 479 256 228 7153 1285 5868 1151
internal_count=8545 7327 1218 754 464 236 641 479 256 228 7153 1285 5868 1151
is_linear=0
shrinkage=0.03


Tree=245
num_leaves=15
num_cat=2
split_feature=25 31 36 30 38 27 24 30 37 30 28 28 31 28
split_gain=0.298962 0.535597 0.435939 0.324305 0.380463 0.296196 0.287222 0.279527 0.231105 0.51356 0.344252 0.80139 0.638452 0.412919
threshold=0.62481481481481493 5.6826250000000007 0 11.250000000000002 1.5121251673860743 13.999484953703705 500.30483333333518 15.250000000000002 1 29.165000000000003 3.0785185185185191 8.6200173611111133 2.1893384847854218 1.8669155092592595
decision_type=8 8 9 2 2 2 8 2 9 2 2 2 10 2
left_child=3 2 -2 4 -1 6 -3 -5 10 -10 13 12 -12 -9
right_child=1 5 -4 7 -6 -7 -8 8 9 -11 11 -13 -14 -15
leaf_value=-0.00029496162332672595 0.00058863756946305769 -0.00076331757834996092 0.0026549843537539536 0.0012988058579903156 -0.0023648572863666745 -0.0012284198052205692 0.0014095512776797221 7.7981128888564234e-05 -0.0018285275773542355 -0.00011435568838814718 0.0029147319627696581 -0.00027666447776837329 0.00044200136080837328 -0.0017759245750895733
leaf_weight=262 358 100 124 141 115 174 121 1593 163 4497 191 364 185 116
leaf_count=262 358 100 124 141 115 174 121 1593 163 4497 191 364 185 116
internal_value=-8.17899e-06 0.00051638 0.00118752 -6.84961e-05 -0.000926362 -0.000302585 0.000426353 -2.3887e-05 -5.01213e-05 -0.000173942 0.000185439 0.000726727 0.0016981 -4.78545e-05
internal_weight=8504 877 482 7627 377 395 221 7250 7109 4660 2449 740 376 1709
internal_count=8504 877 482 7627 377 395 221 7250 7109 4660 2449 740 376 1709
cat_boundaries=0 1 2
cat_threshold=22 446726446
is_linear=0
shrinkage=0.03


Tree=246
num_leaves=15
num_cat=1
split_feature=28 37 32 28 38 7 32 31 31 38 30 0 0 22
split_gain=0.19955 0.464808 0.505392 0.459376 0.324479 0.340157 0.33287 0.370079 0.517234 0.451157 0.424235 0.404594 0.276775 0.281001
threshold=6.8865509259259268 0 31.500000000000004 7.1956597222222234 1.8768713636943566 1.5000000000000002 2.5000000000000004 1.7743207489569555 2.2745139927365949 1.6355853803496998 298.60000000000008 7.5000000000000009 6.5000000000000009 3841.1500000000005
decision_type=2 9 2 2 2 2 2 8 8 2 2 2 2 2
left_child=-1 -2 3 -3 5 6 -5 12 11 10 -10 -9 -8 -14
right_child=1 2 -4 4 -6 -7 7 8 9 -11 -12 -13 13 -15
leaf_value=-0.00010534813978686059 -0.0015254299695102067 0.0022895837905755464 -0.0015041315730104543 0.0020836393991273574 -0.0011420926343028745 -0.00080118928169439297 0.00071327660768611789 0.00073233692744917637 -0.00034872144013668992 0.0018780903327644182 0.0017776047843508422 0.0028617993028441846 -0.0017402495251400407 0.00028081094881949513
leaf_weight=6320 120 114 128 121 126 181 146 169 543 137 100 153 153 104
leaf_count=6320 120 114 128 121 126 181 146 169 543 137 100 153 153 104
internal_value=-1.83416e-05 0.000221258 0.000323155 0.000438995 0.000329855 0.000432492 0.000569821 0.000448112 0.000732598 0.000315004 -1.80331e-05 0.00174416 -0.000329815 -0.000922388
internal_weight=8615 2295 2175 2047 1933 1807 1626 1505 1102 780 643 322 403 257
internal_count=8615 2295 2175 2047 1933 1807 1626 1505 1102 780 643 322 403 257
cat_boundaries=0 1
cat_threshold=67141762
is_linear=0
shrinkage=0.03


Tree=247
num_leaves=15
num_cat=0
split_feature=38 23 23 30 30 23 23 22 30 0 30 30 23 32
split_gain=0.279576 1.34698 0.394952 0.398437 0.493889 0.385352 0.782206 0.769341 0.440186 0.347702 0.439176 0.992029 0.771896 0.729554
threshold=1.8814286396623332 29.500000000000004 15.500000000000002 59.050000000000004 34.250000000000007 80.500000000000014 45.500000000000007 1304.9540000000002 94.500000000000014 11.500000000000002 103.50000000000001 97.500000000000014 114.50000000000001 6.5000000000000009
decision_type=2 2 2 2 2 2 2 2 2 2 2 2 2 2
left_child=2 -2 3 4 -1 6 -3 -7 -8 10 11 -4 13 -12
right_child=1 5 9 -5 -6 7 8 -9 -10 -11 12 -13 -14 -15
leaf_value=-0.00039498484496003648 0.0028283631532297778 -0.0014145968053900799 0.00030140817783371989 -0.00017358664471036708 -0.0028329285591165206 -0.0020205743485430796 0.00075244674922942062 0.00018011165711038645 0.0032370794073927518 -0.00052069696846860768 -0.0021492423043340428 0.0033323501432588431 0.00042987767538633849 -0.00028982657413428983
leaf_weight=158 180 102 2060 515 142 186 176 618 101 912 214 102 1396 1687
leaf_count=158 180 102 2060 515 142 186 176 618 101 912 214 102 1396 1687
internal_value=1.66982e-05 0.000410619 -5.80186e-05 -0.000679853 -0.00154894 4.27464e-05 0.000831364 -0.000329002 0.0016584 2.15286e-05 0.000112115 0.000444404 -0.000105783 -0.000499145
internal_weight=8549 1363 7186 815 300 1183 379 804 277 6371 5459 2162 3297 1901
internal_count=8549 1363 7186 815 300 1183 379 804 277 6371 5459 2162 3297 1901
is_linear=0
shrinkage=0.03


Tree=248
num_leaves=15
num_cat=2
split_feature=37 23 5 23 1 1 30 23 35 5 1 1 1 21
split_gain=0.323843 0.280593 0.309244 0.264527 0.223374 0.468821 0.278981 0.317819 0.292037 0.248901 0.244521 0.436508 0.205886 0.671031
threshold=0 17.500000000000004 0.10265000000000002 22.500000000000004 5.5000000000000009 12.500000000000002 30.165000000000003 95.500000000000014 1 0.30385000000000001 45.500000000000007 35.500000000000007 2.5000000000000004 119.50000000000001
decision_type=9 2 2 2 2 2 2 2 1 2 2 2 2 2
left_child=1 2 -1 -3 -5 -6 8 9 -7 10 11 -8 13 -2
right_child=12 3 -4 4 5 6 7 -9 -10 -11 -12 -13 -14 -15
leaf_value=-0.0019946019352241619 0.0011066890680613251 0.0012087401187767615 -9.5856843071576565e-05 -0.0011922319266245644 0.0016102638524495253 -0.0022133907575167897 -0.00021679721369145244 -0.0012906228147919166 -0.00050780062061513153 0.00076602517247401406 -0.00060700311787867118 0.0019469255837251277 -2.9142020703061091e-05 -0.0010401516513217385
leaf_weight=184 489 107 133 236 119 112 326 182 436 326 556 113 5031 179
leaf_count=184 489 107 133 236 119 112 326 182 436 326 556 113 5031 179
internal_value=-9.39904e-05 -0.000355639 -0.00119797 -0.000250799 -0.000315708 -0.000220381 -0.000326596 -0.000115327 -0.000906045 4.65989e-05 -0.000189113 0.000340152 3.64986e-05 0.000531413
internal_weight=8529 2830 317 2513 2406 2170 2051 1503 548 1321 995 439 5699 668
internal_count=8529 2830 317 2513 2406 2170 2051 1503 548 1321 995 439 5699 668
cat_boundaries=0 1 2
cat_threshold=576836271 20
is_linear=0
shrinkage=0.03


Tree=249
num_leaves=15
num_cat=4
split_feature=32 37 31 27 32 30 35 31 27 0 35 30 22 35
split_gain=0.180468 0.806277 0.488825 0.577862 0.46398 0.422167 0.412626 0.401484 0.289736 0.243616 0.234328 0.570483 0.315486 0.381587
threshold=2.5000000000000004 0 1.1800279787006078 12.999450231481484 1.5000000000000002 10.125000000000002 1 0.40720431576072119 13.999623842592593 8.5000000000000018 2 94.500000000000014 6444.0500000000002 3
decision_type=2 9 10 2 2 2 1 8 2 2 1 2 2 1
left_child=1 -1 6 -4 9 -2 8 -8 -3 -5 11 -7 -12 -14
right_child=5 2 3 4 -6 10 7 -9 -10 -11 12 -13 13 -15
leaf_value=0.0026258270058124402 -0.0020015060484851943 0.00087209792532534755 -0.00083135806058615364 0.0011523284682242029 0.002199371289597218 -0.0017383777509120673 1.5671758720760836e-05 -0.002387028909148217 -0.00083027202120239407 -0.00055916497618959283 7.2451297896435684e-05 0.00081940984214106413 0.00099492625794552554 -0.00077468131985169531
leaf_weight=112 101 209 182 165 215 220 102 162 158 137 5799 122 120 771
leaf_count=112 101 209 182 165 215 220 102 162 158 137 5799 122 120 771
internal_value=-1.38479e-05 0.000292249 7.54266e-05 0.000622441 0.00113422 -7.5728e-05 -0.000529342 -0.00140548 0.000135505 0.000375923 -4.80682e-05 -0.000802486 -8.28964e-06 -0.000533878
internal_weight=8575 1442 1330 699 517 7133 631 264 367 302 7032 342 6690 891
internal_count=8575 1442 1330 699 517 7133 631 264 367 302 7032 342 6690 891
cat_boundaries=0 1 2 3 4
cat_threshold=2164262148 5 4 2
is_linear=0
shrinkage=0.03


Tree=250
num_leaves=15
num_cat=5
split_feature=0 1 37 31 35 35 37 30 31 36 28 25 1 27
split_gain=0.306119 0.45581 0.345051 0.441869 0.758505 0.545199 0.554468 0.729685 0.706438 0.509844 0.416416 0.36976 0.296853 0.231278
threshold=3.5000000000000004 35.500000000000007 0 0.91867732558139548 1 2 3 40.250000000000007 1.8322390932420876 4 1.5228009259259261 0.59003601440576248 9.5000000000000018 30.998784722222226
decision_type=2 2 9 8 1 1 9 2 8 9 2 10 2 2
left_child=1 12 13 4 -4 -5 7 -7 -9 -8 11 -11 -1 -2
right_child=2 -3 3 5 -6 6 9 8 -10 10 -12 -13 -14 -15
leaf_value=-0.00050086816468213058 -0.00014030255902377554 0.00058583911573643693 0.00088848973360826388 -0.00060689449221343849 -0.0020229150798983181 0.0040875561209856581 -0.00098967286881080328 0.002970419770605596 -0.00022927301724465858 0.0020095950360989479 -0.00072134365377998029 4.1117195069091393e-05 -0.0024476340589113534 0.0010215525455806768
leaf_weight=133 6404 135 149 255 157 101 168 105 152 261 111 128 150 158
leaf_count=133 6404 135 149 255 157 101 168 105 152 261 111 128 150 158
internal_value=-5.66971e-05 -0.000848498 -1.6082e-05 0.000379487 -0.000642343 0.000626539 0.000929946 0.00187469 0.00107799 0.000403446 0.000881761 0.00136187 -0.00153272 -0.000112156
internal_weight=8567 418 8149 1587 306 1281 1026 358 257 668 500 389 283 6562
internal_count=8567 418 8149 1587 306 1281 1026 358 257 668 500 389 283 6562
cat_boundaries=0 1 2 3 4 5
cat_threshold=3016518168 5 4 136347652 5
is_linear=0
shrinkage=0.03


Tree=251
num_leaves=15
num_cat=2
split_feature=31 36 31 26 27 35 31 28 6 28 22 22 26 1
split_gain=0.194544 0.453591 0.64059 0.79873 0.358013 0.203181 0.526498 0.632095 0.367751 0.66247 0.4499 0.363095 0.33487 0.358485
threshold=5.1020956475013444 0 6.3930205949656758 0.04083333333333334 28.280746527777783 1 4.1197106291250618 1.2354513888888892 2.5000000000000004 2.1521759259259263 1914.0000000000002 9756.2500000000018 0.082553191489361716 1.0000000180025095e-35
decision_type=10 9 10 8 2 1 8 2 2 2 2 2 8 2
left_child=5 2 -2 -4 -3 6 8 -8 11 10 -10 12 13 -1
right_child=1 4 3 -5 -6 -7 7 -9 9 -11 -12 -13 -14 -15
leaf_value=0.00062117228450326147 -0.0013597483619156737 -0.0023835845140352742 0.0030140126360531307 -0.0004997581142556517 -0.00025887233973310813 -9.0456330256014677e-05 0.0032888141427085634 0.00012524404334544669 0.00089772799971979107 -0.00058965833210812644 0.0035323660181835292 0.0014087530120673892 0.0015145248354423615 -0.00018147235398986361
leaf_weight=597 138 149 114 119 137 3293 108 120 140 142 100 172 127 3108
leaf_count=597 138 149 114 119 137 3293 108 120 140 142 100 172 127 3108
internal_value=4.8338e-05 -0.0004477 0.000253231 0.00121943 -0.00131966 8.95542e-05 0.000217751 0.00162378 0.000145158 0.00103452 0.00199549 6.03082e-05 -2.17006e-07 -5.21393e-05
internal_weight=8564 657 371 233 286 7907 4614 228 4386 382 240 4004 3832 3705
internal_count=8564 657 371 233 286 7907 4614 228 4386 382 240 4004 3832 3705
cat_boundaries=0 1 2
cat_threshold=17 14
is_linear=0
shrinkage=0.03


Tree=252
num_leaves=15
num_cat=3
split_feature=22 37 1 1 23 31 0 36 31 1 25 35 1 13
split_gain=0.351623 0.253521 0.403855 0.684333 0.627148 0.273812 0.266653 0.33973 0.206316 0.205772 0.371473 0.255911 0.187919 0.203652
threshold=11720.000000000002 0 20.500000000000004 9.5000000000000018 54.500000000000007 1.5004810776138553 10.500000000000002 1 0.19843228538575877 25.500000000000004 0.3418750000000001 2 47.500000000000007 1.0000000180025095e-35
decision_type=2 9 2 2 2 10 2 9 10 2 10 1 2 2
left_child=1 8 3 5 -5 -3 9 -8 -1 -4 11 -11 -12 -14
right_child=-2 2 6 4 -6 -7 7 -9 -10 10 12 -13 13 -15
leaf_value=0.0013564544864493654 -0.0013420009169791195 -0.0015162472361179035 -0.0020791162357336897 0.0034170366863021627 0.00043572864824392157 0.00027298033870593231 0.00076560749521397136 -0.00086939539016282937 0.0001398769421346454 0.00044806167617435661 -0.00034685972037908362 -0.001140814303759096 -0.002703962863769191 -0.0010240981511274122
leaf_weight=128 161 140 102 100 174 171 263 187 6315 296 122 120 117 146
leaf_count=128 161 140 102 100 174 171 263 187 6315 296 122 120 117 146
internal_value=4.67203e-05 7.33978e-05 -0.000226798 0.000430642 0.0015238 -0.00053246 -0.000512733 8.38666e-05 0.000163792 -0.000810042 -0.000648437 -2.69206e-05 -0.00132 -0.00177141
internal_weight=8542 8381 1938 585 274 311 1353 450 6443 903 801 416 385 263
internal_count=8542 8381 1938 585 274 311 1353 450 6443 903 801 416 385 263
cat_boundaries=0 1 2 3
cat_threshold=2658446372 50 11
is_linear=0
shrinkage=0.03


Tree=253
num_leaves=15
num_cat=2
split_feature=28 30 1 28 30 30 13 38 37 31 38 36 28 21
split_gain=0.269762 0.25966 0.417836 0.333484 0.360018 0.439849 0.392371 0.415555 0.276608 0.268073 0.376828 0.278837 0.270673 0.243059
threshold=21.930173611111112 296.02500000000003 18.500000000000004 16.50072916666667 260.75000000000006 252.12500000000003 0.50000000000000011 1.5427994820321322 0 0.98907071189679896 1.9013833091226673 1 1.177337962962963 193.00000000000003
decision_type=2 2 2 2 2 2 2 2 9 8 2 9 2 2
left_child=1 3 -3 4 5 8 7 -6 9 -1 11 -11 -13 -10
right_child=-2 2 -4 -5 6 -7 -8 -9 13 10 -12 12 -14 -15
leaf_value=-0.0014861156674518729 0.00090571047685165419 0.00093256599220912909 -0.0012858061385028392 -0.0011063322754666803 0.00039183388656118489 -0.0017036719606531893 -0.00064189701547314013 0.002692174566042929 7.0092801388218798e-05 -0.0017541575334148434 0.0015055476095859365 0.00017696519983119441 -0.0012442494276911019 0.0014869177910637713
leaf_weight=181 281 100 324 238 146 136 105 137 5969 113 101 472 162 111
leaf_count=181 281 100 324 238 146 136 105 137 5969 113 101 472 162 111
internal_value=-8.45464e-06 -3.94227e-05 -0.000762605 -4.6589e-07 3.40155e-05 -1.36641e-05 0.000924321 0.00150543 1.86669e-05 -0.00043381 -0.000214318 -0.000446857 -0.000183293 9.58016e-05
internal_weight=8576 8295 424 7871 7633 7245 388 283 7109 1029 848 747 634 6080
internal_count=8576 8295 424 7871 7633 7245 388 283 7109 1029 848 747 634 6080
cat_boundaries=0 1 2
cat_threshold=1143033897 5
is_linear=0
shrinkage=0.03


Tree=254
num_leaves=15
num_cat=5
split_feature=38 37 24 38 37 5 27 30 37 36 1 35 23 38
split_gain=0.197006 0.761589 0.735399 0.735074 0.348968 0.733723 0.312872 0.514989 0.552005 0.50576 0.501686 0.359794 0.43907 0.431993
threshold=1.6496706967483874 0 3.7850000000000006 1.8063954294013549 1 0.18465000000000001 11.37492476851852 160.02500000000003 2 3 14.500000000000002 4 76.500000000000014 1.9781142632579547
decision_type=2 9 8 2 9 2 2 2 9 9 2 1 2 2
left_child=2 3 -1 -2 5 -4 9 11 -9 -3 -10 -8 -13 -14
right_child=1 6 4 -5 -6 -7 7 8 10 -11 -12 12 13 -15
leaf_value=-0.0022304837112767191 9.0067533591146843e-05 0.0018814421396902096 0.00028687670390654507 0.0032898381272596969 5.412634507951574e-05 0.0030626862933435901 -0.00050732392252699117 0.0018434770170376816 0.0012569964232710029 -0.00064099382947195962 -0.00051489008516643364 -0.0024854660583289129 0.00073161606856305664 -0.0019779235763657268
leaf_weight=121 168 130 388 105 4691 110 1129 124 174 141 829 226 109 103
leaf_count=121 168 130 388 105 4691 110 1129 124 174 141 829 226 109 103
internal_value=-3.09661e-05 -0.000215399 8.14996e-05 0.00127408 0.000135412 0.000882291 -0.000355639 -0.00045458 3.45159e-05 0.000614804 -0.000205456 -0.000806342 -0.00153057 -0.000584811
internal_weight=8548 3238 5310 273 5189 498 2965 2694 1127 271 1003 1567 438 212
internal_count=8548 3238 5310 273 5189 498 2965 2694 1127 271 1003 1567 438 212
cat_boundaries=0 1 2 3 4 5
cat_threshold=72908960 411041857 10485760 1 19
is_linear=0
shrinkage=0.03


Tree=255
num_leaves=15
num_cat=1
split_feature=27 30 35 30 30 17 30 30 30 38 30 13 38 17
split_gain=0.28449 0.246116 0.894523 0.48165 0.37428 0.625611 0.438611 0.458274 0.573072 0.722671 0.499072 0.442018 0.628832 0.323181
threshold=6.9996585648148155 240.05000000000004 0 250.60000000000002 225.05000000000004 1.0000000180025095e-35 212.12500000000003 194.10000000000002 169.12500000000003 1.7194656916341671 199.10000000000002 1.0000000180025095e-35 1.4533004364649582 2.5000000000000004
decision_type=2 2 1 2 2 2 2 2 2 2 2 2 2 2
left_child=-1 4 -3 -4 6 -6 7 8 13 11 -9 -10 -13 -2
right_child=1 2 3 -5 5 -7 -8 10 9 -11 -12 12 -14 -15
leaf_value=-0.0010720923591414514 1.1665192338859609e-05 0.0028638857215549799 0.0015945676004972366 -4.8666287686951645e-05 -0.0018006353925190269 0.00087545563494947193 0.0013139464770501944 -0.002630517800674987 -0.0012072970554080987 0.0025113128524533184 -0.00025569080711076303 0.002126571110862291 -0.00049432038096711031 -0.0012988565317554664
leaf_weight=199 5251 115 189 1066 244 116 240 118 129 183 245 171 159 175
leaf_count=199 5251 115 189 1066 244 116 240 118 129 183 245 171 159 175
internal_value=4.90074e-05 7.55636e-05 0.000443417 0.000197229 3.88697e-06 -0.000938339 5.47341e-05 7.74131e-06 6.96819e-05 0.000917252 -0.00102767 0.000281711 0.000863778 -3.06019e-05
internal_weight=8600 8401 1370 1255 7031 360 6671 6431 6068 642 363 459 330 5426
internal_count=8600 8401 1370 1255 7031 360 6671 6431 6068 642 363 459 330 5426
cat_boundaries=0 1
cat_threshold=2
is_linear=0
shrinkage=0.03


Tree=256
num_leaves=15
num_cat=1
split_feature=27 27 1 31 31 23 6 1 28 28 36 27 21 32
split_gain=0.349496 0.674556 0.650995 0.36865 0.619892 0.424446 0.348706 0.689313 0.514633 0.34125 0.277903 0.252483 0.440192 0.698875
threshold=13.957795138888892 13.999322916666669 36.500000000000007 6.3930205949656758 3.8737525032687317 40.500000000000007 2.5000000000000004 74.500000000000014 8.6200173611111133 5.5188368055555559 0 10.891996527777779 30.416666666666668 6.5000000000000009
decision_type=2 2 2 8 10 2 2 2 2 2 9 2 2 2
left_child=3 2 -2 4 9 -5 -3 -8 10 11 -9 12 -1 -14
right_child=1 6 -4 5 -6 -7 7 8 -10 -11 -12 -13 13 -15
leaf_value=-0.00052931359299809226 0.0032793899916731257 -5.078694797597157e-05 2.9099347367365328e-05 -0.00079582923497672716 -0.0026233402919842021 0.0017445511752544167 0.0023744561128703802 0.0016943486692959113 -0.0017671296760684006 -0.0013463747127059793 -0.00012356416400320625 -0.00052742593774920781 0.0029584816938478743 -0.0003011333293159355
leaf_weight=247 114 5977 108 101 121 143 163 126 103 274 175 727 115 122
leaf_count=247 114 5977 108 101 121 143 163 126 103 274 175 727 115 122
internal_value=-2.80753e-05 7.18347e-05 0.00169817 -0.000393476 -0.000558545 0.000693 1.66627e-05 0.000727679 6.32616e-05 -0.000390302 0.000689608 -0.000173982 0.000356915 0.00128054
internal_weight=8616 6766 222 1850 1606 244 6544 567 404 1485 301 1211 484 237
internal_count=8616 6766 222 1850 1606 244 6544 567 404 1485 301 1211 484 237
cat_boundaries=0 1
cat_threshold=20
is_linear=0
shrinkage=0.03


Tree=257
num_leaves=15
num_cat=4
split_feature=0 31 38 37 30 37 38 38 2 31 37 22 27 37
split_gain=0.233453 0.420232 0.269482 0.17028 0.189707 0.507028 0.21522 0.616529 0.422377 0.309549 0.431431 0.358591 0.534179 0.442634
threshold=3.5000000000000004 1.647753185781355 1.548678023718731 0 11.250000000000002 1 1.4977578387186858 1.4843079373741734 1.0000000180025095e-35 0.73226861167002022 2 4649.0500000000011 30.28078703703704 3
decision_type=2 10 2 9 2 9 2 2 2 10 9 2 2 9
left_child=1 -1 -3 -2 5 -5 7 9 -8 10 -6 12 13 -11
right_child=3 2 -4 4 6 -7 8 -9 -10 11 -12 -13 -14 -15
leaf_value=-0.0016299807312665506 0.0011379956288020247 0.0011744902535583677 -0.00089613580706474538 0.00034771317854957208 -0.00037421648740498559 -0.0017049222971711839 0.00036892931535715889 -0.0021908906631527797 -0.00051635516685190439 -0.00026650171978161695 0.0016263557207351149 -0.0010224946469629753 -0.0016545083149831041 0.00055506406632500709
leaf_weight=200 128 127 102 251 166 179 3666 119 559 1196 222 335 160 1148
leaf_count=200 128 127 102 251 166 179 3666 119 559 1196 222 335 160 1148
internal_value=5.67912e-05 -0.000625272 0.000252203 9.27865e-05 7.45497e-05 -0.000538319 0.000109456 -7.02802e-05 0.000251799 7.92021e-06 0.000802712 -0.000100702 2.26205e-05 0.0001371
internal_weight=8558 429 229 8129 8001 430 7571 3346 4225 3227 388 2839 2504 2344
internal_count=8558 429 229 8129 8001 430 7571 3346 4225 3227 388 2839 2504 2344
cat_boundaries=0 1 2 3 4
cat_threshold=533504 37751236 79708164 508592386
is_linear=0
shrinkage=0.03


Tree=258
num_leaves=15
num_cat=1
split_feature=37 38 31 38 22 22 28 31 29 38 32 21 0 24
split_gain=0.240722 0.35909 0.446381 0.315538 0.690669 0.539114 0.482304 0.552144 0.412426 0.407337 0.48903 0.529898 0.503913 0.397684
threshold=0 1.9406415036236202 1.9843471045975791 1.8814286396623332 260.4500000000001 1080.2500000000002 1.0043287037037041 2.5647058434165593 1.5000000000000002 1.7739639215969183 13.500000000000002 71.333333333333357 9.5000000000000018 41.257833333334283
decision_type=9 2 10 2 2 2 2 10 2 2 2 2 2 10
left_child=1 -1 -3 9 -5 13 7 8 -7 -2 11 12 -11 -6
right_child=3 2 -4 4 5 6 -8 -9 -10 10 -12 -13 -14 -15
leaf_value=-0.00015704248020924057 5.5283019442200317e-05 -0.00039703248355197463 -0.0029314115572138689 0.0026004713368820375 0.00020656677338213306 0.0020589052298486134 -0.00068309844253704914 0.0027415010215961098 -7.1909454025595636e-05 0.00052467993477226362 0.00035206977925894382 -0.0030669960795833011 -0.0022555642206645984 -0.0024361366463605968
leaf_weight=1586 5133 167 100 128 103 114 186 136 289 140 214 122 101 102
leaf_count=1586 5133 167 100 128 103 114 186 136 289 140 214 122 101 102
internal_value=-2.46564e-05 -0.000326632 -0.00134624 5.84173e-05 0.000534378 0.000250013 0.000634098 0.00108864 0.000530852 -2.96707e-05 -0.00078542 -0.00145601 -0.000640485 -0.00110834
internal_weight=8621 1853 267 6768 1058 930 725 539 403 5710 577 363 241 205
internal_count=8621 1853 267 6768 1058 930 725 539 403 5710 577 363 241 205
cat_boundaries=0 1
cat_threshold=2290159624
is_linear=0
shrinkage=0.03


Tree=259
num_leaves=15
num_cat=1
split_feature=37 30 38 30 38 25 23 25 31 31 31 24 31 31
split_gain=0.283831 0.302484 0.475986 0.532784 0.615705 0.286777 0.269954 0.717645 0.422114 0.435592 0.220047 0.20183 0.269272 0.39799
threshold=0 225.05000000000004 1.4679478340239256 140.40000000000003 1.6566415977439319 0.19000000000000003 17.500000000000004 0.19000000000000003 1.5271498771498775 2.0058608930058344 1.091356184798808 673.12316666666027 1.6951526799060435 1.591693015234263
decision_type=9 2 2 2 2 10 2 10 10 10 10 10 8 10
left_child=1 2 5 4 -4 -1 7 -2 10 -10 -9 12 13 -8
right_child=6 -3 3 -5 -6 -7 11 8 9 -11 -12 -13 -14 -15
leaf_value=0.0012200015991782913 0.0015318589843180332 -0.00079282975793100929 0.0019527074873437128 0.0029789098322413167 -0.00054653108641826388 -5.9229015194895585e-05 -4.289562081509527e-05 -0.0011964274518201515 0.0012252059487106565 -0.0014828340572474355 -0.0029694259418465664 -0.0010003528952305402 0.00021953281376154506 -0.0012451881813560037
leaf_weight=195 111 167 181 129 174 825 1992 144 104 110 112 164 3834 283
leaf_count=195 111 167 181 129 174 825 1992 144 104 110 112 164 3834 283
internal_value=6.66905e-05 0.000415977 0.000552965 0.00132773 0.000727729 0.00018533 -1.90444e-05 -0.00063772 -0.00115011 -0.000166777 -0.00197211 3.82265e-05 6.61078e-05 -0.000192456
internal_weight=8525 1671 1504 484 355 1020 6854 581 470 214 256 6273 6109 2275
internal_count=8525 1671 1504 484 355 1020 6854 581 470 214 256 6273 6109 2275
cat_boundaries=0 1
cat_threshold=2382366424
is_linear=0
shrinkage=0.03


Tree=260
num_leaves=15
num_cat=0
split_feature=27 27 7 30 30 28 28 28 28 30 24 30 24 24
split_gain=0.260287 0.885473 0.83465 0.782567 0.519937 0.310399 0.311506 0.224511 0.206402 0.483701 0.626143 0.436361 0.66784 0.435462
threshold=29.999218750000001 29.624641203703707 1.5000000000000002 260.75000000000006 290.65000000000003 1.9286921296296298 14.859091435185187 8.8233333333333359 13.078443287037038 199.10000000000002 128.70066666667003 233.10000000000002 136.90299999999817 263.3524999999924
decision_type=2 2 2 2 2 2 2 2 2 2 10 2 10 10
left_child=1 4 3 7 8 -6 -7 -2 11 10 -10 -1 -13 -14
right_child=2 -3 -4 -5 5 6 -8 -9 9 -11 -12 12 13 -15
leaf_value=-9.0591269280632467e-06 -0.0021177102809555692 0.0021986014561951846 0.0018605506039699011 0.00095107375153046436 6.5608759620977976e-05 -0.0023726076023197779 -0.00040151170443277802 -0.00075563286559998102 -0.0011102445837268761 -0.0015671209430691542 0.0020523754726384361 0.002606678595897095 -0.0010463082671442346 0.0010345857179635744
leaf_weight=6264 294 162 106 139 155 181 120 173 119 230 107 147 148 233
leaf_count=6264 294 162 106 139 155 181 120 173 119 230 107 147 148 233
internal_value=-4.61071e-05 3.61135e-06 -0.000595384 -0.00102497 -4.2545e-05 -0.00102512 -0.00158679 -0.00161313 1.92726e-05 -0.000598581 0.000387102 6.07539e-05 0.00088899 0.000226259
internal_weight=8578 7866 712 606 7704 456 301 467 7248 456 226 6792 528 381
internal_count=8578 7866 712 606 7704 456 301 467 7248 456 226 6792 528 381
is_linear=0
shrinkage=0.03


Tree=261
num_leaves=15
num_cat=1
split_feature=24 27 27 27 38 5 27 1 38 38 25 37 28 27
split_gain=0.235962 0.351303 0.259347 0.758558 0.613636 0.670178 0.909538 0.480667 0.400397 0.565873 0.630783 0.518337 0.390696 0.388246
threshold=294.72549999998421 12.974768518518522 24.683640046296301 28.07513888888889 1.1462853640828121 0.085150000000000017 29.999218750000001 15.500000000000002 1.2954461497495575 1.2294299679711378 0.59003601440576248 0 11.637245370370371 13.99967013888889
decision_type=10 2 2 2 2 2 2 2 2 2 8 9 2 2
left_child=2 -2 8 -4 -5 6 7 -6 9 10 -1 13 -7 -10
right_child=1 -3 3 4 5 12 -8 -9 11 -11 -12 -13 -14 -15
leaf_value=-0.00017111562178463968 -0.0013784404150164215 0.00045432828202834322 -0.0014094477155061017 -0.0021111443511162547 0.0011255146955139934 -0.0014469588264610673 -0.00016545669218300774 0.0040454467978256132 -8.5517743868409505e-06 0.0016682218097580166 0.0017504775604997437 -0.00026917239614373606 0.00080525858021740406 0.0015413366356003273
leaf_weight=935 101 1383 485 101 100 204 224 103 321 273 184 3787 105 266
leaf_count=935 101 1383 485 101 100 204 224 103 321 273 184 3787 105 266
internal_value=-1.43991e-05 0.000329591 -8.64197e-05 -0.000465405 8.16215e-05 0.000382531 0.00115262 0.00260706 4.72105e-07 0.00044362 0.000144857 -0.000140557 -0.000681642 0.000682162
internal_weight=8572 1484 7088 1322 837 736 427 203 5766 1392 1119 4374 309 587
internal_count=8572 1484 7088 1322 837 736 427 203 5766 1392 1119 4374 309 587
cat_boundaries=0 1
cat_threshold=235448448
is_linear=0
shrinkage=0.03


Tree=262
num_leaves=15
num_cat=2
split_feature=37 4 30 30 33 24 37 26 29 22 23 17 25 22
split_gain=0.211844 0.543248 0.357628 0.448581 0.363308 0.791512 0.591364 0.568043 0.625652 0.529598 0.4529 0.32395 0.299086 0.28417
threshold=0 1.0000000180025095e-35 324.57500000000005 368.50000000000006 1.0000000180025095e-35 8.2841666666674438 1 0.039230769230769243 3.5000000000000004 393.00000000000006 194.50000000000003 1.5000000000000002 0.65500000000000014 7391.3750000000009
decision_type=9 2 2 2 2 10 9 10 2 2 2 2 10 2
left_child=2 11 4 -4 5 9 -6 8 12 -1 13 -2 -8 -7
right_child=1 -3 3 -5 6 10 7 -9 -10 -11 -12 -13 -14 -15
leaf_value=-0.002988509587542528 0.0003054934360010804 -0.0019510264247742906 0.0024751867242021829 -0.00012534491937528822 0.0020422535148278183 -0.00021635870259372153 0.00023828662116422898 -0.0015875599690324245 0.0023286121450655627 -0.00021532665034756064 -0.0018413691504858432 -0.00080503367461687953 -0.001535325622803066 0.0011108915165593653
leaf_weight=163 3089 107 103 142 137 3237 593 168 120 100 150 256 100 152
leaf_count=163 3089 107 103 142 137 3237 593 168 120 100 150 256 100 152
internal_value=-2.89765e-05 0.00015275 -0.000150437 0.00096794 -0.000206434 -0.000346229 0.000268968 4.9928e-07 0.000328665 -0.00193407 -0.000228229 0.000220502 -1.76459e-05 -0.00015683
internal_weight=8617 3452 5165 245 4920 3802 1118 981 813 263 3539 3345 693 3389
internal_count=8617 3452 5165 245 4920 3802 1118 981 813 263 3539 3345 693 3389
cat_boundaries=0 1 2
cat_threshold=745113771 673185792
is_linear=0
shrinkage=0.03


Tree=263
num_leaves=15
num_cat=4
split_feature=37 28 1 37 38 22 37 37 24 0 24 21 1 38
split_gain=0.226752 0.485717 0.690004 0.398293 0.370163 0.669986 0.446913 0.400191 0.296418 0.26398 0.320442 0.346558 0.289386 0.217791
threshold=0 1.1472222222222224 11.500000000000002 1 1.7343637397285698 472.12500000000006 2 3 6.2545000000001165 10.500000000000002 64.411999999999395 37.583333333333336 3.5000000000000004 2.1579342295588102
decision_type=9 2 2 9 2 2 9 9 8 2 10 2 2 2
left_child=1 4 -3 -4 7 6 -6 -1 -2 10 -9 -12 -13 -10
right_child=8 2 3 -5 5 -7 -8 9 13 -11 11 12 -14 -15
leaf_value=-0.0012500283869747186 -0.0013018698463965134 -0.0022916785428343813 -0.0007525758171874669 0.0011818397166523335 -0.00052655085863079871 0.0030853094093196477 0.0019289241505561973 -0.0006297767336047185 6.5976658982927518e-05 0.0017580708214402969 0.0020022048513540841 0.0011582455846828297 -0.00097565918596857857 -0.00088158306333471282
leaf_weight=113 153 129 176 189 152 145 106 204 6414 145 144 118 111 226
leaf_count=113 153 129 176 189 152 145 106 204 6414 145 144 118 111 226
internal_value=8.20574e-05 0.000387364 -0.000405708 0.000260841 0.000706954 0.00145366 0.000536643 0.000346568 3.63816e-06 0.00060538 0.000326201 0.000849041 0.000123907 3.37254e-05
internal_weight=8525 1732 494 365 1238 403 258 835 6793 722 577 373 229 6640
internal_count=8525 1732 494 365 1238 403 258 835 6793 722 577 373 229 6640
cat_boundaries=0 1 2 3 4
cat_threshold=1311814867 1142980736 136318976 3145745
is_linear=0
shrinkage=0.03


Tree=264
num_leaves=15
num_cat=0
split_feature=31 31 0 30 32 27 31 30 31 30 30 30 24 23
split_gain=0.22816 0.28435 0.196776 0.275749 0.444149 0.399948 0.41696 0.378408 0.369235 0.363683 0.37911 0.47236 0.418373 0.386851
threshold=9.8538461538461561 7.4976562500000012 11.500000000000002 121.50000000000001 7.5000000000000009 20.999826388888895 1.7614762638217427 113.50000000000001 2.6050267885282072 140.40000000000003 173.37500000000003 169.12500000000003 673.12316666666027 114.50000000000001
decision_type=10 10 2 2 2 2 10 2 10 2 2 2 10 2
left_child=1 2 3 7 5 6 -5 -1 -8 -6 11 -11 13 -12
right_child=-2 -3 -4 4 9 -7 8 -9 -10 10 12 -13 -14 -15
leaf_value=0.00016459254510966362 -0.00103330933592119 0.0015226054213443685 -0.0003684211644733687 0.00074863539863738936 -0.0010357891321972361 -0.0026509144818875935 -0.0025664022824777341 0.0015490901062560412 -0.00032307602917958344 0.00035523890221169849 -0.00038249143315011532 0.0025269228305829605 -0.0019050496162622641 0.00041747351740979244
leaf_weight=3234 194 110 1197 147 277 100 111 188 163 417 1068 115 106 1109
leaf_count=3234 194 110 1197 147 277 100 111 188 163 417 1068 115 106 1109
internal_value=-1.62452e-05 7.40743e-06 -1.28394e-05 4.76626e-05 -0.000135127 -0.00094544 -0.000540339 0.000240655 -0.00123187 1.40983e-06 0.000103472 0.000824682 -6.45896e-05 2.5024e-05
internal_weight=8536 8342 8232 7035 3613 521 421 3422 274 3092 2815 532 2283 2177
internal_count=8536 8342 8232 7035 3613 521 421 3422 274 3092 2815 532 2283 2177
is_linear=0
shrinkage=0.03


Tree=265
num_leaves=15
num_cat=2
split_feature=37 13 30 1 1 23 7 37 31 31 13 25 25 23
split_gain=0.196852 0.3932 0.404383 0.113775 0.387602 0.673247 0.433072 0.34401 0.287789 0.410554 0.552357 0.459225 0.291786 0.291036
threshold=0 1.0000000180025095e-35 23.750000000000004 16.500000000000004 12.500000000000002 110.50000000000001 1.0000000180025095e-35 1 0.73226861167002022 2.0942857142857148 1.0000000180025095e-35 0.29772727272727278 0.51925925925925942 95.500000000000014
decision_type=9 2 2 2 2 2 2 9 8 10 2 10 10 2
left_child=1 -1 -3 4 6 7 -2 -6 -8 11 -11 -10 13 -12
right_child=3 2 -4 -5 5 -7 8 -9 9 10 12 -13 -14 -15
leaf_value=0.0015495922181468743 0.0017554641679370828 0.001160995234781876 -0.001368156731001694 -4.5677643849327779e-05 -0.0032653429650333749 0.000531375582547898 0.000887575027863037 -0.00089020862830457858 0.0003010632000384956 -0.0012873960141959974 0.0011680942233713149 -0.0013474294667654028 0.0016182636721059679 -0.00090856757534829027
leaf_weight=195 106 100 132 6137 109 141 183 152 216 164 114 514 195 130
leaf_count=195 106 100 132 6137 109 141 183 152 216 164 114 514 195 130
internal_value=-7.6861e-05 0.000543875 -0.000278005 -0.000109871 -0.000305055 -0.00113897 -9.83762e-05 -0.00204134 -0.000227998 -0.000381149 0.000198138 -0.000859656 0.000753099 6.16761e-05
internal_weight=8588 427 232 8161 2024 402 1622 261 1516 1333 603 730 439 244
internal_count=8588 427 232 8161 2024 402 1622 261 1516 1333 603 730 439 244
cat_boundaries=0 1 2
cat_threshold=537946 77596672
is_linear=0
shrinkage=0.03


Tree=266
num_leaves=15
num_cat=4
split_feature=37 32 37 30 30 1 13 28 23 30 28 0 37 37
split_gain=0.176515 0.184143 0.307433 0.402351 0.514171 0.504119 0.724289 0.522516 0.448929 0.441823 0.36757 0.447957 0.479748 0.43254
threshold=0 13.500000000000002 1 170.12500000000003 142.42500000000004 21.500000000000004 1.0000000180025095e-35 2.9389178240740743 64.500000000000014 199.10000000000002 1.177337962962963 8.5000000000000018 2 3
decision_type=9 2 9 2 2 2 2 2 2 2 2 2 9 9
left_child=-1 2 10 4 5 6 -4 -7 -8 -5 11 -2 -13 -12
right_child=1 -3 3 9 -6 7 8 -9 -10 -11 13 12 -14 -15
leaf_value=0.0010119872522357453 0.00077079488390142351 0.00010551371885095153 0.0017373262986799247 -0.002506809325848043 0.0013150647013783728 -0.0010643887965017455 0.00079413656844204146 0.00038762608496796741 -0.0013006096690289237 -0.00035915611707319154 -0.0021512602104401561 0.0015349950485152044 -0.00059811505514517193 -0.000173963941702657
leaf_weight=130 903 3466 209 163 170 1001 154 287 229 183 103 104 566 889
leaf_count=130 903 3466 209 163 170 1001 154 287 229 183 103 104 566 889
internal_value=-4.47604e-05 -6.21895e-05 -0.000179481 -0.000422868 -0.000264919 -0.00040779 0.000316822 -0.000740842 -0.000458336 -0.00137091 4.9327e-05 0.000334713 -0.000253022 -0.000402708
internal_weight=8557 8427 4961 2396 2050 1880 592 1288 383 346 2565 1573 670 992
internal_count=8557 8427 4961 2396 2050 1880 592 1288 383 346 2565 1573 670 992
cat_boundaries=0 1 2 3 4
cat_threshold=1073742912 2672328881 201326720 134250656
is_linear=0
shrinkage=0.03


Tree=267
num_leaves=15
num_cat=0
split_feature=22 21 21 6 28 31 30 24 25 5 17 21 5 24
split_gain=0.415048 0.14382 0.763417 0.330809 0.493495 0.301299 0.566167 0.477353 0.366222 0.277996 0.249458 0.220705 0.218843 0.318788
threshold=11720.000000000002 118.83333333333336 114.53333333333335 2.5000000000000004 5.7328240740740748 1.1353641777370593 222.10000000000002 290.64533333333651 0.22290322580645164 0.085150000000000017 3.5000000000000004 155.35833333333338 0.15470000000000003 5.2015000000000002
decision_type=2 2 2 2 2 10 2 10 10 2 2 2 2 10
left_child=1 2 10 4 5 8 -7 11 -3 -6 12 -8 -1 -14
right_child=-2 3 -4 -5 9 6 7 -9 -10 -11 -12 -13 13 -15
leaf_value=0.0001039079400358348 -0.0014756399985080034 -0.0005940552829742956 0.0021438991947091862 0.0012605468295766292 0.0011664443706515914 0.0010411017471033453 -0.0029415303683523438 0.00045991306229155847 -0.0026538562460568125 -0.00060410089795709604 0.0014750155124698613 -0.00097677696212340368 -0.0014211370916746091 -0.0001479780755706478
leaf_weight=4548 176 160 153 111 212 163 106 110 151 128 102 100 192 2266
leaf_count=4548 176 160 153 111 212 163 106 110 151 128 102 100 192 2266
internal_value=-3.3641e-05 -3.79019e-06 4.72201e-05 -0.000302247 -0.000455761 -0.000867052 -0.000394968 -0.00113573 -0.00159415 0.000499886 2.08895e-06 -0.00198777 -1.93553e-05 -0.000247427
internal_weight=8678 8502 7261 1241 1130 790 479 316 311 340 7108 206 7006 2458
internal_count=8678 8502 7261 1241 1130 790 479 316 311 340 7108 206 7006 2458
is_linear=0
shrinkage=0.03


Tree=268
num_leaves=15
num_cat=0
split_feature=24 30 38 0 27 27 27 30 19 1 38 30 30 38
split_gain=0.297103 0.321408 0.474733 0.414386 0.302205 0.491896 0.599638 0.502747 0.363786 0.310537 0.846136 0.815701 0.81342 0.574181
threshold=7.486666666665756 23.750000000000004 2.0734125110105408 7.5000000000000009 21.280138888888892 27.999803240740743 28.280746527777783 311.72500000000008 1.0000000180025095e-35 28.500000000000004 1.5427994820321322 230.07500000000002 199.10000000000002 1.6355853803496998
decision_type=8 2 2 2 2 2 2 2 2 2 2 2 2 2
left_child=1 -1 3 -3 -2 -6 -7 8 9 11 -11 13 -12 -8
right_child=4 2 -4 -5 5 6 7 -9 -10 10 12 -13 -14 -15
leaf_value=-0.0019904516639426013 0.00012580244585002557 -0.0021241508589106071 0.0014359749092885824 -3.7172057341174495e-05 -0.00081825096923198392 0.0018707618819914656 0.00066487929755669982 0.0016862012242387619 0.0012153585423671065 -0.0010503958904479142 -0.00082041845432380292 -0.0027095594689468018 0.0024046145199132073 -0.0020213212881823824
leaf_weight=133 5523 139 107 223 930 148 230 124 126 346 116 173 179 104
leaf_count=133 5523 139 107 223 930 148 230 124 126 346 116 173 179 104
internal_value=-4.60325e-05 -0.000688749 -0.00031961 -0.000838526 2.33803e-06 -0.000273063 5.48955e-05 -0.000137342 -0.00031483 -0.000482777 -4.39618e-05 -0.00103757 0.00113647 -0.000171542
internal_weight=8601 602 469 362 7999 2476 1546 1398 1274 1148 641 507 295 334
internal_count=8601 602 469 362 7999 2476 1546 1398 1274 1148 641 507 295 334
is_linear=0
shrinkage=0.03


Tree=269
num_leaves=15
num_cat=2
split_feature=37 0 23 27 27 17 1 25 35 29 14 22 31 31
split_gain=0.207142 0.431102 0.67382 0.34445 0.681027 0.560328 0.38587 0.297965 0.452892 0.498352 0.37544 0.309678 0.383731 0.56382
threshold=0 4.5000000000000009 29.500000000000004 18.333043981481485 15.999756944444448 1.0000000180025095e-35 45.500000000000007 0.33666666666666673 1 1.0000000180025095e-35 1.5000000000000002 6861.0000000000009 1.0741549409671685 1.5201026298909559
decision_type=9 2 2 2 2 2 2 8 1 2 2 2 10 10
left_child=1 2 -1 4 7 6 -5 8 -3 11 -9 12 -10 -14
right_child=-2 3 -4 5 -6 -7 -8 10 9 -11 -12 -13 13 -15
leaf_value=0.0030724885077714655 -0.00015268729404391276 0.0011548587353014306 -0.0002110048103201887 -0.00063251202632511213 -0.0022552640088647604 0.0027727826125919816 0.0016131974560200074 0.0021014589085243639 0.0017108017849722481 -0.002206704638607334 0.00017327969247340287 -0.0015676832275618457 -0.0020900629476778296 0.0007904493699761782
leaf_weight=112 5941 128 113 187 125 102 109 100 104 160 997 123 108 141
leaf_count=112 5941 128 113 187 125 102 109 100 104 160 997 123 108 141
internal_value=-5.49548e-05 0.000167537 0.00142345 4.97076e-05 -0.000111722 0.000855233 0.000194455 3.2256e-05 -0.000422614 -0.000746514 0.000349048 -0.000271376 0.000180311 -0.000458929
internal_weight=8550 2609 225 2384 1986 398 296 1861 764 636 1097 476 353 249
internal_count=8550 2609 225 2384 1986 398 296 1861 764 636 1097 476 353 249
cat_boundaries=0 1 2
cat_threshold=2972984528 6
is_linear=0
shrinkage=0.03


Tree=270
num_leaves=15
num_cat=3
split_feature=37 36 4 20 30 31 17 21 37 30 30 30 30 30
split_gain=0.168913 0.434476 0.261249 0.250488 0.332773 0.416326 0.281412 0.757221 0.42759 0.419984 0.342003 0.437609 0.805499 0.505234
threshold=0 1 1.0000000180025095e-35 1.0000000180025095e-35 228.05000000000004 1.6406667080513999 1.0000000180025095e-35 155.35833333333338 2 47.050000000000004 92.500000000000014 253.72500000000002 287.12500000000006 227.05000000000004
decision_type=9 9 2 2 2 10 2 2 9 2 2 2 2 2
left_child=1 -1 3 6 5 -5 9 8 -8 -2 -10 13 -13 -12
right_child=2 -3 -4 4 -6 -7 7 -9 10 -11 11 12 -14 -15
leaf_value=-0.0014314784089322474 0.00057503805725766556 -0.00011971548823104651 0.0011762923701264132 -0.0015474803689329954 -0.0020534996916539965 0.00097401151942690101 0.0018451405436710707 0.0028591457935316219 -0.00062348712042384672 -0.00021757561312465496 0.00039589838742759142 -0.002624705579035195 0.0011097939426326776 0.0025821013519829457
leaf_weight=245 732 2146 176 104 120 136 122 105 444 3379 529 106 102 116
leaf_count=245 732 2146 176 104 120 136 122 105 444 3379 529 106 102 116
internal_value=-4.60621e-05 -0.000259531 3.70085e-05 3.6234e-06 -0.00076359 -0.000118635 5.26379e-05 0.000400836 0.000218932 -7.64437e-05 5.13435e-05 0.000403205 -0.000793364 0.000789076
internal_weight=8562 2391 6171 5995 360 240 5635 1524 1419 4111 1297 853 208 645
internal_count=8562 2391 6171 5995 360 240 5635 1524 1419 4111 1297 853 208 645
cat_boundaries=0 1 2 3
cat_threshold=2207273010 1 69214216
is_linear=0
shrinkage=0.03


Tree=271
num_leaves=15
num_cat=2
split_feature=27 22 22 0 26 7 1 37 21 38 0 25 31 35
split_gain=0.263957 0.248602 0.548888 0.466361 0.425495 0.422236 1.14407 0.528258 0.384248 0.313944 0.301815 0.412277 0.650514 0.516536
threshold=30.999247685185189 1946.8125000000002 2488.8378750000002 14.500000000000002 0.039230769230769243 1.0000000180025095e-35 23.500000000000004 0 101.00000000000001 2.1207569113729212 7.5000000000000009 0.63484848484848488 3.8148890660073529 1
decision_type=2 2 2 2 10 2 2 9 2 2 2 8 8 1
left_child=1 9 4 5 8 6 -4 -8 -3 10 11 12 -1 -13
right_child=-2 2 3 -5 -6 -7 7 -9 -10 -11 -12 13 -14 -15
leaf_value=-0.00017140647711743414 -0.0012623808602712904 0.0035658791171187913 0.0036983171740081161 0.0020925224196980709 0.00011122770162864013 -0.00016121830597331561 0.0016906563073571306 -0.00050860790109537605 0.0011000085315725759 -0.001191278426095425 0.00024964176179565991 0.0020849772750730871 -0.0018228482959954412 -0.00016735636415418051
leaf_weight=2190 130 103 100 108 141 1688 130 321 127 196 2814 142 238 234
leaf_count=2190 130 103 100 108 141 1688 130 321 127 196 2814 142 238 234
internal_value=7.92491e-05 9.96912e-05 0.000336534 0.000167035 0.00140881 7.41572e-05 0.000795235 0.000151536 0.00220429 -1.10312e-05 3.01451e-05 -0.000190134 -0.000333286 0.00073426
internal_weight=8662 8532 2718 2347 371 2239 551 451 230 5814 5618 2804 2428 376
internal_count=8662 8532 2718 2347 371 2239 551 451 230 5814 5618 2804 2428 376
cat_boundaries=0 1 2
cat_threshold=2155872256 14
is_linear=0
shrinkage=0.03


Tree=272
num_leaves=15
num_cat=2
split_feature=21 21 13 26 30 38 30 27 30 33 37 28 26 35
split_gain=0.305542 0.374472 0.301334 0.606873 0.712174 0.402188 0.387038 0.265109 0.260416 0.232844 1.2027 0.610525 0.509289 0.501144
threshold=117.96666666666668 114.53333333333335 1.0000000180025095e-35 1.0000000180025095e-35 222.10000000000002 1.5703672420757202 246.05000000000004 18.812077546296297 132.37500000000003 1.0000000180025095e-35 0 6.8865509259259268 1.0000000180025095e-35 1
decision_type=2 2 2 10 2 2 2 2 2 2 9 2 10 1
left_child=1 9 7 -4 5 -5 -6 8 -2 -1 11 12 -11 -12
right_child=2 -3 3 4 6 -7 -8 -9 -10 10 13 -13 -14 -15
leaf_value=-4.421188770443859e-05 -0.00079445660915933075 0.0015778610824098887 -0.00098049972114992116 0.0029588154555770618 -0.0018468182675582779 0.00053269280495740409 0.00047998147627555641 -0.00015967355091143888 -0.0026270425349101422 0.0023600405904939991 -0.0018022220117563845 0.003534067931249127 -8.1877891703084461e-05 8.9610927363247735e-05
leaf_weight=5488 158 147 388 124 110 122 155 192 125 141 134 122 169 1007
leaf_count=5488 158 147 388 124 110 122 155 192 125 141 134 122 169 1007
internal_value=1.06535e-06 7.92189e-05 -0.000408928 -8.59901e-05 0.000593207 0.00175562 -0.00048586 -0.00102013 -0.0016039 4.80193e-05 0.000369802 0.00169702 0.0010288 -0.000146295
internal_weight=8582 7208 1374 899 511 246 265 475 283 7061 1573 432 310 1141
internal_count=8582 7208 1374 899 511 246 265 475 283 7061 1573 432 310 1141
cat_boundaries=0 1 2
cat_threshold=1746930048 8
is_linear=0
shrinkage=0.03


Tree=273
num_leaves=15
num_cat=0
split_feature=25 27 1 21 27 24 24 27 27 28 27 27 24 27
split_gain=0.204152 0.212754 0.299404 0.748038 0.267431 0.252951 0.192716 0.402074 0.762011 0.950542 0.378138 0.339938 0.316051 0.321892
threshold=0.11000000000000001 29.999218750000001 13.500000000000002 112.43333333333335 29.853153935185187 203.10616666666351 468.26983333333635 28.07513888888889 28.365295138888893 4.3569618055555557 25.748020833333339 24.683640046296301 266.8349999999968 26.973952546296299
decision_type=8 2 2 2 2 10 10 2 2 2 2 2 8 2
left_child=-1 4 -3 5 6 -4 7 11 -9 -10 -8 -2 -13 -14
right_child=1 2 3 -5 -6 -7 10 8 9 -11 -12 12 13 -15
leaf_value=-0.0011129174997082593 -5.3675927105400063e-07 0.00071883740282595841 -0.0024935412624455598 0.0007238330625792017 0.0014992040470037061 -0.00092450869428575974 0.00041342933648163557 0.0025026318272230799 0.0015715961222068507 -0.0015870902437223669 -0.0013519383650762412 -0.0012298740720641651 -0.0010741926735225308 0.0011571294176771284
leaf_weight=173 5954 129 172 176 102 200 182 162 173 170 273 409 106 129
leaf_count=173 5954 129 172 176 102 200 182 162 173 170 273 409 106 129
internal_value=-9.28812e-05 -7.17146e-05 -0.000581486 -0.000887584 -2.66603e-05 -0.00164998 -4.72528e-05 -8.912e-06 0.000806945 6.06644e-06 -0.000645791 -7.13563e-05 -0.000726107 0.000150661
internal_weight=8510 8337 677 548 7660 372 7558 7103 505 343 455 6598 644 235
internal_count=8510 8337 677 548 7660 372 7558 7103 505 343 455 6598 644 235
is_linear=0
shrinkage=0.03


Tree=274
num_leaves=15
num_cat=1
split_feature=30 27 28 27 27 31 1 35 31 23 38 33 32 38
split_gain=0.176036 0.406089 0.252999 0.213022 0.589306 0.487439 0.593692 0.468323 0.302364 0.47027 0.346602 0.406553 0.336153 0.538065
threshold=324.57500000000005 28.365295138888893 8.7424479166666682 13.999403935185187 13.957795138888892 1.6951526799060435 52.500000000000007 0 10.562500000000002 135.50000000000003 1.5559007368094819 1.0000000180025095e-35 6.5000000000000009 1.3118681536549592
decision_type=2 2 2 2 2 10 2 1 8 2 2 2 2 2
left_child=3 2 -2 4 8 6 -6 -7 9 10 12 -12 -1 -14
right_child=1 -3 -4 -5 5 7 -8 -9 -10 -11 11 -13 13 -15
leaf_value=0.00019099014740409876 0.00098068252341842956 0.0022483323883915425 -0.0010831496972913066 -8.4948839008011789e-05 0.0014445576210989832 0.0034654249696252056 -0.001349156192817809 0.0008241773039380408 0.0011713885951992438 -0.001966714144696314 0.00010801908551309328 0.0018321464660375397 3.777535751244916e-05 -0.0021106549702787614
leaf_weight=425 110 106 104 5849 156 107 122 171 177 117 545 159 216 204
leaf_count=425 110 106 104 5849 156 107 122 171 177 117 545 159 216 204
internal_value=3.94769e-05 0.000729846 -2.23014e-05 1.26925e-05 0.000250752 0.00110681 0.000218539 0.00199507 -7.50483e-06 -0.000132753 5.77041e-06 0.000497417 -0.000403838 -0.00100575
internal_weight=8568 320 214 8248 2399 556 278 278 1843 1666 1549 704 845 420
internal_count=8568 320 214 8248 2399 556 278 278 1843 1666 1549 704 845 420
cat_boundaries=0 1
cat_threshold=24
is_linear=0
shrinkage=0.03


Tree=275
num_leaves=15
num_cat=2
split_feature=31 38 38 37 38 31 31 30 38 37 30 30 28 38
split_gain=0.283337 0.714829 0.36476 0.278601 0.706053 0.718607 0.583352 0.253969 0.240814 0.427001 0.469532 0.583459 0.685016 0.495541
threshold=0.55936451399967002 1.7308173717050517 1.5427994820321322 0 2.0508607407559558 1.2712272492314391 1.7743207489569555 18.250000000000004 1.6496706967483874 1 182.10000000000002 241.30000000000004 17.322858796296298 1.0580430559006577
decision_type=8 2 2 9 2 10 10 2 2 9 2 2 2 2
left_child=1 2 7 4 5 -2 -7 -1 9 -5 13 12 -12 -11
right_child=3 -3 -4 8 -6 6 -8 -9 -10 10 11 -13 -14 -15
leaf_value=0.00031111742030522533 -0.0015952677233304114 -0.0022489197771316644 0.001423920821317512 -0.00031673072801751919 0.0027813437569106148 0.0027117022760083072 -0.00024154851014881226 -0.0013389262042974857 -0.00029521390244460408 -0.00079835970459632823 -0.0003259244515198977 0.00045256729763240436 -0.0029273760963283548 0.00087054401063589278
leaf_weight=164 146 185 115 1708 111 108 136 172 2665 183 613 836 107 1281
leaf_count=164 146 185 115 1708 111 108 136 172 2665 183 613 836 107 1281
internal_value=-6.94295e-05 -0.000678571 -3.4415e-05 -2.03525e-05 0.000657208 6.94978e-05 0.00106563 -0.000533548 -6.70669e-05 6.13894e-05 0.000275377 -8.65518e-05 -0.000712529 0.000661931
internal_weight=8530 636 451 7894 501 390 244 336 7393 4728 3020 1556 720 1464
internal_count=8530 636 451 7894 501 390 244 336 7393 4728 3020 1556 720 1464
cat_boundaries=0 1 2
cat_threshold=3407898 88650212
is_linear=0
shrinkage=0.03


Tree=276
num_leaves=15
num_cat=1
split_feature=26 26 31 0 36 28 0 25 28 21 22 25 23 27
split_gain=0.191348 0.182342 0.42757 0.317338 0.443892 0.533485 0.859058 0.632205 0.48293 0.361596 0.411076 0.347582 0.339313 0.673622
threshold=0.21000000000000005 0.02355875831485588 7.1358333333333341 11.500000000000002 0 5.8600983796296306 8.5000000000000018 0.43223443223443231 12.696579861111113 20.250000000000004 1498.6875000000002 0.24695121951219515 66.500000000000014 13.999508101851854
decision_type=8 10 10 2 9 2 2 10 2 2 2 10 2 2
left_child=1 2 -1 4 5 7 8 -3 -7 -5 -11 -6 -13 -14
right_child=-2 3 -4 9 11 6 -8 -9 -10 10 -12 12 13 -15
leaf_value=3.8582252665070619e-05 0.001183495390702222 -0.00025211848096906748 0.0014621573678780847 -0.0023867797939031311 -0.00034124337202963342 0.00063578067430639887 0.0026285812154328296 -0.0018436858573529335 -0.0016810418842071462 0.0003451783669448492 -0.0015345026677444009 -9.6718388261554842e-05 0.0027746438163872384 0.00031791639376957062
leaf_weight=5257 122 708 197 111 327 198 122 329 137 243 184 216 176 234
leaf_count=5257 122 708 197 111 327 198 122 329 137 243 184 216 176 234
internal_value=3.89018e-06 -1.3163e-05 9.00022e-05 -0.00020166 -5.66211e-05 -0.000378194 0.000473236 -0.000757061 -0.000311696 -0.000861343 -0.000464801 0.000446783 0.000865557 0.00137251
internal_weight=8561 8439 5454 2985 2447 1494 457 1037 335 538 427 953 626 410
internal_count=8561 8439 5454 2985 2447 1494 457 1037 335 538 427 953 626 410
cat_boundaries=0 1
cat_threshold=50
is_linear=0
shrinkage=0.03


Tree=277
num_leaves=15
num_cat=1
split_feature=28 17 27 31 31 0 27 25 35 27 23 28 31 24
split_gain=0.254118 0.317119 0.375776 0.180016 0.289584 0.22826 0.422134 0.345862 0.227365 0.445688 0.359038 0.739524 0.443634 0.30522
threshold=19.576903935185189 1.0000000180025095e-35 29.527251157407409 11.800000000000002 8.173220338983052 3.5000000000000004 13.999392361111113 0.46863636363636368 0 24.116915509259261 161.50000000000003 4.3569618055555557 0.43729304635761596 328.26683333333648
decision_type=2 2 2 10 10 2 2 10 1 2 2 2 8 10
left_child=3 2 -2 4 5 6 -1 -8 10 -10 12 13 -7 -12
right_child=1 -3 -4 -5 -6 8 7 -9 9 -11 11 -13 -14 -15
leaf_value=-0.0023678338792076548 -0.00087347609719587817 0.0021261659680987411 0.0012660974730637723 -0.0012071647328959234 0.0014613378458307124 -0.0013063888832438374 -0.00092204427270249265 0.0012445185673557436 -0.0001025883341651163 -0.0016028238833860086 0.00093789234388774886 0.0023801663787960405 0.00012180011903279022 -0.001307270163712515
leaf_weight=104 142 110 154 113 120 205 183 104 2483 192 108 186 4337 110
leaf_count=104 142 110 154 113 120 205 183 104 2483 192 108 186 4337 110
internal_value=1.80774e-05 0.000750797 0.00023968 -1.80032e-05 -1.4789e-06 -2.33883e-05 -0.00073033 -0.000136948 1.28818e-05 -0.000209486 0.000133301 0.000990603 5.73398e-05 -0.000194988
internal_weight=8651 406 296 8245 8132 8012 391 287 7621 2675 4946 404 4542 218
internal_count=8651 406 296 8245 8132 8012 391 287 7621 2675 4946 404 4542 218
cat_boundaries=0 1
cat_threshold=26
is_linear=0
shrinkage=0.03


Tree=278
num_leaves=15
num_cat=2
split_feature=5 35 1 22 37 30 28 29 1 26 28 0 31 27
split_gain=0.375244 0.69345 0.434457 0.24663 0.258037 0.33515 0.321383 0.764484 0.655292 0.409154 0.289146 0.474688 0.473216 0.78536
threshold=0.58570000000000011 0 58.500000000000007 11720.000000000002 1 11.250000000000002 3.0406018518518523 1.0000000180025095e-35 2.5000000000000004 0.06030303030303031 0.83592013888888894 5.5000000000000009 0.95670914542728658 11.416377314814817
decision_type=2 1 2 2 9 2 2 2 2 10 2 2 10 2
left_child=3 -2 -3 4 6 -6 8 -8 -1 -10 12 -12 13 -7
right_child=1 2 -4 -5 5 10 7 -9 9 -11 11 -13 -14 -15
leaf_value=0.0020166911592710162 -0.0010440944205827505 0.0027005273174366047 0.00022694807057038391 -0.00115101825797279 -0.0014141894384013041 0.0029736933432033528 3.9298227600132421e-05 0.0025982993166503866 0.00010070299491528839 -0.0015343960090736894 0.00043379361088059456 -0.00045345712726892049 2.8322755307920471e-05 0.00014817681225291963
leaf_weight=149 108 174 101 163 163 138 270 172 1304 154 714 2262 2411 247
leaf_count=149 108 174 101 163 163 138 270 172 1304 154 714 2262 2411 247
internal_value=4.73353e-05 0.00096504 0.00172917 4.19295e-06 2.77776e-05 -7.25397e-05 0.000317156 0.00103511 0.000121659 -7.20029e-05 -3.47775e-05 -0.000240589 0.000184283 0.00116096
internal_weight=8530 383 275 8147 7984 5935 2049 442 1607 1458 5772 2976 2796 385
internal_count=8530 383 275 8147 7984 5935 2049 442 1607 1458 5772 2976 2796 385
cat_boundaries=0 1 2
cat_threshold=18 245916036
is_linear=0
shrinkage=0.03


Tree=279
num_leaves=15
num_cat=2
split_feature=31 31 28 31 31 1 26 36 38 22 31 31 37 31
split_gain=0.241683 0.614688 0.317596 0.284275 0.420907 0.275499 0.296256 0.522245 0.362946 0.269102 0.605219 0.37325 0.296131 0.549673
threshold=2.3252092253795253 2.3685450375054251 9.5670312500000012 2.2263297191155131 2.1736188001355781 9.5000000000000018 0.042572463768115944 0 1.5086066121319983 4649.0500000000011 3.0695184816355225 2.4757543249946594 1 3.5964306480092683
decision_type=10 8 2 10 10 2 8 9 2 2 10 10 9 10
left_child=2 -2 3 4 -1 -4 7 8 -7 11 -11 -3 13 -13
right_child=1 9 5 -5 -6 6 -8 -9 -10 10 -12 12 -14 -15
leaf_value=7.1745550996901681e-05 -0.0024557262613863042 0.0014158861461438168 -0.00068808626364140458 0.001425664118801554 -0.0018579346537164663 0.00059005945393383332 0.0022493749105548678 -0.00068547619336428354 0.0025450051986512907 -0.0024988872605527556 0.00018419670498334481 0.0022895145535425055 -0.0002465664486781151 -8.6069613540472705e-05
leaf_weight=4665 103 159 108 135 104 236 127 178 134 129 183 127 1881 283
leaf_count=4665 103 159 108 135 104 236 127 178 134 129 183 127 1881 283
internal_value=4.44804e-05 -0.000180213 0.000157676 6.80939e-05 2.9664e-05 0.000718739 0.000943831 0.000641269 0.00126391 -9.53545e-05 -0.000925155 1.03181e-05 -8.72311e-05 0.000634311
internal_weight=8552 2865 5687 4904 4769 783 675 548 370 2762 312 2450 2291 410
internal_count=8552 2865 5687 4904 4769 783 675 548 370 2762 312 2450 2291 410
cat_boundaries=0 1 2
cat_threshold=36 1392508976
is_linear=0
shrinkage=0.03


Tree=280
num_leaves=15
num_cat=0
split_feature=27 38 38 27 13 28 1 18 24 22 5 0 30 21
split_gain=0.3128 0.514195 0.766374 0.388119 0.392554 0.363445 0.327367 0.2727 0.456338 0.237256 0.492198 0.526105 0.652177 0.521999
threshold=30.512980324074078 1.7308173717050517 1.5905615595002731 29.165914351851857 0.50000000000000011 14.97566550925926 27.500000000000004 1.0000000180025095e-35 174.82500000000351 1032.6000000000001 0.31010000000000004 9.5000000000000018 154.75000000000003 80.916666666666671
decision_type=2 2 2 2 2 2 2 2 8 2 2 2 2 2
left_child=3 2 5 7 6 -2 -5 9 -9 -1 -11 13 -13 -12
right_child=1 -3 -4 4 -6 -7 -8 8 -10 10 11 12 -14 -15
leaf_value=-9.1006558110492082e-05 -0.0019311869989219559 -0.0025961357847409093 0.0020816703675314782 -0.00054627985428075214 0.0020631470630893059 0.00018124792324242128 0.0012011442508082836 0.00040572516492102292 -0.0021597754027254546 6.1048602617659633e-05 0.0015913689580806733 0.00055998802547483652 0.0039287905486088499 -0.00020977997852255926
leaf_weight=3659 159 100 100 191 171 136 195 120 130 2792 230 106 101 391
leaf_count=3659 159 100 100 191 171 136 195 120 130 2792 230 106 101 391
internal_value=5.76104e-05 -0.000674456 -0.000187954 0.000102425 0.000866574 -0.000957319 0.000336486 4.5893e-05 -0.000928335 7.93532e-05 0.000251548 0.00089391 0.0022037 0.000457312
internal_weight=8581 495 395 8086 557 295 386 7529 250 7279 3620 828 207 621
internal_count=8581 495 395 8086 557 295 386 7529 250 7279 3620 828 207 621
is_linear=0
shrinkage=0.03


Tree=281
num_leaves=15
num_cat=0
split_feature=38 38 27 23 27 23 31 28 17 27 38 38 38 31
split_gain=0.271637 0.411672 0.916477 0.993499 0.715064 0.498736 0.727595 0.382602 0.329456 0.288873 0.53457 0.303057 0.406309 0.424093
threshold=1.6532236652559551 1.5332185501827926 27.99934027777778 113.50000000000001 24.683640046296301 90.500000000000014 0.87253384912959397 3.0406018518518523 1.0000000180025095e-35 29.999490740740743 1.3068117707623119 1.303379534429655 1.2349094216284453 2.016441834019211
decision_type=2 2 2 2 2 2 10 2 2 2 2 2 2 8
left_child=1 9 4 -4 5 6 -3 -7 -8 11 -11 12 -1 -14
right_child=-2 2 3 -5 -6 7 8 -9 -10 10 -12 -13 13 -15
leaf_value=0.00010132154251337748 -0.00020561754708112675 0.0017248208583723059 0.00069422838004217391 0.0044043144065007154 -0.0021723283415443257 0.00050104359378080779 -0.0012520156286061192 0.0030820453507360069 0.00060868160404264926 -0.0023050003548312596 0.00015366962842953009 -0.00018275419853266728 0.0019086164215960624 9.2410589138823519e-05
leaf_weight=1495 3201 161 163 108 103 107 272 100 125 134 196 1979 264 206
leaf_count=1495 3201 161 163 108 103 107 272 100 125 134 196 1979 264 206
internal_value=1.34558e-05 0.000143006 0.000649802 0.00217279 0.000174308 0.000490261 2.37152e-05 0.0017479 -0.000666154 7.94704e-06 -0.000844699 7.92892e-05 0.0003432 0.00111258
internal_weight=8614 5413 1139 271 868 765 558 207 397 4274 330 3944 1965 470
internal_count=8614 5413 1139 271 868 765 558 207 397 4274 330 3944 1965 470
is_linear=0
shrinkage=0.03


Tree=282
num_leaves=15
num_cat=2
split_feature=21 27 38 36 1 38 35 0 38 38 27 25 38 26
split_gain=0.268025 0.198967 0.226648 0.655678 0.286817 0.284542 0.336393 0.290278 0.340275 0.508936 0.363514 0.372611 0.331981 0.296319
threshold=226.47500000000005 6.9996585648148155 2.1207569113729212 0 57.500000000000007 2.0230418184696588 1 11.500000000000002 1.49114996322555 1.3746037144012846 14.020572916666667 0.26235294117647062 1.185804290774765 0.047727272727272736
decision_type=2 2 2 9 2 2 1 2 2 2 2 10 2 8
left_child=1 -1 5 4 -4 7 -7 -3 9 12 11 -10 -9 -13
right_child=-2 2 3 -5 -6 6 -8 8 10 -11 -12 13 -14 -15
leaf_value=-0.00098981629187351486 0.001487982091444483 6.7076509035540776e-05 0.0011667255759080447 -0.0023881777748979136 -0.00096328066159039733 0.0019020870917405364 -0.00012853575748721918 0.00049840885095839055 0.00075155070579406634 0.0015282914802027554 -0.0021384700245266268 -0.00022491797189808115 -0.0013769321384755498 -0.0021361304730590845
leaf_weight=190 106 6482 132 126 100 145 145 155 146 158 165 159 188 135
leaf_count=190 106 6482 132 126 100 145 145 155 146 158 165 159 188 135
internal_value=-1.11535e-05 -3.00128e-05 -7.87064e-06 -0.000746124 0.000238346 2.56778e-05 0.000947933 -9.56914e-06 -0.000458771 0.000119481 -0.000937621 -0.000487303 -0.000529475 -0.00110252
internal_weight=8532 8426 8236 358 232 7878 290 7588 1106 501 605 440 343 294
internal_count=8532 8426 8236 358 232 7878 290 7588 1106 501 605 440 343 294
cat_boundaries=0 1 2
cat_threshold=5 10
is_linear=0
shrinkage=0.03


Tree=283
num_leaves=15
num_cat=1
split_feature=27 38 30 35 24 1 25 25 24 5 27 21 30 30
split_gain=0.257914 0.250538 0.399436 0.571012 0.549437 0.493811 0.568478 0.694223 0.609531 0.52484 0.482262 0.473168 0.413167 0.612783
threshold=31.328431712962963 1.5293415622999216 160.02500000000003 0 257.1431666666503 47.500000000000007 0.47913043478260875 0.5594117647058825 53.943333333333584 0.15470000000000003 30.28078703703704 87.225000000000009 90.500000000000014 51.050000000000004
decision_type=2 2 2 1 10 2 10 10 10 2 2 2 2 2
left_child=1 -1 4 10 5 6 8 -8 9 12 -4 -6 13 -3
right_child=-2 2 3 -5 11 -7 7 -9 -10 -11 -12 -13 -14 -15
leaf_value=-0.00012310993597910685 -0.0014741479916847309 0.0008069842283831626 0.00014367062461568148 0.0020544669228307541 -0.00027782428352271808 -0.00033642891247160202 0.0035099694159764203 0.00050148178634366815 -0.00066691020150515907 -0.00087553710666146472 0.0017778409019804852 -0.0029004295141763017 6.3325267578225711e-05 0.0035225556145000846
leaf_weight=4167 102 184 1242 196 153 1156 114 175 439 132 187 104 168 126
leaf_count=4167 102 184 1242 196 153 1156 114 175 439 132 187 104 168 126
internal_value=2.54721e-05 4.3377e-05 0.000201912 0.00057484 -1.83739e-05 0.000117725 0.000510102 0.00168822 0.00018553 0.000799008 0.000355035 -0.00133911 0.00126143 0.00191073
internal_weight=8645 8543 4376 1625 2751 2494 1338 289 1049 610 1429 257 478 310
internal_count=8645 8543 4376 1625 2751 2494 1338 289 1049 610 1429 257 478 310
cat_boundaries=0 1
cat_threshold=25
is_linear=0
shrinkage=0.03


Tree=284
num_leaves=15
num_cat=1
split_feature=24 31 31 37 28 1 32 25 28 31 31 30 1 24
split_gain=0.222285 0.247988 0.590783 0.508167 0.394515 0.361162 0.360975 0.375144 0.354645 0.337478 0.352583 0.279353 0.641295 1.57351
threshold=770.65416666668386 2.4757543249946594 2.4004002287021158 0 23.449693287037039 88.500000000000014 3.5000000000000004 0.64142857142857157 17.665509259259263 3.6569070953420728 7.7898305084745774 170.12500000000003 44.500000000000007 150.92599999999581
decision_type=10 10 10 9 2 2 2 8 2 10 10 2 2 10
left_child=1 2 4 5 8 9 -5 -8 11 -3 -11 -1 -13 -14
right_child=-2 3 -4 6 -6 -7 7 -9 -10 10 -12 12 13 -15
leaf_value=-9.1495721809605133e-05 0.0012552775866409749 0.00086899829995484498 0.0021234286047671579 -0.0017602956281708819 0.0018273011966747591 0.0015170008610584772 -0.00062330846294942331 0.00077337322979922224 -0.0016181695632143946 -0.0010446531534903107 0.00086226396907259479 -0.00015461723738313779 0.003063923876501388 -0.00023096885545423017
leaf_weight=4327 121 251 123 210 107 176 1246 201 121 313 121 743 232 298
leaf_count=4327 121 251 123 210 107 176 1246 201 121 313 121 743 232 298
internal_value=-2.1464e-05 -3.97054e-05 6.5892e-05 -0.000289273 2.24677e-05 0.000301341 -0.000594395 -0.000429298 -1.12881e-05 -6.60427e-06 -0.000513001 2.3432e-05 0.000414078 0.00121132
internal_weight=8590 8469 5951 2518 5828 861 1657 1447 5721 685 434 5600 1273 530
internal_count=8590 8469 5951 2518 5828 861 1657 1447 5721 685 434 5600 1273 530
cat_boundaries=0 1
cat_threshold=1593868472
is_linear=0
shrinkage=0.03


Tree=285
num_leaves=15
num_cat=2
split_feature=38 37 38 38 23 0 37 28 28 0 23 28 24 27
split_gain=0.214682 0.427173 0.37137 0.463624 0.382349 0.494139 0.332191 0.273453 0.301157 0.261015 0.251958 0.443442 0.363671 0.409648
threshold=1.2136152152855135 0 1.2954461497495575 1.3457549881401243 187.50000000000003 9.5000000000000018 1 11.813281250000001 1.3800347222222225 5.5000000000000009 167.50000000000003 4.3569618055555557 583.68516666666449 30.62453125
decision_type=2 9 2 2 2 2 9 2 2 2 2 2 10 2
left_child=1 -1 -2 -4 6 -6 9 8 -3 -5 12 -12 13 -8
right_child=2 7 3 4 5 -7 10 -9 -10 -11 11 -13 -14 -15
leaf_value=-0.0008192886072975581 0.00086131792105914389 0.00090680197805802264 -0.00089347086048551959 0.0021893912502186927 0.00020618247277560129 0.002896137742828785 7.8396038202181516e-05 0.0014794454726870753 -0.00048946503517476633 0.00043352673356967435 -0.0020574983727294121 0.00033455129654612391 0.0017075434713570612 -0.0014546005919045355
leaf_weight=674 569 205 427 111 157 101 4965 128 432 243 139 140 119 162
leaf_count=674 569 205 427 111 157 101 4965 128 432 243 139 140 119 162
internal_value=5.86657e-05 -0.000275593 0.000126099 6.23662e-05 0.000128871 0.00125923 7.92657e-05 0.000211374 -4.01169e-05 0.000957059 2.12527e-05 -0.000857187 6.80116e-05 2.99573e-05
internal_weight=8572 1439 7133 6564 6137 258 5879 765 637 354 5525 279 5246 5127
internal_count=8572 1439 7133 6564 6137 258 5879 765 637 354 5525 279 5246 5127
cat_boundaries=0 1 2
cat_threshold=100772368 235413520
is_linear=0
shrinkage=0.03


Tree=286
num_leaves=15
num_cat=2
split_feature=1 1 37 32 29 32 31 28 32 35 31 1 23 31
split_gain=0.285549 0.548309 0.455652 0.588735 0.328713 0.314663 0.292179 0.277462 0.274193 0.32882 0.287727 0.241721 0.261956 0.235823
threshold=72.500000000000014 80.500000000000014 0 1.5000000000000002 3.5000000000000004 22.500000000000004 2.7963381933970175 9.4594675925925937 12.500000000000002 1 1.8510756265247286 67.500000000000014 110.50000000000001 1.783196239717979
decision_type=2 2 9 2 2 2 10 2 2 1 10 2 2 8
left_child=11 13 4 -4 5 7 -6 -3 9 -5 -10 -1 -13 -2
right_child=1 2 3 8 6 -7 -8 -9 10 -11 -12 12 -14 -15
leaf_value=6.6695986708225133e-05 -0.0024502559730696471 -0.00075652385095504942 -0.0015631387554026106 0.00041955379625816441 0.0017129566037328912 -0.0023142265313821336 -0.00045955644169589499 0.00093224427167160225 0.0012704344541167041 0.0024642788717719895 -0.00082330150780733668 0.00020542562663952897 0.0021982831697528351 -0.00076372626718154409
leaf_weight=6366 129 658 101 154 104 101 120 101 112 151 125 144 101 177
leaf_count=6366 129 658 101 154 104 101 120 101 112 151 125 144 101 177
internal_value=6.66525e-06 -0.00030427 -9.68833e-05 0.000531477 -0.000470176 -0.000741131 0.00054911 -0.0005318 0.000931608 0.00152641 0.000166143 0.000102283 0.00102697 -0.00147471
internal_weight=8644 2033 1727 643 1084 860 224 759 542 305 237 6611 245 306
internal_count=8644 2033 1727 643 1084 860 224 759 542 305 237 6611 245 306
cat_boundaries=0 1 2
cat_threshold=1922582593 5
is_linear=0
shrinkage=0.03


Tree=287
num_leaves=15
num_cat=1
split_feature=31 31 22 17 35 25 21 23 22 0 21 16 23 1
split_gain=0.21942 0.245921 0.181775 0.156377 0.381874 0.428435 0.435458 0.319911 0.249583 0.722544 0.527685 0.545057 0.538993 0.281029
threshold=11.800000000000002 8.173220338983052 11720.000000000002 1.5000000000000002 0 0.45972972972972981 56.833333333333336 66.500000000000014 5447.5625000000009 4.5000000000000009 128.03333333333336 1.0000000180025095e-35 135.50000000000003 38.500000000000007
decision_type=10 10 2 2 1 10 2 2 2 2 2 2 2 2
left_child=1 2 3 8 5 7 -7 -5 -1 -10 12 -12 -11 -13
right_child=-2 -3 -4 4 -6 6 -8 -9 9 10 11 13 -14 -15
leaf_value=-0.00012941576581377036 -0.0013147367949268834 0.0012426794331697824 -0.001079044697428893 -0.00042130711115896701 -0.0017995577265702736 0.00063686714641964784 -0.0017712480365539962 0.0016662669522516734 0.0025486896557575631 0.0015066267342709705 -0.0017427989409023194 -0.00068851362189484961 -0.00047744937828340852 0.0014858818290544287
leaf_weight=6413 136 121 174 120 153 104 193 147 121 316 218 108 202 106
leaf_count=6413 136 121 174 120 153 104 193 147 121 316 218 108 202 106
internal_value=-0.000119259 -0.000100122 -0.000119523 -9.91646e-05 -0.000522399 -0.00014152 -0.000928002 0.000728031 -5.86169e-05 0.000365317 8.72243e-05 -0.000687005 0.000732914 0.000388523
internal_weight=8632 8496 8375 8201 717 564 297 267 7484 1071 950 432 518 214
internal_count=8632 8496 8375 8201 717 564 297 267 7484 1071 950 432 518 214
cat_boundaries=0 1
cat_threshold=11
is_linear=0
shrinkage=0.03


Tree=288
num_leaves=15
num_cat=0
split_feature=22 27 27 13 17 23 30 38 30 30 38 38 27 25
split_gain=0.306721 0.225849 0.18522 0.311363 0.439402 0.855336 0.707869 0.600723 0.486071 0.465938 0.411182 0.365206 0.401147 0.321315
threshold=3.162500000000001 13.999311342592593 30.570040509259261 0.50000000000000011 1.5000000000000002 21.500000000000004 94.500000000000014 1.3860280931248949 194.10000000000002 130.50000000000003 1.7108009314761714 2.1579342295588102 13.999716435185187 0.45972972972972981
decision_type=2 2 2 2 2 2 2 2 2 2 2 2 2 10
left_child=1 -1 3 11 5 -5 -6 -7 9 -9 -10 -2 -13 -8
right_child=2 -3 -4 4 6 7 13 8 10 -11 -12 12 -14 -15
leaf_value=-0.00010606491012210052 4.4756720303538274e-05 -0.0016527027891067687 -0.00056437816631776082 0.0033291409746131024 -0.0022565649596687689 -0.000905851355539653 0.0016266487563722008 0.0010111014951627712 0.0011146824748214819 0.0035129367008270452 -0.0013902082422197779 -2.3543670162325724e-05 -0.0025893130276979192 -0.00032180850491708805
leaf_weight=173 6255 167 414 114 117 192 129 199 138 101 103 120 101 186
leaf_count=173 6255 167 414 114 117 192 129 199 138 101 103 120 101 186
internal_value=1.71368e-05 -0.000865737 5.38826e-05 8.68884e-05 0.00051463 0.000911746 -0.000263974 0.00053578 0.00104741 0.00185339 4.41275e-05 2.41004e-06 -0.00119614 0.000476131
internal_weight=8509 340 8169 7755 1279 847 432 733 541 300 241 6476 221 315
internal_count=8509 340 8169 7755 1279 847 432 733 541 300 241 6476 221 315
is_linear=0
shrinkage=0.03


Tree=289
num_leaves=15
num_cat=2
split_feature=37 30 5 21 38 24 18 35 31 13 38 27 5 23
split_gain=0.340829 0.410825 0.821002 0.401301 0.343718 0.341217 0.238349 0.225713 0.221466 0.734187 0.177032 0.227077 0.175962 0.186317
threshold=0 72.500000000000014 0.38195000000000007 2.4166666666666674 1.778892175772542 203.10616666666351 1.0000000180025095e-35 1 0.35714348202647267 1.0000000180025095e-35 1.3498666474132694 11.999675925925928 0.81665000000000021 54.500000000000007
decision_type=9 2 2 2 2 10 2 1 8 2 2 2 2 2
left_child=1 2 3 -1 5 7 8 10 9 -2 -5 -12 13 -10
right_child=6 -3 -4 4 -6 -7 -8 -9 12 -11 11 -13 -14 -15
leaf_value=-0.0021074121625697952 -0.00077151904396607343 0.00078412865557391008 -0.002856253693063211 0.0012924623142620457 0.00094638830640103632 -0.0020509375655092298 -0.00080227915054613332 -0.0011629350631104395 0.00027419764181354806 0.0026896189311924187 -0.0010753539807185353 0.00076005305044161964 0.0012892676639547481 -6.2900599494502513e-05
leaf_weight=107 106 194 140 103 194 106 277 135 2178 115 126 117 104 4576
leaf_count=107 106 194 140 103 194 106 277 135 2178 115 126 117 104 4576
internal_value=-1.63641e-05 -0.00047818 -0.00072105 -0.000384418 -0.000148362 -0.00051017 6.09214e-05 -0.000170624 9.47843e-05 0.00102953 0.000243133 -0.000191639 6.46622e-05 4.58053e-05
internal_weight=8578 1222 1028 888 781 587 7356 481 7079 221 346 243 6858 6754
internal_count=8578 1222 1028 888 781 587 7356 481 7079 221 346 243 6858 6754
cat_boundaries=0 1 2
cat_threshold=1210655415 21
is_linear=0
shrinkage=0.03


Tree=290
num_leaves=15
num_cat=0
split_feature=28 1 26 18 38 1 1 22 16 32 22 26 21 0
split_gain=0.250824 0.538633 0.440931 0.342247 0.30747 0.528168 0.454458 0.347439 0.428498 0.339217 0.323396 0.451917 0.287824 0.285982
threshold=6.9605208333333346 11.500000000000002 0.06030303030303031 1.0000000180025095e-35 1.3787221173244693 45.500000000000007 87.500000000000014 1046.2500000000002 1.0000000180025095e-35 7.5000000000000009 4264.1500000000005 1.0000000180025095e-35 184.77500000000001 7.5000000000000009
decision_type=2 2 8 2 2 2 2 2 2 2 2 10 2 2
left_child=3 13 4 12 6 10 7 -3 -9 -7 11 -6 -1 -2
right_child=1 2 -4 -5 5 9 -8 8 -10 -11 -12 -13 -14 -15
leaf_value=1.3313887130525208e-05 -0.00014848486191175621 0.00043124346652271547 0.0020647610551146351 -0.0011462585780057397 0.002474891989358428 -0.0014354644126545349 0.0015361505582184938 0.00021608909776356692 -0.0017151079313501853 0.00049926927202336845 0.0030099592905710724 0.00013358532139199741 -0.0011553123297184059 -0.0019285094602871685
leaf_weight=5881 232 308 149 255 123 104 139 180 243 378 102 187 196 125
leaf_count=5881 232 308 149 255 123 104 139 180 243 378 102 187 196 125
internal_value=2.74373e-05 0.000297997 0.00049763 -6.95575e-05 0.000365259 0.000755977 -3.62382e-05 -0.000335229 -0.000893322 8.18164e-05 0.00154468 0.00106256 -2.43775e-05 -0.000771743
internal_weight=8602 2270 1913 6332 1764 894 870 731 423 482 412 310 6077 357
internal_count=8602 2270 1913 6332 1764 894 870 731 423 482 412 310 6077 357
is_linear=0
shrinkage=0.03


Tree=291
num_leaves=15
num_cat=3
split_feature=31 28 1 37 37 0 1 21 31 0 1 30 24 37
split_gain=0.265126 0.274545 0.266494 0.617644 0.446333 0.363928 0.509423 0.331708 0.322499 0.386604 0.676725 0.607604 0.52523 0.512027
threshold=11.800000000000002 26.983998842592595 35.500000000000007 0 1 3.5000000000000004 9.5000000000000018 2.4166666666666674 0.35714348202647267 10.500000000000002 33.500000000000007 265.77500000000003 474.78833333333142 2
decision_type=10 2 2 9 9 2 2 2 10 2 2 2 10 9
left_child=1 2 3 -1 -4 6 -5 -6 -7 10 11 12 -10 -11
right_child=-2 -3 4 5 7 8 -8 -9 9 13 -12 -13 -14 -15
leaf_value=0.0018442119388925122 -0.0013735686741255665 -0.0014566008284544716 -0.00097060418639254443 6.8233522284902971e-05 -0.0014437782784353648 0.0009310653930815929 -0.0025034624941277072 0.00029760132750591338 -4.7504559784794031e-05 0.00013340965593995082 -0.0021638735301231088 0.0012881938000390545 -0.0020137126275966335 -0.0018159734254526293
leaf_weight=123 131 117 278 132 101 230 146 3898 2345 214 136 296 129 280
leaf_count=123 131 117 278 132 101 230 146 3898 2345 214 136 296 129 280
internal_value=-3.43193e-05 -1.34954e-05 6.82761e-06 -0.000168189 0.000171778 -0.000235643 -0.00128237 0.000252988 -0.00015613 -0.000229676 -9.778e-05 3.66002e-06 -0.000150027 -0.00100556
internal_weight=8556 8425 8308 4031 4277 3908 278 3999 3630 3400 2906 2770 2474 494
internal_count=8556 8425 8308 4031 4277 3908 278 3999 3630 3400 2906 2770 2474 494
cat_boundaries=0 1 2 3
cat_threshold=1049369 1074807640 3300917248
is_linear=0
shrinkage=0.03


Tree=292
num_leaves=15
num_cat=0
split_feature=23 32 31 31 31 21 23 22 33 1 0 30 22 31
split_gain=0.203326 0.175212 0.234117 0.360416 0.44157 0.298062 0.200467 0.19604 0.640534 0.973706 0.356882 0.588422 0.360761 0.455589
threshold=9.5000000000000018 26.500000000000004 3.8148890660073529 2.3685450375054251 1.9261208576998052 81.208333333333343 64.500000000000014 6785.2500000000009 1.0000000180025095e-35 51.500000000000007 13.500000000000002 28.165000000000003 550.15000000000009 1.7149703331811961
decision_type=2 2 10 10 10 2 2 2 2 2 2 2 2 10
left_child=-1 7 3 4 6 -5 -3 10 -9 -10 -2 -12 -13 -14
right_child=1 2 -4 5 -6 -7 -8 8 9 -11 11 12 13 -15
leaf_value=-0.0009090083315448996 0.00019390640856136913 -0.00068163290046254128 -0.0013091402490329194 -0.00047679832051341817 -0.0021464380713950956 0.0015333956897835837 0.0010349023510765247 0.00010386872045617078 -0.0035874815375207601 0.00041761008340238342 -0.0023493223108659337 0.0011570075563630544 -0.002173897103712079 0.00053374317010005539
leaf_weight=214 6107 151 190 112 128 163 103 710 119 101 133 143 108 116
leaf_count=214 6107 151 190 112 128 163 103 710 119 101 133 143 108 116
internal_value=4.13224e-06 2.744e-05 -0.000381665 -0.000113445 -0.000709622 0.000714698 1.44424e-05 7.34148e-05 -0.000334392 -0.00174878 0.000130818 -0.000639749 -2.02033e-05 -0.000771726
internal_weight=8598 8384 847 657 382 275 254 7537 930 220 6607 500 367 224
internal_count=8598 8384 847 657 382 275 254 7537 930 220 6607 500 367 224
is_linear=0
shrinkage=0.03


Tree=293
num_leaves=15
num_cat=1
split_feature=31 22 13 1 15 0 30 35 0 22 0 31 31 21
split_gain=0.248801 0.205883 0.264959 0.260996 0.259026 0.17402 0.484185 0.309688 0.181958 0.620315 0.396237 0.319682 0.497735 0.354295
threshold=11.800000000000002 9234.8000000000011 1.0000000180025095e-35 41.500000000000007 1.0000000180025095e-35 13.500000000000002 39.500000000000007 0 7.5000000000000009 4828.3540000000012 8.5000000000000018 0.6909759149202378 0.46316937957065346 114.53333333333335
decision_type=10 2 2 2 2 2 2 1 2 2 2 8 10 2
left_child=1 4 -3 -4 5 8 -7 -8 -1 11 -11 12 -10 -13
right_child=-2 2 3 -5 -6 6 7 -9 9 10 -12 13 -14 -15
leaf_value=-5.1946619943803528e-05 -0.0012810912509045496 -0.00016518114519876022 0.0004464429093551048 0.0023645604668377802 -0.0012049625049602535 -0.0016811428155262659 -0.0006400574739240855 0.0010502542435677886 0.00018917381224271498 0.00061750009239308146 -0.0014827306663367072 0.00017789771177012477 0.0027123985666326665 0.0013155124451541766
leaf_weight=3989 127 191 142 116 152 193 196 176 152 114 278 2368 131 275
leaf_count=3989 127 191 142 116 152 193 196 176 152 114 278 2368 131 275
internal_value=3.69074e-05 5.66626e-05 0.000681814 0.00130885 2.16809e-05 4.53661e-05 -0.000461885 0.000170687 8.45884e-05 0.000248735 -0.000871949 0.000398874 0.00135717 0.000296265
internal_weight=8600 8473 449 258 8024 7872 565 372 7307 3318 392 2926 283 2643
internal_count=8600 8473 449 258 8024 7872 565 372 7307 3318 392 2926 283 2643
cat_boundaries=0 1
cat_threshold=3
is_linear=0
shrinkage=0.03


Tree=294
num_leaves=15
num_cat=2
split_feature=28 22 37 24 23 33 28 38 0 28 37 13 38 21
split_gain=0.26038 0.510386 0.480325 0.412258 0.411545 0.413048 0.848854 0.365609 0.354616 0.351823 0.359215 0.605604 0.493954 0.408144
threshold=0.93167824074074079 6444.0500000000002 0 67.346666666667446 73.500000000000014 1.0000000180025095e-35 10.811435185185188 1.7108009314761714 3.5000000000000004 0.67822337962962975 1 1.0000000180025095e-35 1.6355853803496998 165.3666666666667
decision_type=2 2 9 10 2 2 2 2 2 2 9 2 2 2
left_child=8 2 -2 7 -4 -6 -7 -3 -1 10 11 12 -10 -12
right_child=1 3 4 -5 5 6 -8 -9 9 -11 13 -13 -14 -15
leaf_value=-0.00097038803566210552 0.000601555944528784 -0.0032323384628398341 -0.00082923695634821971 -0.00022933980011237927 -0.00023334837478383702 -0.00028869776622668353 0.0028283077636733654 -0.00090893561989140073 0.00079361369309481232 0.0019414824600331487 -6.4134492643617326e-05 0.00012510050584277444 0.0034775454168478365 0.0012637643421043617
leaf_weight=254 715 114 819 234 1465 199 130 131 144 100 3380 476 108 222
leaf_count=254 715 114 819 234 1465 199 130 131 144 100 3380 476 108 222
internal_value=-3.00332e-05 -0.000214307 -8.2525e-05 -0.0011299 -0.000270976 -1.76289e-05 0.000942946 -0.00199003 0.000119738 0.000182242 0.000141613 0.000744449 0.00194387 1.76581e-05
internal_weight=8491 3807 3328 479 2613 1794 329 245 4684 4430 4330 728 252 3602
internal_count=8491 3807 3328 479 2613 1794 329 245 4684 4430 4330 728 252 3602
cat_boundaries=0 1 2
cat_threshold=2191540253 219713920
is_linear=0
shrinkage=0.03


Tree=295
num_leaves=15
num_cat=4
split_feature=30 30 25 30 35 30 30 36 37 17 30 22 36 23
split_gain=0.287085 0.234741 0.221475 0.18587 0.55363 0.491665 1.0727 0.303547 0.203038 0.197304 0.457132 0.523235 0.711004 0.48507
threshold=368.50000000000006 330.27500000000003 0.070000000000000021 22.250000000000004 0 30.165000000000003 33.250000000000007 1 2 1.0000000180025095e-35 94.500000000000014 5447.5625000000009 3 167.50000000000003
decision_type=2 2 10 2 1 2 2 9 9 2 2 2 9 2
left_child=1 2 -1 4 -4 7 -7 -5 -6 -8 -11 13 -13 -12
right_child=-2 -3 3 5 8 6 9 -9 -10 10 11 12 -14 -15
leaf_value=0.0014165730468604512 -0.0011934686105458006 0.0014990759260642031 0.0024640955383074467 -0.00021670409578839045 0.00090457425527118082 0.0027094770998417144 -7.1182550373199743e-05 -0.0020138495478874197 -0.0001640720536325764 -0.00041762147923960966 0.0011499516053521703 -0.0017842312070274991 0.0010962344000581652 -0.00064382582746955717
leaf_weight=112 155 108 102 196 228 137 5002 154 484 587 925 165 130 159
leaf_count=112 155 108 102 196 228 137 5002 154 484 587 925 165 130 159
internal_value=8.60066e-05 0.000109368 9.14602e-05 7.35122e-05 0.000503951 2.65133e-05 8.05867e-05 -0.00107118 0.000185924 2.88993e-05 0.000283533 0.000581994 -0.000538195 0.000886842
internal_weight=8644 8489 8381 8269 814 7455 7105 350 712 6968 1966 1379 295 1084
internal_count=8644 8489 8381 8269 814 7455 7105 350 712 6968 1966 1379 295 1084
cat_boundaries=0 1 2 3 4
cat_threshold=8 17 411050245 36
is_linear=0
shrinkage=0.03


Tree=296
num_leaves=15
num_cat=3
split_feature=37 36 31 35 30 5 31 31 13 38 5 17 23 22
split_gain=0.282255 0.475205 0.600285 0.348539 0.307284 0.515993 0.315117 0.780181 0.283364 0.317249 0.435867 0.269882 0.385501 0.368739
threshold=0 1 6.564965103067685 2 302.72500000000008 0.31010000000000004 2.3393548387096779 2.4004002287021158 0.50000000000000011 1.9550961756217189 0.060650000000000003 1.0000000180025095e-35 18.500000000000004 6347.2600000000002
decision_type=9 9 10 1 2 2 10 10 2 2 2 2 2 2
left_child=1 -1 3 -3 6 -6 -2 -8 9 11 -11 12 -5 -14
right_child=4 2 -4 8 5 -7 7 -9 -10 10 -12 -13 13 -15
leaf_value=-0.0020320943280301511 0.00015929012867527589 0.001097988423301291 0.0018756317304366309 -0.0015387136328593764 0.00010525796653168714 0.0023363360336942363 -0.0028003548504015922 -0.00015091272665026858 0.00070503400817339447 0.0013814369442441791 -0.0011999328652163967 -0.0023493589176551291 0.00046755158053969756 -0.0015997559782288488
leaf_weight=131 4697 121 115 322 272 142 106 1776 144 134 105 114 270 109
leaf_count=131 4697 121 115 322 272 142 106 1776 144 134 105 114 270 109
internal_value=-3.97953e-06 -0.000366841 -0.000201696 -0.000384341 7.76406e-05 0.000870507 2.78655e-05 -0.000300137 -0.000538727 -0.000713764 0.000247362 -0.000995616 -0.000775464 -0.000127004
internal_weight=8558 1565 1434 1319 6993 414 6579 1882 1198 1054 239 815 701 379
internal_count=8558 1565 1434 1319 6993 414 6579 1882 1198 1054 239 815 701 379
cat_boundaries=0 1 2 3
cat_threshold=1410138665 32 4
is_linear=0
shrinkage=0.03


Tree=297
num_leaves=15
num_cat=1
split_feature=31 31 1 31 37 25 17 31 27 31 24 25 31 25
split_gain=0.319539 0.522761 0.398461 0.347121 0.844504 0.360984 0.285045 0.270135 0.223676 0.216779 0.25678 0.192357 0.17527 0.608431
threshold=5.1020956475013444 5.6826250000000007 83.500000000000014 4.2896428047626047 0 0.66333333333333344 1.0000000180025095e-35 3.8148890660073529 13.999369212962966 7.1358333333333341 131.82116666667164 0.090000000000000011 2.9393877551020409 0.4497297297297298
decision_type=10 10 2 8 9 8 2 10 2 10 10 8 10 8
left_child=3 -2 6 7 -5 -6 9 11 -7 -3 -11 -1 -13 -14
right_child=1 2 -4 4 5 8 -8 -9 -10 10 -12 12 13 -15
leaf_value=-0.0010600968240690419 -0.0023818552547038114 -0.0019995391760894562 0.0015367998440039925 0.0022698972831887662 -0.0016092183750109088 0.0013824842246027574 0.00077833001992690391 -0.0010396549547011474 -0.00051246820810126449 -0.0013345036666654051 0.00069392469072173453 7.6891914727779436e-05 -0.00072177342878993443 0.0011661883799482045
leaf_weight=125 116 120 101 215 102 126 111 190 101 125 102 6325 224 489
leaf_count=125 116 120 101 215 102 126 111 190 101 125 102 6325 224 489
internal_value=7.73732e-05 -0.000549128 -0.000168812 0.000130924 0.00086217 -0.000123028 -0.00054494 7.68236e-05 0.000539356 -0.000968234 -0.000423051 0.000106438 0.000127157 0.000573056
internal_weight=8572 675 559 7897 544 329 458 7353 227 347 227 7163 7038 713
internal_count=8572 675 559 7897 544 329 458 7353 227 347 227 7163 7038 713
cat_boundaries=0 1
cat_threshold=807405632
is_linear=0
shrinkage=0.03


Tree=298
num_leaves=15
num_cat=0
split_feature=26 30 30 22 29 1 22 24 0 22 30 33 32 30
split_gain=0.21505 0.412383 0.710322 0.507112 0.422908 0.433955 0.565034 0.367799 0.382514 0.331889 0.410926 0.357218 0.391703 0.338094
threshold=1.0000000180025095e-35 302.72500000000008 254.60000000000002 2034.1515000000002 3.5000000000000004 46.500000000000007 2103.7500000000005 328.26683333333648 6.5000000000000009 260.4500000000001 30.165000000000003 1.0000000180025095e-35 14.500000000000002 50.500000000000007
decision_type=8 2 2 2 2 2 2 10 2 2 2 2 2 2
left_child=1 2 4 -4 7 6 -6 9 -9 11 -11 -1 -13 -12
right_child=-2 -3 3 -5 5 -7 -8 8 -10 10 13 12 -14 -15
leaf_value=-0.00034177537859335117 0.0001607749105648081 0.0010323665362639114 -0.00046315234087300125 -0.0031617973622488824 4.5747435580584088e-05 -0.00047232793656916449 0.0029582297104562439 0.0021852121292399839 -7.3850793592331897e-05 -0.0024546902430806271 0.0011723490071017294 0.0016436961247502141 -0.00049052316296729253 -0.00059839160478196332
leaf_weight=578 4824 251 130 121 112 145 129 109 177 101 104 218 120 1451
leaf_count=578 4824 251 130 121 112 145 129 109 177 101 104 218 120 1451
internal_value=2.83466e-05 -0.000142191 -0.000226544 -0.00176409 -0.000107578 0.000824476 0.00160471 -0.000233461 0.000787121 -0.000346947 -0.000600402 0.000111263 0.000885985 -0.000479963
internal_weight=8570 3746 3495 251 3244 386 241 2858 286 2572 1656 916 338 1555
internal_count=8570 3746 3495 251 3244 386 241 2858 286 2572 1656 916 338 1555
is_linear=0
shrinkage=0.03


Tree=299
num_leaves=15
num_cat=0
split_feature=27 24 1 38 27 27 24 26 38 25 1 24 1 26
split_gain=0.259609 0.514703 0.397768 0.539989 0.500512 0.363016 0.414999 0.273689 0.421037 0.449801 0.390398 0.223934 0.413814 0.223259
threshold=29.999218750000001 128.70066666667003 62.500000000000007 1.6566415977439319 30.624687500000004 29.624641203703707 365.66033333333684 1.0000000180025095e-35 1.5293415622999216 0.51925925925925942 23.500000000000004 294.72549999998421 32.500000000000007 1.0000000180025095e-35
decision_type=2 10 2 2 2 2 10 10 2 10 2 10 2 8
left_child=5 -2 3 4 -3 6 11 8 9 -8 -9 13 -13 -1
right_child=1 2 -4 -5 -6 -7 7 10 -10 -11 -12 12 -14 -15
leaf_value=-0.00019349234693315034 -0.0024077526157054957 -0.00018907920619572644 -0.0016715716451178981 -0.0014563805149391111 0.002269164750859864 0.0013976423413577404 0.0020275724030675759 -0.0026301272110938424 -0.0013847071714311217 -0.00059858345707555197 -0.00059787190900093142 0.0018143427600179249 -0.00024878776848646369 0.00016072888940028103
leaf_weight=2790 118 168 131 123 134 165 114 124 144 121 271 176 174 3759
leaf_count=2790 118 168 131 123 134 165 114 124 144 121 271 176 174 3759
internal_value=-4.32075e-05 -0.000608194 -0.000226273 0.000219219 0.000901665 5.3764e-06 -2.45628e-05 -0.000683259 -0.000107343 0.000675382 -0.00123585 4.93364e-05 0.000788672 9.82383e-06
internal_weight=8512 674 556 425 302 7838 7673 774 379 235 395 6899 350 6549
internal_count=8512 674 556 425 302 7838 7673 774 379 235 395 6899 350 6549
is_linear=0
shrinkage=0.03


Tree=300
num_leaves=15
num_cat=1
split_feature=37 30 30 22 7 30 0 30 38 13 0 0 6 38
split_gain=0.197842 0.353849 0.565385 0.495802 0.460584 0.441036 0.514465 0.436594 0.42417 0.348881 0.644303 0.508383 0.433291 0.404681
threshold=0 50.500000000000007 58.500000000000007 855.05000000000007 1.5000000000000002 62.500000000000007 15.500000000000002 74.250000000000014 1.4639729811912707 1.0000000180025095e-35 8.5000000000000018 5.5000000000000009 1.0000000180025095e-35 1.6845112130280018
decision_type=9 2 2 2 2 2 2 2 2 2 2 2 2 2
left_child=-1 4 3 -3 9 -4 7 8 -7 10 11 -2 13 -11
right_child=1 2 5 -5 -6 6 -8 -9 -10 12 -12 -13 -14 -15
leaf_value=-0.0004077757073465479 0.0016860635101838145 -0.00023374862809915367 0.0019471680012724873 -0.0030780470629222689 0.002262067851631648 0.00018444663830450734 0.0020557547914229822 1.8674088884604393e-05 -0.0020694373614809753 -7.8288620108285284e-05 0.0020509313263427165 -0.00091942431666225616 -0.00088463254662082759 0.0017569778794818119
leaf_weight=842 103 123 106 100 121 128 107 5441 182 338 248 195 337 159
leaf_count=842 103 123 106 100 121 128 107 5441 182 338 248 195 337 159
internal_value=2.60794e-05 7.40299e-05 -2.61214e-05 -0.00150922 0.000487338 2.93331e-05 -5.36991e-06 -4.37181e-05 -0.0011388 0.000331728 0.00092126 -1.88698e-05 -5.42245e-05 0.000508849
internal_weight=8530 7688 6187 223 1501 5964 5858 5751 310 1380 546 298 834 497
internal_count=8530 7688 6187 223 1501 5964 5858 5751 310 1380 546 298 834 497
cat_boundaries=0 1
cat_threshold=537481994
is_linear=0
shrinkage=0.03


Tree=301
num_leaves=15
num_cat=1
split_feature=37 38 1 32 28 23 30 30 30 21 21 38 30 32
split_gain=0.278505 0.511569 0.327111 0.304081 0.176164 0.443427 0.229906 0.215757 0.333631 0.190697 0.423713 0.514248 0.395347 0.74595
threshold=0 1.8348248810853049 56.500000000000007 2.5000000000000004 20.991348379629631 161.50000000000003 368.50000000000006 324.57500000000005 296.02500000000003 84.650000000000006 80.916666666666671 1.6433721730732656 260.75000000000006 25.500000000000004
decision_type=9 2 2 2 2 2 2 2 2 2 2 2 2 2
left_child=1 2 3 -1 6 -6 7 8 9 10 -2 -12 -11 -14
right_child=4 -3 -4 -5 5 -7 -8 -9 -10 12 11 -13 13 -15
leaf_value=0.00088941742655482487 -6.7911734349801597e-05 0.0025635550028386806 0.0012749895095429753 -0.00091136729931652854 0.0014542746634809609 -0.00097105659535154691 -0.0013458616828133701 0.0011833055146298437 -0.0014179753346270675 6.466726688943084e-05 -7.6445668878756003e-05 -0.0026827333281256669 0.0032511956208439254 -0.0001575595321522157
leaf_weight=132 4321 103 189 234 211 100 122 129 158 2361 147 127 104 130
leaf_count=132 4321 103 189 234 211 100 122 129 158 2361 147 127 104 130
internal_value=2.43055e-05 0.000612518 0.000261471 -0.000261904 -2.53678e-05 0.000674425 -5.40412e-05 -3.29629e-05 -5.43155e-05 -2.43491e-05 -0.000140455 -0.00128447 0.000181241 0.00135744
internal_weight=8568 658 555 366 7910 311 7599 7477 7348 7190 4595 274 2595 234
internal_count=8568 658 555 366 7910 311 7599 7477 7348 7190 4595 274 2595 234
cat_boundaries=0 1
cat_threshold=152569236
is_linear=0
shrinkage=0.03


Tree=302
num_leaves=15
num_cat=3
split_feature=27 37 24 36 30 31 38 38 25 27 37 22 31 31
split_gain=0.378064 0.383739 0.260485 0.2142 0.206045 0.331344 0.200714 0.215795 0.255523 0.201806 0.180596 0.259452 0.3589 0.373528
threshold=12.974768518518522 0 306.33566666667008 1 3.2500000000000004 0.23920529801324505 1.6059309626954716 1.3276607299936829 0.34891304347826091 10.062233796296299 2 305.90000000000003 0.55936451399967002 0.66943681318681325
decision_type=2 9 10 9 2 8 2 2 10 2 9 2 10 10
left_child=1 3 6 -1 -2 -6 7 -3 -9 -8 -7 -12 -13 -14
right_child=4 2 -4 -5 5 10 9 8 -10 -11 11 12 13 -15
leaf_value=0.0012782383825462246 -0.0011263756961852778 -0.0003233022381544053 -0.0022165964207252358 -0.00014118682099802164 0.0017893534042637577 -0.00044366782393261188 0.0011517230076167513 -0.0024828039409270082 -0.00057598598201626116 -0.00073541448184508173 0.00061236199499340295 -0.0011147639462142252 0.0018407865391801231 0.00011254949209654541
leaf_weight=133 112 279 101 289 112 432 102 127 126 102 1067 210 115 5291
leaf_count=133 112 279 101 289 112 432 102 127 126 102 1067 210 115 5291
internal_value=6.81206e-05 -0.000412177 -0.000778636 0.000325401 0.000150515 0.000170304 -0.000591886 -0.000898669 -0.00153316 0.000208154 0.000144818 0.000183248 0.000102046 0.000149314
internal_weight=8598 1259 837 422 7339 7227 736 532 253 204 7115 6683 5616 5406
internal_count=8598 1259 837 422 7339 7227 736 532 253 204 7115 6683 5616 5406
cat_boundaries=0 1 2 3
cat_threshold=813695238 1 587203075
is_linear=0
shrinkage=0.03


Tree=303
num_leaves=15
num_cat=1
split_feature=31 28 28 31 32 31 24 37 30 23 23 17 24 28
split_gain=0.200197 0.270586 0.320277 0.272835 0.409348 0.323822 0.254907 0.22207 0.261789 0.399867 0.269392 0.469814 0.322186 0.258852
threshold=9.8538461538461561 26.983998842592595 21.930173611111112 6.1943351691581441 6.5000000000000009 5.1020956475013444 120.45833333333286 0 18.250000000000004 70.500000000000014 47.500000000000007 1.0000000180025095e-35 355.18716666666796 1.1472222222222224
decision_type=10 2 2 8 2 10 10 9 2 2 2 2 10 2
left_child=1 2 3 5 -5 7 -7 8 9 -1 11 13 -12 -10
right_child=-2 -3 -4 4 -6 6 -8 -9 10 -11 12 -13 -14 -15
leaf_value=-0.0025426763556621007 -0.00087855966747380214 -0.001384081141430546 0.001442831621709047 0.0019231170342280134 0.00015022723332331958 -0.00010542961007948698 -0.002162921201969896 0.00018750729474721373 0.00076863238367586191 -0.00010735320732285463 -0.00034130357774821325 0.0020060154633949798 0.0012728291611128952 -0.0011773129545979138
leaf_weight=101 195 110 160 177 347 112 105 4977 131 152 1534 145 120 116
leaf_count=101 195 110 160 177 347 112 105 4977 131 152 1534 145 120 116
internal_value=7.15676e-05 9.39249e-05 0.000113808 8.72834e-05 0.000749085 4.10024e-05 -0.00110099 7.50612e-05 -0.000168451 -0.00107956 -5.66107e-05 0.000650497 -0.000224196 -0.000145253
internal_weight=8482 8287 8177 8017 524 7493 217 7276 2299 253 2046 392 1654 247
internal_count=8482 8287 8177 8017 524 7493 217 7276 2299 253 2046 392 1654 247
cat_boundaries=0 1
cat_threshold=14746298
is_linear=0
shrinkage=0.03


Tree=304
num_leaves=15
num_cat=1
split_feature=31 31 28 31 31 24 38 24 31 37 28 28 17 33
split_gain=0.248693 0.936435 0.40731 0.363716 0.40068 0.309121 0.309414 0.291741 0.268583 0.426057 0.438015 0.355631 0.5618 0.332916
threshold=2.4757543249946594 2.6228785436617055 1.9286921296296298 2.4004002287021158 2.3393548387096779 474.78833333333142 2.2614072617831722 571.78549999999711 3.2948938677315356 0 10.484820601851853 6.5007060185185201 1.0000000180025095e-35 1.0000000180025095e-35
decision_type=10 10 2 10 10 10 2 10 10 9 2 2 2 2
left_child=3 2 -2 4 5 6 -1 -7 9 10 11 12 -3 -10
right_child=1 8 -4 -5 -6 7 -8 -9 13 -11 -12 -13 -14 -15
leaf_value=0.00013828955374661265 -0.0029276360914280469 -3.6082755965318418e-05 -0.00049054761871568928 0.0017143751627632549 -0.0015747232040121161 -0.002036679509570781 0.0017826893010309762 1.2485115389738763e-05 -0.0005072342359625561 -0.00073937095350180685 -0.0003966439884808387 0.0028481553459214497 0.002558477672050806 0.00062866176461587504
leaf_weight=5362 154 224 103 126 128 113 105 140 1199 221 197 103 113 288
leaf_count=5362 154 224 103 126 128 113 105 140 1199 221 197 103 113 288
internal_value=1.30237e-05 -0.000231764 -0.0019509 0.000119642 8.52821e-05 0.000122429 0.000169872 -0.000902754 -4.3355e-05 0.000379315 0.000766996 0.00130542 0.000833903 -0.000287236
internal_weight=8576 2602 257 5974 5848 5720 5467 253 2345 858 637 440 337 1487
internal_count=8576 2602 257 5974 5848 5720 5467 253 2345 858 637 440 337 1487
cat_boundaries=0 1
cat_threshold=316672032
is_linear=0
shrinkage=0.03


Tree=305
num_leaves=15
num_cat=1
split_feature=37 30 38 38 30 30 31 13 31 22 31 26 38 38
split_gain=0.261215 0.395345 0.318724 0.370278 0.442323 0.428584 0.619192 0.257271 0.935139 0.442513 0.36256 0.220719 0.214104 0.279417
threshold=0 14.250000000000002 0.99198238082263646 1.8661877666063089 43.500000000000007 72.500000000000014 1.2900987958515222 0.50000000000000011 1.5558757604867117 1745.6500000000003 0.91867732558139548 0.039230769230769243 1.0580430559006577 1.7661609051321283
decision_type=9 2 2 2 2 2 10 2 8 2 8 10 2 2
left_child=12 -2 -3 7 -5 -6 -7 9 -9 10 -4 -8 -1 -14
right_child=1 2 3 4 5 6 11 8 -10 -11 -12 -13 13 -15
leaf_value=-0.00049568867805032649 -0.0015439098193945192 0.0014457114236685841 -0.0017560655703796543 0.0018973780494814603 -0.0014939761497918516 0.0024081721728789092 -0.0009801137230231263 0.0028980415995218207 -0.00053066479823818164 -0.0012059844314228239 -8.6778029446612522e-05 0.00044313822733238337 0.00036504039717368805 -0.00019953307979833607
leaf_weight=391 176 118 126 149 125 115 154 100 252 511 1658 270 3460 1022
leaf_count=391 176 118 126 149 125 115 154 100 252 511 1658 270 3460 1022
internal_value=3.25092e-05 -0.000155379 -8.7512e-05 -0.000139801 0.000420187 8.87087e-05 0.000455751 -0.000311796 0.0004434 -0.000427625 -0.000204676 -7.37976e-05 0.000177207 0.000236305
internal_weight=8627 3754 3578 3460 813 664 539 2647 352 2295 1784 424 4873 4482
internal_count=8627 3754 3578 3460 813 664 539 2647 352 2295 1784 424 4873 4482
cat_boundaries=0 1
cat_threshold=2207006095
is_linear=0
shrinkage=0.03


Tree=306
num_leaves=15
num_cat=2
split_feature=23 23 37 35 17 26 30 25 30 24 30 22 30 5
split_gain=0.24732 0.417708 0.273269 0.632425 0.377277 0.445314 0.425724 0.37599 0.339924 0.244932 0.408421 0.339013 0.269418 0.290908
threshold=130.50000000000003 126.50000000000001 0 1 1.0000000180025095e-35 0.032795698924731186 91.500000000000014 0.34891304347826091 99.500000000000014 290.64533333333651 178.10000000000002 1461.1986250000002 254.60000000000002 0.18465000000000001
decision_type=2 2 9 1 2 8 2 10 2 10 2 2 2 2
left_child=1 2 3 4 5 8 -6 -7 -1 -4 11 -11 13 -12
right_child=-2 -3 9 -5 6 7 -8 -9 -10 10 12 -13 -14 -15
leaf_value=-0.0014632234628616761 -0.00025237145165246493 0.0017224576264422079 -5.6367390372314231e-05 -0.0011695823321450055 0.00071759287205050198 0.0027330313704057841 0.0031803978174413387 0.00024029841741139533 0.00077075643837251216 -0.00093343012342780916 0.0025852086000086273 0.0011069914974440405 0.00020854321706561545 0.00060347912498400543
leaf_weight=130 1903 146 4850 144 131 106 122 112 116 228 150 108 181 120
leaf_count=130 1903 146 4850 144 131 106 122 112 116 228 150 108 181 120
internal_value=4.9165e-05 0.000135532 9.98765e-05 0.000594375 0.000959858 0.000465094 0.00190519 0.00145236 -0.000409802 2.32506e-05 0.000514203 -0.00027758 0.00110409 0.00170444
internal_weight=8547 6644 6498 861 717 464 253 218 246 5637 787 336 451 270
internal_count=8547 6644 6498 861 717 464 253 218 246 5637 787 336 451 270
cat_boundaries=0 1 2
cat_threshold=404759552 7
is_linear=0
shrinkage=0.03


Tree=307
num_leaves=15
num_cat=1
split_feature=27 37 13 21 13 21 21 1 24 38 22 0 22 32
split_gain=0.232362 0.555514 0.222215 0.161666 0.623218 0.433203 0.484392 0.597707 0.395347 0.379519 0.372714 0.45307 0.82906 0.345607
threshold=6.9996585648148155 0 1.0000000180025095e-35 86.641666666666694 1.0000000180025095e-35 173.63333333333335 88.916666666666671 44.500000000000007 455.88433333333825 1.7661609051321283 6861.0000000000009 5.5000000000000009 1874.5500000000004 22.500000000000004
decision_type=2 9 2 2 2 2 2 2 10 2 2 2 2 2
left_child=-1 2 -2 -3 10 6 -6 8 13 -9 11 -5 -13 -8
right_child=1 3 -4 4 5 -7 7 9 -10 -11 -12 12 -14 -15
leaf_value=-0.00096918047842048654 0.0025185955923775001 -8.1199319058171748e-05 0.00069288210788120822 0.0016575590865938244 0.0019478739579151794 0.001627670261204912 -0.00040861582080444381 0.0013161458172741686 -0.0017874940039987182 -0.00039897044029581214 -0.0014031731671741209 -0.0022596185514857582 0.00056649880064651374 0.00091729093256670102
leaf_weight=202 108 5267 135 111 149 256 658 472 136 154 278 151 245 242
leaf_count=202 108 5267 135 111 149 256 658 472 136 154 278 151 245 242
internal_value=3.62337e-05 6.05213e-05 0.00144485 1.72877e-05 0.000199232 0.000472526 0.000309237 0.000162332 -0.000279907 0.000894216 -0.000520386 -3.63336e-05 -0.000511137 -5.20942e-05
internal_weight=8564 8362 243 8119 2852 2067 1811 1662 1036 626 785 507 396 900
internal_count=8564 8362 243 8119 2852 2067 1811 1662 1036 626 785 507 396 900
cat_boundaries=0 1
cat_threshold=150996160
is_linear=0
shrinkage=0.03


Tree=308
num_leaves=15
num_cat=1
split_feature=37 6 1 23 5 31 23 24 30 31 25 1 31 30
split_gain=0.275698 0.346961 0.318859 0.405597 0.332814 0.343526 0.307638 0.404765 0.459017 0.307633 0.295989 0.257547 0.240142 0.227778
threshold=0 4.5000000000000009 100.50000000000001 29.500000000000004 0.18465000000000001 1.9733563969785732 26.500000000000004 77.847333333332799 156.25000000000003 0.1106014271151886 0.29288856304985345 45.500000000000007 1.821574542623589 39.500000000000007
decision_type=9 2 2 2 2 8 2 10 2 8 8 2 8 2
left_child=2 9 4 -4 6 11 7 8 -1 -2 -9 -6 -12 -8
right_child=1 -3 3 -5 5 -7 13 10 -10 -11 12 -13 -14 -15
leaf_value=-0.00059577863272796891 0.0017009491348992389 -0.0013291128686117664 0.0021343602208487157 -0.000521828588372206 -0.0015762928407097798 -0.0025770546907657069 0.0013484740775750585 0.001251846628741908 -0.0029496877750119607 0.00014237485370357096 -0.001304836209156734 0.00028499920272708889 0.00049066393414164394 -8.8011903083367671e-05
leaf_weight=270 116 142 105 102 129 114 164 138 103 6538 142 139 127 252
leaf_count=270 116 142 105 102 129 114 164 138 103 6538 142 139 127 252
internal_value=5.09111e-05 0.000138029 -0.000279975 0.000825514 -0.000426766 -0.00119767 -0.000180539 -0.000531918 -0.00124579 0.000169546 0.000122316 -0.000610921 -0.000457147 0.000478295
internal_weight=8581 6796 1785 207 1578 382 1196 780 373 6654 407 268 269 416
internal_count=8581 6796 1785 207 1578 382 1196 780 373 6654 407 268 269 416
cat_boundaries=0 1
cat_threshold=3456184608
is_linear=0
shrinkage=0.03


Tree=309
num_leaves=15
num_cat=2
split_feature=37 1 31 31 1 31 36 30 2 23 1 24 38 28
split_gain=0.217453 0.388477 0.312498 1.08643 0.324966 0.262093 0.793747 0.25785 0.174885 0.366135 0.364676 0.331249 0.385334 0.615503
threshold=0 5.5000000000000009 1.8322390932420876 1.5004810776138553 52.500000000000007 1.1025975288833789 1 33.250000000000007 1.0000000180025095e-35 137.00000000000003 105.50000000000001 49.605666666665861 1.5293415622999216 2.7115682870370375
decision_type=9 2 10 8 2 10 9 2 2 2 2 8 2 2
left_child=1 -1 3 5 -4 6 7 -3 11 10 -10 12 -2 -14
right_child=8 2 4 -5 -6 -7 -8 -9 9 -11 -12 -13 13 -15
leaf_value=-0.00092479862587265015 -0.00024052431395402721 0.00058059749404651656 -0.0010756663353514659 0.0032930937316670112 0.00084616781454291434 -0.00074852155738561025 0.0027110902216255423 -0.0014230382013134658 0.00021892449294270744 -0.0013057826769900752 -0.001610128688084058 -0.00012405738383785615 0.00032162709663707812 0.0020640127872679783
leaf_weight=171 587 137 163 145 154 142 114 100 636 298 116 4760 793 237
leaf_count=171 587 137 163 145 154 142 114 100 636 298 116 4760 793 237
internal_value=2.02451e-06 0.000388607 0.000627851 0.00101038 -0.000142031 0.000338992 0.000778955 -0.000254097 -5.70313e-05 -0.000415869 -6.32167e-05 1.96337e-06 0.000372934 0.000722545
internal_weight=8553 1126 955 638 317 493 351 237 7427 1050 752 6377 1617 1030
internal_count=8553 1126 955 638 317 493 351 237 7427 1050 752 6377 1617 1030
cat_boundaries=0 1 2
cat_threshold=35948390 17
is_linear=0
shrinkage=0.03


Tree=310
num_leaves=15
num_cat=1
split_feature=37 31 31 38 29 32 28 38 24 31 27 38 31 31
split_gain=0.270308 0.406303 0.416049 0.393568 0.584117 0.432211 0.360287 0.726865 0.516341 0.551958 0.581142 0.464353 0.621553 0.590704
threshold=0 0.98907071189679896 1.0527308838133072 1.3352888195628367 1.0000000180025095e-35 1.5000000000000002 2.3552777777777782 1.5265278660026054 68.355666666666664 1.9398048454894361 29.527251157407409 1.5815739878841957 1.3722167243938646 1.351928431051425
decision_type=9 10 10 2 2 2 2 2 10 10 2 2 10 10
left_child=1 3 -3 -1 -5 -6 11 -8 -9 -10 -11 13 -13 -4
right_child=-2 2 6 4 5 -7 7 8 9 10 -12 12 -14 -15
leaf_value=-0.0025596115930344573 9.0432443603617074e-05 0.0017068550648077184 0.0018530519464687715 0.00028948692884743932 -8.5709210023910646e-05 -0.0025008906062566122 -0.00033365557028446345 0.0024836076568562986 -0.0013148470869361374 0.00010541508244549685 0.0027929982626170758 -0.0020638287765144085 -0.00045066615847317557 -0.00022574757827962719
leaf_weight=110 3917 108 151 312 107 177 951 157 114 190 117 260 1241 664
leaf_count=110 3917 108 151 312 107 177 951 157 114 190 117 260 1241 664
internal_value=-9.32857e-05 -0.000247408 -0.000129542 -0.000910858 -0.000606558 -0.00159095 -0.000181124 0.000176283 0.0010153 0.000467737 0.00112967 -0.00041708 -0.000730095 0.000159404
internal_weight=8576 4659 3953 706 596 284 3845 1529 578 421 307 2316 1501 815
internal_count=8576 4659 3953 706 596 284 3845 1529 578 421 307 2316 1501 815
cat_boundaries=0 1
cat_threshold=1689880984
is_linear=0
shrinkage=0.03


Tree=311
num_leaves=15
num_cat=2
split_feature=37 1 28 24 30 38 18 31 31 21 32 38 37 38
split_gain=0.325698 0.402489 0.230174 0.210258 0.400483 0.433166 0.27448 0.304156 0.277555 0.248563 0.242063 0.246565 0.226743 0.295849
threshold=0 17.500000000000004 2.0209432870370372 13.420333333333257 24.165000000000003 2.0614337976663193 1.0000000180025095e-35 5.1020956475013444 4.2896428047626047 80.916666666666671 1.0000000180025095e-35 2.198785315552406 1 1.7011912810628271
decision_type=9 2 2 10 2 2 2 8 10 2 2 2 9 2
left_child=1 -1 -3 4 -2 -6 7 8 10 -8 -5 -12 13 -9
right_child=3 2 -4 6 5 -7 9 12 -10 -11 11 -13 -14 -15
leaf_value=0.0018882055573501727 -0.0021564611869835061 -0.00012455731770023702 0.0011283583730295464 0.0011424281701637321 -0.00070311266175751271 0.0012430011981458807 0.00018743183499979739 0.0011896309490238718 0.0011678230705685123 -0.0016864606073651808 -3.734714599280066e-05 0.0011907762323904378 -0.0011930783021369209 -0.00097377155899625858
leaf_weight=162 120 480 182 170 444 134 103 109 198 167 5735 151 308 119
leaf_count=162 120 480 182 170 444 134 103 109 198 167 5735 151 308 119
internal_value=-2.21173e-05 0.000541323 0.0002199 -8.25532e-05 -0.000579363 -0.000251937 -3.35522e-05 3.74892e-06 6.25301e-05 -0.000971605 2.63927e-05 -5.84075e-06 -0.000682104 5.79452e-05
internal_weight=8582 824 662 7758 698 578 7060 6790 6254 270 6056 5886 536 228
internal_count=8582 824 662 7758 698 578 7060 6790 6254 270 6056 5886 536 228
cat_boundaries=0 1 2
cat_threshold=34104530 415236096
is_linear=0
shrinkage=0.03


Tree=312
num_leaves=15
num_cat=1
split_feature=37 34 22 23 31 31 31 23 31 38 25 38 38 1
split_gain=0.262716 0.274881 0.238066 0.252104 0.211678 0.27712 0.270407 0.319392 0.250439 0.255871 0.191215 0.173318 0.397494 0.385541
threshold=0 1.0000000180025095e-35 11720.000000000002 149.50000000000003 1.1025975288833789 2.0702989869038801 2.9865742244263793 163.50000000000003 3.5561282932416955 1.4779893612678936 0.29772727272727278 1.2909237392992514 1.4460010940867198 6.5000000000000009
decision_type=9 2 2 2 10 10 10 2 10 2 10 2 2 2
left_child=1 10 3 -2 -5 -6 7 -7 -8 -10 -1 -12 -13 -14
right_child=2 -3 -4 4 5 6 8 -9 9 -11 11 12 13 -15
leaf_value=0.0008567410304859078 0.00023735601455891989 -0.0010667569138835568 -0.00096973524448306606 -0.0015034466925374916 0.00091395197039788692 -0.0023936745778025529 0.0012749743068270617 -0.00037355531485768682 -0.0015384019044375865 0.00020553325302786514 0.00073962259966093799 -0.0017954006282492512 0.0016065769841428846 -0.00055747282661585513
leaf_weight=166 6177 340 171 110 190 105 120 214 107 259 122 155 100 286
leaf_count=166 6177 340 171 110 190 105 120 214 107 259 122 155 100 286
internal_value=7.09381e-05 -0.000345472 0.000136532 0.000162698 -0.000254646 -0.000116588 -0.000359821 -0.00103848 8.564e-05 -0.000304306 -5.38162e-05 -0.000281799 -0.000512138 3.16184e-06
internal_weight=8622 1169 7453 7282 1105 995 805 319 486 366 829 663 541 386
internal_count=8622 1169 7453 7282 1105 995 805 319 486 366 829 663 541 386
cat_boundaries=0 1
cat_threshold=1141494466
is_linear=0
shrinkage=0.03


Tree=313
num_leaves=15
num_cat=1
split_feature=32 4 37 13 25 24 30 1 30 1 30 30 27 1
split_gain=0.267285 0.413458 0.41515 0.496899 0.542208 0.359988 0.314737 0.657664 0.510663 0.386812 0.370431 0.566983 0.301886 0.359916
threshold=13.500000000000002 1.0000000180025095e-35 0 1.0000000180025095e-35 0.3823076923076924 294.72549999998421 32.165000000000006 41.500000000000007 45.050000000000004 16.500000000000004 171.25000000000003 72.500000000000014 20.020526620370372 33.500000000000007
decision_type=2 2 9 2 10 8 2 2 2 2 2 2 2 2
left_child=1 2 3 4 -1 -2 7 -5 -8 -10 11 -11 -4 -14
right_child=5 -3 12 6 -6 -7 8 -9 9 10 -12 -13 13 -15
leaf_value=0.0013174162159317775 -1.6158826627736595e-05 -0.001928221663938051 1.0156025607885682e-05 0.0012431614765139273 -0.00064330708090625085 0.00063476783597742233 -0.0028638049632175337 -0.0015841262344684864 -0.0019693484035483927 -0.0011477864060584727 -0.0013646998708852782 0.0016023179934662136 3.3197599210149246e-05 0.0024079863183367909
leaf_weight=238 2306 114 3194 164 272 1144 134 135 191 124 195 148 124 107
leaf_count=238 2306 114 3194 164 272 1144 134 135 191 124 195 148 124 107
internal_value=-4.57545e-06 -0.000141676 -0.000101154 -0.000498204 0.000271697 0.000199685 -0.00086267 -3.33731e-05 -0.00117575 -0.000831982 -0.000366807 0.000348594 8.56505e-05 0.00113321
internal_weight=8590 5140 5026 1601 510 3450 1091 299 792 658 467 272 3425 231
internal_count=8590 5140 5026 1601 510 3450 1091 299 792 658 467 272 3425 231
cat_boundaries=0 1
cat_threshold=153733662
is_linear=0
shrinkage=0.03


Tree=314
num_leaves=15
num_cat=2
split_feature=37 38 28 31 31 38 32 22 30 37 23 0 13 25
split_gain=0.247392 0.283547 0.58229 0.845428 0.888697 0.422214 0.539848 0.32851 0.294163 0.392134 0.268915 0.45525 0.259885 0.233711
threshold=0 1.3276607299936829 0.89800347222222232 1.351928431051425 1.7149703331811961 1.8019956362498919 5.5000000000000009 597.00775000000021 182.10000000000002 1 29.500000000000004 6.5000000000000009 1.0000000180025095e-35 0.19000000000000003
decision_type=9 2 2 10 10 2 2 2 2 9 2 2 2 10
left_child=1 13 5 -4 -5 8 -7 -6 9 10 11 -3 -11 -1
right_child=-2 2 3 4 7 6 -8 -9 -10 12 -12 -13 -14 -15
leaf_value=0.001350643887569237 0.00015580579023771304 0.0025210277019068598 -0.0027733964339307872 0.0020258158272204612 -0.00033294546707996473 -0.00013163425267911019 0.002180207060723036 -0.0022355982733402173 -0.0017855098448359432 8.4356166292255848e-05 -0.00022134431951299289 -0.00023457749331420337 -0.0018129534441808644 3.6772130625369428e-05
leaf_weight=138 5334 105 198 103 187 224 153 145 117 102 379 111 179 1041
leaf_count=138 5334 105 198 103 187 224 153 145 117 102 379 111 179 1041
internal_value=3.10528e-05 -0.000178001 -0.000395831 -0.00114833 -0.000408652 -4.81409e-05 0.000806593 -0.00116392 -0.000372647 -0.000183943 0.000255835 0.00110495 -0.00108562 0.000190559
internal_weight=8516 3182 2003 633 435 1370 377 332 993 876 595 216 281 1179
internal_count=8516 3182 2003 633 435 1370 377 332 993 876 595 216 281 1179
cat_boundaries=0 1 2
cat_threshold=2759139367 2755919872
is_linear=0
shrinkage=0.03


Tree=315
num_leaves=15
num_cat=1
split_feature=21 35 31 21 31 31 25 31 30 21 0 21 31 31
split_gain=0.230376 0.372587 0.231852 0.217463 0.392306 0.86304 0.355657 0.342187 0.330006 0.28312 0.269352 0.240926 0.26728 0.505261
threshold=193.00000000000003 0 0.1799720450492425 118.83333333333336 1.6316860465116281 1.783196239717979 0.45972972972972981 1.4812770183432644 164.25000000000003 114.53333333333335 7.5000000000000009 105.61666666666669 0.73226861167002022 0.91867732558139548
decision_type=2 1 8 2 10 10 10 10 2 2 2 2 8 8
left_child=2 -2 -1 9 7 -6 -7 8 10 11 -5 12 -4 -14
right_child=1 -3 3 4 5 6 -8 -9 -10 -11 -12 -13 13 -15
leaf_value=-0.0013258057510815993 -0.00055861006810535054 0.0016659240759251809 0.00067244067715682666 -0.0018309181887696175 0.0023233402519119688 0.00043657246099818232 -0.0018219979751226492 -0.0023364170079525465 0.00027144922246505695 0.0012602339476016705 -0.00011879332801874946 -0.0008875004341397845 -0.0013963641549963406 2.201663374794508e-05
leaf_weight=129 108 164 526 211 130 126 125 117 249 161 136 272 235 5924
leaf_count=129 108 164 526 211 130 126 125 117 249 161 136 272 235 5924
internal_value=-3.58236e-05 0.000823363 -6.38417e-05 -4.40179e-05 -0.000437803 0.000339351 -0.000688214 -0.000853085 -0.000561894 1.6505e-05 -0.00115988 -1.22776e-05 2.33335e-05 -3.21025e-05
internal_weight=8613 272 8341 8212 1094 381 251 713 596 7118 347 6957 6685 6159
internal_count=8613 272 8341 8212 1094 381 251 713 596 7118 347 6957 6685 6159
cat_boundaries=0 1
cat_threshold=24
is_linear=0
shrinkage=0.03


Tree=316
num_leaves=15
num_cat=2
split_feature=21 21 32 14 38 21 26 38 31 29 33 37 37 23
split_gain=0.238989 0.381949 0.361196 0.353296 0.629775 0.522369 0.509615 0.495724 0.293109 0.271367 0.256193 0.967115 0.581497 0.579304
threshold=120.70833333333334 114.53333333333335 20.500000000000004 2.5000000000000004 1.5632820661014075 153.0916666666667 0.039230769230769243 1.7884941621206456 0.1799720450492425 1.5000000000000002 1.0000000180025095e-35 0 1 169.00000000000003
decision_type=2 2 2 2 2 2 10 2 8 2 2 9 9 2
left_child=1 8 -3 4 6 7 -2 -6 -1 -7 -10 -12 -13 -14
right_child=3 2 -4 -5 5 9 -8 -9 10 -11 11 12 13 -15
leaf_value=-0.0014722877659951337 -0.00014736430448051172 0.0025402325932269115 2.096023749327287e-05 -0.0011017261167191122 -0.003190475812800036 -0.00091496927786618467 0.0020746060212205033 -0.00037280507889841127 -7.2940435299511107e-05 0.00097199192780719464 -0.0015099698606939446 0.002337644167163084 0.00020766854907778486 0.0024874528875020708
leaf_weight=120 202 105 100 437 116 125 172 109 5438 152 204 156 1042 111
leaf_count=120 202 105 100 437 116 125 172 109 5438 152 204 156 1042 111
internal_value=-3.24648e-05 3.47594e-05 0.00131132 -0.000404988 -5.7414e-05 -0.000751712 0.000874504 -0.00182547 -2.25022e-06 0.000120475 2.31281e-05 0.000368416 0.000667587 0.000423472
internal_weight=8589 7276 205 1313 876 502 374 225 7071 277 6951 1513 1309 1153
internal_count=8589 7276 205 1313 876 502 374 225 7071 277 6951 1513 1309 1153
cat_boundaries=0 1 2
cat_threshold=3256385538 144703488
is_linear=0
shrinkage=0.03


Tree=317
num_leaves=15
num_cat=0
split_feature=30 5 0 25 38 25 30 30 24 30 21 30 30 24
split_gain=0.182243 0.631993 0.27378 0.663824 0.560424 0.4634 0.357734 0.381472 0.309059 0.279253 0.238372 0.212821 0.454064 0.31951
threshold=296.02500000000003 0.29705000000000004 4.5000000000000009 0.5064102564102565 1.5672573366539795 0.29772727272727278 126.50000000000001 52.500000000000007 261.88483333332584 107.30000000000001 105.28333333333335 259.62500000000006 253.72500000000002 1.8535000000000084
decision_type=2 2 2 8 2 10 2 2 10 2 2 2 2 8
left_child=2 10 3 5 -5 9 7 -7 -8 -1 -2 12 13 -4
right_child=1 -3 11 4 -6 6 8 -9 -10 -11 -12 -13 -14 -15
leaf_value=0.0016678986790011057 -0.00047902219286240509 0.0010339006306903978 -0.0012487964531486904 0.00066174784483432605 0.0033846121082945356 -1.7719763229684074e-05 0.001077020012307912 -0.0024712998368101946 -0.00093866319278709321 -0.00029345847914798764 -0.0020208640957459396 0.00059031988597822781 -0.0020090720907107672 -2.7800016965374152e-05
leaf_weight=185 179 155 199 181 109 101 156 131 122 101 182 431 110 6277
leaf_count=185 179 155 199 181 109 101 156 131 122 101 182 431 110 6277
internal_value=-2.17287e-05 -0.000568387 1.30826e-05 0.000456344 0.00168517 8.65601e-06 -0.000533396 -0.00140315 0.00019244 0.000975252 -0.00125635 -5.55196e-05 -9.77846e-05 -6.53198e-05
internal_weight=8619 516 8103 1086 290 796 510 232 278 286 361 7017 6586 6476
internal_count=8619 516 8103 1086 290 796 510 232 278 286 361 7017 6586 6476
is_linear=0
shrinkage=0.03


Tree=318
num_leaves=15
num_cat=2
split_feature=37 38 32 30 35 38 31 26 5 38 32 30 5 32
split_gain=0.218708 0.328981 0.859855 0.505418 0.617234 0.231758 0.213804 0.291759 0.209826 0.253628 0.318012 0.224066 0.297047 0.257798
threshold=0 1.9148777460984041 3.5000000000000004 67.750000000000014 1 2.1579342295588102 7.7898305084745774 0.039230769230769243 0.81665000000000021 2.0230418184696588 6.5000000000000009 293.37500000000006 0.21825000000000003 27.500000000000004
decision_type=9 2 2 2 1 2 10 8 2 2 2 2 2 2
left_child=1 3 -3 4 -1 6 8 -8 9 11 -11 -2 13 -13
right_child=5 2 -4 -5 -6 -7 7 -9 -10 10 -12 12 -14 -15
leaf_value=-0.0015867006359132154 1.7526124975461313e-05 -0.001721495795789871 0.0017227992085473878 -0.0020759441286556501 0.00047559490300600523 -0.00092270622146315871 0.0018296213672895517 -0.00025671394657176687 0.0013310218420810997 8.5706012011916536e-05 0.0021616122480524582 -0.00046062644214058912 0.00032514848017629671 -0.0023935532762426074
leaf_weight=198 6292 104 175 196 344 222 140 106 110 170 109 135 154 115
leaf_count=198 6292 104 175 196 344 222 140 106 110 170 109 135 154 115
internal_value=-2.36298e-05 -0.000434376 0.000438904 -0.000770404 -0.00029829 3.2209e-05 6.117e-05 0.000930631 3.09813e-05 1.04788e-05 0.000896723 -2.6448e-05 -0.000711313 -0.00134977
internal_weight=8570 1017 279 738 542 7553 7331 246 7085 6975 279 6696 404 250
internal_count=8570 1017 279 738 542 7553 7331 246 7085 6975 279 6696 404 250
cat_boundaries=0 1 2
cat_threshold=1613759558 10
is_linear=0
shrinkage=0.03


Tree=319
num_leaves=15
num_cat=1
split_feature=38 0 27 27 0 1 27 25 25 1 35 1 22 38
split_gain=0.399643 0.437017 0.408455 0.307196 0.36358 0.359086 0.519244 0.509835 0.562497 0.394569 0.274176 0.272014 0.844767 0.44557
threshold=1.67294811739477 3.5000000000000004 12.999716435185187 13.999346064814818 6.5000000000000009 38.500000000000007 30.585781250000004 0.26235294117647062 0.17000000000000001 47.500000000000007 0 17.500000000000004 1333.0312500000002 1.8547242119413039
decision_type=2 2 2 2 2 2 2 10 8 2 1 2 2 2
left_child=2 -2 -1 4 -4 6 -5 8 -7 10 -9 12 -3 -13
right_child=1 11 3 5 -6 7 -8 9 -10 -11 -12 13 -14 -15
leaf_value=-0.00048274710002049932 -0.002109741003571679 0.0014650136127966108 -0.00037063862575683742 -0.00025850439439968739 0.0015678966289354918 0.0002528045765535539 0.0016224879958726306 0.0019325072121220549 0.0029664180021854521 3.9175353043304296e-06 0.00011589340756135369 -0.00086201043668031156 -0.00077293268954337817 -7.3227521157028464e-06
leaf_weight=958 122 288 125 2088 287 137 141 173 138 1382 141 1089 321 1107
leaf_count=958 122 288 125 2088 287 137 141 173 138 1382 141 1089 321 1107
internal_value=-6.82182e-05 -0.000352037 8.09266e-05 0.000198012 0.000979749 0.000121328 -0.000139518 0.000416318 0.00161455 0.00022203 0.001182 -0.000275588 0.000285406 -0.000431164
internal_weight=8497 2927 5570 4612 412 4200 2229 1971 275 1696 314 2805 609 2196
internal_count=8497 2927 5570 4612 412 4200 2229 1971 275 1696 314 2805 609 2196
cat_boundaries=0 1
cat_threshold=24
is_linear=0
shrinkage=0.03


Tree=320
num_leaves=15
num_cat=2
split_feature=24 37 1 24 31 30 30 30 30 37 31 27 23 23
split_gain=0.195216 0.206656 0.329369 0.316853 0.251451 0.324995 0.584084 0.64944 0.483717 0.351623 0.318007 0.516378 0.25659 0.355906
threshold=673.12316666666027 0 31.500000000000004 77.847333333332799 5.1020956475013444 30.165000000000003 33.250000000000007 37.250000000000007 42.250000000000007 1 4.1197106291250618 13.999994212962966 87.500000000000014 80.500000000000014
decision_type=10 9 2 10 10 2 2 2 2 9 10 2 2 2
left_child=1 2 -1 -4 5 9 -7 -8 -9 -3 12 -12 13 -10
right_child=-2 4 3 -5 -6 6 7 8 10 -11 11 -13 -14 -15
leaf_value=-0.00015148696795105933 -0.00093755975045019485 0.00012810219792645629 0.0022090425963398942 0.00013664376606703201 -0.0005870947539284504 0.0023245364936560183 -0.0021244611612868977 0.0016869100493031664 -4.9162072308862207e-05 -0.0010496914753911097 -4.1139166980822148e-05 0.0026587869507394704 0.00027073629027578625 -0.0013537163539692313
leaf_weight=250 183 453 161 113 580 108 116 177 2959 452 148 112 2588 201
leaf_count=250 183 453 161 113 580 108 116 177 2959 452 148 112 2588 201
internal_value=3.17962e-05 5.28692e-05 0.000624017 0.00135437 1.41483e-05 6.18462e-05 0.000136993 9.94983e-05 0.000141209 -0.000470327 9.56714e-05 0.00112191 4.92516e-05 -0.000132142
internal_weight=8601 8418 524 274 7894 7314 6409 6301 6185 905 6008 260 5748 3160
internal_count=8601 8418 524 274 7894 7314 6409 6301 6185 905 6008 260 5748 3160
cat_boundaries=0 1 2
cat_threshold=17081538 2051031044
is_linear=0
shrinkage=0.03


Tree=321
num_leaves=15
num_cat=2
split_feature=24 38 1 35 31 25 37 0 31 26 25 26 1 25
split_gain=0.261131 0.344808 0.17956 0.307862 0.415946 0.306151 0.204318 0.258693 0.416597 0.334388 0.249306 0.224663 0.216168 0.499737
threshold=500.30483333333518 1.5742260203858283 127.50000000000001 0 1.1451224889862892 0.4497297297297298 1 6.5000000000000009 1.2808240993126334 0.032795698924731186 0.49489795918367352 0.12060606060606062 12.500000000000002 0.17000000000000001
decision_type=10 2 2 1 8 8 9 2 8 8 10 8 2 10
left_child=2 -2 6 4 -4 -6 7 8 -1 10 -9 12 13 -8
right_child=1 -3 3 -5 5 -7 11 9 -10 -11 -12 -13 -14 -15
leaf_value=0.0014824235437029018 -5.4154008342884479e-05 0.001610181875345687 0.0014779173056595027 -0.0013523522904329002 -0.001565643683785119 0.00030881032088978422 0.0021436581701978923 -0.0013474222738837258 -0.00072602232998249792 -0.002431492757278721 0.00057807738031873373 0.0010470562642932726 -7.2425170363376359e-05 0.00016686731735506992
leaf_weight=123 250 203 120 240 152 162 127 129 205 111 114 195 5304 1228
leaf_count=123 250 203 120 240 152 162 127 129 205 111 114 195 5304 1228
internal_value=-9.52077e-06 0.000691674 -4.82103e-05 -0.000517342 -2.3875e-05 -0.000598569 -6.25243e-06 -0.000497556 0.000102145 -0.00106727 -0.000444101 4.3297e-05 1.39682e-05 0.000352146
internal_weight=8663 453 8210 674 434 314 7536 682 328 354 243 6854 6659 1355
internal_count=8663 453 8210 674 434 314 7536 682 328 354 243 6854 6659 1355
cat_boundaries=0 1 2
cat_threshold=7 201625608
is_linear=0
shrinkage=0.03


Tree=322
num_leaves=15
num_cat=2
split_feature=37 25 38 23 35 32 23 1 23 32 38 31 5 23
split_gain=0.256463 0.297822 0.218913 0.177436 0.321513 0.390955 0.267305 0.483532 0.259233 0.585663 0.475974 0.232523 0.466987 0.432163
threshold=0 0.5594117647058825 0.8432708296679825 137.00000000000003 1 16.500000000000004 126.50000000000001 38.500000000000007 157.50000000000003 24.500000000000004 1.5457777543555122 1.4919352507587804 0.22400000000000003 174.00000000000003
decision_type=9 8 2 2 1 2 2 2 2 2 2 8 2 2
left_child=1 -1 -2 6 -5 11 -4 -8 10 -10 -7 -6 13 -13
right_child=2 -3 3 4 5 8 7 -9 9 -11 -12 12 -14 -15
leaf_value=-6.3552586972469196e-05 -0.0012982208390531014 0.0016885121113447818 -2.6304047024811814e-05 0.0011988617975224295 -3.3729686977765983e-05 -0.0018283341251543327 -0.00032343567933066416 0.0018530442546236361 0.0017201119144114533 -0.00054225129547983851 0.0006830652382620794 -0.0024416232017971705 8.8210944170978933e-05 -0.00020657569899615029
leaf_weight=183 128 167 6116 105 191 146 177 191 196 217 127 279 165 108
leaf_count=183 128 167 6116 105 191 146 177 191 196 217 127 279 165 108
internal_value=-3.27529e-05 0.000750976 -6.72658e-05 -4.76987e-05 -0.000337846 -0.000455959 2.09451e-05 0.000806205 5.72681e-05 0.000531413 -0.000660027 -0.00093595 -0.00124813 -0.00181789
internal_weight=8496 350 8146 8018 1534 1429 6484 368 686 413 273 743 552 387
internal_count=8496 350 8146 8018 1534 1429 6484 368 686 413 273 743 552 387
cat_boundaries=0 1 2
cat_threshold=16790676 20
is_linear=0
shrinkage=0.03


Tree=323
num_leaves=15
num_cat=5
split_feature=37 32 26 13 31 31 35 23 37 21 35 37 1 26
split_gain=0.156525 0.251816 0.165647 0.217601 0.146685 0.359671 0.361964 0.301909 0.284947 0.414832 0.295199 0.424691 0.469313 0.415018
threshold=0 3.5000000000000004 1.0000000180025095e-35 1.0000000180025095e-35 1.0133141338059373 1.1025975288833789 1 12.500000000000002 2 128.03333333333336 3 4 52.500000000000007 0.042572463768115944
decision_type=9 2 10 2 10 10 1 2 9 2 1 9 2 8
left_child=1 -1 -3 -4 7 6 -6 -2 9 -9 13 -12 -13 -10
right_child=4 2 3 -5 5 -7 -8 8 10 -11 11 12 -14 -15
leaf_value=0.0017417671427811792 -0.0017435015518649304 -0.00087878284460972411 0.0014816202765551248 -0.00041600794513494918 0.0022079204235871492 -3.0663083437584317e-05 -0.0001041749578636462 0.0019006767975635653 -0.00049569053347401607 -0.0001862886406419303 -0.0024369845461848449 0.00016864499538217948 -0.0015886041171588869 0.0012999622450515745
leaf_weight=115 121 104 114 104 122 6169 120 131 325 248 112 376 215 180
leaf_count=115 121 104 114 104 122 6169 120 131 325 248 112 376 215 180
internal_value=-2.19075e-05 0.00052472 0.000106355 0.00057633 -5.19117e-05 1.38422e-05 0.00114836 -0.000299024 -0.00018889 0.000521309 -0.000412609 -0.000807085 -0.000462794 0.000141541
internal_weight=8556 437 322 218 8119 6411 242 1708 1587 379 1208 703 591 505
internal_count=8556 437 322 218 8119 6411 242 1708 1587 379 1208 703 591 505
cat_boundaries=0 1 2 3 4 5
cat_threshold=17859652 3 2148016131 5 404750368
is_linear=0
shrinkage=0.03


Tree=324
num_leaves=15
num_cat=1
split_feature=37 38 32 31 23 22 38 5 32 28 21 21 22 38
split_gain=0.195892 0.508498 0.441723 0.397387 0.370574 0.254433 0.246688 0.275196 0.69172 0.337787 0.418023 0.463283 0.619466 0.414381
threshold=0 1.8229092544620784 3.5000000000000004 1.821574542623589 44.500000000000007 1650.9240000000002 0.927210862915543 1.0000000180025095e-35 30.500000000000004 4.9800578703703708 129.92500000000004 65.90000000000002 494.05000000000001 1.8547242119413039
decision_type=9 2 2 8 2 2 2 2 2 2 2 2 2 2
left_child=1 5 4 -4 -3 -1 -2 8 9 10 11 12 -8 -13
right_child=6 2 3 -5 -6 -7 7 -9 -10 -11 -12 13 -14 -15
leaf_value=0.00014439967926204353 -0.0010763173055805964 -0.0011558327452678766 0.0029750400324352081 0.00070888402153594567 0.0013830894798636162 -0.0013555810462114297 0.0005054639504714684 -0.00026253769280105765 -0.0021959803146502396 0.00067370679833070736 -0.00097708931924821944 0.00031810724047304115 -0.00091269756579301961 0.0017564504682284561
leaf_weight=1766 200 105 150 130 102 108 531 2289 109 1075 319 774 580 235
leaf_count=1766 200 105 150 130 102 108 531 2289 109 1075 319 774 580 235
internal_value=4.97719e-05 0.000281202 0.00114604 0.0019229 9.52304e-05 5.79547e-05 -4.00217e-05 -5.03208e-06 0.000157659 0.000230666 3.53941e-05 0.000187744 -0.00023489 0.000653103
internal_weight=8473 2361 487 280 207 1874 6112 5912 3623 3514 2439 2120 1111 1009
internal_count=8473 2361 487 280 207 1874 6112 5912 3623 3514 2439 2120 1111 1009
cat_boundaries=0 1
cat_threshold=677945562
is_linear=0
shrinkage=0.03


Tree=325
num_leaves=15
num_cat=1
split_feature=37 0 25 5 24 0 30 32 10 0 19 1 1 24
split_gain=0.188267 0.831912 0.498354 0.435241 0.567646 0.355402 0.290223 0.693207 0.197477 0.268537 0.193135 0.21416 0.328572 0.427033
threshold=0 6.5000000000000009 0.62481481481481493 0.11940000000000002 67.837000000001296 7.5000000000000009 14.250000000000002 6.5000000000000009 1.0000000180025095e-35 6.5000000000000009 1.0000000180025095e-35 72.500000000000014 80.500000000000014 397.60983333333633
decision_type=9 2 8 2 10 2 2 2 2 2 2 2 2 10
left_child=1 3 5 4 -1 -3 -7 -8 9 -2 11 -10 -13 -14
right_child=8 2 -4 -5 -6 6 7 -9 10 -11 -12 12 13 -15
leaf_value=0.0037903629075843417 -0.0017928923735476649 -0.0019155505449825162 0.0016944983952756349 4.2383801104184593e-05 0.00074846623277868645 -0.001343387538463705 0.0015616707856834374 -0.0010285479331081579 3.7366810378066017e-05 5.6290836551877329e-05 0.001105961473870345 -0.0013239272194120778 -0.00034322051561644503 0.0014473145504839214
leaf_weight=119 137 129 108 106 103 135 188 184 5468 146 132 264 1215 133
leaf_count=119 137 129 108 106 103 135 188 184 5468 146 132 264 1215 133
internal_value=-8.12587e-06 0.00036185 -0.000189672 0.0016239 0.00237903 -0.000509626 -0.000151905 0.000280487 -6.14438e-05 -0.000838897 -3.10217e-05 -5.22197e-05 -0.000356102 -0.000166558
internal_weight=8567 1072 744 328 222 636 507 372 7495 283 7212 7080 1612 1348
internal_count=8567 1072 744 328 222 636 507 372 7495 283 7212 7080 1612 1348
cat_boundaries=0 1
cat_threshold=169915720
is_linear=0
shrinkage=0.03


Tree=326
num_leaves=15
num_cat=0
split_feature=31 38 38 24 1 31 30 30 31 30 38 24 31 24
split_gain=0.228818 0.390079 0.558533 0.428006 0.242739 0.403859 0.360597 0.522657 0.454913 0.305495 0.305048 0.292212 0.341855 0.324477
threshold=2.3393548387096779 2.2614072617831722 2.1579342295588102 1.0000000180025095e-35 66.500000000000014 2.4177913468856578 253.72500000000002 222.10000000000002 4.6669339748730296 289.02500000000003 1.4639729811912707 384.59266666667077 3.2948938677315356 468.26983333333635
decision_type=10 2 2 8 2 10 2 2 10 2 2 10 10 10
left_child=1 2 3 -1 5 -2 7 8 10 -8 -6 12 -7 -13
right_child=4 -3 -4 -5 6 11 9 -9 -10 -11 -12 13 -14 -15
leaf_value=0.0017572828450791117 -0.0020958016516688543 0.0019003701260646617 -0.0019808178419935636 8.8463898988547107e-05 -0.0014945730310611668 0.00037420864401361772 -0.0019122816278208377 0.0024429807510325864 0.0016269702167275161 0.00034013755646135124 0.0003143926577862335 -0.0023594523960790144 -0.00051821276135261181 -0.00039298040333243318
leaf_weight=142 117 109 115 5332 138 716 112 113 140 105 214 117 839 213
leaf_count=142 117 109 115 5332 138 716 112 113 140 105 214 117 839 213
internal_value=1.35125e-05 0.00012295 8.82859e-05 0.000131754 -0.0002073 -0.000385523 0.000226765 0.000603077 0.000180498 -0.000822401 -0.000394804 -0.000279368 -0.000107297 -0.00109018
internal_weight=8522 5698 5589 5474 2824 2002 822 605 492 217 352 1885 1555 330
internal_count=8522 5698 5589 5474 2824 2002 822 605 492 217 352 1885 1555 330
is_linear=0
shrinkage=0.03


Tree=327
num_leaves=15
num_cat=2
split_feature=37 30 30 1 26 31 24 1 24 1 1 32 37 5
split_gain=0.225682 0.251351 0.716397 0.321115 0.689235 0.489037 0.327087 0.277602 0.338991 0.219108 0.444792 0.445213 0.392337 0.30724
threshold=0 132.37500000000003 162.12500000000003 42.500000000000007 0.051315789473684217 1.7085313261190753 128.70066666667003 102.50000000000001 54.945166666667397 35.500000000000007 30.500000000000004 5.5000000000000009 1 0.31010000000000004
decision_type=9 2 2 2 10 10 8 2 10 2 2 2 9 2
left_child=1 3 -3 4 6 7 -1 8 -5 10 12 -12 -2 -11
right_child=9 2 -4 5 -6 -7 -8 -9 -10 13 11 -13 -14 -15
leaf_value=-0.00038951754796710841 -0.0012388486615643477 -0.0019218682492151858 0.0005715839068476011 0.00094414875812247735 0.0030996920589359432 0.0015652384797599883 0.0016158099411086367 -0.0014871341326377458 -0.0012029211163350668 -5.7148043854289451e-05 0.00032067113040036262 -0.0017810525273862052 1.144425942293685e-05 0.00056565173837586221
leaf_weight=171 235 150 336 182 128 164 128 135 104 2412 132 290 2900 1012
leaf_count=171 235 150 336 182 128 164 128 135 104 2412 132 290 2900 1012
internal_value=2.75531e-05 0.000360355 -0.000198 0.000632059 0.00125756 0.0001755 0.00046895 -0.000365871 0.000163396 -4.43132e-05 -0.000209275 -0.00112364 -8.6193e-05 0.000126927
internal_weight=8479 1498 486 1012 427 585 299 421 286 6981 3557 422 3135 3424
internal_count=8479 1498 486 1012 427 585 299 421 286 6981 3557 422 3135 3424
cat_boundaries=0 1 2
cat_threshold=268760089 705167488
is_linear=0
shrinkage=0.03


Tree=328
num_leaves=15
num_cat=1
split_feature=25 37 1 0 38 22 26 7 31 30 28 27 27 24
split_gain=0.273455 0.349317 0.42801 0.487653 0.404787 0.724108 0.398685 0.38073 0.300994 0.367833 0.314447 0.336173 0.398383 0.264031
threshold=0.20937500000000003 0 31.500000000000004 5.5000000000000009 1.9406415036236202 1182.1500000000003 0.020869565217391309 1.0000000180025095e-35 0.98907071189679896 34.250000000000007 3.7224016203703707 13.999774305555556 13.999311342592593 53.570333333333231
decision_type=8 9 2 2 2 2 10 2 8 2 2 2 2 8
left_child=-1 13 8 -4 5 6 7 -5 -3 -10 11 12 -11 -2
right_child=1 2 3 4 -6 -7 -8 -9 9 10 -12 -13 -14 -15
leaf_value=-0.0004828276586934235 -0.00049581753831610606 -0.00163524534223446 0.0023719987724954892 0.00202526558304803 -0.00091998816998769845 0.0025610509073430315 -0.00062100253638417314 -7.4589795472811116e-05 0.0013853542971923455 -0.0013632056289021293 0.0011065440608698099 -0.0020335606123429539 0.0010826868170425445 3.3587718625063933e-06
leaf_weight=1174 1219 108 148 159 148 163 244 152 148 116 106 122 124 4381
leaf_count=1174 1219 108 148 159 148 163 244 152 148 116 106 122 124 4381
internal_value=-5.77157e-05 1.02976e-05 0.000380578 0.000780576 0.0005086 0.000803073 0.000286766 0.00099897 -0.000174383 8.17419e-05 -0.000330512 -0.000751307 -9.94945e-05 -0.000105114
internal_weight=8512 7338 1738 1014 866 718 555 311 724 616 468 362 240 5600
internal_count=8512 7338 1738 1014 866 718 555 311 724 616 468 362 240 5600
cat_boundaries=0 1
cat_threshold=2488817775
is_linear=0
shrinkage=0.03


Tree=329
num_leaves=15
num_cat=4
split_feature=1 37 37 26 1 38 37 21 0 21 38 28 31 37
split_gain=0.156096 0.432119 0.4171 0.38376 0.476042 0.382284 0.404126 0.373602 0.34358 0.530883 0.454453 0.379613 0.316608 0.678172
threshold=42.500000000000007 0 1 1.0000000180025095e-35 47.500000000000007 1.9148777460984041 2 71.833333333333357 9.5000000000000018 96.166666666666686 1.2784058350766083 4.0448032407407419 1.9075202752519049 3
decision_type=2 9 9 8 2 2 9 2 2 2 2 2 8 9
left_child=1 -1 -2 5 7 6 -4 -5 10 11 -8 -10 -3 -14
right_child=2 12 3 4 -6 -7 8 -9 9 -11 -12 -13 13 -15
leaf_value=0.0013514527299363787 -0.0014434989490130516 -0.00037973507753120023 0.0017654990532069599 0.00057080510847154064 0.00034337187873275483 -0.0014470596380785786 0.00064063500601428843 0.0031512903384453453 0.0010208993413094007 0.0024794928243384918 -0.00089331824820283224 -0.0010020260540796059 0.00052935753516970472 -0.00057421693621689969
leaf_weight=170 130 2455 102 100 1936 176 242 102 165 101 617 169 1339 788
leaf_count=170 130 2455 102 100 1936 176 242 102 165 101 617 169 1339 788
internal_value=2.38041e-05 -9.11427e-05 0.000166051 0.000225732 0.00048797 -0.000129488 3.66239e-05 0.00187382 -0.00011243 0.000573643 -0.000461168 -2.67668e-06 -0.000147293 0.0001203
internal_weight=8592 4752 3840 3710 2138 1572 1396 202 1294 435 859 334 4582 2127
internal_count=8592 4752 3840 3710 2138 1572 1396 202 1294 435 859 334 4582 2127
cat_boundaries=0 1 2 3 4
cat_threshold=16665 1074004057 136315040 1096845344
is_linear=0
shrinkage=0.03


Tree=330
num_leaves=15
num_cat=1
split_feature=2 38 23 35 38 38 23 31 17 21 30 6 28 22
split_gain=0.219615 0.315967 0.279693 0.420879 0.396087 0.748616 0.547566 0.494534 0.55253 0.466596 0.393375 0.570458 0.593333 0.752488
threshold=1.0000000180025095e-35 1.2183621197739993 125.50000000000001 0 1.8768713636943566 1.9074166775209587 29.500000000000004 1.1800279787006078 1.0000000180025095e-35 41.166666666666679 117.50000000000001 2.5000000000000004 21.455312500000002 3375.1000000000008
decision_type=2 2 2 1 2 2 2 8 2 2 2 2 2 2
left_child=2 -2 4 -4 10 -6 -7 -8 9 -9 -1 12 13 -12
right_child=1 -3 3 -5 5 6 7 8 -10 -11 11 -13 -14 -15
leaf_value=0.00012195027080535759 0.00046283974274011403 -0.00066569374085033938 -0.00047267597235383491 0.00066524704080023732 0.003025080052949488 0.0018066290193034901 -0.0016276921277605721 0.00011908887115519816 -0.00083323228858716897 0.0028220454492340129 -0.00029332343386969257 0.0013256118944487891 0.0016144653567913745 -0.0016094339798343039
leaf_weight=2731 306 826 367 1352 100 161 154 127 192 105 1323 156 107 555
leaf_count=2731 306 826 367 1352 100 161 154 127 192 105 1323 156 107 555
internal_value=2.86252e-05 -0.000360631 8.79305e-05 0.000423425 -1.30527e-05 0.000588998 0.000259352 -0.000171637 0.000357213 0.00134241 -0.000116731 -0.000421186 -0.000558466 -0.00068227
internal_weight=8562 1132 7430 1719 5711 839 739 578 424 232 4872 2141 1985 1878
internal_count=8562 1132 7430 1719 5711 839 739 578 424 232 4872 2141 1985 1878
cat_boundaries=0 1
cat_threshold=1
is_linear=0
shrinkage=0.03


Tree=331
num_leaves=15
num_cat=0
split_feature=38 38 0 0 25 23 31 5 31 0 32 21 38 23
split_gain=0.196456 0.571573 0.308207 0.258781 0.606296 0.596601 0.315466 0.335603 0.30491 0.227812 0.371961 0.652064 0.25971 0.252435
threshold=1.9213392457489566 1.8957829999611842 12.500000000000002 5.5000000000000009 0.5156695156695158 74.500000000000014 2.6228785436617055 0.21825000000000003 1.6132339472880839 11.500000000000002 2.5000000000000004 20.250000000000004 1.185804290774765 118.50000000000001
decision_type=2 2 2 2 10 2 8 2 10 2 2 2 2 2
left_child=1 9 3 5 6 -2 7 8 -5 -1 11 -11 -12 -14
right_child=2 -3 -4 4 -6 -7 -8 -9 -10 10 12 -13 13 -15
leaf_value=0.00013395360947593201 0.0021633050166070459 0.0021197000621102618 0.001185156168255678 0.00035135468109384984 -0.002771894718416182 -0.00077666686825445712 0.0005967464780226706 -0.0019563320152759197 -0.0016437163070426321 -0.00080881240641516021 0.00056536824518378778 0.0024692921704529279 -0.0012157863804663073 0.00013449746700511738
leaf_weight=6210 100 124 111 222 114 164 199 158 100 115 133 104 509 165
leaf_count=6210 100 124 111 222 114 164 199 158 100 115 133 104 509 165
internal_value=4.27806e-05 0.000100141 -0.000318669 -0.000476592 -0.000747434 0.000336959 -0.000407539 -0.000823899 -0.000268233 6.55328e-05 -0.000348593 0.000747913 -0.000646158 -0.000885227
internal_weight=8528 7360 1168 1057 793 264 679 480 322 7236 1026 219 807 674
internal_count=8528 7360 1168 1057 793 264 679 480 322 7236 1026 219 807 674
is_linear=0
shrinkage=0.03


Tree=332
num_leaves=15
num_cat=4
split_feature=38 38 22 37 33 37 28 37 17 24 1 38 37 22
split_gain=0.205035 0.487252 0.392797 0.498526 0.433097 0.626086 0.416355 0.390304 0.387631 0.41154 0.37185 0.366131 0.363698 0.35825
threshold=1.5293415622999216 1.6532236652559551 1980.7027500000002 0 1.0000000180025095e-35 1 7.7874305555555567 2 1.0000000180025095e-35 54.945166666667397 18.500000000000004 1.8063954294013549 3 2441.6878750000001
decision_type=2 2 2 9 2 9 2 9 2 10 2 2 9 2
left_child=7 12 3 11 6 -6 8 -1 10 -10 -5 -3 -2 -4
right_child=1 2 13 4 5 -7 -8 -9 9 -11 -12 -13 -14 -15
leaf_value=0.00095849710336400572 -0.00091918129231306864 -1.9614940155132194e-05 0.0021415804294779399 0.00017333101526813919 0.0022861443283243533 -0.00050968277184000111 -0.0021676530652303275 -0.0001624072514320895 -0.00088524383589244594 0.00097926513385134385 -0.0013157794940497048 0.0021121530522827032 0.00089999253094338242 0.00028010163817266336
leaf_weight=291 103 169 101 208 108 181 151 3941 181 259 550 127 1053 1182
leaf_count=291 103 169 101 208 108 181 151 3941 181 259 550 127 1053 1182
internal_value=6.5409e-05 0.000209469 1.96403e-05 -0.00025036 -0.000454566 0.000596594 -0.000683129 -8.34507e-05 -0.000496014 0.000212274 -0.000907158 0.000865779 0.000737738 0.00042664
internal_weight=8605 4373 3217 1934 1638 289 1349 4232 1198 440 758 296 1156 1283
internal_count=8605 4373 3217 1934 1638 289 1349 4232 1198 440 758 296 1156 1283
cat_boundaries=0 1 2 3 4
cat_threshold=1146622120 547356672 805593153 2134048
is_linear=0
shrinkage=0.03


Tree=333
num_leaves=15
num_cat=1
split_feature=10 38 35 38 1 31 1 38 5 23 38 31 22 30
split_gain=0.18958 0.275238 0.654813 0.361575 0.352953 0.315208 0.256521 0.225914 0.576914 0.447249 0.211783 0.478243 0.199117 0.536688
threshold=1.0000000180025095e-35 2.1780638739043634 0 2.0230418184696588 46.500000000000007 1.9261208576998052 32.500000000000007 1.9406415036236202 0.23305000000000003 82.500000000000014 1.8957829999611842 1.9617718730540388 3884.0117500000001 117.50000000000001
decision_type=2 2 1 2 2 8 2 2 2 2 2 8 2 2
left_child=6 3 -3 7 -5 -6 -1 10 9 -9 12 -12 -2 -14
right_child=1 2 -4 4 5 -7 -8 8 -10 -11 11 -13 13 -15
leaf_value=-0.0016254211243794997 2.8572768829501142e-05 0.0003719414164381171 -0.0025485014380964145 -0.00010658642607986141 0.00058138602719243085 0.0029229747498517524 0.00011674063896824573 0.0015864562778442632 -0.0025002368810286713 -0.0010958424320719003 0.0023280941818924579 -0.0005501299547919044 0.00059387714475907596 -0.00084316752357708829
leaf_weight=160 5889 152 117 171 105 102 145 100 118 127 107 101 335 775
leaf_count=160 5889 152 117 171 105 102 145 100 118 127 107 101 335 775
internal_value=-6.27746e-05 -3.54549e-05 -0.000979201 -3.44132e-06 0.000902018 0.00173521 -0.00079718 -4.87622e-05 -0.000798708 8.5787e-05 -1.28622e-05 0.000930495 -4.08974e-05 -0.000409465
internal_weight=8504 8199 269 7930 378 207 305 7552 345 227 7207 208 6999 1110
internal_count=8504 8199 269 7930 378 207 305 7552 345 227 7207 208 6999 1110
cat_boundaries=0 1
cat_threshold=7
is_linear=0
shrinkage=0.03


Tree=334
num_leaves=15
num_cat=2
split_feature=35 31 27 2 1 38 1 37 31 31 23 30 22 22
split_gain=0.211104 0.366878 0.278275 0.311729 0.301829 0.285937 0.331134 0.417045 0.531481 0.363507 0.324653 0.499342 0.614598 0.532438
threshold=0 0.5018165865072145 30.999247685185189 1.0000000180025095e-35 121.50000000000001 1.1742148098628957 81.500000000000014 1 1.7497993579454256 3.050351864883885 110.50000000000001 223.82500000000002 1900.9126250000002 5678.2500000000009
decision_type=1 8 2 2 2 2 2 9 10 8 2 2 2 2
left_child=1 -1 3 4 5 -3 7 8 -7 -8 11 12 -9 -14
right_child=-2 2 -4 -5 -6 6 9 10 -10 -11 -12 -13 13 -15
leaf_value=-0.00085855411860255647 -0.00018098223046060884 -0.00035879450835452618 -0.0012676695339260218 -0.00081365829005306065 -0.00059465458455236215 0.0025479934910956001 0.0018595445741395062 -0.00011367612778668981 0.00018267581637828275 -0.00023844901427120261 0.00065051696563227148 -0.0011606524410277045 0.0019676907399023098 4.1472918529815534e-05
leaf_weight=317 2926 474 115 248 334 170 267 1508 172 103 1127 279 281 239
leaf_count=317 2926 474 115 248 334 170 267 1508 172 103 1127 279 281 239
internal_value=2.54041e-05 0.000132676 0.000192023 0.000224292 0.000276252 0.000339214 0.000419015 0.00033509 0.00131983 0.00127551 0.000232497 2.92967e-05 0.000193003 0.00108237
internal_weight=8560 5634 5317 5202 4954 4620 4146 3776 342 370 3434 2307 2028 520
internal_count=8560 5634 5317 5202 4954 4620 4146 3776 342 370 3434 2307 2028 520
cat_boundaries=0 1 2
cat_threshold=26 304119808
is_linear=0
shrinkage=0.03


Tree=335
num_leaves=15
num_cat=1
split_feature=1 37 22 30 6 27 22 24 0 30 22 22 30 30
split_gain=0.121867 0.145258 0.231745 0.226147 0.415836 0.348928 0.343465 0.591418 0.353463 0.216795 0.166817 0.141554 0.151383 0.418003
threshold=227.50000000000003 0 20.087500000000002 72.500000000000014 1.0000000180025095e-35 13.999739583333335 59.70000000000001 231.02700000000507 8.5000000000000018 29.165000000000003 40.675000000000004 72.200000000000017 254.60000000000002 260.75000000000006
decision_type=2 9 2 2 2 2 2 8 2 2 2 2 2 2
left_child=1 3 -3 4 6 9 7 -1 -8 -6 -4 -12 -13 -14
right_child=-2 2 10 -5 5 -7 8 -9 -10 -11 11 12 13 -15
leaf_value=-0.0013986101781989892 0.0007978200991867018 -0.0010993092647737959 0.0011151110488226857 0.0014729882953465577 0.0009714120396639149 -0.0021340765887041492 0.00051739938028156761 0.0013315065468132898 0.0029103270539990265 -0.00092142012487654156 -0.00097014477413663591 5.4039333243292826e-05 -0.0020043148471741005 -0.00011961419518489519
leaf_weight=138 183 178 118 141 106 101 125 148 100 112 139 6009 120 902
leaf_count=138 183 178 118 141 106 101 125 148 100 112 139 6009 120 902
internal_value=3.19086e-05 1.52959e-05 -2.97795e-05 0.000358494 0.000173483 -0.000676398 0.000704036 1.41775e-05 0.00158092 -1.05219e-06 -3.69847e-06 -2.21112e-05 -3.369e-06 -0.00034091
internal_weight=8620 8437 7466 971 830 319 511 286 225 218 7288 7170 7031 1022
internal_count=8620 8437 7466 971 830 319 511 286 225 218 7288 7170 7031 1022
cat_boundaries=0 1
cat_threshold=1076908500
is_linear=0
shrinkage=0.03


Tree=336
num_leaves=15
num_cat=2
split_feature=37 5 30 30 25 30 30 31 31 28 28 30 36 1
split_gain=0.182217 0.431835 0.304234 0.266038 0.181628 0.165177 0.546027 0.237092 0.318522 0.154579 0.153728 0.359937 0.663741 0.594875
threshold=0 0.38195000000000007 16.750000000000004 38.165000000000006 0.090000000000000011 360.75000000000006 324.57500000000005 9.8538461538461561 8.173220338983052 26.031406250000003 10.811435185185188 180.25000000000003 1 60.500000000000007
decision_type=9 2 2 2 8 2 2 10 8 2 2 2 9 2
left_child=1 2 -1 -4 -2 6 7 8 9 10 -6 12 -12 -13
right_child=4 -3 3 -5 5 -7 -8 -9 -10 -11 11 13 -14 -15
leaf_value=0.0010765893945232205 -0.0011522757854946263 -0.0023325433448362766 -0.0013761842441698997 0.00012363952423135441 -4.0045080526680085e-05 -0.00090782027258619401 0.0019188332921518904 -0.0011101615948315997 0.0014333958978253142 -0.0011278384323425903 0.0028515491307911089 -0.00076643254203564689 0.00020158651927583074 0.0013112576603239853
leaf_weight=129 122 101 202 225 6096 171 136 169 142 108 117 394 278 181
leaf_count=129 122 101 202 225 6096 171 136 169 142 108 117 394 278 181
internal_value=-4.38876e-05 -0.000520056 -0.000200162 -0.000585879 -3.6955e-06 1.42832e-05 3.49733e-05 7.44211e-07 2.64062e-05 -1.44334e-06 1.5773e-05 0.000366564 0.00106381 -0.000112412
internal_weight=8571 657 556 427 7914 7792 7621 7485 7316 7174 7066 970 395 575
internal_count=8571 657 556 427 7914 7792 7621 7485 7316 7174 7066 970 395 575
cat_boundaries=0 1 2
cat_threshold=1925891 32
is_linear=0
shrinkage=0.03


Tree=337
num_leaves=15
num_cat=1
split_feature=31 37 38 31 29 27 23 1 31 31 31 23 21 27
split_gain=0.244688 0.617981 0.460298 0.560093 0.607185 0.413241 0.344866 0.317537 0.313557 0.340415 0.30063 0.296892 0.288071 0.304718
threshold=2.4757543249946594 0 1.3563221217077308 2.9865742244263793 2.5000000000000004 29.036024305555561 137.00000000000003 39.500000000000007 2.3685450375054251 2.292361087676754 2.2263297191155131 38.500000000000007 69.65000000000002 13.999971064814817
decision_type=8 9 2 8 2 2 2 2 10 10 10 2 2 2
left_child=8 6 12 4 -4 -6 7 11 9 10 -1 -2 13 -3
right_child=1 2 3 -5 5 -7 -8 -9 -10 -11 -12 -13 -14 -15
leaf_value=7.4269261745207434e-05 0.0015417294910793581 0.00028698731001428757 -0.0028475374043419603 -0.0004120366894660903 0.00062677826888955616 -0.0019909357733901263 -0.00022540681795975759 0.0020974719973346511 0.0012638982193907949 -0.0012945380778910476 0.0015292012794583124 -0.00037072147586556192 0.001053145185660597 -0.0013379877129918894
leaf_weight=5261 127 296 214 962 116 102 356 160 205 160 131 172 213 160
leaf_count=5261 127 296 214 962 116 102 356 160 205 160 131 172 213 160
internal_value=-1.21785e-06 -0.000227083 -0.000502138 -0.000815008 -0.00171237 -0.000598024 0.000469559 0.0010188 0.000111695 6.91516e-05 0.000109617 0.00044159 0.000142287 -0.000283179
internal_weight=8635 2878 2063 1394 432 218 815 459 5757 5552 5392 299 669 456
internal_count=8635 2878 2063 1394 432 218 815 459 5757 5552 5392 299 669 456
cat_boundaries=0 1
cat_threshold=1560281264
is_linear=0
shrinkage=0.03


Tree=338
num_leaves=15
num_cat=0
split_feature=30 30 5 30 30 28 24 21 30 30 31 22 28 1
split_gain=0.224391 0.595433 0.482196 0.437622 0.429511 0.34283 0.308798 0.239862 0.238082 0.213603 0.422753 0.545708 0.397901 0.278051
threshold=253.72500000000002 259.62500000000006 0.36035 275.27500000000003 246.05000000000004 19.802771990740744 122.76233333333396 91.450000000000003 304.85000000000008 225.05000000000004 1.839223276723277 1900.9126250000002 4.9226099537037049 245.00000000000003
decision_type=2 2 2 2 2 2 10 2 2 2 10 2 2 2
left_child=4 -2 3 7 9 6 -5 -3 -8 13 -11 12 -12 -1
right_child=1 2 -4 5 -6 -7 8 -9 -10 10 11 -13 -14 -15
leaf_value=5.9927175783846962e-05 -0.0024043297927213332 0.00032064789304191746 -0.0015373883562548969 0.00031843778269831092 0.0017635271414369344 0.0011550695769838059 -0.0020391847688760781 0.0022534177995112256 -0.00031184202106128076 -0.0019744325953632079 0.00026913104079118589 0.0016533089540041001 -0.0022452369494629755 -0.0013571002150750094
leaf_weight=6669 123 123 194 176 125 115 162 109 129 145 123 114 105 127
leaf_count=6669 123 123 194 176 125 115 162 109 129 145 123 114 105 127
internal_value=-4.02084e-05 -0.000433794 -0.000193342 0.000126984 1.98814e-05 -0.000312195 -0.000673513 0.00122872 -0.00127346 -1.00453e-05 -0.000616966 -4.14314e-05 -0.000888802 3.34465e-05
internal_weight=8539 1131 1008 814 7408 582 467 232 291 7283 487 342 228 6796
internal_count=8539 1131 1008 814 7408 582 467 232 291 7283 487 342 228 6796
is_linear=0
shrinkage=0.03


Tree=339
num_leaves=15
num_cat=1
split_feature=1 1 35 38 32 27 5 1 16 21 32 32 21 5
split_gain=0.164703 0.209369 0.419147 0.373252 0.424508 0.219268 0.430983 0.394704 0.367123 0.650777 0.297655 0.365277 0.592271 0.457158
threshold=181.50000000000003 115.50000000000001 0 1.4561430816937768 4.5000000000000009 13.999947916666668 0.63070000000000015 80.500000000000014 1.0000000180025095e-35 87.225000000000009 29.500000000000004 24.500000000000004 98.950000000000017 0.28175000000000006
decision_type=2 2 1 2 2 2 2 2 2 2 2 2 2 2
left_child=1 5 3 -3 -5 -1 7 10 -9 -10 11 13 -13 -7
right_child=-2 2 -4 4 -6 6 -8 8 9 -11 -12 12 -14 -15
leaf_value=-0.00018232198518873161 0.00062704400988250117 -0.0012396985709505236 -0.0017225082180682991 -0.00056685813839846689 0.0020393395004381911 0.00011983583597749751 0.0016547126538172272 0.0022333646200199601 -0.0014690687349608656 0.0018565566462268113 -0.001131751928952456 -0.00014904255410988948 0.0024847383163576217 -0.00088270801710240072
leaf_weight=4148 313 138 193 112 113 2058 161 137 103 109 210 175 137 511
leaf_count=4148 313 138 193 112 113 2058 161 137 103 109 210 175 137 511
internal_value=-4.85205e-05 -7.39813e-05 -0.000636314 -1.10487e-05 0.000742032 -3.36333e-05 0.000137642 6.66392e-05 0.00102298 0.000240805 -4.13403e-05 3.81413e-05 0.00100746 -7.95802e-05
internal_weight=8618 8305 556 363 225 7749 3601 3440 349 212 3091 2881 312 2569
internal_count=8618 8305 556 363 225 7749 3601 3440 349 212 3091 2881 312 2569
cat_boundaries=0 1
cat_threshold=7
is_linear=0
shrinkage=0.03


Tree=340
num_leaves=15
num_cat=2
split_feature=30 37 30 0 30 24 32 38 23 38 23 1 37 1
split_gain=0.253728 0.28437 0.32948 0.888302 0.665173 0.184298 0.178877 0.174182 0.519296 0.469091 0.466002 0.396155 0.395335 0.327848
threshold=382.25000000000006 0 72.500000000000014 8.5000000000000018 33.250000000000007 583.68516666666449 18.500000000000004 1.2954461497495575 129.50000000000003 1.185804290774765 11.500000000000002 3.5000000000000004 1 5.5000000000000009
decision_type=2 9 2 2 2 10 2 2 2 2 2 2 9 2
left_child=1 2 3 4 -1 7 -7 8 9 13 11 -9 -12 -3
right_child=-2 5 -4 -5 -6 6 -8 10 -10 -11 12 -13 -14 -15
leaf_value=0.000679148653023211 -0.001364179776247738 -0.0011203189557259579 0.0021387596245905434 0.0021042135806014161 -0.0027309492618130234 0.0015494392671990358 -0.0001512224464458275 -7.3977836084452051e-05 -0.0011272713657824989 0.0010727710334541784 0.001487031680876797 -0.0023581746813046279 -0.00014495870178788696 0.00024060039630492713
leaf_weight=105 128 194 111 140 101 124 101 121 243 550 127 157 5495 891
leaf_count=105 128 194 111 140 101 124 101 121 243 550 127 157 5495 891
internal_value=-3.84967e-05 -1.84391e-05 0.000701235 0.000260331 -0.000992793 -6.03359e-05 0.000786031 -8.4897e-05 0.000166736 0.000359056 -0.000164993 -0.00136397 -0.000105705 -2.73449e-06
internal_weight=8588 8460 457 346 206 8003 225 7778 1878 1635 5900 278 5622 1085
internal_count=8588 8460 457 346 206 8003 225 7778 1878 1635 5900 278 5622 1085
cat_boundaries=0 1 2
cat_threshold=136324160 102236160
is_linear=0
shrinkage=0.03


Tree=341
num_leaves=15
num_cat=2
split_feature=30 31 21 28 37 21 37 33 22 29 25 5 31 25
split_gain=0.153232 0.273973 0.217136 0.187063 0.475481 0.718772 0.427671 0.427534 0.549361 1.01991 0.664538 0.379991 0.341856 0.316179
threshold=2.2500000000000004 0.35714348202647267 71.833333333333357 1.1472222222222224 0 73.783333333333346 1 1.0000000180025095e-35 6664.7640000000001 2.5000000000000004 0.63484848484848488 0.31010000000000004 3.5561282932416955 0.19000000000000003
decision_type=2 8 2 2 9 2 9 2 2 2 8 2 8 10
left_child=-1 2 -2 6 5 -5 11 8 10 -10 -8 -3 -9 -6
right_child=1 3 -4 4 13 -7 7 12 9 -11 -12 -13 -14 -15
leaf_value=-0.00094429129858383928 7.4256160465558743e-05 -0.00036938101563742853 0.0019141598744317888 0.002149883005453739 -0.00151455876991699 -0.00065282046400326574 0.00024845050189644096 -0.00067689554122846065 0.0036384575253233628 -0.0003110130809219831 0.0018985157961660159 0.00067764560975554179 0.00095235043726951023 -0.000130671983888271
leaf_weight=127 102 1470 133 200 156 140 1625 451 141 101 254 396 156 3126
leaf_count=127 102 1470 133 200 156 140 1625 451 141 101 254 396 156 3126
internal_value=9.00294e-05 0.000105573 0.00111556 7.66845e-05 -8.45307e-05 0.000967376 0.00020379 0.00044224 0.000644774 0.00199012 0.000471504 -0.000146398 -0.000258177 -0.000195854
internal_weight=8578 8451 235 8216 3622 340 4594 2728 2121 242 1879 1866 607 3282
internal_count=8578 8451 235 8216 3622 340 4594 2728 2121 242 1879 1866 607 3282
cat_boundaries=0 1 2
cat_threshold=10485812 851452199
is_linear=0
shrinkage=0.03


Tree=342
num_leaves=15
num_cat=2
split_feature=37 0 26 13 1 24 22 13 22 37 30 26 28 30
split_gain=0.157294 0.371519 0.39078 0.324241 0.456839 0.315038 0.319012 0.454601 0.278999 0.33748 0.27127 0.228633 0.44979 0.30706
threshold=0 6.5000000000000009 0.051315789473684217 0.50000000000000011 39.500000000000007 26.342833333332095 1498.6875000000002 1.0000000180025095e-35 1914.0000000000002 1 182.10000000000002 0.051315789473684217 0.67822337962962975 65.500000000000014
decision_type=9 2 8 2 2 10 2 2 2 9 2 8 2 2
left_child=11 2 3 4 8 6 7 -3 9 -2 -8 -1 -13 -14
right_child=1 5 -4 -5 -6 -7 10 -9 -10 -11 -12 12 13 -15
leaf_value=6.2394657452627793e-05 -0.00080289348820224409 0.0013112125360677318 0.002050890177387969 0.0019271399317359601 0.0016217961021383026 0.00031984908024354394 -0.0018948413494592727 -0.00089405735733200098 -0.001485661961044421 0.0012629990571397629 -1.792023334668816e-06 -0.00093968448461675144 0.001397894390300361 -0.0003993783251489537
leaf_weight=5043 140 155 174 111 140 1117 194 184 134 126 105 603 157 188
leaf_count=5043 140 155 174 111 140 1117 194 184 134 126 105 603 157 188
internal_value=6.65853e-05 0.000261888 0.000787969 0.000450413 0.000146864 1.60772e-05 -0.000515762 0.000114252 -0.000369362 0.000192984 -0.00123006 -1.79282e-05 -0.000445404 0.000418511
internal_weight=8571 2580 825 651 540 1755 638 339 400 266 299 5991 948 345
internal_count=8571 2580 825 651 540 1755 638 339 400 266 299 5991 948 345
cat_boundaries=0 1 2
cat_threshold=2211727759 1476395040
is_linear=0
shrinkage=0.03


Tree=343
num_leaves=15
num_cat=1
split_feature=38 22 11 22 30 27 31 38 25 31 37 38 25 38
split_gain=0.22853 0.179274 0.461791 0.458898 0.503629 0.436886 0.472221 0.452 0.422156 0.456539 0.393838 0.444992 0.318285 0.296353
threshold=0.80772916916412729 305.90000000000003 1.0000000180025095e-35 378.60000000000008 24.165000000000003 10.062233796296299 1.0133141338059373 1.3498666474132694 0.17000000000000001 1.091356184798808 0 1.647130365489506 0.49489795918367352 1.8957829999611842
decision_type=2 2 2 2 2 2 10 2 8 10 9 2 10 2
left_child=-1 2 10 -3 -5 7 12 -6 -8 -10 11 -2 13 -7
right_child=1 3 -4 4 5 6 8 -9 9 -11 -12 -13 -14 -15
leaf_value=-0.0013861233200877904 0.00028472412779332701 -0.0013801055835367777 -0.0015941288570906404 0.0015704744164114822 -0.00016315321826797751 -0.00086588683169223826 -0.0011242821375057233 0.0025469445109624284 0.0017299381145597275 2.0078069831560375e-05 0.0001966337344176961 0.0027079230451061828 -0.0022938804006359232 0.00064759929177533784
leaf_weight=105 140 227 113 177 106 546 281 116 145 4569 1628 133 108 148
leaf_count=105 140 227 113 177 106 546 281 116 145 4569 1628 133 108 148
internal_value=4.82895e-06 2.21396e-05 0.000269099 -5.5297e-05 -6.76063e-06 -5.31422e-05 -0.000103159 0.00125293 5.33623e-06 7.26724e-05 0.000379853 0.00141348 -0.000778889 -0.000543126
internal_weight=8542 8437 2014 6423 6196 6019 5797 222 4995 4714 1901 273 802 694
internal_count=8542 8437 2014 6423 6196 6019 5797 222 4995 4714 1901 273 802 694
cat_boundaries=0 1
cat_threshold=271583520
is_linear=0
shrinkage=0.03


Tree=344
num_leaves=15
num_cat=2
split_feature=24 1 1 37 0 29 28 36 22 30 1 24 24 30
split_gain=0.284441 0.277478 0.387496 0.380588 0.363701 0.52883 0.34307 0.342124 0.596132 0.604352 0.341411 0.336877 0.316992 0.343819
threshold=7.486666666665756 81.500000000000014 75.500000000000014 0 8.5000000000000018 2.5000000000000004 9.5670312500000012 1 1095.0500000000004 51.050000000000004 99.500000000000014 42.613166666669429 468.26983333333635 259.62500000000006
decision_type=8 2 2 9 2 2 2 9 2 2 2 8 10 2
left_child=-1 2 12 4 6 11 10 -5 9 -9 -3 -6 -2 -14
right_child=1 3 -4 7 5 -7 -8 8 -10 -11 -12 -13 13 -15
leaf_value=-0.00067124490778008698 2.3380498111368677e-05 0.00030637825422066573 -0.0013012422187113723 -0.00031883651588358126 0.00081201059357603874 0.0017809125322627982 0.0008066281021915768 0.0021646035054089944 0.003154503669612473 -0.00036748083954828262 -0.0017287099313379939 -0.0013782353141577914 -0.0013785248567345614 0.00038864737999036295
leaf_weight=602 5758 108 226 149 123 190 114 149 123 197 237 130 304 147
leaf_count=602 5758 108 226 149 123 190 114 149 123 197 237 130 304 147
internal_value=-4.24944e-05 5.08676e-06 -8.10251e-05 0.000369646 -2.80479e-05 0.000584831 -0.000620174 0.000935416 0.00133223 0.000722925 -0.00109164 -0.000313412 -3.66106e-05 -0.000802529
internal_weight=8557 7955 6435 1520 902 443 459 618 469 346 345 253 6209 451
internal_count=8557 7955 6435 1520 902 443 459 618 469 346 345 253 6209 451
cat_boundaries=0 1 2
cat_threshold=1914718272 4
is_linear=0
shrinkage=0.03


Tree=345
num_leaves=15
num_cat=2
split_feature=31 38 28 21 17 35 31 21 22 37 31 31 31 31
split_gain=0.128773 0.287634 0.382719 0.350684 0.590639 0.30674 0.218733 0.309744 0.290777 0.233245 0.864414 0.734139 0.560566 0.5895
threshold=0.71691003666217534 1.4460010940867198 3.130393518518519 112.43333333333335 1.0000000180025095e-35 0 0.91867732558139548 81.208333333333343 6785.2500000000009 1 1.091356184798808 1.361581038887312 1.7497993579454256 2.5647058434165593
decision_type=8 2 2 2 2 1 8 2 2 9 10 10 10 10
left_child=1 5 3 4 -3 -1 7 -2 -9 10 -8 -12 -13 -14
right_child=6 2 -4 -5 -6 -7 9 8 -10 -11 11 12 13 -15
leaf_value=0.0014223844413299091 -0.0015492891572102961 0.0019588589945223329 -0.0017485238922331113 -0.0010644933143153022 -0.00085934975155396384 -0.00047736802576533094 0.0027832040921860041 0.00112561003687099 -0.0010436298074815774 -4.1443031000444402e-05 -0.0020436257921818005 0.00177189740568186 -0.0010959772230757611 0.00056410998448474213
leaf_weight=305 192 176 101 117 108 100 124 117 106 5808 123 216 273 653
leaf_count=305 192 176 101 117 108 100 124 117 106 5808 123 216 273 653
internal_value=4.39581e-05 0.000381856 -9.80024e-05 0.000317715 0.000887146 0.000976643 3.69624e-06 -0.000666005 9.44915e-05 4.23131e-05 0.000390024 0.000158519 0.000395702 7.4689e-05
internal_weight=8519 907 502 401 284 405 7612 415 223 7197 1389 1265 1142 926
internal_count=8519 907 502 401 284 405 7612 415 223 7197 1389 1265 1142 926
cat_boundaries=0 1 2
cat_threshold=13 421527598
is_linear=0
shrinkage=0.03


Tree=346
num_leaves=15
num_cat=3
split_feature=31 37 28 37 37 28 31 31 30 24 24 24 1 1
split_gain=0.297789 0.334312 0.196356 0.269902 0.170937 0.277094 0.274352 0.312487 0.38898 0.237884 0.561267 0.547242 0.395896 0.326367
threshold=0.43729304635761596 0 0.67822337962962975 1 2 14.450526620370374 8.173220338983052 5.1020956475013444 225.05000000000004 116.65266666666663 77.847333333332799 64.411999999999395 28.500000000000004 33.500000000000007
decision_type=8 9 2 9 9 2 10 10 2 10 10 10 2 2
left_child=1 -1 3 -3 5 9 7 -6 -9 10 11 -2 -12 -11
right_child=4 2 -4 -5 6 -7 -8 8 -10 13 12 -13 -14 -15
leaf_value=-0.0021766292097084726 -7.2910866503714299e-05 0.00027981460172062117 0.00063665234778617651 -0.001707862232340796 0.00017063496732976237 0.0014113920262212505 0.0014643007960411713 9.7083683290909373e-05 -0.0022114859846739192 4.2329566932316103e-05 0.002709091083092704 -0.0016365022354157884 0.00028657591383671383 -0.0016237200144060219
leaf_weight=101 2085 116 134 122 4610 101 139 155 114 199 102 223 150 226
leaf_count=101 2085 116 134 122 4610 101 139 155 114 199 102 223 150 226
internal_value=-8.16608e-07 -0.000732507 -0.000274528 -0.000799081 4.18894e-05 -0.000133602 0.000149782 0.000112639 -0.000881269 -0.000186326 -7.72053e-05 -0.000223986 0.00126712 -0.000843617
internal_weight=8577 473 372 238 8104 3086 5018 4879 269 2985 2560 2308 252 425
internal_count=8577 473 372 238 8104 3086 5018 4879 269 2985 2560 2308 252 425
cat_boundaries=0 1 2 3
cat_threshold=2099201 2420113536 2979295490
is_linear=0
shrinkage=0.03


Tree=347
num_leaves=15
num_cat=3
split_feature=38 37 37 36 38 23 23 23 1 22 30 23 21 27
split_gain=0.20167 0.541503 0.404765 0.403499 0.4864 0.613248 0.901202 0.372394 1.0349 0.483726 0.537395 0.410413 0.368842 0.298934
threshold=1.6980013696122194 0 1 2 1.8547242119413039 147.50000000000003 124.50000000000001 79.500000000000014 77.500000000000014 1182.1500000000003 233.10000000000002 40.500000000000007 49.416666666666679 28.07513888888889
decision_type=2 9 9 9 2 2 2 2 2 2 2 2 2 2
left_child=1 -1 3 12 5 6 -5 8 11 -9 -11 -6 -2 -3
right_child=2 13 -4 4 7 -7 -8 9 -10 10 -12 -13 -14 -15
leaf_value=0.00075197547464516377 -0.00035951549170805229 -0.00020720658310689565 0.00073169883308747674 -0.00091845107640478802 0.00037755025736891377 -0.002394441572142505 0.001910305619984865 -0.0017243039782115375 -0.0014536301316106766 -0.00030133458866836779 0.0019383995820369041 0.0025995321462643022 -0.0022106530627326124 0.00035144450727545815
leaf_weight=799 187 3921 308 536 121 172 125 160 127 508 119 196 201 1105
leaf_count=799 187 3921 308 536 121 172 125 160 127 508 119 196 201 1105
internal_value=-6.84583e-05 3.16287e-05 -0.000279693 -0.000408055 -0.000237735 -0.000798734 -0.000383512 0.000139954 0.000834642 -0.000251966 0.000123751 0.00175139 -0.00128535 -8.42158e-05
internal_weight=8585 5825 2760 2452 2064 833 661 1231 444 787 627 317 388 5026
internal_count=8585 5825 2760 2452 2064 833 661 1231 444 787 627 317 388 5026
cat_boundaries=0 1 2 3
cat_threshold=276841476 950552579 16
is_linear=0
shrinkage=0.03


Tree=348
num_leaves=15
num_cat=4
split_feature=1 17 36 24 37 38 36 38 24 1 27 30 37 21
split_gain=0.21203 0.338159 0.440277 0.288749 0.270316 0.253809 0.516156 0.481476 0.27724 0.265816 0.330792 0.413145 0.287448 0.266692
threshold=127.50000000000001 1.0000000180025095e-35 0 157.05049999999582 1 2.0230418184696588 2 2.1207569113729212 25.289333333333637 101.50000000000001 13.999994212962966 60.500000000000007 3 4.2083333333333348
decision_type=2 2 9 10 9 2 9 2 10 2 2 2 9 2
left_child=5 3 -3 4 -2 9 8 -8 -7 12 11 -11 13 -1
right_child=1 2 -4 -5 -6 6 7 -9 -10 10 -12 -13 -14 -15
leaf_value=-0.0017689575012608441 0.00070020536688148729 -2.1623351923680226e-05 -0.002382543216324261 0.0012963903008593183 -0.0011121989516705161 0.0022564577975867045 0.00073679424155953109 -0.0021037819979712363 0.00063410680965060671 -0.0013109826638965922 0.0020237186174892397 0.0012573705402956833 7.2833455812263028e-05 -0.00026938534085657519
leaf_weight=113 111 142 145 118 189 158 116 100 237 102 126 126 4858 1926
leaf_count=113 111 142 145 118 189 158 116 100 237 102 126 126 4858 1926
internal_value=-6.86286e-06 -0.000505262 -0.00129819 3.91658e-05 -0.000455342 3.78295e-05 0.00062503 -0.000552699 0.00125137 -1.16505e-05 0.000790105 0.00010837 -5.2802e-05 -0.00035077
internal_weight=8567 705 287 418 300 7862 611 216 395 7251 354 228 6897 2039
internal_count=8567 705 287 418 300 7862 611 216 395 7251 354 228 6897 2039
cat_boundaries=0 1 2 3 4
cat_threshold=17 2726330368 7 2552599083
is_linear=0
shrinkage=0.03


Tree=349
num_leaves=15
num_cat=1
split_feature=20 22 0 30 12 22 25 37 32 1 32 25 1 27
split_gain=0.169191 0.301494 0.433994 0.242257 0.189565 0.299763 0.418807 0.272185 0.531498 0.835257 0.481053 0.174226 0.455792 0.830625
threshold=1.0000000180025095e-35 4264.1500000000005 6.5000000000000009 136.50000000000003 1.0000000180025095e-35 1498.6875000000002 0.54027027027027041 0 6.5000000000000009 42.500000000000007 12.500000000000002 0.26235294117647062 42.500000000000007 13.999496527777781
decision_type=2 2 2 2 2 2 8 9 2 2 2 10 2 2
left_child=4 2 -2 -4 7 6 -6 8 9 -1 -10 12 -9 -14
right_child=1 -3 3 -5 5 -7 -8 11 10 -11 -12 -13 13 -15
leaf_value=0.0038342709773394176 0.0010598594729800696 -0.0019779740643347254 -0.0020541088525205847 9.094839636236428e-06 0.00092111285490210383 -0.0015747706941188681 -0.0012860276002990068 -0.00012643266072124844 -0.0012537137261757667 4.9579406644557119e-05 0.0011102907904836383 -5.8779583364167107e-05 -0.00016923215546824546 0.001980608318985189
leaf_weight=103 154 104 105 100 185 166 133 929 152 107 158 5454 322 325
leaf_count=103 154 104 105 100 185 166 133 929 152 107 158 5454 322 325
internal_value=1.99493e-06 -0.000555643 -0.000143603 -0.00104767 3.41317e-05 -0.000541421 -1.99935e-06 7.1028e-05 0.000726597 0.00190588 -4.8834e-05 2.14723e-05 0.000299333 0.000910672
internal_weight=8497 463 359 205 8034 484 318 7550 520 210 310 7030 1576 647
internal_count=8497 463 359 205 8034 484 318 7550 520 210 310 7030 1576 647
cat_boundaries=0 1
cat_threshold=2113620
is_linear=0
shrinkage=0.03


Tree=350
num_leaves=15
num_cat=1
split_feature=37 23 31 23 33 0 5 21 5 7 33 26 31 31
split_gain=0.19388 0.199332 0.439928 0.433137 0.650107 0.573788 0.482445 0.199645 0.377942 0.388259 0.301149 0.578049 0.429617 0.331449
threshold=0 12.500000000000002 1.0611799304874792 20.500000000000004 1.0000000180025095e-35 5.5000000000000009 0.23305000000000003 105.61666666666669 0.43650000000000005 1.0000000180025095e-35 1.0000000180025095e-35 1.0000000180025095e-35 11.800000000000002 0.73226861167002022
decision_type=9 2 10 2 2 2 2 2 2 2 2 10 8 10
left_child=-1 2 -2 4 5 -3 -7 10 9 -9 12 -12 13 -5
right_child=1 3 -4 7 -6 6 -8 8 -10 -11 11 -13 -14 -15
leaf_value=-0.00022129385499212371 -0.0021739795744845952 0.0034775379388502716 0.00018602132170389478 0.0010239775925226409 -0.0010472432841040268 1.8862247234210372e-05 0.0025585082771859189 0.001513199932138208 -0.0014691268115690299 -0.00023497907501827299 0.0020522398103905238 0.00020191359176758409 -0.0015692366609748986 2.8906504461519589e-05
leaf_weight=2031 108 103 208 334 111 198 102 129 194 1006 211 543 140 3074
leaf_count=2031 108 103 208 334 111 198 102 129 194 1006 211 543 140 3074
internal_value=3.37407e-05 0.000114076 -0.000620561 0.00015204 0.000985691 0.00154563 0.000882342 7.59437e-05 -0.000245445 -3.62874e-05 0.000175229 0.00071971 5.95192e-05 0.000126428
internal_weight=8492 6461 316 6145 514 403 300 5631 1329 1135 4302 754 3548 3408
internal_count=8492 6461 316 6145 514 403 300 5631 1329 1135 4302 754 3548 3408
cat_boundaries=0 1
cat_threshold=72734496
is_linear=0
shrinkage=0.03


Tree=351
num_leaves=15
num_cat=1
split_feature=38 0 17 38 23 25 38 32 38 38 27 24 0 37
split_gain=0.252161 0.614409 0.499478 0.223847 0.591724 0.519214 0.466303 0.61881 0.61002 0.463418 0.422056 0.410009 0.361921 0.313768
threshold=2.0852061864355242 5.5000000000000009 1.0000000180025095e-35 1.8768713636943566 29.500000000000004 0.21937500000000001 1.7661609051321283 13.500000000000002 1.7527718373424654 1.9013833091226673 12.99934027777778 257.1431666666503 6.5000000000000009 0
decision_type=2 2 2 2 2 10 2 2 2 2 2 10 2 9
left_child=3 -2 -3 6 -5 -6 8 10 13 -7 -8 -9 -12 -1
right_child=1 2 -4 4 5 9 7 11 -10 -11 12 -13 -14 -15
leaf_value=-0.00028998251931789846 0.0011859793193861534 -0.0023729673887473495 -0.00019461749950096417 0.0025591601564451806 -0.0015511109451315579 0.0023303735420264512 0.00041130088376518774 -0.00062352353112625058 0.0023350427091433619 0.00017444041316194808 -0.0031320982452329375 0.0020083960185293104 -0.0011768552205991001 0.00015678593097111413
leaf_weight=2114 121 187 192 107 130 107 103 114 103 556 119 100 300 4227
leaf_count=2114 121 187 192 107 130 107 103 114 103 556 119 100 300 4227
internal_value=-2.14277e-05 -0.000675216 -0.00126942 1.90295e-05 0.000465027 0.000182465 -3.68755e-05 -0.000752248 4.48306e-05 0.000522381 -0.00130922 0.000606345 -0.00173216 7.62957e-06
internal_weight=8580 500 379 8080 900 793 7180 736 6444 663 522 214 419 6341
internal_count=8580 500 379 8080 900 793 7180 736 6444 663 522 214 419 6341
cat_boundaries=0 1
cat_threshold=1165599533
is_linear=0
shrinkage=0.03


Tree=352
num_leaves=15
num_cat=2
split_feature=30 37 20 30 26 37 28 28 21 27 30 30 30 22
split_gain=0.187111 0.202297 0.146538 0.422301 1.02754 0.226404 0.310204 0.195409 0.54409 0.37217 0.309874 0.522293 0.656242 0.705566
threshold=368.50000000000006 0 1.0000000180025095e-35 230.07500000000002 1.0000000180025095e-35 1 0.783269675925926 0.93167824074074079 82.125000000000014 18.999762731481486 111.50000000000001 171.25000000000003 222.10000000000002 1619.2460000000001
decision_type=2 9 2 2 8 9 2 2 2 2 2 2 2 2
left_child=1 -1 5 4 -4 6 -3 8 9 -7 -10 -12 -13 -14
right_child=-2 2 3 -5 -6 7 -8 -9 10 -11 11 12 13 -15
leaf_value=-0.00039617619343448646 -0.0010565557521294976 0.00026153362438123188 -0.0016274948748729087 -0.0020676692615374239 0.0018900328831168245 4.9543470159612587e-05 0.002204509218684782 -8.946498116118463e-05 0.0014561045100245707 -0.0013553579406993042 -0.00062296668434052996 0.0019431055754888804 0.0017243221646988998 -0.00069453555111578032
leaf_weight=872 144 230 151 109 148 1937 109 3290 352 186 304 300 167 310
leaf_count=872 144 230 151 109 148 1937 109 3290 352 186 304 300 167 310
internal_value=1.57688e-05 3.40104e-05 8.38255e-05 -0.000469125 0.000113623 0.000115341 0.000860872 7.70542e-05 0.000231334 -7.35426e-05 0.000683011 0.000431273 0.000843742 0.000152318
internal_weight=8609 8465 7593 408 299 7185 339 6846 3556 2123 1433 1081 777 477
internal_count=8609 8465 7593 408 299 7185 339 6846 3556 2123 1433 1081 777 477
cat_boundaries=0 1 2
cat_threshold=218190153 2098196
is_linear=0
shrinkage=0.03


Tree=353
num_leaves=15
num_cat=0
split_feature=28 23 28 24 24 28 28 29 31 31 0 31 31 38
split_gain=0.14715 0.617178 0.248548 0.178566 0.564916 0.530145 0.359532 0.245693 0.365322 0.404211 0.641122 0.396654 0.320248 0.460126
threshold=21.930173611111112 126.50000000000001 18.921059027777783 120.45833333333286 100.57766666666519 1.0525115740740743 14.450526620370374 4.5000000000000009 0.64149109284001382 1.2585729879880547 7.5000000000000009 1.0284500202347231 1.3722167243938646 1.7527718373424654
decision_type=2 2 2 8 10 2 2 2 8 8 2 10 8 2
left_child=2 -2 3 4 6 -6 -1 8 -5 10 11 -10 -11 -14
right_child=1 -3 -4 7 5 -7 -8 -9 9 12 -12 -13 13 -15
leaf_value=4.5572297921178324e-05 0.0021525474327874173 -0.00059962542491735185 -0.0012208240866621442 -0.0014654151091916842 0.0002329571237985758 0.0028942709139190875 0.0017753086252314213 0.00076168503197685553 -0.0015177190518913279 -0.0017078726568330797 0.0021835349643460015 0.0009211680305907066 -0.00035115415845579596 0.00070178729244228355
leaf_weight=4210 140 154 141 188 141 129 111 269 113 127 170 128 2107 454
leaf_count=4210 140 154 141 188 141 129 111 269 113 127 170 128 2107 454
internal_value=5.13677e-05 0.000710933 2.7971e-05 4.95839e-05 0.000173192 0.00150447 9.00066e-05 -0.000110002 -0.000181339 -0.00010344 0.000772769 -0.000222377 -0.000237415 -0.000164494
internal_weight=8582 294 8288 8147 4591 270 4321 3556 3287 3099 411 241 2688 2561
internal_count=8582 294 8288 8147 4591 270 4321 3556 3287 3099 411 241 2688 2561
is_linear=0
shrinkage=0.03


Tree=354
num_leaves=15
num_cat=4
split_feature=37 5 30 24 26 37 38 35 5 1 30 36 1 23
split_gain=0.289884 0.26283 0.472594 0.771152 0.395202 0.31434 0.300557 0.261596 0.81522 0.410177 0.692611 0.606346 0.423459 0.386576
threshold=0 0.45800000000000007 72.500000000000014 60.221166666667131 0.027799227799227801 1 1.7843855949869325 2 0.22400000000000003 44.500000000000007 110.50000000000001 3 96.500000000000014 66.500000000000014
decision_type=9 2 2 10 8 9 2 1 2 2 2 9 2 2
left_child=7 5 4 -4 -3 -2 -5 9 13 10 11 -1 -11 -9
right_child=1 2 3 6 -6 -7 -8 8 -10 12 -12 -13 -14 -15
leaf_value=-2.0892171708580391e-05 0.00098174472381795555 -0.00052642807546482017 0.0018760747209840625 -0.00095540473504418825 -0.0030567453440059631 1.415388364660366e-05 0.00086974598520901051 -0.00092480283888132385 0.00084087193496797422 -0.0016164348686293986 -0.0014339189946848824 0.0021831146882248073 0.00027949872518490468 -0.002845389296612333
leaf_weight=276 309 122 142 432 102 5752 100 222 154 269 151 184 175 164
leaf_count=276 309 122 142 432 102 5752 100 222 154 269 151 184 175 164
internal_value=-8.97797e-05 -5.83134e-06 -0.000484822 -8.80677e-05 -0.00167863 6.51264e-05 -0.000612331 -0.00045317 -0.000986283 -0.000173598 0.000329014 0.000907715 -0.000869164 -0.0017408
internal_weight=8554 6959 898 674 224 6061 532 1595 540 1055 611 460 444 386
internal_count=8554 6959 898 674 224 6061 532 1595 540 1055 611 460 444 386
cat_boundaries=0 1 2 3 4
cat_threshold=27363011 1075322884 17 17
is_linear=0
shrinkage=0.03


Tree=355
num_leaves=15
num_cat=1
split_feature=30 5 38 37 21 31 30 5 24 13 38 1 38 31
split_gain=0.221952 0.487027 0.67798 0.412375 0.351451 0.347883 0.339141 0.624797 0.317677 0.426903 0.287988 0.324403 0.670356 0.280493
threshold=86.500000000000014 0.45800000000000007 1.7308173717050517 0 68.166666666666671 1.0741549409671685 121.50000000000001 0.61250000000000016 185.87033333333386 0.50000000000000011 1.303379534429655 33.500000000000007 1.7695636207111944 9.0326086956521756
decision_type=2 2 2 9 2 8 2 2 10 2 2 2 2 10
left_child=1 3 5 4 -1 -3 8 13 9 10 -2 -12 -13 -8
right_child=6 2 -4 -5 -6 -7 7 -9 -10 -11 11 12 -14 -15
leaf_value=0.00017260879960315307 0.001515985415864955 -0.0016545449924888088 -0.0031227079874079208 -0.00039305982928950048 0.0019923507566739509 0.00056477550126146528 -0.0001805870053321856 0.0016057335569033609 -0.00055567514077993106 0.0026037317877727569 0.0010208720690215304 -0.0016268233253142316 0.00095951514416480095 0.0013227337062277872
leaf_weight=966 204 112 120 1777 106 147 3895 194 200 101 262 185 176 115
leaf_count=966 204 112 120 1777 106 147 3895 194 200 101 262 185 176 115
internal_value=-5.19575e-05 -0.00024829 -0.00125861 -0.000113889 0.000349288 -0.000394931 6.69025e-05 -5.70313e-05 0.000528798 0.00076252 0.000537656 0.000217305 -0.000365894 -0.000137474
internal_weight=8560 3228 379 2849 1072 259 5332 4204 1128 928 827 623 361 4010
internal_count=8560 3228 379 2849 1072 259 5332 4204 1128 928 827 623 361 4010
cat_boundaries=0 1
cat_threshold=290239677
is_linear=0
shrinkage=0.03


Tree=356
num_leaves=15
num_cat=3
split_feature=27 37 13 23 23 33 28 1 33 37 28 35 28 24
split_gain=0.230321 0.193362 0.163711 0.161434 0.34778 0.540997 0.347992 0.229717 0.341584 0.230671 0.273062 0.328488 0.228701 0.287433
threshold=6.9996585648148155 0 1.0000000180025095e-35 14.500000000000002 22.500000000000004 1.0000000180025095e-35 1.0525115740740743 81.500000000000014 1.0000000180025095e-35 1 0.93167824074074079 2 6.9361747685185202 347.48466666666519
decision_type=2 9 2 2 2 2 2 2 2 9 2 1 2 10
left_child=-1 2 -2 7 5 6 -5 8 9 -3 11 -11 -6 -14
right_child=1 3 -4 4 12 -7 -8 -9 -10 10 -12 -13 13 -15
leaf_value=-0.0010123541771065799 0.0017572937052076061 -0.0013965558425398238 0.00017963861229026136 0.0020052030227810701 -0.000117844050388797 -0.00088020597980705212 0.00022911939902512849 0.00083614685987474537 -0.0020627983833931512 0.0015530616402916683 -0.001003349619403587 -0.0003378702631555594 0.00011257054854002504 0.0011245887327219364
leaf_weight=194 108 124 131 254 4753 134 163 119 118 139 159 183 1627 299
leaf_count=194 108 124 131 254 4753 134 163 119 118 139 159 183 1627 299
internal_value=9.47126e-06 3.33233e-05 0.000856708 7.87298e-06 5.36669e-05 0.000778077 0.00131095 -0.000385252 -0.000586285 -0.000298304 1.35736e-05 0.00051614 -6.09499e-06 0.00026968
internal_weight=8505 8311 239 8072 7230 551 417 842 723 605 481 322 6679 1926
internal_count=8505 8311 239 8072 7230 551 417 842 723 605 481 322 6679 1926
cat_boundaries=0 1 2 3
cat_threshold=134218888 1073778692 9
is_linear=0
shrinkage=0.03


Tree=357
num_leaves=15
num_cat=1
split_feature=37 21 30 24 30 30 30 30 38 28 38 21 1 5
split_gain=0.197705 0.338337 0.29138 0.265896 0.160365 0.279964 0.204741 0.57073 0.407956 0.600266 0.523141 0.673524 0.443133 0.367716
threshold=0 33.166666666666679 37.250000000000007 128.70066666667003 324.57500000000005 360.75000000000006 222.10000000000002 217.50000000000003 1.8313654070007273 0.62855902777777783 1.5815739878841957 69.65000000000002 38.500000000000007 0.15470000000000003
decision_type=9 2 2 10 2 2 2 2 2 2 2 2 2 2
left_child=1 2 3 -1 6 -6 7 -2 9 12 11 -11 -8 -10
right_child=4 -3 -4 -5 5 -7 8 -9 13 10 -12 -13 -14 -15
leaf_value=-0.0011671198327691513 9.2000932678229882e-05 0.00061767708338601019 -0.0020567529663094316 0.00079069808616103333 0.0017930560565268521 -7.0772301463514382e-05 -0.0022193181087755524 0.0023227670588197987 0.0022210784839865353 -0.0022453196898568418 0.00136243726890936 0.00010479762502483048 -0.00031088535957969724 -0.00031437489858800822
leaf_weight=154 6090 171 144 105 132 161 242 105 105 140 197 508 200 101
leaf_count=154 6090 171 144 105 132 161 242 105 105 140 197 508 200 101
internal_value=4.1111e-05 -0.000491888 -0.000974902 -0.00037341 7.99609e-05 0.000768905 5.38083e-05 0.000129811 -0.000261553 -0.000459953 8.63027e-06 -0.000402944 -0.00135577 0.000977968
internal_weight=8555 574 403 259 7981 293 7688 6195 1493 1287 845 648 442 206
internal_count=8555 574 403 259 7981 293 7688 6195 1493 1287 845 648 442 206
cat_boundaries=0 1
cat_threshold=151064607
is_linear=0
shrinkage=0.03


Tree=358
num_leaves=15
num_cat=1
split_feature=6 1 21 24 32 32 30 1 7 13 32 37 20 27
split_gain=0.24809 0.550437 0.719808 0.44537 0.442111 0.418606 0.316706 0.249897 0.189186 0.229697 0.185154 0.243733 0.321529 0.535609
threshold=2.5000000000000004 74.500000000000014 80.708333333333357 770.65416666668386 11.500000000000002 26.500000000000004 53.500000000000007 137.50000000000003 1.0000000180025095e-35 0.50000000000000011 25.500000000000004 0 1.0000000180025095e-35 27.217193287037038
decision_type=2 2 2 10 2 2 2 2 2 2 2 9 2 2
left_child=3 2 -2 5 6 10 -3 -6 -7 -10 11 12 -1 -14
right_child=1 4 -4 -5 7 8 -8 -9 9 -11 -12 -13 13 -15
leaf_value=-0.00016550542195657079 6.2014960053869905e-05 -0.0002070075411842588 0.0036438456023577597 0.0018031880684169924 -0.0017561585401862805 -4.5749056088917573e-05 0.0021346769593919646 0.000122127310725773 -0.0007821453877264738 -0.002367233826317689 0.00093258578915681161 0.00011536653341706797 -0.002923440592345393 0.00010726935805744169
leaf_weight=3042 102 102 100 112 136 218 106 120 409 103 175 3572 103 107
leaf_count=3042 102 102 100 112 136 218 106 120 409 103 175 3572 103 107
internal_value=-2.78252e-05 0.000528061 0.0018352 -7.50411e-05 -4.09942e-05 -0.000102258 0.000986351 -0.000875712 -0.000785885 -0.00110102 -3.09557e-05 -5.56655e-05 -0.000243134 -0.00137922
internal_weight=8507 666 202 7841 464 7729 208 256 730 512 6999 6824 3252 210
internal_count=8507 666 202 7841 464 7729 208 256 730 512 6999 6824 3252 210
cat_boundaries=0 1
cat_threshold=471930892
is_linear=0
shrinkage=0.03


Tree=359
num_leaves=15
num_cat=3
split_feature=37 1 31 22 22 35 35 23 27 22 24 24 28 29
split_gain=0.201727 0.233164 0.260994 0.616947 0.287762 0.499138 0.445667 0.540757 0.282789 0.229562 0.17312 0.229152 0.190375 0.192775
threshold=0 144.50000000000003 3.0695184816355225 55.100000000000009 232.70000000000002 1 2 39.500000000000007 18.142488425925929 978.25000000000011 673.12316666666027 563.21849999999165 25.087922453703708 3.5000000000000004
decision_type=9 2 10 2 2 1 1 2 2 2 10 10 2 2
left_child=1 2 4 -4 6 8 -1 -8 9 -6 11 12 13 -2
right_child=10 -3 3 -5 5 -7 7 -9 -10 -11 -12 -13 -14 -15
leaf_value=0.0019644177162037625 -0.00014245578003917219 0.0016127602033358581 -0.00037977147050728292 0.0028169586876117922 -0.00041423220616499225 -0.0019583944272331066 0.0010763696710840542 -0.001339958371715441 -0.00099408917905915626 0.0011617091399196552 -0.0010359415365517614 0.0012081850396660273 -0.0012179287241549412 0.00031441838181657067
leaf_weight=132 5703 111 115 103 140 136 179 156 163 205 173 123 134 973
leaf_count=132 5703 111 115 103 140 136 179 156 163 205 173 123 134 973
internal_value=-3.27686e-05 0.000289841 0.00018153 0.00113061 -4.69872e-06 -0.000415845 0.000562278 -4.743e-05 3.49833e-05 0.000522197 -9.84134e-05 -7.51611e-05 -9.83405e-05 -7.58682e-05
internal_weight=8546 1440 1329 218 1111 644 467 335 508 345 7106 6933 6810 6676
internal_count=8546 1440 1329 218 1111 644 467 335 508 345 7106 6933 6810 6676
cat_boundaries=0 1 2 3
cat_threshold=237254006 7 24
is_linear=0
shrinkage=0.03


Tree=360
num_leaves=15
num_cat=2
split_feature=37 6 30 0 37 30 24 5 30 26 21 38 21 21
split_gain=0.200791 0.365465 0.300911 0.23861 0.44003 0.553845 0.723152 0.414584 0.390766 0.574178 0.326394 0.314812 0.261772 0.437584
threshold=0 4.5000000000000009 3.2500000000000004 10.500000000000002 1 30.165000000000003 9.0368333333314528 0.054100000000000002 54.750000000000007 1.0000000180025095e-35 81.208333333333343 1.0015885658376089 23.500000000000004 86.641666666666694
decision_type=9 2 2 2 9 2 10 2 2 10 2 2 2 2
left_child=-1 2 -2 11 5 -5 -7 -8 -6 -10 -11 -4 -13 -14
right_child=1 -3 3 4 8 6 7 -9 9 10 -12 12 13 -15
leaf_value=0.0001837673592668811 -0.0017300841049756855 -0.0016946444973159071 -0.0012134195014566057 -0.0028599119603994389 0.0012990506604546681 0.0013054600160194957 -0.00043326452097419319 -0.0027950772260123026 0.0010232459402881389 -0.00011464744313517968 -0.0020733671918401479 0.00059301009476077436 -0.0002988922666961022 0.00036533029103015584
leaf_weight=2553 100 132 177 124 173 127 158 116 172 146 161 737 2175 1514
leaf_count=2553 100 132 177 124 173 127 158 116 172 146 161 737 2175 1514
internal_value=-3.87332e-05 -0.000133302 -9.84784e-05 -7.02499e-05 -0.000451433 -0.00108695 -0.000565814 -0.00143316 7.58058e-05 -0.00036441 -0.00114186 2.72198e-05 7.68341e-05 -2.62891e-05
internal_weight=8565 6012 5880 5780 1177 525 401 274 652 479 307 4603 4426 3689
internal_count=8565 6012 5880 5780 1177 525 401 274 652 479 307 4603 4426 3689
cat_boundaries=0 1 2
cat_threshold=2285934468 272121867
is_linear=0
shrinkage=0.03


Tree=361
num_leaves=15
num_cat=3
split_feature=27 37 30 13 30 1 26 37 38 37 32 1 1 38
split_gain=0.210073 0.166087 0.500103 0.635821 0.745116 0.393526 0.390916 0.292327 0.18227 0.405704 0.314564 0.415085 0.364209 0.343182
threshold=30.999247685185189 0 72.500000000000014 1.0000000180025095e-35 43.500000000000007 19.500000000000004 0.02355875831485588 1 1.67294811739477 2 24.500000000000004 4.5000000000000009 97.500000000000014 1.6601957679374653
decision_type=2 9 2 2 2 2 8 9 2 9 2 2 2 2
left_child=1 2 3 5 6 -1 -5 -7 10 -10 13 -12 -13 -3
right_child=-2 8 -4 4 -6 7 -8 -9 9 -11 11 12 -14 -15
leaf_value=0.0015067694667617187 -0.0012566340925828129 0.00018118551773268514 0.0010015232241563895 0.00013085485892728543 -0.0036873263457125431 0.00055657118550946256 -0.0017711843077583026 -0.0014353652525966501 -0.00032394290540062266 0.0010010173657398638 -0.0019805866630659215 0.00011008822237708758 -0.0016777283146766117 0.0019528525002936988
leaf_weight=136 132 3825 188 195 103 122 194 128 2316 219 126 742 119 101
leaf_count=136 132 3825 188 195 103 122 194 128 2316 219 126 742 119 101
internal_value=-6.90115e-05 -5.05987e-05 -0.000398972 -0.000703394 -0.00141847 0.000208051 -0.00081772 -0.000498452 -2.01615e-07 -0.000206808 0.000106402 -0.000372359 -0.000137008 0.000226763
internal_weight=8646 8514 1066 878 492 386 389 250 7448 2535 4913 987 861 3926
internal_count=8646 8514 1066 878 492 386 389 250 7448 2535 4913 987 861 3926
cat_boundaries=0 1 2 3
cat_threshold=155005270 136314948 2961197057
is_linear=0
shrinkage=0.03


Tree=362
num_leaves=15
num_cat=1
split_feature=30 32 24 1 31 37 38 23 1 1 1 5 22 23
split_gain=0.284871 0.259376 0.245073 0.334721 0.247775 0.295005 0.239871 0.58037 0.634085 0.525968 0.498863 0.434331 0.421974 0.375611
threshold=324.57500000000005 31.500000000000004 7.486666666665756 78.500000000000014 1.200840336134454 0 1.8547242119413039 75.500000000000014 56.500000000000007 28.500000000000004 46.500000000000007 0.18465000000000001 1208.8000000000004 127.50000000000001
decision_type=2 2 8 2 8 9 2 2 2 2 2 2 2 2
left_child=2 -2 3 4 -1 -6 -4 8 9 -8 12 -12 -9 -13
right_child=1 -3 6 -5 5 -7 7 10 -10 -11 11 13 -14 -15
leaf_value=-0.0012831765810720796 0.00160992710570707 -0.00025323921094309084 -7.4824443184598016e-05 -0.0019324410651733414 0.0013539909939640365 -0.00062895013795544695 0.0011355083581956126 -0.0023592278594151139 -0.00018158485041500102 0.0039157484179828317 0.0016933087500795834 -0.0015788992488015336 -0.00023009688547604069 0.00081892503005703983
leaf_weight=129 181 107 6378 139 119 134 158 114 162 100 196 103 316 137
leaf_count=129 181 107 6378 139 119 134 158 114 162 100 196 103 316 137
internal_value=-9.63209e-06 0.000917709 -4.22618e-05 -0.000671868 -0.000213177 0.000332395 5.38902e-07 0.000374308 0.00128945 0.00221312 -6.95242e-05 0.000645538 -0.000794564 -0.000210141
internal_weight=8473 288 8185 521 382 253 7664 1286 420 258 866 436 430 240
internal_count=8473 288 8185 521 382 253 7664 1286 420 258 866 436 430 240
cat_boundaries=0 1
cat_threshold=11534344
is_linear=0
shrinkage=0.03


Tree=363
num_leaves=15
num_cat=0
split_feature=21 21 21 7 0 38 28 24 28 1 22 21 30 22
split_gain=0.223307 0.191645 0.516094 0.440196 0.489733 0.341497 0.304694 0.300232 0.267128 0.457439 0.249488 0.237221 0.263868 0.195607
threshold=210.14166666666671 120.70833333333334 114.53333333333335 1.0000000180025095e-35 9.5000000000000018 1.4501693982552315 0.83592013888888894 95.611666666665712 1.8198611111111114 18.500000000000004 4264.1500000000005 105.87500000000001 327.65000000000003 1946.8125000000002
decision_type=2 2 2 2 2 2 2 10 2 2 2 2 2 2
left_child=1 2 11 -3 5 6 -5 -6 9 -7 -8 12 13 -1
right_child=-2 3 -4 4 7 8 10 -9 -10 -11 -12 -13 -14 -15
leaf_value=-0.00012167699224096419 0.0010532919558914988 0.0010892590101866516 0.0014788016871181383 0.001004183900781796 -0.00065513667013062141 -0.0027806988202364129 0.00014720231736131573 0.0015095900546960206 -0.0028440736149236358 -0.00033378431149780466 -0.0018349939152117699 -0.0010567951083544698 0.0012970839337118805 0.0002733617520368601
leaf_weight=5302 167 152 207 109 103 102 106 131 111 211 124 201 136 1433
leaf_count=5302 167 152 207 109 103 102 106 131 111 211 124 201 136 1433
internal_value=-3.30182e-05 -5.45434e-05 2.29366e-06 -0.00041461 -0.000643886 -0.0010121 -0.0003023 0.00055674 -0.0015796 -0.00113118 -0.00092146 -4.09243e-05 -1.12066e-05 -3.76249e-05
internal_weight=8595 8428 7279 1149 997 763 339 234 424 313 230 7072 6871 6735
internal_count=8595 8428 7279 1149 997 763 339 234 424 313 230 7072 6871 6735
is_linear=0
shrinkage=0.03


Tree=364
num_leaves=15
num_cat=2
split_feature=30 5 27 23 28 35 25 35 38 21 23 1 30 27
split_gain=0.203781 0.284296 0.23179 0.160898 0.211671 0.155025 0.148656 0.311932 0.335926 0.373283 0.211134 0.185608 0.175931 0.578461
threshold=296.02500000000003 0.31010000000000004 28.365295138888893 195.50000000000003 1.9757060185185187 0 0.62481481481481493 1 1.2876955713792066 36.833333333333336 9.5000000000000018 32.500000000000007 267.02500000000003 26.973952546296299
decision_type=2 2 2 2 2 1 8 1 2 2 2 2 2 2
left_child=3 2 5 6 -5 -2 10 -8 11 -10 -1 -9 -12 -14
right_child=1 -3 -4 4 -6 -7 7 8 9 -11 12 -13 13 -15
leaf_value=-0.001137581153491149 -0.00049005942667787103 0.00050527542865105499 0.00010222749974150046 0.00017912894179222778 -0.0017632190702366643 -0.0021557745394529776 0.0016780517969933908 0.00019879729350991916 0.00019374595276143742 -0.0019367739670557815 2.2398253345992437e-05 0.001987838957251774 -0.0005538443414261565 0.0019702990669659536
leaf_weight=136 108 157 113 102 100 140 145 101 277 101 6615 108 160 167
leaf_count=136 108 157 113 102 100 140 145 101 277 101 6615 108 160 167
internal_value=1.62287e-05 -0.00056045 -0.00102394 5.35127e-05 -0.000782429 -0.00153707 7.51338e-05 0.000482127 0.000155475 -0.00037552 3.3043e-05 0.00112328 5.59766e-05 0.000735244
internal_weight=8530 518 361 8012 202 248 7810 732 587 378 7078 209 6942 327
internal_count=8530 518 361 8012 202 248 7810 732 587 378 7078 209 6942 327
cat_boundaries=0 1 2
cat_threshold=3 12
is_linear=0
shrinkage=0.03


Tree=365
num_leaves=15
num_cat=1
split_feature=37 13 38 31 31 31 21 33 28 32 31 38 30 21
split_gain=0.300838 0.300248 0.63066 0.42733 0.577539 0.538436 0.387546 0.324737 0.445042 0.311749 0.64914 0.36947 0.485833 0.624446
threshold=0 1.0000000180025095e-35 1.5265278660026054 1.6316860465116281 1.3433035714285715 1.8048797023563459 57.833333333333336 1.0000000180025095e-35 1.6925868055555557 13.500000000000002 3.2302347516243981 1.3626908622659719 253.72500000000002 94.083333333333357
decision_type=9 2 2 8 10 8 2 2 2 2 10 2 2 2
left_child=1 2 -1 4 -3 -5 -4 9 -9 -7 11 -11 13 -13
right_child=-2 3 6 5 -6 7 -8 8 -10 10 -12 12 -14 -15
leaf_value=-5.6952141446167041e-06 -0.00020375748860645786 -4.6846279249127421e-05 0.0025758615873258798 0.0017457317369157651 -0.0018442114726299067 -0.00091853396419086823 0.00040689881776505315 4.1778621036491098e-05 0.0021559837405021264 -0.00051295535394391199 -0.00089543447770628834 0.00089566180389182069 -0.0002273292879094881 0.0037039866263051473
leaf_weight=485 5018 525 189 193 232 343 122 232 146 179 369 242 173 101
leaf_count=485 5018 525 189 193 232 343 122 232 146 179 369 242 173 101
internal_value=-5.46966e-05 0.00015727 0.000670499 8.47331e-06 -0.00059769 0.000240458 0.00172501 7.77029e-05 0.000858376 -0.00013203 0.000121514 0.000661447 0.00106885 0.0017226
internal_weight=8549 3531 796 2735 757 1978 311 1785 378 1407 1064 695 516 343
internal_count=8549 3531 796 2735 757 1978 311 1785 378 1407 1064 695 516 343
cat_boundaries=0 1
cat_threshold=169371790
is_linear=0
shrinkage=0.03


Tree=366
num_leaves=15
num_cat=3
split_feature=37 25 0 37 23 22 31 32 1 37 22 22 23 38
split_gain=0.211912 0.278201 0.242347 0.398742 0.295144 0.237032 0.217776 0.206812 0.748614 0.547435 0.414964 0.335782 0.316751 0.44708
threshold=0 0.64142857142857157 5.5000000000000009 1 29.500000000000004 1037.4500000000003 0.23920529801324505 6.5000000000000009 116.50000000000001 2 1448.9137500000002 8364.4078750000026 135.50000000000003 1.5559007368094819
decision_type=9 8 2 9 2 2 8 2 2 9 2 2 2 2
left_child=-1 2 3 4 5 -2 -4 11 9 10 -9 12 13 -8
right_child=1 -3 6 -5 -6 -7 7 8 -10 -11 -12 -13 -14 -15
leaf_value=-0.00013606595644640254 -0.00017529539827321943 0.0017185311822857541 -0.0013635107707706939 0.0019318371860916079 -0.00072113861568976899 0.0017895871946840072 -0.00039130201236882482 0.00082702362126188479 0.0020049660012298144 -0.0020523696927743592 -0.00064053186644061311 0.0019589168176088216 -0.0013272160292763146 0.0010064036127365832
leaf_weight=5642 101 102 103 153 185 122 377 252 119 162 556 105 112 454
leaf_count=5642 101 102 103 153 185 122 377 252 119 162 556 105 112 454
internal_value=-2.90006e-05 0.000178934 0.000123507 0.000681112 0.000160799 0.000899663 -1.61427e-05 4.87983e-05 -0.000240718 -0.00051622 -0.000180594 0.000349642 0.000170454 0.000372306
internal_weight=8545 2903 2801 561 408 223 2240 2137 1089 970 808 1048 943 831
internal_count=8545 2903 2801 561 408 223 2240 2137 1089 970 808 1048 943 831
cat_boundaries=0 1 2 3
cat_threshold=617994438 3489660960 2449473568
is_linear=0
shrinkage=0.03


Tree=367
num_leaves=15
num_cat=0
split_feature=30 30 38 38 31 14 21 30 14 30 27 28 5 24
split_gain=0.173972 0.267246 0.179732 0.435126 0.201196 0.636719 0.348045 0.307332 0.277303 0.5247 0.495849 0.400984 0.390513 0.358856
threshold=360.75000000000006 327.65000000000003 2.2415648685001899 2.1579342295588102 0.35714348202647267 2.5000000000000004 177.50000000000003 221.92500000000004 2.5000000000000004 132.37500000000003 14.999583333333335 1.8669155092592595 0.36600000000000005 17.86833333333605
decision_type=2 2 2 2 8 2 2 2 2 2 2 2 2 8
left_child=1 2 3 4 5 -1 8 -8 13 10 11 12 -10 -6
right_child=-2 -3 -4 -5 6 -7 7 -9 9 -11 -12 -13 -14 -15
leaf_value=0.0020240926072550994 -0.0010134345346475282 0.0013763548676833147 0.00090513687344112733 -0.001802495356172412 -0.00096372092941982186 -0.00073178114870527892 -0.00020146160506673397 -0.0024128496471474553 0.000517213626893432 -0.00036456947107915764 0.0022569183273602731 -0.00028211692534851619 0.0023195346755191413 -7.1440330347772839e-05
leaf_weight=161 159 123 180 126 447 142 124 104 899 875 139 531 123 4386
leaf_count=161 159 123 180 126 447 142 124 104 899 875 139 531 123 4386
internal_value=-3.03932e-05 -1.16966e-05 -3.24238e-05 -5.33697e-05 -2.55813e-05 0.000732561 -5.56963e-05 -0.00121016 -2.01261e-05 0.000231861 0.000540299 0.000386654 0.000734127 -0.000153967
internal_weight=8519 8360 8237 8057 7931 303 7628 228 7400 2567 1692 1553 1022 4833
internal_count=8519 8360 8237 8057 7931 303 7628 228 7400 2567 1692 1553 1022 4833
is_linear=0
shrinkage=0.03


Tree=368
num_leaves=15
num_cat=1
split_feature=37 0 22 30 30 30 30 27 1 1 21 5 30 1
split_gain=0.166595 0.216278 0.162805 0.181479 0.320807 0.468224 0.454268 0.384093 0.577173 0.458277 0.530884 0.447436 0.155234 0.146844
threshold=0 6.5000000000000009 11720.000000000002 330.27500000000003 254.60000000000002 246.05000000000004 260.75000000000006 27.526001157407411 33.500000000000007 26.500000000000004 88.500000000000014 0.18465000000000001 30.165000000000003 81.500000000000014
decision_type=9 2 2 2 2 2 2 2 2 2 2 2 2 2
left_child=1 -1 3 4 5 13 -6 8 -8 -9 -11 -10 -3 -2
right_child=2 12 -4 -5 6 -7 7 9 11 10 -12 -13 -14 -15
leaf_value=0.00064076160136057006 -1.6413448122124166e-05 -0.0014421833808736884 -0.00089289627526201957 0.00093993277778546547 -0.0022622573969718549 0.0016788278731279663 0.00055946040559293967 -0.00092836166204045148 -0.00043943930732305434 -0.00033376942365865491 0.0025244153862775758 -0.0031419812938402172 -0.0001242919282701153 0.00033619460477892497
leaf_weight=101 5493 211 170 199 117 163 140 142 102 107 129 120 130 1318
leaf_count=101 5493 211 170 199 117 163 140 142 102 107 129 120 130 1318
internal_value=-5.09193e-06 -0.0005658 2.57902e-05 4.52714e-05 2.25365e-05 8.98472e-05 -0.000525217 -0.000250577 -0.000948995 0.000418278 0.00122854 -0.00190027 -0.000939761 5.18199e-05
internal_weight=8642 442 8200 8030 7831 6974 857 740 362 378 236 222 341 6811
internal_count=8642 442 8200 8030 7831 6974 857 740 362 378 236 222 341 6811
cat_boundaries=0 1
cat_threshold=134751064
is_linear=0
shrinkage=0.03


Tree=369
num_leaves=15
num_cat=2
split_feature=37 31 31 10 31 24 28 31 37 31 21 30 27 21
split_gain=0.28073 0.337109 0.285619 0.218861 0.208601 0.197142 0.18481 0.181117 0.440783 0.33092 0.258711 0.45271 0.536798 0.411677
threshold=0 1.200840336134454 1.7370912872960502 1.0000000180025095e-35 0.71691003666217534 234.50883333332607 1.0000000180025095e-35 2.4757543249946594 1 2.3685450375054251 120.70833333333334 216.20000000000002 30.072511574074078 114.03333333333335
decision_type=9 8 10 2 10 10 2 10 9 10 2 2 2 2
left_child=1 4 -3 5 -1 -2 -4 9 -9 10 11 12 13 -5
right_child=3 2 6 7 -6 -7 -8 8 -10 -11 -12 -13 -14 -15
leaf_value=-0.00066173247061669823 -0.0015174776141519671 0.0010868059441563672 2.5221592436234156e-05 0.00017756009975934396 -0.0025395881708027445 0.00011217280640266835 -0.001657448093599389 0.0004502076183528206 -0.00043206928730620805 0.0014175636994574838 -0.00029988122173132091 0.0018208820140445787 -0.0015171660843982613 0.0020833727361771579
leaf_weight=105 154 120 135 3581 108 118 104 727 1649 180 1095 153 165 105
leaf_count=105 154 120 135 3581 108 118 104 727 1649 180 1095 153 165 105
internal_value=-2.09571e-05 -0.000656891 -0.00010739 2.57271e-05 -0.00161388 -0.000810497 -0.000706986 5.54737e-05 -0.000162037 0.000153372 0.000108745 0.000220494 0.000156911 0.000231849
internal_weight=8499 572 359 7927 213 272 239 7655 2376 5279 5099 4004 3851 3686
internal_count=8499 572 359 7927 213 272 239 7655 2376 5279 5099 4004 3851 3686
cat_boundaries=0 1 2
cat_threshold=1092681804 436245040
is_linear=0
shrinkage=0.03


Tree=370
num_leaves=15
num_cat=2
split_feature=31 26 38 31 38 37 38 36 38 26 38 32 30 30
split_gain=0.21365 0.419696 0.271521 0.216169 0.215788 0.169169 0.274835 0.457824 0.451392 0.440551 0.459055 0.482387 0.338661 0.288079
threshold=6.3930205949656758 1.0000000180025095e-35 1.5815739878841957 5.1020956475013444 1.67294811739477 0 1.5943097895751479 1 1.6246867838334362 0.06186224489795919 1.5365699355624576 12.500000000000002 289.02500000000003 24.165000000000003
decision_type=10 8 2 10 2 9 2 9 2 8 2 2 2 2
left_child=3 -2 -3 5 -5 -1 9 -8 -9 10 -7 -12 13 -10
right_child=1 2 -4 4 -6 6 7 8 12 -11 11 -13 -14 -15
leaf_value=-0.0001668381533553654 0.0019440646072383968 -0.0010094524520470507 0.00088057079626260393 -0.00011337306550736506 -0.0018762503798446946 6.5696518157094924e-05 0.0017834553467361508 -0.0019509917226875383 0.0013523717315025727 0.0017702119026696411 -6.3858947863704285e-05 0.0025288368608519722 0.0015801236157466727 -0.00025152663228911307
leaf_weight=3102 150 132 142 143 111 1854 101 124 106 182 114 149 104 2049
leaf_count=3102 150 132 142 143 111 1854 101 124 106 182 114 149 104 2049
internal_value=1.18615e-05 0.000668403 -2.99514e-05 -2.2341e-05 -0.000883764 5.40813e-06 0.000117222 -0.00010131 -0.000187888 0.000353848 0.000232082 0.00140501 -9.19406e-05 -0.000172634
internal_weight=8563 424 274 8139 254 7885 4783 2484 2383 2299 2117 263 2259 2155
internal_count=8563 424 274 8139 254 7885 4783 2484 2383 2299 2117 263 2259 2155
cat_boundaries=0 1 2
cat_threshold=3363426488 6
is_linear=0
shrinkage=0.03


Tree=371
num_leaves=15
num_cat=1
split_feature=37 38 38 30 23 1 29 22 26 38 23 24 27 32
split_gain=0.386018 0.346989 0.502463 0.362155 0.8948 0.640186 0.475204 0.439361 0.45556 0.343739 0.367976 0.322154 0.315496 0.479917
threshold=0 1.67294811739477 1.3860280931248949 153.10000000000002 71.500000000000014 37.500000000000007 1.5000000000000002 1304.9540000000002 0.027799227799227801 1.0403776534523053 98.500000000000014 133.91550000000618 26.99399305555556 27.500000000000004
decision_type=9 2 2 2 2 2 2 2 8 2 2 10 2 2
left_child=1 2 -1 5 11 7 -7 8 -4 -2 -11 -5 -6 -14
right_child=9 -3 3 4 12 6 -8 -9 -10 10 -12 -13 13 -15
leaf_value=-5.703353547966123e-05 0.0009588703549648557 -0.00017939336197040221 0.0024012768335108245 8.6328849308835016e-05 -7.9442372966912524e-05 0.0011690961939885335 -0.0012149793642262617 0.0029008429228046086 -0.0003375795644119774 -0.00030086730006109405 -0.0016367405901045195 -0.0019594383659111985 0.0016116031257977122 -0.00059916749077532951
leaf_weight=1822 177 2209 105 116 252 170 135 208 114 2283 202 172 467 109
leaf_count=1822 177 2209 105 116 252 170 135 208 114 2283 202 172 467 109
internal_value=-1.82586e-05 0.000117479 0.000296489 0.000645038 0.000304911 0.00116359 0.00011385 0.00191341 0.000975571 -0.000317284 -0.000409457 -0.00113545 0.000805906 0.00119325
internal_weight=8541 5879 3670 1848 1116 732 305 427 219 2662 2485 288 828 576
internal_count=8541 5879 3670 1848 1116 732 305 427 219 2662 2485 288 828 576
cat_boundaries=0 1
cat_threshold=3750760336
is_linear=0
shrinkage=0.03


Tree=372
num_leaves=15
num_cat=1
split_feature=22 0 30 0 30 24 17 6 24 27 21 37 14 22
split_gain=0.186733 0.30123 0.588864 0.420809 0.441148 0.404665 0.279854 0.258113 0.376482 0.273253 0.197254 0.147545 0.377835 0.228879
threshold=5081.2375000000002 8.5000000000000018 117.50000000000001 7.5000000000000009 184.37500000000003 138.59733333333386 3.5000000000000004 1.5000000000000002 97.45466666667491 13.999832175925928 128.03333333333336 0 2.5000000000000004 218.10000000000002
decision_type=2 2 2 2 2 10 2 2 10 2 2 9 2 2
left_child=6 2 10 4 -4 -6 11 8 9 -3 -2 12 13 -1
right_child=1 7 3 -5 5 -7 -8 -9 -10 -11 -12 -13 -14 -15
leaf_value=0.00097492601022558523 0.0021181754201590533 -0.0011117898375377988 -0.0020540869053819084 0.0011545940111570348 0.0012710874163479146 -0.00098527200193722938 0.0016331200259782444 0.00044316849862791112 0.00032486768569006533 -0.0030260969382609323 0.00044566696826726774 1.9777812820584227e-05 0.001596259715592224 -0.00038919412177663455
leaf_weight=163 124 200 175 117 112 198 104 107 106 101 130 6402 197 345
leaf_count=163 124 200 175 117 112 198 104 107 106 101 130 6402 197 345
internal_value=2.71665e-05 -0.000293904 5.08069e-05 -0.000460299 -0.000849871 -0.000170071 8.81659e-05 -0.000867974 -0.00121267 -0.00175413 0.00126217 6.55578e-05 0.000474272 4.85058e-05
internal_weight=8581 1370 856 602 485 310 7211 514 407 301 254 7107 705 508
internal_count=8581 1370 856 602 485 310 7211 514 407 301 254 7107 705 508
cat_boundaries=0 1
cat_threshold=84410918
is_linear=0
shrinkage=0.03


Tree=373
num_leaves=15
num_cat=2
split_feature=37 0 24 27 28 28 28 24 35 28 23 30 23 24
split_gain=0.173121 0.453549 0.542106 0.149693 0.147177 0.146653 0.145012 0.137152 0.128822 0.401253 0.368437 0.563189 0.364606 0.289962
threshold=0 6.5000000000000009 7.486666666665756 30.999247685185189 26.031406250000003 19.576903935185189 16.50072916666667 215.06666666666862 1 10.903825231481482 135.50000000000003 228.05000000000004 119.50000000000001 52.772333333333087
decision_type=9 2 10 2 2 2 2 10 1 2 2 2 2 10
left_child=1 -1 -3 4 5 6 8 -7 -2 10 12 -12 -10 -11
right_child=3 2 -4 -5 -6 7 -8 -9 9 13 11 -13 -14 -15
leaf_value=0.0024089967969339343 0.00015069754831117856 -0.00084638565480812304 0.0017037893516136757 -0.00098145471771991354 -0.0010756509852917673 6.2234101101889136e-05 -0.00087697192410388786 0.0015502378247627938 -0.00014575699244903249 -0.00024716984858182638 -0.0013374401115003455 0.00079346318122958917 0.0011685722202617818 0.0016983171140488524
leaf_weight=100 4241 203 119 134 107 112 158 111 2190 111 485 145 208 182
leaf_count=100 4241 203 119 134 107 112 158 111 2190 111 485 145 208 182
internal_value=4.39498e-05 0.000629246 9.60703e-05 1.29848e-05 2.95543e-05 4.44425e-05 2.25337e-05 0.0008029 4.1328e-05 -9.84969e-05 -0.000201371 -0.000846994 -3.17535e-05 0.00096129
internal_weight=8606 422 322 8184 8050 7943 7720 223 7562 3321 3028 630 2398 293
internal_count=8606 422 322 8184 8050 7943 7720 223 7562 3321 3028 630 2398 293
cat_boundaries=0 1 2
cat_threshold=2622480 28
is_linear=0
shrinkage=0.03


Tree=374
num_leaves=15
num_cat=1
split_feature=25 37 38 31 25 28 1 22 31 17 31 24 22 1
split_gain=0.192894 0.173155 0.430178 0.409242 0.245219 0.333394 0.501568 0.617263 0.328635 0.330975 0.326663 0.396867 0.703205 0.326208
threshold=0.090000000000000011 0 1.0015885658376089 8.173220338983052 0.29772727272727278 4.0796238425925937 17.500000000000004 979.00000000000011 1.6316860465116281 1.0000000180025095e-35 1.4553347125757357 186.69383333333363 650.11983333333342 31.500000000000004
decision_type=8 9 2 10 10 2 2 2 10 2 10 10 2 2
left_child=-1 2 -2 4 5 6 7 -3 9 10 11 12 -6 -11
right_child=1 3 -4 -5 8 -7 -8 -9 -10 13 -12 -13 -14 -15
leaf_value=-0.0010900026094912191 0.0013999123450662817 0.0029335401113894477 -0.00015552389779337444 0.0020600791711031514 0.00065774241680862061 0.0016865100097447554 -0.00023739527439296207 -0.0001926919407237114 0.00021079478723168228 -0.0025271327469779769 -0.0012966629198991222 0.0011435988347944831 -0.0023397825193020669 -0.00050508841636984312
leaf_weight=135 167 120 3831 102 187 191 515 108 2411 114 154 252 113 194
leaf_count=135 167 120 3831 102 187 191 515 108 2411 114 154 252 113 194
internal_value=3.50569e-05 5.30121e-05 -9.0326e-05 0.00018127 0.000137722 0.000568607 0.000281232 0.00145269 2.02187e-05 -0.000432916 -7.49246e-05 0.000265923 -0.000471325 -0.00125351
internal_weight=8594 8459 3998 4461 4359 934 743 228 3425 1014 706 552 300 308
internal_count=8594 8459 3998 4461 4359 934 743 228 3425 1014 706 552 300 308
cat_boundaries=0 1
cat_threshold=4032876657
is_linear=0
shrinkage=0.03


Tree=375
num_leaves=15
num_cat=2
split_feature=38 17 1 1 1 23 24 32 30 30 37 32 37 38
split_gain=0.308823 0.533053 0.669483 0.370016 0.225025 0.57771 0.294083 0.55307 0.659845 0.320321 0.241965 0.268356 0.744958 0.392255
threshold=2.0852061864355242 1.0000000180025095e-35 40.500000000000007 36.500000000000007 101.50000000000001 20.500000000000004 27.530000000000005 25.500000000000004 225.05000000000004 69.250000000000014 0 2.5000000000000004 1 1.4501693982552315
decision_type=2 2 2 2 2 2 10 2 2 2 9 2 9 2
left_child=4 3 -3 -2 10 -6 -7 8 9 -8 -1 12 -12 -14
right_child=1 2 -4 -5 5 6 7 -9 -10 -11 11 -13 13 -15
leaf_value=-0.00046457438669729982 -0.00056419976737077633 -0.0014093793665857187 0.0016665558169432744 -0.002900782560194604 0.0024385383734637396 -0.00071174277125332153 0.0013856769751204566 -0.0012768971682619304 0.0031114949726650269 -0.00024103908301812823 -0.00065805913452204553 -2.1739351470160674e-05 0.0026615642057465148 0.00077130835984638929
leaf_weight=913 123 119 137 121 118 233 187 125 102 261 290 5300 131 402
leaf_count=913 123 119 137 121 118 233 187 125 102 261 290 5300 131 402
internal_value=3.89925e-06 -0.000719579 0.000236727 -0.00172292 4.87689e-05 0.000463823 0.000207197 0.000524401 0.000933787 0.00043797 -1.17549e-05 5.64315e-05 0.000560526 0.00121313
internal_weight=8562 500 256 244 8062 1026 908 675 550 448 7036 6123 823 533
internal_count=8562 500 256 244 8062 1026 908 675 550 448 7036 6123 823 533
cat_boundaries=0 1 2
cat_threshold=3780797 1644431362
is_linear=0
shrinkage=0.03


Tree=376
num_leaves=15
num_cat=2
split_feature=21 30 30 30 23 23 1 6 37 38 27 37 26 27
split_gain=0.153093 0.409609 0.235843 0.227658 0.206519 0.177396 0.188234 0.396248 0.331121 0.317599 0.418814 0.323632 0.294843 0.284141
threshold=210.14166666666671 360.75000000000006 327.65000000000003 296.02500000000003 195.50000000000003 187.50000000000003 71.500000000000014 2.5000000000000004 0 1.9838821136523737 13.999646990740741 1 0.051315789473684217 13.99935763888889
decision_type=2 2 2 2 2 2 2 2 9 2 2 9 8 2
left_child=1 2 3 4 5 6 7 8 12 11 -11 -8 13 -1
right_child=-2 -3 -4 -5 -6 -7 9 -9 -10 10 -12 -13 -14 -15
leaf_value=0.0010530042793187831 0.00093030569837692203 -0.001787478042260298 0.0013356464498210697 -0.00093658919629181303 -0.00093129780846671316 0.0011684921407490037 0.0001641437318545995 0.0015301733158683123 0.00017870614687915437 -0.00065236300037884451 0.0018958959099377114 -0.00073149439588922381 -0.0017053340413384949 -0.00043753577395192931
leaf_weight=135 159 115 120 229 199 125 580 172 4582 103 133 961 138 781
leaf_count=135 159 115 120 229 199 125 580 172 4582 103 133 961 138 781
internal_value=8.12559e-06 -9.38625e-06 1.53753e-05 -4.09298e-06 2.29068e-05 4.75355e-05 2.90622e-05 0.000111727 6.84391e-05 -0.000241123 0.000783732 -0.000398077 -0.000408737 -0.00021786
internal_weight=8532 8373 8258 8138 7909 7710 7585 5808 5636 1777 236 1541 1054 916
internal_count=8532 8373 8258 8138 7909 7710 7585 5808 5636 1777 236 1541 1054 916
cat_boundaries=0 1 2
cat_threshold=7344130 2361655317
is_linear=0
shrinkage=0.03


Tree=377
num_leaves=15
num_cat=1
split_feature=21 30 30 11 21 27 0 23 21 1 0 0 27 35
split_gain=0.153702 0.196153 0.423574 0.174991 0.510973 0.273875 0.266291 0.558447 0.269051 0.464094 0.277597 0.486675 0.451348 0.245876
threshold=2.7500000000000004 54.750000000000007 24.165000000000003 1.0000000180025095e-35 82.125000000000014 13.999809027777781 15.500000000000002 51.500000000000007 24.500000000000004 136.50000000000003 7.5000000000000009 9.5000000000000018 13.999322916666669 0
decision_type=2 2 2 2 2 2 2 2 2 2 2 2 2 1
left_child=1 2 -1 6 5 -5 8 -8 9 10 13 12 -12 -2
right_child=3 -3 -4 4 -6 -7 7 -9 -10 -11 11 -13 -14 -15
leaf_value=-0.0011395372942417346 0.00083709569745001489 -0.0017171828523511066 0.00087172938236223813 -0.00045868461295031008 0.0010575936528621243 -0.0026789899926166981 0.0025034991411247562 -0.00036847775458313879 -6.2287613370624767e-05 -0.0015131917417282239 0.003437493156853657 0.00026087260512369019 0.00084986577769519665 -0.0004575030056919339
leaf_weight=207 231 100 173 100 100 100 118 126 6386 100 117 280 126 283
leaf_count=207 231 100 173 100 100 100 118 126 6386 100 117 280 126 283
internal_value=-1.34432e-05 -0.000534986 -0.000223882 1.75895e-05 -0.00069336 -0.00156884 4.50499e-05 0.00102043 1.34146e-05 0.000438599 0.000626814 0.00111341 0.00209576 0.000131696
internal_weight=8547 480 380 8067 300 200 7767 244 7523 1137 1037 523 243 514
internal_count=8547 480 380 8067 300 200 7767 244 7523 1137 1037 523 243 514
cat_boundaries=0 1
cat_threshold=9
is_linear=0
shrinkage=0.03


Tree=378
num_leaves=15
num_cat=2
split_feature=31 38 31 13 25 31 35 24 38 35 38 28 27 27
split_gain=0.23463 0.467795 0.310326 0.765293 0.210589 0.212004 0.352076 0.210966 0.369983 0.543398 0.439151 0.697598 0.283647 0.249159
threshold=0.46316937957065346 1.7661609051321283 0.35714348202647267 1.0000000180025095e-35 0.090000000000000011 0.6909759149202378 0 20.074999999999566 1.9013833091226673 1 1.5842593858412961 0.783269675925926 13.999646990740741 28.280746527777783
decision_type=8 2 10 2 10 8 1 8 2 1 2 2 2 2
left_child=1 2 3 -1 -2 6 -6 8 10 -10 -7 12 -12 -9
right_child=4 -3 -4 -5 5 7 -8 13 9 -11 11 -13 -14 -15
leaf_value=-0.0011692438992771973 -0.0010692745278011119 -0.0021458639508637133 -0.00117647753627359 0.002265182124273317 0.001632508315909264 5.3411413372065528e-05 -0.00032871916118209192 0.0002274331637074584 0.0021751799774172372 -0.00044492447031281736 -0.001438443003420876 0.00035211082929163242 -0.0035983336822425719 -0.00023500954153163822
leaf_weight=112 139 128 137 122 193 328 139 5320 104 186 112 120 107 1306
leaf_count=112 139 128 137 122 193 328 139 5320 104 186 112 120 107 1306
internal_value=4.91958e-05 -0.000582066 -4.25351e-05 0.000621354 8.83068e-05 0.000108636 0.000850663 7.61483e-05 -0.000340219 0.000554363 -0.000729168 -0.00148635 -0.00249373 0.000136285
internal_weight=8553 499 371 234 8054 7915 332 7583 957 290 667 339 219 6626
internal_count=8553 499 371 234 8054 7915 332 7583 957 290 667 339 219 6626
cat_boundaries=0 1 2
cat_threshold=28 10
is_linear=0
shrinkage=0.03


Tree=379
num_leaves=15
num_cat=1
split_feature=28 28 1 32 0 26 1 30 1 27 30 37 5 5
split_gain=0.186129 0.20815 0.425988 0.538713 0.579119 0.382946 0.330167 0.29231 0.232776 0.224747 0.222794 0.449343 0.68784 0.42847
threshold=27.590653935185188 11.463420138888891 22.500000000000004 21.500000000000004 7.5000000000000009 1.0000000180025095e-35 50.500000000000007 201.45000000000002 15.500000000000002 30.512980324074078 88.500000000000014 0 0.17425000000000002 0.61250000000000016
decision_type=2 2 2 2 2 8 2 2 2 2 2 9 2 2
left_child=1 9 8 5 -5 6 -4 -7 -3 10 11 12 -1 -12
right_child=-2 2 3 4 -6 7 -8 -9 -10 -11 13 -13 -14 -15
leaf_value=-0.00035057264793300088 -0.0012421825863000574 4.5503247007226462e-05 0.0016488363345578201 0.0011382354009987377 -0.0017499210387028341 0.0032836077151525964 -0.00072590246518920037 0.0013007672055122116 -0.001678855597104841 -0.00087439837728548039 7.314279190998698e-05 -3.4746048342802061e-05 -0.002763220432519527 0.0016395466121924451
leaf_weight=399 108 223 102 123 127 114 109 162 103 283 3771 2621 145 164
leaf_count=399 108 223 102 123 127 114 109 162 103 283 3771 2621 145 164
internal_value=-4.64859e-06 1.11759e-05 0.00040367 0.000803089 -0.000328948 0.00138422 0.000422076 0.00211977 -0.00049931 -4.53352e-05 -1.22895e-05 -0.000199672 -0.000975714 0.000138426
internal_weight=8554 8446 1063 737 250 487 211 276 326 7383 7100 3165 544 3935
internal_count=8554 8446 1063 737 250 487 211 276 326 7383 7100 3165 544 3935
cat_boundaries=0 1
cat_threshold=337643552
is_linear=0
shrinkage=0.03


Tree=380
num_leaves=15
num_cat=2
split_feature=24 27 27 31 30 1 26 1 20 37 24 0 36 31
split_gain=0.240174 0.46041 0.616307 0.410031 0.38364 0.376333 0.247769 0.389067 0.423894 0.419217 0.338522 0.53304 0.378973 0.608161
threshold=426.55816666666891 29.616950231481486 28.116521990740743 3.3396769637489592 220.07500000000002 27.500000000000004 1.0000000180025095e-35 103.50000000000001 1.0000000180025095e-35 0 294.72549999998421 9.5000000000000018 1 2.0942857142857148
decision_type=8 2 2 10 2 2 10 2 2 9 10 2 9 10
left_child=6 2 3 4 -2 -3 7 8 9 -1 11 12 13 -11
right_child=1 5 -4 -5 -6 -7 -8 -9 -10 10 -12 -13 -14 -15
leaf_value=-0.0019570352907882938 0.00050678764316994186 0.00017434192784499412 -0.0019484343250813193 0.0019271224864292889 -0.0014925539084017659 0.0026195493656167284 1.7426683402541536e-05 0.00058399221225983869 -0.0019002032049328962 -0.00082224645368661638 0.00058476367544826532 0.00039877338709800572 -0.001355281971140895 0.00068216610869985901
leaf_weight=130 330 101 121 125 117 129 4379 372 170 798 361 554 504 347
leaf_count=130 330 101 121 125 117 129 4379 372 170 798 361 554 504 347
internal_value=-7.42829e-05 0.000382742 -3.25992e-06 0.000408219 -1.65299e-05 0.00154578 -0.000129678 -0.000328742 -0.000447296 -0.000355613 -0.000265748 -0.000406326 -0.000676808 -0.000363152
internal_weight=8538 923 693 572 447 230 7615 3236 2864 2694 2564 2203 1649 1145
internal_count=8538 923 693 572 447 230 7615 3236 2864 2694 2564 2203 1649 1145
cat_boundaries=0 1 2
cat_threshold=1744834560 20
is_linear=0
shrinkage=0.03


Tree=381
num_leaves=15
num_cat=2
split_feature=37 24 1 17 32 36 1 23 32 1 23 1 38 22
split_gain=0.20868 0.409939 0.329635 0.467801 0.548822 0.486912 0.349307 0.842102 0.342497 0.365677 1.0024 0.533624 0.34557 0.316546
threshold=0 116.65266666666663 145.50000000000003 1.5000000000000002 6.5000000000000009 1 36.500000000000007 37.500000000000007 18.500000000000004 45.500000000000007 25.500000000000004 29.500000000000004 1.5265278660026054 1599.5000000000002
decision_type=9 10 2 2 2 9 2 2 2 2 2 2 2 2
left_child=1 2 3 4 5 13 7 -7 9 11 -11 12 -6 -1
right_child=-2 -3 -4 -5 8 6 -8 -9 -10 10 -12 -13 -14 -15
leaf_value=0.00082678995527385273 -0.00011074728198966332 -0.0004836747616608233 0.0017346378289521745 -0.0012065311737618793 0.00052725276961811118 0.00063827686707977897 0.00094817108498513345 0.0044842220357923694 0.0014777138270510477 0.002791677902285487 -0.00070750271171150347 -0.0022484505830144461 -0.0012387687730623165 -0.0011221976544475182
leaf_weight=200 5907 603 155 170 262 101 271 104 120 117 199 146 161 120
leaf_count=200 5907 603 155 170 262 101 271 104 120 117 199 146 161 120
internal_value=-1.05525e-05 0.000205973 0.000402547 0.000297791 0.000439788 0.00102823 0.00162095 0.00258939 -2.6285e-05 -0.000230217 0.00058808 -0.000684667 -0.000144921 9.30129e-05
internal_weight=8636 2729 2126 1971 1801 796 476 205 1005 885 316 569 423 320
internal_count=8636 2729 2126 1971 1801 796 476 205 1005 885 316 569 423 320
cat_boundaries=0 1 2
cat_threshold=3508831652 48
is_linear=0
shrinkage=0.03


Tree=382
num_leaves=15
num_cat=2
split_feature=37 28 31 30 38 13 37 5 1 0 31 31 38 38
split_gain=0.20811 0.347204 0.391442 0.346029 0.529283 0.383794 0.389705 0.362321 0.607062 0.339337 0.32507 0.227846 0.186837 0.655379
threshold=0 0.62855902777777783 2.8525735171920967 104.50000000000001 1.4389975012063583 1.0000000180025095e-35 1 0.093050000000000008 26.500000000000004 8.5000000000000018 1.5271498771498775 0.71691003666217534 1.7661609051321283 1.7493480188935668
decision_type=9 2 10 2 2 2 9 2 2 2 10 10 2 2
left_child=12 3 10 5 -5 9 -7 8 -8 -2 11 -3 13 -1
right_child=1 2 -4 4 -6 6 7 -9 -10 -11 -12 -13 -14 -15
leaf_value=0.00012769331885784671 -0.00011700289035881203 -0.00034092872752808037 -0.0023772077573096895 -0.00035807275419387768 0.002591872062572899 0.00012111539258920538 -0.0020698269734971391 -0.0027582426985868044 0.00088619603836609015 0.0019977035891913276 0.00049197400780821323 -0.0019667449297422778 -0.00018060326050071648 0.0025812942881486374
leaf_weight=4845 175 171 122 111 108 360 133 108 118 112 191 142 1787 100
leaf_count=4845 175 171 122 111 108 360 133 108 118 112 191 142 1787 100
internal_value=4.67047e-06 -0.000276184 -0.000852442 1.60408e-05 0.00109669 -0.000219211 -0.000589421 -0.00126994 -0.000680143 0.000708248 -0.000483352 -0.00107852 8.21812e-05 0.000177311
internal_weight=8583 1851 626 1225 219 1006 719 359 251 287 504 313 6732 4945
internal_count=8583 1851 626 1225 219 1006 719 359 251 287 504 313 6732 4945
cat_boundaries=0 1 2
cat_threshold=4040689717 50385664
is_linear=0
shrinkage=0.03


Tree=383
num_leaves=15
num_cat=2
split_feature=22 25 31 25 31 33 31 37 32 31 25 36 1 31
split_gain=0.562021 0.242158 0.290255 0.23862 0.231598 0.211515 0.714398 0.526601 0.420816 0.304915 0.295943 0.277532 0.50217 0.375065
threshold=11720.000000000002 0.62481481481481493 1.5558757604867117 0.60858585858585867 0.1799720450492425 1.0000000180025095e-35 3.5561282932416955 0 7.5000000000000009 3.6862836919354938 0.12521739130434786 1 70.500000000000014 5.6826250000000007
decision_type=2 8 8 10 8 2 8 9 2 8 10 9 2 8
left_child=1 3 -3 4 -1 9 7 8 -7 10 -6 13 -13 -11
right_child=-2 2 -4 -5 5 6 -8 -9 -10 11 -12 12 -14 -15
leaf_value=-0.0014148546746065927 -0.0017454594874425845 0.0019766521138844476 0.00027014756408115634 -0.0010255701471988796 -0.00097704468455700791 4.7601739831358015e-05 0.0020729446443051077 0.00042068374801441076 -0.0021229547518305482 -0.0010242840785778954 4.7515200869896937e-05 -0.00048572727190877488 -0.0026103105579747608 0.001442817274579092
leaf_weight=107 170 101 802 223 268 167 182 941 155 108 4766 372 137 114
leaf_count=107 170 101 802 223 268 167 182 941 155 108 4766 372 137 114
internal_value=-3.76311e-05 -3.24397e-06 0.000461019 -5.88447e-05 -2.93818e-05 -8.82073e-06 0.000315735 6.25192e-05 -0.000967194 -9.01709e-05 -7.0303e-06 -0.000662715 -0.00103719 0.000232149
internal_weight=8613 8443 903 7540 7317 7210 1445 1263 322 5765 5034 731 509 222
internal_count=8613 8443 903 7540 7317 7210 1445 1263 322 5765 5034 731 509 222
cat_boundaries=0 1 2
cat_threshold=2251849728 1
is_linear=0
shrinkage=0.03


Tree=384
num_leaves=15
num_cat=3
split_feature=31 33 23 31 30 28 28 29 5 31 37 37 35 27
split_gain=0.371957 0.421799 0.396817 0.392534 0.539615 0.364235 0.34789 0.458958 0.326891 0.432313 0.356722 0.286002 0.387 0.285298
threshold=2.9393877551020409 1.0000000180025095e-35 94.500000000000014 3.1885887096774197 218.87500000000003 8.6778009259259274 5.8215104166666682 3.5000000000000004 0.43650000000000005 1.2712272492314391 0 1 2 13.99992476851852
decision_type=10 2 2 10 2 2 2 2 2 8 9 9 1 2
left_child=8 3 -3 4 -2 6 7 11 -1 13 -11 -5 -13 -10
right_child=1 2 -4 5 -6 -7 -8 -9 9 10 -12 12 -14 -15
leaf_value=-4.0199752354557058e-05 -0.00018997580820827612 0.00013374942930218263 0.002135330432356568 -0.00078251312769066846 0.0028514935237222484 -0.00075346428723085924 0.0018683439990439053 -0.0014570472389459611 -0.00074848915500102262 0.0013081032169540807 -0.00053775228783059113 0.0019602791232280099 5.5445850876692145e-05 -0.0025968338273849117
leaf_weight=5917 105 156 208 119 105 448 112 141 168 108 462 159 235 136
leaf_count=5917 105 156 208 119 105 448 112 141 168 108 462 159 235 136
internal_value=-1.88345e-05 0.00036614 0.00127751 0.000133178 0.00133076 -7.39818e-05 0.000323418 5.88434e-05 -0.000120194 -0.00066176 -0.000174496 0.000475492 0.000853642 -0.00157538
internal_weight=8579 1788 364 1424 210 1214 766 654 6791 874 570 513 394 304
internal_count=8579 1788 364 1424 210 1214 766 654 6791 874 570 513 394 304
cat_boundaries=0 1 2 3
cat_threshold=2692743168 547356672 10
is_linear=0
shrinkage=0.03


Tree=385
num_leaves=15
num_cat=2
split_feature=37 5 27 28 28 31 31 37 24 1 38 24 26 38
split_gain=0.244141 0.321008 0.252716 0.22736 0.358866 0.267172 0.277973 0.383393 0.344777 0.257745 0.574341 0.472746 0.450466 0.426335
threshold=0 0.61250000000000016 25.409369212962968 3.7224016203703707 2.3552777777777782 0.58245581906418831 1.3433035714285715 1 74.311666666667307 18.500000000000004 2.0614337976663193 170.43233333333259 0.07571428571428572 1.9914864440065265
decision_type=9 2 2 2 2 8 10 9 8 2 2 10 10 2
left_child=3 -2 -3 4 9 -5 8 -8 -7 11 12 13 -11 -1
right_child=1 2 -4 5 -6 6 7 -9 -10 10 -12 -13 -14 -15
leaf_value=0.0013239052826601607 -0.0001899105566279361 0.0020298014967658805 -5.7179044712992277e-05 0.0020306285363738425 -0.0014671487117726321 -0.0013591493506445612 0.0022396545754634731 0.00037653391423412934 0.00068211848563706019 -9.7592317147423093e-05 0.0013915716602590587 -0.001192894885316491 -0.0017338469196590319 -0.00076188121042731734
leaf_weight=481 4774 107 102 100 136 152 116 540 146 1386 211 111 170 108
leaf_count=481 4774 107 102 100 136 152 116 540 146 1386 211 111 170 108
internal_value=-2.74867e-06 -0.00013925 0.00101128 0.000183127 3.31066e-05 0.000555362 0.000400722 0.000745869 -0.000359065 0.000115812 -7.71903e-05 0.000603006 -0.00027636 0.000941452
internal_weight=8640 4983 209 3657 2603 1054 954 656 298 2467 1767 700 1556 589
internal_count=8640 4983 209 3657 2603 1054 954 656 298 2467 1767 700 1556 589
cat_boundaries=0 1 2
cat_threshold=3667419964 8388616
is_linear=0
shrinkage=0.03


Tree=386
num_leaves=15
num_cat=1
split_feature=22 33 1 22 17 30 32 31 22 30 30 38 1 37
split_gain=0.139387 0.394777 0.475537 0.319507 0.324502 0.552493 0.699273 0.445722 0.277754 0.39161 0.309043 0.40815 0.36562 0.268199
threshold=6402.0500000000002 1.0000000180025095e-35 63.500000000000007 1946.8125000000002 1.0000000180025095e-35 246.05000000000004 10.500000000000002 0.55936451399967002 7391.3750000000009 130.50000000000003 129.25000000000003 1.4639729811912707 41.500000000000007 0
decision_type=2 2 2 2 2 2 2 10 2 2 2 2 2 9
left_child=3 8 -3 -1 7 6 -6 -5 9 -2 11 -10 -12 -9
right_child=1 2 -4 4 5 -7 -8 13 10 -11 12 -13 -14 -15
leaf_value=-2.6449341340842531e-05 0.00066127027140803704 -0.0023694823821175048 0.00024139762390404937 -0.0016501311064348557 0.00033497485448606311 -0.00038685157891898731 0.0032081791548989711 3.0763527815039114e-06 0.001121068372519221 -0.0017222398619588391 0.00010867077272390934 -0.001349971064656282 0.0021913923273698872 0.0009739472589018138
leaf_weight=5806 103 154 106 108 144 146 162 687 100 156 167 151 139 402
leaf_count=5806 103 154 106 108 144 146 162 687 100 156 167 151 139 402
internal_value=3.2148e-05 -0.000287043 -0.00130505 7.82176e-05 0.000446742 0.0011316 0.00185608 0.000188134 3.73213e-05 -0.000774357 0.000414745 -0.000365493 0.00105474 0.000370441
internal_weight=8531 1076 260 7455 1649 452 306 1197 816 259 557 251 306 1089
internal_count=8531 1076 260 7455 1649 452 306 1197 816 259 557 251 306 1089
cat_boundaries=0 1
cat_threshold=805341184
is_linear=0
shrinkage=0.03


Tree=387
num_leaves=15
num_cat=3
split_feature=37 14 5 38 38 17 15 23 33 23 23 37 24 37
split_gain=0.149298 0.359755 0.223896 0.319827 0.294147 0.20112 0.221617 0.173352 0.38966 0.443585 0.482322 0.381345 0.379195 0.372208
threshold=0 1.5000000000000002 0.28175000000000006 1.7266426252090246 1.3352888195628367 3.5000000000000004 1.0000000180025095e-35 57.500000000000007 1.0000000180025095e-35 72.500000000000014 77.500000000000014 1 426.55816666666891 2
decision_type=9 2 2 2 2 2 2 2 2 2 2 9 10 9
left_child=1 -1 3 4 -3 6 7 11 9 -9 -11 -2 -10 -12
right_child=5 2 -4 -5 -6 -7 -8 8 12 10 13 -13 -14 -15
leaf_value=0.00095934012863654059 0.0014464798739886489 0.00024990317576582198 -0.0017290674738681196 0.00075414812772306135 -0.0013453237432778612 0.0012983543229164133 -0.0011228510281665527 -0.0008332860282079989 0.00030715752244120213 0.0014936712760047137 -0.001801048222979581 0.00016265309209119094 0.0022105278043142917 -3.2210384472565145e-05
leaf_weight=160 222 161 132 167 294 119 141 711 916 182 101 2124 105 3057
leaf_count=160 222 161 132 167 294 119 141 711 916 182 101 2124 105 3057
internal_value=3.12983e-05 -0.000329102 -0.000606877 -0.000368727 -0.000780859 7.45324e-05 5.53646e-05 7.77599e-05 -2.08719e-05 -0.000152882 -8.04115e-06 0.000291 0.000502901 -9.4587e-05
internal_weight=8592 914 754 622 455 7678 7559 7418 5072 4051 3340 2346 1021 3158
internal_count=8592 914 754 622 455 7678 7559 7418 5072 4051 3340 2346 1021 3158
cat_boundaries=0 1 2 3
cat_threshold=1092714809 9177090 134217794
is_linear=0
shrinkage=0.03


Tree=388
num_leaves=15
num_cat=1
split_feature=31 17 37 28 21 28 6 28 30 22 24 38 38 28
split_gain=0.230441 0.421243 0.33506 0.284665 0.160881 0.33948 0.810913 0.792508 0.454044 0.345596 0.275848 0.282337 0.261515 0.260768
threshold=5.1020956475013444 1.0000000180025095e-35 0 7.70748263888889 120.70833333333334 1.1472222222222224 1.5000000000000002 9.4594675925925937 222.10000000000002 6331.4577500000005 571.78549999999711 1.5874144779578696 1.5157158761095031 23.907679398148151
decision_type=10 2 9 2 2 2 2 2 2 2 10 2 2 2
left_child=4 2 -2 -4 10 6 8 12 9 -6 13 -12 -7 -1
right_child=1 -3 3 -5 5 7 -8 -9 -10 -11 11 -13 -14 -15
leaf_value=0.00012783502983210995 3.4404875699777237e-05 0.00079112461102468998 -0.0024591698370561564 -0.00060234136054413789 0.0016247097861308317 -0.0011507386763752259 0.0021760410374961794 0.00041946998210421079 -0.0012921491965262172 -0.00036613752160602334 0.00020486213354379835 0.0022644205384998828 -0.0029578925986954176 -0.0012561731406510808
leaf_weight=6184 205 170 161 138 130 209 150 277 241 198 133 109 110 125
leaf_count=6184 205 170 161 138 130 209 150 277 241 198 133 109 110 125
internal_value=3.21374e-05 -0.000500239 -0.000935818 -0.00155032 7.77542e-05 -0.000225068 0.00021379 -0.000754496 -0.000303499 0.000422918 0.00013854 0.00113251 -0.0017739 0.000100414
internal_weight=8540 674 504 299 7866 1315 719 596 569 328 6551 242 319 6309
internal_count=8540 674 504 299 7866 1315 719 596 569 328 6551 242 319 6309
cat_boundaries=0 1
cat_threshold=268468400
is_linear=0
shrinkage=0.03


Tree=389
num_leaves=15
num_cat=4
split_feature=37 31 38 27 24 22 22 26 22 36 25 5 35 37
split_gain=0.279947 0.300856 0.259278 0.215907 0.485846 0.467621 0.423301 0.634959 0.568166 0.54814 0.477166 0.473545 0.306417 0.342574
threshold=0 1.2508030341587599 1.67294811739477 28.280746527777783 455.88433333333825 1711.7312500000005 1980.7027500000002 0.044466403162055343 740.95000000000016 1 0.19000000000000003 0.23305000000000003 2 3
decision_type=9 8 2 2 10 2 2 10 2 9 10 2 1 9
left_child=1 -1 -2 4 6 -5 7 9 10 11 -9 -4 -8 -14
right_child=2 -3 3 5 -6 -7 12 8 -10 -11 -12 -13 13 -15
leaf_value=-0.00012391729638553582 9.2595194853765803e-05 0.0016497717923266463 4.8189781987375423e-05 0.00010185313912538381 0.0018110471155766087 -0.0019196305774783146 -0.00094285813299071347 0.0026032623028958857 -0.00083586459120851939 -0.0023688092853360789 0.00014035991962283324 -0.0021058344868618217 2.0281421521925652e-05 0.0013636062868293479
leaf_weight=156 5457 192 319 208 108 204 151 109 294 235 202 129 480 259
leaf_count=156 5457 192 319 208 108 204 151 109 294 235 202 129 480 259
internal_value=9.71005e-06 0.000830796 -2.63148e-05 -0.000266921 -0.000152989 -0.000899076 -0.000250379 -0.000598039 0.000109693 -0.00122495 0.00100356 -0.000559564 0.00025275 0.000503001
internal_weight=8503 348 8155 2698 2286 412 2178 1288 605 683 311 448 890 739
internal_count=8503 348 8155 2698 2286 412 2178 1288 605 683 311 448 890 739
cat_boundaries=0 1 2 3 4
cat_threshold=2106368 17 2 2952790016
is_linear=0
shrinkage=0.03


Tree=390
num_leaves=15
num_cat=3
split_feature=31 37 1 25 25 25 17 25 37 13 22 31 36 38
split_gain=0.234564 0.169568 0.14712 0.689909 0.401682 0.20068 0.371563 0.470281 0.339528 0.28641 0.224552 0.240061 0.207307 0.327893
threshold=0.1106014271151886 0 158.50000000000003 0.39791666666666675 0.51925925925925942 0.33666666666666673 1.5000000000000002 0.29772727272727278 1 0.50000000000000011 183.10000000000005 0.60070754716981145 2 1.6601957679374653
decision_type=8 9 2 10 10 10 2 10 9 2 2 10 9 2
left_child=-1 -2 5 -4 -5 6 7 9 -9 10 -3 -12 13 -7
right_child=1 2 3 4 -6 12 -8 8 -10 -11 11 -13 -14 -15
leaf_value=0.001309302752604708 0.00031284709969512308 -0.001333990338860768 0.0022956677477452016 -0.0018935283083832471 0.00066660483486995822 -3.7498327563158597e-05 -0.0019705909904581299 -0.0025013485821212805 -0.00041351753166964041 0.0012110517336349066 0.00085592219026672627 -0.00023644701659731375 -5.7727980620076993e-05 0.001912111991713213
leaf_weight=120 1136 138 126 100 123 195 121 121 182 146 215 1147 4541 129
leaf_count=120 1136 138 126 100 123 195 121 121 182 146 215 1147 4541 129
internal_value=-7.70598e-06 -2.64757e-05 -7.9716e-05 0.000521185 -0.000481437 -0.000110071 -0.000357474 -0.000257327 -0.00134347 -5.73867e-05 -0.000180848 -6.40099e-05 -4.80365e-06 0.000716618
internal_weight=8540 8420 7284 349 223 6935 2070 1949 303 1646 1500 1362 4865 324
internal_count=8540 8420 7284 349 223 6935 2070 1949 303 1646 1500 1362 4865 324
cat_boundaries=0 1 2 3
cat_threshold=672444890 274728960 4
is_linear=0
shrinkage=0.03


Tree=391
num_leaves=15
num_cat=1
split_feature=21 30 30 37 30 23 38 5 38 34 27 0 1 22
split_gain=0.214372 0.237789 0.588527 0.342192 0.361805 0.316144 0.426102 0.49025 0.397804 0.678424 0.3473 0.338993 0.443628 0.308306
threshold=226.47500000000005 181.10000000000002 170.12500000000003 0 164.25000000000003 114.50000000000001 1.7194656916341671 0.15470000000000003 1.4533004364649582 1.0000000180025095e-35 30.585781250000004 5.5000000000000009 42.500000000000007 1980.7027500000002
decision_type=2 2 2 9 2 2 2 2 2 2 2 2 2 2
left_child=1 2 3 -1 -5 6 8 -8 11 -10 -7 -3 -13 -4
right_child=-2 5 13 4 -6 10 7 -9 9 -11 -12 12 -14 -15
leaf_value=0.0003984483877003804 0.0013460989602079446 0.00097380456738600503 0.00068692700386181413 -6.0527940162540909e-05 -0.0018217156642802163 -7.039119227627266e-05 0.0017174846884462282 -0.00089732346266172219 -0.00039217689145686741 -0.0028698727226851937 0.001589083852171898 -0.0016896986117977794 0.0003448498133277908 0.0026678086836949329
leaf_weight=1716 110 131 198 3754 108 1234 137 122 203 195 125 218 173 110
leaf_count=1716 110 131 198 3754 108 1234 137 122 203 195 125 218 173 110
internal_value=3.02937e-05 1.31121e-05 0.000117775 4.72848e-05 -0.000109496 -0.000229618 -0.000589094 0.000485799 -0.0008917 -0.00160612 8.22463e-05 -0.000346986 -0.000789502 0.00139438
internal_weight=8534 8424 5886 5578 3862 2538 1179 259 920 398 1359 522 391 308
internal_count=8534 8424 5886 5578 3862 2538 1179 259 920 398 1359 522 391 308
cat_boundaries=0 1
cat_threshold=2284887058
is_linear=0
shrinkage=0.03


Tree=392
num_leaves=15
num_cat=3
split_feature=0 7 33 21 37 1 7 22 24 25 31 37 1 37
split_gain=0.172519 0.712592 0.164598 0.550945 0.657733 0.623562 0.467618 0.620215 0.358128 0.345545 0.37551 0.410451 0.34659 0.84815
threshold=15.500000000000002 1.0000000180025095e-35 1.0000000180025095e-35 186.8666666666667 0 95.500000000000014 1.0000000180025095e-35 1946.8125000000002 219.61766666665443 0.11000000000000001 6.7994275990099018 1 50.500000000000007 2
decision_type=2 2 2 2 9 2 2 2 10 8 10 9 2 9
left_child=2 -2 9 4 5 6 -4 8 -8 -1 12 -12 -11 -14
right_child=1 -3 3 -5 -6 -7 7 -9 -10 10 11 -13 13 -15
leaf_value=-0.0015694475703148013 -0.0008044935167820838 0.0019916178898029889 0.0023353952012782472 -0.0019483295143581925 -8.8573789450032425e-05 0.0033165294341510158 0.00056339150174920046 0.0017728116243899343 -0.0017882215032417981 0.00015097560300850408 -0.0023905336746805872 -9.5548179218128904e-06 -0.00098931557540787797 0.0001819721200109942
leaf_weight=142 156 173 122 100 1128 100 105 141 131 3779 119 142 960 1303
leaf_count=142 156 173 122 100 1128 100 105 141 131 3779 119 142 960 1303
internal_value=-7.90687e-06 0.000665802 -3.47021e-05 0.000216643 0.000342003 0.00113536 0.00072101 0.000198582 -0.000741953 -0.000105952 -7.29813e-05 -0.00118709 -2.48543e-05 -0.000318474
internal_weight=8601 329 8272 1827 1727 599 499 377 236 6445 6303 261 6042 2263
internal_count=8601 329 8272 1827 1727 599 499 377 236 6445 6303 261 6042 2263
cat_boundaries=0 1 2 3
cat_threshold=1218447744 538974208 1084229705
is_linear=0
shrinkage=0.03


Tree=393
num_leaves=15
num_cat=1
split_feature=28 27 28 28 30 28 21 30 35 24 1 38 27 23
split_gain=0.110553 0.368201 0.247358 0.263734 0.275196 0.436385 0.273009 0.22991 0.435576 0.429472 0.757773 0.535361 0.417736 0.285909
threshold=21.930173611111112 28.270839120370372 16.50072916666667 14.97566550925926 296.02500000000003 8.1934085648148152 193.00000000000003 212.12500000000003 0 122.76233333333396 31.500000000000004 1.7493480188935668 30.570040509259261 129.50000000000003
decision_type=2 2 2 2 2 2 2 2 1 10 2 2 2 2
left_child=2 -2 3 4 6 -6 7 12 9 10 -9 -11 -1 -13
right_child=1 -3 -4 -5 5 -7 -8 8 -10 11 -12 13 -14 -15
leaf_value=-4.4748029683514042e-05 -0.00084265033973081565 0.0013927506144585399 -0.00090182032662161073 0.001500004955048028 -6.0013173591384353e-05 -0.0022823086703230239 0.0012132013797859793 -0.00061364040765279925 0.0021315893705974778 -0.00069625338913489507 0.0025681115800305714 0.0020941896256561829 -0.0016964825961560486 1.6757830940186977e-05
leaf_weight=6081 105 180 284 104 225 123 168 118 105 543 157 114 141 125
leaf_count=6081 105 180 284 104 225 123 168 118 105 543 157 114 141 125
internal_value=-1.17744e-05 0.000569182 -3.17518e-05 -8.79799e-07 -2.06383e-05 -0.00084548 1.73708e-05 -9.83658e-06 0.000377525 0.000181397 0.00120285 -0.00017549 -8.21789e-05 0.00100767
internal_weight=8573 285 8288 8004 7900 348 7552 7384 1162 1057 275 782 6222 239
internal_count=8573 285 8288 8004 7900 348 7552 7384 1162 1057 275 782 6222 239
cat_boundaries=0 1
cat_threshold=9
is_linear=0
shrinkage=0.03


Tree=394
num_leaves=15
num_cat=0
split_feature=32 30 38 28 38 38 38 29 31 28 25 6 38 28
split_gain=0.16335 0.204938 0.204151 0.229974 0.372052 0.785133 0.209796 0.181653 0.368456 0.304858 0.235655 0.184388 0.179483 0.193866
threshold=23.500000000000004 327.65000000000003 1.7527718373424654 1.2354513888888892 1.6162318220133109 1.4501693982552315 1.2737478315547872 1.0000000180025095e-35 2.7963381933970175 8.2618865740740759 0.57409090909090921 1.0000000180025095e-35 0.94640064498231646 24.431944444444447
decision_type=2 2 2 2 2 2 2 2 10 2 10 2 2 2
left_child=1 12 3 4 5 6 -2 9 -9 -5 11 -10 -1 -14
right_child=2 -3 -4 7 -6 -7 -8 8 10 -11 -12 -13 13 -15
leaf_value=-0.00067895259987818622 -0.00041133601607289165 0.0012842237900796581 0.00086523345070114977 0.0001149948178672888 -0.0024807456194423138 0.0015054766006954014 -0.0022360285729141408 0.0014727867308441968 -0.00053999081186842748 -0.0018814627415605027 -0.0013682682748393355 0.0012642147439531981 0.00017695331937261148 -0.0011537432317854834
leaf_weight=239 100 141 144 193 100 125 131 169 104 107 112 100 6721 100
leaf_count=239 100 141 144 193 100 125 131 169 104 107 112 100 6721 100
internal_value=9.43606e-05 0.000151748 -0.000204011 -0.000328081 -0.000863911 -0.000409744 -0.00144612 -1.68219e-05 0.000342098 -0.000597075 -0.000262606 0.000344424 0.00012913 0.000157445
internal_weight=8586 7201 1385 1241 456 356 231 785 485 300 316 204 7060 6821
internal_count=8586 7201 1385 1241 456 356 231 785 485 300 316 204 7060 6821
is_linear=0
shrinkage=0.03


Tree=395
num_leaves=15
num_cat=2
split_feature=37 32 32 28 37 30 27 30 31 31 31 30 1 0
split_gain=0.263725 0.410592 0.308198 0.273353 0.368814 0.268293 0.738045 0.583856 0.501657 0.735939 0.547305 0.45827 0.37751 0.362616
threshold=0 8.5000000000000018 5.5000000000000009 1.0000000180025095e-35 1 178.10000000000002 28.07513888888889 207.10000000000002 2.3393548387096779 2.9393877551020409 3.1885887096774197 279.05000000000007 45.500000000000007 7.5000000000000009
decision_type=9 2 2 2 9 2 2 2 10 10 10 2 2 2
left_child=-1 2 -2 4 -4 6 -3 13 -9 -10 -11 -12 -13 -7
right_child=1 5 3 -5 -6 7 -8 8 9 10 11 12 -14 -15
leaf_value=0.00011451369587761276 -0.00036734588954984626 -5.1228466474353093e-05 -0.0020167680203956435 -0.0024863016026418854 0.00024559469699302012 -0.00054198807136827075 0.0021163803969659755 0.00076482834097012372 -0.0013908394375650474 0.0021255321792421579 -0.00130160461367268 0.0013950286381347152 -0.00067309547800363761 -0.0025490622753993821
leaf_weight=4233 1240 570 107 126 147 215 188 582 377 118 192 193 135 130
leaf_count=4233 1240 570 107 126 147 215 188 582 377 118 192 193 135 130
internal_value=-5.37203e-05 -0.000218326 -0.000596411 -0.00134389 -0.000777179 7.71657e-06 0.000486384 -0.000179117 6.26556e-05 -0.00033997 0.000280999 -0.000137568 0.000543819 -0.00129828
internal_weight=8553 4320 1620 380 254 2700 758 1942 1597 1015 638 520 328 345
internal_count=8553 4320 1620 380 254 2700 758 1942 1597 1015 638 520 328 345
cat_boundaries=0 1 2
cat_threshold=2546992195 2099204
is_linear=0
shrinkage=0.03


Tree=396
num_leaves=15
num_cat=0
split_feature=28 23 23 27 28 28 30 31 31 31 1 13 1 32
split_gain=0.282756 0.388626 0.155518 0.430591 0.436957 0.263378 0.325652 0.426422 0.228405 0.234523 0.439757 0.358272 0.400802 0.317125
threshold=21.930173611111112 126.50000000000001 169.00000000000003 29.853153935185187 10.562239583333335 12.622447916666669 177.10000000000002 1.783196239717979 9.8538461538461561 3.0695184816355225 114.50000000000001 0.50000000000000011 62.500000000000007 20.500000000000004
decision_type=2 2 2 2 2 2 2 10 10 10 2 2 2 2
left_child=2 -2 5 4 -4 8 7 -7 9 -1 11 12 13 -11
right_child=1 -3 3 -5 -6 6 -8 -9 -10 10 -12 -13 -14 -15
leaf_value=-8.0152138940871789e-05 0.0020186629007371806 -0.00020489345800264605 -0.00034586268679322738 0.0022122512000380084 0.0018543276387179503 -0.0011254619311192073 -0.0012016251062648489 0.001611843453720212 -0.0014411918550510617 -0.00048581577615392315 -0.0013459925167368385 0.00206789596826243 0.0017176627887377312 0.0011546419480082659
leaf_weight=5940 143 140 433 100 100 100 388 105 102 368 110 138 157 149
leaf_count=5940 143 140 433 100 100 100 388 105 102 368 110 138 157 149
internal_value=-1.36328e-05 0.00091867 -4.58479e-05 0.000405844 6.6931e-05 -8.36831e-05 -0.000690612 0.000276573 -3.20018e-05 -1.10549e-05 0.000434105 0.000675251 0.000390111 -1.3034e-05
internal_weight=8473 283 8190 633 533 7557 593 205 6964 6862 922 812 674 517
internal_count=8473 283 8190 633 533 7557 593 205 6964 6862 922 812 674 517
is_linear=0
shrinkage=0.03


Tree=397
num_leaves=15
num_cat=1
split_feature=28 23 28 30 25 28 27 38 27 5 30 26 24 37
split_gain=0.289715 0.288304 0.230039 0.334043 0.466786 0.212107 0.167691 0.527936 0.252161 0.365391 0.502709 0.310254 0.223388 0.344473
threshold=23.449693287037039 130.50000000000003 15.448998842592594 194.10000000000002 0.47913043478260875 14.217910879629631 30.570040509259261 1.6162318220133109 29.116319444444446 0.23305000000000003 253.72500000000002 1.0000000180025095e-35 185.87033333333386 0
decision_type=2 2 2 2 10 2 2 2 2 2 2 10 10 9
left_child=2 -2 5 -4 -5 6 8 -8 12 10 11 -10 13 -1
right_child=1 -3 3 4 -6 -7 7 -9 9 -11 -12 -13 -14 -15
leaf_value=0.00081945039311079446 0.002033030915265029 -6.4755623998201416e-05 0.00073920932835853177 -0.0025656086436421088 -0.00019336937821796442 0.0013262788620061025 -0.0020043316094373216 0.00082106026938384019 0.0031693897864673859 -0.00044185692619066688 -0.00056375193289848256 0.0010158959320840796 -0.00035625858517321818 -3.8283314328491206e-05
leaf_weight=451 121 115 101 135 167 104 141 103 104 192 104 143 1735 4900
leaf_count=451 121 115 101 135 167 104 141 103 104 192 104 143 1735 4900
internal_value=-2.58169e-05 0.0010108 -5.50106e-05 -0.000754317 -0.00125381 -1.96814e-05 -3.74612e-05 -0.000811646 -1.27002e-05 0.000610355 0.00118592 0.00192263 -6.0445e-05 3.54692e-05
internal_weight=8616 236 8380 403 302 7977 7873 244 7629 543 351 247 7086 5351
internal_count=8616 236 8380 403 302 7977 7873 244 7629 543 351 247 7086 5351
cat_boundaries=0 1
cat_threshold=67110978
is_linear=0
shrinkage=0.03


Tree=398
num_leaves=15
num_cat=4
split_feature=31 33 37 23 37 24 35 28 37 24 31 31 27 31
split_gain=0.369807 0.211687 0.33069 0.300416 0.298432 0.32853 0.303217 0.290242 0.253992 0.214035 0.150193 0.163283 0.18196 0.373867
threshold=3.7558696440645338 1.0000000180025095e-35 0 58.500000000000007 1 384.59266666667077 2 8.1934085648148152 3 40.519833333331633 3.5561282932416955 3.2948938677315356 12.999716435185187 0.6909759149202378
decision_type=8 2 9 2 9 10 1 2 9 10 10 10 2 8
left_child=10 3 -3 8 5 6 7 -5 -2 -8 11 12 13 -1
right_child=1 2 -4 4 -6 -7 9 -9 -10 -11 -12 -13 -14 -15
leaf_value=0.00071953677810961375 0.0011976955846211938 0.0012117781257779689 -0.00058761512732372881 0.0015584779444907325 -0.0023998369943551922 -0.0020528009440726963 -8.3806895929184252e-05 -0.0004904591718472407 -0.00049228574709422044 -0.0017329253166534764 0.0010272143813417642 -0.00077934009725257991 0.00019093819875834537 -0.00054760718221536788
leaf_weight=280 119 157 196 112 101 127 123 140 202 167 160 186 5634 833
leaf_count=280 119 157 196 112 101 127 123 140 202 167 160 186 5634 833
internal_value=2.94019e-05 -0.000408208 0.000230363 -0.000614822 -0.000936246 -0.000669407 -0.000357604 0.000404142 0.000156194 -0.000999023 0.000118491 9.75194e-05 0.000121693 -0.000228829
internal_weight=8537 1444 353 1091 770 669 542 252 321 290 7093 6933 6747 1113
internal_count=8537 1444 353 1091 770 669 542 252 321 290 7093 6933 6747 1113
cat_boundaries=0 1 2 3 4
cat_threshold=270534688 406849664 10 539002904
is_linear=0
shrinkage=0.03


Tree=399
num_leaves=15
num_cat=1
split_feature=23 38 38 38 23 23 28 23 5 24 38 28 37 38
split_gain=0.202611 0.330822 0.45213 0.43904 0.439203 0.336467 0.322885 0.266732 0.244892 0.196276 0.179335 0.171678 0.170786 0.332065
threshold=148.50000000000003 1.6769124226956926 2.0155789709139418 1.5742260203858283 185.00000000000003 157.50000000000003 11.120601851851854 145.50000000000003 0.060650000000000003 131.82116666667164 1.3787221173244693 20.991348379629631 0 1.0015885658376089
decision_type=2 2 2 2 2 2 2 2 2 10 2 2 9 2
left_child=7 3 8 4 5 -2 -7 11 9 -3 -6 12 13 -1
right_child=1 2 -4 -5 10 6 -8 -9 -10 -11 -12 -13 -14 -15
leaf_value=0.0015611962377596155 -0.0011189873370013254 -0.0016283304804391313 0.00079266387935993923 0.0014545338481806124 -0.0020422786967549201 0.0017254019906236366 -0.00042828924423729135 0.0015285215046370048 -0.0022441501869346547 0.00021977562153029559 -0.00044675288533936944 0.00091324453696142878 -0.00010485770968705225 0.00012142364649751048
leaf_weight=152 102 106 105 158 132 165 101 111 178 101 122 200 4040 2799
leaf_count=152 102 106 105 158 132 165 101 111 178 101 122 200 4040 2799
internal_value=8.30636e-06 -0.000341422 -0.000952316 4.2345e-05 -0.000316378 0.000345917 0.000907647 6.91328e-05 -0.00142822 -0.000726598 -0.00127592 4.66057e-05 2.18127e-05 0.000194923
internal_weight=8572 1270 490 780 622 368 266 7302 385 207 254 7191 6991 2951
internal_count=8572 1270 490 780 622 368 266 7302 385 207 254 7191 6991 2951
cat_boundaries=0 1
cat_threshold=1011152532
is_linear=0
shrinkage=0.03


end of trees

feature_importances:
predicted_log=659
project_key=545
commitment_to_velocity_ratio=534
sprint_committed_points=500
description_length=369
history_sprints=301
mean_cycle_time_hours=289
sprint_length_days=283
velocity_variance=268
days_into_sprint=240
historical_spillover_rate=223
team_velocity_rolling=214
title_length=193
wip_at_commitment=182
issue_type=158
priority_level=92
ambiguity_score=91
reopen_rate=88
traceability_coverage_pct=67
linked_issue_count=63
in_progress_at_commitment=48
parallel_sprints=35
missing_info_flag_count=33
vague_term_count=26
description_has_code=18
unlinked_artifact_count=17
has_epic=13
invest_valuable=10
dep_in_degree=10
invest_independent=8
mentions_tests=5
has_linked_tests=5
added_mid_sprint=5
blocker_count=4
invest_testable=2
dep_out_degree=2

parameters:
[boosting: gbdt]
[objective: regression]
[metric: l2]
[tree_learner: serial]
[device_type: cpu]
[data_sample_strategy: bagging]
[data: ]
[valid: ]
[num_iterations: 400]
[learning_rate: 0.03]
[num_leaves: 15]
[num_threads: 16]
[seed: 42]
[deterministic: 0]
[force_col_wise: 0]
[force_row_wise: 0]
[histogram_pool_size: -1]
[max_depth: -1]
[min_data_in_leaf: 100]
[min_sum_hessian_in_leaf: 0.001]
[bagging_fraction: 0.8]
[pos_bagging_fraction: 1]
[neg_bagging_fraction: 1]
[bagging_freq: 1]
[bagging_seed: 400]
[bagging_by_query: 0]
[feature_fraction: 0.8]
[feature_fraction_bynode: 1]
[feature_fraction_seed: 30056]
[extra_trees: 0]
[extra_seed: 12879]
[early_stopping_round: 0]
[early_stopping_min_delta: 0]
[first_metric_only: 0]
[max_delta_step: 0]
[lambda_l1: 0]
[lambda_l2: 0]
[linear_lambda: 0]
[min_gain_to_split: 0]
[drop_rate: 0.1]
[max_drop: 50]
[skip_drop: 0.5]
[xgboost_dart_mode: 0]
[uniform_drop: 0]
[drop_seed: 17869]
[top_rate: 0.2]
[other_rate: 0.1]
[min_data_per_group: 100]
[max_cat_threshold: 32]
[cat_l2: 10]
[cat_smooth: 10]
[max_cat_to_onehot: 4]
[top_k: 20]
[monotone_constraints: ]
[monotone_constraints_method: basic]
[monotone_penalty: 0]
[feature_contri: ]
[forcedsplits_filename: ]
[refit_decay_rate: 0.9]
[cegb_tradeoff: 1]
[cegb_penalty_split: 0]
[cegb_penalty_feature_lazy: ]
[cegb_penalty_feature_coupled: ]
[path_smooth: 0]
[interaction_constraints: ]
[verbosity: -1]
[saved_feature_importance_type: 0]
[use_quantized_grad: 0]
[num_grad_quant_bins: 4]
[quant_train_renew_leaf: 0]
[stochastic_rounding: 1]
[linear_tree: 0]
[max_bin: 255]
[max_bin_by_feature: ]
[min_data_in_bin: 3]
[bin_construct_sample_cnt: 200000]
[data_random_seed: 175]
[is_enable_sparse: 1]
[enable_bundle: 1]
[use_missing: 1]
[zero_as_missing: 0]
[feature_pre_filter: 1]
[pre_partition: 0]
[two_round: 0]
[header: 0]
[label_column: ]
[weight_column: ]
[group_column: ]
[ignore_column: ]
[categorical_feature: 35,36,37]
[forcedbins_filename: ]
[precise_float_parser: 0]
[parser_config_file: ]
[objective_seed: 16083]
[num_class: 1]
[is_unbalance: 0]
[scale_pos_weight: 1]
[sigmoid: 1]
[boost_from_average: 1]
[reg_sqrt: 0]
[alpha: 0.9]
[fair_c: 1]
[poisson_max_delta_step: 0.7]
[tweedie_variance_power: 1.5]
[lambdarank_truncation_level: 30]
[lambdarank_norm: 1]
[label_gain: ]
[lambdarank_position_bias_regularization: 0]
[eval_at: ]
[multi_error_top_k: 1]
[auc_mu_weights: ]
[num_machines: 1]
[local_listen_port: 12400]
[time_out: 120]
[machine_list_filename: ]
[machines: ]
[gpu_platform_id: -1]
[gpu_device_id: -1]
[gpu_device_id_list: ]
[gpu_use_dp: 0]
[num_gpu: 1]

end of parameters

pandas_categorical:[["Bug", "Improvement", "New Feature", "Story", "Task"], ["high", "highest", "low", "lowest", "medium", "unknown"], ["ALOY", "APIKIT", "BE", "CLI", "CLOV", "COMPASS", "CONFCLOUD", "CONFSERVER", "CWD", "CXX", "DAEMON", "DM", "FAB", "FE", "INDY", "IS", "JAVA", "JRACLOUD", "JRASERVER", "JSWCLOUD", "JSWSERVER", "MDL", "MESOS", "MULE", "MXNET", "NEXUS", "STL", "TIDOC", "TIMOB", "TISTUD", "USERGRID", "XD"]]
