tree
version=v4
num_class=1
num_tree_per_iteration=1
label_index=0
max_feature_idx=38
objective=regression
feature_names=title_length description_length description_has_code user_story_format mentions_tests ambiguity_score vague_term_count missing_info_flag_count has_acceptance_criteria ac_completeness_score invest_independent invest_valuable invest_testable traceability_coverage_pct unlinked_artifact_count has_linked_tests has_epic linked_issue_count blocker_count dep_out_degree dep_in_degree team_velocity_rolling velocity_variance history_sprints mean_cycle_time_hours historical_spillover_rate reopen_rate sprint_length_days days_into_sprint parallel_sprints sprint_committed_points commitment_to_velocity_ratio wip_at_commitment in_progress_at_commitment added_mid_sprint issue_type priority_level project_key predicted_log
feature_infos=[1:41] [0:5310] [0:1] [0:1] [0:1] [0:1] [0:39] [0:3] [0:1] [0:1] [0:1] [0:1] [0:1] [0:1] [0:3] [0:1] [0:1] [0:16] [0:5] [0:8] [0:11] [0:2369] [0:9085228.3000000007] [4:362] [0:2125.1356666666734] [0:1] [0:0.26000000000000001] [1.1390509259259258:61.040497685185187] [0:58.908530092592592] [0:13] [0:744] [0:162] [0:46] [0:1] [0:1] -1:3:0:1:4:2 -1:4:5:2:0:1 -1:11:22:28:31:23:29:21:26:25:14:15:27:1:7:5:30:2:19:20:0:3:8:12:4:13:9:24:6:18:16:10 [0.69314718055994529:4.6151205168412597]
tree_sizes=1425 1520 1500 1505 1507 1518 1511 1510 1514 1499 1508 1530 1513 1511 1522 1515 1510 1501 1519 1505 1515 1535 1536 1512 1513 1525 1519 1515 1543 1506 1517 1523 1524 1534 1524 1518 1527 1511 1518 1522 1507 1540 1523 1524 1522 1527 1517 1518 1519 1543 1551 1528 1547 1514 1555 1522 1520 1534 1522 1537 1533 1545 1516 1540 1528 1532 1539 1517 1533 1527 1540 1523 1534 1534 1529 1537 1548 1544 1539 1531 1549 1537 1520 1522 1515 1532 1516 1552 1530 1551 1541 1552 1535 1526 1553 1516 1543 1534 1539 1517 1532 1552 1550 1532 1551 1529 1528 1546 1553 1552 1536 1532 1529 1538 1530 1545 1527 1541 1541 1538 1532 1512 1540 1549 1551 1544 1524 1549 1534 1533 1552 1534 1534 1548 1526 1534 1538 1535 1533 1535 1540 1560 1560 1540 1544 1521 1535 1533 1546 1549 1521 1524 1544 1569 1542 1538 1535 1558 1529 1536 1524 1552 1561 1544 1528 1550 1538 1529 1550 1539 1545 1533 1543 1524 1540 1519 1536 1563 1525 1538 1553 1531 1525 1546 1548 1524 1541 1553 1543 1554 1519 1548 1522 1543 1527 1528 1548 1518 1532 1555 1537 1544 1541 1532 1548 1538 1531 1533 1543 1555 1540 1537 1524 1537 1541 1547 1558 1540 1534 1530 1562 1548 1535 1551 1552 1548 1528 1534 1512 1556 1513 1549 1524 1538 1528 1550 1515 1544 1538 1526 1522 1517 1541 1554 1529 1555 1561 1513 1557 1529 1510 1541 1556 1543 1556 1540 1547 1538 1534 1551 1511 1537 1554 1542 1534 1555 1529 1545 1539 1543 1537 1545 1542 1560 1542 1541 1546 1507 1549 1523 1544 1535 1532 1517 1552 1564 1528 1532 1530 1543 1524 1552 1506 1522 1517 1550 1522 1528 1519 1528 1510 1538 1568 1540 1509 1540 1564 1534 1551 1549 1521 1544 1542 1522 1514 1544 1548 1518 1526 1539 1540 1547 1537 1534 1536 1545 1528 1540 1549 1540 1514 1532 1548 1535 1544 1548 1539 1544 1522 1513 1530 1531 1539 1538 1506 1543 1546 1553 1554 1549 1539 1547 1550 1536 1504 1544 1544 1522 1542 1505 1545 1555 1551 1548 1532 1541 1550 1523 1546 1538 1555 1525 1532 1536 1542 1542 1555 1528 1534 1548 1564 1535 1552 1538 1543 1554 1517 1531 1525 1558 1549 1548 1515 1547 1527 1552 1543 1546 1531 1551

Tree=0
num_leaves=15
num_cat=3
split_feature=24 29 31 35 38 38 35 36 24 1 24 31 32 32
split_gain=30.8178 16.0461 8.28183 6.84988 4.95996 3.91605 3.01802 2.48284 2.29808 2.09623 1.35212 1.28997 1.16247 1.13592
threshold=1.0000000180025095e-35 1.5000000000000002 0.1106014271151886 0 1.8409241378457162 1.4723210051369719 1 2 13.420333333333257 8.5000000000000018 260.24633333333367 1.0527308838133072 29.500000000000004 8.5000000000000018
decision_type=8 2 10 1 2 2 1 9 8 2 10 8 2 2
left_child=4 5 -3 9 -1 7 11 -2 -8 10 -4 -7 13 -11
right_child=1 2 3 -5 -6 6 8 -9 -10 12 -12 -13 -14 -15
leaf_value=0.38503590386528264 0.37835369491295096 0.38843255140244004 0.38129759529107088 0.37779051052935259 0.39339412251208317 0.37972819483814135 0.38312362814437201 0.37647438324643606 0.37922688962280809 0.37968001171282334 0.38493500405021996 0.37626042264991755 0.37851292885426463 0.38128947187277656
leaf_weight=119 1015 115 187 781 138 124 154 1828 1179 537 181 436 209 1489
leaf_count=119 1015 115 187 781 138 124 154 1828 1179 537 181 436 209 1489
internal_value=0.379294 0.378975 0.380515 0.380246 0.389524 0.377836 0.378893 0.377132 0.379674 0.380982 0.383087 0.377067 0.380643 0.380863
internal_weight=8492 8235 3499 3384 257 4736 1893 2843 1333 2603 368 560 2235 2026
internal_count=8492 8235 3499 3384 257 4736 1893 2843 1333 2603 368 560 2235 2026
cat_boundaries=0 1 2 3
cat_threshold=26 1 37
is_linear=0
shrinkage=1


Tree=1
num_leaves=15
num_cat=3
split_feature=37 37 38 38 37 1 38 24 25 38 21 38 32 28
split_gain=39.8126 16.9896 14.8786 9.88742 5.44687 4.57929 3.75669 1.63015 1.57287 1.54161 1.68456 1.07045 0.997915 0.932696
threshold=0 1 2.2758864836952273 1.9284054309867187 2 1.0000000180025095e-35 1.1278393911006763 260.24633333333367 0.63484848484848488 1.8943204502563533 35.500000000000007 0.87431041420967437 30.500000000000004 10.634131944444446
decision_type=9 9 2 2 9 2 2 10 8 2 2 2 2 2
left_child=1 3 4 -1 -2 7 -7 -3 12 11 -11 -6 13 -8
right_child=2 5 -4 -5 9 6 8 -9 -10 10 -12 -13 -14 -15
leaf_value=0.0047918779359368436 -0.00015820620186766696 0.0027589634049772506 0.0094176523448326263 0.016082321810362905 -0.0052483849329346749 -0.0013316681426949798 0.0014765977373924618 0.0072846834200395111 0.0048821630429952065 0.0016426571281533062 -0.0022960777432431503 -0.0027223393915431996 -0.0010083912089665808 0.0029410052319710171
leaf_weight=165 1066 126 104 121 159 395 2029 166 141 149 284 2994 123 485
leaf_count=165 1066 126 104 121 159 395 2029 166 141 149 284 2994 123 485
internal_value=2.00957e-05 0.00232764 -0.00180094 0.00924534 -0.00205562 0.00173169 0.00140585 0.0053318 0.00179509 -0.00261193 -0.000940716 -0.00284972 0.00163002 0.00175911
internal_weight=8507 3751 4756 286 4652 3465 3173 292 2778 3586 433 3153 2637 2514
internal_count=8507 3751 4756 286 4652 3465 3173 292 2778 3586 433 3153 2637 2514
cat_boundaries=0 1 2 3
cat_threshold=146279488 2097152 2164264986
is_linear=0
shrinkage=0.03


Tree=2
num_leaves=15
num_cat=4
split_feature=37 37 38 38 38 37 1 37 23 31 31 28 0 38
split_gain=40.7182 16.8259 10.6456 9.67304 4.15267 3.1311 2.93702 1.53742 1.08554 0.852652 1.13125 1.0473 1.24545 1.36859
threshold=0 1 2.2758864836952273 1.9806338863567723 1.1278393911006763 2 2.5000000000000004 3 73.500000000000014 2.4757543249946594 2.3685450375054251 3.0406018518518523 5.5000000000000009 1.5786809079209496
decision_type=9 9 2 2 2 9 2 9 2 10 8 2 2 2
left_child=1 3 5 -1 -3 -2 8 -7 -6 10 11 12 13 -8
right_child=2 4 -4 -5 6 7 9 -9 -10 -11 -12 -13 -14 -15
leaf_value=0.0052233493829956573 -0.00067281087198380258 -0.0010827542542206957 0.0076254023298354436 0.016533375960648512 0.0025959757630059791 -0.0036242636473086801 0.0058875114692022419 -0.0021481706835972079 0.0062612797627051202 0.0010213193000963804 0.0051838520554113475 0.0030327275838363671 0.00089269866613359288 0.0018123873661158008
leaf_weight=187 1054 435 103 107 119 950 103 2512 187 973 102 553 935 265
leaf_count=187 1054 435 103 107 119 950 103 2512 187 973 102 553 935 265
internal_value=5.60868e-06 0.00223229 -0.00190699 0.00903236 0.00166479 -0.00212862 0.00203916 -0.00256249 0.00483588 0.00174717 0.00210788 0.00193883 0.00147457 0.00295298
internal_weight=8585 3966 4619 294 3672 4516 3237 3462 306 2931 1958 1856 1303 368
internal_count=8585 3966 4619 294 3672 4516 3237 3462 306 2931 1958 1856 1303 368
cat_boundaries=0 1 2 3 4
cat_threshold=163056706 2097152 2147495964 637535104
is_linear=0
shrinkage=0.03


Tree=3
num_leaves=15
num_cat=3
split_feature=37 38 37 38 38 37 7 38 21 22 28 21 38 21
split_gain=34.6568 14.6793 14.3696 10.7143 5.07161 3.8093 2.67334 1.33823 1.24796 1.19837 1.13225 1.22199 1.12341 0.997992
threshold=0 2.3040562714157726 1 1.9284054309867187 1.1793387453695685 2 1.5000000000000002 1.8943204502563533 121.89166666666668 2441.6878750000001 10.562239583333335 73.783333333333346 0.87431041420967437 35.500000000000007
decision_type=9 2 9 2 2 9 2 2 2 2 2 2 2 2
left_child=2 5 3 -1 -4 -2 8 12 10 -8 -6 -12 -7 -9
right_child=1 -3 4 -5 6 7 9 13 -10 -11 11 -13 -14 -15
leaf_value=0.0037394090378656984 -0.0002692615900939285 0.0096643453574739406 -0.0010019568694418612 0.015410165029592932 0.0011843872570356467 -0.0050519652812983156 0.0056597550681522901 0.0012676260416416354 0.0035983198120861557 0.0020203963208853164 0.0051147229844896959 0.0018325632743830993 -0.0024878816032635753 -0.001808559906949262
leaf_weight=165 973 100 571 124 1877 162 249 137 292 121 145 345 3033 309
leaf_count=165 973 100 571 124 1877 162 249 137 292 121 145 345 3033 309
internal_value=2.43604e-05 -0.00170355 0.00211777 0.00845439 0.00158706 -0.00195363 0.00208036 -0.00239642 0.0017479 0.00446959 0.00151963 0.00280381 -0.00261789 -0.000863633
internal_weight=8603 4714 3889 289 3600 4614 3029 3641 2659 370 2367 490 3195 446
internal_count=8603 4714 3889 289 3600 4614 3029 3641 2659 370 2367 490 3195 446
cat_boundaries=0 1 2 3
cat_threshold=163060744 2097152 2147483730
is_linear=0
shrinkage=0.03


Tree=4
num_leaves=15
num_cat=4
split_feature=37 24 38 38 38 37 7 22 37 37 38 28 28 21
split_gain=32.4777 13.9916 8.91476 6.10472 4.4352 3.18299 2.71119 1.43055 1.31419 1.12944 1.53917 1.41072 1.0398 0.858576
threshold=0 1.0000000180025095e-35 2.2273705780388373 1.9284054309867187 1.2104923083039483 1 1.5000000000000002 1370.1740000000002 2 3 1.8834427244884664 0.53105902777777791 1.8198611111111114 61.583333333333336
decision_type=9 10 2 2 2 9 2 2 9 9 2 2 2 2
left_child=1 3 5 -1 -3 12 9 -8 -7 -6 11 -11 -2 -13
right_child=2 4 -4 -5 6 8 7 -9 -10 10 -12 13 -14 -15
leaf_value=0.005062386305257678 0.00039292292103606808 -0.00067424048411339748 0.0062238026040476267 0.014547663911627784 0.0039870010163764111 -0.0033939110364220957 0.0070578351597952883 0.0030703286133517606 -0.0019384185085225352 0.0011913598789593024 0.00015685037609893532 0.004554934670878163 -0.0015346622943422563 0.0023432114564535108
leaf_weight=150 636 624 127 103 192 763 133 207 2805 961 528 204 417 700
leaf_count=150 636 624 127 103 192 763 133 207 2805 961 528 204 417 700
internal_value=3.90714e-05 0.00210226 -0.00161408 0.00892398 0.00162188 -0.00183298 0.00211172 0.00463015 -0.00225828 0.00178048 0.00158018 0.00199161 -0.000366938 0.00284232
internal_weight=8550 3802 4748 253 3549 4621 2925 340 3568 2585 2393 1865 1053 904
internal_count=8550 3802 4748 253 3549 4621 2925 340 3568 2585 2393 1865 1053 904
cat_boundaries=0 1 2 3 4
cat_threshold=163056704 2147495946 637599744 136314880
is_linear=0
shrinkage=0.03


Tree=5
num_leaves=15
num_cat=3
split_feature=37 37 38 38 38 37 25 38 23 38 38 32 25 23
split_gain=32.0108 12.6641 10.4033 9.7517 3.99071 2.94171 1.96721 1.26855 1.16233 1.07791 1.05578 1.18272 0.96686 0.933585
threshold=0 1 1.9714455960607926 2.2758864836952273 1.1793387453695685 2 0.22290322580645164 2.0458998441108394 19.500000000000004 0.89787769484481605 1.8883952574813831 1.5000000000000002 0.63484848484848488 15.500000000000002
decision_type=9 9 2 2 2 9 10 2 2 2 2 2 10 2
left_child=1 2 -1 5 -3 9 8 -8 13 -2 11 -6 -13 -7
right_child=3 4 -4 -5 10 6 7 -9 -10 -11 -12 12 -14 -15
leaf_value=0.0040120492767354056 -0.006153435693445182 -0.00075585666618575777 0.015994898600430033 0.0072564122830104149 0.0043066621035645122 -0.00020453383529716771 -0.0019195383389344785 0.00099217238540852989 -0.00094447398285718901 -0.0029193868104100055 0.000864051606763989 0.0018612132307001829 0.0046549808835784382 0.003581378051270049
leaf_weight=184 101 592 101 107 224 112 2607 142 354 1136 646 2020 118 123
leaf_count=184 101 592 101 107 224 112 2607 142 354 1136 646 2020 118 123
internal_value=-2.37576e-05 0.00198666 0.00797865 -0.00169258 0.00149151 -0.00190558 -0.00142774 -0.00176913 0.000141355 -0.00315792 0.00193877 0.0022327 0.00201541 0.00177703
internal_weight=8567 3885 285 4682 3600 4575 3338 2749 589 1237 3008 2362 2138 235
internal_count=8567 3885 285 4682 3600 4575 3338 2749 589 1237 3008 2362 2138 235
cat_boundaries=0 1 2 3
cat_threshold=163060800 2097152 1711375136
is_linear=0
shrinkage=0.03


Tree=6
num_leaves=15
num_cat=3
split_feature=37 24 31 38 1 38 37 30 38 37 38 25 22 38
split_gain=30.8996 14.4119 10.5022 6.25306 3.91573 2.82388 2.7844 1.78213 1.82523 1.77295 1.47173 1.55101 1.29184 1.27804
threshold=0 1.0000000180025095e-35 0.1799720450492425 1.7703109813261113 1.0000000180025095e-35 1.1278393911006763 1 53.500000000000007 1.6134496801343488 2 1.6178155049241261 0.52250000000000008 1725.48125 2.0146646641999708
decision_type=9 10 8 2 2 2 9 2 2 9 2 8 2 2
left_child=1 3 -2 -1 12 -6 -4 8 9 -7 11 -9 -3 -8
right_child=2 4 6 -5 5 7 13 10 -10 -11 -12 -13 -14 -15
leaf_value=0.0031284665440209206 0.0076429876770675448 0.0067693452449975079 -0.00053764429364300227 0.012787778276067816 -0.001036954097995834 -0.0011811492666346588 -0.0024277438991716816 0.0014486656793359725 0.0054840680420089058 0.0039045992597225758 0.00049771895616289926 0.0040863355269017384 0.0027081556265721491 -0.00039480195461665506
leaf_weight=100 108 154 1173 152 427 113 3181 1000 197 121 1170 251 130 305
leaf_count=100 108 154 1173 152 427 113 3181 1000 197 121 1170 251 130 305
internal_value=6.75135e-06 0.0020161 -0.00160219 0.00895472 0.00153102 0.00123833 -0.00181994 0.00157898 0.00335634 0.00156505 0.00126256 0.00197789 0.00491035 -0.00224344
internal_weight=8582 3815 4767 252 3563 3279 4659 2852 431 234 2421 1251 284 3486
internal_count=8582 3815 4767 252 3563 3279 4659 2852 431 234 2421 1251 284 3486
cat_boundaries=0 1 2 3
cat_threshold=146279488 2164273182 135790592
is_linear=0
shrinkage=0.03


Tree=7
num_leaves=15
num_cat=4
split_feature=37 37 38 38 38 7 37 25 21 31 38 21 38 37
split_gain=27.4005 14.5027 11.2365 9.06967 3.98339 2.55711 2.50362 2.0005 1.27438 1.11509 1.11015 1.00012 0.968186 0.899546
threshold=0 1 1.9484141776421307 2.2758864836952273 1.2104923083039483 1.5000000000000002 2 0.24195121951219514 114.03333333333335 7.1358333333333341 1.8943204502563533 35.500000000000007 0.88724130626536934 3
decision_type=9 9 2 2 2 2 9 10 2 10 2 2 2 9
left_child=1 2 -1 6 -3 8 12 -8 9 13 -9 -12 -2 -6
right_child=3 4 -4 -5 5 -7 7 10 -10 -11 11 -13 -14 -15
leaf_value=0.00368257538020511 -0.005984798914909658 -0.00082429166414096304 0.015983058408255112 0.0069884712207648487 0.0034486598477815275 0.0042499024679432847 -9.3451312430233293e-05 -0.0020299984778378022 0.0028872345414512031 0.0040761332123263466 0.0022874654076226494 -0.0012721966354486843 -0.0028792938157778053 0.00082330719324927759
leaf_weight=168 101 660 111 108 118 328 783 2460 456 111 102 234 857 1985
leaf_count=168 101 660 111 108 118 328 783 2460 456 111 102 234 857 1985
internal_value=-4.11235e-05 0.00179774 0.00827956 -0.00160013 0.00128214 0.00175014 -0.0018081 -0.00142974 0.00144305 0.00114561 -0.00180907 -0.000191585 -0.00317357 0.00099093
internal_weight=8582 3937 279 4645 3658 2998 4537 3579 2670 2214 2796 336 958 2103
internal_count=8582 3937 279 4645 3658 2998 4537 3579 2670 2214 2796 336 958 2103
cat_boundaries=0 1 2 3 4
cat_threshold=163059800 2097152 1711342336 134217728
is_linear=0
shrinkage=0.03


Tree=8
num_leaves=15
num_cat=3
split_feature=37 37 38 38 1 38 37 24 27 38 27 24 27 38
split_gain=28.8349 13.4328 10.8027 6.69166 3.216 2.63771 2.32508 2.0922 1.0575 1.02043 0.940989 0.84233 1.22708 0.80536
threshold=0 1 2.2758864836952273 1.9284054309867187 1.0000000180025095e-35 1.1278393911006763 2 275.2264999999968 27.999803240740743 1.8943204502563533 13.999311342592593 116.65266666666663 14.124722222222223 0.87431041420967437
decision_type=9 9 2 2 2 2 9 10 2 2 2 10 2 2
left_child=1 3 6 -1 7 -6 11 -3 -7 13 -11 12 -2 -8
right_child=2 4 -4 -5 5 8 9 -9 -10 10 -12 -13 -14 -15
leaf_value=0.0045001645335861077 -0.00084846905756749279 0.0021221424471254326 0.0080000001382387175 0.013675508740635141 -0.0011406116694608988 0.0010006017316912346 -0.0044077535291676814 0.0069618016589083707 0.0021851358347429596 -0.0028480495323841698 0.00014806373840161035 -0.0017686749067182131 0.0018013752378082198 -0.0022165109326288709
leaf_weight=175 433 182 104 121 402 1772 159 144 1099 137 303 312 247 2984
leaf_count=175 433 182 104 121 402 1772 159 144 1099 137 303 312 247 2984
internal_value=2.8517e-05 0.00193265 -0.00155737 0.00798126 0.00141445 0.00113535 -0.00177803 0.00425991 0.00145403 -0.00213198 -0.000784817 -0.000473327 0.000114048 -0.00232736
internal_weight=8574 3895 4679 296 3599 3273 4575 326 2871 3583 440 992 680 3143
internal_count=8574 3895 4679 296 3599 3273 4575 326 2871 3583 440 992 680 3143
cat_boundaries=0 1 2 3
cat_threshold=163060808 2098176 2147491858
is_linear=0
shrinkage=0.03


Tree=9
num_leaves=15
num_cat=4
split_feature=37 37 38 38 1 37 38 22 37 38 1 28 23 24
split_gain=25.9332 11.6773 10.8924 6.3765 2.99616 2.53 2.48123 1.71259 1.29559 1.23973 0.992362 0.692823 0.793262 1.09989
threshold=0 1 2.2758864836952273 1.9284054309867187 1.0000000180025095e-35 2 1.2104923083039483 1725.48125 3 1.7249225129664658 101.50000000000001 7.5324016203703712 57.500000000000007 71.978666666666115
decision_type=9 9 2 2 2 9 2 2 9 2 2 2 2 10
left_child=1 3 5 -1 7 10 -6 -3 -7 -8 -2 12 -11 -14
right_child=2 4 -4 -5 6 8 9 -9 -10 11 -12 -13 13 -15
leaf_value=0.0040370619761286282 -0.00069284641514100881 0.0064593296613123631 0.0080894679852894363 0.013092441592550227 -0.00061290780028851687 -0.0031580931257409817 0.0020344295975499686 0.0017603331464837767 -0.0017418588501658533 0.0027906958228233482 0.0024295810489260617 0.0028262089887284669 -0.0017417114506190969 0.00077288729312659178
leaf_weight=166 985 155 105 121 605 796 1610 127 2753 109 101 120 219 549
leaf_count=166 985 155 105 121 605 796 1610 127 2753 109 101 120 219 549
internal_value=1.45615e-05 0.00186492 -0.00146228 0.00759036 0.00137431 -0.00168182 0.00111794 0.00434311 -0.00206748 0.00151962 -0.000398783 0.000688276 0.000395742 5.58337e-05
internal_weight=8521 3781 4740 287 3494 4635 3212 282 3549 2607 1086 997 877 768
internal_count=8521 3781 4740 287 3494 4635 3212 282 3549 2607 1086 997 877 768
cat_boundaries=0 1 2 3 4
cat_threshold=146279488 2097152 2164273178 637534720
is_linear=0
shrinkage=0.03


Tree=10
num_leaves=15
num_cat=4
split_feature=37 37 38 38 25 37 38 7 22 37 5 2 24 38
split_gain=26.9851 11.859 5.3821 4.95381 3.07668 2.93798 2.66554 2.16947 1.38656 1.21107 0.821382 0.788635 0.746476 0.743719
threshold=0 1 2.2758864836952273 1.9896537308807056 0.43223443223443231 2 1.1647487191563604 1.5000000000000002 2441.6878750000001 3 0.13810000000000003 1.0000000180025095e-35 260.24633333333367 1.8883952574813831
decision_type=9 9 2 2 10 9 2 2 2 9 2 2 10 2
left_child=1 3 5 4 -1 -2 10 13 12 -7 -3 -11 -9 -8
right_child=2 6 -4 -5 -6 9 7 8 -10 11 -12 -13 -14 -15
leaf_value=0.008599580108420924 -0.00014429026774818256 0.00033396809365383108 0.0053236798811611714 0.012910080928292853 0.0012311157308217576 -0.0029598546667896773 0.0016676161762655618 0.0034644237623091181 0.0010390887160818757 -0.0013852912776863703 -0.0020829976135410375 -0.0025784639925321533 0.0066437039931770414 0.00044260483917484114
leaf_weight=102 911 336 101 106 102 1021 2147 136 112 1876 203 679 130 563
leaf_count=102 911 336 101 106 102 1021 2147 136 112 1876 203 679 130 563
internal_value=4.04634e-05 0.00185998 -0.00152162 0.00741 0.00491535 -0.00167909 0.00136655 0.0017101 0.00383921 -0.00206391 -0.000576318 -0.00169574 0.00501821 0.00141312
internal_weight=8525 3937 4588 310 204 4487 3627 3088 378 3576 539 2555 266 2710
internal_count=8525 3937 4588 310 204 4487 3627 3088 378 3576 539 2555 266 2710
cat_boundaries=0 1 2 3 4
cat_threshold=163060824 2098176 2147483650 637633024
is_linear=0
shrinkage=0.03


Tree=11
num_leaves=15
num_cat=2
split_feature=38 36 24 35 27 38 2 1 25 21 25 26 31 38
split_gain=15.213 9.62014 6.76704 3.34974 2.36568 1.73668 1.751 1.70254 1.70182 1.49979 1.17759 0.967303 0.950778 0.943684
threshold=2.3859345902999922 0 1.0000000180025095e-35 1 27.999803240740743 1.447349696316327 1.0000000180025095e-35 8.5000000000000018 0.22290322580645164 114.03333333333335 0.59003601440576248 0.1012820512820513 6.3930205949656758 1.2056994524678901
decision_type=2 9 8 1 2 2 2 2 10 2 10 10 10 2
left_child=1 2 -1 8 13 -3 11 -6 -4 10 -9 12 -7 -5
right_child=-2 5 3 4 7 6 -8 9 -10 -11 -12 -13 -14 -15
leaf_value=0.0061904987411505966 0.011318045137088421 -0.0019771202451568225 0.0020777991897401597 -0.00084819941032812792 0.0044577028984872759 -0.00028209574054319036 -0.0024149750743920262 0.00010352707568331268 -0.0019203835276294734 0.0031336572984135692 0.0031287078667347405 -0.0026407720082447508 0.0026365733560588622 0.00060747661165837642
leaf_weight=193 103 1949 112 535 195 1437 444 609 663 319 143 145 108 1598
leaf_count=193 103 1949 112 535 195 1437 444 609 663 319 143 145 108 1598
internal_value=-0.000141806 -0.000281494 0.000696954 0.00044461 0.000849605 -0.00132646 -0.000738417 0.00187942 -0.00132548 0.00140998 0.000678794 -0.000297949 -7.80723e-05 0.000242363
internal_weight=8553 8450 4367 4174 3399 4083 2134 1266 775 1071 752 1690 1545 2133
internal_count=8553 8450 4367 4174 3399 4083 2134 1266 775 1071 752 1690 1545 2133
cat_boundaries=0 1 2
cat_threshold=38 1
is_linear=0
shrinkage=0.03


Tree=12
num_leaves=15
num_cat=4
split_feature=37 37 38 22 1 38 37 26 31 31 38 38 22 37
split_gain=20.959 10.7479 6.66507 6.52187 2.73246 2.10153 1.81806 1.6559 1.21144 1.00574 0.910429 0.869501 0.774123 0.765291
threshold=0 1 1.9984360442806604 10353.798000000001 1.0000000180025095e-35 1.1278393911006763 2 1.0000000180025095e-35 7.1358333333333341 2.4757543249946594 1.7249225129664658 0.87431041420967437 1725.48125 3
decision_type=9 9 2 2 2 2 9 10 8 10 2 2 2 9
left_child=1 2 -1 6 7 -6 11 -3 9 12 -11 -2 -7 -13
right_child=3 4 -4 -5 5 8 -8 -9 -10 10 -12 13 -14 -15
leaf_value=0.004034276766998933 -0.0041802823522578405 0.0064635486259951268 0.013602817756310105 0.005810781427268946 -0.0011477819433060416 0.00092922380087754784 -0.00064103333321944634 0.0019178576494084188 0.0042820987917948508 0.00086621679527401597 -0.0012787622278610372 -0.0033103183577105947 0.0021530656041120113 -0.0016624769809618844
leaf_weight=190 151 130 100 111 392 1089 1413 162 110 575 258 301 812 2664
leaf_count=190 151 130 100 111 392 1089 1413 162 110 575 258 301 812 2664
internal_value=-1.72821e-05 0.00162675 0.00708931 -0.00137062 0.00115897 0.000911455 -0.00154965 0.00394162 0.00119529 0.00107109 0.000201866 -0.00195336 0.00145198 -0.00184653
internal_weight=8458 3818 290 4640 3528 3236 4529 292 2844 2734 833 3116 1901 2965
internal_count=8458 3818 290 4640 3528 3236 4529 292 2844 2734 833 3116 1901 2965
cat_boundaries=0 1 2 3 4
cat_threshold=146278466 2097152 910263200 536870912
is_linear=0
shrinkage=0.03


Tree=13
num_leaves=15
num_cat=4
split_feature=37 37 38 38 37 1 38 38 37 25 23 38 22 24
split_gain=19.4018 10.4428 5.16807 5.15118 2.95056 2.52422 1.96211 1.32643 1.35725 1.31337 1.23332 1.19199 1.0933 0.999609
threshold=0 1 1.8409241378457162 2.2273705780388373 2 1.0000000180025095e-35 1.1793387453695685 1.7315725214194628 3 0.22290322580645164 130.50000000000003 0.87431041420967437 2215.5500000000002 107.82050000000076
decision_type=9 9 2 2 9 2 2 2 9 10 2 2 2 10
left_child=1 2 -1 4 11 10 -7 -8 12 13 -3 -2 -9 -6
right_child=3 5 -4 -5 9 6 7 8 -10 -11 -12 -13 -14 -15
leaf_value=0.0029505115444446307 -0.0045504916156936855 0.0022529342485072671 0.0108341750211029 0.0047021813553571696 0.0016027742029921053 -0.00084604889361844992 0.0016791085810273817 -0.00092083078471998548 0.0034246184896827409 -0.0010719463632661486 0.0062724304436282676 -0.0018751249280891697 0.001207267569322236 -0.0010324018345805202
leaf_weight=143 158 183 157 125 390 514 1727 548 102 974 110 2917 360 194
leaf_count=143 158 183 157 125 390 514 1727 548 102 974 110 2917 360 194
internal_value=-2.51769e-05 0.00155777 0.00684803 -0.00130458 -0.00146946 0.00109194 0.000854663 0.00117405 0.000310454 -0.000394949 0.00376196 -0.00200607 -7.62516e-05 0.00072739
internal_weight=8602 3844 300 4758 4633 3544 3251 2737 1010 1558 293 3075 908 584
internal_count=8602 3844 300 4758 4633 3544 3251 2737 1010 1558 293 3075 908 584
cat_boundaries=0 1 2 3 4
cat_threshold=146282560 2097152 910263200 8390656
is_linear=0
shrinkage=0.03


Tree=14
num_leaves=15
num_cat=1
split_feature=38 27 24 38 27 2 29 36 21 38 27 24 1 30
split_gain=15.4472 10.8004 5.803 3.99548 1.76086 1.41835 1.67747 1.33817 1.1898 1.14345 1.35612 1.12228 0.99004 1.14652
threshold=2.3859345902999922 13.999994212962966 1.0000000180025095e-35 1.2056994524678901 29.165914351851857 1.0000000180025095e-35 1.5000000000000002 0 30.166666666666668 1.4774399183061089 10.891996527777779 393.43833333332799 10.500000000000002 289.02500000000003
decision_type=2 2 8 2 2 2 2 9 2 2 2 10 2 2
left_child=1 5 -3 7 8 6 9 -4 -5 11 -11 -1 -6 -14
right_child=-2 2 3 4 12 -7 -8 -9 -10 10 -12 -13 13 -15
leaf_value=-0.0017459600206854472 0.011277643980768819 0.0062186869607853985 -0.003858100432924574 0.0034323687020128553 0.0046596981699216613 -0.0021444446658830454 0.00044063418545102451 -0.00048289720980153577 0.00061373749013063437 0.0020571396906175214 -0.00080934688792699957 0.0015171635432168842 0.0015195573308955492 0.004976957681136999
leaf_weight=1845 108 189 117 147 157 892 766 691 1622 172 1089 100 594 101
leaf_count=1845 108 189 117 147 157 892 766 691 1622 172 1089 100 594 101
internal_value=3.40873e-06 -0.000140144 0.00110109 0.000819018 0.0013876 -0.00106341 -0.000820646 -0.00102536 0.00084796 -0.001122 -0.000418359 -0.00157819 0.00250805 0.002022
internal_weight=8590 8482 3618 3429 2621 4864 3972 808 1769 3206 1261 1945 852 695
internal_count=8590 8482 3618 3429 2621 4864 3972 808 1769 3206 1261 1945 852 695
cat_boundaries=0 1
cat_threshold=16
is_linear=0
shrinkage=0.03


Tree=15
num_leaves=15
num_cat=3
split_feature=37 37 38 38 37 1 0 24 38 25 28 25 31 21
split_gain=20.2416 8.2874 6.48334 6.00162 2.24252 1.82973 1.39835 1.2663 1.23012 1.16269 1.08037 1.05416 0.981881 0.922445
threshold=0 1 2.2758864836952273 1.9714455960607926 2 2.5000000000000004 6.5000000000000009 260.24633333333367 1.1050971718481353 0.22290322580645164 1.0000000180025095e-35 0.43223443223443231 1.548166151126823 84.950000000000003
decision_type=9 9 2 2 9 2 2 10 2 10 2 10 10 2
left_child=1 3 4 6 9 7 -1 -3 -7 -2 13 -12 -8 -10
right_child=2 5 -4 -5 -6 8 12 -9 10 -11 11 -13 -14 -15
leaf_value=0.0064411099296579552 0.00016131340786820731 0.0014517010181602202 0.0060578442162701057 0.011374599827485609 -0.002543123483667128 -0.00081108800721487633 0.0002482627074089672 0.0052125566252567744 -0.00013443013057843839 -0.0013188232228269179 0.0029948229937017861 0.0011298082554330002 0.0040807014282234011 0.0013371326124494466
leaf_weight=101 578 169 105 116 1290 347 116 154 820 2751 407 827 125 720
leaf_count=101 578 169 105 116 1290 347 116 154 820 2751 407 827 125 720
internal_value=8.86068e-06 0.00160564 -0.0013107 0.00536088 -0.00148104 0.00109217 0.00347789 0.0032448 0.000872893 -0.00105865 0.00108354 0.00174493 0.00223604 0.000553573
internal_weight=8626 3902 4724 458 4619 3444 342 323 3121 3329 2774 1234 241 1540
internal_count=8626 3902 4724 458 4619 3444 342 323 3121 3329 2774 1234 241 1540
cat_boundaries=0 1 2 3
cat_threshold=163060800 136315904 3493879839
is_linear=0
shrinkage=0.03


Tree=16
num_leaves=15
num_cat=4
split_feature=37 37 31 38 25 38 37 38 1 21 25 22 24 37
split_gain=18.8657 8.16065 7.26012 5.92358 3.06728 2.87598 1.82541 1.11493 1.61613 1.42739 1.02846 1.41248 1.37802 0.844518
threshold=0 1 0.19843228538575877 1.9984360442806604 0.43223443223443231 1.2056994524678901 2 1.9347492405578874 7.5000000000000009 79.533333333333346 0.22290322580645164 6785.2500000000009 120.45833333333286 3
decision_type=9 9 8 2 10 2 9 2 2 2 10 2 10 9
left_child=1 3 -2 4 -1 -3 10 8 9 -7 11 12 -4 -8
right_child=2 5 6 -5 -6 7 13 -9 -10 -11 -12 -13 -14 -15
leaf_value=0.0069974530278705061 0.0062153344012843038 -0.00067217987933274439 0.0031446772291501227 0.012169653728850326 -0.00032706130065489558 0.0063838519193977119 -0.0014459184725162369 0.00030545326362053243 0.0015762783778902815 0.0021447769085832027 -0.0011427376935504528 -0.00125438001075733 -0.00092495877347501248 -0.0025476428959648571
leaf_weight=106 116 608 222 106 100 125 2406 496 2083 167 812 237 113 931
leaf_count=106 116 608 222 106 100 125 2406 496 2083 167 812 237 113 931
internal_value=4.40529e-05 0.00162625 -0.00119688 0.0062081 0.00344186 0.00119873 -0.00138154 0.00159911 0.00186928 0.00395945 -0.00045308 0.000518024 0.00177193 -0.00175999
internal_weight=8628 3791 4837 312 206 3479 4721 2871 2375 292 1384 572 335 3337
internal_count=8628 3791 4837 312 206 3479 4721 2871 2375 292 1384 572 335 3337
cat_boundaries=0 1 2 3 4
cat_threshold=146279424 2098176 2164289614 1346404657
is_linear=0
shrinkage=0.03


Tree=17
num_leaves=15
num_cat=4
split_feature=37 31 37 38 25 37 38 7 38 22 37 25 38 21
split_gain=18.5553 8.99279 8.16621 4.86143 3.15377 1.84394 1.78957 2.01549 1.45108 1.42947 1.23252 1.16107 0.99079 1.54013
threshold=0 0.1799720450492425 1 1.9984360442806604 0.43223443223443231 2 1.2104923083039483 1.5000000000000002 1.7249225129664658 1370.1740000000002 3 0.22290322580645164 1.8943204502563533 35.500000000000007
decision_type=9 8 9 2 10 9 2 2 2 2 9 8 2 2
left_child=2 -2 3 4 -1 -3 -4 8 -8 -9 -10 -7 -13 -14
right_child=1 5 6 -5 -6 11 7 9 10 -11 -12 12 13 -15
leaf_value=0.0074525094070636176 0.0076910612869323814 -0.0027105934045888462 -0.00027974577705636844 0.011651338903499502 1.0425891462731565e-05 7.7242192634787655e-05 0.0017583826267164343 0.0059060258245638882 -9.8190354925447383e-05 0.0020647275075474461 0.0032322190443375269 -0.0015630431310029668 0.0022295119590125976 -0.0014111951810042188
leaf_weight=102 100 801 620 105 103 612 1580 144 871 221 103 2737 168 277
leaf_count=102 100 801 620 105 103 612 1580 144 871 221 103 2737 168 277
internal_value=5.83597e-05 -0.00120644 0.00160014 0.00620194 0.00371332 -0.0014027 0.0011807 0.00149495 0.00119694 0.0035802 0.000286176 -0.00111649 -0.00134959 -3.6726e-05
internal_weight=8544 4695 3849 310 205 4595 3539 2919 2554 365 974 3794 3182 445
internal_count=8544 4695 3849 310 205 4595 3539 2919 2554 365 974 3794 3182 445
cat_boundaries=0 1 2 3 4
cat_threshold=163060736 2098176 637796864 8390656
is_linear=0
shrinkage=0.03


Tree=18
num_leaves=15
num_cat=3
split_feature=38 37 24 38 1 21 38 37 37 38 0 30 25 24
split_gain=17.0456 14.8511 3.71997 2.19441 2.09957 1.97758 1.95724 1.14458 1.06468 1.28517 1.21695 1.16665 1.06725 1.05252
threshold=2.3859345902999922 0 1.0000000180025095e-35 1.2056994524678901 7.5000000000000009 121.26666666666668 1.7746736512878767 1 2 1.7147496172992098 8.5000000000000018 55.500000000000007 0.43223443223443231 64.411999999999395
decision_type=2 9 10 2 2 2 2 9 9 2 2 2 10 10
left_child=1 2 6 -4 5 13 -1 -3 9 11 12 -6 -10 -5
right_child=-2 7 3 4 8 -7 -8 -9 10 -11 -12 -13 -14 -15
leaf_value=0.0015373941539204678 0.012206205905565771 -0.0023646463702375925 -0.00048073106695613077 0.0016501939566268655 0.0038592330030231018 -0.00030274961728743519 0.0070925412962663499 -0.0011805061747479589 0.003204417747972337 -0.0012897168425018127 0.00020102675945681147 0.00037117121339905971 0.0012884944260823841 0.0052544377171782758
leaf_weight=100 102 1046 924 104 101 119 133 2794 361 381 618 593 951 244
leaf_count=100 102 1046 924 104 101 119 133 2794 361 381 618 593 951 244
internal_value=1.55463e-05 -0.000131277 0.00101216 0.000818556 0.00116433 0.00303571 0.00470836 -0.00150837 0.000873508 0.000109221 0.00129195 0.0008788 0.00181567 0.00417731
internal_weight=8571 8469 4629 4396 3472 467 233 3840 3005 1075 1930 694 1312 348
internal_count=8571 8469 4629 4396 3472 467 233 3840 3005 1075 1930 694 1312 348
cat_boundaries=0 1 2 3
cat_threshold=2310539336 637633280 2155872256
is_linear=0
shrinkage=0.03


Tree=19
num_leaves=15
num_cat=0
split_feature=38 27 24 38 38 1 24 32 7 22 31 31 32 28
split_gain=18.535 7.16727 4.41064 2.39312 1.41905 1.89601 1.58757 1.56885 1.04721 3.1104 0.783809 0.843146 0.758636 0.706781
threshold=2.3859345902999922 13.999994212962966 1.0000000180025095e-35 1.0056692592186585 1.4234552019505846 18.500000000000004 215.06666666666862 6.5000000000000009 1.5000000000000002 1745.6500000000003 2.5201640784751711 1.4083069847657375 12.500000000000002 20.991348379629631
decision_type=2 2 8 2 2 2 10 2 2 2 10 10 2 2
left_child=1 4 -3 -4 -1 7 -7 10 13 -10 11 -6 -11 -5
right_child=-2 2 3 8 5 6 -8 -9 9 12 -12 -13 -14 -15
leaf_value=-0.0014841189627560047 0.012629590455162366 0.0054337729438853196 -0.0020702280484002069 0.00047370381677772663 0.0014568458656715447 -0.001131798373678017 0.0021575280725808395 -0.00104787258303838 0.0053706227902311984 -0.0018257206005031226 -0.00021254742820747197 0.00463091773166905 0.0015791366047951043 0.0021504673828982401
leaf_weight=2215 103 179 277 2476 172 1886 142 221 169 107 100 134 131 249
leaf_count=2215 103 179 277 2476 172 1886 142 221 169 107 100 134 131 249
internal_value=-1.98217e-05 -0.000173864 0.000843562 0.000602539 -0.000923458 -0.000455713 -0.000901481 0.000986102 0.000838923 0.00225835 0.00209327 0.0028468 4.83815e-05 0.00062692
internal_weight=8561 8458 3588 3409 4870 2655 2028 627 3132 407 406 306 238 2725
internal_count=8561 8458 3588 3409 4870 2655 2028 627 3132 407 406 306 238 2725
is_linear=0
shrinkage=0.03


Tree=20
num_leaves=15
num_cat=4
split_feature=37 37 25 21 37 1 33 21 25 23 30 0 1 37
split_gain=12.9753 6.00975 5.27558 2.32656 1.89062 1.84381 1.23942 0.929644 0.799351 0.909778 0.677337 1.04877 1.57 1.24245
threshold=0 1 0.34891304347826091 184.77500000000001 2 1.0000000180025095e-35 1.0000000180025095e-35 103.63333333333334 0.22290322580645164 19.500000000000004 228.05000000000004 6.5000000000000009 47.500000000000007 3
decision_type=9 9 10 2 9 2 2 2 10 2 2 2 2 9
left_child=1 2 -1 4 8 7 10 -3 9 -2 11 12 13 -7
right_child=3 5 -4 -5 -6 6 -8 -9 -10 -11 -12 -13 -14 -15
leaf_value=0.010552609832911434 0.0020813396009549756 0.0043828102673503198 0.0023648255349156813 0.0028031813112679893 -0.0015214861182383309 0.0037697889146146475 0.0020028910979052778 0.00088774541392922402 -0.00086356819529867577 -0.00038730455890328454 -0.00019740312620576187 0.00018214231543454168 -0.0005268336233915762 0.0005282858254386768
leaf_weight=114 244 197 187 136 3507 301 555 105 605 299 950 992 200 183
leaf_count=114 244 197 187 136 3507 301 555 105 605 299 950 992 200 183
internal_value=-2.61982e-05 0.00128508 0.0052901 -0.00106233 -0.00117755 0.000924815 0.000714792 0.00316764 -0.000112622 0.000721994 0.000442555 0.0008053 0.00170906 0.00263298
internal_weight=8575 3784 301 4791 4655 3483 3181 302 1148 543 2626 1676 684 484
internal_count=8575 3784 301 4791 4655 3483 3181 302 1148 543 2626 1676 684 484
cat_boundaries=0 1 2 3 4
cat_threshold=162536512 2098176 3221757978 134219776
is_linear=0
shrinkage=0.03


Tree=21
num_leaves=15
num_cat=3
split_feature=37 24 22 38 37 1 25 37 38 24 38 23 28 25
split_gain=12.5291 5.59719 5.09492 2.93963 1.72442 1.45093 1.17091 1.06087 1.13409 0.873204 0.798944 0.782569 0.697335 1.26771
threshold=0 1.0000000180025095e-35 10353.798000000001 1.9284054309867187 1 1.0000000180025095e-35 0.22290322580645164 2 1.1050971718481353 269.62383333333656 0.87431041420967437 19.500000000000004 3.0048437500000005 0.40833333333333338
decision_type=9 10 2 2 9 2 10 9 2 10 2 2 2 8
left_child=1 3 4 -1 6 9 11 -7 -9 -3 -6 -2 -10 -14
right_child=2 5 -4 -5 10 7 -8 8 12 -11 -12 -13 13 -15
leaf_value=0.0028915254092298829 0.0021712048381205247 0.001357240000107482 0.0050524077782756653 0.0094647281778325303 -0.0035479029853226298 0.0029997572876116047 -0.0011447601868215225 -0.0010455126452008148 0.00044470457007325702 0.0047506053062427184 -0.0014065714062312126 -0.00021736643021237493 0.0030700796268682113 0.00079312188437889643
leaf_weight=151 242 137 120 103 164 173 465 323 1664 136 3580 252 303 804
leaf_count=151 242 137 120 103 164 173 465 323 1664 136 3580 252 303 804
internal_value=-3.59861e-05 0.00125201 -0.00104961 0.00555704 -0.00120754 0.000946659 -6.36308e-05 0.000771089 0.000634727 0.00304771 -0.00149637 0.000952743 0.000832874 0.00141635
internal_weight=8617 3794 4823 254 4703 3540 959 3267 3094 273 3744 494 2771 1107
internal_count=8617 3794 4823 254 4703 3540 959 3267 3094 273 3744 494 2771 1107
cat_boundaries=0 1 2 3
cat_threshold=145759296 2164785154 134218752
is_linear=0
shrinkage=0.03


Tree=22
num_leaves=15
num_cat=1
split_feature=21 24 35 25 23 24 24 32 32 32 30 22 25 31
split_gain=10.3462 9.46623 4.94531 2.39607 2.09521 1.32271 1.21109 1.17743 0.982947 1.40071 0.913492 0.931303 0.802774 1.8652
threshold=226.47500000000005 1.0000000180025095e-35 0 0.24195121951219514 31.500000000000004 77.847333333332799 391.04433333333003 2.5000000000000004 11.500000000000002 28.500000000000004 53.500000000000007 494.05000000000001 0.19000000000000003 1.2585729879880547
decision_type=2 8 1 10 2 10 10 2 2 2 2 2 10 10
left_child=1 -1 5 4 -4 12 -5 -7 -9 -10 11 -6 13 -3
right_child=-2 2 3 6 10 7 -8 8 9 -11 -12 -13 -14 -15
leaf_value=0.006456636704031701 0.0093279479123721601 -0.00096012641456372173 -0.0017405365991600306 -0.0012703924652862151 0.00086753505564064065 0.0039938752078135511 0.00093222948668473962 -0.00015772821102465252 0.0016756286373940923 -0.00065000528060980812 0.00061000226320574768 0.0047059098142003559 -0.00089569465787147653 0.0042569971131160853
leaf_weight=196 107 156 283 3746 109 118 239 569 1391 280 546 119 606 102
leaf_count=196 107 156 283 3746 109 118 239 569 1391 280 546 119 606 102
internal_value=5.77248e-05 -5.95227e-05 -0.000214069 -0.000799888 0.000468358 0.000702961 -0.00113829 0.00107308 0.000919219 0.00128594 0.001276 0.0028709 -0.000299024 0.00110246
internal_weight=8567 8460 8264 5042 1057 3222 3985 2358 2240 1671 774 228 864 258
internal_count=8567 8460 8264 5042 1057 3222 3985 2358 2240 1671 774 228 864 258
cat_boundaries=0 1
cat_threshold=8
is_linear=0
shrinkage=0.03


Tree=23
num_leaves=15
num_cat=2
split_feature=38 24 35 38 38 27 25 23 23 35 29 27 38 24
split_gain=12.2403 5.17729 5.13396 1.44879 1.3965 1.36333 0.961636 1.06658 1.24328 0.981933 1.72583 0.929294 1.34812 0.863415
threshold=2.3859345902999922 1.0000000180025095e-35 0 1.7703109813261113 1.2522300122973629 29.165914351851857 0.22290322580645164 44.500000000000007 57.500000000000007 1 1.5000000000000002 29.99902777777778 1.7926612905073791 185.87033333333386
decision_type=2 8 1 2 2 2 10 2 2 1 2 2 2 10
left_child=1 3 4 -1 -3 -6 7 -4 -9 10 -8 -7 13 -13
right_child=-2 2 6 -5 5 11 9 8 -10 -11 -12 12 -14 -15
leaf_value=0.0014494696186484715 0.0098486582766211511 -0.00047650553839625066 -0.0012659268649548049 0.0061441383288047616 0.00053316742670649292 0.0036144472292964479 -0.001027594720330134 0.0038749598894478048 0.00015544082032132336 -0.001498283777231522 0.0012223739685542131 0.00029181134146757617 -0.0011204816253436074 0.0034890967783784226
leaf_weight=103 111 757 345 139 1674 241 1511 101 406 2316 385 117 142 217
leaf_count=103 111 757 345 139 1674 241 1511 101 406 2316 385 117 142 217
internal_value=-4.87759e-05 -0.000178728 -0.000306174 0.00414599 0.000644413 0.001002 -0.000896601 2.08159e-05 0.00089641 -0.0010843 -0.000567724 0.00209658 0.00132808 0.00236909
internal_weight=8565 8454 8212 242 3148 2391 5064 852 507 4212 1896 717 476 334
internal_count=8565 8454 8212 242 3148 2391 5064 852 507 4212 1896 717 476 334
cat_boundaries=0 1 2
cat_threshold=8 18
is_linear=0
shrinkage=0.03


Tree=24
num_leaves=15
num_cat=4
split_feature=37 31 37 23 38 37 1 24 23 38 38 36 31 2
split_gain=10.097 4.45009 4.37282 3.17347 3.60294 1.0278 1.0109 1.03587 0.826482 0.743108 1.03899 1.07956 0.685271 0.653386
threshold=0 0.1799720450492425 1 32.500000000000007 1.8409241378457162 2 1.0000000180025095e-35 260.24633333333367 98.500000000000014 1.2104923083039483 1.8834427244884664 3 2.4757543249946594 1.0000000180025095e-35
decision_type=9 8 9 2 2 9 2 10 2 2 2 9 10 2
left_child=2 -2 3 -1 -5 -3 7 -4 -7 -8 11 -11 -13 -10
right_child=1 5 6 4 -6 8 9 -9 13 10 -12 12 -14 -15
leaf_value=0.0005217745775569295 0.0050817683448715666 -0.002012107152400923 0.00051325683529927009 0.0033437172972651968 0.010295107376156375 -0.00064751668627654189 -0.00041652926180085921 0.0041580605392729673 -0.0010506021731695831 -0.0016850003568828105 -0.00038641985019633503 0.0016400987858243012 0.00044594488378421691 -0.0027158828421612268
leaf_weight=171 105 1008 136 204 100 2612 619 145 538 115 575 1262 658 350
leaf_count=171 105 1008 136 204 100 2612 619 145 538 115 575 1262 658 350
internal_value=-6.69543e-05 -0.00102138 0.00103784 0.0037131 0.00563036 -0.0011658 0.000666281 0.00239403 -0.000913703 0.00051799 0.000739624 0.00105779 0.00122447 -0.00170696
internal_weight=8598 4613 3985 475 304 4508 3510 281 3500 3229 2610 2035 1920 888
internal_count=8598 4613 3985 475 304 4508 3510 281 3500 3229 2610 2035 1920 888
cat_boundaries=0 1 2 3 4
cat_threshold=146283538 136315904 637797252 1
is_linear=0
shrinkage=0.03


Tree=25
num_leaves=15
num_cat=4
split_feature=38 37 37 35 38 25 37 25 21 1 28 26 31 1
split_gain=12.2276 12.3846 3.44529 1.89778 1.55993 1.52203 1.24618 1.19405 0.945031 0.856121 1.13812 0.915175 0.863752 0.958749
threshold=2.3859345902999922 0 1 2 1.1542000981989979 0.40833333333333338 3 0.36181818181818187 25.500000000000004 1.0000000180025095e-35 3.0406018518518523 1.0000000180025095e-35 2.4757543249946594 18.500000000000004
decision_type=2 9 9 1 2 10 9 10 2 2 2 8 10 2
left_child=1 2 3 5 -4 -1 -3 8 -8 11 12 -6 13 -11
right_child=-2 6 4 -5 9 -7 7 -9 -10 10 -12 -13 -14 -15
leaf_value=0.0047940237183158969 0.010368289858349325 -0.0019277632763334009 -0.00075177998650574022 0.0061601712561007273 0.0044886949551042939 0.00020308820098372441 0.0025905332906991925 -0.0012668823914307899 -0.0003400563048372958 0.0022299788628371239 0.0017339398996637056 0.0010459179633628966 -0.00070113682524400854 0.00037655458912980741
leaf_weight=106 102 1318 486 167 131 168 109 2043 1083 335 989 148 433 1004
leaf_count=106 102 1318 486 167 131 168 109 2043 1083 335 989 148 433 1004
internal_value=4.2891e-05 -8.0723e-05 0.00114319 0.00362003 0.000824046 0.00190946 -0.0011471 -0.000824084 -7.20745e-05 0.00107868 0.000918645 0.00266242 0.000463607 0.000840257
internal_weight=8622 8520 3967 441 3526 274 4553 3235 1192 3040 2761 279 1772 1339
internal_count=8622 8520 3967 441 3526 274 4553 3235 1192 3040 2761 279 1772 1339
cat_boundaries=0 1 2 3 4
cat_threshold=146283586 136315904 5 1711375137
is_linear=0
shrinkage=0.03


Tree=26
num_leaves=15
num_cat=3
split_feature=38 37 37 38 0 38 31 37 27 30 0 38 21 24
split_gain=11.2227 10.8649 3.64931 1.86144 1.73765 1.45904 1.14952 1.1451 1.1065 1.30066 0.783683 0.767437 1.38677 0.597123
threshold=2.3859345902999922 0 1 1.1118716878160746 6.5000000000000009 1.8656530382288421 1.6809829120180766 2 27.999803240740743 54.750000000000007 13.500000000000002 1.9046735310716294 35.500000000000007 391.04433333333003
decision_type=2 9 9 2 2 2 10 9 2 2 2 2 2 10
left_child=1 2 4 -4 -1 6 -6 -3 9 10 -5 -9 -13 -10
right_child=-2 7 3 8 5 -7 -8 11 13 -11 -12 12 -14 -15
leaf_value=0.0061577655230714403 0.0094375865679939049 -0.0021845296372849359 -0.0010591025058722516 0.002710799328320307 -0.0015625998203292269 0.0051408381821209615 0.0028236934688833097 -0.0012161480817940173 0.0019400065235012762 6.4105663129894377e-05 -0.00032085979982387743 0.0025575388235059412 -0.0011383618257567287 0.00056811237889735518
leaf_weight=142 111 1060 571 301 101 101 115 2400 866 1908 103 144 250 426
leaf_count=142 111 1060 571 301 101 101 115 2400 866 1908 103 144 250 426
internal_value=-3.97576e-05 -0.000163696 0.000814612 0.00053107 0.00332736 0.00216444 0.000772695 -0.00133864 0.000784483 0.000391529 0.00193788 -0.00101108 0.000212424 0.00148766
internal_weight=8599 8488 4634 4175 459 317 216 3854 3604 2312 404 2794 394 1292
internal_count=8599 8488 4634 4175 459 317 216 3854 3604 2312 404 2794 394 1292
cat_boundaries=0 1 2 3
cat_threshold=2310544448 136315904 637633280
is_linear=0
shrinkage=0.03


Tree=27
num_leaves=15
num_cat=4
split_feature=37 31 37 38 38 37 28 1 38 38 28 21 37 31
split_gain=9.73369 6.39 5.39579 3.83531 1.45075 1.36245 0.919338 0.892519 0.908946 1.44705 0.879216 0.867265 1.23786 1.13816
threshold=0 0.1799720450492425 1 1.7746736512878767 1.1542000981989979 2 1.8669155092592595 8.5000000000000018 1.9347492405578874 1.4723210051369719 3.0406018518518523 87.725000000000009 3 1.3881787869164817
decision_type=9 8 9 2 2 9 2 2 2 2 2 2 9 8
left_child=2 -2 3 -1 -4 6 -3 8 9 -6 11 12 13 -9
right_child=1 5 4 -5 7 -7 -8 10 -10 -11 -12 -13 -14 -15
leaf_value=0.001092835962647956 0.0065116763026543973 4.6502712508647084e-05 -0.00067938824758603876 0.0078091695299751691 0.00057897586500408444 -0.0015818274204431049 -0.0011567843870473745 -0.00035371871729227206 -0.00031084999767184822 0.004167050701717843 0.0015445625843450415 0.0012470420576476801 -0.00071547944659348538 0.0038782081893108532
leaf_weight=131 103 1194 501 184 164 2180 1096 111 106 264 984 675 776 118
leaf_count=131 103 1194 501 184 164 2180 1096 111 106 264 984 675 776 118
internal_value=7.14533e-05 -0.000874059 0.00114796 0.00486169 0.000819448 -0.0010462 -0.000527092 0.00105682 0.00217622 0.00279218 0.000832433 0.000415329 -0.000143285 0.00175048
internal_weight=8587 4573 4014 315 3699 4470 2290 3198 534 428 2664 1680 1005 229
internal_count=8587 4573 4014 315 3699 4470 2290 3198 534 428 2664 1680 1005 229
cat_boundaries=0 1 2 3 4
cat_threshold=163056714 2098176 3225432469 135790656
is_linear=0
shrinkage=0.03


Tree=28
num_leaves=15
num_cat=1
split_feature=38 24 27 38 38 25 35 29 27 0 24 23 33 24
split_gain=7.2956 4.81102 3.40702 2.07672 1.37871 1.34951 0.775548 0.943408 1.02298 0.697079 0.648249 0.646358 0.972844 1.01964
threshold=2.3859345902999922 1.0000000180025095e-35 13.999994212962966 1.1050971718481353 1.8409241378457162 0.22290322580645164 0 1.5000000000000002 13.999646990740741 6.5000000000000009 28.479666666670241 37.500000000000007 1.0000000180025095e-35 126.7681666666674
decision_type=2 8 2 2 2 10 1 2 2 2 8 2 2 10
left_child=1 4 5 -4 -1 9 7 -7 -9 -3 -8 12 13 -5
right_child=-2 2 3 11 -6 6 10 8 -10 -11 -12 -13 -14 -15
leaf_value=0.0018866828691324817 0.0079962588908464305 0.0015921970295216751 -0.0013080845271853344 0.0017545413659536279 0.006523105178058093 -0.00087437800417034472 -0.0023117352915328904 0.0017653572292120772 -0.0017143455655632522 -0.00026048404095908168 -0.0010739585854166104 0.0010226217816959216 -0.0023296128650092418 -0.0012191078060162621
leaf_weight=118 101 274 492 264 113 1774 541 269 106 549 1286 2321 135 171
leaf_count=118 101 274 492 264 113 1774 541 269 106 549 1286 2321 135 171
internal_value=-1.86712e-05 -0.000114892 -0.000235435 0.000493692 0.00415472 -0.000749425 -0.000978306 -0.000582671 0.000781761 0.000356326 -0.00143264 0.000800325 -0.000104853 0.00058559
internal_weight=8514 8413 8182 3383 231 4799 3976 2149 375 823 1827 2891 570 435
internal_count=8514 8413 8182 3383 231 4799 3976 2149 375 823 1827 2891 570 435
cat_boundaries=0 1
cat_threshold=26
is_linear=0
shrinkage=0.03


Tree=29
num_leaves=15
num_cat=4
split_feature=37 21 37 38 1 35 38 26 35 28 32 30 31 22
split_gain=8.41667 4.01703 2.95914 4.99401 1.80995 1.77353 1.45263 1.09807 1.04857 0.799554 0.765858 1.06267 1.28223 0.589493
threshold=0 184.77500000000001 1 1.9984360442806604 2.5000000000000004 2 0.87431041420967437 1.0000000180025095e-35 3 2.6342824074074076 29.500000000000004 304.85000000000008 4.4993985565356862 1891.5441250000001
decision_type=9 2 9 2 2 1 2 8 1 2 2 2 10 2
left_child=1 6 3 5 7 -2 -1 -4 9 -8 11 12 13 -6
right_child=2 -3 4 -5 10 -7 8 -9 -10 -11 -12 -13 -14 -15
leaf_value=-0.0036497846640955235 0.0040443711260762828 0.0041551718847438633 0.0046677644034896631 0.0084868095590301396 0.0003677843182049123 -0.0004149949506149223 0.00069590591065186937 0.0013199713817198893 -0.0011842574537324526 -0.0013636181622296722 -0.0011802627315224193 0.0035691488916845112 -0.0019007758619151106 0.001268544080570383
leaf_weight=187 124 137 152 123 1965 202 537 210 3185 248 229 106 186 980
leaf_count=187 124 137 152 123 1965 202 537 210 3185 248 229 106 186 980
internal_value=4.00751e-05 -0.000897172 0.000980852 0.00326328 0.000705333 0.00139254 -0.00106584 0.00272567 -0.000944126 4.46845e-05 0.000496357 0.000614969 0.000514955 0.000667528
internal_weight=8571 4294 4277 449 3828 326 4157 362 3970 785 3466 3237 3131 2945
internal_count=8571 4294 4277 449 3828 326 4157 362 3970 785 3466 3237 3131 2945
cat_boundaries=0 1 2 3 4
cat_threshold=4131767200 136314880 26 8
is_linear=0
shrinkage=0.03


Tree=30
num_leaves=15
num_cat=3
split_feature=38 37 38 36 38 38 1 38 7 35 21 16 0 1
split_gain=9.16361 7.12087 1.45847 1.32092 1.71848 1.4299 1.08266 0.956893 0.946243 0.891573 0.81445 1.34295 1.00618 0.751448
threshold=2.3859345902999922 0 1.2649476114346749 1 1.7653087946622581 1.6831209597979404 5.5000000000000009 0.87431041420967437 1.0000000180025095e-35 2 87.725000000000009 1.0000000180025095e-35 7.5000000000000009 35.500000000000007
decision_type=2 9 2 9 2 2 2 2 2 1 2 2 2 2
left_child=1 2 8 5 13 6 -4 -3 -1 -9 11 -7 -12 -5
right_child=-2 7 3 4 -6 10 -8 9 -10 -11 12 -13 -14 -15
leaf_value=0.0022504864285073645 0.008704122880579165 -0.0030981544441222109 0.0040427629632047478 0.0025298868157059098 0.0047991094038534066 0.0014709386021331738 0.0012110914467993469 -0.00051114314455864948 -0.00069407289087466679 -0.0013856643555829995 0.0018550022871936045 -0.001511393326060516 -0.00083750754984885604 -0.00083917059672371989
leaf_weight=113 106 184 135 130 191 192 1217 2490 751 1860 361 465 191 110
leaf_count=113 106 184 135 130 191 192 1217 2490 751 1860 361 465 191 110
internal_value=-6.13495e-05 -0.000172093 0.000774767 0.0010903 0.00261498 0.000820298 0.00149384 -0.000976917 -0.000308963 -0.000889437 7.38744e-05 -0.000639844 0.000923355 0.000985736
internal_weight=8496 8390 3856 2992 431 2561 1352 4534 864 4350 1209 657 552 240
internal_count=8496 8390 3856 2992 431 2561 1352 4534 864 4350 1209 657 552 240
cat_boundaries=0 1 2 3
cat_threshold=163069008 49 26
is_linear=0
shrinkage=0.03


Tree=31
num_leaves=15
num_cat=2
split_feature=38 35 24 29 31 38 24 0 25 36 30 32 38 30
split_gain=5.65268 3.38419 3.2551 2.51257 1.26206 1.02826 1.05488 1.05719 0.980248 1.09921 0.731786 1.10516 1.10515 0.905084
threshold=2.3859345902999922 0 1.0000000180025095e-35 1.5000000000000002 8.173220338983052 1.4723210051369719 13.420333333333257 6.5000000000000009 0.22290322580645164 1 253.72500000000002 22.500000000000004 1.6674320889025007 230.07500000000002
decision_type=2 1 8 2 8 2 8 2 10 9 2 2 2 2
left_child=1 2 -1 5 8 -4 -7 -8 9 -3 11 12 13 -5
right_child=-2 4 3 10 -6 6 7 -9 -10 -11 -12 -13 -14 -15
leaf_value=0.0054287368031800719 0.0068617012627633671 -0.00095784213255806737 -0.00084993525323100454 0.0022747017811507249 0.0014713955980607241 0.0026441601327688289 0.0011673173522887929 -0.00084391431236138738 -0.0013755892600284712 0.0020549047134569014 0.0001251023921720906 0.0034241130234643246 0.00022051291005576357 -0.00028031310270119821
leaf_weight=110 106 285 1750 640 181 151 389 595 2220 163 787 184 850 155
leaf_count=110 106 285 1750 640 181 151 389 595 2220 163 787 184 850 155
internal_value=-2.31054e-05 -0.000109369 0.000318322 0.000216711 -0.000949476 -0.000393817 0.00030945 -4.88237e-05 -0.00111727 0.000162802 0.000890019 0.00121915 0.000972521 0.00177655
internal_weight=8566 8460 5611 5501 2849 2885 1135 984 2668 448 2616 1829 1645 795
internal_count=8566 8460 5611 5501 2849 2885 1135 984 2668 448 2616 1829 1645 795
cat_boundaries=0 1 2
cat_threshold=26 17
is_linear=0
shrinkage=0.03


Tree=32
num_leaves=15
num_cat=4
split_feature=37 21 37 38 35 1 37 25 38 21 38 21 38 21
split_gain=6.43647 4.00004 2.95412 2.68909 2.3931 1.25305 1.23314 1.25441 1.01189 0.994455 0.779234 0.936889 0.80465 0.710477
threshold=0 184.77500000000001 1 1.6449715386631609 2 1.0000000180025095e-35 3 0.22290322580645164 1.7784252912857663 128.03333333333336 1.9347492405578874 87.725000000000009 1.2104923083039483 155.35833333333338
decision_type=9 2 9 2 1 2 9 10 2 2 2 2 2 2
left_child=2 6 3 -1 -5 -4 -2 9 -9 -8 12 -12 -7 -14
right_child=1 -3 5 4 -6 10 7 8 -10 -11 11 -13 13 -15
leaf_value=0.00030248207397405705 -0.0013470967772038092 0.0042419239276690257 0.0025935240479616471 0.0082144922634497988 0.0022967313537374137 -0.00030596421836635396 0.0019401309849733175 -0.00094019919420291879 0.0021487789910683164 -0.00041768182154009988 -0.0018682293421079521 0.00090402909143449505 0.00082687806053576235 0.0033958013596780156
leaf_weight=174 2215 144 274 116 175 586 324 1735 101 320 256 192 1935 102
leaf_count=174 2215 144 274 116 175 586 324 1735 101 320 256 192 1935 102
internal_value=4.39176e-05 -0.000681734 0.000964809 0.00318432 0.00501691 0.000647695 -0.000834199 -0.000369187 -0.000770272 0.000768547 0.000476194 -0.000680119 0.000673689 0.000955513
internal_weight=8649 4839 3810 465 291 3345 4695 2480 1836 644 3071 448 2623 2037
internal_count=8649 4839 3810 465 291 3345 4695 2480 1836 644 3071 448 2623 2037
cat_boundaries=0 1 2 3 4
cat_threshold=162531408 136314880 18 906346784
is_linear=0
shrinkage=0.03


Tree=33
num_leaves=15
num_cat=1
split_feature=38 35 24 27 38 27 38 24 25 30 38 1 24 23
split_gain=5.61959 3.08511 3.60195 1.63347 0.981697 1.27349 1.60882 0.887034 0.795377 0.828232 0.778971 1.15643 1.16839 0.963519
threshold=2.3859345902999922 0 1.0000000180025095e-35 29.165914351851857 1.2857491905805809 29.99902777777778 1.8834427244884664 347.48466666666519 0.17000000000000001 71.250000000000014 1.4548797697317022 20.500000000000004 26.866833333333421 132.50000000000003
decision_type=2 1 8 2 2 2 2 10 10 2 2 2 8 2
left_child=1 2 -1 10 -5 7 -7 -6 9 -3 13 12 -12 -4
right_child=-2 8 3 4 5 6 -8 -9 -10 -11 11 -13 -14 -15
leaf_value=0.0057391274981026582 0.0065593346396658932 0.0019820363166783554 -0.00076967667516102752 -0.00053703480557170367 0.005343367307377625 0.0017551106318401601 -0.0024443058364424638 0.0018123823875451789 -0.0011338494258544911 -0.0014311390038670246 0.0040972566786487211 -0.00017127857461352557 0.00075981615457130342 0.00094709462509791613
leaf_weight=105 113 157 1904 215 121 390 104 136 2614 108 112 1581 601 348
leaf_count=105 113 157 1904 215 121 390 104 136 2614 108 112 1581 601 348
internal_value=-8.67375e-05 -0.000175133 0.000234466 0.000130031 0.00125037 0.00176207 0.000871023 0.00347483 -0.000971708 0.000591006 -0.000108034 0.00028106 0.00128407 -0.000504385
internal_weight=8609 8496 5617 5512 966 751 494 257 2879 265 4546 2294 713 2252
internal_count=8609 8496 5617 5512 966 751 494 257 2879 265 4546 2294 713 2252
cat_boundaries=0 1
cat_threshold=26
is_linear=0
shrinkage=0.03


Tree=34
num_leaves=15
num_cat=2
split_feature=38 27 23 38 30 25 35 25 28 32 35 31 31 30
split_gain=6.10289 2.64848 1.38487 1.20542 1.60563 1.31599 1.02474 0.976037 0.96806 0.928395 0.833295 0.744516 0.866224 0.797359
threshold=2.3859345902999922 13.999994212962966 13.500000000000002 1.2897179255380482 52.500000000000007 0.34891304347826091 0 0.13818181818181821 0.93167824074074079 8.5000000000000018 1 2.2745139927365949 2.1603571428571429 318.05000000000007
decision_type=2 2 2 2 2 10 1 10 2 2 1 10 8 2
left_child=1 6 8 -4 5 -5 -1 -8 -3 10 -6 12 -11 -13
right_child=-2 2 3 4 9 -7 7 -9 -10 11 -12 13 -14 -15
leaf_value=-0.0001631229446172918 0.0071373891251003537 -0.00012339709093794226 -0.00018703793637431766 0.0049293568621700014 -0.0016345270242172515 0.00065412634362777065 0.0016304865048506804 -0.0011970255051021624 -0.0039340262296842406 0.0013207797870539953 0.00099708400183142376 6.687122903323532e-05 0.0041215256660589545 0.0029306818236596883
leaf_weight=2618 106 150 1033 162 237 108 116 2081 100 732 185 700 115 100
leaf_count=2618 106 150 1033 162 237 108 116 2081 100 732 185 700 115 100
internal_value=-1.62181e-05 -0.000106094 0.000506749 0.000666477 0.00104342 0.00321926 -0.000567095 -0.00104299 -0.00164765 0.000759482 -0.000495964 0.00108116 0.00170105 0.000424848
internal_weight=8543 8437 3622 3372 2339 270 4815 2197 250 2069 422 1647 847 800
internal_count=8543 8437 3622 3372 2339 270 4815 2197 250 2069 422 1647 847 800
cat_boundaries=0 1 2
cat_threshold=26 8
is_linear=0
shrinkage=0.03


Tree=35
num_leaves=15
num_cat=3
split_feature=37 31 37 23 0 35 25 27 28 32 26 24 1 21
split_gain=6.19901 7.12049 2.60836 1.81796 2.43244 1.72189 1.37258 0.923345 0.718494 0.679304 0.891766 0.785494 1.71864 0.665549
threshold=0 0.1106014271151886 1 13.500000000000002 6.5000000000000009 2 0.37750000000000006 17.003738425925928 10.634131944444446 34.500000000000007 0.020869565217391309 275.2264999999968 11.500000000000002 79.533333333333346
decision_type=9 10 9 2 2 1 10 2 2 2 8 10 2 2
left_child=1 -1 5 -4 -5 9 13 -6 -8 10 11 -3 -13 -7
right_child=-2 2 3 4 7 6 8 -9 -10 -11 -12 12 -14 -15
leaf_value=0.0073969616981016265 -0.0011133496504119092 0.00053078508239795021 -0.00063817461833005408 0.0067438006528564506 0.00091177860353757953 0.0010279021855012138 -0.0022120527341403309 0.0043086341677215133 0.00023371328582631095 -0.0017408624845295984 -7.152676244044199e-06 0.0047199500272387361 0.0010754885397446362 -0.0010765342421862961
leaf_weight=135 2903 1366 148 126 251 380 527 101 136 116 1371 141 669 210
leaf_count=135 2903 1366 148 126 251 380 527 101 136 116 1371 141 669 210
internal_value=1.20728e-05 0.000588495 0.000423707 0.0022316 0.00316684 0.000188568 -0.000767566 0.00188644 -0.00171036 0.000516831 0.000592123 0.0009697 0.00170989 0.000278865
internal_weight=8580 5677 5542 626 478 4916 1253 352 663 3663 3547 2176 810 590
internal_count=8580 5677 5542 626 478 4916 1253 352 663 3663 3547 2176 810 590
cat_boundaries=0 1 2 3
cat_threshold=2578975818 2441086978 26
is_linear=0
shrinkage=0.03


Tree=36
num_leaves=15
num_cat=3
split_feature=38 37 37 38 31 38 31 37 31 30 1 32 30 31
split_gain=6.72808 6.24228 2.26052 1.401 1.47836 1.15821 0.716415 0.650965 0.524156 0.866128 0.790473 0.810797 1.34018 0.946691
threshold=2.3859345902999922 0 1 1.8409241378457162 1.5380656807169777 1.1278393911006763 7.1358333333333341 2 2.4757543249946594 289.02500000000003 86.500000000000014 15.500000000000002 53.500000000000007 1.7497993579454256
decision_type=2 9 9 2 8 2 8 9 10 2 2 2 2 10
left_child=1 2 3 4 -1 -4 8 -3 10 -10 11 12 -7 -14
right_child=-2 7 5 -5 -6 6 -8 -9 9 -11 -12 -13 13 -15
leaf_value=-0.0011457195261027663 0.0072069056915200274 -0.0021669446775220941 -0.00095512415547153529 0.005036659513396444 0.0032183633017979687 0.0020640176026068221 0.0031390370197522527 -0.00077491813342158366 -0.00045546853649636518 0.0017426649647204258 -0.00063649188068161725 0.002110085290928018 -0.00070316811976380467 0.0012874420032623853
leaf_weight=113 115 326 438 160 183 441 104 4063 744 206 274 509 568 346
leaf_count=113 115 326 438 160 183 441 104 4063 744 206 274 509 568 346
internal_value=-7.01212e-07 -9.85035e-05 0.000744511 0.00271536 0.00155235 0.000490153 0.000690007 -0.000883004 0.000607527 2.11794e-05 0.000868064 0.00108923 0.000705747 5.03889e-05
internal_weight=8590 8475 4086 456 296 3630 3192 4389 3088 950 2138 1864 1355 914
internal_count=8590 8475 4086 456 296 3630 3192 4389 3088 950 2138 1864 1355 914
cat_boundaries=0 1 2 3
cat_threshold=1236806730 136315904 536936960
is_linear=0
shrinkage=0.03


Tree=37
num_leaves=15
num_cat=3
split_feature=37 31 37 25 35 38 27 24 24 27 32 0 1 1
split_gain=7.51255 6.21594 5.9056 2.80706 1.23668 0.866389 0.970189 0.998466 0.742035 1.26218 0.727203 0.645631 1.64768 0.947615
threshold=0 0.1106014271151886 1 0.34891304347826091 2 1.2056994524678901 29.165914351851857 119.28499999999129 185.87033333333386 26.353443287037042 11.500000000000002 6.5000000000000009 40.500000000000007 42.500000000000007
decision_type=9 8 9 10 1 2 2 10 10 2 2 2 2 2
left_child=3 -2 5 -1 -5 -3 8 -8 9 -7 -9 12 -12 -13
right_child=1 2 -4 4 -6 6 7 10 -10 -11 11 13 -14 -15
leaf_value=0.0067577605292800874 0.0065529642815312971 -0.00035574919903460806 -0.0011764170971043232 -0.00030616141453216922 0.0036774298134613546 0.00052211637801667969 -0.0011610390819644309 0.0001343180525705415 -0.00029660756982954553 0.0035716099420884497 0.005265358362732263 -3.9968055918222256e-05 0.00044823080071912022 0.0033110745661958521
leaf_weight=177 121 927 3694 131 148 1498 106 156 915 133 174 166 101 140
leaf_count=177 121 927 3694 131 148 1498 106 156 915 133 174 166 101 140
internal_value=1.64982e-05 -0.000195592 -0.000297781 0.00372101 0.00192783 0.0004559 0.000679257 0.00156138 0.000387179 0.000770788 0.00195293 0.00244124 0.00349616 0.00149319
internal_weight=8587 8131 8010 456 279 4316 3389 843 2546 1631 737 581 275 306
internal_count=8587 8131 8010 456 279 4316 3389 843 2546 1631 737 581 275 306
cat_boundaries=0 1 2 3
cat_threshold=136315904 2174224474 17
is_linear=0
shrinkage=0.03


Tree=38
num_leaves=15
num_cat=3
split_feature=37 37 38 22 1 28 38 37 0 23 1 23 22 38
split_gain=6.06525 3.29742 3.21755 3.2104 1.23686 1.18099 1.07782 0.934641 0.907165 0.712043 0.774434 0.979952 0.604919 0.56638
threshold=0 1 2.0369260964617228 10353.798000000001 2.5000000000000004 1.1472222222222224 1.5384902224205721 2 8.5000000000000018 96.500000000000014 110.50000000000001 29.500000000000004 1642.0350000000003 1.9347492405578874
decision_type=9 9 2 2 2 2 2 9 2 2 2 2 2 2
left_child=1 2 5 7 8 6 -1 -2 12 10 -9 -12 -3 -6
right_child=3 4 -4 -5 13 -7 -8 9 -10 -11 11 -13 -14 -15
leaf_value=0.00044857244674349203 -0.001829801612552046 0.0050142025071993248 0.0078609072079416364 0.0041594358063945227 0.00049406631245373013 -0.00076390575730975142 0.004336970682105039 -0.00060192226575003522 -8.4250013961797879e-05 -0.0013733022394373628 0.003432648717748499 -0.00033699750577776419 0.0018821275151753405 -0.00063368724508198354
leaf_weight=100 790 104 104 116 2756 107 179 2390 101 995 101 161 119 469
leaf_count=100 790 104 104 116 2756 107 179 2390 101 995 101 161 119 469
internal_value=-1.57793e-05 0.000829429 0.00311394 -0.00076571 0.00050615 0.00191564 0.00294328 -0.000896198 0.00227451 -0.000687063 -0.000432184 0.00111619 0.00334283 0.000330061
internal_weight=8592 4039 490 4553 3549 386 279 4437 324 3647 2652 262 223 3225
internal_count=8592 4039 490 4553 3549 386 279 4437 324 3647 2652 262 223 3225
cat_boundaries=0 1 2 3
cat_threshold=163056730 136315904 570523649
is_linear=0
shrinkage=0.03


Tree=39
num_leaves=15
num_cat=4
split_feature=38 37 37 25 1 23 5 37 38 23 35 38 30 21
split_gain=7.1376 5.39479 1.30937 1.55391 1.3376 1.68317 1.33092 0.97814 0.842767 0.825004 0.967927 0.772924 0.567173 0.558019
threshold=2.3859345902999922 0 1 0.34891304347826091 1.0000000180025095e-35 76.500000000000014 0.10265000000000002 2 1.1793387453695685 96.500000000000014 3 0.87431041420967437 43.500000000000007 121.89166666666668
decision_type=2 9 9 10 2 2 2 9 2 2 1 2 2 2
left_child=1 2 3 -1 5 -4 -5 11 -6 -9 -11 -3 -13 -10
right_child=-2 7 4 6 8 -7 -8 9 13 10 -12 12 -14 -15
leaf_value=0.0044823083702017199 0.0075066189036442667 -0.0040382506901069596 -0.00041973462950534602 -0.00073875134372085869 -0.00080266924358479035 0.0041897620510473544 0.003484280022612021 -0.00023753300405071338 0.0003736802662275142 0.0012971932839002979 -0.0016083846447760605 -0.00050232650528524289 -0.0018575781328403046 0.0017224954536472368
leaf_weight=174 112 102 116 175 505 185 109 2371 2284 112 858 464 693 314
leaf_count=174 112 102 116 175 505 185 109 2371 2284 112 858 464 693 314
internal_value=-1.71108e-05 -0.000116692 0.000709154 0.00220177 0.000502466 0.00241334 0.00088206 -0.000809825 0.000318724 -0.000537455 -0.0012761 -0.00152268 -0.00131407 0.000536701
internal_weight=8574 8462 3862 458 3404 301 284 4600 3103 3341 970 1259 1157 2598
internal_count=8574 8462 3862 458 3404 301 284 4600 3103 3341 970 1259 1157 2598
cat_boundaries=0 1 2 3 4
cat_threshold=163060800 136315904 637633329 12
is_linear=0
shrinkage=0.03


Tree=40
num_leaves=15
num_cat=5
split_feature=37 31 29 35 37 37 27 30 25 32 30 22 22 35
split_gain=4.90066 3.95877 1.61903 1.78015 1.31389 1.28728 1.62142 0.925514 0.825606 0.783082 1.3404 0.973291 0.971036 0.782076
threshold=0 0.1799720450492425 1.0000000180025095e-35 1 2 3 13.999508101851854 54.750000000000007 0.34891304347826091 29.500000000000004 289.02500000000003 2274.3996250000005 2898.7000000000003 4
decision_type=9 8 2 1 9 9 2 2 10 2 2 2 2 1
left_child=2 -2 5 4 -4 6 -1 -7 -5 10 11 -6 -13 -3
right_child=1 13 3 8 9 7 -8 -9 -10 -11 -12 12 -14 -15
leaf_value=0.0017058528755354669 0.0049561542010368694 -0.00046211535932302449 0.0039997869996831895 0.00075155959314932778 0.00012187185942754764 0.0026641385403478094 0.0068967530500287045 -0.00036686652259167689 -0.0017499536458851286 -0.00092470980172053156 0.003190745492396977 0.0034822236936752722 0.00092574990505072243 -0.0012498084646637298
leaf_weight=113 110 2700 104 168 1289 171 104 193 405 244 203 167 671 2003
leaf_count=113 110 2700 104 168 1289 171 104 193 405 244 203 167 671 2003
internal_value=-3.15596e-05 -0.00066826 0.000767878 0.000509197 0.000832541 0.00222855 0.00400891 0.00102878 -0.00099909 0.000689588 0.000861598 0.000639305 0.00143521 -0.000801233
internal_weight=8645 4813 3832 3251 2678 581 217 364 573 2574 2330 2127 838 4703
internal_count=8645 4813 3832 3251 2678 581 217 364 573 2574 2330 2127 838 4703
cat_boundaries=0 1 2 3 4 5
cat_threshold=162008136 26 136314880 136315904 26
is_linear=0
shrinkage=0.03


Tree=41
num_leaves=15
num_cat=2
split_feature=21 37 37 38 38 25 27 27 27 28 38 21 31 23
split_gain=6.82208 5.13184 3.29536 3.82776 1.02654 0.964715 0.72006 0.667544 1.43141 0.642318 1.30127 1.09386 0.805105 0.684255
threshold=226.47500000000005 0 1 1.8602933677990403 0.84350065969486798 0.64142857142857157 7.0089004629629637 13.958015046296298 13.999427083333336 0.67822337962962975 1.4723210051369719 80.708333333333357 2.4583729458101327 170.50000000000003
decision_type=2 9 9 2 2 8 2 2 2 2 2 2 10 2
left_child=1 4 3 -3 -1 6 -4 -8 -9 13 -11 12 -12 -10
right_child=-2 2 5 -5 -6 -7 7 8 9 10 11 -13 -14 -15
leaf_value=-0.0036806785569480451 0.0074978334520329828 0.00019516465655930375 0.0022621547926047984 0.0083158922493282057 -0.00088152035573586373 0.0022368076186122178 -0.00071526111079077491 0.0031349957971774328 -3.8247903696311063e-05 -3.3290215332274644e-07 0.0053785634616864489 0.00080990256759880339 0.0016366188579099929 -0.0024515353130337377
leaf_weight=122 107 103 154 106 3520 231 644 157 1646 1053 104 383 103 113
leaf_count=122 107 103 154 106 3520 231 644 157 1646 1053 104 383 103 113
internal_value=-2.96857e-05 -0.000125129 0.000519249 0.00411683 -0.000972616 0.000346769 0.000247359 0.000173536 0.000334363 0.000205116 0.00063164 0.00175955 0.00351663 -0.00019328
internal_weight=8546 8439 4797 209 3642 4588 4357 4203 3559 3402 1643 590 207 1759
internal_count=8546 8439 4797 209 3642 4588 4357 4203 3559 3402 1643 590 207 1759
cat_boundaries=0 1 2
cat_threshold=1984021413 2097152
is_linear=0
shrinkage=0.03


Tree=42
num_leaves=15
num_cat=4
split_feature=38 37 37 25 35 1 22 22 22 37 23 23 22 25
split_gain=6.57308 4.29351 0.98296 1.59076 1.06234 0.743834 1.00955 0.641861 0.683776 0.625898 0.820061 0.690404 0.603527 0.803018
threshold=2.3859345902999922 0 1 0.34891304347826091 2 1.0000000180025095e-35 1725.48125 2274.3996250000005 2751.3490000000006 3 96.500000000000014 90.500000000000014 6785.2500000000009 0.24695121951219515
decision_type=2 9 9 10 1 2 2 2 2 9 2 2 2 10
left_child=1 2 3 -1 -5 6 -4 -7 -9 10 11 12 13 -3
right_child=-2 9 5 4 -6 7 -8 8 -10 -11 -12 -13 -14 -15
leaf_value=0.0043020076651325307 0.0071036687353018511 0.0012244231232537703 0.0032470175900098479 -0.001206209371254469 0.0023196297912460983 -1.8656582318697304e-06 -0.00020671991219874036 0.0026485114901637036 0.00056937248546609599 -0.0012997423893219592 -0.001236702233644944 0.0018482776046933038 -0.0016047497387388625 -0.00041876473223084444
leaf_weight=166 115 321 186 143 147 2066 129 171 850 1272 997 138 294 1611
leaf_count=166 115 321 186 143 147 2066 129 171 850 1272 997 138 294 1611
internal_value=-2.05221e-05 -0.00011701 0.000621523 0.00191795 0.00061942 0.00044264 0.00183263 0.000302238 0.000917593 -0.000731765 -0.000513591 -0.000210797 -0.000338449 -0.000145751
internal_weight=8606 8491 3858 456 290 3402 315 3087 1021 4633 3361 2364 2226 1932
internal_count=8606 8491 3858 456 290 3402 315 3087 1021 4633 3361 2364 2226 1932
cat_boundaries=0 1 2 3 4
cat_threshold=163060808 136315904 17 3493879955
is_linear=0
shrinkage=0.03


Tree=43
num_leaves=15
num_cat=3
split_feature=31 37 37 22 28 0 30 21 31 25 27 31 37 31
split_gain=4.60067 3.92475 1.82027 2.68603 0.696578 0.722022 1.05447 1.16981 0.604161 0.901973 0.682127 0.655954 0.584721 0.622656
threshold=0.1106014271151886 0 1 12726.200000000003 21.930173611111112 5.5000000000000009 52.500000000000007 58.06666666666667 1.091356184798808 0.43223443223443231 29.212303240740741 1.591693015234263 2 6.3930205949656758
decision_type=8 9 9 2 2 2 2 2 10 10 2 10 9 10
left_child=-1 12 3 -3 5 6 -4 -8 -9 11 -11 -10 -2 -14
right_child=1 2 4 -5 -6 -7 7 8 9 10 -12 -13 13 -15
leaf_value=0.0056896386930719014 -0.0015793943003539986 0.005039287644269772 0.0034172784489427885 -0.0009922189244202205 0.0018069723480237791 -2.2182545620160983e-05 -0.001831949158539241 -0.00079117473290288742 0.001155335035310277 -0.00051166235593709379 0.0019705978253281892 0.0041618134288380487 -0.00075600934315486811 0.0013334675026384906
leaf_weight=125 803 181 129 105 260 3175 158 142 124 247 167 138 2608 135
leaf_count=125 803 181 129 105 260 3175 158 142 124 247 167 138 2608 135
internal_value=-2.32847e-05 -0.000108583 0.000448024 0.00272949 0.000298619 0.000207688 0.000868177 0.000531256 0.000987719 0.00136139 0.000489636 0.0027389 -0.000864933 -0.000650801
internal_weight=8497 8372 4826 286 4540 4280 1105 976 818 676 414 262 3546 2743
internal_count=8497 8372 4826 286 4540 4280 1105 976 818 676 414 262 3546 2743
cat_boundaries=0 1 2 3
cat_threshold=1984283175 2097152 637600256
is_linear=0
shrinkage=0.03


Tree=44
num_leaves=15
num_cat=3
split_feature=37 21 37 38 31 38 38 32 36 31 24 24 24 32
split_gain=3.98766 3.47549 2.76273 2.16461 1.04497 0.932164 0.973794 0.874608 0.938954 0.784345 0.6967 0.775465 0.694712 0.612737
threshold=0 193.00000000000003 1 1.8409241378457162 1.5380656807169777 1.1542000981989979 1.9347492405578874 30.500000000000004 2 0.48064734522197577 120.45833333333286 60.221166666667131 40.519833333331633 18.500000000000004
decision_type=9 2 9 2 8 2 2 2 9 10 10 10 10 2
left_child=3 2 5 4 -1 -2 7 8 9 -7 11 12 -10 -8
right_child=1 -3 -4 -5 -6 6 13 -9 10 -11 -12 -13 -14 -15
leaf_value=-0.0013265361223762872 -0.00073574580368164705 0.00485823176218166 -0.00084884642730669209 0.0050803572634915608 0.0023801339258162722 0.0036913379832335257 -0.0012118140600021127 -0.0016031908326402918 0.0003653146920260042 0.00099370709912777362 -0.001933012218821098 0.001966231076279655 -0.0025276043139470434 0.0013554797387601305
leaf_weight=109 691 121 3793 195 184 102 428 143 272 1980 154 180 103 104
leaf_count=109 691 121 3793 195 184 102 428 143 272 1980 154 180 103 104
internal_value=-2.71435e-05 -0.000187643 -0.000264678 0.00257836 0.0010012 0.000269732 0.000470968 0.000685092 0.000802335 0.00112049 -0.000145674 0.000347647 -0.000429274 -0.000709937
internal_weight=8559 8071 7950 488 293 4157 3466 2934 2791 2082 709 555 375 532
internal_count=8559 8071 7950 488 293 4157 3466 2934 2791 2082 709 555 375 532
cat_boundaries=0 1 2 3
cat_threshold=136315904 2157447178 50
is_linear=0
shrinkage=0.03


Tree=45
num_leaves=15
num_cat=3
split_feature=37 38 38 21 37 29 38 38 24 36 24 24 24 22
split_gain=3.57601 2.46883 2.27712 2.18712 2.30634 1.52003 0.641806 0.819824 1.03886 0.651091 0.580207 1.28364 0.835417 1.42928
threshold=0 1.9284054309867187 0.79345283360660634 193.00000000000003 1 1.0000000180025095e-35 2.1934073772180778 1.8943204502563533 47.769833333333061 2 263.3524999999924 365.66033333333684 335.07299999999589 1891.5441250000001
decision_type=9 2 2 2 9 2 2 2 10 9 10 10 10 2
left_child=1 5 -2 4 6 -1 7 9 -9 -4 -6 12 13 -12
right_child=2 -3 3 -5 10 -7 -8 8 -10 -11 11 -13 -14 -15
leaf_value=0.003321051310016422 -0.0044523426628115381 0.0060253679417073729 -0.00053249901998146177 0.0039358292730459713 0.00010751477143077842 -0.00075375905321714912 -0.0027709735981946764 -0.00054887203977250457 0.0026272281144887502 -0.0015751970769035885 -0.0010528048068922742 0.00016203158914854525 0.0040079923478950705 0.0029498359658828121
leaf_weight=159 108 135 2343 121 3007 171 129 240 151 708 138 848 145 192
leaf_count=159 108 135 2343 121 3007 171 129 240 151 708 138 848 145 192
internal_value=2.26255e-05 0.0025528 -0.000125075 -6.69733e-05 -0.000128274 0.00120956 -0.000691548 -0.000615625 0.000677704 -0.000781371 0.000337083 0.000861408 0.00210998 0.001276
internal_weight=8595 465 8130 8022 7901 330 3571 3442 391 3051 4330 1323 475 330
internal_count=8595 465 8130 8022 7901 330 3571 3442 391 3051 4330 1323 475 330
cat_boundaries=0 1 2 3
cat_threshold=136315904 2000994469 20
is_linear=0
shrinkage=0.03


Tree=46
num_leaves=15
num_cat=0
split_feature=38 38 2 29 25 24 1 21 31 38 31 22 30 5
split_gain=2.78654 1.72558 1.40766 0.990076 1.19981 1.12586 1.12322 1.31385 1.64072 0.858005 0.731733 0.68598 0.655374 0.951126
threshold=2.3859345902999922 0.79345283360660634 1.0000000180025095e-35 1.5000000000000002 0.19000000000000003 25.644333333333275 10.500000000000002 107.42500000000001 2.4757543249946594 1.5444014859239641 1.0004392299048519 8792.1860000000015 40.250000000000007 0.15470000000000003
decision_type=2 2 2 2 10 10 2 2 8 2 8 2 2 2
left_child=1 -1 3 4 5 -3 7 8 -5 -6 -8 -12 13 -11
right_child=-2 2 -4 6 9 -7 10 -9 -10 12 11 -13 -14 -15
leaf_value=-0.0039751975299808584 0.004921509265433997 0.0026659095477248535 -0.0010460392314564375 0.0046621803826023328 -0.00078741066197582235 0.00013720375095519036 -0.0014897034021434327 -0.0010800459480711391 0.00057601589188788324 0.0026564367381589752 0.00028883687205450158 0.002675042789380409 -0.00020996109010647709 -0.00084976628674970315
leaf_weight=103 100 221 1144 188 2283 560 199 105 167 196 2218 114 859 108
leaf_count=103 100 221 1144 188 2283 560 199 105 167 196 2218 114 859 108
internal_value=-5.7054e-05 -0.000115868 -6.83297e-05 8.663e-05 -0.000208926 0.000852753 0.000504321 0.001868 0.00273996 -0.000449544 0.000256477 0.000405487 0.000213698 0.00141081
internal_weight=8565 8465 8362 7218 4227 781 2991 460 355 3446 2531 2332 1163 304
internal_count=8565 8465 8362 7218 4227 781 2991 460 355 3446 2531 2332 1163 304
is_linear=0
shrinkage=0.03


Tree=47
num_leaves=15
num_cat=2
split_feature=38 35 29 38 24 36 38 30 30 1 32 38 25 30
split_gain=2.3502 2.04902 1.25949 1.02089 1.04 0.995421 0.882337 1.53319 0.768014 0.837708 0.759178 0.755454 0.718041 0.711015
threshold=2.339954998248738 0 1.5000000000000002 1.4723210051369719 9.0368333333314528 1 1.8883952574813831 222.10000000000002 205.07500000000002 10.500000000000002 2.5000000000000004 1.608949615129972 0.24695121951219515 197.10000000000002
decision_type=2 1 2 2 8 9 2 2 2 2 2 2 10 2
left_child=1 2 3 -1 -5 -4 7 8 9 -7 -3 12 -6 -8
right_child=-2 10 5 4 11 6 13 -9 -10 -11 -12 -13 -14 -15
leaf_value=-0.00064643726135149191 0.0040456076760269103 4.8838612883038424e-05 0.0026510530123738823 0.0027770342062173694 0.0033367601277254451 0.0032495371858198281 -0.0018065135461945772 5.3294395168747756e-05 0.0038407138249377418 0.00085850328246563773 -0.001040993536418359 -0.00041879906165306815 0.00038735273892036927 0.00056601821658881129
leaf_weight=1726 126 798 212 156 107 167 233 1094 131 627 2061 698 243 222
leaf_count=1726 126 798 212 156 107 167 233 1094 131 627 2061 698 243 222
internal_value=-2.14858e-05 -8.19523e-05 0.000250972 -0.000178736 0.000491741 0.000720649 0.000542323 0.000813468 0.00171253 0.0013614 -0.000734233 0.000151563 0.00128903 -0.000648927
internal_weight=8601 8475 5616 2930 1204 2686 2474 2019 925 794 2859 1048 350 455
internal_count=8601 8475 5616 2930 1204 2686 2474 2019 925 794 2859 1048 350 455
cat_boundaries=0 1 2
cat_threshold=26 7
is_linear=0
shrinkage=0.03


Tree=48
num_leaves=15
num_cat=4
split_feature=37 31 37 25 35 2 23 21 25 25 24 35 32 32
split_gain=3.68174 3.49256 1.7865 1.80526 1.1141 0.823691 1.10003 0.861858 0.769508 0.742497 0.467164 0.41844 0.4082 0.662277
threshold=0 0.1106014271151886 1 0.30384615384615393 2 1.0000000180025095e-35 127.50000000000001 45.833333333333336 0.65500000000000014 0.5594117647058825 8.2841666666674438 3 29.500000000000004 13.500000000000002
decision_type=9 10 9 10 1 2 2 2 10 10 8 1 2 2
left_child=10 -2 5 -4 -5 8 7 -7 12 -6 -1 -12 13 -3
right_child=1 2 3 4 9 6 -8 -9 -10 -11 11 -13 -14 -15
leaf_value=-0.0025964313260804718 0.0046903649502720709 -4.6947904699030077e-05 0.0042022940337298632 0.0027243037771841048 -0.0018131271147379471 0.0024772135552696205 -0.002168885593190689 -0.0007233536102626484 0.0028474033977329213 0.0012876512789721129 -0.00047363035704314061 -0.0012445764904601732 -0.0010695717821417006 0.00074447530812072986
leaf_weight=139 168 2402 197 150 155 110 313 243 101 126 1510 1143 217 1576
leaf_count=139 168 2402 197 150 155 110 313 243 101 126 1510 1143 217 1576
internal_value=-5.73279e-06 0.000427671 0.000300326 0.00179459 0.000735726 0.000107376 -0.000874088 0.00027399 0.00025978 -0.000408215 -0.000897865 -0.000812256 0.00019748 0.000266597
internal_weight=8550 5758 5590 628 431 4962 666 353 4296 281 2792 2653 4195 3978
internal_count=8550 5758 5590 628 431 4962 666 353 4296 281 2792 2653 4195 3978
cat_boundaries=0 1 2 3 4
cat_threshold=642106286 3499100161 10 26
is_linear=0
shrinkage=0.03


Tree=49
num_leaves=15
num_cat=2
split_feature=38 37 38 31 25 38 37 23 2 23 5 31 30 30
split_gain=3.78727 3.16701 1.24686 1.18374 0.903077 0.882852 0.85375 0.67633 0.711387 0.912807 1.04143 0.631083 1.02024 2.02532
threshold=2.3859345902999922 0 1.2104923083039483 7.7898305084745774 0.62481481481481493 0.87431041420967437 1 98.500000000000014 1.0000000180025095e-35 145.50000000000003 0.13810000000000003 2.4757543249946594 205.07500000000002 223.82500000000002
decision_type=2 9 2 8 8 2 9 2 2 2 2 10 2 2
left_child=1 2 -1 4 11 -3 -7 -8 9 -9 -11 12 -4 -14
right_child=-2 5 3 -5 -6 6 7 8 -10 10 -12 -13 13 -15
leaf_value=-0.00056282811559679529 0.0055964846239177453 -0.0025772867556416281 0.00050010650403074764 0.0035551676164259729 0.0030972454847723761 -0.0013288463057893336 -1.1079277344394683e-05 -0.0013033211002648174 -0.0019578199022308629 -0.00052439928513485935 0.0033933101187333535 -0.00010345780159215685 0.0054806306506349246 0.0010299995366782485
leaf_weight=696 109 190 1622 138 137 859 2477 344 380 150 103 818 118 418
leaf_count=696 109 190 1622 138 137 859 2477 344 380 150 103 818 118 418
internal_value=4.01524e-05 -3.1521e-05 0.000588073 0.000836276 0.000715747 -0.000574642 -0.000487752 -0.000273934 -0.000943156 -0.000297306 0.00107056 0.000606115 0.000875082 0.0020098
internal_weight=8559 8450 3947 3251 3113 4503 4313 3454 977 597 253 2976 2158 536
internal_count=8559 8450 3947 3251 3113 4503 4313 3454 977 597 253 2976 2158 536
cat_boundaries=0 1 2
cat_threshold=163068946 604012548
is_linear=0
shrinkage=0.03


Tree=50
num_leaves=15
num_cat=1
split_feature=21 24 35 38 32 25 27 38 0 30 38 17 23 25
split_gain=2.67501 2.8016 1.94882 1.4981 0.948267 0.991619 0.839229 0.751283 0.716315 0.673862 1.22405 0.873036 0.62836 0.544128
threshold=261.66666666666669 1.0000000180025095e-35 0 1.8220497745338726 2.5000000000000004 0.19000000000000003 27.999803240740743 0.91356483652093035 11.500000000000002 53.500000000000007 1.8165501118779792 1.0000000180025095e-35 69.500000000000014 0.43223443223443231
decision_type=2 8 1 2 2 10 2 2 2 2 2 2 2 10
left_child=1 3 6 -1 5 -4 7 -3 9 10 11 -9 -8 -14
right_child=-2 2 4 -5 -6 -7 12 8 -10 -11 -12 -13 13 -15
leaf_value=0.00076393927614628752 0.0048226007323712112 -0.0022363785805398638 0.0022496516755972132 0.0059058863159892989 -0.0012022811506627929 -0.00047952183956820386 -0.0014674894643562416 0.00099935455898928676 -0.0010569451185769845 -8.3072819858906751e-05 0.0034457728542459315 -0.0015084578480880323 0.0021814295826524566 0.00064105793286458473
leaf_weight=101 100 141 147 103 1971 648 104 496 511 2673 141 167 260 1001
leaf_count=101 100 141 147 103 1971 648 104 496 511 2673 141 167 260 1001
internal_value=-5.53027e-05 -0.000112934 -0.000198709 0.00336012 -0.000846444 2.51178e-05 0.000128705 -8.42481e-05 -8.15728e-06 0.000145979 0.000907489 0.000367673 0.000773811 0.00095866
internal_weight=8564 8464 8260 204 2766 795 5494 4129 3988 3477 804 663 1365 1261
internal_count=8564 8464 8260 204 2766 795 5494 4129 3988 3477 804 663 1365 1261
cat_boundaries=0 1
cat_threshold=26
is_linear=0
shrinkage=0.03


Tree=51
num_leaves=15
num_cat=2
split_feature=38 37 38 1 37 38 31 22 22 28 32 24 22 28
split_gain=3.13416 2.51726 1.19778 1.24282 1.22914 1.15075 1.1211 1.00554 0.959744 1.13548 1.13907 0.918519 0.892157 0.883579
threshold=2.3859345902999922 0 1.4683473110477221 8.5000000000000018 1 1.5037828173842198 1.2508030341587599 1333.0312500000002 2274.3996250000005 2.8701331018518523 19.500000000000004 11.861166666666652 5081.2375000000002 7.7874305555555567
decision_type=2 9 2 2 9 2 8 2 2 2 2 10 2 2
left_child=1 2 11 7 6 -6 -5 -4 9 -7 -11 -1 13 -13
right_child=-2 -3 3 4 5 8 -8 -9 -10 10 -12 12 -14 -15
leaf_value=-0.0025958017389880626 0.0051267125012560023 -0.00060523220213135206 0.0041282423954970872 0.00035000545494055942 0.002797089219307772 -0.0010928507019131097 0.0039617062203416769 0.0010941962165700321 0.00096183411145448947 0.0027268753496830769 -0.0011577260606395808 0.0010150370199350663 -0.0011137241519278151 -0.00039870603606273518
leaf_weight=123 108 3678 174 138 152 765 176 226 668 166 115 915 447 704
leaf_count=123 108 3678 174 138 152 765 176 226 668 166 115 915 447 704
internal_value=4.84931e-05 -1.6435e-05 0.000438014 0.000876868 0.000594824 0.000293793 0.00230111 0.00241401 7.35106e-05 -0.000493793 0.00113709 -7.72264e-05 7.27179e-05 0.00040029
internal_weight=8555 8447 4769 2580 2180 1866 314 400 1714 1046 281 2189 2066 1619
internal_count=8555 8447 4769 2580 2180 1866 314 400 1714 1046 281 2189 2066 1619
cat_boundaries=0 1 2
cat_threshold=2310539354 136839168
is_linear=0
shrinkage=0.03


Tree=52
num_leaves=15
num_cat=1
split_feature=38 36 31 1 0 27 38 1 27 0 26 24 30 28
split_gain=3.05533 1.50968 0.963058 1.23388 0.709429 0.685299 0.764695 0.754857 0.879949 0.665369 0.700674 1.28885 0.781635 0.638346
threshold=2.3859345902999922 0 4.7969387755102053 61.500000000000007 15.500000000000002 12.999450231481484 2.1110801447168477 85.500000000000014 13.999473379629633 7.5000000000000009 1.0000000180025095e-35 397.60983333333633 181.10000000000002 1.0800810185185188
decision_type=2 9 10 2 2 2 2 2 2 2 10 10 2 2
left_child=1 5 4 -4 -3 13 7 8 -7 -10 -11 12 -12 -1
right_child=-2 2 3 -5 -6 6 -8 -9 9 10 11 -13 -14 -15
leaf_value=0.00016224414620114383 0.0050178811639371148 -0.00048178625333609711 -0.00027362246448591133 0.0031030297895788452 -0.0027466294575255192 0.0024172745844312981 0.0024915244805810669 -0.00052047783239303458 0.00090235063148056771 0.00085047467580333239 0.00094815888839042996 -0.0036034165426654823 -0.0011454941395709713 -0.0020330295122262363
leaf_weight=332 111 3547 268 153 129 231 172 608 1569 495 324 110 318 186
leaf_count=332 111 3547 268 153 129 231 172 608 1569 495 324 110 318 186
internal_value=7.30438e-05 8.02642e-06 -0.000404621 0.000953522 -0.000561265 0.000397138 0.000536665 0.000444671 0.000637258 0.000491241 -2.60261e-05 -0.000602978 -8.88842e-05 -0.00062602
internal_weight=8553 8442 4097 421 3676 4345 3827 3655 3047 2816 1247 752 642 518
internal_count=8553 8442 4097 421 3676 4345 3827 3655 3047 2816 1247 752 642 518
cat_boundaries=0 1
cat_threshold=38
is_linear=0
shrinkage=0.03


Tree=53
num_leaves=15
num_cat=4
split_feature=31 37 30 30 37 37 24 31 23 30 0 24 36 22
split_gain=3.15703 2.33383 1.10977 1.37031 1.09691 0.713698 0.60772 0.690204 1.2618 0.573543 0.55028 0.521256 0.498902 0.64071
threshold=0.1106014271151886 0 40.250000000000007 27.165000000000003 1 2 745.88416666666296 0.7723285486443382 41.500000000000007 72.500000000000014 9.5000000000000018 34.54950000000013 3 472.12500000000006
decision_type=8 9 2 2 9 9 10 8 2 2 2 10 9 2
left_child=-1 2 3 10 -5 -3 7 -4 -9 -10 -2 -11 -7 -14
right_child=1 5 6 4 -6 12 -8 8 9 11 -12 -13 13 -15
leaf_value=0.0047299481115688101 0.0015753129725997429 -0.0015340549602985069 -0.0018961264818131815 0.0011416599319470444 0.0056685491086370474 -0.00029758272674656463 0.0024449544675951835 0.0030726579570700581 -0.0014839007755278375 0.0022414056280333746 -0.00085622278693434149 0.00016831191592027185 0.00015358495471232077 -0.0028964859159380384
leaf_weight=125 193 552 137 117 102 3764 111 139 182 114 148 2570 102 158
leaf_count=125 193 552 137 117 102 3764 111 139 182 114 148 2570 102 158
internal_value=-2.58832e-06 -7.31053e-05 0.000474474 0.00170925 0.00356104 -0.000529262 0.000263367 0.000186296 0.000281235 0.000145852 0.000519984 0.000256364 -0.000387966 -0.00163696
internal_weight=8514 8389 3813 560 219 4576 3253 3142 3005 2866 341 2684 4024 260
internal_count=8514 8389 3813 560 219 4576 3253 3142 3005 2866 341 2684 4024 260
cat_boundaries=0 1 2 3 4
cat_threshold=146286680 9961480 570753536 21
is_linear=0
shrinkage=0.03


Tree=54
num_leaves=15
num_cat=2
split_feature=37 25 37 22 21 1 24 16 27 27 27 30 25 29
split_gain=2.88566 2.77411 1.43279 2.16883 0.667794 0.930458 0.707701 0.626276 0.572266 0.835955 0.909843 0.625014 0.738665 0.515619
threshold=0 0.34891304347826091 1 9756.2500000000018 120.70833333333334 1.0000000180025095e-35 260.24633333333367 1.0000000180025095e-35 30.570040509259261 29.5983275462963 29.998906250000005 253.72500000000002 0.51925925925925942 1.0000000180025095e-35
decision_type=9 10 9 2 2 2 10 2 2 2 2 2 10 2
left_child=1 -1 4 7 5 6 -2 -4 9 11 -11 -7 -13 -9
right_child=2 -3 3 -5 -6 8 -8 13 -10 10 -12 12 -14 -15
leaf_value=0.0064326663799504982 0.00061125374143937016 0.00058200575556991254 -0.0011057993761659775 0.0034540830436162648 -0.00047048806475784684 0.000371824791504265 0.0036005832835152331 -0.00056543928254051512 -0.0010469199150347297 0.0036072760366867959 0.00049960232848778019 -0.0024437020008011671 0.00020778141142544122 0.0008181095061455142
leaf_weight=118 151 191 1980 114 1083 2115 135 1300 285 140 215 167 218 298
leaf_count=118 151 191 1980 114 1083 2115 135 1300 285 140 215 167 218 298
internal_value=-7.17116e-05 0.00272796 -0.000180305 -0.000617772 0.00017847 0.000384135 0.0020223 -0.000749233 0.000234926 0.000362886 0.00172516 0.000169443 -0.000942343 -0.000307431
internal_weight=8510 309 8201 3692 4509 3426 286 3578 3140 2855 355 2500 385 1598
internal_count=8510 309 8201 3692 4509 3426 286 3578 3140 2855 355 2500 385 1598
cat_boundaries=0 1 2
cat_threshold=2098176 2291665042
is_linear=0
shrinkage=0.03


Tree=55
num_leaves=15
num_cat=4
split_feature=21 37 37 25 30 22 7 21 22 28 36 36 30 32
split_gain=2.96673 3.47415 1.66011 1.09413 1.34789 0.583304 0.84211 0.839095 0.682149 0.61829 0.533268 0.50947 0.874984 0.542709
threshold=261.66666666666669 0 1 0.17000000000000001 71.250000000000014 1333.0312500000002 1.0000000180025095e-35 35.500000000000007 1032.6000000000001 1.1472222222222224 2 3 52.500000000000007 8.5000000000000018
decision_type=2 9 9 10 2 2 2 2 2 2 9 9 2 2
left_child=1 5 11 -4 10 8 -7 -8 -1 -10 -5 12 -3 -14
right_child=-2 2 3 4 -6 6 7 -9 9 -11 -12 -13 13 -15
leaf_value=-0.00069430291857636866 0.0050855622079004261 0.0024731415936220138 0.0043208610747776282 0.0018696899428455665 0.0037789937831112178 -0.0023329119139485453 0.0016729890375502471 -0.0011866086203237186 0.0022121241876730167 -0.00069005067343823605 -0.00047360691282132152 -0.00020732423661600408 -0.00062166760652245944 0.00054183942727379752
leaf_weight=2297 102 186 133 122 140 457 116 453 147 120 252 1467 436 2092
leaf_count=2297 102 186 133 122 140 457 116 453 147 120 252 1467 436 2092
internal_value=-7.07567e-08 -6.16928e-05 0.000463562 0.00186674 0.00126804 -0.000767235 -0.00137389 -0.000603633 -0.000527472 0.000907776 0.000328112 0.000242488 0.000485494 0.000341171
internal_weight=8520 8418 4828 647 514 3590 1026 569 2564 267 374 4181 2714 2528
internal_count=8520 8418 4828 647 514 3590 1026 569 2564 267 374 4181 2714 2528
cat_boundaries=0 1 2 3 4
cat_threshold=1984218021 2155878426 17 34
is_linear=0
shrinkage=0.03


Tree=56
num_leaves=15
num_cat=3
split_feature=37 31 35 37 38 1 38 1 21 38 24 24 23 23
split_gain=2.80383 3.08092 1.65814 2.8809 0.778451 0.751091 0.802778 0.70568 0.848285 0.591555 0.569983 0.839365 0.554621 0.906707
threshold=0 0.1106014271151886 1 2 2.1458866039114746 32.500000000000007 1.5963149618008365 139.50000000000003 51.500000000000007 2.1934073772180778 72.609166666669793 37.745500000001051 111.50000000000001 67.500000000000014
decision_type=9 10 1 9 2 2 2 2 2 2 10 10 2 2
left_child=-1 -2 3 -3 5 6 12 8 10 -5 11 -7 13 -4
right_child=1 2 4 9 -6 7 -8 -9 -10 -11 -12 -13 -14 -15
leaf_value=-0.0007586092752377686 0.0045643316721543674 0.004246914924779 0.00058628543889080746 0.00051435488424167615 -0.0030532562672434486 -0.0006578856844927615 0.0021385866039873736 0.0013080306649733814 -0.0018273115201731592 -0.0014072297465754671 -0.0017178725926496553 0.0029638574244961659 0.0015320186255732551 -0.0032743436286684297
leaf_weight=2729 156 178 121 3719 102 134 190 124 559 150 110 101 100 100
leaf_count=2729 156 178 121 3719 102 134 190 124 559 150 110 101 100 100
internal_value=3.37092e-05 0.000404308 0.000290926 0.000616273 -0.000512076 -0.000346982 0.000593032 -0.000814246 -0.00110535 0.000438722 6.44259e-05 0.000898693 -0.000321782 -0.00116061
internal_weight=8573 5844 5688 4047 1641 1539 511 1028 904 3869 345 235 321 221
internal_count=8573 5844 5688 4047 1641 1539 511 1028 904 3869 345 235 321 221
cat_boundaries=0 1 2 3
cat_threshold=1715848113 26 136314880
is_linear=0
shrinkage=0.03


Tree=57
num_leaves=15
num_cat=2
split_feature=38 35 29 1 38 32 23 23 25 27 25 36 32 21
split_gain=1.96545 1.37764 1.02621 0.822201 0.765925 0.62854 0.569269 0.767619 0.553172 0.531588 0.654301 0.528975 0.598714 0.769803
threshold=2.3859345902999922 0 1.0000000180025095e-35 222.50000000000003 1.4723210051369719 2.5000000000000004 18.500000000000004 43.500000000000007 0.30384615384615393 13.999994212962966 0.63484848484848488 1 8.5000000000000018 37.416666666666679
decision_type=2 1 2 2 2 2 2 2 10 2 8 9 2 2
left_child=1 2 4 5 -1 9 8 -8 -6 10 -3 -4 -13 -14
right_child=-2 3 11 -5 6 -7 7 -9 -10 -11 -12 12 13 -15
leaf_value=-0.00065612431338590296 0.0040811391591649643 -0.0007293656004108192 0.0024521322124458561 0.0020521480909959033 0.0032938964173404705 -0.00099323472763654364 -0.00094463076681099774 0.0010092422652387006 0.00029774636477477066 0.0017699491152496532 0.0019029554727429058 -0.00019364701342894955 0.0029532717442515293 0.00060486596199171437
leaf_weight=1556 104 566 120 101 108 1954 367 357 114 129 100 839 134 2010
leaf_count=1556 104 566 120 101 108 1954 367 357 114 129 100 839 134 2010
internal_value=-1.78848e-05 -6.83045e-05 0.000204844 -0.000604096 -0.000246853 -0.000703886 0.000426325 1.88122e-05 0.00175533 7.29315e-06 -0.000334122 0.000569715 0.000484146 0.000751641
internal_weight=8559 8455 5605 2850 2502 2749 946 724 222 795 666 3103 2983 2144
internal_count=8559 8455 5605 2850 2502 2749 946 724 222 795 666 3103 2983 2144
cat_boundaries=0 1 2
cat_threshold=26 4
is_linear=0
shrinkage=0.03


Tree=58
num_leaves=15
num_cat=2
split_feature=31 24 35 35 1 0 30 30 24 27 23 27 27 27
split_gain=2.64213 1.83078 1.31562 1.25228 0.904974 0.522597 0.965994 0.943669 0.816842 0.847347 0.565819 0.484682 0.889887 0.922303
threshold=0.1106014271151886 1.0000000180025095e-35 0 1 217.50000000000003 11.500000000000002 50.500000000000007 11.250000000000002 128.70066666667003 13.999971064814817 100.50000000000001 29.165914351851857 28.365295138888893 28.07513888888889
decision_type=8 8 1 1 2 2 2 2 10 2 2 2 2 2
left_child=-1 2 -2 5 -5 6 7 -3 9 -9 -7 12 13 -8
right_child=1 3 -4 4 -6 10 11 8 -10 -11 -12 -13 -14 -15
leaf_value=0.0043041991875073758 0.0044479786017038621 -0.0012844206180000727 0.00014483231537172847 -0.00073709140290499826 0.0021433819627718013 -0.0011849271372532909 -8.5174874537836959e-05 0.00044425913081410566 0.0035845862506501762 0.0034197891181842847 0.00091940454294101568 0.00072876558581217441 -0.0020487205018647589 0.0021822574729786107
leaf_weight=129 129 114 131 2610 102 463 2892 397 154 110 153 829 195 171
leaf_count=129 129 114 131 2610 102 463 2892 397 154 110 153 829 195 171
internal_value=4.3179e-05 -2.18709e-05 0.0024565 -0.000100549 -0.000626445 0.000160657 0.000265248 0.00123632 0.00167106 0.00108984 -0.00066226 8.11075e-05 -8.36894e-05 4.14105e-05
internal_weight=8579 8450 260 8190 2712 5478 4862 775 661 507 616 4087 3258 3063
internal_count=8579 8450 260 8190 2712 5478 4862 775 661 507 616 4087 3258 3063
cat_boundaries=0 1 2
cat_threshold=18 26
is_linear=0
shrinkage=0.03


Tree=59
num_leaves=15
num_cat=2
split_feature=37 21 38 38 37 0 25 24 24 27 0 38 38 29
split_gain=2.38604 2.66037 2.24035 2.15764 1.33199 0.69875 0.627299 0.752016 0.74068 0.84084 0.600595 0.772943 0.553654 0.506087
threshold=0 193.00000000000003 1.9984360442806604 2.3040562714157726 1 13.500000000000002 0.22290322580645164 167.12350000000211 71.978666666666115 13.999739583333335 9.5000000000000018 1.6356286732295493 0.89787769484481605 2.5000000000000004
decision_type=9 2 2 2 9 2 8 10 10 2 2 2 2 2
left_child=2 3 10 4 12 6 7 8 9 -6 11 -1 -2 -8
right_child=1 -3 -4 -5 5 -7 13 -9 -10 -11 -12 -13 -14 -15
leaf_value=0.00012958237922822052 -0.0029504283380373257 0.0042634129072119656 0.0057037187014417397 -0.0045793982788687572 -0.00034714593896178027 -0.0011506875391067886 -0.00028510040620800424 -0.0013855484871324612 0.0029747024342679468 0.0017387433988173347 -0.00095179761484918957 0.0034906629107755204 -0.00077097948414985528 0.0003265038088769156
leaf_weight=130 113 122 116 100 341 407 2647 121 161 355 109 117 1464 2255
leaf_count=130 113 122 116 100 341 407 2647 121 161 355 109 117 1464 2255
internal_value=-1.09078e-05 -0.000132965 0.00203971 -0.00020048 -0.000144797 5.13623e-05 0.000134653 0.000828377 0.00114096 0.000716778 0.00090311 0.00172167 -0.000921306 -3.75249e-06
internal_weight=8558 8086 472 7964 7864 6287 5880 978 857 696 356 247 1577 4902
internal_count=8558 8086 472 7964 7864 6287 5880 978 857 696 356 247 1577 4902
cat_boundaries=0 1 2
cat_threshold=136315904 654427049
is_linear=0
shrinkage=0.03


Tree=60
num_leaves=15
num_cat=1
split_feature=37 31 30 30 38 22 38 33 25 25 21 1 30 22
split_gain=1.97327 1.85781 1.22655 1.52663 1.02939 0.925922 0.809578 0.618181 0.729448 0.811248 0.7455 0.679256 0.631113 0.626626
threshold=0 0.1106014271151886 40.250000000000007 30.165000000000003 1.6831209597979404 6444.0500000000002 1.6008082641471413 1.0000000180025095e-35 0.43223443223443231 0.53923076923076929 114.53333333333335 28.500000000000004 293.37500000000006 1725.48125
decision_type=9 10 2 2 2 2 2 2 10 10 2 2 2 2
left_child=1 -1 3 6 5 7 -3 8 10 -10 13 -12 -11 -4
right_child=-2 2 4 -5 -6 -7 -8 -9 9 12 11 -13 -14 -15
leaf_value=0.0036491360857882752 -0.00061346381116581178 -0.00085708866359223378 -0.00010696774189746066 0.0036952178276128092 -0.00042838906352203929 -0.00074024032869657937 0.0018859651983310017 0.0017561653814478718 -0.00053971463361483232 0.00031024657847845684 0.00071935478050363596 0.0036164836533444781 0.0028796804000472184 0.0022312361082035327
leaf_weight=149 2942 202 400 198 1983 486 186 410 807 276 128 169 125 139
leaf_count=149 2942 202 400 198 1983 486 186 410 807 276 128 169 125 139
internal_value=1.55254e-05 0.00034306 0.000254264 0.00155172 9.98236e-05 0.000456098 0.00045788 0.000693025 0.000479773 8.30993e-06 0.00116103 0.00236789 0.00111119 0.00049602
internal_weight=8600 5658 5509 586 4923 2940 388 2454 2044 1208 836 297 401 539
internal_count=8600 5658 5509 586 4923 2940 388 2454 2044 1208 836 297 401 539
cat_boundaries=0 1
cat_threshold=2578979905
is_linear=0
shrinkage=0.03


Tree=61
num_leaves=15
num_cat=1
split_feature=21 35 24 32 25 2 23 1 21 38 30 5 38 38
split_gain=4.83282 1.50258 2.35995 0.745603 0.619857 0.57845 0.574073 0.85619 0.854609 0.5115 0.642524 1.05657 1.27584 0.881706
threshold=226.47500000000005 0 1.0000000180025095e-35 2.5000000000000004 0.19000000000000003 1.0000000180025095e-35 125.50000000000001 3.5000000000000004 40.500000000000007 1.3153398888211885 54.750000000000007 0.38195000000000007 1.8069644002058622 1.9484141776421307
decision_type=2 1 8 2 10 2 2 2 2 2 2 2 2 2
left_child=1 2 -1 4 -3 6 9 -8 -9 -4 11 12 -11 -12
right_child=-2 3 5 -5 -6 -7 7 8 -10 10 13 -13 -14 -15
leaf_value=0.0045600779041862034 0.0062946086712604892 0.0018655798666105299 -0.00044358197026639253 -0.00091334890991721343 -0.00023990025316270643 -0.0011954929982431035 0.0031692288600702265 0.0031130222497241836 0.00027764292225429093 0.00076731768242663083 0.0002778330754058934 -0.0016612796923357316 0.0039695639334314942 -0.0014820380116041059
leaf_weight=112 110 156 1276 1998 651 269 122 105 1077 470 1630 110 147 304
leaf_count=112 110 156 1276 1998 651 269 122 105 1077 470 1630 110 147 304
internal_value=4.70668e-05 -3.44841e-05 0.000248476 -0.000600361 0.000167107 0.000161287 0.000230925 0.000776484 0.000529517 5.02266e-05 0.000287017 0.00104735 0.00153025 1.20391e-06
internal_weight=8537 8427 5622 2805 807 5510 5241 1304 1182 3937 2661 727 617 1934
internal_count=8537 8427 5622 2805 807 5510 5241 1304 1182 3937 2661 727 617 1934
cat_boundaries=0 1
cat_threshold=26
is_linear=0
shrinkage=0.03


Tree=62
num_leaves=15
num_cat=4
split_feature=37 21 35 0 37 22 22 36 26 24 27 27 7 24
split_gain=1.57802 2.40867 1.58887 1.60169 1.13002 0.511137 0.857908 0.493226 0.478008 0.501566 0.435411 1.22366 1.09357 0.496005
threshold=0 193.00000000000003 1 8.5000000000000018 2 6402.0500000000002 4530.6635000000015 3 0.21000000000000005 7.486666666665756 13.958015046296298 13.999600694444448 1.0000000180025095e-35 33.871666666665995
decision_type=9 2 1 2 9 2 2 9 8 10 2 2 2 8
left_child=2 4 -1 -4 7 6 8 -2 9 -6 -9 12 -12 -13
right_child=1 -3 3 -5 5 -7 -8 10 -10 -11 11 13 -14 -15
leaf_value=-0.00010029902117446172 -0.0010967390276936137 0.0039512555829390103 0.0054064578587060853 0.00076245906176946807 -0.0024079174772455155 -0.0016622611629869251 0.0020112756591805928 -0.0004412558576602494 0.0014734285271581029 -0.00054792081191065906 0.00066798521181130228 0.0016721409853076021 0.0043994024545647012 9.0904545450755251e-05
leaf_weight=271 265 129 145 124 137 358 121 746 100 2742 170 190 121 2960
leaf_count=271 265 129 145 124 137 358 121 746 100 2742 170 190 121 2960
internal_value=-8.71515e-06 -0.000114929 0.001546 0.00314868 -0.000181388 -0.000587274 -0.000465025 0.000134892 -0.000565606 -0.000636431 0.000215271 0.00035823 0.00221954 0.000186281
internal_weight=8579 8039 540 269 7910 3458 3100 4452 2979 2879 4187 3441 291 3150
internal_count=8579 8039 540 269 7910 3458 3100 4452 2979 2879 4187 3441 291 3150
cat_boundaries=0 1 2 3 4
cat_threshold=136839168 5 3230693464 1
is_linear=0
shrinkage=0.03


Tree=63
num_leaves=15
num_cat=2
split_feature=38 37 2 23 25 30 31 31 24 30 37 38 0 23
split_gain=1.75517 1.2236 1.22849 0.861079 0.476006 0.670603 1.0473 0.639871 1.53275 0.813052 0.785227 1.59316 0.755225 0.499354
threshold=2.3859345902999922 0 1.0000000180025095e-35 138.50000000000003 0.19000000000000003 181.10000000000002 1.3336077947028957 1.0133141338059373 141.45299999999978 52.500000000000007 1 1.5384902224205721 9.5000000000000018 125.50000000000001
decision_type=2 9 2 2 10 2 10 8 10 2 9 2 2 2
left_child=1 -1 4 -4 5 6 -3 8 12 -10 11 -9 -6 -12
right_child=-2 2 3 -5 7 -7 -8 10 9 -11 13 -13 -14 -15
leaf_value=-0.00094021937399820876 0.0037859812803799284 0.00057807166809101989 -0.00039342659204218459 -0.002401971151823007 -0.00095095911938206925 -0.0008008007254593283 0.0033254284229661739 -0.0013400739538345005 0.0026990290084999719 -0.00061824865345525633 -8.5693358675863269e-05 0.0032669980178915842 -0.0036164949097292265 0.00059892141165938278
leaf_weight=1303 106 436 720 262 285 163 175 101 134 132 2979 204 144 1414
leaf_count=1303 106 436 720 262 285 163 175 101 134 132 2979 204 144 1414
internal_value=-5.04022e-05 -9.85159e-05 5.61324e-05 -0.000929311 0.00021314 0.000908861 0.00136496 0.000113291 -0.000736313 0.00105286 0.000238977 0.0016861 -0.00184568 0.000134362
internal_weight=8558 8452 7149 982 6167 774 611 5393 695 266 4698 305 429 4393
internal_count=8558 8452 7149 982 6167 774 611 5393 695 266 4698 305 429 4393
cat_boundaries=0 1 2
cat_threshold=1711604644 136314952
is_linear=0
shrinkage=0.03


Tree=64
num_leaves=15
num_cat=3
split_feature=37 31 25 30 0 37 2 23 35 1 21 24 13 31
split_gain=1.62299 1.8301 1.34911 0.753642 1.24278 0.777491 0.671051 0.684169 0.622535 0.579425 0.62688 0.557274 0.521621 0.514435
threshold=0 0.1106014271151886 0.62481481481481493 36.250000000000007 13.500000000000002 1 1.0000000180025095e-35 135.50000000000003 2 145.50000000000003 161.50000000000003 44.212833333332135 1.0000000180025095e-35 2.4373340707964606
decision_type=9 10 8 2 2 9 2 2 1 2 2 10 2 10
left_child=1 -1 3 4 5 -3 8 -8 11 10 -10 -5 -12 -13
right_child=-2 2 -4 6 -6 -7 7 -9 9 -11 12 13 -14 -15
leaf_value=0.0036628138581092685 -0.00058360996046623998 0.0031233003127437457 0.0026649178542894037 0.0025219791774328247 -0.0017496761128306389 0.00034875595996466778 -8.3667285702672834e-05 -0.0021312891689913593 6.2932081145898133e-05 0.0015866316935085327 -0.002311766221795289 -0.00063373423061044562 -0.0002079300912961256 0.0020495471069315336
leaf_weight=141 2914 219 193 175 100 170 352 252 3115 197 194 174 234 102
leaf_count=141 2914 219 193 175 100 170 352 252 3115 197 194 174 234 102
internal_value=-1.0266e-05 0.000287649 0.000201283 0.000111298 0.00123322 0.00200003 -3.11653e-06 -0.000937973 0.000131613 3.05642e-06 -8.49858e-05 0.00117165 -0.00116154 0.000357913
internal_weight=8532 5618 5477 5284 489 389 4795 604 4191 3740 3543 451 428 276
internal_count=8532 5618 5477 5284 489 389 4795 604 4191 3740 3543 451 428 276
cat_boundaries=0 1 2 3
cat_threshold=3635940440 12060672 2
is_linear=0
shrinkage=0.03


Tree=65
num_leaves=15
num_cat=4
split_feature=37 25 38 31 31 25 36 38 31 25 36 22 37 38
split_gain=1.49818 0.905012 0.716038 0.688796 0.901235 0.734353 0.730419 0.988879 0.716954 0.702135 0.636922 0.645595 0.59659 0.777084
threshold=0 0.62481481481481493 1.2009065966318315 2.4757543249946594 2.3685450375054251 0.53923076923076929 1 2.1219754415830239 1.2712272492314391 0.19000000000000003 2 1461.1986250000002 3 1.4548797697317022
decision_type=9 8 2 10 8 10 9 2 10 10 9 2 9 2
left_child=1 2 -1 4 6 -5 8 -8 9 -4 12 -12 -2 -14
right_child=10 -3 3 5 -6 -7 7 -9 -10 -11 11 -13 13 -15
leaf_value=-0.00069306693947007085 -0.0013605094610030647 0.0024410095551504274 0.00010758510629825447 -0.00073901554597485917 0.0033756141233685154 0.0011957252747670283 0.00072105235833086771 0.0035326377616562597 0.00078424719511301219 -0.0029466582477826924 -0.0007573064498473496 -0.0036075772481773969 -0.00054109533674764161 0.00031689865803137269
leaf_weight=564 427 185 134 668 112 240 1459 122 253 137 208 109 2326 1606
leaf_count=564 427 185 134 668 112 240 1459 122 253 137 208 109 2326 1606
internal_value=-4.33595e-05 0.000392434 0.000290764 0.000468325 0.000753363 -0.00022763 0.000613841 0.000932116 -0.000357418 -0.00143644 -0.000404383 -0.00168424 -0.000307666 -0.00019017
internal_weight=8550 3874 3689 3125 2217 908 2105 1581 524 271 4676 317 4359 3932
internal_count=8550 3874 3689 3125 2217 908 2105 1581 524 271 4676 317 4359 3932
cat_boundaries=0 1 2 3 4
cat_threshold=145230858 17 21 537211649
is_linear=0
shrinkage=0.03


Tree=66
num_leaves=15
num_cat=2
split_feature=38 23 37 32 38 1 31 38 25 37 0 1 38 24
split_gain=2.75057 7.10709 1.47026 0.772544 0.804771 1.16838 0.803514 0.67449 0.629688 0.606611 0.651097 0.690238 0.595356 0.578066
threshold=2.2273705780388373 105.50000000000001 0 2.5000000000000004 1.8996713444077764 17.500000000000004 0.64149109284001382 0.87431041420967437 0.24195121951219514 1 14.500000000000002 217.50000000000003 1.2009065966318315 263.3524999999924
decision_type=2 2 9 2 2 2 8 2 8 9 2 2 2 10
left_child=2 -2 3 4 5 -1 -5 -4 -7 -9 11 -11 13 -8
right_child=1 -3 7 6 -6 8 12 9 -10 10 -12 -13 -14 -15
leaf_value=0.0041683536455163666 0.0069144815222157542 -0.0032252583428203029 -0.0022353857532647009 -0.0023316388072479248 -0.00088089787482333905 -0.00041500656159630249 -0.0014756080396260407 -0.001331631819269463 0.0024020441826468489 -0.00022609058490724181 -0.0017813084780416908 0.0021667929796629843 0.00045372590604062879 0.00040586861168258705
leaf_weight=145 162 101 185 112 112 157 317 526 131 3464 235 112 2543 274
leaf_count=145 162 101 185 112 112 157 317 526 131 3464 235 112 2543 274
internal_value=-7.30425e-08 0.00302051 -9.56359e-05 0.000339749 0.0013858 0.00197211 0.000165164 -0.000460372 0.00086636 -0.000385718 -0.000251009 -0.000151146 0.000254392 -0.000603316
internal_weight=8576 263 8313 3791 545 433 3246 4522 288 4337 3811 3576 3134 591
internal_count=8576 263 8313 3791 545 433 3246 4522 288 4337 3811 3576 3134 591
cat_boundaries=0 1 2
cat_threshold=162274352 603979776
is_linear=0
shrinkage=0.03


Tree=67
num_leaves=15
num_cat=4
split_feature=38 37 22 2 23 37 23 31 1 35 30 30 28 35
split_gain=3.12081 1.29036 0.971287 0.830661 0.753577 0.709131 0.533518 0.820266 0.735178 0.822835 0.57934 0.709382 0.53371 0.529158
threshold=2.3859345902999922 0 11720.000000000002 1.0000000180025095e-35 135.50000000000003 1 125.50000000000001 4.1843694096601078 3.5000000000000004 2 264.02500000000003 106.50000000000001 10.284861111111114 3
decision_type=2 9 2 2 2 9 2 10 2 1 2 2 2 1
left_child=1 2 3 5 -5 -1 -7 8 -8 10 11 -10 -12 -9
right_child=-2 -3 -4 4 -6 6 7 13 9 -11 12 -13 -14 -15
leaf_value=0.0021006667305062494 0.0051615933649456838 -0.00077820920583252277 -0.0023116176713180417 -0.00010146439145319163 -0.0019800021832973949 5.8927094911537925e-05 0.0026919889215451594 0.00035332553922622035 -0.0014993754052887776 0.0020331339481871259 -0.0027738003432378174 0.00070087783623350673 4.5451108151330396e-05 0.0033100530986363689
leaf_weight=184 104 1797 144 655 272 3812 117 100 165 178 125 657 117 152
leaf_count=184 104 1797 144 655 272 3812 117 100 165 178 125 657 117 152
internal_value=-3.63595e-06 -6.70205e-05 0.000125333 0.000179231 -0.000652664 0.000316768 0.000251903 0.000710092 0.00041859 0.00020443 -0.000119486 0.000259221 -0.00141077 0.00228212
internal_weight=8579 8475 6678 6534 927 5607 5423 1611 1359 1242 1064 822 242 252
internal_count=8579 8475 6678 6534 927 5607 5423 1611 1359 1242 1064 822 242 252
cat_boundaries=0 1 2 3 4
cat_threshold=2582908235 2098240 25 3
is_linear=0
shrinkage=0.03


Tree=68
num_leaves=15
num_cat=3
split_feature=21 37 37 38 38 38 37 33 25 21 22 1 38 21
split_gain=1.868 1.66826 1.05402 2.46581 0.931402 0.6605 0.558905 0.521516 0.499562 0.845705 0.755366 0.601603 0.513547 0.603446
threshold=226.47500000000005 0 1 1.8943204502563533 2.2090068696671925 2.1934073772180778 2 1.0000000180025095e-35 0.24695121951219515 125.83333333333336 1037.4500000000003 60.500000000000007 1.8996713444077764 35.500000000000007
decision_type=2 9 9 2 2 2 9 2 10 2 2 2 2 2
left_child=1 2 3 -1 6 7 -3 -4 9 10 -8 -11 -10 -14
right_child=-2 4 5 -5 -6 -7 8 -9 12 11 -12 -13 13 -15
leaf_value=-0.00050081509761906186 0.0039652632064414474 -0.0016165894806315344 0.00019481189493108313 0.0058935881306088587 -0.0031104365199723324 -0.0019398115983662698 0.00024369655899616645 0.0011682148482879792 -0.00056330925229848778 -0.0012157311040012959 0.0030508861687177646 0.0014090375627486783 0.0026102640932453248 -0.00020453501864822144
leaf_weight=116 106 294 3116 102 115 117 193 589 2939 296 156 107 102 209
leaf_count=116 106 294 3116 102 115 117 193 589 2939 296 156 107 102 209
internal_value=7.50215e-06 -4.21396e-05 0.000397829 0.0023818 -0.000444996 0.000278746 -0.000374681 0.000349558 -0.00027871 0.000417397 0.00149849 -0.000518832 -0.000440636 0.000718647
internal_weight=8557 8451 4040 218 4411 3822 4296 3705 4002 752 349 403 3250 311
internal_count=8557 8451 4040 218 4411 3822 4296 3705 4002 752 349 403 3250 311
cat_boundaries=0 1 2 3
cat_threshold=146020558 2097152 536936448
is_linear=0
shrinkage=0.03


Tree=69
num_leaves=15
num_cat=1
split_feature=38 22 27 38 30 27 38 27 27 38 36 1 24 27
split_gain=1.58773 1.38624 1.09263 1.55226 1.15211 1.02369 1.47309 0.718198 0.941028 0.689583 0.874162 0.636544 0.626174 0.690684
threshold=2.3859345902999922 12726.200000000003 29.165914351851857 1.2998300822452145 260.75000000000006 29.99902777777778 1.8128010812306492 28.365295138888893 27.999803240740743 2.09881313774458 0 40.500000000000007 521.52200000000073 27.598420138888894
decision_type=2 2 2 2 2 2 2 2 2 2 9 2 10 2
left_child=1 2 7 -4 5 -5 -7 8 9 12 -11 -10 13 -1
right_child=-2 -3 3 4 -6 6 -8 -9 11 10 -12 -13 -14 -15
leaf_value=-0.00019488454281133441 0.0035751171930491722 -0.0035125203436130984 -0.00089106349295104022 0.002948972847375829 0.0038951720965296941 0.0013831700455388147 -0.0024447347121962977 -0.0017192503973939626 0.0032013226926434209 -0.00083907601288956356 0.0023565075094103241 1.7655421723611652e-05 0.0013947747130965307 -0.0018913025495099387
leaf_weight=6049 111 102 311 177 159 303 129 246 130 118 202 100 214 224
leaf_count=6049 111 102 311 177 159 303 129 246 130 118 202 100 214 224
internal_value=1.04517e-05 -3.62966e-05 6.10652e-06 0.000897043 0.00162113 0.00102742 0.000240115 -0.000125889 -7.01878e-05 -0.000133958 0.00122556 0.00181712 -0.000201022 -0.000255461
internal_weight=8575 8464 8362 1079 768 609 432 7283 7037 6807 320 230 6487 6273
internal_count=8575 8464 8362 1079 768 609 432 7283 7037 6807 320 230 6487 6273
cat_boundaries=0 1
cat_threshold=48
is_linear=0
shrinkage=0.03


Tree=70
num_leaves=15
num_cat=2
split_feature=21 37 32 27 27 24 37 1 2 24 21 23 31 23
split_gain=1.70973 1.62842 1.51229 1.01887 1.04536 0.7223 0.704608 0.441202 0.473633 0.563535 0.542823 0.485286 0.446744 1.08894
threshold=226.47500000000005 0 6.5000000000000009 29.624641203703707 29.99902777777778 128.70066666667003 1 227.50000000000003 1.0000000180025095e-35 606.21066666666422 27.166666666666668 62.500000000000007 1.0823369463999704 87.500000000000014
decision_type=2 9 2 2 2 10 9 2 2 10 2 2 10 2
left_child=1 2 -1 6 -5 -6 -3 8 9 12 -10 -12 13 -8
right_child=-2 3 -4 4 5 -7 7 -9 10 -11 11 -13 -14 -15
leaf_value=0.0049758304228873732 0.0037822113043683415 -0.0012313723645200828 9.433281359088141e-05 0.0032401876646856011 -0.0017780899708851987 0.00076240646133560392 -0.00031153126527329821 0.0014389193920553069 0.00060482903662804433 0.0015260802658939999 0.00019497253767406585 -0.0016679348790847222 -4.9441484023179355e-05 -0.00266272266832779
leaf_weight=109 102 668 120 132 121 601 1138 142 176 175 162 564 4163 210
leaf_count=109 102 668 120 132 121 601 1138 142 176 175 162 564 4163 210
internal_value=-7.86958e-05 -0.00012513 0.00231668 -0.000195463 0.000785436 0.000336645 -0.000308959 -0.000215253 -0.000251235 -0.000149922 -0.000889889 -0.00125224 -0.000203143 -0.000677815
internal_weight=8583 8481 229 8252 854 722 7398 6730 6588 5686 902 726 5511 1348
internal_count=8583 8481 229 8252 854 722 7398 6730 6588 5686 902 726 5511 1348
cat_boundaries=0 1 2
cat_threshold=2097216 570491394
is_linear=0
shrinkage=0.03


Tree=71
num_leaves=15
num_cat=3
split_feature=38 37 31 30 38 37 13 1 35 30 27 21 17 25
split_gain=1.39737 1.51352 1.23189 0.665813 0.957547 1.57091 1.56243 0.678962 0.830204 0.647473 0.643155 0.597232 0.576877 0.540527
threshold=2.3859345902999922 0 0.23920529801324505 53.500000000000007 1.560028863890186 1 1.0000000180025095e-35 133.50000000000003 2 32.165000000000006 25.066701388888891 98.950000000000017 2.5000000000000004 0.62481481481481493
decision_type=2 9 8 2 2 9 2 2 1 2 2 2 2 8
left_child=1 2 -1 4 5 -4 -6 8 11 -8 -9 -5 -3 -10
right_child=-2 12 3 7 6 -7 9 10 13 -11 -12 -13 -14 -15
leaf_value=-0.0027359139110194521 0.0033695368655025956 -0.00062444660101923077 -0.0013982132085502133 -0.00017490287701032794 0.0044344271542569097 0.0018548498756048835 0.0021093048849629599 0.0035474830263381879 0.000178993149246439 -0.00091148065032864932 0.00034540954242402223 -0.0021973201534602649 0.0014515152979642152 0.0021464988676553861
leaf_weight=120 108 3326 264 314 162 251 134 101 3088 122 128 226 125 131
leaf_count=120 108 3326 264 314 162 251 134 101 3088 122 128 226 125 131
internal_value=-2.14098e-05 -6.45354e-05 0.000266766 0.000340529 0.00106198 0.000196127 0.00212876 0.000171744 7.51286e-05 0.000669712 0.00175768 -0.00100275 -0.000547665 0.00025826
internal_weight=8600 8492 5041 4921 933 515 418 3988 3759 256 229 540 3451 3219
internal_count=8600 8492 5041 4921 933 515 418 3988 3759 256 229 540 3451 3219
cat_boundaries=0 1 2 3
cat_threshold=3384290426 1211629634 1
is_linear=0
shrinkage=0.03


Tree=72
num_leaves=15
num_cat=2
split_feature=21 37 37 38 23 38 38 27 26 27 38 21 27 1
split_gain=1.79089 1.84496 0.876946 1.85549 0.907344 0.733314 0.517526 0.717332 0.678155 0.532474 0.830499 0.784432 0.662889 0.644944
threshold=226.47500000000005 0 1 1.566073466764996 42.500000000000007 2.1934073772180778 1.1278393911006763 28.270839120370372 0.027799227799227801 27.999803240740743 1.8834427244884664 121.89166666666668 27.598420138888894 8.5000000000000018
decision_type=2 9 9 2 2 2 2 2 10 2 2 2 2 2
left_child=1 -1 3 -3 -5 6 7 8 -4 12 11 13 -8 -11
right_child=-2 2 5 4 -6 -7 9 -9 -10 10 -12 -13 -14 -15
leaf_value=-0.00057977655890215844 0.0037887792490624095 -0.0011521393813635893 0.00090461347577440617 0.001153002493752865 0.0046375973786537839 -0.0022547897630780236 0.0002716824362564758 -0.0020821107331752539 -0.0014571896666683345 0.0029443761386546839 -0.00088417412836749388 0.0032720322565236945 -0.001744846579609797 0.00058537383754377341
leaf_weight=3453 111 139 321 120 153 107 2465 188 166 121 195 148 156 756
leaf_count=3453 111 139 321 120 153 107 2465 188 166 121 195 148 156 756
internal_value=2.84938e-06 -4.66603e-05 0.000319467 0.00162978 0.00310591 0.000199428 0.000258018 -0.000508073 9.95635e-05 0.000392648 0.000910376 0.00125178 0.00015166 0.000910846
internal_weight=8599 8488 5035 412 273 4623 4516 675 487 3841 1220 1025 2621 877
internal_count=8599 8488 5035 412 273 4623 4516 675 487 3841 1220 1025 2621 877
cat_boundaries=0 1 2
cat_threshold=927318884 136314880
is_linear=0
shrinkage=0.03


Tree=73
num_leaves=15
num_cat=1
split_feature=21 35 24 25 38 27 30 38 28 30 28 24 24 23
split_gain=2.17456 1.04549 0.828413 0.520565 0.513986 0.560108 1.67369 1.10152 0.622895 0.798619 0.52474 0.417264 0.804118 0.895279
threshold=226.47500000000005 0 1.0000000180025095e-35 0.13818181818181821 0.8644968086318604 29.5983275462963 289.02500000000003 1.8996713444077764 13.078443287037038 236.05000000000004 4.3569618055555557 362.38183333334752 263.3524999999924 76.500000000000014
decision_type=2 1 8 10 2 2 2 2 2 2 2 8 10 2
left_child=1 2 -1 -3 -4 11 7 8 9 10 -7 12 -6 -14
right_child=-2 3 4 -5 5 6 -8 -9 -10 -11 -12 -13 13 -15
leaf_value=0.0027091056114295496 0.004365829873457551 0.0012113190271038484 -0.0019178917508169604 -0.00064595972826774612 1.2705852473622958e-06 0.0014494397129433659 0.0044400030398657718 -0.0023400014591119858 -0.00065235573545630488 -0.00038275520864080529 0.0041223672576248642 -0.00061037515452053821 -0.00082011486856249443 0.0024457079423537134
leaf_weight=112 100 143 111 2705 3361 195 103 115 175 142 100 796 107 257
leaf_count=112 100 143 111 2705 3361 195 103 115 175 142 100 796 107 257
internal_value=-3.20576e-05 -8.42767e-05 0.000154786 -0.000550771 0.000102692 0.000144607 0.000860945 0.00035387 0.000860072 0.00146574 0.00235552 1.30959e-05 0.000146326 0.0014857
internal_weight=8522 8422 5574 2848 5462 5351 830 727 612 437 295 4521 3725 364
internal_count=8522 8422 5574 2848 5462 5351 830 727 612 437 295 4521 3725 364
cat_boundaries=0 1
cat_threshold=26
is_linear=0
shrinkage=0.03


Tree=74
num_leaves=15
num_cat=3
split_feature=38 37 38 1 30 32 22 37 38 37 1 27 31 28
split_gain=2.06488 0.863867 0.555805 1.11783 0.873557 0.966827 0.937571 0.767824 0.753366 0.70579 0.695411 0.672533 1.14392 0.618044
threshold=2.3859345902999922 0 1.4639659727593786 18.500000000000004 220.07500000000002 6.5000000000000009 855.05000000000007 1 1.6567591766499532 2 122.50000000000001 17.34057291666667 1.0133141338059373 1.8669155092592595
decision_type=2 9 2 2 2 2 2 9 2 9 2 2 10 2
left_child=1 -1 13 4 5 6 -4 11 -9 -7 -10 12 -5 -3
right_child=-2 2 3 7 -6 9 -8 8 10 -11 -12 -13 -14 -15
leaf_value=-0.00068455487852151864 0.0039921940986572856 0.00030071075873525077 0.0032878665790666596 -0.0020167690340895206 0.0029420561663655591 0.00068701987147429266 0.00043272206974413958 0.00058124791858623194 -0.00082980853268790195 -0.0021616627393911281 0.0011476048828316394 0.0032887976914644243 0.001693950755307688 -0.00052613214593206126
leaf_weight=1514 116 1413 185 108 213 180 235 763 1277 125 183 105 243 1918
leaf_count=1514 116 1413 185 108 213 180 235 763 1277 125 183 105 243 1918
internal_value=1.67765e-05 -3.77199e-05 0.000104064 0.000361707 0.001253 0.000756765 0.00169035 4.96383e-05 -0.000181891 -0.000528822 -0.000581955 0.00115696 0.000552191 -0.000175388
internal_weight=8578 8462 6948 3617 938 725 420 2679 2223 305 1460 456 351 3331
internal_count=8578 8462 6948 3617 938 725 420 2679 2223 305 1460 456 351 3331
cat_boundaries=0 1 2 3
cat_threshold=654430929 142082056 4196352
is_linear=0
shrinkage=0.03


Tree=75
num_leaves=15
num_cat=2
split_feature=31 37 20 0 21 31 13 38 27 31 21 35 23 38
split_gain=2.18811 1.08593 0.680927 0.644528 0.842096 0.740203 0.975266 0.882953 0.651164 0.53477 0.628509 0.532426 0.689202 0.683248
threshold=0.1106014271151886 0 1.0000000180025095e-35 5.5000000000000009 11.500000000000002 2.3252092253795253 0.50000000000000011 1.560028863890186 22.999924768518522 1.1451224889862892 91.450000000000003 1 125.50000000000001 1.782176931283656
decision_type=8 9 2 2 2 10 2 2 2 10 2 1 2 2
left_child=-1 -2 3 4 -3 6 -6 8 -7 -4 -11 12 13 -5
right_child=1 2 9 11 5 7 -8 -9 -10 10 -12 -13 -14 -15
leaf_value=0.0038658253260378151 -0.00067178378202703299 0.0033673678316627764 -0.0029885182954085122 -0.00017342247055150169 0.00059937801094945274 -0.00088990169346845715 0.0033229201418803408 -0.0022227947969001038 0.0019243346978894639 0.00079840627738183212 -0.0019421619659156673 -0.00020936013894166781 0.0021892855385522124 0.0018906877789397203
leaf_weight=126 2296 101 101 763 736 147 141 163 149 163 140 3143 192 178
leaf_count=126 2296 101 101 763 736 147 141 163 149 163 140 3143 192 178
internal_value=-5.82993e-05 -0.00011707 9.20877e-05 0.000176409 0.000726077 0.000526399 0.00103726 -0.000449685 0.000526724 -0.00109803 -0.000467863 -8.31352e-06 0.000546425 0.000217026
internal_weight=8539 8413 6117 5713 1437 1336 877 459 296 404 303 4276 1133 941
internal_count=8539 8413 6117 5713 1437 1336 877 459 296 404 303 4276 1133 941
cat_boundaries=0 1 2
cat_threshold=923632422 18
is_linear=0
shrinkage=0.03


Tree=76
num_leaves=15
num_cat=1
split_feature=38 37 22 38 23 25 23 1 2 38 25 28 25 38
split_gain=3.79324 0.874761 0.888071 0.834302 1.18998 0.61587 0.58324 1.03935 0.480157 0.508905 0.560311 0.482274 0.45791 0.526555
threshold=2.3859345902999922 0 11720.000000000002 2.1110801447168477 82.500000000000014 0.68825910931174106 18.500000000000004 34.500000000000007 1.0000000180025095e-35 1.1793387453695685 0.63484848484848488 24.431944444444447 0.59003601440576248 1.2949306234613742
decision_type=2 9 2 2 2 8 2 2 2 2 10 2 10 2
left_child=1 2 3 5 -5 6 7 -1 9 -8 11 -11 13 -10
right_child=-2 -3 -4 4 -6 -7 8 -9 12 10 -12 -13 -14 -15
leaf_value=2.9170514236255022e-05 0.0056135602284701092 -0.00053519180058969032 -0.0021432589494681858 0.0044495107286958956 0.000524314159303781 0.0019118500810503263 -0.00049746940289693061 0.0031861666098872313 0.00083498335183274162 0.00017236081026440639 0.0021199509237503286 0.0022351556772482583 -0.0024379297195925211 -0.00089835240362841449
leaf_weight=248 111 1893 143 100 228 177 877 151 230 3577 147 105 109 502
leaf_count=248 111 1893 143 100 228 177 877 151 230 3577 147 105 109 502
internal_value=0.000103664 3.16011e-05 0.000194832 0.000246962 0.00172102 0.000167999 0.000116089 0.00122392 3.64011e-05 0.000154394 0.000303698 0.000231186 -0.000623854 -0.000353725
internal_weight=8598 8487 6594 6451 328 6123 5946 399 5547 4706 3829 3682 841 732
internal_count=8598 8487 6594 6451 328 6123 5946 399 5547 4706 3829 3682 841 732
cat_boundaries=0 1
cat_threshold=2582125579
is_linear=0
shrinkage=0.03


Tree=77
num_leaves=15
num_cat=1
split_feature=21 37 38 32 38 27 27 23 38 21 24 21 6 38
split_gain=1.40376 1.39727 1.96699 1.6598 1.00116 0.898341 0.839307 0.62799 0.518766 0.776839 0.642387 0.562857 0.847272 0.465663
threshold=226.47500000000005 0 2.3040562714157726 6.5000000000000009 0.79345283360660634 27.999803240740743 28.280746527777783 183.50000000000003 1.9046735310716294 35.500000000000007 46.346166666668147 65.500000000000014 1.0000000180025095e-35 1.1278393911006763
decision_type=2 9 2 2 2 2 2 2 2 2 10 2 2 2
left_child=1 3 4 -1 -3 8 -7 13 -6 10 -10 -11 -13 -8
right_child=-2 2 -4 -5 5 6 7 -9 9 11 -12 12 -14 -15
leaf_value=0.0051148741869921129 0.0034061530598123138 -0.0029299965091401114 -0.0042054659280094126 -2.0473034709561385e-05 -0.00024765852013396557 0.0029340403149974771 -0.0013089846919391158 0.0024715524329803882 0.00053409740195055453 -0.0011911542916622022 0.0037093456067922395 0.0019983545795202915 -0.00096672847094994628 0.00045941783331525382
leaf_weight=105 109 106 103 123 5719 134 153 125 121 226 109 202 152 1080
leaf_count=105 109 106 103 123 5719 134 153 125 121 226 109 202 152 1080
internal_value=2.33668e-05 -2.02279e-05 -8.56348e-05 0.00224598 -3.35263e-05 4.75146e-06 0.000668902 0.000445391 -0.00014702 0.000563541 0.00203889 -2.15103e-05 0.000725212 0.000239981
internal_weight=8567 8458 8230 228 8127 8021 1492 1358 6529 810 230 580 354 1233
internal_count=8567 8458 8230 228 8127 8021 1492 1358 6529 810 230 580 354 1233
cat_boundaries=0 1
cat_threshold=2098176
is_linear=0
shrinkage=0.03


Tree=78
num_leaves=15
num_cat=1
split_feature=31 35 24 38 1 38 27 0 1 25 27 30 31 31
split_gain=1.13536 0.750204 0.991552 0.862548 0.554955 0.688523 0.739636 0.613628 0.521248 0.604498 0.423119 0.787456 0.819804 0.792198
threshold=0.1106014271151886 0 1.0000000180025095e-35 2.1614926562617698 195.50000000000003 1.9046735310716294 13.999774305555556 13.500000000000002 32.500000000000007 0.24695121951219515 29.165914351851857 289.02500000000003 2.4757543249946594 2.1603571428571429
decision_type=8 1 8 2 2 2 2 2 2 10 2 2 10 10
left_child=-1 2 -2 4 5 7 -7 8 9 -3 -4 12 13 -12
right_child=1 3 10 -5 -6 6 -8 -9 -10 -11 11 -13 -14 -15
leaf_value=0.002913677669664631 0.0029089780452432787 0.0021233833615109323 1.750567488366327e-05 -0.0030440125605972726 0.0016710411356307747 -0.00023720983961041762 0.0029808410764323705 -0.0020811814216883957 -0.00076791921819543139 -0.000152679475177636 0.0002786221248739634 0.0026979017272492907 -0.00111865702746996 0.0027585373001770591
leaf_weight=122 119 125 4489 107 123 161 107 216 1308 657 428 151 244 159
leaf_count=122 119 125 4489 107 123 161 107 216 1308 657 428 151 244 159
internal_value=4.04222e-05 -1.33824e-06 0.000199471 -0.00040095 -0.000297576 -0.000391648 0.00104761 -0.000558916 -0.000401591 0.000211141 0.000140901 0.000704978 0.000342846 0.000950354
internal_weight=8516 8394 5590 2804 2697 2574 268 2306 2090 782 5471 982 831 587
internal_count=8516 8394 5590 2804 2697 2574 268 2306 2090 782 5471 982 831 587
cat_boundaries=0 1
cat_threshold=26
is_linear=0
shrinkage=0.03


Tree=79
num_leaves=15
num_cat=4
split_feature=31 38 35 37 38 37 31 26 37 32 38 32 30 1
split_gain=1.54477 0.906968 0.853999 1.29167 0.880867 0.674759 0.740326 0.465981 0.446588 0.61005 0.533858 0.473368 0.720205 0.475326
threshold=0.1106014271151886 0.79345283360660634 0 1 1.8165501118779792 2 6.3930205949656758 0.020869565217391309 3 3.5000000000000004 2.1934073772180778 34.500000000000007 324.57500000000005 12.500000000000002
decision_type=8 2 1 9 2 9 8 8 9 2 2 2 2 2
left_child=-1 -2 3 4 -3 6 -4 -8 9 -5 11 12 13 -10
right_child=1 2 5 8 -6 -7 7 -9 10 -11 -12 -13 -14 -15
leaf_value=0.0032700214027863695 -0.0027821208265959283 0.0009151717781885184 -0.0010473029467039569 -0.0022803491763496663 0.0044282633510346597 0.0001680726958858456 0.0019520723261072421 -0.00072334137229020437 0.00088545032466319788 -0.00015265818617309635 -0.0015188640361101043 -0.0012016639966029852 0.0027745595755975885 0.00010015208267577917
leaf_weight=128 108 168 1519 153 104 1026 131 106 885 585 156 189 106 3209
leaf_count=128 108 168 1519 153 104 1026 131 106 885 585 156 189 106 3209
internal_value=-9.84661e-07 -5.0563e-05 -1.51775e-05 0.000199667 0.00217833 -0.000443296 -0.000799437 0.000755474 9.3871e-05 -0.000585827 0.000205282 0.000267031 0.000333123 0.00026991
internal_weight=8573 8445 8337 5555 272 2782 1756 237 5283 738 4545 4389 4200 4094
internal_count=8573 8445 8337 5555 272 2782 1756 237 5283 738 4545 4389 4200 4094
cat_boundaries=0 1 2 3 4
cat_threshold=26 169869312 991988102 1677742129
is_linear=0
shrinkage=0.03


Tree=80
num_leaves=15
num_cat=2
split_feature=21 37 38 25 17 38 31 31 37 33 31 31 0 1
split_gain=2.48318 1.82541 2.0116 1.56903 1.20878 0.923707 0.852554 0.685551 0.655137 1.26372 1.63256 0.623516 0.610781 0.540047
threshold=226.47500000000005 0 2.3040562714157726 0.43223443223443231 3.5000000000000004 0.82054491435949195 0.1799720450492425 0.35714348202647267 1 1.0000000180025095e-35 3.3691925433176455 2.0942857142857148 11.500000000000002 50.500000000000007
decision_type=2 9 2 10 2 2 8 8 9 2 8 10 2 2
left_child=1 3 4 -1 5 -3 -7 -8 9 13 11 -11 -10 -9
right_child=-2 2 -4 -5 -6 6 7 8 12 10 -12 -13 -14 -15
leaf_value=0.0049918164735775422 0.0043689793696961342 -0.0025159760004180823 -0.004098930877220742 -2.3448089755570086e-05 0.0032271560471970589 -0.0026361886877154486 0.0021403565862969645 0.00023999543875255911 -0.0001810369223335183 0.001326564170917872 0.0038679171032405327 -0.00080657058309015781 -0.0012563453548342209 -0.00051108807367126943
leaf_weight=122 117 139 112 104 100 113 131 2394 2657 327 175 198 579 1346
leaf_count=122 117 139 112 104 100 113 131 2394 2657 327 175 198 579 1346
internal_value=2.8245e-05 -3.15251e-05 -0.000105595 0.00257018 -5.09071e-05 -9.15829e-05 -4.90336e-05 -1.15866e-05 -4.83121e-05 0.000188224 0.00135853 0.000522068 -0.000372286 -3.03143e-05
internal_weight=8614 8497 8271 226 8159 8059 7920 7807 7676 4440 700 525 3236 3740
internal_count=8614 8497 8271 226 8159 8059 7920 7807 7676 4440 700 525 3236 3740
cat_boundaries=0 1 2
cat_threshold=2098176 1484827226
is_linear=0
shrinkage=0.03


Tree=81
num_leaves=15
num_cat=3
split_feature=21 38 31 37 30 38 37 32 38 35 24 32 31 23
split_gain=1.65978 0.904632 0.803893 0.839013 0.686286 1.11946 1.02913 0.565655 0.563485 0.536963 0.897022 0.878338 0.500348 0.492296
threshold=226.47500000000005 0.82054491435949195 0.1799720450492425 0 52.500000000000007 1.9219452483337924 1 3.5000000000000004 2.2090068696671925 2 45.290999999999777 6.5000000000000009 1.091356184798808 87.500000000000014
decision_type=2 2 8 9 2 2 9 2 2 1 10 2 10 2
left_child=1 -1 -3 8 5 6 -5 12 -4 10 -9 -11 -6 -13
right_child=-2 2 3 4 7 -7 -8 9 -10 11 -12 13 -14 -15
leaf_value=-0.0024188581591641362 0.0037244236799624728 -0.0025368776246822173 -0.00022917430894716409 -0.00024667757693494323 -0.0025983263726385335 0.0037534465876770972 0.0018495804016393693 0.0031686072175999961 -0.0023167488329927438 0.0014721865654701105 0.00031958414305076788 -0.0027031441269421272 -0.00028032874824050953 -0.00045137726772106297
leaf_weight=143 106 112 3847 503 116 118 353 104 120 128 2279 154 302 202
leaf_count=143 106 112 3847 503 116 118 353 104 120 128 2279 154 302 202
internal_value=-6.32852e-06 -5.29574e-05 -1.23813e-05 2.19907e-05 0.000314017 0.00101413 0.000636509 0.000107391 -0.000291587 0.000257707 0.000442067 -0.000645795 -0.000923601 -0.00142546
internal_weight=8587 8481 8338 8226 4259 974 856 3285 3967 2867 2383 484 418 356
internal_count=8587 8481 8338 8226 4259 974 856 3285 3967 2867 2383 484 418 356
cat_boundaries=0 1 2 3
cat_threshold=3042726051 1243611404 26
is_linear=0
shrinkage=0.03


Tree=82
num_leaves=15
num_cat=4
split_feature=31 22 37 38 38 38 17 37 32 2 36 38 0 37
split_gain=1.2186 1.60227 1.79594 1.87892 1.55505 0.879687 0.829066 0.756097 0.713736 0.666071 0.545724 0.73085 0.625126 0.722768
threshold=0.1106014271151886 12726.200000000003 0 1.7006765647729722 2.3040562714157726 0.79345283360660634 3.5000000000000004 1 2.5000000000000004 1.0000000180025095e-35 2 1.649064928204101 6.5000000000000009 3
decision_type=8 2 9 2 2 2 2 9 2 2 9 2 2 9
left_child=-1 2 3 -2 5 -4 7 -7 10 -10 11 -9 -12 -14
right_child=1 -3 4 -5 -6 6 -8 8 9 -11 12 -13 13 -15
leaf_value=0.0032126532903140677 -3.608149620986572e-05 -0.0036529862301407055 -0.0027565147103917487 0.0041235256753439668 -0.003700318591040998 -0.00071789538407551604 0.0026686410514527061 0.0040346446428578524 9.9269124158476456e-05 -0.00085422697266524959 0.0018593497431049855 0.00052826826086389681 -0.0017132000826471456 0.00075804307755742806
leaf_weight=105 198 109 106 193 106 1233 103 107 4775 765 192 107 163 268
leaf_count=105 198 109 106 193 106 1233 103 107 4775 765 192 107 163 268
internal_value=7.10056e-07 -3.93201e-05 8.04518e-06 0.00196682 -9.09632e-05 -4.21485e-05 -4.84485e-06 -4.103e-05 9.0826e-05 -3.2396e-05 0.000907502 0.00217961 0.000428669 -0.000198718
internal_weight=8530 8425 8316 391 7925 7819 7713 7610 6377 5540 837 214 623 431
internal_count=8530 8425 8316 391 7925 7819 7713 7610 6377 5540 837 214 623 431
cat_boundaries=0 1 2 3 4
cat_threshold=136314888 621072544 34 3229614082
is_linear=0
shrinkage=0.03


Tree=83
num_leaves=15
num_cat=4
split_feature=31 2 37 35 37 38 30 38 5 38 22 37 21 38
split_gain=1.3379 0.659776 0.689118 0.852125 0.869885 0.679248 0.871733 1.34306 1.32288 1.04414 0.679917 0.656091 0.553861 0.876116
threshold=0.1106014271151886 1.0000000180025095e-35 0 1 2 0.99730560747429264 52.500000000000007 1.5259180408984732 0.17425000000000002 2.2758864836952273 393.00000000000006 3 161.50000000000003 1.8602933677990403
decision_type=8 2 9 1 9 2 2 2 2 2 2 9 2 2
left_child=-1 2 -2 4 -4 -5 7 11 10 12 -9 -7 -8 -14
right_child=1 -3 3 5 -6 6 9 8 -10 -11 -12 -13 13 -15
leaf_value=0.0030328214859279496 -0.0006348273498243814 -0.00075594867057159586 0.00013664496668542808 -0.0012340103092102926 0.0020796750976746934 -0.0017599235979029008 0.00012365606135145415 0.0021026779048633377 -0.00057619612447784411 -0.0029764695072476114 0.005030815267147353 0.00063829077437871178 -0.0017415252564363609 0.0014438709640635713
leaf_weight=126 1192 1131 458 368 381 145 3553 183 112 109 117 295 337 101
leaf_count=126 1192 1131 458 368 381 145 3553 183 112 109 117 295 337 101
internal_value=-3.58172e-05 -8.14017e-05 2.23818e-05 0.000150363 0.0010331 9.47242e-06 0.000101899 0.000975061 0.00220597 -7.95483e-05 0.00324465 -0.000177522 -4.2923e-07 -0.00100699
internal_weight=8608 8482 7351 6159 839 5320 4952 852 412 4100 300 440 3991 438
internal_count=8608 8482 7351 6159 839 5320 4952 852 412 4100 300 440 3991 438
cat_boundaries=0 1 2 3 4
cat_threshold=605377205 2 2160066560 141033472
is_linear=0
shrinkage=0.03


Tree=84
num_leaves=15
num_cat=4
split_feature=21 37 0 31 37 29 13 25 7 21 21 31 35 36
split_gain=1.75635 1.17876 1.36509 0.872145 0.695787 0.659257 0.503731 0.550784 0.447265 1.43442 0.58405 0.415898 0.65839 0.383887
threshold=226.47500000000005 0 6.5000000000000009 1.5004810776138553 1 1.0000000180025095e-35 0.50000000000000011 0.19000000000000003 1.5000000000000002 121.26666666666668 98.950000000000017 2.4757543249946594 2 3
decision_type=2 9 2 8 9 2 2 10 2 2 2 10 1 9
left_child=1 2 -1 -4 8 -5 7 -6 11 10 -10 -3 13 -13
right_child=-2 4 3 5 6 -7 -8 -9 9 -11 -12 12 -14 -15
leaf_value=0.0039250563136670443 0.0038075310861640562 0.00012879561589537053 -0.0012563853295353851 0.0034273318472482703 -0.0028002115703879967 4.8806784050714856e-05 0.00079562706555763455 -0.0006052734860014764 0.0011152843908236007 -0.0012760214146190997 0.0036051450053595801 -0.00021334824539689706 -0.00073345024149058151 0.0023171457748331534
leaf_weight=139 109 3738 157 102 109 106 217 1836 349 209 112 109 1232 101
leaf_count=139 109 3738 157 102 109 106 217 1836 349 209 112 109 1232 101
internal_value=2.35233e-05 -2.49099e-05 0.00136788 0.000431531 -0.000114089 0.00170558 -0.000572677 -0.00072828 5.60801e-05 0.000785555 0.0017202 -3.81646e-05 -0.000470964 0.0010537
internal_weight=8625 8516 504 365 8012 208 2162 1945 5850 670 461 5180 1442 210
internal_count=8625 8516 504 365 8012 208 2162 1945 5850 670 461 5180 1442 210
cat_boundaries=0 1 2 3 4
cat_threshold=136840256 2245027853 2 16
is_linear=0
shrinkage=0.03


Tree=85
num_leaves=15
num_cat=3
split_feature=38 23 21 37 25 27 38 21 27 1 1 37 37 38
split_gain=1.44939 6.01108 0.762234 0.794965 0.794223 0.718648 0.500574 0.783104 0.50541 0.47974 0.454362 0.754621 0.698815 0.731988
threshold=2.2273705780388373 105.50000000000001 208.16666666666671 0 0.62481481481481493 27.440329861111113 1.9046735310716294 35.500000000000007 10.891996527777779 179.50000000000003 21.500000000000004 1 2 1.4963792246677974
decision_type=2 2 2 9 8 2 2 2 2 2 2 9 9 2
left_child=2 -2 3 4 9 -6 8 -8 -5 -1 11 -10 13 -12
right_child=1 -3 -4 6 5 -7 7 -9 10 -11 12 -13 -14 -15
leaf_value=0.0001703188554100132 0.0061875259672917694 -0.0032778244717594452 -0.0021119785824557764 -0.0021352082461295325 0.0036117714294232428 0.00019965910027488408 0.0024714152170751845 -0.00027990120105560439 -0.00028740918377225623 0.0021186850927411936 -0.00036283603656806754 0.0016677793231508809 -0.0011002103840631443 0.001691864370594959
leaf_weight=4080 148 102 150 145 122 102 146 257 634 117 997 236 1067 185
leaf_count=4080 148 102 150 145 122 102 146 257 634 117 997 236 1067 185
internal_value=7.5306e-05 0.00232566 7.01401e-06 4.63128e-05 0.000316811 0.00205804 -0.000279905 0.000716854 -0.00040383 0.000224634 -0.00032334 0.00025883 -0.000548546 -4.08998e-05
internal_weight=8488 250 8238 8088 4421 224 3667 403 3264 4197 3119 870 2249 1182
internal_count=8488 250 8238 8088 4421 224 3667 403 3264 4197 3119 870 2249 1182
cat_boundaries=0 1 2 3
cat_threshold=2310016034 641765376 1111793856
is_linear=0
shrinkage=0.03


Tree=86
num_leaves=15
num_cat=0
split_feature=38 31 1 38 1 38 30 30 31 38 23 31 31 31
split_gain=0.894914 0.858153 0.581389 0.493031 0.489077 0.911744 0.765892 0.862074 0.70762 0.689328 0.51881 0.432347 0.413855 0.557804
threshold=2.3859345902999922 0.23920529801324505 280.50000000000006 0.82054491435949195 12.500000000000002 1.4548797697317022 212.12500000000003 52.500000000000007 7.4976562500000012 1.9347492405578874 72.500000000000014 3.6235752716062195 1.548166151126823 0.73226861167002022
decision_type=2 8 2 2 2 2 2 2 10 2 2 10 8 10
left_child=1 -1 3 -3 5 11 7 -7 -6 10 -9 12 13 -5
right_child=-2 2 -4 4 8 6 -8 9 -10 -11 -12 -13 -14 -15
leaf_value=-0.0019681950906836766 0.0026974230951681321 -0.0017905746632196169 0.0022041855981345024 0.0012031323594124158 -0.0001791323868727308 0.0024449761347253964 0.0029717700556723464 -0.00035099819523763827 0.0015795827295932866 -0.002207110719386451 0.0021781461351081605 -0.0020250245298067218 0.0006708328608720091 -0.0014156145312542382
leaf_weight=205 108 141 106 101 6175 178 174 184 213 101 121 102 438 266
leaf_count=205 108 141 106 101 6175 178 174 184 213 101 121 102 438 266
internal_value=-1.62654e-05 -5.0725e-05 -3.36578e-06 -3.19233e-05 -1.13108e-06 0.000456806 0.00122473 0.000704212 -0.00012049 -5.89807e-05 0.000652367 -0.000184967 4.81835e-05 -0.000694924
internal_weight=8613 8505 8300 8194 8053 1665 758 584 6388 406 305 907 805 367
internal_count=8613 8505 8300 8194 8053 1665 758 584 6388 406 305 907 805 367
is_linear=0
shrinkage=0.03


Tree=87
num_leaves=15
num_cat=2
split_feature=38 2 37 38 17 22 25 31 37 31 22 24 31 31
split_gain=0.78014 1.01151 0.634013 0.703232 0.532239 0.524049 0.505141 0.6279 0.579803 0.487524 0.404663 0.454743 0.379664 0.708707
threshold=2.3859345902999922 1.0000000180025095e-35 0 1.8409241378457162 1.0000000180025095e-35 2488.8378750000002 0.37750000000000006 2.9393877551020409 1 7.7898305084745774 1443.4020000000003 155.83100000000329 5.1020956475013444 4.1843694096601078
decision_type=2 2 9 2 2 2 10 8 9 10 2 10 10 10
left_child=1 2 3 5 -5 -1 7 8 -3 12 11 -8 13 -4
right_child=-2 6 9 4 -6 -7 10 -9 -10 -11 -12 -13 -14 -15
leaf_value=-0.00047781604998809048 0.0025815164481907665 -0.0022208114285285773 0.00022491561910688529 -0.00022477053037040271 0.002560609821731963 -0.0025692975657629004 0.00012562306821468827 0.0020387191070442637 0.00036296950949525294 0.0020989818808291321 -0.0021498636682058393 -0.001853799702315008 -0.00097230769213834029 0.0020953821449398273
leaf_weight=1250 107 118 5150 132 116 118 247 103 199 130 299 181 223 189
leaf_count=1250 107 118 5150 132 116 118 247 103 199 130 299 181 223 189
internal_value=3.59482e-05 3.73345e-06 0.00013373 -0.000389352 0.00107807 -0.000658222 -0.000824528 3.77341e-06 -0.000657423 0.000282425 -0.00130305 -0.000711469 0.000240474 0.00029113
internal_weight=8562 8455 7308 1616 248 1368 1147 420 317 5692 727 428 5562 5339
internal_count=8562 8455 7308 1616 248 1368 1147 420 317 5692 727 428 5562 5339
cat_boundaries=0 1 2
cat_threshold=1713410979 809500672
is_linear=0
shrinkage=0.03


Tree=88
num_leaves=15
num_cat=2
split_feature=30 37 38 23 35 38 22 0 30 22 30 5 2 22
split_gain=0.746815 0.64404 0.635101 3.12406 3.20887 1.56643 0.500314 0.802804 0.724386 0.892118 0.720893 0.433902 0.402526 0.479041
threshold=2.2500000000000004 0 2.1110801447168477 105.50000000000001 1 2.2273705780388373 6444.0500000000002 8.5000000000000018 104.50000000000001 7391.3750000000009 197.10000000000002 0.22400000000000003 1.0000000180025095e-35 2274.3996250000005
decision_type=2 9 2 2 1 2 2 2 2 2 2 2 2 2
left_child=-1 -2 6 4 -4 -5 12 8 -8 -10 -11 -9 13 -3
right_child=1 2 3 5 -6 -7 7 11 9 10 -12 -13 -14 -15
leaf_value=-0.0023440868767350912 -0.00084529747696799056 4.5725764046001868e-05 0.0063942456360853899 0.00095516583985175076 -0.00035396513983563746 -0.004157861004977558 0.0019490857904030854 -0.0024339425388959202 -0.0027036878753701342 -0.0011773823862833693 0.0017169640173054878 -9.9710987607249987e-05 -0.00051068083750574499 0.00072521324923539984
leaf_weight=125 744 4324 132 112 121 104 137 253 124 151 159 100 845 1191
leaf_count=125 744 4324 132 112 121 104 137 253 124 151 159 100 845 1191
internal_value=-4.21071e-05 -8.2425e-06 7.30797e-05 0.00114323 0.00340559 -0.00150666 4.27558e-06 -0.000648029 4.72504e-05 -0.000553099 0.000307137 -0.00177269 9.90443e-05 0.000192465
internal_weight=8622 8497 7753 469 253 216 7284 924 571 434 310 353 6360 5515
internal_count=8622 8497 7753 469 253 216 7284 924 571 434 310 353 6360 5515
cat_boundaries=0 1 2
cat_threshold=537956896 19
is_linear=0
shrinkage=0.03


Tree=89
num_leaves=15
num_cat=2
split_feature=38 37 30 22 31 38 38 37 23 31 23 30 27 27
split_gain=1.90936 0.850969 0.788291 0.687557 0.732389 0.466398 0.955974 1.01679 0.644387 0.768564 0.636646 0.606322 0.803103 1.35497
threshold=2.3859345902999922 0 3.2500000000000004 11720.000000000002 0.35714348202647267 1.4639659727593786 1.5079842509713071 1 151.50000000000003 2.2583927231807954 156.50000000000003 161.12500000000003 13.999658564814817 29.165914351851857
decision_type=2 9 2 2 8 2 2 9 2 8 2 2 2 2
left_child=1 -1 -3 4 -4 8 -7 -8 9 -6 11 -9 -13 -14
right_child=-2 2 3 -5 5 6 7 10 -10 -11 -12 12 13 -15
leaf_value=-0.00093703467892765509 0.0040218647971785471 -0.0025622954786356004 0.0021435190563985182 -0.0019619940311941726 -6.4630055250816034e-06 0.0019170904673165659 0.001308277618619156 -0.00037459896873398953 0.0009025181287892354 -0.00099325282616435483 -0.0011736121857772765 0.0027289125319332518 -0.00068901524742415068 0.0016441933226609029
leaf_weight=933 103 105 154 149 2166 301 550 1147 433 1057 418 141 530 388
leaf_count=933 103 105 154 149 2166 301 550 1147 433 1057 418 141 530 388
internal_value=-3.81031e-05 -8.7463e-05 1.88949e-05 5.53778e-05 9.66391e-05 5.24349e-05 0.000301292 0.000148061 -0.000184102 -0.000330086 -9.97302e-05 0.0001033 0.000620912 0.000297134
internal_weight=8575 8472 7539 7434 7285 7131 3475 3174 3656 3223 2624 2206 1059 918
internal_count=8575 8472 7539 7434 7285 7131 3475 3174 3656 3223 2624 2206 1059 918
cat_boundaries=0 1 2
cat_threshold=553931689 208175106
is_linear=0
shrinkage=0.03


Tree=90
num_leaves=15
num_cat=4
split_feature=38 31 37 38 35 21 25 37 28 28 32 26 37 30
split_gain=1.0573 0.929269 0.652015 0.466419 0.435053 0.773791 0.748977 0.569426 0.488273 0.647416 0.4812 0.619735 0.691538 0.624886
threshold=2.3859345902999922 0.23920529801324505 0 0.82054491435949195 1 105.28333333333335 0.24195121951219514 2 1.0000000180025095e-35 6.9605208333333346 29.500000000000004 0.020869565217391309 3 187.10000000000002
decision_type=2 8 9 2 1 2 10 9 2 2 2 10 9 2
left_child=1 -1 -3 -4 7 6 8 -5 -6 -10 11 12 -9 -13
right_child=-2 2 3 4 5 -7 -8 10 9 -11 -12 13 -14 -15
leaf_value=-0.0020914953408436368 0.0029211260750043118 -0.00072108401261815477 -0.0017648390513229167 0.0023345822568738919 0.00036610990403813975 -0.0014945654347693232 -0.00021908502295031365 -0.0016290281453907522 0.0038317528627451183 0.00046811321108303601 -0.0009188306106314544 0.00033483696317647996 0.00079670957782661267 -0.0010249355724571898
leaf_weight=194 110 962 118 116 419 332 2264 103 103 103 279 883 2131 464
leaf_count=194 110 962 118 116 419 332 2264 103 103 103 279 883 2131 464
internal_value=-1.15596e-06 -3.91032e-05 9.00169e-06 0.000105857 0.000136675 -0.000122537 3.47102e-05 0.000346104 0.000954058 0.00214993 0.000280468 0.00037469 0.000681144 -0.000133563
internal_weight=8581 8471 8277 7315 7197 3221 2889 3976 625 206 3860 3581 2234 1347
internal_count=8581 8471 8277 7315 7197 3221 2889 3976 625 206 3860 3581 2234 1347
cat_boundaries=0 1 2 3 4
cat_threshold=621036320 10 35651584 1342177280
is_linear=0
shrinkage=0.03


Tree=91
num_leaves=15
num_cat=2
split_feature=30 31 28 22 37 17 37 33 25 23 26 23 31 24
split_gain=0.907164 1.45445 3.68861 0.932444 0.91543 0.579049 0.525041 0.498837 0.455843 0.824247 0.755505 1.02048 0.454551 0.487728
threshold=2.2500000000000004 0.1106014271151886 1.177337962962963 12726.200000000003 0 3.5000000000000004 1 1.0000000180025095e-35 0.26235294117647062 18.500000000000004 0.04083333333333334 70.500000000000014 7.1358333333333341 27.198500000000063
decision_type=2 10 2 2 9 2 9 2 10 2 8 2 10 10
left_child=-1 2 7 4 -3 6 -6 -2 9 -8 -11 -12 13 -10
right_child=1 3 -4 -5 5 -7 8 -9 12 10 11 -13 -14 -15
leaf_value=-0.0025767264290526507 -0.0014897317776496224 0.0021475369471590966 0.0066258271674786767 -0.0028002115151528934 -0.00052243197183980748 0.002070441006174819 0.0021684885255061088 0.0013328342986418506 -0.001203642459094296 -0.00030169366546185187 0.0039139233958229679 0.00025260123158608313 0.0011900553163606672 -8.6972287015231521e-05
leaf_weight=125 123 158 104 112 2119 110 225 104 390 815 101 213 225 3615
leaf_count=125 123 158 104 112 2119 110 225 104 390 815 101 213 225 3615
internal_value=-3.98052e-05 -2.11622e-06 0.00194702 -8.19336e-05 -4.37393e-05 -9.06854e-05 -0.000121664 -0.000196574 3.12973e-05 0.000510443 0.000180009 0.00143029 -0.000122001 -0.000195712
internal_weight=8539 8414 331 8083 7971 7813 7703 227 5584 1354 1129 314 4230 4005
internal_count=8539 8414 331 8083 7971 7813 7703 227 5584 1354 1129 314 4230 4005
cat_boundaries=0 1 2
cat_threshold=2097152 626103061
is_linear=0
shrinkage=0.03


Tree=92
num_leaves=15
num_cat=2
split_feature=31 37 11 37 38 22 30 1 38 21 24 1 24 38
split_gain=2.01178 1.40636 0.554424 0.826747 1.36608 1.7013 0.704561 0.641589 0.550264 1.08762 0.516303 0.417425 0.751943 0.399343
threshold=0.1106014271151886 0 1.0000000180025095e-35 1 1.5963149618008365 280.4500000000001 30.165000000000003 44.500000000000007 1.9347492405578874 87.725000000000009 45.290999999999777 1.0000000180025095e-35 260.24633333333367 2.0659085907662513
decision_type=8 9 2 9 2 2 2 2 2 2 10 2 8 2
left_child=-1 -2 3 8 6 -6 -5 -7 11 -10 -4 12 -3 -11
right_child=1 2 10 4 5 7 -8 -9 9 13 -12 -13 -14 -15
leaf_value=0.0037623045832151547 -0.00052096596480857632 -0.00012214204081549093 -0.0027437536608319259 -0.0019068256022467703 0.0046572373128230017 0.0022285909424170328 0.0012046029485445753 -0.00095240431397946343 -0.0020587327569538622 -0.00040870192103441164 9.4995963652013933e-05 0.00021500602505109708 0.0028140722910490082 0.0021579617732068864
leaf_weight=128 3217 156 103 131 175 121 131 108 265 116 131 3617 158 103
leaf_count=128 3217 156 103 131 175 121 131 108 265 116 131 3617 158 103
internal_value=2.91713e-05 -2.68345e-05 0.000272715 0.000338982 0.00131631 0.00243024 -0.000351111 0.000728384 0.000188145 -0.000765916 -0.00115454 0.000306092 0.00135532 0.00079845
internal_weight=8660 8532 5315 5081 666 404 262 229 4415 484 234 3931 314 219
internal_count=8660 8532 5315 5081 666 404 262 229 4415 484 234 3931 314 219
cat_boundaries=0 1 2
cat_threshold=4144071589 12867602
is_linear=0
shrinkage=0.03


Tree=93
num_leaves=15
num_cat=0
split_feature=21 38 38 29 26 24 25 33 38 38 31 1 31 24
split_gain=2.10793 0.536618 0.449584 0.549259 0.57067 0.812052 0.556746 1.06669 1.01936 0.824069 0.647203 0.531377 0.648901 0.53067
threshold=226.47500000000005 0.79345283360660634 2.339954998248738 2.5000000000000004 1.0000000180025095e-35 403.83366666667052 0.4497297297297298 1.0000000180025095e-35 1.5308141584993853 1.4234552019505846 1.4919352507587804 58.500000000000007 2.292361087676754 159.31983333333397
decision_type=2 2 2 2 8 10 8 2 2 2 8 2 10 10
left_child=1 -1 3 4 5 13 9 -8 -9 -5 -11 12 -12 -3
right_child=-2 2 -4 6 -6 -7 7 8 -10 10 11 -13 -14 -15
leaf_value=-0.0021019786563830091 0.0042071619231460813 -0.00027860981967374834 -0.0019341418412514031 -0.00077008352228930519 0.00015925150679078182 0.0015051136227345187 -0.00022027182481431076 0.0036382490733597914 -0.0001096268447731892 0.00020912360590125335 0.0028985231106162246 0.0036072040878072451 -0.00015281229666093502 -0.001212625753703066
leaf_weight=109 108 1725 105 171 3119 181 1408 138 124 206 128 162 123 802
leaf_count=109 108 1725 105 171 3119 181 1408 138 124 206 128 162 123 802
internal_value=4.23389e-05 -1.05727e-05 1.65917e-05 4.13084e-05 -0.000117384 -0.000436005 0.000417203 0.000106792 0.00186445 0.00107339 0.00158265 0.00226775 0.00140325 -0.000575041
internal_weight=8609 8501 8392 8287 5827 2708 2460 1670 262 790 619 413 251 2527
internal_count=8609 8501 8392 8287 5827 2708 2460 1670 262 790 619 413 251 2527
is_linear=0
shrinkage=0.03


Tree=94
num_leaves=15
num_cat=2
split_feature=38 29 21 37 25 21 31 31 38 37 38 25 31 31
split_gain=1.07532 4.07187 1.19099 0.740469 0.500454 0.631004 0.557738 0.71416 0.569941 0.788113 0.662569 0.85444 0.711658 1.20301
threshold=2.2273705780388373 2.5000000000000004 208.16666666666671 0 0.29772727272727278 21.500000000000004 2.5647058434165593 2.4757543249946594 1.2009065966318315 1 1.8883952574813831 0.53518821603927991 1.2808240993126334 1.548166151126823
decision_type=2 2 2 9 10 2 8 10 2 9 2 10 10 10
left_child=2 -2 3 -1 5 -5 7 8 -6 -10 11 12 -11 -14
right_child=1 -3 -4 4 6 -7 -8 -9 9 10 -12 -13 13 -15
leaf_value=-0.00047247699847222899 0.0057895976573326471 -0.0018530250314667115 -0.002746809172272986 0.0023922526768473968 -0.0012995557040893133 0.00040171534631427009 0.00040080479555294762 -0.0025982604648373325 -0.00087732205931031636 0.0028071102977264674 -0.00090663366800419385 -0.0012286368842711144 -0.0020525739166157271 0.001303974898655589
leaf_weight=2327 124 127 147 157 358 1646 1615 118 602 186 262 159 117 538
leaf_count=2327 124 127 147 157 358 1646 1615 118 602 186 262 159 117 538
internal_value=-1.17193e-05 0.00192261 -7.06986e-05 -2.20421e-05 0.000160535 0.000575046 -2.80249e-05 -0.000323991 -0.000203215 7.34843e-06 0.000432876 0.000788157 0.00116945 0.000704408
internal_weight=8483 251 8232 8085 5758 1803 3955 2340 2222 1864 1262 1000 841 655
internal_count=8483 251 8232 8085 5758 1803 3955 2340 2222 1864 1262 1000 841 655
cat_boundaries=0 1 2
cat_threshold=1665495451 2491416608
is_linear=0
shrinkage=0.03


Tree=95
num_leaves=15
num_cat=3
split_feature=37 21 38 22 0 38 31 37 0 28 30 0 31 35
split_gain=1.09553 1.4854 2.28771 1.29823 1.81838 1.11677 0.600363 0.444901 0.631433 0.540317 0.869089 0.458908 0.422167 0.377612
threshold=0 193.00000000000003 2.3040562714157726 12726.200000000003 6.5000000000000009 1.7596468718091531 0.1799720450492425 1 11.500000000000002 3.7224016203703707 54.750000000000007 10.500000000000002 1.5558757604867117 2
decision_type=9 2 2 2 2 2 8 9 2 2 2 2 10 1
left_child=3 2 6 4 -1 -6 -2 9 13 10 11 -8 -11 -9
right_child=1 -3 -4 -5 5 -7 7 8 -10 12 -12 -13 -14 -15
leaf_value=0.0053223369624309175 -0.0021270540747941741 0.0031788385169953105 -0.0043363515607167131 -0.0015241355325381915 -0.00085955242070723421 0.0032259318106533852 0.00058690132716087838 0.00015708409208729581 -0.00083859140424765821 0.00047335496753232904 -0.00059704627724194756 0.0031683762922883035 0.0031156636453312583 -0.00037236077699548815
leaf_weight=119 124 125 114 104 147 102 163 4242 920 101 456 100 118 1686
leaf_count=119 124 125 114 104 147 102 163 4242 920 101 456 100 118 1686
internal_value=1.59373e-05 -6.62022e-05 -0.000116837 0.00140568 0.00227187 0.000814019 -5.60246e-05 -2.30413e-05 -0.00010719 0.000586188 0.000195062 0.00156845 0.00189706 6.13996e-06
internal_weight=8621 8149 8024 472 368 249 7910 7786 6848 938 719 263 219 5928
internal_count=8621 8149 8024 472 368 249 7910 7786 6848 938 719 263 219 5928
cat_boundaries=0 1 2 3
cat_threshold=136314880 8401096 26
is_linear=0
shrinkage=0.03


Tree=96
num_leaves=15
num_cat=2
split_feature=22 24 38 38 30 38 25 35 0 30 38 38 36 29
split_gain=0.923758 0.718033 1.23021 1.03694 0.44741 0.408495 0.467241 0.384249 0.399346 0.564672 0.6887 0.611293 0.865919 0.720674
threshold=14292.450000000003 1.0000000180025095e-35 2.2758864836952273 1.782176931283656 2.2500000000000004 0.82054491435949195 0.070000000000000021 0 11.500000000000002 50.500000000000007 1.8165501118779792 1.6134496801343488 1 4.5000000000000009
decision_type=2 8 2 2 2 2 10 1 2 2 2 2 9 2
left_child=1 3 4 -1 -3 -6 -7 8 9 10 -8 -11 -13 -14
right_child=-2 2 -4 -5 5 6 7 -9 -10 11 -12 12 13 -15
leaf_value=-0.00060533796456875273 0.0028262898931279779 -0.0018743703278167113 -0.0029484357841925773 0.0035633238944514042 -0.0016862334092773163 0.0018658790886678241 0.00054096042221477611 -0.00035220786589769794 -0.00061827180988184886 0.00033550778831499875 0.0029799980843173606 0.0014206570492016758 -0.00051493571667783036 -0.0031132408173621764
leaf_weight=100 100 122 136 116 134 117 602 2469 614 2503 126 186 1130 105
leaf_count=100 100 122 136 116 134 117 602 2469 614 2503 126 186 1130 105
internal_value=-4.01886e-05 -7.40713e-05 -0.000118808 0.00163339 -7.13453e-05 -4.3801e-05 -1.57717e-05 -4.42336e-05 0.00010064 0.000195743 0.000963102 5.33785e-05 -0.000443574 -0.000729934
internal_weight=8560 8460 8244 216 8108 7986 7852 7735 5266 4652 728 3924 1421 1235
internal_count=8560 8460 8244 216 8108 7986 7852 7735 5266 4652 728 3924 1421 1235
cat_boundaries=0 1 2
cat_threshold=26 3
is_linear=0
shrinkage=0.03


Tree=97
num_leaves=15
num_cat=0
split_feature=38 23 22 1 38 13 30 31 30 22 22 25 26 25
split_gain=1.89122 7.30345 0.866128 0.663357 0.903785 0.490349 0.851649 0.452725 0.417692 0.438634 0.474451 0.580294 0.432088 0.368942
threshold=2.2273705780388373 105.50000000000001 10353.798000000001 7.5000000000000009 1.4639659727593786 1.0000000180025095e-35 205.07500000000002 0.98907071189679896 102.50000000000001 1080.2500000000002 316.55000000000007 0.29772727272727278 1.0000000180025095e-35 0.3418750000000001
decision_type=2 2 2 2 2 2 2 10 2 2 2 10 10 10
left_child=2 -2 3 4 -1 -6 -7 8 9 10 -5 -12 -11 -9
right_child=1 -3 -4 7 5 6 -8 13 -10 12 11 -13 -14 -15
leaf_value=-8.8322442074918446e-05 0.0067920517688141941 -0.0036862675822109422 -0.002104524803836117 -0.00042970673611195613 0.003457585986620645 0.00017973349278056343 0.0034409765962162054 0.00032645202871481403 -0.0023432076810633823 0.0016553901149587624 -0.00079867529432522131 -0.0036369081586225538 -0.00040432606418207696 -0.00022552710385837372
leaf_weight=728 147 101 196 593 101 258 100 1492 124 138 160 109 273 4043
leaf_count=728 147 101 196 593 101 258 100 1492 124 138 160 109 273 4043
internal_value=-5.6901e-05 0.00252467 -0.000133898 -8.63253e-05 0.000568986 0.00161151 0.0010907 -0.000198537 -0.000681118 -0.000519218 -0.000903744 -0.00194874 0.000287257 -7.67371e-05
internal_weight=8563 248 8315 8119 1187 459 358 6932 1397 1273 862 269 411 5535
internal_count=8563 248 8315 8119 1187 459 358 6932 1397 1273 862 269 411 5535
is_linear=0
shrinkage=0.03


Tree=98
num_leaves=15
num_cat=3
split_feature=31 38 0 23 37 38 36 23 37 30 38 31 13 23
split_gain=1.10565 0.614009 0.377769 0.683118 0.616062 1.12642 0.577089 0.546208 0.476173 0.584093 0.781753 0.628549 0.701001 0.766001
threshold=0.1106014271151886 2.339954998248738 8.5000000000000018 191.50000000000003 0 1.9984360442806604 1 17.500000000000004 2 32.165000000000006 1.5913753099659933 1.1353641777370593 0.50000000000000011 105.50000000000001
decision_type=8 2 2 2 9 2 9 2 9 2 2 8 2 2
left_child=-1 2 8 4 5 7 -6 -4 -2 10 -10 -11 -13 -14
right_child=1 -3 3 -5 6 -7 -8 -9 9 11 -12 12 13 -15
leaf_value=0.0027271646683082163 -0.00022768557646531411 -0.002234582403791137 -0.0029174802818646033 0.0016972706277697334 -0.00021307707606244258 0.0015230638789660411 0.0015295834081247447 -0.00091318132247404117 6.4600723760710989e-05 -0.0011988789838099808 0.0032871850948366851 6.7078389335845583e-05 0.0025861982144292943 0.00034066464158419806
leaf_weight=126 2417 120 135 142 1171 164 190 1308 136 258 135 1755 236 325
leaf_count=126 2417 120 135 142 1171 164 190 1308 136 258 135 1755 236 325
internal_value=-6.24654e-05 -0.000103857 -7.33158e-05 -0.000335445 -0.000432697 -0.000827779 3.95862e-05 -0.00110069 8.16103e-05 0.000343967 0.00166995 0.0002057 0.000362168 0.00128531
internal_weight=8618 8492 8372 3110 2968 1607 1361 1443 5262 2845 271 2574 2316 561
internal_count=8618 8492 8372 3110 2968 1607 1361 1443 5262 2845 271 2574 2316 561
cat_boundaries=0 1 2 3
cat_threshold=1882249219 21 2932155188
is_linear=0
shrinkage=0.03


Tree=99
num_leaves=15
num_cat=4
split_feature=21 31 35 37 38 1 29 24 38 37 27 21 36 31
split_gain=1.893 0.912332 0.497531 0.821443 1.62441 0.528958 0.598941 0.479656 0.440298 0.484324 0.622798 0.65716 0.753382 0.705515
threshold=226.47500000000005 0.1799720450492425 0 1 1.8943204502563533 44.500000000000007 1.0000000180025095e-35 2.6950000000000736 1.2104923083039483 2 13.817094907407411 78.166666666666671 3 2.4965495079846103
decision_type=2 8 1 9 2 2 2 10 2 9 2 2 9 8
left_child=1 -1 5 4 7 6 -3 -4 -5 10 -10 12 -12 -14
right_child=-2 2 3 8 -6 -7 -8 -9 9 -11 11 -13 13 -15
leaf_value=-0.0025453509770583097 0.0039041230767699227 -0.0006934717996919062 -0.0013148589008231434 -0.00039194838237652273 0.004569188896022632 0.00057534253373313208 -0.0033423119393564695 0.0011262539384511506 -0.00089988131316591827 -0.00021644572411467095 -0.0011943468512882562 0.00011261025533484954 0.0018769473508578991 0.00039758644703611289
leaf_weight=127 112 240 109 1907 107 152 113 216 319 2133 122 1746 673 510
leaf_count=127 112 240 109 1907 107 152 113 216 319 2133 122 1746 673 510
internal_value=2.94388e-05 -2.17725e-05 1.66239e-05 7.58306e-05 0.00133225 -0.000886723 -0.0015414 0.000307542 8.85106e-07 0.000137019 0.000360312 0.000493254 0.00100253 0.0012288
internal_weight=8586 8474 8347 7842 432 505 353 325 7410 5503 3370 3051 1305 1183
internal_count=8586 8474 8347 7842 432 505 353 325 7410 5503 3370 3051 1305 1183
cat_boundaries=0 1 2 3 4
cat_threshold=4 153100372 1120442496 1
is_linear=0
shrinkage=0.03


Tree=100
num_leaves=15
num_cat=3
split_feature=21 37 38 38 1 17 25 24 37 22 22 38 21 37
split_gain=1.99236 0.714695 1.82135 1.51212 1.19099 0.710986 0.681166 0.622852 0.292838 0.32564 0.858248 0.58484 0.546505 0.781324
threshold=261.66666666666669 0 2.3040562714157726 1.6356286732295493 42.500000000000007 3.5000000000000004 0.37750000000000006 7.486666666665756 1 2274.3996250000005 2362.6500000000005 1.9347492405578874 85.791666666666686 2
decision_type=2 9 2 2 2 2 8 8 9 2 2 2 2 9
left_child=1 3 5 6 -5 7 -1 -3 -9 11 -11 -10 13 -13
right_child=-2 2 -4 4 -6 -7 -8 8 9 10 -12 12 -14 -15
leaf_value=-0.0015195503250141457 0.0041995354396945767 -0.0016960484019717828 -0.0039197505513844325 0.0038892221709235487 0.00029704662686099809 0.0023620779720944498 0.0011620683737564831 -0.00068207264931125758 -4.4302700016094499e-05 0.0028619625302547186 0.0001658415223990806 -0.0034760255626953983 0.00052704098538753795 -5.9353097980746472e-06
leaf_weight=218 101 214 112 191 147 107 140 603 4235 112 2074 137 101 107
leaf_count=218 101 214 112 191 147 107 140 603 4235 112 2074 137 101 107
internal_value=1.0837e-05 -3.89463e-05 -0.000121467 0.000875262 0.00232694 -6.63054e-05 -0.000470873 -0.000100571 -5.42375e-05 2.7205e-06 0.000303978 -0.000141061 -0.00132881 -0.00209701
internal_weight=8599 8498 7802 696 338 7690 358 7583 7369 6766 2186 4580 345 244
internal_count=8599 8498 7802 696 338 7690 358 7583 7369 6766 2186 4580 345 244
cat_boundaries=0 1 2 3
cat_threshold=137888770 536969732 8390656
is_linear=0
shrinkage=0.03


Tree=101
num_leaves=15
num_cat=1
split_feature=0 37 38 1 24 28 26 31 1 25 25 21 30 31
split_gain=0.778953 0.765757 1.00587 0.752041 1.11002 0.637516 0.931867 0.620429 0.708021 0.761382 0.985753 1.40181 0.604045 0.56682
threshold=8.5000000000000018 0 1.677187984819168 10.500000000000002 269.62383333333656 7.9362789351851868 0.047727272727272736 2.016441834019211 114.50000000000001 0.49489795918367352 0.36181818181818187 121.89166666666668 57.050000000000004 0.28611556982343506
decision_type=2 9 2 2 8 2 10 8 2 10 8 2 2 8
left_child=1 2 -1 4 12 13 -7 8 9 10 -5 -12 -3 -2
right_child=5 3 -4 7 -6 6 -8 -9 -10 -11 11 -13 -14 -15
leaf_value=-0.00015953797458530253 -0.0027264950657656692 0.0016893381162919789 0.0029729409226164896 -0.00023987115727926704 0.0025754204645275702 -0.00013763999046332044 0.0026417539068567218 -0.00050532515315588223 0.0019016028344631193 -0.0010679685915932508 0.00037220252927668978 0.0036285090455270997 -0.00018710318979198536 -0.00053358873490599954
leaf_weight=172 111 204 199 869 242 572 134 1860 210 415 386 172 635 2395
leaf_count=172 111 204 199 869 242 572 134 1860 210 415 386 172 635 2395
internal_value=-3.69088e-05 0.000184338 0.00148077 8.48724e-05 0.000785445 -0.000406389 0.000389894 -0.000108499 0.000251197 6.30395e-05 0.000391959 0.00137594 0.000269147 -0.000630721
internal_weight=8576 5364 371 4993 1081 3212 706 3912 2052 1842 1427 558 839 2506
internal_count=8576 5364 371 4993 1081 3212 706 3912 2052 1842 1427 558 839 2506
cat_boundaries=0 1
cat_threshold=137892104
is_linear=0
shrinkage=0.03


Tree=102
num_leaves=15
num_cat=1
split_feature=21 30 38 38 17 18 35 31 38 38 27 1 1 30
split_gain=1.57377 0.841937 0.654843 0.666259 0.613428 0.61526 0.581069 0.690997 0.586331 0.695032 0.62396 0.537583 0.419558 0.373255
threshold=226.47500000000005 2.2500000000000004 2.339954998248738 0.82054491435949195 3.5000000000000004 1.0000000180025095e-35 0 0.5018165865072145 1.8943204502563533 1.7461513294266602 13.999542824074075 181.50000000000003 43.500000000000007 22.250000000000004
decision_type=2 2 2 2 2 2 1 10 2 2 2 2 2 2
left_child=1 -1 3 -3 5 6 13 -8 9 11 -10 -9 -11 -5
right_child=-2 2 -4 4 -6 -7 7 8 10 12 -12 -13 -14 -15
leaf_value=-0.0024685830592261482 0.0035576311101798309 -0.0019754297027501887 -0.0024299487350857817 0.0012688056268733835 0.0022948578473490975 -0.001408243913127343 0.0016363792445582266 -0.00050261631002558398 -0.00041165362640972221 -0.00041885055566025486 0.0023090688286801241 0.0017493413559433147 -0.0027433730887644219 0.00018826133793280127
leaf_weight=128 110 149 100 306 108 263 156 1722 170 108 137 101 198 4815
leaf_count=128 110 149 100 306 108 263 156 1722 170 108 137 101 198 4815
internal_value=-7.62721e-06 -5.39785e-05 -1.68887e-05 1.24209e-05 4.90599e-05 1.86504e-05 6.7305e-05 -0.000298082 -0.000423187 -0.000599927 0.00080248 -0.000377851 -0.00192295 0.000252335
internal_weight=8571 8461 8333 8233 8084 7976 7713 2592 2436 2129 307 1823 306 5121
internal_count=8571 8461 8333 8233 8084 7976 7713 2592 2436 2129 307 1823 306 5121
cat_boundaries=0 1
cat_threshold=26
is_linear=0
shrinkage=0.03


Tree=103
num_leaves=15
num_cat=2
split_feature=31 21 37 0 32 30 37 1 21 0 34 24 0 23
split_gain=1.16296 0.543063 0.528724 0.868564 0.64892 0.991381 0.323917 0.437256 0.997084 0.903605 0.782519 0.78223 0.484277 0.782032
threshold=0.1106014271151886 208.16666666666671 0 6.5000000000000009 6.5000000000000009 28.165000000000003 1 12.500000000000002 118.83333333333336 7.5000000000000009 1.0000000180025095e-35 52.772333333333087 4.5000000000000009 91.500000000000014
decision_type=8 2 9 2 2 2 9 2 2 2 2 8 2 2
left_child=-1 2 3 -2 5 -5 -4 8 9 11 -11 -8 -13 -14
right_child=1 -3 6 4 -6 -7 7 -9 -10 10 -12 12 13 -15
leaf_value=0.0028764846591957391 0.0030267228441734385 -0.0017582455059276139 -0.00051462687191791657 -0.00078987781759016053 -0.0017226222716271876 0.0031976147784599077 -0.00010390254796702829 -6.7092136919776299e-05 -0.0011960106344954741 0.00094148944733419746 -0.0018764146302826703 0.00090858960213202069 0.0044936617739519784 0.0014847913859367583
leaf_weight=128 137 156 1065 118 108 107 166 5588 236 217 150 152 154 157
leaf_count=128 137 156 1065 118 108 107 166 5588 236 217 150 152 154 157
internal_value=3.81876e-05 -4.4986e-06 2.82464e-05 0.00099491 0.000188877 0.0011064 -3.05964e-05 4.56319e-05 0.000557286 0.000972726 -0.000210242 0.00166295 0.00229642 0.00297471
internal_weight=8639 8511 8355 470 333 225 7885 6820 1232 996 367 629 463 311
internal_count=8639 8511 8355 470 333 225 7885 6820 1232 996 367 629 463 311
cat_boundaries=0 1 2
cat_threshold=136323144 1694532129
is_linear=0
shrinkage=0.03


Tree=104
num_leaves=15
num_cat=2
split_feature=21 31 37 25 22 31 30 21 25 27 27 27 35 26
split_gain=0.667791 0.695732 0.500521 0.503008 0.513114 0.670641 0.437009 0.645544 0.41428 0.481479 0.510394 0.858486 0.367971 0.361941
threshold=226.47500000000005 0.1799720450492425 0 0.62481481481481493 75.46250000000002 2.0058608930058344 161.12500000000003 40.500000000000007 0.57409090909090921 7.0089004629629637 13.499554398148151 13.999403935185187 1 1.0000000180025095e-35
decision_type=2 8 9 8 2 10 2 2 10 2 2 2 1 10
left_child=1 -1 6 4 5 -4 -3 -8 9 -6 -11 13 -10 -12
right_child=-2 2 3 -5 8 -7 7 -9 12 10 11 -13 -14 -15
leaf_value=-0.0022646760037645522 0.0023130600239771107 -0.00058476979713570029 0.0025094662844150494 0.0009809888761425059 0.0020240574007847397 -0.0004380504221189767 0.0021447813425412667 -0.00050590097772517685 -0.0019165591521018612 -0.00082279705994959596 0.00052535275611918157 -1.8645695216558754e-06 -0.00017209453818157886 0.0026701101898601292
leaf_weight=127 108 1921 165 549 108 120 140 202 179 595 129 3786 277 157
leaf_count=127 108 1921 165 549 108 120 140 202 179 595 129 3786 277 157
internal_value=-3.10263e-05 -6.09685e-05 -2.73625e-05 0.000114797 2.8794e-05 0.00126841 -0.000407068 0.000579174 -3.87437e-05 4.37597e-05 -2.06679e-06 0.000117858 -0.000902677 0.00170272
internal_weight=8563 8455 8328 6065 5516 285 2263 342 5231 4775 4667 4072 456 286
internal_count=8563 8455 8328 6065 5516 285 2263 342 5231 4775 4667 4072 456 286
cat_boundaries=0 1 2
cat_threshold=1930216236 17
is_linear=0
shrinkage=0.03


Tree=105
num_leaves=15
num_cat=3
split_feature=30 31 28 22 37 0 17 1 30 21 37 30 30 35
split_gain=0.632523 0.973271 3.60943 0.782325 0.899867 1.34821 0.611662 0.601612 0.471438 0.463093 0.329305 0.412954 0.794051 0.500157
threshold=2.2500000000000004 0.1106014271151886 0.71781828703703721 11720.000000000002 0 6.5000000000000009 3.5000000000000004 53.500000000000007 29.165000000000003 24.500000000000004 1 50.500000000000007 16.750000000000004 2
decision_type=2 10 2 2 9 2 2 2 2 2 9 2 2 1
left_child=-1 2 7 4 5 -3 10 -2 -7 -10 -6 12 -12 -13
right_child=1 3 -4 -5 6 8 -8 -9 9 -11 11 13 -14 -15
leaf_value=-0.0021038853654821951 0.00099601490604173809 0.0040816999157748607 0.0060626476714705033 -0.0022191961791430568 -0.00037162121232845108 -0.0013060542485591041 0.002148190372560004 -0.0021490405643940116 0.0026166027106833412 -0.00017891605094124655 -0.00091203337144707473 -0.0014793481356690085 0.0014065341795684745 9.4964198651887594e-06
leaf_weight=127 108 118 110 145 2674 106 110 111 101 113 186 204 466 3982
leaf_count=127 108 118 110 145 2674 106 110 111 101 113 186 204 466 3982
internal_value=-2.28563e-06 2.89896e-05 0.00162893 -3.51639e-05 4.12701e-06 0.00131084 -7.25884e-05 -0.000598054 0.000330055 0.00114046 -0.000105204 4.27261e-05 0.000745102 -6.65721e-05
internal_weight=8661 8534 329 8205 8060 438 7622 219 320 214 7512 4838 652 4186
internal_count=8661 8534 329 8205 8060 438 7622 219 320 214 7512 4838 652 4186
cat_boundaries=0 1 2 3
cat_threshold=136839176 1934951169 4
is_linear=0
shrinkage=0.03


Tree=106
num_leaves=15
num_cat=2
split_feature=31 22 30 32 35 0 27 37 38 32 38 1 30 38
split_gain=0.961016 0.787776 0.506533 1.08 0.447032 0.720567 0.843104 0.675888 1.25472 0.733948 0.667791 0.558586 0.691066 0.678172
threshold=0.1106014271151886 12726.200000000003 324.57500000000005 31.500000000000004 0 7.5000000000000009 13.999450231481484 1 1.7653087946622581 6.5000000000000009 2.1934073772180778 12.500000000000002 52.500000000000007 1.382669988498274
decision_type=8 2 2 2 1 2 2 9 2 2 2 2 2 2
left_child=-1 2 4 -4 5 6 -2 8 9 -6 11 12 13 -9
right_child=1 -3 3 -5 7 -7 -8 10 -10 -11 -12 -13 -14 -15
leaf_value=0.0025436356646588091 -0.0035059157297713684 -0.0026658122708036933 0.0030337063504697875 -0.00090571927838027481 0.0010135429235354992 0.00039774022360101915 -0.00031982187133269922 0.00028941533194002284 0.0035442188613202049 -0.0018014555575209669 -0.0019544502548008626 -0.00021112535545311656 0.00012299565454088464 0.0032535647015697255
leaf_weight=126 150 106 139 114 273 203 149 136 131 120 175 5516 1060 142
leaf_count=126 150 106 139 114 273 203 149 136 131 120 175 5516 1060 142
internal_value=-5.69653e-05 -9.59094e-05 -6.31205e-05 0.00125863 -0.000104635 -0.000962499 -0.0019182 -4.62831e-05 0.0009828 0.000154001 -0.000124287 -7.77393e-05 0.000472154 0.00180348
internal_weight=8540 8414 8308 253 8055 502 299 7553 524 393 7029 6854 1338 278
internal_count=8540 8414 8308 253 8055 502 299 7553 524 393 7029 6854 1338 278
cat_boundaries=0 1 2
cat_threshold=4 153133141
is_linear=0
shrinkage=0.03


Tree=107
num_leaves=15
num_cat=2
split_feature=38 29 31 38 0 38 37 24 28 37 23 33 38 24
split_gain=1.57382 3.80432 0.706095 0.515217 0.384913 0.717843 0.63733 0.52944 0.635111 0.606205 0.576681 1.71467 1.5801 0.454539
threshold=2.2273705780388373 2.5000000000000004 0.23920529801324505 0.79345283360660634 11.500000000000002 1.9411166716780264 0 172.41716666666329 20.991348379629631 1 20.500000000000004 1.0000000180025095e-35 1.4812644985131724 160.28399999999795
decision_type=2 2 8 2 2 2 9 10 2 9 2 2 2 10
left_child=2 -2 -1 -4 7 6 -6 9 -9 -5 11 12 -11 -12
right_child=1 -3 3 4 5 -7 -8 8 -10 10 13 -13 -14 -15
leaf_value=-0.0018857777751977688 0.0057760719434823407 -0.0015943848165026044 -0.0021279362237678384 -0.00051387784549235141 9.2220322371670802e-05 0.0018356001671137553 -0.001399029800492583 -0.00041774224730436918 0.0013149220416781263 0.0010191285420128573 0.00019191154406552935 -0.0013877833446914135 0.0049967876204950632 0.0021735096471901566
leaf_weight=193 134 119 106 742 455 105 596 2374 207 273 2945 154 134 108
leaf_count=193 134 119 106 742 455 105 596 2374 207 273 2945 154 134 108
internal_value=-2.19112e-05 0.00230934 -9.2193e-05 -4.9973e-05 -2.27564e-05 -0.000529578 -0.00076587 6.17016e-05 -0.00027878 0.000263442 0.000423287 0.00130851 0.00232873 0.000262011
internal_weight=8645 253 8392 8199 8093 1156 1051 6937 2581 4356 3614 561 407 3053
internal_count=8645 253 8392 8199 8093 1156 1051 6937 2581 4356 3614 561 407 3053
cat_boundaries=0 1 2
cat_threshold=3296729217 1778651534
is_linear=0
shrinkage=0.03


Tree=108
num_leaves=15
num_cat=1
split_feature=38 31 37 31 2 25 22 32 30 27 30 21 30 30
split_gain=0.667362 0.740267 0.586044 0.449076 0.345852 0.518519 0.496948 1.05408 0.752449 0.848914 0.710743 0.949525 0.814418 0.61365
threshold=2.3859345902999922 0.23920529801324505 0 0.40720431576072119 1.0000000180025095e-35 0.62481481481481493 1946.8125000000002 20.500000000000004 296.02500000000003 28.365295138888893 160.02500000000003 103.63333333333334 180.25000000000003 311.72500000000008
decision_type=2 8 9 10 2 8 2 2 2 2 2 2 2 2
left_child=1 -1 -3 -4 5 6 13 10 9 -9 11 -8 -12 -5
right_child=-2 2 3 4 -6 -7 7 8 -10 -11 12 -13 -14 -15
leaf_value=-0.0018108565001045281 0.0023798752971924842 -0.00025891986569353409 0.0020389731656084019 -0.00012367355552574447 -0.00043963884858914894 0.0018623741153199729 0.0010861022901867074 0.0014210478683991223 -0.0027832467951146617 -0.0016133181632191327 0.0039485714056511191 -0.0020263504419287962 0.0012752842923761402 0.0021581923300903793
leaf_weight=197 108 3310 124 2387 639 185 341 194 105 145 130 119 486 111
leaf_count=197 108 3310 124 2387 639 185 341 194 105 145 130 119 486 111
internal_value=3.65116e-05 6.64221e-06 4.99055e-05 0.000255754 0.000210615 0.000309476 0.000237976 0.000665683 -0.000564164 0.000123163 0.00117317 0.000280924 0.00183945 -2.22776e-05
internal_weight=8581 8473 8276 4966 4842 4203 4018 1520 444 339 1076 460 616 2498
internal_count=8581 8473 8276 4966 4842 4203 4018 1520 444 339 1076 460 616 2498
cat_boundaries=0 1
cat_threshold=2873414576
is_linear=0
shrinkage=0.03


Tree=109
num_leaves=15
num_cat=1
split_feature=38 22 37 24 22 22 21 0 22 0 7 23 23 38
split_gain=1.06464 0.888016 0.518222 0.359269 0.392079 0.877243 0.690391 0.648259 0.85446 0.431743 0.402408 0.871753 0.575448 0.820147
threshold=2.3859345902999922 11720.000000000002 0 841.04000000000326 2274.3996250000005 2362.6500000000005 40.500000000000007 4.5000000000000009 6331.4577500000005 17.500000000000004 1.0000000180025095e-35 63.500000000000007 63.500000000000007 1.5963149618008365
decision_type=2 2 9 10 2 2 2 2 2 2 2 2 2 2
left_child=1 2 -1 4 9 -6 -7 8 -8 -4 11 -9 13 -12
right_child=-2 -3 3 -5 5 6 7 10 -10 -11 12 -13 -14 -15
leaf_value=-0.00085768821647409798 0.0030105472701073338 -0.0023310979161877184 -6.2899970978556099e-05 0.0018497701010433956 0.0029106581374272254 0.0025825833807760308 0.00018658846549452217 0.003137653107999243 0.0035546552629708351 -0.002033530166312737 -0.00051102239476783916 -6.9023325422589408e-05 0.00011944898441147973 -0.0034227703731448855
leaf_weight=582 104 150 5259 100 116 107 185 101 107 102 391 312 855 112
leaf_count=582 104 150 5259 100 116 107 185 101 107 102 391 312 855 112
internal_value=-6.33542e-06 -4.33393e-05 -2.13821e-06 6.31613e-05 3.98804e-05 0.000368844 0.000232968 0.000111102 0.00142078 -0.000100394 -0.000104835 0.000715176 -0.00035422 -0.00115936
internal_weight=8583 8479 8329 7747 7647 2286 2170 2063 292 5361 1771 413 1358 503
internal_count=8583 8479 8329 7747 7647 2286 2170 2063 292 5361 1771 413 1358 503
cat_boundaries=0 1
cat_threshold=553714473
is_linear=0
shrinkage=0.03


Tree=110
num_leaves=15
num_cat=2
split_feature=0 37 38 31 22 35 25 1 25 31 22 13 38 24
split_gain=0.590001 0.750253 0.823697 0.734049 0.891957 1.01077 0.760131 1.04285 0.940498 0.769334 0.907548 0.774567 0.766178 0.694814
threshold=8.5000000000000018 0 1.2009065966318315 0.1799720450492425 111.35000000000001 1 0.42678571428571432 52.500000000000007 0.39791666666666675 2.9393877551020409 3863.9765000000002 0.50000000000000011 1.8943204502563533 30.971166666667418
decision_type=2 9 2 10 2 1 10 2 10 10 2 2 2 10
left_child=1 2 -1 -4 -5 6 7 8 -6 10 12 -11 -8 -7
right_child=-2 -3 3 4 5 13 9 -9 -10 11 -12 -13 -14 -15
leaf_value=-0.00059152946411747257 -0.0003244448996982829 -0.00020161923714020886 0.0027372160202733448 0.0025396345775902311 0.0014847754399463324 -0.0021283301915322869 0.00080886497420174744 -0.00048936777123201054 0.0045449093446070545 0.00043432034079686043 -0.0025590214346839974 0.0033521368559907938 -0.0019465615360430724 0.00020085433323621609
leaf_weight=505 3193 2417 155 196 302 204 432 152 129 249 130 122 115 265
leaf_count=505 3193 2417 155 196 302 204 432 152 129 249 130 122 115 265
internal_value=-1.471e-06 0.000190462 0.000510007 0.000739047 0.000604153 0.000423508 0.000774114 0.00164719 0.00240069 0.00029581 -0.000305905 0.00139382 0.000229571 -0.000795309
internal_weight=8566 5373 2956 2451 2296 2100 1631 583 431 1048 677 371 547 469
internal_count=8566 5373 2956 2451 2296 2100 1631 583 431 1048 677 371 547 469
cat_boundaries=0 1 2
cat_threshold=1530419211 26
is_linear=0
shrinkage=0.03


Tree=111
num_leaves=15
num_cat=3
split_feature=31 0 37 31 31 24 25 7 37 31 23 35 27 23
split_gain=0.85738 0.441301 0.425147 0.924856 1.04039 0.458006 0.399308 0.31466 0.317406 0.305834 0.531536 0.786176 0.500776 0.472414
threshold=0.1106014271151886 14.500000000000002 0 1.821574542623589 1.4759870837675764 17.86833333333605 0.37321428571428578 1.0000000180025095e-35 1 2.4757543249946594 114.50000000000001 2 29.853153935185187 108.50000000000001
decision_type=8 2 9 10 8 8 10 2 9 10 2 1 2 2
left_child=-1 2 3 4 6 -4 -2 -3 -9 -7 13 12 -12 -11
right_child=1 7 5 -5 -6 9 -8 8 -10 10 11 -13 -14 -15
leaf_value=0.0024946133524645117 0.0020404309780009634 -0.0017289084741787517 -0.00080340802508173923 -0.00072741802976452165 0.0043384356718765187 0.00022511737476693056 -0.00052290326625158167 0.0010715677901606418 -0.0010096640082598964 -0.00042904482551159198 -0.0004428158448785798 0.0020666144416839585 0.001331842002233888 -0.0022836014234401862
leaf_weight=129 106 210 557 192 106 4771 113 103 149 955 730 172 178 142
leaf_count=129 106 210 557 192 106 4771 113 103 149 955 730 172 178 142
internal_value=6.72421e-05 3.03337e-05 8.22577e-05 0.000905897 0.00189868 2.42799e-05 0.000717797 -0.000871256 -0.000156545 9.06681e-05 -0.000203984 0.000268459 -9.38864e-05 -0.000669106
internal_weight=8613 8484 8022 517 325 7505 219 462 252 6948 2177 1080 908 1097
internal_count=8613 8484 8022 517 325 7505 219 462 252 6948 2177 1080 908 1097
cat_boundaries=0 1 2 3
cat_threshold=1077411928 2163212288 9
is_linear=0
shrinkage=0.03


Tree=112
num_leaves=15
num_cat=4
split_feature=30 31 1 33 22 37 30 24 1 35 37 37 26 31
split_gain=0.796137 0.84942 2.90192 0.687439 0.618258 0.496277 0.876051 0.405491 0.339023 0.40667 0.917099 0.636441 0.421626 0.402885
threshold=2.2500000000000004 0.1106014271151886 25.500000000000004 1.0000000180025095e-35 11720.000000000002 0 28.165000000000003 3.2871666666666903 280.50000000000006 1 2 3 0.086031452358926938 6.3930205949656758
decision_type=2 10 2 2 2 9 2 10 2 1 9 9 8 10
left_child=-1 2 -2 -4 5 6 -3 -7 9 10 -9 -11 13 -13
right_child=1 4 3 -5 -6 7 -8 8 -10 11 -12 12 -14 -15
leaf_value=-0.0023169886142603078 0.0057517281036656709 -0.00079811129147214265 -0.0018659543666689395 0.0014775201712515862 -0.0019804545372094518 -0.0018827881367295047 0.0027639997239171893 0.0028709006380066397 0.0017579916797523551 -0.001004761810883997 0.00011242496758405813 -0.00020817393691280176 0.0018956055683905587 0.0017555061036720872
leaf_weight=126 103 102 121 102 136 100 159 101 102 772 4912 1576 102 100
leaf_count=126 103 102 121 102 136 100 159 101 102 772 4912 1576 102 100
internal_value=5.01857e-05 8.53252e-05 0.00158698 -0.000336652 2.53474e-05 5.93355e-05 0.00132129 1.51972e-05 3.99788e-05 1.68084e-05 0.000173607 -0.000290978 2.28301e-05 -9.10093e-05
internal_weight=8614 8488 326 223 8162 8026 261 7765 7665 7563 5013 2550 1778 1676
internal_count=8614 8488 326 223 8162 8026 261 7765 7665 7563 5013 2550 1778 1676
cat_boundaries=0 1 2 3 4
cat_threshold=2621456 26 167772160 704677892
is_linear=0
shrinkage=0.03


Tree=113
num_leaves=15
num_cat=2
split_feature=38 38 23 22 37 31 32 1 27 2 38 35 24 24
split_gain=0.656966 0.466926 4.06802 0.775551 0.458079 0.465346 0.446777 0.824551 1.55157 0.612463 0.541865 0.466637 0.46239 0.846181
threshold=0.79345283360660634 2.2273705780388373 105.50000000000001 11720.000000000002 0 0.057386724977567159 2.5000000000000004 15.500000000000002 13.999484953703705 1.0000000180025095e-35 1.7249225129664658 1 172.41716666666329 215.06666666666862
decision_type=2 2 2 2 9 10 2 2 2 2 2 1 10 10
left_child=-1 3 -3 4 -2 -6 7 8 -7 11 -11 -8 -13 -14
right_child=1 2 -4 -5 5 6 9 -9 -10 10 -12 12 13 -15
leaf_value=-0.0023507094222049302 -0.00050013813934381656 0.0044894142084498734 -0.0032641518210937965 -0.002254322893099178 -0.001787727328199843 0.004820404186550724 0.00093292304570433214 0.00027805695614274966 -0.0001739810512729243 -0.00028625256297542433 -0.0021930389282309765 0.00034826622809464627 -0.0016810271483336692 1.0231438191157303e-05
leaf_weight=104 1170 149 103 134 111 114 657 704 110 597 173 2551 318 1636
leaf_count=104 1170 149 103 134 111 114 657 704 110 597 173 2551 318 1636
internal_value=1.92645e-05 4.817e-05 0.0013203 9.42967e-06 4.66908e-05 0.000138988 0.000170366 0.000782479 0.0023678 7.46073e-05 -0.00071466 0.00019234 8.20818e-05 -0.000265009
internal_weight=8631 8527 252 8275 8141 6971 6860 928 224 5932 770 5162 4505 1954
internal_count=8631 8527 252 8275 8141 6971 6860 928 224 5932 770 5162 4505 1954
cat_boundaries=0 1 2
cat_threshold=1694519464 2
is_linear=0
shrinkage=0.03


Tree=114
num_leaves=15
num_cat=1
split_feature=31 22 0 25 27 30 25 26 32 1 36 28 25 21
split_gain=1.61774 1.19544 0.515088 0.566002 0.730519 0.784832 0.657931 0.553895 0.786504 0.775811 0.984893 0.547764 0.475363 0.46039
threshold=0.1106014271151886 12726.200000000003 5.5000000000000009 0.22290322580645164 13.999380787037039 50.500000000000007 0.15000000000000005 0.039230769230769243 27.500000000000004 49.500000000000007 0 8.4320428240740757 0.47913043478260875 70.958333333333357
decision_type=8 2 2 10 2 2 8 10 2 2 9 2 10 2
left_child=-1 2 3 6 5 -5 -2 8 9 10 11 12 -6 -9
right_child=1 -3 -4 4 7 -7 -8 13 -10 -11 -12 -13 -14 -15
leaf_value=0.0033490085281245412 -7.6319196286659912e-05 -0.0032250287539015211 -0.00018133055017074883 0.00067859991651274406 0.0047985362828654793 -0.0020279670925383284 0.0026809397124076982 0.001008844488903626 -0.0011303340514122651 -0.00041363029987173065 0.00033200342142560951 0.00099975305244022288 0.0021369239538519954 -0.0013755047622705913
leaf_weight=125 134 108 6339 159 137 245 186 110 151 197 274 101 108 216
leaf_count=125 134 108 6339 159 137 245 186 110 151 197 274 101 108 216
internal_value=-3.89416e-05 -8.89704e-05 -4.84422e-05 0.000368991 0.00015088 -0.000962759 0.00152634 0.00049857 0.000858766 0.0012264 0.0017475 0.00277855 0.00362525 -0.00057097
internal_weight=8590 8465 8357 2018 1698 404 320 1294 968 817 620 346 245 326
internal_count=8590 8465 8357 2018 1698 404 320 1294 968 817 620 346 245 326
cat_boundaries=0 1
cat_threshold=36
is_linear=0
shrinkage=0.03


Tree=115
num_leaves=15
num_cat=1
split_feature=31 22 37 0 31 30 1 28 28 30 28 22 0 30
split_gain=1.24547 0.945736 0.463834 1.06117 0.906787 0.858653 0.314431 0.301478 0.8854 0.601249 0.427695 0.385928 0.572737 0.366735
threshold=0.1106014271151886 12726.200000000003 0 6.5000000000000009 1.5004810776138553 43.500000000000007 280.50000000000006 15.448998842592594 20.991348379629631 205.07500000000002 26.031406250000003 6402.0500000000002 4.5000000000000009 116.50000000000001
decision_type=8 2 9 2 8 2 2 2 2 2 2 2 2 2
left_child=-1 2 3 -2 -5 -6 7 11 9 -9 -10 13 -13 -4
right_child=1 -3 6 4 5 -7 -8 8 10 -11 -12 12 -14 -15
leaf_value=0.0028779112166673502 0.0031679095420986412 -0.0028747035000903777 -0.00018864948462202344 -0.0017476695183868286 0.0032759189794716588 -0.00058882294819756801 0.0015512224163727036 -3.3039892757577554e-05 0.0014272718945787214 -0.0028316810982541578 -0.00087247965998167901 0.0014627633626921178 -0.00093324365272303106 0.00026957105676942138
leaf_weight=132 133 106 3236 150 102 105 105 105 167 202 129 102 750 3057
leaf_count=132 133 106 3236 150 102 105 105 105 167 202 129 102 750 3057
internal_value=-1.36631e-05 -5.88386e-05 -2.30623e-05 0.000862998 2.84787e-05 0.00131554 -7.93473e-05 -0.000101547 -0.000745712 -0.00187449 0.000425015 -4.71829e-05 -0.000646398 3.39439e-05
internal_weight=8581 8449 8343 490 357 207 7853 7748 603 307 296 7145 852 6293
internal_count=8581 8449 8343 490 357 207 7853 7748 603 307 296 7145 852 6293
cat_boundaries=0 1
cat_threshold=137363528
is_linear=0
shrinkage=0.03


Tree=116
num_leaves=15
num_cat=2
split_feature=21 30 7 28 21 21 27 37 0 26 37 1 5 23
split_gain=1.23992 0.716187 0.48753 0.951829 0.907875 0.786665 0.981197 0.541851 1.23714 0.475992 0.34339 0.34295 0.308218 0.291947
threshold=226.47500000000005 2.2500000000000004 1.5000000000000002 7.7874305555555567 121.26666666666668 94.083333333333357 13.986660879629632 0 8.5000000000000018 1.0000000180025095e-35 1 72.500000000000014 0.28175000000000006 71.500000000000014
decision_type=2 2 2 2 2 2 2 9 2 10 9 2 2 2
left_child=1 -1 7 4 5 6 -4 8 -3 -8 11 12 13 -9
right_child=-2 2 3 -5 -6 -7 9 10 -10 -11 -12 -13 -14 -15
leaf_value=-0.0022715467319358138 0.0032718370198937395 0.0029203562518315654 -0.00093226980892359272 -0.0011706363384184411 -0.00069376110786481971 0.0041873260218128908 0.003903852344764995 0.00047575895638261184 -0.00099451685084773079 0.0011786460625808103 -2.310453870172914e-05 -0.0015316052723457214 -0.0015393345086112506 -0.0012782340146368369
leaf_weight=124 105 168 120 183 155 109 105 382 128 128 6338 277 134 110
leaf_count=124 105 168 120 183 155 109 105 382 128 128 6338 277 134 110
internal_value=3.18342e-05 -8.37384e-06 2.52874e-05 0.000729447 0.00129301 0.00195956 0.00127167 -4.94543e-05 0.00118733 0.00240674 -0.000101511 -0.000645555 -0.000263797 8.36061e-05
internal_weight=8566 8461 8337 800 617 462 353 7537 296 233 7241 903 626 492
internal_count=8566 8461 8337 800 617 462 353 7537 296 233 7241 903 626 492
cat_boundaries=0 1 2
cat_threshold=2097218 672153649
is_linear=0
shrinkage=0.03


Tree=117
num_leaves=15
num_cat=2
split_feature=21 31 35 26 37 24 26 24 1 38 32 30 30 24
split_gain=1.10138 0.571476 0.389052 0.840132 0.748401 0.555126 0.828075 0.803532 0.748983 0.648095 0.644926 0.565956 0.550408 0.548406
threshold=226.47500000000005 0.1799720450492425 0 0.04083333333333334 1 263.3524999999924 1.0000000180025095e-35 170.43233333333259 23.500000000000004 1.7006765647729722 23.500000000000004 264.02500000000003 142.42500000000004 100.57766666666519
decision_type=2 8 1 8 9 10 10 10 2 2 2 2 2 10
left_child=1 -1 3 -3 -4 7 8 13 10 -9 -7 12 -10 -6
right_child=-2 2 4 -5 5 6 -8 9 11 -11 -12 -13 -14 -15
leaf_value=-0.0020852798863105399 0.0030657429895499379 -0.0016158382303091857 0.00069762198647333037 0.001132209885249035 -0.00024072498845567383 0.0035203225576657463 -0.00031060085869035348 -0.00058012840701824448 -0.00063905528566146001 -0.0023187493277253652 0.00057849351218304047 -0.0013637162697315215 0.001738072631906999 0.00062281817681355189
leaf_weight=123 103 358 1247 139 3003 165 772 882 131 247 113 125 265 849
leaf_count=123 103 358 1247 139 3003 165 772 882 131 247 113 125 265 849
internal_value=-1.76697e-05 -5.53929e-05 -2.52969e-05 -0.000830558 2.70495e-05 -0.000101445 0.0003901 -0.000256681 0.00106712 -0.0009605 0.00232454 0.000396177 0.0009517 -5.03958e-05
internal_weight=8522 8419 8296 497 7799 6552 1571 4981 799 1129 278 521 396 3852
internal_count=8522 8419 8296 497 7799 6552 1571 4981 799 1129 278 521 396 3852
cat_boundaries=0 1 2
cat_threshold=4 162046036
is_linear=0
shrinkage=0.03


Tree=118
num_leaves=15
num_cat=2
split_feature=31 38 37 25 31 31 27 36 1 30 31 24 32 32
split_gain=0.808863 0.672987 0.547526 0.642169 0.681586 0.958504 0.826642 0.797404 0.832606 0.452315 0.449347 0.339106 0.311238 0.459829
threshold=0.1106014271151886 2.339954998248738 0 0.22290322580645164 1.3336077947028957 2.5201640784751711 11.312019675925928 1 30.500000000000004 91.500000000000014 1.5126086035176944 7.486666666665756 2.5000000000000004 8.5000000000000018
decision_type=8 2 9 10 10 10 2 9 2 2 10 8 2 2
left_child=-1 2 -2 4 6 9 -4 -8 -9 -6 -11 -5 -13 -14
right_child=1 -3 3 11 5 -7 7 8 -10 10 -12 12 13 -15
leaf_value=0.0024245814471936028 -0.00059537164861129957 -0.0023761565517218383 0.0020756597533923824 -0.0016293219243722758 0.004012228577836033 -0.00092389981279957965 -0.0013961592015269539 -0.00094541660639118751 0.0026752525578965158 0.0032013676957397433 0.00067452197952661659 0.00062812847746398007 -0.00062178269282164888 5.4720245385277857e-05
leaf_weight=119 1311 112 151 121 102 106 312 110 119 104 162 590 1171 3970
leaf_count=119 1311 112 151 121 102 106 312 110 119 104 162 590 1171 3970
internal_value=-3.15142e-05 -6.61398e-05 -3.50771e-05 7.03371e-05 0.000713336 0.00158972 0.000113036 -0.000434758 0.000896901 0.00231376 0.00166246 -5.7659e-05 -2.44761e-05 -9.93714e-05
internal_weight=8560 8441 8329 7018 1166 474 692 541 229 368 266 5852 5731 5141
internal_count=8560 8441 8329 7018 1166 474 692 541 229 368 266 5852 5731 5141
cat_boundaries=0 1 2
cat_threshold=1663402508 5
is_linear=0
shrinkage=0.03


Tree=119
num_leaves=15
num_cat=2
split_feature=30 30 21 31 31 37 5 30 37 30 32 5 24 31
split_gain=0.539782 1.09091 0.694313 0.609811 0.41104 0.535251 0.598476 1.04606 0.488008 0.566927 0.479525 0.488734 0.444328 0.472264
threshold=382.25000000000006 327.65000000000003 193.00000000000003 0.1799720450492425 2.4757543249946594 0 0.11435000000000002 27.165000000000003 1 289.02500000000003 2.5000000000000004 0.31010000000000004 17.324833333333959 2.4004002287021158
decision_type=2 2 2 8 10 9 2 2 9 2 2 2 8 10
left_child=1 2 3 -1 5 6 7 -5 10 -10 -6 -12 -7 -14
right_child=-2 -3 -4 4 8 12 -8 -9 9 -11 11 -13 13 -15
leaf_value=-0.0021444960797889507 -0.0019271068876579164 0.0025360201590081464 0.0018569295863538611 0.00023937999992631377 0.0021442649654092507 -0.00093958521074772781 -0.00029524039506912233 0.0045157736440023209 -0.00076604772302731224 0.0010396390914483445 -0.00047643474473439825 0.0017274113913299516 0.00010486193750340012 0.0020341888769792437
leaf_weight=120 124 158 181 105 115 361 125 101 1555 174 413 116 4749 117
leaf_count=120 124 158 181 105 115 361 125 101 1555 174 413 116 4749 117
internal_value=3.77628e-05 6.68026e-05 1.94099e-05 -2.19006e-05 1.02153e-05 0.000151335 0.001303 0.00233606 -0.000320314 -0.00058097 0.000382573 6.8283e-06 7.57684e-05 0.000151251
internal_weight=8514 8390 8232 8051 7931 5558 331 206 2373 1729 644 529 5227 4866
internal_count=8514 8390 8232 8051 7931 5558 331 206 2373 1729 644 529 5227 4866
cat_boundaries=0 1 2
cat_threshold=3678480 452984872
is_linear=0
shrinkage=0.03


Tree=120
num_leaves=15
num_cat=4
split_feature=21 37 38 37 0 37 35 22 28 24 24 27 27 24
split_gain=1.51434 0.634081 0.961063 0.73117 0.515791 0.644892 0.889397 0.542465 0.49135 0.487363 0.562611 0.507729 0.510944 0.486057
threshold=226.47500000000005 0 1.6831209597979404 1 8.5000000000000018 2 3 6402.0500000000002 1.177337962962963 30.971166666667418 176.42833333332604 29.165914351851857 28.365295138888893 170.43233333333259
decision_type=2 9 2 9 2 9 1 2 2 10 10 2 2 10
left_child=1 2 3 -1 5 6 -3 13 -4 -7 -11 12 -12 -6
right_child=-2 4 8 -5 7 9 -8 -9 -10 10 11 -13 -14 -15
leaf_value=0.0010785583544470644 0.003500238209621075 0.0034636206376469796 -0.0017537283680797437 -0.0004879477116315269 0.00026257744279156562 -0.00064923548177050962 1.1799187277929023e-05 -0.0013529498084226001 0.000387206906452775 0.00075561159228793994 -0.00019294095890576553 0.00070412284766991988 -0.0024199463968801464 -0.00072893734121243627
leaf_weight=367 109 125 599 919 1302 539 144 353 115 1489 1131 575 101 676
leaf_count=367 109 125 599 919 1302 539 144 353 115 1489 1131 575 101 676
internal_value=-1.31998e-05 -5.86017e-05 -0.000523702 -3.6304e-05 8.66309e-05 0.000289185 0.00168246 -0.000269617 -0.0014089 0.000186582 0.000323831 -3.19647e-05 -0.000375512 -7.6282e-05
internal_weight=8544 8435 2000 1286 6435 4104 269 2331 714 3835 3296 1807 1232 1978
internal_count=8544 8435 2000 1286 6435 4104 269 2331 714 3835 3296 1807 1232 1978
cat_boundaries=0 1 2 3 4
cat_threshold=1702974076 8388608 3670019 18
is_linear=0
shrinkage=0.03


Tree=121
num_leaves=15
num_cat=0
split_feature=24 27 22 21 38 0 21 24 21 31 32 31 31 27
split_gain=0.326937 1.04666 0.711657 0.685979 1.0828 0.639634 0.538656 0.403474 0.285034 0.242512 0.341433 0.481309 0.620688 0.747412
threshold=7.486666666665756 17.34057291666667 1391.0015000000005 193.00000000000003 2.3040562714157726 9.5000000000000018 18.833333333333339 10.720666666667677 177.50000000000003 0.1799720450492425 2.5000000000000004 0.40720431576072119 1.1800279787006078 13.95742476851852
decision_type=8 2 2 2 2 2 2 8 2 8 2 8 10 2
left_child=1 2 5 4 7 6 -1 -2 9 -9 11 -11 -13 -14
right_child=3 -3 -4 -5 -6 -7 -8 8 -10 10 -12 12 13 -15
leaf_value=0.0017867375701182307 0.0015419132183939659 0.0019167888455959997 -0.0033897312390596662 0.0020783635159365502 -0.0029054062945810572 -0.0021593079279331059 -0.0011730861379099745 -0.0013679678947493598 -0.001306369612006367 0.0024335107041887293 1.9647094433807244e-05 -0.00056991638744633788 -0.00031328438120115792 0.0018831752730665079
leaf_weight=117 169 116 109 153 110 148 105 102 135 115 6199 376 234 345
leaf_count=117 169 116 109 153 110 148 105 102 135 115 6199 376 234 345
internal_value=3.82039e-05 -0.000640061 -0.00125926 8.90438e-05 4.99474e-05 -0.000631631 0.000386821 9.23043e-05 5.96658e-05 8.46848e-05 0.000105069 0.000599955 0.000379161 0.000995487
internal_weight=8533 595 479 7938 7785 370 222 7675 7506 7371 7269 1070 955 579
internal_count=8533 595 479 7938 7785 370 222 7675 7506 7371 7269 1070 955 579
is_linear=0
shrinkage=0.03


Tree=122
num_leaves=15
num_cat=2
split_feature=31 21 17 0 1 38 0 37 31 38 38 1 1 37
split_gain=1.13692 0.623129 0.491405 0.315951 0.440287 0.442928 0.325251 0.382603 1.06806 1.04628 0.715138 0.426473 0.828757 0.34741
threshold=0.1106014271151886 208.16666666666671 3.5000000000000004 3.5000000000000004 32.500000000000007 1.3476281916892809 14.500000000000002 0 1.8322390932420876 1.7653087946622581 2.1934073772180778 206.50000000000003 168.50000000000003 1
decision_type=8 2 2 2 2 2 2 9 10 2 2 2 2 9
left_child=-1 2 3 4 5 -2 7 8 9 -5 11 12 13 -9
right_child=1 -3 -4 6 -6 -7 -8 10 -10 -11 -12 -13 -14 -15
leaf_value=0.0027617879537865518 -0.00017269231967290087 -0.0019287036082842538 0.0018503708155116153 0.0005769787621789015 0.00044906520238146186 -0.0026633056816363692 -0.00081349807728553231 -0.00033060832403370035 -0.0015646322404478336 0.0043997367049595061 -0.0018201104247026025 0.0015527143447603103 -0.0026181453007453489 0.00018071524397993605
leaf_weight=132 113 155 126 178 150 149 413 1572 107 101 189 166 106 4894
leaf_count=132 113 155 126 178 150 149 413 1572 107 101 189 166 106 4894
internal_value=-8.32248e-07 -4.41469e-05 -8.80004e-06 -3.75854e-05 -0.000847056 -0.00158911 5.58074e-06 5.1838e-05 0.000958737 0.00196084 -8.19523e-08 5.09695e-05 1.30374e-05 5.61715e-05
internal_weight=8551 8419 8264 8138 412 262 7726 7313 386 279 6927 6738 6572 6466
internal_count=8551 8419 8264 8138 412 262 7726 7313 386 279 6927 6738 6572 6466
cat_boundaries=0 1 2
cat_threshold=3678529 2919236226
is_linear=0
shrinkage=0.03


Tree=123
num_leaves=15
num_cat=1
split_feature=30 21 28 25 30 30 23 1 24 5 24 24 31 37
split_gain=0.611529 0.574942 3.55573 0.611298 0.556833 0.993474 0.613405 0.582479 0.441813 0.538112 0.715328 0.519875 0.413543 0.650037
threshold=368.50000000000006 193.00000000000003 1.5228009259259261 0.22290322580645164 20.250000000000004 53.500000000000007 44.500000000000007 106.50000000000001 71.978666666666115 0.31010000000000004 50.714166666665996 141.45299999999978 1.5271498771498775 0
decision_type=2 2 2 10 2 2 2 2 10 2 10 8 8 9
left_child=1 3 -3 4 -1 6 -6 8 9 10 -7 -10 13 -5
right_child=-2 2 -4 12 5 7 -8 -9 11 -11 -12 -13 -14 -15
leaf_value=-0.0013323330537252525 -0.0020139173421193845 -0.0023458897073150554 0.0056149899052397815 -0.0016875269701286482 0.0012366850320621333 -0.00013531479284805941 0.0039510873916812914 0.0023749366566977082 0.0022676975712458193 0.0011142490634429483 -0.0026224987337391445 -0.00049266910904341118 1.5279178570780591e-06 -0.00025241199499567046
leaf_weight=131 136 102 100 341 235 321 110 102 139 151 154 110 4864 1554
leaf_count=131 136 102 100 341 235 321 110 102 139 151 154 110 4864 1554
internal_value=-1.82949e-05 1.39614e-05 0.00159514 -2.49326e-05 0.000533321 0.000718193 0.00210215 0.000229489 -2.0609e-05 -0.000445766 -0.000941686 0.00104826 -0.000144942 -0.000520894
internal_weight=8550 8414 202 8212 1453 1322 345 977 875 626 475 249 6759 1895
internal_count=8550 8414 202 8212 1453 1322 345 977 875 626 475 249 6759 1895
cat_boundaries=0 1
cat_threshold=3232759820
is_linear=0
shrinkage=0.03


Tree=124
num_leaves=15
num_cat=1
split_feature=31 25 0 31 27 31 30 28 22 37 31 13 22 22
split_gain=1.34109 0.418472 0.535747 0.490452 0.708892 0.53648 0.531617 0.507789 0.485976 0.442876 0.672203 0.715305 0.566676 0.332518
threshold=0.1106014271151886 0.26235294117647062 4.5000000000000009 1.3336077947028957 13.998958333333336 1.1585652028159574 196.30000000000004 1.177337962962963 1095.0500000000004 0 6.7994275990099018 0.50000000000000011 6542.1000000000013 6785.2500000000009
decision_type=8 10 2 10 2 10 2 2 2 9 10 2 2 2
left_child=-1 2 8 5 -5 13 7 -6 -2 -3 11 12 -11 -4
right_child=1 9 3 4 6 -7 -8 -9 -10 10 -12 -13 -14 -15
leaf_value=0.0030394269528519363 0.0031811349323162667 -6.4639211262908632e-05 0.00036501516467594037 -0.00088257752629233746 0.0012118752494973775 -0.0019282078137621281 -0.00036037660070090371 0.0037095194724936255 0.0004054221224226057 -0.00049207803384227356 -0.0030007483660558459 0.001533518571592216 -0.0025571870630172861 -0.0010143436716942571
leaf_weight=125 104 5009 586 177 260 156 124 102 125 1186 102 143 133 215
leaf_count=125 104 5009 586 177 260 156 124 102 125 1186 102 143 133 215
internal_value=-4.51507e-05 -9.09323e-05 0.00030778 0.000115784 0.00074292 -0.000318689 0.00133492 0.00191563 0.00166601 -0.000203091 -0.000641991 -0.000481818 -0.000700311 -5.22472e-06
internal_weight=8547 8422 1849 1620 663 957 486 362 229 6573 1564 1462 1319 801
internal_count=8547 8422 1849 1620 663 957 486 362 229 6573 1564 1462 1319 801
cat_boundaries=0 1
cat_threshold=1380215288
is_linear=0
shrinkage=0.03


Tree=125
num_leaves=15
num_cat=1
split_feature=21 30 38 37 32 32 31 1 30 31 27 25 38 38
split_gain=0.62178 0.425097 0.421316 0.392397 0.495581 0.561931 0.363109 0.396016 0.591741 0.683526 0.648585 0.548403 0.333243 0.55286
threshold=226.47500000000005 2.2500000000000004 2.339954998248738 0 6.5000000000000009 3.5000000000000004 7.7898305084745774 8.5000000000000018 33.250000000000007 1.548166151126823 13.957650462962965 0.37750000000000006 1.4639659727593786 1.2615948689229814
decision_type=2 2 2 9 2 2 10 2 2 8 2 10 2 2
left_child=1 -1 3 4 5 -3 7 8 -5 11 -11 -10 13 -12
right_child=-2 2 -4 6 -6 -7 -8 -9 9 10 12 -13 -14 -15
leaf_value=-0.0018234054507956898 0.0021624519365246999 -0.00094577621610968923 -0.0019427860182865211 0.0024318643952440469 -0.0024703763992922592 0.0010827268813603981 0.001266508390288626 -0.00012268655103754271 -2.9270849113328538e-05 -0.0011042809045594185 0.0016663912873631915 -0.0025248819039344586 0.0021465576078159168 -0.0010065147265375248
leaf_weight=128 110 437 108 125 122 171 201 6101 271 125 179 112 233 114
leaf_count=128 110 437 108 125 122 171 201 6101 271 125 179 112 233 114
internal_value=-7.8472e-05 -0.000107723 -8.12615e-05 -5.67169e-05 -0.0007156 -0.00037526 8.69704e-06 -2.61147e-05 0.000482242 0.000246552 0.000838178 -0.000759058 0.00129979 0.000626421
internal_weight=8537 8427 8299 8191 730 608 7461 7260 1159 1034 651 383 526 293
internal_count=8537 8427 8299 8191 730 608 7461 7260 1159 1034 651 383 526 293
cat_boundaries=0 1
cat_threshold=1629491976
is_linear=0
shrinkage=0.03


Tree=126
num_leaves=15
num_cat=0
split_feature=38 23 21 31 28 28 32 16 31 22 32 31 0 31
split_gain=0.960562 5.12281 0.802359 0.503813 0.40927 0.50584 0.56776 0.314685 0.303774 0.304296 0.421607 0.332832 0.509393 0.453342
threshold=2.2273705780388373 105.50000000000001 208.16666666666671 0.1799720450492425 20.991348379629631 15.448998842592594 13.500000000000002 1.0000000180025095e-35 0.35714348202647267 22.375000000000007 13.500000000000002 0.98907071189679896 4.5000000000000009 0.85584415584415596
decision_type=2 2 2 8 2 2 2 2 8 2 2 10 2 8
left_child=2 -2 3 -1 5 8 -7 -6 -5 10 -10 12 -11 -14
right_child=1 -3 -4 4 7 6 -8 -9 9 11 -12 -13 13 -15
leaf_value=-0.0019294913246374593 0.0052058625371925009 -0.0034039480132457699 -0.0021949245873838664 0.0014143988368121663 0.002367156794332134 0.00051075325795572315 -0.0022322795995777206 0.00033071463943592139 -0.0010962008883170283 0.0013724530655890702 0.00091986569059989017 0.00013669508618312676 -0.00028983020976947315 -0.0018250302224474566
leaf_weight=122 157 103 155 138 112 106 189 175 447 120 118 5769 628 239
leaf_count=122 157 103 155 138 112 106 189 175 447 120 118 5769 628 239
internal_value=-5.64203e-07 0.00179505 -5.66907e-05 -1.60897e-05 1.29409e-05 -2.82356e-05 -0.00124665 0.00112542 1.9952e-05 -6.33314e-06 -0.000675146 4.95993e-05 -0.000459474 -0.000713028
internal_weight=8578 260 8318 8163 8041 7754 295 287 7459 7321 565 6756 987 867
internal_count=8578 260 8318 8163 8041 7754 295 287 7459 7321 565 6756 987 867
is_linear=0
shrinkage=0.03


Tree=127
num_leaves=15
num_cat=2
split_feature=21 38 37 25 26 0 25 28 38 25 0 21 2 37
split_gain=0.746708 1.21522 0.380828 0.467514 0.652966 0.423611 0.316945 0.309244 0.436928 0.288726 0.624586 0.399951 0.292494 0.538311
threshold=226.47500000000005 2.339954998248738 0 0.17000000000000001 0.047727272727272736 8.5000000000000018 0.5064102564102565 1.0000000180025095e-35 1.6402248835908666 0.20937500000000003 6.5000000000000009 68.166666666666671 1.0000000180025095e-35 1
decision_type=2 2 9 10 8 2 8 2 2 10 2 2 2 9
left_child=1 2 6 4 7 -6 -1 8 -4 10 -5 -12 -11 -14
right_child=-2 -3 3 9 5 -7 -8 -9 -10 12 11 -13 13 -15
leaf_value=-0.00040455850068641573 0.0024511950965464837 -0.00327806471481121 0.0016142825826853582 0.00088166638324037186 0.0030425533619468452 0.00062175956266632276 -0.0020778654522982526 -0.0010173203932255953 -0.00079260394125517484 9.036358459685007e-05 -0.0029568740393875574 -0.00046111270108200404 0.0014786024216415458 -0.00072493899754720148
leaf_weight=708 107 105 170 120 145 118 119 154 113 5541 123 109 104 853
leaf_count=708 107 105 170 120 145 118 119 154 113 5541 123 109 104 853
internal_value=-3.92819e-05 -7.06991e-05 -3.0497e-05 3.68016e-05 0.000775335 0.00195642 -0.000637627 6.45228e-05 0.000653229 -3.86152e-05 -0.000875446 -0.0017843 6.71637e-06 -0.000477598
internal_weight=8589 8482 8377 7550 700 263 827 437 283 6850 352 232 6498 957
internal_count=8589 8482 8377 7550 700 263 827 437 283 6850 352 232 6498 957
cat_boundaries=0 1 2
cat_threshold=1610908186 2155872384
is_linear=0
shrinkage=0.03


Tree=128
num_leaves=15
num_cat=2
split_feature=21 30 37 38 22 38 1 38 1 21 25 37 24 27
split_gain=1.5547 0.923202 0.838904 1.43672 1.09893 0.872062 0.5257 0.36587 0.358993 0.922986 1.00258 0.817146 0.526722 0.467561
threshold=261.66666666666669 368.50000000000006 0 2.3040562714157726 510.25000000000006 1.6567591766499532 280.50000000000006 0.79345283360660634 12.500000000000002 118.83333333333336 0.20937500000000003 1 66.439000000003105 13.999369212962966
decision_type=2 2 9 2 2 2 2 2 2 2 8 9 10 2
left_child=1 2 4 6 5 -1 7 -4 9 10 -9 12 -12 -13
right_child=-2 -3 3 -5 -6 -7 -8 8 -10 -11 11 13 -14 -15
leaf_value=-0.0011490841002609533 0.0037706940983754057 -0.0026549876017471479 -0.0017935860816389322 -0.0034460816767730444 0.0037407634568010122 0.0019497751818790311 0.0021463787276963038 0.0033393492842386024 -7.2079607523124268e-05 -0.0011513831436602276 -0.0021705735853528667 -0.00025609885744759937 0.00053593896261578343 0.0013313073116464841
leaf_weight=161 101 114 100 108 124 166 105 124 6012 271 148 222 115 674
leaf_count=161 101 114 100 108 124 166 105 124 6012 271 148 222 115 674
internal_value=7.06925e-05 2.64363e-05 6.31328e-05 -9.71207e-06 0.00130697 0.000424037 3.80335e-05 9.15582e-06 3.29827e-05 0.00043944 0.00077546 0.000501152 -0.000950959 0.000927646
internal_weight=8545 8444 8330 7879 451 327 7771 7666 7566 1554 1283 1159 263 896
internal_count=8545 8444 8330 7879 451 327 7771 7666 7566 1554 1283 1159 263 896
cat_boundaries=0 1 2
cat_threshold=137364480 2173210628
is_linear=0
shrinkage=0.03


Tree=129
num_leaves=15
num_cat=2
split_feature=38 31 17 31 37 38 38 21 31 2 36 31 1 24
split_gain=1.2059 0.592275 0.494182 0.358434 0.329975 0.663591 0.56502 0.696405 0.519881 0.466849 0.652289 0.726695 0.479202 0.45915
threshold=2.3859345902999922 0.23920529801324505 3.5000000000000004 0.40720431576072119 0 2.0369260964617228 2.0302225641137794 86.391666666666694 0.98907071189679896 1.0000000180025095e-35 1 1.7085313261190753 101.50000000000001 24.597666666666047
decision_type=2 8 2 8 9 2 2 2 8 2 9 8 2 10
left_child=1 -1 3 -3 6 8 -5 -8 -6 10 12 -12 -10 -11
right_child=-2 2 -4 4 5 -7 7 -9 9 13 11 -13 -14 -15
leaf_value=-0.0016589719547217441 0.0029830462498465129 0.0013601710821676532 0.0019694723208384538 -0.00011376588563189268 -0.0010717504272963535 0.0017820527660008117 -0.0028162976332109044 0.00010633559495186855 0.00092131135255099736 -0.0019699905287060468 0.00109467319756969 -0.0015177225169551094 0.0031484116360608657 0.00023759614109478301
leaf_weight=203 119 160 111 5921 295 232 158 137 415 135 184 200 110 228
leaf_count=203 119 160 111 5921 295 232 158 137 415 135 184 200 110 228
internal_value=-1.59766e-05 -5.80174e-05 -1.87953e-05 -4.5792e-05 -7.38586e-05 0.00028305 -0.000177323 -0.00145901 6.29239e-05 0.000326076 0.000689268 -0.0002592 0.001362 -0.000583407
internal_weight=8608 8489 8286 8175 8015 1799 6216 295 1567 1272 909 384 525 363
internal_count=8608 8489 8286 8175 8015 1799 6216 295 1567 1272 909 384 525 363
cat_boundaries=0 1 2
cat_threshold=3854625442 17
is_linear=0
shrinkage=0.03


Tree=130
num_leaves=15
num_cat=1
split_feature=31 21 37 32 23 24 31 24 27 27 21 2 27 7
split_gain=0.552696 0.800072 0.600092 0.522547 0.502416 0.380685 0.322919 0.294319 0.425975 0.43988 0.425678 0.441715 0.516654 0.469935
threshold=0.1106014271151886 208.16666666666671 0 6.5000000000000009 39.500000000000007 20.074999999999566 4.1843694096601078 179.81983333332701 13.957650462962965 12.999849537037038 9.0833333333333339 1.0000000180025095e-35 13.99941550925926 1.0000000180025095e-35
decision_type=8 2 9 2 2 8 10 8 2 2 2 2 2 2
left_child=-1 2 3 4 -2 6 -4 8 9 -7 -10 12 13 -12
right_child=1 -3 5 -5 -6 7 -8 -9 10 -11 11 -13 -14 -15
leaf_value=0.0020024964330895316 0.00086341804846362658 -0.0021706334122689442 -0.00092254885296830442 -0.0001476922449608952 0.003713600654339436 -7.8373017584619284e-05 0.0007272412084239477 -0.00017707547514541228 -0.0012295889441617397 -0.0019627770564208426 0.00064057201243601029 -0.0003259052778392319 0.00047192915568221175 0.0029810380558282848
leaf_weight=126 124 150 644 149 101 968 128 2957 139 126 158 519 2138 151
leaf_count=126 124 150 644 149 101 968 128 2957 139 126 158 519 2138 151
internal_value=3.02289e-05 8.26851e-07 4.00607e-05 0.00119826 0.00214283 -1.6068e-05 -0.000649009 5.21921e-05 0.000213646 -0.000295407 0.000393003 0.000469045 0.000637651 0.00178429
internal_weight=8578 8452 8302 374 225 7928 772 7156 4199 1094 3105 2966 2447 309
internal_count=8578 8452 8302 374 225 7928 772 7156 4199 1094 3105 2966 2447 309
cat_boundaries=0 1
cat_threshold=3153992
is_linear=0
shrinkage=0.03


Tree=131
num_leaves=15
num_cat=2
split_feature=38 35 22 0 37 25 0 5 1 22 22 17 22 23
split_gain=0.80433 2.69518 0.446457 0.36433 0.383254 0.500603 0.849657 0.400489 0.654215 0.347465 0.690596 0.479131 0.412034 0.335801
threshold=2.2273705780388373 0 10353.798000000001 14.500000000000002 1 0.24695121951219515 4.5000000000000009 0.23305000000000003 42.500000000000007 6444.0500000000002 7391.3750000000009 1.0000000180025095e-35 5742.3000000000002 90.500000000000014
decision_type=2 1 2 2 9 10 2 2 2 2 2 2 2 2
left_child=2 -2 3 4 -1 6 -6 13 -9 12 -11 -12 -7 -8
right_child=1 -3 -4 -5 5 9 7 8 -10 10 11 -13 -14 -15
leaf_value=-0.00050371238481015132 0.0046780673721805209 -0.0015502454883729417 -0.0014307078380306163 -0.00084010729158964944 0.0027859098218208315 4.0680628005982317e-05 -0.00031541496822267752 -0.00021833125418402552 0.0025366052437018147 -0.0022787639325492076 0.0010916607882344661 -0.0014689899963060658 0.0017145905475156136 0.0012697782787796578
leaf_weight=956 120 116 199 432 152 4926 591 142 171 172 176 105 136 151
leaf_count=956 120 116 199 432 152 4926 591 142 171 172 176 105 136 151
internal_value=2.21947e-05 0.00174923 -2.68581e-05 7.58897e-06 5.52843e-05 0.000135333 0.000688932 0.000386808 0.00128676 1.44185e-05 -0.000781587 0.000134834 8.56533e-05 7.17827e-06
internal_weight=8545 236 8309 8110 7678 6722 1207 1055 313 5515 453 281 5062 742
internal_count=8545 236 8309 8110 7678 6722 1207 1055 313 5515 453 281 5062 742
cat_boundaries=0 1 2
cat_threshold=19 755303116
is_linear=0
shrinkage=0.03


Tree=132
num_leaves=15
num_cat=2
split_feature=38 23 22 30 37 30 30 28 35 27 27 27 38 30
split_gain=0.65858 3.37676 0.768214 0.355867 0.296326 0.371757 0.913919 0.657868 0.655959 0.446366 0.91772 0.418663 0.411741 0.74701
threshold=2.2273705780388373 105.50000000000001 11720.000000000002 2.2500000000000004 0 222.10000000000002 213.07500000000002 21.930173611111112 1 27.957916666666673 25.748020833333339 30.570040509259261 1.4683473110477221 259.62500000000006
decision_type=2 2 2 2 9 2 2 2 1 2 2 2 2 2
left_child=2 -2 3 -1 -5 6 11 8 -7 10 -10 -6 -11 -14
right_child=1 -3 -4 4 5 7 -8 -9 9 12 -12 -13 13 -15
leaf_value=-0.0015974009810315693 0.0043788574270954067 -0.0026852923585667086 -0.00230139335285297 -0.00049030067040984043 0.0001732670561778313 0.0016375779755752912 0.0025125277055918264 0.0013348872822825796 -0.00049093313516865376 -0.00086851596870584583 -0.0026947126424539574 -0.0012836978239078153 -0.0007593132657219237 0.0022016419114813759
leaf_weight=128 149 103 136 976 5028 108 148 192 546 313 247 184 158 149
leaf_count=128 149 103 136 976 5028 108 148 192 546 313 247 184 158 149
internal_value=-1.93895e-05 0.00149153 -6.51914e-05 -2.79989e-05 -3.04129e-06 6.4797e-05 0.000187843 -0.000319838 -0.000528719 -0.000700925 -0.00117736 0.000121832 -0.000102859 0.000677763
internal_weight=8565 252 8313 8177 8049 7073 5360 1713 1521 1413 793 5212 620 307
internal_count=8565 252 8313 8177 8049 7073 5360 1713 1521 1413 793 5212 620 307
cat_boundaries=0 1 2
cat_threshold=570507826 2
is_linear=0
shrinkage=0.03


Tree=133
num_leaves=15
num_cat=1
split_feature=38 29 24 1 37 38 28 1 38 24 23 30 27 27
split_gain=0.766296 2.44732 0.681246 0.799345 0.337065 0.364258 0.327389 0.340989 0.322877 0.554718 0.603992 0.564459 0.430487 0.703954
threshold=2.2273705780388373 2.5000000000000004 2.6950000000000736 30.500000000000004 0 1.9151220294022593 6.9361747685185202 106.50000000000001 1.9347492405578874 56.07100000000036 108.50000000000001 161.12500000000003 29.624641203703707 29.99902777777778
decision_type=2 2 8 2 9 2 2 2 2 10 2 2 2 2
left_child=2 -2 3 -1 5 6 7 -4 12 10 -10 -11 -6 -14
right_child=1 -3 4 -5 8 -7 -8 -9 9 11 -12 -13 13 -15
leaf_value=0.00054854242295465042 0.0043983019974005678 -0.0015369111893824854 -0.00019469932799544553 -0.0028107528665500198 4.0106659175527291e-05 0.0011955286115854895 -0.0017454786698688119 -0.0017826649106045677 0.0022450801084580065 -0.0024187908289437206 -0.00068579528533897348 -0.00025645919966683277 0.0030502575573821862 0.00043122674015571975
leaf_weight=102 133 118 978 170 5237 112 188 139 110 191 149 252 108 638
leaf_count=102 133 118 978 170 5237 112 188 139 110 191 149 252 108 638
internal_value=-2.52716e-05 0.00160804 -7.42281e-05 -0.00155102 -2.46494e-05 -0.000443208 -0.000587246 -0.000392307 6.46374e-05 -0.000543934 0.000558978 -0.00118875 0.000136151 0.000810389
internal_weight=8625 251 8374 272 8102 1417 1305 1117 6685 702 259 443 5983 746
internal_count=8625 251 8374 272 8102 1417 1305 1117 6685 702 259 443 5983 746
cat_boundaries=0 1
cat_threshold=1680921384
is_linear=0
shrinkage=0.03


Tree=134
num_leaves=15
num_cat=4
split_feature=0 37 25 37 35 23 37 22 5 26 25 30 23 25
split_gain=0.486807 0.976102 0.92206 0.863259 0.828607 0.657562 0.516079 0.499706 0.619105 0.507261 0.437298 0.570499 1.22232 0.970704
threshold=6.5000000000000009 0 0.43223443223443231 1 2 153.50000000000003 3 510.25000000000006 0.21825000000000003 0.047727272727272736 0.37750000000000006 227.05000000000004 75.500000000000014 0.43223443223443231
decision_type=2 9 10 9 1 2 9 2 2 8 8 2 2 10
left_child=1 2 -1 7 5 10 -5 8 9 -2 -3 12 -12 -14
right_child=3 4 -4 6 -6 -7 -8 -9 -10 -11 11 -13 13 -15
leaf_value=0.0038350710875283069 0.00062640532732681704 -7.515782366765655e-06 0.00050361858793290923 0.0019309111853586865 -0.00096855032126140538 -0.00086763309606391445 -8.7339163679011627e-05 -0.0023487791055705294 -0.0023208396011095951 -0.0017606681538273807 0.00038710382635282273 -2.8664042320836362e-05 0.0050141223769294028 0.0016108491453085119
leaf_weight=130 288 777 176 107 523 345 4488 218 146 111 490 401 112 231
leaf_count=130 288 777 176 107 523 345 4488 218 146 111 490 401 112 231
internal_value=-1.81647e-05 0.00027556 0.00185822 -0.000192766 0.000100541 0.000340956 -3.62508e-05 -0.00112019 -0.000649306 -3.76677e-05 0.000549992 0.000901033 0.00134858 0.00272212
internal_weight=8543 3185 306 5358 2879 2356 4595 763 545 399 2011 1234 833 343
internal_count=8543 3185 306 5358 2879 2356 4595 763 545 399 2011 1234 833 343
cat_boundaries=0 1 2 3 4
cat_threshold=136364048 136892930 11 262180
is_linear=0
shrinkage=0.03


Tree=135
num_leaves=15
num_cat=3
split_feature=21 2 37 35 25 31 23 24 24 1 35 31 31 5
split_gain=0.415719 0.512655 0.417188 0.547214 0.730167 0.525083 0.435921 0.428798 0.39058 0.533579 0.509067 0.762697 1.24813 0.65081
threshold=226.47500000000005 1.0000000180025095e-35 0 1 0.17000000000000001 8.173220338983052 44.500000000000007 6.2545000000001165 384.59266666667077 61.500000000000007 2 3.6569070953420728 2.2583927231807954 0.23305000000000003
decision_type=2 2 9 1 10 8 2 10 10 2 1 10 10 2
left_child=1 2 -1 6 -5 7 -4 -6 10 -10 11 12 -9 -13
right_child=-2 -3 3 4 5 -7 -8 8 9 -11 -12 13 -14 -15
leaf_value=-0.00019968229538522858 0.0018492787492436331 -0.00058314548498258824 0.0028127366948423769 0.0022771991320894931 -0.0013430919768699608 0.0017873640999417095 0.00073623333679819381 0.00085742037750470134 -0.0010575727091878761 0.00079348987578669033 -0.00035858058470680289 0.00075101877759459982 -0.00086372504575370147 0.003883355953103356
leaf_weight=2739 111 1166 112 139 204 153 485 1125 519 192 903 142 572 103
leaf_count=2739 111 1166 112 139 204 153 485 1125 519 192 903 142 572 103
internal_value=2.51316e-05 1.46076e-06 9.37254e-05 0.000266445 0.000140145 6.45896e-05 0.00110725 -5.51263e-06 7.12214e-05 -0.000557708 0.000228398 0.000500603 0.000277282 0.00206788
internal_weight=8665 8554 7388 4649 4052 3913 597 3760 3556 711 2845 1942 1697 245
internal_count=8665 8554 7388 4649 4052 3913 597 3760 3556 711 2845 1942 1697 245
cat_boundaries=0 1 2 3
cat_threshold=2776941235 2 24
is_linear=0
shrinkage=0.03


Tree=136
num_leaves=15
num_cat=2
split_feature=21 38 38 37 38 38 38 22 24 37 23 38 24 27
split_gain=0.777064 0.435066 0.327162 1.22387 1.32379 0.982914 0.893723 1.12573 0.675542 0.651075 0.629814 1.09297 0.749121 0.626549
threshold=226.47500000000005 0.79345283360660634 1.4509529852326699 0 1.6134496801343488 2.3040562714157726 1.7596468718091531 280.4500000000001 116.65266666666663 1 44.500000000000007 1.5037828173842198 164.70933333333156 30.53346643518519
decision_type=2 2 2 9 2 2 2 2 10 9 2 2 10 2
left_child=1 -1 9 6 10 13 8 -8 -4 -3 -5 12 -12 -6
right_child=-2 2 3 4 5 -7 7 -9 -10 -11 11 -13 -14 -15
leaf_value=-0.0019121922787867093 0.0025253391050334487 -0.0015925652659957586 -0.00038948889316608461 -0.00038044759673216646 -0.0004637036505176611 -0.003289378821028326 0.0044229088778832944 0.00083883097383594292 0.0019178625684187108 -0.00013458570447740087 0.0013055694368257023 0.00054672722719694442 0.0049154063944837874 0.0014643685084215743
leaf_weight=114 105 289 336 279 2383 106 141 179 173 3617 102 503 105 162
leaf_count=114 105 289 336 279 2383 106 141 179 173 3617 102 503 105 162
internal_value=-3.96502e-05 -7.13764e-05 -4.63193e-05 0.000128976 -0.000109125 -0.000458865 0.00116174 0.00241807 0.000394739 -0.000246882 0.000827244 0.00130182 0.00313665 -0.000340974
internal_weight=8594 8489 8375 4469 3640 2651 829 320 509 3906 989 710 207 2545
internal_count=8594 8489 8375 4469 3640 2651 829 320 509 3906 989 710 207 2545
cat_boundaries=0 1 2
cat_threshold=209223880 20480034
is_linear=0
shrinkage=0.03


Tree=137
num_leaves=15
num_cat=3
split_feature=37 38 27 27 22 2 22 24 38 37 38 28 37 21
split_gain=0.297286 0.316999 1.71437 4.23899 1.37392 0.392532 0.419721 0.452104 0.394075 0.34412 0.520521 0.367184 0.564217 0.352501
threshold=0 2.09881313774458 13.986660879629632 13.999693287037038 2488.8378750000002 1.0000000180025095e-35 1391.0015000000005 195.64700000000801 1.6831209597979404 1 1.8409241378457162 1.2354513888888892 2 156.37500000000003
decision_type=9 2 2 2 2 2 2 10 2 9 2 2 9 2
left_child=-1 5 -3 -4 -5 9 7 -7 -8 10 11 -2 -13 -11
right_child=1 2 3 4 -6 6 8 -9 -10 13 -12 12 -14 -15
leaf_value=0.0011299401862589339 -0.00035548743565954997 -0.0024069505747499279 0.0068264641415194741 0.001639922527554416 -0.0025152840459486468 0.00036033900211183598 -0.00044887908366765512 -0.0015303289271380619 -0.0021510277840542185 0.00018767985068672381 0.0010378940617063951 -0.00022319851264071005 -0.0029535172752609166 -0.00069586941554725047
leaf_weight=198 691 122 105 161 129 493 263 148 229 5178 178 146 134 441
leaf_count=198 691 122 105 161 129 493 263 148 229 5178 178 146 134 441
internal_value=9.53317e-06 -1.81407e-05 0.000701522 0.00166161 -0.000208428 -6.52546e-05 -0.000582067 -7.61959e-05 -0.00124114 2.12627e-05 -0.000449545 -0.000726846 -0.00164331 0.000118125
internal_weight=8616 8418 517 395 290 7901 1133 641 492 6768 1149 971 280 5619
internal_count=8616 8418 517 395 290 7901 1133 641 492 6768 1149 971 280 5619
cat_boundaries=0 1 2 3
cat_threshold=1049604 606933682 603979824
is_linear=0
shrinkage=0.03


Tree=138
num_leaves=15
num_cat=3
split_feature=31 22 0 31 37 37 38 33 28 31 38 36 1 28
split_gain=1.9621 0.848596 0.440151 0.561286 0.500589 0.500414 1.22073 0.715416 0.579784 0.506333 0.501382 0.489442 0.445681 0.502747
threshold=0.1106014271151886 10353.798000000001 11.500000000000002 3.7558696440645338 0 1 2.2758864836952273 1.0000000180025095e-35 10.811435185185188 3.3691925433176455 1.9151220294022593 2 104.50000000000001 5.9710474537037044
decision_type=8 2 2 10 9 9 2 2 2 8 2 9 2 2
left_child=-1 2 5 4 -4 6 7 11 9 -9 -7 -2 -13 -14
right_child=1 -3 3 -5 -6 10 -8 8 -10 -11 -12 12 13 -15
leaf_value=0.0037900967032030281 0.0013445126738582478 -0.0018431245716691311 -0.0016108254590711162 0.0011400809029657995 -0.00022784889808390288 0.00034216791129993915 -0.0031508871117655775 5.9046447608661911e-05 0.0026992015951078411 0.0023555230253176494 0.0021924504030362835 -0.00013940026450554922 -0.002115918844558889 0.0002712546319632632
leaf_weight=122 173 229 396 155 590 2252 114 488 127 105 140 3295 224 123
leaf_count=122 173 229 396 155 590 2252 114 488 127 105 140 3295 224 123
internal_value=1.2855e-05 -4.19332e-05 8.47907e-06 -0.000538117 -0.000801932 9.70555e-05 -8.4597e-05 -7.70372e-06 0.000859643 0.000465674 0.000448587 -0.000171397 -0.00024642 -0.00126974
internal_weight=8533 8411 8182 1141 986 7041 4649 4535 720 593 2392 3815 3642 347
internal_count=8533 8411 8182 1141 986 7041 4649 4535 720 593 2392 3815 3642 347
cat_boundaries=0 1 2 3
cat_threshold=276316288 2004978628 6
is_linear=0
shrinkage=0.03


Tree=139
num_leaves=15
num_cat=2
split_feature=38 22 37 37 22 24 27 32 38 30 13 30 38 27
split_gain=0.961333 0.704986 0.46165 0.317283 0.24958 0.200886 0.452218 0.612077 0.762667 0.58827 0.561702 0.562947 0.435552 0.771738
threshold=2.3859345902999922 12726.200000000003 0 1 172.05000000000001 170.43233333333259 29.165914351851857 10.500000000000002 1.4347101219442537 220.07500000000002 0.50000000000000011 50.500000000000007 1.587038597486164 26.99399305555556
decision_type=2 2 9 9 2 8 2 2 2 2 2 2 2 2
left_child=1 2 4 -4 -1 -5 10 -8 -9 -10 11 -7 13 -13
right_child=-2 -3 3 5 -6 6 7 8 9 -11 -12 12 -14 -15
leaf_value=-0.0017016094949010747 0.0027546442353387213 -0.0023724839629490025 0.0016029028817064175 0.00015522154917730314 9.3025165741123908e-05 0.0012701464413071666 -0.0011925387032409539 -0.00027093367826319854 0.00060965434543702388 0.0030464093104331899 -0.0011831190995510107 -0.0005271512739524599 -0.0011686454942487251 0.0013189764785056467
leaf_weight=216 114 113 108 4835 103 233 164 295 184 173 579 697 393 288
leaf_count=216 114 113 108 4835 103 233 164 295 184 173 579 697 393 288
internal_value=1.82927e-05 -1.89277e-05 1.32387e-05 5.87289e-05 -0.00108804 3.54453e-05 -0.000157091 0.000445715 0.000857791 0.00179049 -0.000381698 -9.3664e-05 -0.000324265 1.26302e-05
internal_weight=8495 8381 8268 7949 319 7841 3006 816 652 357 2190 1611 1378 985
internal_count=8495 8381 8268 7949 319 7841 3006 816 652 357 2190 1611 1378 985
cat_boundaries=0 1 2
cat_threshold=134545433 525376
is_linear=0
shrinkage=0.03


Tree=140
num_leaves=15
num_cat=2
split_feature=31 38 38 36 21 21 2 27 38 21 37 31 17 0
split_gain=0.919615 0.707849 0.329838 0.904186 1.73323 0.66789 0.313854 0.383437 0.433383 0.342237 0.333097 0.500131 0.570919 0.421414
threshold=0.1106014271151886 2.339954998248738 2.0659085907662513 0 86.391666666666694 50.500000000000007 1.0000000180025095e-35 13.958206018518521 1.7596468718091531 45.833333333333336 1 1.0133141338059373 1.0000000180025095e-35 6.5000000000000009
decision_type=8 2 2 9 2 2 2 2 2 2 9 8 2 2
left_child=-1 2 6 4 -4 -5 10 9 -9 -8 11 12 -2 -12
right_child=1 -3 3 5 -6 -7 7 8 -10 -11 13 -13 -14 -15
leaf_value=0.0023619023806134092 -0.00043593940140889981 -0.0024781570204435704 -0.003161555308382958 0.0038843008822761474 0.0021435310031022894 0.00069736897420330805 0.001635231597053995 -0.0005223514950462052 -0.0021554808715652479 -0.000631761681945664 -0.00029763099645396817 -9.9312736735913176e-05 -0.0027833313010926152 0.0004663197585516877
leaf_weight=139 292 111 120 100 103 145 116 635 190 124 985 3443 137 1910
leaf_count=139 292 111 120 100 103 145 116 635 190 124 985 3443 137 1910
internal_value=-5.83335e-05 -9.83303e-05 -6.65037e-05 0.000707149 -0.000680699 0.0019198 -0.000112733 -0.000591442 -0.000898466 0.000463952 -3.73933e-05 -0.0002191 -0.00118557 0.000205681
internal_weight=8550 8411 8300 468 223 245 7832 1065 825 240 6767 3872 429 2895
internal_count=8550 8411 8300 468 223 245 7832 1065 825 240 6767 3872 429 2895
cat_boundaries=0 1 2
cat_threshold=48 1847646867
is_linear=0
shrinkage=0.03


Tree=141
num_leaves=15
num_cat=2
split_feature=38 31 38 37 38 31 32 27 38 22 37 7 27 22
split_gain=0.998848 0.891311 0.607212 0.287291 0.532623 0.751548 0.742523 0.567356 0.518528 0.614566 0.697749 0.735284 0.667759 0.467044
threshold=0.82054491435949195 0.1106014271151886 2.339954998248738 0 1.6831209597979404 8.173220338983052 20.500000000000004 13.957795138888892 1.6008082641471413 6444.0500000000002 1 1.5000000000000002 30.554403935185189 8792.1860000000015
decision_type=2 8 2 9 2 10 2 2 2 2 9 2 2 2
left_child=-1 -2 3 -3 5 6 7 -5 9 10 -9 12 -12 -6
right_child=1 2 -4 4 13 -7 -8 8 -10 -11 11 -13 -14 -15
leaf_value=-0.0025161158095087701 0.0024668870927152141 -0.00026286956032596254 -0.0022217987340598091 -0.00023764403008036991 -0.00039758031199422746 0.0027761395983133381 -0.00050999483841570963 -0.0014605070576071738 0.0020337131103250854 -0.00086268842943370097 0.00092570795987904561 0.0028542793511102597 -0.0013731689416989683 0.0015197057423342139
leaf_weight=142 132 2404 111 716 1823 110 865 110 246 236 1260 162 125 122
leaf_count=142 132 2404 111 716 1823 110 865 110 246 236 1260 162 125 122
internal_value=-2.09688e-05 2.11009e-05 -1.78429e-05 1.20677e-05 0.000126754 0.000332286 0.000260021 0.000493318 0.000737998 0.000569616 0.000773614 0.000935863 0.000718228 -0.000277319
internal_weight=8564 8422 8290 8179 5775 3830 3720 2855 2139 1893 1657 1547 1385 1945
internal_count=8564 8422 8290 8179 5775 3830 3720 2855 2139 1893 1657 1547 1385 1945
cat_boundaries=0 1 2
cat_threshold=1634779158 134742145
is_linear=0
shrinkage=0.03


Tree=142
num_leaves=15
num_cat=1
split_feature=38 31 38 31 37 31 25 31 31 38 26 30 30 31
split_gain=0.467153 0.406273 0.859799 0.6154 0.392734 0.540079 0.421336 0.439378 0.753968 0.984712 0.43762 0.42041 0.798542 0.769746
threshold=0.79345283360660634 2.2583927231807954 2.2273705780388373 0.19843228538575877 0 2.202466508891157 0.19000000000000003 1.0133141338059373 1.7614762638217427 1.8220497745338726 1.0000000180025095e-35 222.10000000000002 205.07500000000002 1.6316860465116281
decision_type=2 8 2 10 9 10 10 10 10 2 10 2 2 10
left_child=-1 2 3 -2 6 11 -5 10 9 -9 -8 12 -6 -13
right_child=1 -3 -4 4 5 -7 7 8 -10 -11 -12 13 -14 -15
leaf_value=-0.0019147813831540668 -0.0016998120069586832 -0.00020820413508539654 0.0023963714153004832 -0.0019272102181534018 0.00033817116624245325 0.0024586452327877563 -0.002693789778243038 0.00013313711826037859 -0.0010075695184689848 0.0030505736130517678 -0.00010238053375834841 -0.002277446304374904 0.0029293853542893319 0.00023429027803251258
leaf_weight=110 157 3295 158 124 2998 107 102 383 277 143 138 153 111 389
leaf_count=110 157 3295 158 124 2998 107 102 383 277 143 138 153 111 389
internal_value=2.77755e-05 5.28113e-05 0.000216942 0.000149184 0.000208126 0.000356891 -0.000271659 -7.74384e-05 0.000259187 0.00092628 -0.00120373 0.000296272 0.000430685 -0.000474742
internal_weight=8645 8535 5240 5082 4925 3758 1167 1043 803 526 240 3651 3109 542
internal_count=8645 8535 5240 5082 4925 3758 1167 1043 803 526 240 3651 3109 542
cat_boundaries=0 1
cat_threshold=2082766992
is_linear=0
shrinkage=0.03


Tree=143
num_leaves=15
num_cat=1
split_feature=30 21 28 37 38 38 30 6 31 38 1 30 31 31
split_gain=0.901831 1.17077 2.81239 0.77427 1.06768 1.02453 0.568855 0.586335 0.586182 1.16441 0.69073 0.494826 0.669503 0.671452
threshold=368.50000000000006 193.00000000000003 1.3800347222222225 0 2.2758864836952273 2.1219754415830239 304.85000000000008 1.0000000180025095e-35 1.2808240993126334 1.359610331279427 81.500000000000014 220.07500000000002 1.5380656807169777 2.0297841757511592
decision_type=2 2 2 9 2 2 2 2 8 2 2 2 8 10
left_child=1 3 -3 5 -5 6 7 8 9 -1 -10 12 -9 -14
right_child=-2 2 -4 4 -6 -7 -8 11 10 -11 -12 -13 13 -15
leaf_value=-0.00056693157832245385 -0.002321222644806018 -0.0011482300506904721 0.0059667597908293823 -7.5462107858118558e-05 -0.003103747615290405 0.0030302806683762148 0.0020010383052894293 -0.00092505878639822614 0.00014113194327586195 0.0033184464344327958 0.002698413422579868 -0.00099158309872755899 0.0026613746051277433 5.2021150726691947e-05
leaf_weight=113 136 100 100 5056 107 134 176 249 1233 180 103 498 147 224
leaf_count=113 136 100 100 5056 107 134 176 249 1233 180 103 498 147 224
internal_value=0.000102233 0.000141377 0.00240926 8.6197e-05 -0.000137954 0.000463703 0.000347629 0.000241695 0.000604794 0.00181999 0.000338288 -0.000287364 0.000278283 0.00108592
internal_weight=8556 8420 200 8220 5163 3057 2923 2747 1629 293 1336 1118 620 371
internal_count=8556 8420 200 8220 5163 3057 2923 2747 1629 293 1336 1118 620 371
cat_boundaries=0 1
cat_threshold=137891296
is_linear=0
shrinkage=0.03


Tree=144
num_leaves=15
num_cat=2
split_feature=30 31 1 38 17 1 37 26 28 37 38 24 24 25
split_gain=0.43685 0.666669 2.38628 1.05075 0.452976 0.41684 0.542935 0.417015 0.526899 0.673531 0.509037 0.421521 0.597818 0.997522
threshold=2.2500000000000004 0.1106014271151886 27.500000000000004 2.339954998248738 3.5000000000000004 101.50000000000001 0 0.042572463768115944 3.8016782407407415 1 2.0572099794527676 72.609166666669793 172.41716666666329 0.57409090909090921
decision_type=2 10 2 2 2 2 9 8 2 9 2 10 10 10
left_child=-1 2 -2 4 5 7 -7 11 10 -10 -9 -3 13 -13
right_child=1 3 -4 -5 -6 6 -8 8 9 -11 -12 12 -14 -15
leaf_value=-0.001627910589272885 0.0051752006498649175 -0.00051344008533500685 -0.00038238529629040308 -0.0028137620243520859 0.0020485432089909035 0.00011474802683604727 0.0016286370833186762 -0.00018395297258589166 0.0028524497987382344 0.00028028024978106616 0.0019364764639176425 0.00099448063691691727 -0.00023938583826465932 -0.0013104268683166037
leaf_weight=138 103 1975 214 116 102 655 311 894 150 236 115 962 2379 205
leaf_count=138 103 1975 214 116 102 655 311 894 150 236 115 962 2379 205
internal_value=4.6325e-05 7.37747e-05 0.00142339 2.09564e-05 6.21421e-05 3.64364e-05 0.000620186 -4.50995e-05 0.000418338 0.00136099 5.77213e-05 -0.000162197 3.34332e-05 0.000589591
internal_weight=8555 8417 317 8100 7984 7882 966 6916 1395 386 1009 5521 3546 1167
internal_count=8555 8417 317 8100 7984 7882 966 6916 1395 386 1009 5521 3546 1167
cat_boundaries=0 1 2
cat_threshold=977274880 8390668
is_linear=0
shrinkage=0.03


Tree=145
num_leaves=15
num_cat=4
split_feature=31 22 35 37 0 37 38 21 38 21 21 13 25 37
split_gain=0.658706 0.766731 0.364491 0.986186 1.48924 0.543989 0.462211 0.430864 0.387073 0.437437 0.742088 0.696175 0.371954 0.352755
threshold=0.1106014271151886 12726.200000000003 0 1 6.5000000000000009 2 1.3077774704237137 78.500000000000014 1.9347492405578874 35.500000000000007 65.500000000000014 0.50000000000000011 0.21937500000000001 3
decision_type=8 2 1 9 2 9 2 2 2 2 2 2 10 9
left_child=-1 2 3 4 -2 -4 -7 12 13 -10 -11 -12 -8 -5
right_child=1 -3 5 8 -6 6 7 -9 9 10 11 -13 -14 -15
leaf_value=0.0022774979641246493 0.00493819299974654 -0.0023995064966064613 -0.00045028766497896144 0.00051404680308255856 0.0001797002337391039 0.001500808411680706 0.0020053258520265176 -0.0016379356060702449 0.0010662562245306617 -0.0026989575154051188 0.00073194746411829484 -0.0018293121501215194 -0.0001058249641448234 -6.323205571421591e-06
leaf_weight=123 101 112 1960 2285 143 267 101 117 128 148 257 152 293 2406
leaf_count=123 101 112 1960 2285 143 267 101 117 128 148 257 152 293 2406
internal_value=9.78628e-05 6.62104e-05 9.92519e-05 0.000237301 0.00206478 -0.000184301 0.000483006 -3.93489e-05 0.000150678 -0.000515197 -0.000878619 -0.000219914 0.000435358 0.000248233
internal_weight=8593 8470 8358 5620 244 2738 778 511 5376 685 557 409 394 4691
internal_count=8593 8470 8358 5620 244 2738 778 511 5376 685 557 409 394 4691
cat_boundaries=0 1 2 3 4
cat_threshold=26 169869312 979412998 8390918
is_linear=0
shrinkage=0.03


Tree=146
num_leaves=15
num_cat=3
split_feature=31 21 33 24 20 24 37 38 29 37 21 6 17 36
split_gain=0.674043 0.784111 1.43517 0.564022 0.482888 0.839368 0.568314 1.01322 0.44748 0.382761 0.718776 0.699117 0.406494 0.347357
threshold=0.1106014271151886 173.63333333333335 1.0000000180025095e-35 136.90299999999817 1.0000000180025095e-35 352.12183333333195 0 2.3040562714157726 2.5000000000000004 1 153.0916666666667 1.5000000000000002 2.5000000000000004 2
decision_type=8 2 2 10 2 8 9 2 2 9 2 2 2 9
left_child=-1 4 3 -3 6 8 -2 9 -6 11 12 -8 13 -11
right_child=1 2 -4 -5 5 -7 7 -9 -10 10 -12 -13 -14 -15
leaf_value=0.0022309188744494396 0.0019286388504526596 0.0012323230770685208 -0.0041342151734861544 -0.0014979796438197887 -0.00121193727907089 -0.003398770054437492 0.00017633287592797435 -0.0029195654168637153 0.0010446357354350552 -8.2200711472525662e-05 0.0023864053388056119 0.0018674063779921693 0.0016951206170532078 -0.00079072319734761298
leaf_weight=114 129 130 120 143 189 101 1688 106 136 4472 103 253 106 715
leaf_count=114 129 130 120 143 189 101 1688 106 136 4472 103 253 106 715
internal_value=-6.03829e-05 -9.15125e-05 -0.00139978 -0.000197835 -2.72276e-05 -0.00101 2.80633e-05 -7.45815e-06 -0.000267648 3.46038e-05 -9.54893e-05 0.000394723 -0.000143967 -0.00018155
internal_weight=8505 8391 393 273 7998 426 7572 7443 325 7337 5396 1941 5293 5187
internal_count=8505 8391 393 273 7998 426 7572 7443 325 7337 5396 1941 5293 5187
cat_boundaries=0 1 2 3
cat_threshold=2097152 3624673362 50
is_linear=0
shrinkage=0.03


Tree=147
num_leaves=15
num_cat=2
split_feature=30 31 28 30 7 28 14 37 31 37 28 5 17 22
split_gain=0.681847 0.374164 2.25029 0.331299 0.323112 0.757209 0.441173 0.769495 0.686963 0.583541 0.532226 0.462303 0.488093 0.461659
threshold=2.2500000000000004 0.1106014271151886 0.71781828703703721 47.050000000000004 1.5000000000000002 7.7874305555555567 1.5000000000000002 0 1.1800279787006078 1 3.130393518518519 0.27525000000000005 1.5000000000000002 11720.000000000002
decision_type=2 10 2 2 2 2 2 9 10 9 2 2 2 2
left_child=-1 2 3 -2 6 -6 7 8 -3 10 -8 12 -9 -11
right_child=1 4 -4 -5 5 -7 9 11 -10 13 -12 -13 -14 -15
leaf_value=-0.0022024091891376528 0.0003532516080304049 -0.0020987797484055839 0.0045714031280885623 -0.0019529536215238052 0.00107360015562292 -0.0010741325049694879 7.2556852836567522e-05 0.0016558630785783711 0.00026367262520846611 -0.00026352920931930915 0.0015866153212587325 0.0029339928846721622 -0.00075727805973177672 -0.0022382130203854054
leaf_weight=123 126 132 109 101 630 193 815 223 689 4748 281 132 114 109
leaf_count=123 126 132 109 101 630 193 815 223 689 4748 281 132 114 109
internal_value=1.50529e-05 4.75151e-05 0.00102841 -0.000672857 6.65481e-06 0.00056994 -5.73496e-05 0.000445617 -0.000114764 -0.000166341 0.000456576 0.0013992 0.000839548 -0.000307212
internal_weight=8525 8402 336 227 8066 823 7243 1290 821 5953 1096 469 337 4857
internal_count=8525 8402 336 227 8066 823 7243 1290 821 5953 1096 469 337 4857
cat_boundaries=0 1 2
cat_threshold=41945252 8651183
is_linear=0
shrinkage=0.03


Tree=148
num_leaves=15
num_cat=1
split_feature=27 27 30 22 37 30 30 2 23 30 27 1 30 13
split_gain=0.340221 0.93547 0.442114 0.877745 0.443455 0.676988 0.383008 0.292846 0.436533 0.663261 0.809187 0.839936 0.436365 0.373487
threshold=29.99902777777778 29.624641203703707 368.50000000000006 10928.000000000002 0 28.165000000000003 260.75000000000006 1.0000000180025095e-35 144.50000000000003 102.50000000000001 13.999878472222223 15.500000000000002 244.62500000000003 0.50000000000000011
decision_type=2 2 2 2 9 2 2 2 2 2 2 2 2 2
left_child=1 2 3 4 5 -1 -2 8 -6 -10 -11 -12 -9 -13
right_child=6 -3 -4 -5 7 -7 -8 12 9 10 11 13 -14 -15
leaf_value=-0.00040052415793944221 -0.00103794396197508 0.0025613967150579704 -0.0017561784295668434 0.0024213867544160927 -0.00010535987677637236 0.0023242861260605731 0.00059497710015657824 -0.00033966709190764093 -0.0011444136348723942 0.0030138631612256477 0.0029445761568338358 0.00048563144524377158 -0.0023882569302357015 -0.0013951768076584056
leaf_weight=153 550 129 129 134 5126 177 169 934 158 144 104 346 104 131
leaf_count=153 550 129 129 134 5126 177 169 934 158 144 104 346 104 131
internal_value=-2.97936e-05 2.79869e-05 -1.47893e-05 1.51188e-05 -2.85901e-05 0.00102976 -0.000654128 -7.94994e-05 7.65593e-07 0.000616846 0.00100068 0.000501715 -0.000544921 -3.09008e-05
internal_weight=8488 7769 7640 7511 7377 330 719 7047 6009 883 725 581 1038 477
internal_count=8488 7769 7640 7511 7377 330 719 7047 6009 883 725 581 1038 477
cat_boundaries=0 1
cat_threshold=3417096
is_linear=0
shrinkage=0.03


Tree=149
num_leaves=15
num_cat=1
split_feature=21 30 1 30 30 30 30 21 24 1 35 23 30 0
split_gain=1.05473 0.362577 0.728428 0.251928 0.340333 0.292979 0.583935 0.453661 0.278529 0.314044 0.263055 0.496104 0.518132 0.393239
threshold=226.47500000000005 327.65000000000003 45.500000000000007 296.02500000000003 285.02500000000003 253.72500000000002 259.62500000000006 91.450000000000003 573.08966666666458 229.50000000000003 0 13.500000000000002 39.500000000000007 6.5000000000000009
decision_type=2 2 2 2 2 2 2 2 10 2 1 2 2 2
left_child=1 3 -3 4 5 8 -7 -8 9 10 11 12 -1 -13
right_child=-2 2 -4 -5 -6 6 7 -9 -10 -11 -12 13 -14 -15
leaf_value=-0.0027441687136888502 0.0028349175767384861 0.0025338816036366753 -0.00081590837939163135 -0.001061266404663911 0.0016057637531449584 -0.0026996016236685576 -0.0011541431402446519 0.00094501850097713461 0.0012334925619785317 0.001267776449539644 -0.00035239624885964778 0.00048942337966138491 -0.00036727244235808026 -0.00010958968235008297
leaf_weight=104 114 135 103 240 107 113 213 164 149 153 2503 1692 400 2365
leaf_count=104 114 135 103 240 107 113 213 164 149 153 2503 1692 400 2365
internal_value=-3.14161e-05 -7.01274e-05 0.00108418 -0.000103618 -7.47554e-05 -9.76443e-05 -0.000807968 -0.00024098 -5.03923e-05 -7.6899e-05 -0.000106023 2.98889e-05 -0.000857743 0.000140233
internal_weight=8555 8441 238 8203 7963 7856 490 377 7366 7217 7064 4561 504 4057
internal_count=8555 8441 238 8203 7963 7856 490 377 7366 7217 7064 4561 504 4057
cat_boundaries=0 1
cat_threshold=26
is_linear=0
shrinkage=0.03


Tree=150
num_leaves=15
num_cat=4
split_feature=1 37 22 29 31 36 22 25 37 37 0 1 31 31
split_gain=0.512284 0.450192 1.40061 0.608572 0.985 0.57817 0.416163 0.323181 0.476658 0.464475 0.687867 0.459928 0.376002 0.373874
threshold=227.50000000000003 0 9756.2500000000018 1.0000000180025095e-35 1.5004810776138553 1 11720.000000000002 0.30384615384615393 2 3 7.5000000000000009 96.500000000000014 1.2808240993126334 2.5201640784751711
decision_type=2 9 2 2 8 9 2 10 9 9 2 2 8 8
left_child=1 2 3 4 -1 -5 7 9 -9 10 -3 13 -10 -11
right_child=-2 6 -4 5 -6 -7 -8 8 12 11 -12 -13 -14 -15
leaf_value=-0.00023552413749164099 0.0016521320416934911 0.003149682635452873 0.0036323835378986036 -0.0020248502989429545 0.003362254566718759 0.00016854930290202092 -0.0017906236475187332 -3.2040768805514247e-06 -0.001916350341176219 0.00013784098869495807 0.00014674790141285413 0.0015238038535376 -0.0004511270721118902 -0.0011562289152286403
leaf_weight=146 182 122 122 119 129 665 121 3950 198 1460 157 188 773 233
leaf_count=146 182 122 122 119 129 665 121 3950 198 1460 157 188 773 233
internal_value=7.75083e-05 4.33222e-05 0.000583594 0.000237875 0.00145216 -0.000188055 -4.60191e-05 -1.62723e-05 -0.000150548 0.00028964 0.00140934 0.000115453 -0.000742262 -4.02561e-05
internal_weight=8565 8383 1181 1059 275 784 7202 7081 4921 2160 279 1881 971 1693
internal_count=8565 8383 1181 1059 275 784 7202 7081 4921 2160 279 1881 971 1693
cat_boundaries=0 1 2 3 4
cat_threshold=403703056 32 106965224 19433472
is_linear=0
shrinkage=0.03


Tree=151
num_leaves=15
num_cat=4
split_feature=38 23 31 37 21 38 28 1 26 35 27 37 36 27
split_gain=0.943815 3.97641 0.405499 0.283694 0.455968 0.477014 0.65687 0.508109 0.489005 0.519971 0.440296 0.559083 0.423677 0.392914
threshold=2.2273705780388373 105.50000000000001 0.19843228538575877 0 51.500000000000007 1.2563607065540876 1.9286921296296298 121.50000000000001 1.0000000180025095e-35 1 13.999762731481484 2 3 13.958015046296298
decision_type=2 2 8 9 2 2 2 2 10 1 2 9 9 2
left_child=2 -2 -1 -4 10 6 -6 8 -7 12 13 -12 -10 -5
right_child=1 -3 3 4 5 7 -8 -9 9 -11 11 -13 -14 -15
leaf_value=-0.0014487353753902207 0.0049818572176031353 -0.002619721902126912 -9.9665914936932032e-05 0.00041371474429852665 0.0022207862515920352 -0.0021091532965255961 -0.00019176923953814474 0.0014985672869952396 0.0021066051405231076 -0.0007613446129292596 0.00099201221105263177 -0.00095148956729888422 -0.00014011688433522573 0.0015890533880809116
leaf_weight=167 151 105 4896 516 173 157 246 120 111 698 233 285 205 508
leaf_count=167 151 105 4896 516 173 157 246 120 111 698 233 285 205 508
internal_value=6.98669e-05 0.00186402 1.46289e-05 4.46218e-05 0.000261355 -7.51732e-05 0.000804346 -0.000360625 -0.000551149 -0.000309919 0.000636242 -7.65067e-05 0.000689491 0.000996793
internal_weight=8571 256 8315 8148 3252 1710 419 1291 1171 1014 1542 518 316 1024
internal_count=8571 256 8315 8148 3252 1710 419 1291 1171 1014 1542 518 316 1024
cat_boundaries=0 1 2 3 4
cat_threshold=1851861793 18 9469952 7
is_linear=0
shrinkage=0.03


Tree=152
num_leaves=15
num_cat=1
split_feature=38 31 31 38 30 24 28 38 24 36 27 16 30 21
split_gain=0.675606 1.65071 0.714691 0.462401 0.802125 0.901162 0.660601 0.556402 0.932424 0.503524 0.901489 0.570056 0.693559 0.560426
threshold=2.2273705780388373 1.793377120963328 0.1106014271151886 1.4683473110477221 289.02500000000003 234.50883333332607 16.50072916666667 1.5118886484601657 80.781166666666635 0 15.999756944444448 1.0000000180025095e-35 140.40000000000003 20.250000000000004
decision_type=2 10 8 2 2 10 2 2 10 9 2 2 2 2
left_child=2 -2 -1 -4 6 -6 7 8 -5 10 11 -9 -13 -11
right_child=1 -3 3 4 5 -7 -8 9 -10 13 -12 12 -14 -15
leaf_value=-0.0025082445147073837 0.0039347930062649536 -0.001088775565693958 -0.00019385416071253909 -0.00011979083158354648 0.00047578106400059773 0.0040821491587114071 -0.001939495258266106 -0.0001194800954899521 0.0031389794029528274 -0.0021110174287383887 0.0031617125443881375 0.00056029823063740304 0.0032418472687048569 -0.00010995615849734095
leaf_weight=101 128 109 4120 167 163 101 132 1108 150 138 104 501 105 1444
leaf_count=101 128 109 4120 167 163 101 132 1108 150 138 104 501 105 1444
internal_value=4.49286e-05 0.00162438 1.27724e-08 3.07833e-05 0.000255803 0.00185549 0.000146082 0.000220146 0.00142221 0.000108071 0.000447231 0.000285134 0.00102492 -0.000282724
internal_weight=8571 237 8334 8233 4113 264 3849 3717 317 3400 1818 1714 606 1582
internal_count=8571 237 8334 8233 4113 264 3849 3717 317 3400 1818 1714 606 1582
cat_boundaries=0 1
cat_threshold=19
is_linear=0
shrinkage=0.03


Tree=153
num_leaves=15
num_cat=1
split_feature=38 22 1 30 37 30 24 25 5 22 32 32 33 7
split_gain=0.895164 0.987295 0.359748 0.342448 0.332627 0.451763 0.743401 0.728173 0.385172 0.36919 0.582681 0.435889 0.56287 0.479898
threshold=2.3859345902999922 12726.200000000003 280.50000000000006 2.2500000000000004 0 53.500000000000007 297.18233333333814 0.17000000000000001 0.38195000000000007 1891.5441250000001 29.500000000000004 20.500000000000004 1.0000000180025095e-35 1.0000000180025095e-35
decision_type=2 2 2 2 9 2 10 10 2 2 2 2 2 2
left_child=1 2 3 -1 -5 6 7 -6 -9 11 -11 12 -7 -14
right_child=-2 -3 -4 4 5 9 -8 8 -10 10 -12 -13 13 -15
leaf_value=-0.0016042364962266234 0.0028080406873302517 -0.0029239959235170055 0.0016623661620542407 -0.00030211223697649891 0.0022225797095077014 -0.00079635960032319421 0.0030867779235021001 0.00031482327673543718 -0.0015455821951770264 0.00047710012981513558 -0.0017981606566657622 0.00021618877393512426 0.0019755678205340822 -0.00043471777298451818
leaf_weight=121 101 105 116 2281 169 1350 103 776 115 1633 108 1202 134 167
leaf_count=121 101 105 116 2281 169 1350 103 776 115 1633 108 1202 134 167
internal_value=6.00766e-07 -3.32359e-05 3.44442e-06 -2.01412e-05 3.70499e-06 0.000125181 0.000653581 0.000417148 7.47036e-05 -8.31414e-06 0.000335958 -0.000218401 -0.000534801 0.0006383
internal_weight=8481 8380 8275 8159 8038 5757 1163 1060 891 4594 1741 2853 1651 301
internal_count=8481 8380 8275 8159 8038 5757 1163 1060 891 4594 1741 2853 1651 301
cat_boundaries=0 1
cat_threshold=2936128005
is_linear=0
shrinkage=0.03


Tree=154
num_leaves=15
num_cat=3
split_feature=30 37 33 37 28 22 30 23 37 28 27 38 23 30
split_gain=0.577577 0.662832 0.451615 1.23862 1.1442 0.836503 0.810326 0.630174 0.996352 1.03702 1.37625 0.667264 0.685923 0.66372
threshold=11.250000000000002 0 1.0000000180025095e-35 1 1.0000000180025095e-35 6785.2500000000009 173.37500000000003 57.500000000000007 2 1.1472222222222224 17.003738425925928 1.6873743613736736 111.50000000000001 184.37500000000003
decision_type=2 9 2 9 2 2 2 2 9 2 2 2 2 2
left_child=1 -1 7 5 -5 -4 -6 8 9 10 -2 12 13 -9
right_child=2 -3 3 4 6 -7 -8 11 -10 -11 -12 -13 -14 -15
leaf_value=-0.0030894032432823566 0.0011432551405368262 -0.00041967628503076826 3.3800359302978519e-05 0.00037975388383479076 0.0043375883560899326 -0.0026054452369446931 0.0013571818628718988 -7.9135084507451228e-05 -1.7429787772120338e-05 -0.0004801812212335298 0.0054217677961980156 -0.00081438792209141404 0.00047663564458356214 -0.0016308460606096638
leaf_weight=101 201 385 760 508 144 126 191 858 1828 148 102 1548 1241 349
leaf_count=101 201 385 760 508 144 126 191 858 1828 148 102 1548 1241 349
internal_value=-4.25281e-05 -0.0010467 1.84449e-05 0.000447745 0.00126231 -0.000337721 0.00263831 -9.98437e-05 0.00029825 0.00154392 0.00258355 -0.000326885 -1.86104e-05 -0.000527807
internal_weight=8490 486 8004 1729 843 886 335 6275 2279 451 303 3996 2448 1207
internal_count=8490 486 8004 1729 843 886 335 6275 2279 451 303 3996 2448 1207
cat_boundaries=0 1 2 3
cat_threshold=278921240 2154348580 32507904
is_linear=0
shrinkage=0.03


Tree=155
num_leaves=15
num_cat=2
split_feature=31 38 24 30 38 31 31 23 37 5 23 24 35 30
split_gain=0.713146 0.484918 0.457185 0.733177 0.428069 0.433112 0.518255 0.543115 0.486639 0.71453 0.51123 0.610838 0.416304 0.330779
threshold=0.1106014271151886 2.339954998248738 2.6950000000000736 55.500000000000007 0.79345283360660634 2.2583927231807954 2.2152717697949975 163.50000000000003 0 0.22400000000000003 135.50000000000003 76.783333333333445 1 144.50000000000003
decision_type=8 2 8 2 2 8 10 2 9 2 2 10 1 2
left_child=-1 2 3 -2 -4 6 7 -6 9 10 11 -7 13 -10
right_child=1 -3 4 -5 5 8 -8 -9 12 -11 -12 -13 -14 -15
leaf_value=0.0022993268955822203 -0.0023419421640718712 -0.0019991068638416684 -0.0018726606146224492 0.00072131374397355573 0.00027026508692353386 0.0016946692045853458 0.0023796698953357002 -0.0014620527449797924 -0.00045450165879953164 0.0022073450867550904 -0.0011101397675214247 -0.000940503480932897 -0.00054863858851371655 0.0017100299252721834
leaf_weight=121 181 110 103 115 4501 213 101 169 115 166 233 126 2118 142
leaf_count=121 181 110 103 115 4501 213 101 169 115 166 233 126 2118 142
internal_value=1.26247e-05 -2.03422e-05 5.93624e-06 -0.00115183 4.88432e-05 7.39465e-05 0.000253558 0.000207575 -0.000201326 0.000468206 -2.83242e-05 0.000715224 -0.000409621 0.000713695
internal_weight=8514 8393 8283 296 7987 7884 4771 4670 3113 738 572 339 2375 257
internal_count=8514 8393 8283 296 7987 7884 4771 4670 3113 738 572 339 2375 257
cat_boundaries=0 1 2
cat_threshold=1526759496 2
is_linear=0
shrinkage=0.03


Tree=156
num_leaves=15
num_cat=3
split_feature=22 30 5 30 37 23 1 26 25 1 37 27 37 1
split_gain=0.712398 0.349544 0.388441 0.565113 0.62158 0.457169 0.933107 0.610509 0.415472 0.417945 0.963415 0.470337 0.358252 0.302988
threshold=10928.000000000002 2.2500000000000004 0.18465000000000001 64.050000000000011 0 75.500000000000014 20.500000000000004 1.0000000180025095e-35 0.17000000000000001 63.500000000000007 1 13.999878472222223 2 25.500000000000004
decision_type=2 2 2 2 9 2 2 10 10 2 9 2 9 2
left_child=1 -1 3 4 5 6 7 -3 -6 10 11 -10 -8 -4
right_child=-2 2 13 -5 8 -7 12 -9 9 -11 -12 -13 -14 -15
leaf_value=-0.0017171848620473023 0.0017073679454410521 0.00019044656766196476 -0.001119531773276669 -0.00016911648191887191 0.0024639878825922557 -0.0014842564679246203 0.00033466924911856172 0.0032297238108737122 0.001927060380935365 0.0019694736600295707 -0.0014746351801546015 -0.00042129337161102076 -0.001475114869095263 -0.00026461504274676625
leaf_weight=124 193 117 445 3773 154 173 181 121 254 187 173 110 204 2309
leaf_count=124 193 117 445 3773 154 173 181 121 254 187 173 110 204 2309
internal_value=-9.45181e-05 -0.000136292 -0.000112388 3.44211e-05 0.000493171 -0.000118425 0.00025895 0.00173563 0.00103718 0.000748017 0.000322668 0.00118484 -0.000653903 -0.000402755
internal_weight=8518 8325 8201 5447 1674 796 623 238 878 724 537 364 385 2754
internal_count=8518 8325 8201 5447 1674 796 623 238 878 724 537 364 385 2754
cat_boundaries=0 1 2 3
cat_threshold=793772859 1342752772 574619648
is_linear=0
shrinkage=0.03


Tree=157
num_leaves=15
num_cat=1
split_feature=15 37 25 32 33 23 38 38 1 38 38 26 29 32
split_gain=0.638462 0.552252 0.68345 0.713973 0.682115 1.74791 1.31411 0.643588 0.454224 0.366275 0.867079 0.783921 0.625092 0.496951
threshold=1.0000000180025095e-35 0 0.19000000000000003 2.5000000000000004 1.0000000180025095e-35 44.500000000000007 1.8409241378457162 2.3040562714157726 38.500000000000007 1.7044230469855275 1.8943204502563533 0.022474747474747477 2.5000000000000004 5.5000000000000009
decision_type=2 9 10 2 2 2 2 2 2 2 2 10 2 2
left_child=1 4 3 -3 7 -6 8 9 -7 11 -11 13 -12 -1
right_child=-2 2 -4 -5 5 6 -8 -9 -10 10 12 -13 -14 -15
leaf_value=-0.001898976948962942 0.0017913909371519937 0.0031678195703406359 2.0560359706741254e-05 0.00056072204975810426 -0.0012458745302252568 0.0020251453083497241 0.0040400188790685309 -0.0029102376217442988 -0.00057043239163440855 -0.00177414126793358 -0.00075900018575783003 0.00060281151516000523 0.0013378520989828111 -0.00023792315891168277
leaf_weight=257 172 122 4548 420 304 101 146 103 152 528 410 641 186 439
leaf_count=257 172 122 4548 420 304 101 146 103 152 528 410 641 186 439
internal_value=-1.78682e-05 -5.51056e-05 0.000140291 0.00114756 -0.000358866 0.000467896 0.00177363 -0.000586948 0.000465747 -0.000489711 -0.000888876 -0.000154138 -0.000104613 -0.000851272
internal_weight=8529 8357 5090 542 3267 703 399 2564 253 2461 1124 1337 596 696
internal_count=8529 8357 5090 542 3267 703 399 2564 253 2461 1124 1337 596 696
cat_boundaries=0 1
cat_threshold=1990279787
is_linear=0
shrinkage=0.03


Tree=158
num_leaves=15
num_cat=2
split_feature=38 22 38 36 23 0 37 38 24 22 38 27 1 27
split_gain=1.2271 0.860008 0.80817 0.667542 0.330215 0.309574 0.304935 0.2516 0.575015 0.536529 0.342526 0.326415 0.788437 0.466127
threshold=2.3859345902999922 12726.200000000003 2.09881313774458 0 7.5000000000000009 14.500000000000002 1 1.9411166716780264 225.38699999999636 3652.6060000000002 1.9984360442806604 29.616950231481486 8.5000000000000018 30.570040509259261
decision_type=2 2 2 9 2 2 9 2 10 2 2 2 2 2
left_child=1 2 4 -4 -1 6 -6 11 9 10 -9 -8 -13 -14
right_child=-2 -3 3 -5 5 -7 7 8 -10 -11 -12 12 13 -15
leaf_value=0.0015702686216638676 0.0030634947102213196 -0.0026106329408148899 -3.3303087761147981e-05 0.0024866579909124001 0.0014776058811970102 -0.00089217646521753187 -0.00011258667722555257 0.00030137340617199829 -0.0024522600420537992 0.0015059201567518441 -0.0019352775408179382 0.0029727139697374345 0.00091183436694502063 -0.00068077294099426716
leaf_weight=107 115 117 184 196 104 428 6060 112 130 121 137 104 352 312
leaf_count=107 115 117 184 196 104 428 6060 112 130 121 137 104 352 312
internal_value=-1.45987e-05 -5.64206e-05 -2.06182e-05 0.00133103 -8.50873e-05 -0.000107622 -6.24405e-05 -8.61958e-05 -0.000735913 -0.000132873 -0.000929234 -3.87447e-05 0.000543915 0.000163501
internal_weight=8579 8464 8347 380 7967 7860 7432 7328 500 370 249 6828 768 664
internal_count=8579 8464 8347 380 7967 7860 7432 7328 500 370 249 6828 768 664
cat_boundaries=0 1 2
cat_threshold=48 1360
is_linear=0
shrinkage=0.03


Tree=159
num_leaves=15
num_cat=2
split_feature=21 37 38 20 38 38 38 35 32 32 27 23 38 6
split_gain=0.637985 0.402057 0.997238 0.382164 0.657816 0.421289 0.400094 1.01093 0.579706 0.507158 0.399016 0.521978 0.426626 0.414782
threshold=261.66666666666669 0 2.2531680947673558 1.0000000180025095e-35 1.5786809079209496 1.3476281916892809 1.8409241378457162 1 13.500000000000002 5.5000000000000009 29.853153935185187 118.50000000000001 1.5786809079209496 1.0000000180025095e-35
decision_type=2 9 2 2 2 2 2 1 2 2 2 2 2 2
left_child=1 3 -3 6 5 -5 10 -8 9 -9 -1 12 -12 -13
right_child=-2 2 -4 4 -6 -7 7 8 -10 -11 11 13 -14 -15
leaf_value=-3.5364230459845207e-05 0.0023210685597419237 -0.00021828452938232136 -0.0030473034225929623 -0.001029201989433081 -0.0024390699833438316 0.0016103574555565482 0.0033183453703815933 0.00081534298507710999 0.0012756894003388495 -0.0018383751026397619 -0.0010723376152352157 0.0026554169670479108 0.00139712441037409 0.00045292990229709042
leaf_weight=4000 104 2701 117 118 141 101 113 113 266 152 170 168 100 142
leaf_count=4000 104 2701 117 118 141 101 113 113 266 152 170 168 100 142
internal_value=-1.42092e-05 -4.31153e-05 -0.000334555 0.000104374 -0.000840857 0.000188129 0.000169712 0.000869861 0.000281024 -0.00070679 7.12629e-05 0.000806623 -0.000157722 0.00164654
internal_weight=8506 8402 2818 5584 360 219 5224 644 531 265 4580 580 270 310
internal_count=8506 8402 2818 5584 360 219 5224 644 531 265 4580 580 270 310
cat_boundaries=0 1 2
cat_threshold=3462425610 18
is_linear=0
shrinkage=0.03


Tree=160
num_leaves=15
num_cat=0
split_feature=38 17 1 21 24 11 24 30 38 27 0 0 22 30
split_gain=0.625633 0.379857 0.427418 0.325124 0.303009 0.259485 0.598764 0.282064 0.255154 0.231706 0.448585 0.750119 0.58801 0.793212
threshold=2.3859345902999922 3.5000000000000004 280.50000000000006 208.16666666666671 745.88416666666296 1.0000000180025095e-35 33.871666666665995 360.75000000000006 1.419398046970757 12.485387731481483 8.5000000000000018 7.5000000000000009 494.05000000000001 83.500000000000014
decision_type=2 2 2 2 10 2 10 2 2 2 2 2 2 2
left_child=1 2 3 4 5 7 -7 9 -8 10 11 12 -1 -14
right_child=-2 -3 -4 -5 -6 6 8 -9 -10 -11 -12 -13 13 -15
leaf_value=-0.0012788552436538744 0.0022210478135936055 0.00175995475915043 0.0018362246979894633 -0.0014025310231991172 0.0013619877144619549 -0.0027152768181501114 -0.0010242293012849432 -0.0015632885465544498 0.0010978353640643283 6.2952382298957481e-05 -0.0011965012199139249 0.0020824289002763876 0.0027294813227606934 -0.00081271847064437507
leaf_weight=313 114 107 108 160 137 108 101 106 103 6486 408 133 100 132
leaf_count=313 114 107 108 160 137 108 101 106 103 6486 408 133 100 132
internal_value=1.33673e-05 -1.62346e-05 -3.88733e-05 -6.33105e-05 -3.69446e-05 -6.09313e-05 -0.000909039 -2.6468e-05 4.72053e-05 -4.95413e-06 -0.000410517 6.24641e-05 -0.000430481 0.000714092
internal_weight=8616 8502 8395 8287 8127 7990 312 7678 204 7572 1086 678 545 232
internal_count=8616 8502 8395 8287 8127 7990 312 7678 204 7572 1086 678 545 232
is_linear=0
shrinkage=0.03


Tree=161
num_leaves=15
num_cat=1
split_feature=31 38 24 31 38 36 24 28 20 24 24 31 31 31
split_gain=0.978897 0.463588 0.488976 0.787263 0.332539 0.421534 0.297615 0.460571 0.398922 0.450724 0.347875 0.421043 0.510267 0.514583
threshold=0.1106014271151886 2.339954998248738 2.6950000000000736 1.548166151126823 2.1110801447168477 0 172.41716666666329 21.930173611111112 1.0000000180025095e-35 347.48466666666519 225.38699999999636 1.2808240993126334 1.7085313261190753 2.1229755687037861
decision_type=8 2 8 10 2 9 8 2 2 8 8 8 8 8
left_child=-1 2 3 -2 6 -6 -4 8 10 -10 -8 -12 -13 -14
right_child=1 -3 4 -5 5 -7 7 -9 9 -11 11 12 13 -15
leaf_value=0.0026673366491600211 -0.0025088335579596132 -0.0019178241759992057 0.00016248706883312112 0.00064571267604583596 -0.00012971330870641394 0.0020483200424014176 -0.00077826025644310668 0.0011894191551792364 -0.00027090171272525695 -0.0029268407138639914 0.0012656737717008659 -0.0016892068928972418 0.0010383808894206909 -0.00028492954534142291
leaf_weight=124 171 114 4688 122 160 156 706 195 123 108 211 175 345 1133
leaf_count=124 171 114 4688 122 160 156 706 195 123 108 211 175 345 1133
internal_value=2.12778e-05 -1.77505e-05 8.36888e-06 -0.00119534 5.24546e-05 0.00100623 1.3231e-05 -0.000220318 -0.000318461 -0.00151264 -0.000211124 3.68143e-06 -0.000157408 2.39623e-05
internal_weight=8531 8407 8293 293 8000 316 7684 2996 2801 231 2570 1864 1653 1478
internal_count=8531 8407 8293 293 8000 316 7684 2996 2801 231 2570 1864 1653 1478
cat_boundaries=0 1
cat_threshold=48
is_linear=0
shrinkage=0.03


Tree=162
num_leaves=15
num_cat=1
split_feature=21 31 0 31 30 36 30 33 21 30 31 31 25 32
split_gain=0.98237 0.398933 0.259264 0.455478 0.462975 0.828774 0.39474 0.323751 0.713984 0.500675 0.610376 0.566838 0.456013 0.538725
threshold=261.66666666666669 0.1799720450492425 11.500000000000002 5.2053741496598649 220.07500000000002 0 142.42500000000004 1.0000000180025095e-35 155.35833333333338 309.12500000000006 6.7994275990099018 3.8148890660073529 0.63484848484848488 1.0000000180025095e-35
decision_type=2 8 2 10 2 9 2 2 2 2 10 10 8 2
left_child=1 -1 7 4 5 6 -4 9 -9 10 12 -11 13 -3
right_child=-2 2 3 -5 -6 -7 -8 8 -10 11 -12 -13 -14 -15
leaf_value=-0.0017069390802211021 0.0029395293647423385 0.0015326418457371545 -0.0011077731886519689 0.0014720182179459775 -0.002225723080327693 0.001381657931326817 0.00079179662721610934 0.00061857400645434269 -0.0016872455214615911 0.0027327859497163444 -0.0016572197568952105 -2.1414980474932518e-05 0.00093639132871197437 -0.00020205465796338835
leaf_weight=129 100 167 651 103 140 185 116 1432 132 120 225 153 382 4580
leaf_count=129 100 167 651 103 140 185 116 1432 132 120 225 153 382 4580
internal_value=-1.65998e-05 -5.13165e-05 -2.58484e-05 -0.000435039 -0.000614917 -0.000378034 -0.000809925 4.21509e-05 0.000423965 -6.39727e-05 -0.000127873 0.00118922 -6.07833e-05 -0.000141028
internal_weight=8615 8515 8386 1195 1092 952 767 7191 1564 5627 5354 273 5129 4747
internal_count=8615 8515 8386 1195 1092 952 767 7191 1564 5627 5354 273 5129 4747
cat_boundaries=0 1
cat_threshold=21
is_linear=0
shrinkage=0.03


Tree=163
num_leaves=15
num_cat=1
split_feature=38 31 25 24 1 24 24 36 22 30 24 24 28 32
split_gain=0.492981 0.548744 0.795118 0.349438 0.363077 0.440622 0.740991 0.693815 0.416294 0.410957 0.407974 0.694099 0.475216 0.416218
threshold=2.3040562714157726 0.23920529801324505 0.28801843317972359 745.88416666666296 252.50000000000003 374.13583333332093 328.26683333333648 0 802.43712500000004 198.60000000000002 306.33566666667008 275.2264999999968 15.638628472222225 14.500000000000002
decision_type=2 10 8 10 2 10 10 9 2 2 10 10 2 2
left_child=1 2 -1 4 5 6 10 -7 -9 -8 11 12 -3 -14
right_child=-2 3 -4 -5 -6 7 9 8 -10 -11 -12 -13 13 -15
leaf_value=-0.0032923334555027286 0.001708640412533317 0.00011703844350906965 -0.00030646509786560425 0.0016739923174779012 0.0017114765566705007 0.0016243865478758675 0.00015862824430517037 -0.0026045142044819405 -0.00062811344284338677 0.0023872332784713448 -0.0017667160110295722 0.0019592127629452574 0.00036660707755103468 -0.0016548953482766549
leaf_weight=101 165 5922 391 127 122 101 119 115 578 199 107 176 141 262
leaf_count=101 165 5922 391 127 122 101 119 115 578 199 107 176 141 262
internal_value=8.45858e-05 5.29147e-05 -0.000919418 0.000112946 8.76649e-05 6.20036e-05 0.000138742 -0.000607383 -0.000942487 0.00155326 7.06709e-05 0.000100912 4.92033e-05 -0.00094762
internal_weight=8626 8461 492 7969 7842 7720 6926 794 693 318 6608 6501 6325 403
internal_count=8626 8461 492 7969 7842 7720 6926 794 693 318 6608 6501 6325 403
cat_boundaries=0 1
cat_threshold=16
is_linear=0
shrinkage=0.03


Tree=164
num_leaves=15
num_cat=2
split_feature=21 30 31 0 36 7 21 28 30 27 31 23 36 0
split_gain=0.518255 0.425397 0.344726 0.291626 0.333178 0.278568 0.711485 0.912118 0.704252 0.535878 0.411175 0.525244 0.434594 0.539015
threshold=210.14166666666671 2.2500000000000004 6.3930205949656758 8.5000000000000018 0 1.5000000000000002 121.26666666666668 7.7874305555555567 175.10000000000002 30.570040509259261 1.8868934128790211 138.50000000000003 1 10.500000000000002
decision_type=2 2 10 2 9 2 2 2 2 2 8 2 9 2
left_child=1 -1 5 4 -4 9 7 8 -7 10 11 12 13 -3
right_child=-2 2 3 -5 -6 6 -8 -9 -10 -11 -12 -13 -14 -15
leaf_value=-0.0017803712216599916 0.0017014704026747495 0.00050966281979114472 -0.0010883078000561077 0.0016715070573252067 0.0010609132438162145 0.00090242505799592132 -0.0010876803669626618 -0.0011431587962165688 0.0035823923533736561 -0.0013834272370756176 -0.00034082516142173856 -0.0011700201513225551 4.9195262095396329e-05 0.0026828198988611499
leaf_weight=130 150 556 109 186 133 319 203 139 122 306 3283 260 2542 126
leaf_count=130 150 556 109 186 133 319 203 139 122 306 3283 260 2542 126
internal_value=-4.64044e-05 -7.75645e-05 -5.08425e-05 0.000778276 9.17437e-05 -9.60134e-05 0.000440903 0.000975908 0.00164382 -0.000155452 -9.99232e-05 0.000127081 0.000231686 0.000897988
internal_weight=8564 8414 8284 428 242 7856 783 580 441 7073 6767 3484 3224 682
internal_count=8564 8414 8284 428 242 7856 783 580 441 7073 6767 3484 3224 682
cat_boundaries=0 1 2
cat_threshold=36 34
is_linear=0
shrinkage=0.03


Tree=165
num_leaves=15
num_cat=1
split_feature=23 38 22 31 23 31 0 23 37 23 25 31 23 25
split_gain=0.431926 1.01905 0.661006 0.389324 0.303223 0.299549 0.309559 0.532465 0.743604 0.496675 0.543561 0.495606 0.454925 0.439193
threshold=11.500000000000002 1.3236877584777249 10928.000000000002 0.1799720450492425 10.500000000000002 0.35714348202647267 5.5000000000000009 152.50000000000003 0 191.50000000000003 0.61769230769230787 1.7262355831286176 44.500000000000007 0.43223443223443231
decision_type=2 2 2 8 2 8 2 2 9 2 10 10 2 10
left_child=1 -1 3 -2 -3 -5 7 8 11 -8 -11 12 -7 -10
right_child=2 4 -4 5 -6 6 9 -9 13 10 -12 -13 -14 -15
leaf_value=0.00049396823404411255 -0.0015598610686246566 -0.0012936002817896931 0.0020916496913867609 0.001452626199529763 -0.0034025273826452629 -0.0010575159234821657 -8.8704828123579554e-05 -0.0010776911555735774 0.0016143028846075996 0.0024657182291607724 -0.00040089060162830321 -0.0016258616414704611 0.0015407518719397816 0.00045079932968225328
leaf_weight=276 129 154 149 145 102 107 5563 191 548 145 101 189 140 625
leaf_count=276 129 154 149 145 102 107 5563 191 548 145 101 189 140 625
internal_value=5.72762e-05 -0.000770558 0.000112108 7.46917e-05 -0.00213388 0.000101885 7.61448e-05 0.000419895 0.00059767 -3.03711e-05 0.00128878 -0.000459051 0.000415186 0.000985957
internal_weight=8564 532 8032 7883 256 7754 7609 1800 1609 5809 246 436 247 1173
internal_count=8564 532 8032 7883 256 7754 7609 1800 1609 5809 246 436 247 1173
cat_boundaries=0 1
cat_threshold=1954562084
is_linear=0
shrinkage=0.03


Tree=166
num_leaves=15
num_cat=1
split_feature=21 38 24 31 38 23 17 1 37 38 31 30 38 30
split_gain=1.25763 0.431605 0.290271 0.457929 0.499767 0.551088 0.299303 0.338021 0.249809 0.640869 0.918772 0.639454 0.581863 0.639948
threshold=226.47500000000005 2.339954998248738 7.486666666665756 1.0133141338059373 1.447349696316327 40.500000000000007 3.5000000000000004 278.50000000000006 0 1.6873743613736736 1.7085313261190753 38.165000000000006 1.4078205586532129 54.750000000000007
decision_type=2 2 8 8 2 2 2 2 9 2 10 2 2 2
left_child=1 2 3 -1 -5 -6 7 8 9 10 12 -12 -4 -14
right_child=-2 -3 6 4 5 -7 -8 -9 -10 -11 11 -13 13 -15
leaf_value=-0.0025065695535158739 0.0032849450658208553 -0.0018359339816203732 -0.00049275535768208045 -0.0016537849797328219 0.0022082730907016603 -0.00058079798484686755 0.0016743354744158021 0.0017635248571736155 -7.3213593815652173e-05 -0.00050992949362652193 0.00071561158890835936 0.0039341745221614837 0.0022920054450943157 -0.00054005308550642386
leaf_weight=100 105 116 379 146 106 160 101 100 6255 485 100 125 197 113
leaf_count=100 105 116 379 146 106 160 101 100 6255 485 100 125 197 113
internal_value=2.18363e-05 -1.85535e-05 6.64263e-06 -0.000685469 -0.000243455 0.000530636 5.17555e-05 3.06205e-05 7.97998e-06 0.000368887 0.000839254 0.0025037 0.000295711 0.00125967
internal_weight=8588 8483 8367 512 412 266 7855 7754 7654 1399 914 225 689 310
internal_count=8588 8483 8367 512 412 266 7855 7754 7654 1399 914 225 689 310
cat_boundaries=0 1
cat_threshold=44582274
is_linear=0
shrinkage=0.03


Tree=167
num_leaves=15
num_cat=0
split_feature=38 31 17 28 22 17 30 1 21 31 24 1 27 28
split_gain=1.04544 0.930891 0.307971 0.291841 0.498186 0.330133 0.532777 0.509118 0.306698 0.278573 0.618559 0.5848 0.560649 0.526496
threshold=2.3859345902999922 0.19843228538575877 3.5000000000000004 14.642100694444446 1046.2500000000002 1.0000000180025095e-35 201.45000000000002 55.500000000000007 193.00000000000003 1.548166151126823 3.2871666666666903 1.0000000180025095e-35 27.598420138888894 2.7889699074074081
decision_type=2 8 2 2 2 2 2 2 2 8 10 2 2 2
left_child=1 -1 3 8 -5 6 -6 -8 9 10 -3 12 13 -11
right_child=-2 2 -4 4 5 -7 7 -9 -10 11 -12 -13 -14 -15
leaf_value=-0.0022982301329240477 0.0029288417210131335 -0.0025527085437848465 0.0014406124777969573 -0.0021400542664227352 0.0010710827955486381 0.0010829397324050661 -0.00041115796656171998 -0.0029841106714654678 0.0012272319194989794 0.0026109090625133563 -0.00022566021934348582 -4.8045966525895741e-05 -0.00050057267037246535 4.7495251249832414e-05
leaf_weight=174 102 107 118 163 116 128 196 107 166 217 2622 4130 142 108
leaf_count=174 102 107 118 163 116 128 196 107 166 217 2622 4130 142 108
internal_value=-9.0266e-05 -0.000126521 -8.11029e-05 -0.000102995 -0.000684301 -0.000250503 -0.000657855 -0.00131976 -4.79064e-05 -7.67998e-05 -0.0003169 6.57354e-05 0.00107198 0.00175907
internal_weight=8596 8494 8320 8202 710 547 419 303 7492 7326 2729 4597 467 325
internal_count=8596 8494 8320 8202 710 547 419 303 7492 7326 2729 4597 467 325
is_linear=0
shrinkage=0.03


Tree=168
num_leaves=15
num_cat=2
split_feature=38 31 24 24 1 27 29 25 37 38 38 28 37 21
split_gain=0.485473 0.668844 0.363891 0.400213 0.542873 0.60337 0.402329 0.402268 0.330486 0.364218 0.364578 0.363178 0.751922 0.664009
threshold=2.3040562714157726 0.23920529801324505 770.65416666668386 374.13583333332093 61.500000000000007 29.624641203703707 2.5000000000000004 0.5064102564102565 0 1.2522300122973629 1.4269013269665367 1.2775752314814817 1 78.833333333333357
decision_type=2 8 10 10 2 2 2 8 9 2 2 2 9 2
left_child=1 -1 3 8 5 6 -5 -8 9 -3 -11 -10 13 -13
right_child=-2 2 -4 4 -6 -7 7 -9 11 10 -12 12 -14 -15
leaf_value=-0.0017773576018196167 0.0016330626535360536 0.0011517734428429427 0.0016358481143251991 -0.00046679583138605347 0.0005478635838508238 0.00027355824746724036 -0.0014216530884828861 -0.0037485899929597505 0.00032481260747892194 -0.0021688935393435207 -0.00043904621849496958 0.00092720199131255928 -0.0006556572587414235 -0.00028601014408195623
leaf_weight=196 158 102 120 139 243 188 151 120 3464 135 584 793 1325 832
leaf_count=196 158 102 120 139 243 188 151 120 3464 135 584 793 1325 832
internal_value=-1.44357e-05 -4.54539e-05 -4.03697e-06 -2.84038e-05 -0.00064783 -0.00113371 -0.00177899 -0.00245203 4.35987e-05 -0.000519522 -0.000763844 0.000116307 -0.000128133 0.000304166
internal_weight=8550 8392 8196 8076 841 598 410 271 7235 821 719 6414 2950 1625
internal_count=8550 8392 8196 8076 841 598 410 271 7235 821 719 6414 2950 1625
cat_boundaries=0 1 2
cat_threshold=553685511 276842520
is_linear=0
shrinkage=0.03


Tree=169
num_leaves=15
num_cat=2
split_feature=21 37 30 21 5 30 30 30 32 27 35 28 26 27
split_gain=0.708959 0.42173 0.411023 0.495532 0.367734 0.471685 0.31209 0.561736 0.692812 0.440098 0.429648 0.461823 0.362749 0.311411
threshold=226.47500000000005 0 170.12500000000003 40.500000000000007 0.38195000000000007 104.50000000000001 53.500000000000007 30.165000000000003 6.5000000000000009 11.374716435185187 1 0.93167824074074079 1.0000000180025095e-35 13.957650462962965
decision_type=2 9 2 2 2 2 2 2 2 2 1 2 10 2
left_child=1 2 4 -4 5 -1 7 9 12 -3 11 -11 -9 -8
right_child=-2 6 3 -5 -6 -7 13 8 -10 10 -12 -13 -14 -15
leaf_value=-0.00016409982581901825 0.0024201592289895381 0.0018076637549697457 0.0020974228560035192 -0.00037089793326440035 -0.001667608085689494 -0.0014443529605382411 -0.00066920895227624616 0.0036220937146729713 -0.00019512218637598229 -0.00064420357405930301 -0.0018794801475239854 0.001250492109522755 0.0013901286650507244 6.2460695762041671e-05
leaf_weight=1341 106 104 122 183 240 321 592 111 158 294 114 191 160 4527
leaf_count=1341 106 104 122 183 240 321 592 111 158 294 114 191 160 4527
internal_value=-1.807e-05 -4.86272e-05 -0.000404109 0.00061643 -0.000569885 -0.000411369 7.74032e-05 0.000528298 0.00138378 6.24415e-06 -0.000306523 9.98952e-05 0.00230433 -2.21551e-05
internal_weight=8564 8458 2207 305 1902 1662 6251 1132 429 703 599 485 271 5119
internal_count=8564 8458 2207 305 1902 1662 6251 1132 429 703 599 485 271 5119
cat_boundaries=0 1 2
cat_threshold=957211526 11
is_linear=0
shrinkage=0.03


Tree=170
num_leaves=15
num_cat=1
split_feature=37 21 6 27 27 38 30 38 30 38 25 28 25 38
split_gain=0.684584 0.550397 0.382955 0.353138 0.773696 0.822072 0.814104 0.70083 0.670936 0.533472 0.758144 0.482484 0.480399 0.804221
threshold=0 193.00000000000003 2.5000000000000004 27.999803240740743 28.280746527777783 1.2998300822452145 259.62500000000006 1.8943204502563533 230.07500000000002 1.4509529852326699 0.45972972972972981 18.414976851851858 0.19000000000000003 1.608949615129972
decision_type=9 2 2 2 2 2 2 2 2 2 10 2 10 2
left_child=1 3 -2 12 -5 11 7 8 9 -7 -11 -6 13 -1
right_child=2 -3 -4 4 5 6 -8 -9 -10 10 -12 -13 -14 -15
leaf_value=0.0016865481920848903 -0.00031831697152422952 0.0020902531690874392 -0.0018891188192080605 0.0027090219785928472 -0.0015921045363472565 0.0032591355164699695 0.0024490314643113484 -0.0014204920160168484 -0.0010883702083138878 0.0025313194759149591 -0.00031789770520422171 0.00081873711145349904 -0.0001078195988470087 -0.0011703602607893056
leaf_weight=332 2486 132 148 134 259 102 206 163 131 138 215 105 3964 121
leaf_count=332 2486 132 148 134 259 102 206 163 131 138 215 105 3964 121
internal_value=-2.74174e-06 0.000174193 -0.00040504 0.000131403 0.000537103 0.000316453 0.000778837 0.000319478 0.000803463 0.00134814 0.000795961 -0.000896669 -2.0549e-06 0.000923445
internal_weight=8636 6002 2634 5870 1453 1319 955 749 586 455 353 364 4417 453
internal_count=8636 6002 2634 5870 1453 1319 955 749 586 455 353 364 4417 453
cat_boundaries=0 1
cat_threshold=2587889047
is_linear=0
shrinkage=0.03


Tree=171
num_leaves=15
num_cat=3
split_feature=21 31 37 31 29 28 23 36 30 24 26 37 23 1
split_gain=0.736566 0.576687 0.222738 0.40716 0.689817 0.37986 0.372866 0.388824 0.309719 0.691453 0.6116 0.566574 0.493418 0.739142
threshold=261.66666666666669 0.1799720450492425 0 4.1843694096601078 1.5000000000000002 4.3569618055555557 75.500000000000014 1 50.500000000000007 128.70066666667003 1.0000000180025095e-35 2 18.500000000000004 35.500000000000007
decision_type=2 8 9 10 2 2 2 9 2 10 10 9 2 2
left_child=1 -1 3 6 5 -5 -3 -8 9 11 -11 -4 13 -10
right_child=-2 2 8 4 -6 -7 7 -9 12 10 -12 -13 -14 -15
leaf_value=-0.0020053389853611592 0.0025944049972902502 -4.6060530299648699e-05 -0.0015775479223520961 -0.0013597674704998587 0.0026048071739205622 0.00092064358159322883 -0.00042378611526718094 -0.0019866447036456288 -4.8729021424999035e-06 0.00057196759478088843 0.0033385178248863667 0.0004429463387956499 -6.3133562189964673e-05 0.0025896325981368718
leaf_weight=125 101 801 134 130 112 133 410 227 251 158 132 941 4762 163
leaf_count=125 101 801 134 130 112 133 410 227 251 158 132 941 4762 163
internal_value=4.76035e-05 1.72665e-05 4.75305e-05 -0.000245916 0.000633105 -0.000206556 -0.000476856 -0.00101856 0.000129045 0.000531231 0.00183122 0.000180535 2.32313e-05 0.00101664
internal_weight=8580 8479 8354 1813 375 263 1438 637 6541 1365 290 1075 5176 414
internal_count=8580 8479 8354 1813 375 263 1438 637 6541 1365 290 1075 5176 414
cat_boundaries=0 1 2 3
cat_threshold=889717382 5 2286161920
is_linear=0
shrinkage=0.03


Tree=172
num_leaves=15
num_cat=3
split_feature=37 24 31 37 32 21 38 21 6 37 26 38 32 24
split_gain=0.298939 0.312392 0.537607 0.240142 0.435541 0.239177 0.57673 0.241127 0.204254 0.797392 0.434323 0.52687 0.494925 0.430271
threshold=0 2.6950000000000736 1.034847013113162 1 2.5000000000000004 208.16666666666671 2.3040562714157726 177.50000000000003 1.5000000000000002 2 1.0000000180025095e-35 1.3077774704237137 22.500000000000004 249.01249999999391
decision_type=9 8 10 9 2 2 2 2 2 9 10 2 2 10
left_child=-1 2 -2 4 -3 6 7 8 -5 -10 11 12 -11 -13
right_child=1 3 -4 5 -6 -7 -8 -9 9 10 -12 13 -14 -15
leaf_value=0.0012140389954497627 -0.0025931866659717026 0.0021356148414583944 1.6157567471025453e-05 -6.165591888237723e-05 -0.00032017803534345571 0.0013077494485705832 -0.0022346790180167303 -0.0011405098117289265 0.0019805314937340361 -0.00079998436122755145 0.0006699298087998358 -0.00053147166855248762 0.0020874863529342759 -0.0027930319556817894
leaf_weight=167 115 131 186 6161 129 119 107 168 214 111 471 218 103 116
leaf_count=167 115 131 186 6161 129 119 107 168 214 111 471 218 103 116
internal_value=-6.02203e-06 -3.18421e-05 -0.000980768 3.60868e-06 0.000883195 -2.68556e-05 -4.75997e-05 -1.66532e-05 8.88209e-06 0.000361343 1.84377e-06 -0.000572335 0.00058978 -0.00131692
internal_weight=8516 8349 301 8048 260 7788 7669 7562 7394 1233 1019 548 214 334
internal_count=8516 8349 301 8048 260 7788 7669 7562 7394 1233 1019 548 214 334
cat_boundaries=0 1 2 3
cat_threshold=1573888 151265600 2415919104
is_linear=0
shrinkage=0.03


Tree=173
num_leaves=15
num_cat=0
split_feature=1 24 28 22 38 21 38 30 30 30 31 24 38 28
split_gain=0.348026 0.355635 0.36252 1.23291 0.980153 1.02528 0.630823 0.495128 0.448108 1.42406 0.909648 0.482336 0.741777 0.435474
threshold=260.50000000000006 841.04000000000326 6.3179513888888899 11720.000000000002 1.6008082641471413 105.28333333333335 1.8552911811351873 327.65000000000003 223.82500000000002 212.12500000000003 1.6406667080513999 306.33566666667008 1.339851723940054 8.6778009259259274
decision_type=2 10 2 2 2 2 2 2 2 2 10 10 2 2
left_child=1 2 3 7 13 6 -6 8 9 11 -10 -1 -13 -4
right_child=-2 -3 4 -5 5 -7 -8 -9 10 -11 -12 12 -14 -15
leaf_value=2.7827234937607508e-05 0.0015863447375225157 0.0017691099154097693 0.00073649906319309187 -0.0034147006290033461 0.0014874379418055568 0.0036369384928340355 -0.00093886865680057469 0.0020374682964524253 -0.0031910319591604047 0.0032963137925955755 -0.00032619915054271778 0.00079002655940000092 -0.0018205574128800745 -0.00030888204422103364
leaf_weight=4488 132 105 496 100 292 140 144 100 118 116 645 143 311 1295
leaf_count=4488 132 105 496 100 292 140 144 100 118 116 645 143 311 1295
internal_value=5.77553e-05 3.39976e-05 1.22777e-05 -0.00011138 0.00032683 0.00140331 0.000686089 -5.55906e-05 -9.15476e-05 1.06844e-05 -0.000769253 -6.64369e-05 -0.000998281 -1.93739e-05
internal_weight=8625 8493 8388 6021 2367 576 436 5921 5821 5058 763 4942 454 1791
internal_count=8625 8493 8388 6021 2367 576 436 5921 5821 5058 763 4942 454 1791
is_linear=0
shrinkage=0.03


Tree=174
num_leaves=15
num_cat=4
split_feature=31 38 37 32 28 1 1 38 37 30 38 37 37 30
split_gain=0.544897 0.79118 0.316719 0.461262 0.412281 0.753672 0.799835 0.684782 0.763748 0.685095 0.642412 0.635629 0.61376 0.593162
threshold=0.1106014271151886 2.339954998248738 0 12.500000000000002 2.1946817129629634 18.500000000000004 44.500000000000007 1.2615948689229814 1 150.10000000000002 1.4723210051369719 2 3 36.250000000000007
decision_type=8 2 9 2 2 2 2 2 9 2 2 9 9 2
left_child=-1 2 3 -2 5 13 7 -7 9 -9 -6 -8 -12 -4
right_child=1 -3 4 -5 10 6 11 8 -10 -11 12 -13 -14 -15
leaf_value=0.0019078279716259704 -0.00094553074386795821 -0.0025433079591299325 0.002222224443053593 0.00065360349436062123 -0.00053037462367961676 0.00070367376461206706 -0.00015353737028598628 0.0011711436159617733 -0.0018951135702233802 -0.0011064242158258339 0.0021096626695138042 0.0010060961334472094 7.1577667005387537e-05 0.00052731692447063969
leaf_weight=127 693 115 223 212 2138 266 949 200 450 293 146 761 922 1115
leaf_count=127 693 115 223 212 2138 266 949 200 450 293 146 761 922 1115
internal_value=-4.26893e-05 -7.18907e-05 -3.79264e-05 -0.000564687 2.66721e-05 0.000220212 -5.00414e-05 -0.000640636 -0.00101984 -0.000178834 -0.000230232 0.000367519 0.000370616 0.000809802
internal_weight=8610 8483 8368 905 7463 4257 2919 1209 943 493 3206 1710 1068 1338
internal_count=8610 8483 8368 905 7463 4257 2919 1209 943 493 3206 1710 1068 1338
cat_boundaries=0 1 2 3 4
cat_threshold=538984964 1509984256 1376037139 12582912
is_linear=0
shrinkage=0.03


Tree=175
num_leaves=15
num_cat=3
split_feature=30 31 28 38 37 13 25 0 35 6 37 28 27 28
split_gain=0.482644 0.520455 2.82531 0.478853 0.441688 0.624838 0.529796 0.341718 0.359914 0.316345 0.51642 0.439371 0.385626 0.342621
threshold=2.2500000000000004 0.1106014271151886 1.177337962962963 2.3040562714157726 0 0.50000000000000011 0.47913043478260875 9.5000000000000018 1 1.5000000000000002 2 1.2354513888888892 29.5983275462963 20.991348379629631
decision_type=2 10 2 2 9 2 10 2 1 2 9 2 2 2
left_child=-1 2 -2 4 5 6 7 8 -3 13 11 -11 -12 -6
right_child=1 3 -4 -5 9 -7 -8 -9 -10 10 12 -13 -14 -15
leaf_value=-0.0018516168600106011 -0.00067784340989247361 0.0011282998174743188 0.0053744262454819185 -0.0019104841165244579 -4.4454745224033082e-05 0.0014648144074433714 -0.0022096048261270717 -0.0016521533112330681 -0.00076494135471230618 0.002447138048845545 -0.0003301577722236201 0.00053389562959386863 0.0012725368093194093 0.00112429722027972
leaf_weight=124 222 153 101 118 5730 109 217 145 193 192 571 247 177 235
leaf_count=124 222 153 101 118 5730 109 217 145 193 192 571 247 177 235
internal_value=6.38295e-06 3.3778e-05 0.00121466 -1.33873e-05 1.47037e-05 -0.00064178 -0.000975165 -0.000429598 8.2745e-05 9.04672e-05 0.000537862 0.00134014 4.84419e-05 1.58997e-06
internal_weight=8534 8410 323 8087 7969 817 708 491 346 7152 1187 439 748 5965
internal_count=8534 8410 323 8087 7969 817 708 491 346 7152 1187 439 748 5965
cat_boundaries=0 1 2 3
cat_threshold=1092649479 18 2487222272
is_linear=0
shrinkage=0.03


Tree=176
num_leaves=15
num_cat=2
split_feature=31 22 37 0 32 30 32 22 22 31 27 31 37 22
split_gain=0.424085 0.627037 0.492296 1.12068 0.406656 0.731154 0.244429 0.343881 0.430898 0.320065 0.367505 0.438759 0.41098 0.305201
threshold=0.1106014271151886 12726.200000000003 0 6.5000000000000009 6.5000000000000009 28.165000000000003 4.5000000000000009 814.45000000000016 510.25000000000006 0.89374728614850207 9.9995775462962992 1.351928431051425 1 3083.9500000000007
decision_type=8 2 9 2 2 2 2 2 2 8 2 10 9 2
left_child=-1 2 3 -2 5 -5 7 8 9 -4 -11 -12 -13 -9
right_child=1 -3 6 4 -6 -7 -8 13 -10 10 11 12 -14 -15
leaf_value=0.0017585492189618889 0.0032164619844309151 -0.0022525164773429017 0.00090801743472346068 -0.0007719450376299751 -0.0015476695231466306 0.0026177151298638684 9.1049127911084707e-05 -0.0011528952052972312 0.0014201118960748347 -0.0019597129374949052 -0.0013823401512456171 0.0017413236035902361 -0.00024182022778803934 -5.5070553504903335e-05
leaf_weight=128 143 108 191 129 101 103 5766 565 178 124 189 123 318 382
leaf_count=128 143 108 191 129 101 103 5766 565 178 124 189 123 318 382
internal_value=4.47234e-05 1.867e-05 4.81801e-05 0.000974657 4.12286e-05 0.000732947 -9.33086e-06 -0.000288985 6.6094e-05 -0.000188949 -0.000466827 -0.000172989 0.000345304 -0.000710056
internal_weight=8548 8420 8312 476 333 232 7836 2070 1123 945 754 630 441 947
internal_count=8548 8420 8312 476 333 232 7836 2070 1123 945 754 630 441 947
cat_boundaries=0 1 2
cat_threshold=136323160 1342210050
is_linear=0
shrinkage=0.03


Tree=177
num_leaves=15
num_cat=1
split_feature=38 23 31 38 37 27 27 21 27 27 38 27 31 25
split_gain=0.512233 3.52439 0.615995 0.234454 0.21214 0.418044 0.508142 0.387083 0.464096 0.597974 0.504827 0.385136 0.516052 0.447314
threshold=2.2273705780388373 105.50000000000001 0.23920529801324505 0.79345283360660634 0 17.003738425925928 14.041481481481483 35.166666666666679 8.9101967592592608 12.999809027777781 1.3077774704237137 13.999438657407408 0.98907071189679896 0.51925925925925942
decision_type=2 2 8 2 9 2 2 2 2 2 2 2 10 10
left_child=2 -2 -1 -4 5 6 -5 -6 -9 10 -10 13 -13 -11
right_child=1 -3 3 4 7 -7 -8 8 9 11 -12 12 -14 -15
leaf_value=-0.0017058390424645041 0.0042787449444087857 -0.0028775352296059212 -0.0014089040158109531 -0.00026055856491251231 0.00067454477047172734 0.0011271535743867139 -0.0023566558703102848 0.0015845292393625538 5.0391677774214634e-05 0.0014540217343431252 -0.0022901897780684523 -0.0010326226433151496 5.6596776782644221e-05 -0.00060584730581630627
leaf_weight=200 149 106 108 1937 878 182 110 159 146 325 192 441 3486 134
leaf_count=200 149 106 108 1937 878 182 110 159 146 325 192 441 3486 134
internal_value=-2.04014e-05 0.00130398 -6.10999e-05 -2.0479e-05 -1.71184e-06 -0.000249572 -0.000373197 9.44575e-05 -9.65304e-06 -6.33099e-05 -0.00127917 3.03883e-05 -6.5722e-05 0.000852666
internal_weight=8553 255 8298 8098 7990 2229 2047 5761 4883 4724 338 4386 3927 459
internal_count=8553 255 8298 8098 7990 2229 2047 5761 4883 4724 338 4386 3927 459
cat_boundaries=0 1
cat_threshold=2032455818
is_linear=0
shrinkage=0.03


Tree=178
num_leaves=15
num_cat=3
split_feature=32 30 35 23 25 1 27 37 30 30 22 37 0 1
split_gain=0.3868 0.345527 0.297657 0.361778 0.450033 0.345466 0.304959 0.339672 0.269447 0.71601 0.346932 0.306443 0.961701 0.408179
threshold=37.500000000000007 2.2500000000000004 0 54.500000000000007 0.39791666666666675 36.500000000000007 6.9994560185185195 1 368.50000000000006 327.65000000000003 11720.000000000002 2 6.5000000000000009 64.500000000000014
decision_type=2 2 1 2 10 2 2 9 2 2 2 9 2 2
left_child=1 -1 3 5 -5 -3 -4 -8 9 10 11 12 -9 -14
right_child=-2 2 6 4 -6 -7 7 8 -10 -11 -12 -13 13 -15
leaf_value=-0.0016246550759610387 -0.0016759157873146263 0.00090445890997630787 0.0016815702438354491 -0.0029552426164355791 -0.00026577356674179837 -0.001315672474780253 -0.0012925197219792086 0.0025674242477797893 -0.001479380124574075 0.0023169621543958781 0.0017390920100733638 -5.2127517785783661e-05 -0.0011351209316660272 0.00096715371690115476
leaf_weight=121 131 158 100 113 111 105 165 169 103 125 105 6692 188 149
leaf_count=121 131 158 100 113 111 105 165 169 103 125 105 6692 188 149
internal_value=-5.83197e-05 -3.31049e-05 -9.85516e-06 -0.000721699 -0.00162251 1.80947e-05 3.54925e-05 1.41498e-05 4.44355e-05 6.56252e-05 2.70908e-05 2.11715e-06 0.000706585 -0.000205629
internal_weight=8535 8404 8283 487 224 263 7796 7696 7531 7428 7303 7198 506 337
internal_count=8535 8404 8283 487 224 263 7796 7696 7531 7428 7303 7198 506 337
cat_boundaries=0 1 2 3
cat_threshold=4 529152 1210089601
is_linear=0
shrinkage=0.03


Tree=179
num_leaves=15
num_cat=3
split_feature=30 38 21 22 22 38 5 37 13 38 37 37 24 24
split_gain=0.523983 0.763017 0.870551 0.408766 1.0018 0.439959 0.834103 0.960113 0.87255 0.637355 0.471189 0.436805 0.429588 0.393346
threshold=368.50000000000006 2.3859345902999922 208.16666666666671 1032.6000000000001 1149.5000000000002 1.447349696316327 0.29705000000000004 0 1.0000000180025095e-35 1.3476281916892809 1 2 14.349166666666674 59.358000000001638
decision_type=2 2 2 2 2 2 2 9 2 2 9 9 10 8
left_child=1 2 3 5 -5 9 7 8 13 10 -1 -11 -8 -7
right_child=-2 -3 -4 4 -6 6 12 -9 -10 11 -12 -13 -14 -15
leaf_value=-0.001052277160162339 -0.0018027234687327349 0.0025957836862653492 -0.002532663724879257 0.0026213266359642147 0.00012552965935426919 0.0041028065086681055 -0.0026648410075181803 -0.00034332150669872237 0.00057871840942345942 -0.0024194714419857556 8.5972057319762268e-05 -0.00053863143688472927 -0.00047526427336232435 0.001516497695051572
leaf_weight=440 147 101 123 150 4132 110 109 672 526 220 1201 254 310 102
leaf_count=440 147 101 123 150 4132 110 109 672 526 220 1201 254 310 102
internal_value=-2.6997e-05 3.8943e-06 -2.74604e-05 9.99883e-06 0.000212958 -0.000210354 0.000130373 0.000479611 0.00121711 -0.000505007 -0.000225114 -0.001474 -0.00104487 0.00285845
internal_weight=8597 8450 8349 8226 4282 3944 1829 1410 738 2115 1641 474 419 212
internal_count=8597 8450 8349 8226 4282 3944 1829 1410 738 2115 1641 474 419 212
cat_boundaries=0 1 2 3
cat_threshold=406378626 204581010 146800646
is_linear=0
shrinkage=0.03


Tree=180
num_leaves=15
num_cat=1
split_feature=30 30 1 23 30 30 1 27 27 30 38 22 37 31
split_gain=0.389428 0.784552 0.640215 0.518853 0.664942 0.467629 0.359567 0.346258 2.26597 2.71111 0.681161 0.58787 0.600071 0.498881
threshold=223.82500000000002 218.87500000000003 145.50000000000003 112.50000000000001 231.55000000000004 253.72500000000002 12.500000000000002 13.957650462962965 13.999334490740742 81.500000000000014 2.1219754415830239 10928.000000000002 0 2.82386063914617
decision_type=2 2 2 2 2 2 2 2 2 2 2 2 9 10
left_child=1 7 3 4 -2 -6 -5 10 9 -9 -1 12 13 -10
right_child=2 -3 -4 6 5 -7 -8 8 11 -11 -12 -13 -14 -15
leaf_value=-0.00013556001156806805 -0.0031744728202190925 0.0027443440671143407 0.0019219712832336795 0.0010882937065665767 0.00092365569742155606 -0.0013092331820967486 -0.00037762858624260462 -1.2147760278750936e-05 0.00037777496832072947 0.0057243261537009895 -0.0026847178512252865 -0.0021944763084186369 -0.00016240011091435286 0.0020773579343523157
leaf_weight=1667 127 101 103 178 116 310 978 154 1457 143 100 103 2888 174
leaf_count=1667 127 101 103 178 116 310 978 154 1457 143 100 103 2888 174
internal_value=1.57147e-05 0.000120031 -0.00037501 -0.000513447 -0.00126922 -0.000701216 -0.000151907 8.03873e-05 0.000209782 0.00274986 -0.000279825 4.65625e-05 9.76417e-05 0.000555685
internal_weight=8599 6787 1812 1709 553 426 1156 6686 4919 297 1767 4622 4519 1631
internal_count=8599 6787 1812 1709 553 426 1156 6686 4919 297 1767 4622 4519 1631
cat_boundaries=0 1
cat_threshold=3391096962
is_linear=0
shrinkage=0.03


Tree=181
num_leaves=15
num_cat=4
split_feature=38 25 31 24 38 37 36 37 0 37 34 22 38 22
split_gain=0.560566 2.42664 0.445363 0.522874 0.265317 0.211647 0.662685 0.996874 0.659069 0.661989 0.492883 0.766207 0.525976 0.497445
threshold=2.2273705780388373 0.34891304347826091 0.057386724977567159 22.589500000000992 0.82054491435949195 0 1 2 14.500000000000002 3 1.0000000180025095e-35 218.10000000000002 1.9640853918774321 3819.7015000000001
decision_type=2 10 10 10 2 9 9 9 2 9 2 2 2 2
left_child=2 -2 3 -1 -4 -6 8 -8 9 10 11 -7 -13 -14
right_child=1 -3 4 -5 5 6 7 -9 -10 -11 -12 12 13 -15
leaf_value=-0.00033959168517372378 -0.0012025322277653724 0.0047126149893405717 -0.0012422588750848481 -0.0028935697575565426 -4.5278899510254465e-05 0.0014848708528019598 0.0037042970876885396 0.00013639763552934566 -0.0022155336845400076 0.002317944292884731 0.00068611637470431853 -0.0011978102113076603 -0.00076590973318421413 0.0020523167778532404
leaf_weight=259 141 112 145 100 5598 169 114 177 105 117 692 600 126 102
leaf_count=259 141 112 145 100 5598 169 114 177 105 117 692 600 126 102
internal_value=2.49341e-05 0.00141603 -1.74488e-05 -0.00105101 2.92532e-05 5.28903e-05 0.000301297 0.00161076 9.45493e-05 0.00022938 7.05599e-05 -0.000355979 -0.000731708 0.000494876
internal_weight=8557 253 8304 359 7945 7800 2202 291 1911 1806 1689 997 828 228
internal_count=8557 253 8304 359 7945 7800 2202 291 1911 1806 1689 997 828 228
cat_boundaries=0 1 2 3 4
cat_threshold=3999533195 49 276824064 276865060
is_linear=0
shrinkage=0.03


Tree=182
num_leaves=15
num_cat=2
split_feature=1 30 31 25 38 17 25 36 21 25 23 38 23 35
split_gain=0.280817 0.348406 0.407448 2.39944 0.462697 0.349827 0.242155 0.748149 0.581112 0.488952 0.418003 0.330101 0.352123 0.336911
threshold=268.00000000000006 2.2500000000000004 0.35714348202647267 0.3823076923076924 2.339954998248738 3.5000000000000004 0.19000000000000003 0 128.03333333333336 0.15000000000000005 50.500000000000007 1.1278393911006763 26.500000000000004 1
decision_type=2 2 8 8 2 2 10 9 2 8 2 2 2 1
left_child=1 -1 3 -3 5 6 7 8 10 -9 -4 -8 13 -13
right_child=-2 2 4 -5 -6 -7 11 9 -10 -11 -12 12 -14 -15
leaf_value=-0.001639325343221426 0.0013324551316194115 -0.0014066171958442627 0.0027505810640286654 0.004687957135305767 -0.002087461460610297 0.0016745176027269245 -0.00056982598150447615 -0.0015367233728292534 -0.0002144891670050882 0.00056024920808881318 0.00041932758685036853 0.0006584232024916479 7.1203532628725673e-05 -0.00079235683517322282
leaf_weight=125 131 137 207 101 102 104 1288 218 169 185 104 168 4681 830
leaf_count=125 131 137 207 101 102 104 1288 218 169 185 104 168 4681 830
internal_value=-4.58478e-05 -6.72942e-05 -4.3602e-05 0.00117974 -7.97433e-05 -5.39968e-05 -7.68969e-05 0.000391135 0.001177 -0.000560193 0.001971 -0.000136215 -3.78723e-05 -0.000549479
internal_weight=8550 8419 8294 238 8056 7954 7850 883 480 403 311 6967 5679 998
internal_count=8550 8419 8294 238 8056 7954 7850 883 480 403 311 6967 5679 998
cat_boundaries=0 1 2
cat_threshold=38 2
is_linear=0
shrinkage=0.03


Tree=183
num_leaves=15
num_cat=1
split_feature=38 31 1 0 6 21 23 21 37 31 38 38 5 31
split_gain=0.812186 0.830719 0.472412 0.326989 0.498757 1.09412 0.572109 0.474181 0.6405 0.741444 0.458572 0.402437 0.454661 0.352497
threshold=2.3859345902999922 0.23920529801324505 50.500000000000007 8.5000000000000018 2.5000000000000004 58.558333333333337 169.00000000000003 59.833333333333336 0 1.8762045512381398 1.6831209597979404 1.3522167720979981 0.15470000000000003 3.4211241418764309
decision_type=2 8 2 2 2 2 2 2 9 10 2 2 2 10
left_child=1 2 -1 -3 6 -6 7 8 9 -5 11 -9 -13 -11
right_child=-2 3 -4 4 5 -7 -8 10 -10 13 -12 12 -14 -15
leaf_value=-0.00041118262603355682 0.0027234611719134539 0.00022259965956766215 -0.0033056528328041382 0.0024187262888484507 -0.00094067239181475906 0.0029113239144216286 0.0010196356046585338 -0.0010285728330455106 -0.0005181528482884406 -0.0013139979919158237 -0.0016938062152415012 -0.00043403619787975799 0.001793447051597528 0.00086512535246725602
leaf_weight=101 102 5166 102 176 127 139 272 485 812 118 391 259 121 154
leaf_count=101 102 5166 102 176 127 139 272 485 812 118 391 259 121 154
internal_value=6.25213e-05 3.02981e-05 -0.00186555 7.71176e-05 -0.000168973 0.00107221 -0.000287393 -0.000428693 -1.74986e-05 0.00088182 -0.000841198 -0.000455799 0.000275241 -8.02296e-05
internal_weight=8525 8423 203 8220 3054 266 2788 2516 1260 448 1256 865 380 272
internal_count=8525 8423 203 8220 3054 266 2788 2516 1260 448 1256 865 380 272
cat_boundaries=0 1
cat_threshold=2424842293
is_linear=0
shrinkage=0.03


Tree=184
num_leaves=15
num_cat=1
split_feature=31 38 24 30 30 23 37 30 5 38 23 31 31 24
split_gain=0.545847 0.364571 0.412775 1.24309 0.34132 0.686269 0.725537 0.678788 0.493954 0.468091 0.474801 0.499141 0.441247 0.428361
threshold=0.1106014271151886 2.339954998248738 2.6950000000000736 55.500000000000007 62.500000000000007 50.500000000000007 0 44.500000000000007 0.38195000000000007 1.6008082641471413 19.500000000000004 1.5004810776138553 0.78967355096602276 29.284500000000993
decision_type=8 2 8 2 2 2 9 2 2 2 2 8 10 8
left_child=-1 2 3 -2 5 6 7 -4 9 10 11 -8 -6 -12
right_child=1 -3 4 -5 12 -7 8 -9 -10 -11 13 -13 -14 -15
leaf_value=0.0018525177550090606 -0.0027270498297058909 -0.0018140255002253979 0.0034581839547985619 0.0013282159691967001 -0.0013366245039447258 -0.00037632194813197407 -0.0016479142152595601 0.00027982581664837196 -0.0012278926613576273 0.0018671947693202535 -0.00053154962608961058 0.00096003755198230802 -0.00011193810597238538 0.0015786626418497795
leaf_weight=129 181 112 153 109 278 881 181 100 153 207 127 104 5565 272
leaf_count=129 181 112 153 109 278 881 181 100 153 207 127 104 5565 272
internal_value=-8.41775e-05 -0.000113838 -9.09265e-05 -0.00120283 -5.07255e-05 0.000269811 0.000708703 0.00211819 0.000343551 0.00061725 0.000238978 -0.000696241 -0.000170207 0.000906991
internal_weight=8552 8423 8311 290 8021 2178 1297 253 1044 891 684 285 5843 399
internal_count=8552 8423 8311 290 8021 2178 1297 253 1044 891 684 285 5843 399
cat_boundaries=0 1
cat_threshold=2847940609
is_linear=0
shrinkage=0.03


Tree=185
num_leaves=15
num_cat=3
split_feature=35 0 27 31 21 37 0 23 17 37 31 5 27 24
split_gain=0.326943 0.406378 0.438658 0.314083 0.77127 0.473602 1.12845 0.573941 0.308882 0.178656 0.336969 0.287516 0.428518 0.504848
threshold=0 7.5000000000000009 13.999716435185187 0.1106014271151886 208.16666666666671 1 6.5000000000000009 28.500000000000004 3.5000000000000004 2 9.0326086956521756 0.29705000000000004 12.999849537037038 53.570333333333231
decision_type=1 2 2 8 2 9 2 2 2 9 8 2 2 8
left_child=1 2 -1 -2 5 6 -5 -8 9 10 -7 12 13 -11
right_child=3 -3 -4 4 -6 8 7 -9 -10 11 -12 -13 -14 -15
leaf_value=-0.0021869702513308024 0.0016000633308737491 0.00030667079158707664 0.00017114319359743088 0.0035522325326187106 -0.0020609401600565052 5.4370785047754485e-06 0.0013913612705950421 -0.0012732927605895133 0.0016399369546493021 -0.00015510651852107711 0.0014787928215810096 -0.0015343265864913435 -0.00066775951615562809 0.0023268994189285354
leaf_weight=215 114 203 106 117 158 6066 146 145 102 216 143 165 572 112
leaf_count=215 114 203 106 117 158 6066 146 145 102 216 143 165 572 112
internal_value=-1.10947e-05 -0.000729969 -0.00140828 3.6525e-05 1.41279e-05 5.62477e-05 0.00103857 6.36127e-05 5.02255e-07 -2.24861e-05 3.93068e-05 -0.000379547 -0.000172054 0.000692408
internal_weight=8580 524 321 8056 7942 7784 408 291 7376 7274 6209 1065 900 328
internal_count=8580 524 321 8056 7942 7784 408 291 7376 7274 6209 1065 900 328
cat_boundaries=0 1 2 3
cat_threshold=4 136839172 3536881904
is_linear=0
shrinkage=0.03


Tree=186
num_leaves=15
num_cat=3
split_feature=31 27 31 37 21 37 31 33 25 5 30 36 30 28
split_gain=0.368259 0.49417 1.05092 0.588619 0.420087 0.430854 0.386813 0.546317 0.933061 0.500176 0.915914 0.471345 0.768399 0.397044
threshold=2.4757543249946594 12.999716435185187 0.1799720450492425 0 208.16666666666671 1 3.5561282932416955 1.0000000180025095e-35 0.62481481481481493 0.30385000000000001 89.500000000000014 2 234.55000000000004 9.5670312500000012
decision_type=8 2 10 9 2 9 8 2 8 2 2 9 2 2
left_child=1 3 -3 -1 5 -4 -2 9 -9 11 -11 12 -8 -14
right_child=6 2 4 -5 -6 -7 7 8 -10 10 -12 -13 13 -15
leaf_value=-0.0021665383173948435 -0.00063497750550977413 0.0033237377700792384 -0.00045145829079266644 -0.00012728364483098362 -0.0012899648092239153 0.00040223312068171814 -0.0030207344703765582 0.0023781136666632808 -0.00056471401919725903 -0.0014845283272792583 0.0020690507781964311 2.5968505001401352e-05 -0.0014822764149163092 0.00093107306843217554
leaf_weight=141 1287 101 611 844 158 3816 157 213 178 100 188 502 129 117
leaf_count=141 1287 101 611 844 158 3816 157 213 178 100 188 502 129 117
internal_value=2.81805e-05 0.000168334 0.000296729 -0.000442485 0.000230049 0.000284298 -0.000248661 6.52211e-05 0.00103841 -0.000253737 0.000835169 -0.000600262 -0.00134754 -0.000334464
internal_weight=8542 5671 4686 985 4585 4427 2871 1584 391 1193 288 905 403 246
internal_count=8542 5671 4686 985 4585 4427 2871 1584 391 1193 288 905 403 246
cat_boundaries=0 1 2 3
cat_threshold=1343228032 302318209 36
is_linear=0
shrinkage=0.03


Tree=187
num_leaves=15
num_cat=1
split_feature=31 31 30 30 31 36 31 31 31 20 31 30 28 1
split_gain=0.369401 1.6378 0.337598 0.387913 0.247571 0.803147 0.606869 0.418595 0.518542 0.322089 0.933356 0.480115 0.289489 0.251267
threshold=0.057386724977567159 0.19843228538575877 382.25000000000006 327.65000000000003 5.1020956475013444 0 4.6669339748730296 6.3930205949656758 9.8538461538461561 1.0000000180025095e-35 1.1451224889862892 179.02500000000003 6.8365682870370383 227.50000000000003
decision_type=8 8 2 2 10 9 10 10 10 2 10 2 2 2
left_child=-1 -2 3 4 6 7 9 -6 -9 13 -11 -12 -7 -3
right_child=1 2 -4 -5 5 12 -8 8 -10 10 11 -13 -14 -15
leaf_value=-0.0018588022026233375 0.003753801822959384 -3.8893871252523328e-05 -0.0016181299740239046 0.0014393439851551047 -0.0011315168903854032 -0.0030442506786458557 0.0022368689904521621 0.0023743002333203021 -0.00037538867136130904 -0.0033013259132067619 0.0013449677776616927 -0.0010863530587333166 -0.00099424297867342832 0.0012105633330065757
leaf_weight=100 102 6818 125 155 130 123 105 121 126 106 130 167 125 148
leaf_count=100 102 6818 125 155 130 123 105 121 126 106 130 167 125 148
internal_value=-4.61076e-05 -2.4734e-05 -7.07312e-05 -4.72971e-05 -7.57487e-05 -0.000649326 -2.77843e-05 0.000240037 0.000971625 -6.0053e-05 -0.000884654 -2.21386e-05 -0.00193304 -1.23478e-05
internal_weight=8581 8481 8379 8254 8099 625 7474 377 247 7369 403 297 248 6966
internal_count=8581 8481 8379 8254 8099 625 7474 377 247 7369 403 297 248 6966
cat_boundaries=0 1
cat_threshold=17
is_linear=0
shrinkage=0.03


Tree=188
num_leaves=15
num_cat=2
split_feature=38 31 38 38 24 38 37 22 22 0 1 37 1 24
split_gain=1.20436 0.738238 0.296431 0.250662 0.264492 0.447021 0.388913 0.464317 0.445858 0.612 0.437578 0.700088 0.528449 0.770292
threshold=2.3859345902999922 0.1106014271151886 2.2531680947673558 0.79345283360660634 170.43233333333259 1.8128010812306492 0 6785.2500000000009 9234.8000000000011 8.5000000000000018 44.500000000000007 1 12.500000000000002 55.387666666666668
decision_type=2 8 2 2 8 2 9 2 2 2 2 9 2 10
left_child=1 -1 3 -3 6 -6 -5 10 9 -9 12 -12 13 -8
right_child=-2 2 -4 4 5 -7 7 8 -10 -11 11 -13 -14 -15
leaf_value=-0.0024960265769008194 0.0032555178347952411 -0.001432849441965421 0.001584902244180234 -0.0002166477151462382 -3.8240932064621427e-05 -0.0010173878203265363 -0.00040723304184594827 -2.0226552029877592e-05 0.00069087405977745009 -0.00248614789900155 0.00015527775963953533 0.0016245555438087944 -0.0002036658759482619 0.0018616450051451526
leaf_weight=106 103 108 108 1691 2584 501 228 216 204 156 564 618 1086 329
leaf_count=106 103 108 108 1691 2584 501 228 216 204 156 564 618 1086 329
internal_value=3.09985e-05 -8.07968e-06 2.3342e-05 2.98614e-06 2.19503e-05 -0.000197253 0.000154755 0.000339059 -0.000436232 -0.00105432 0.000498337 0.000938537 0.00018165 0.000932912
internal_weight=8602 8499 8393 8285 8177 3085 5092 3401 576 372 2825 1182 1643 557
internal_count=8602 8499 8393 8285 8177 3085 5092 3401 576 372 2825 1182 1643 557
cat_boundaries=0 1 2
cat_threshold=1635029001 411041794
is_linear=0
shrinkage=0.03


Tree=189
num_leaves=15
num_cat=2
split_feature=31 38 37 31 31 30 1 38 0 30 28 1 23 37
split_gain=0.583962 0.454919 0.321927 0.298757 0.287412 0.344723 0.548829 0.447577 0.280133 0.389818 0.258355 0.64758 0.566228 0.527229
threshold=0.1106014271151886 2.339954998248738 0 0.75391316586785995 3.1256578947368427 45.050000000000004 40.500000000000007 1.6618759098456712 11.500000000000002 65.500000000000014 0.93167824074074079 18.500000000000004 170.50000000000003 1
decision_type=8 2 9 8 10 2 2 2 2 2 2 2 2 9
left_child=-1 2 3 -2 5 6 -5 8 9 -7 12 -12 13 -4
right_child=1 -3 10 4 -6 7 -8 -9 -10 -11 11 -13 -14 -15
leaf_value=0.0020033367565788682 -0.0016708654959939244 -0.0019534159732990833 -0.00022547212783394357 0.00047443231359924651 -0.0012653536621791621 0.0015136124772277284 -0.0021995511716839085 0.0015694462284396072 -0.0014381673779177266 -0.00021134229322433384 -0.00089688989104822403 0.00012496075675815947 -0.0012962005733762208 0.00057258509935623116
leaf_weight=126 149 112 1076 121 225 141 161 164 127 720 757 2125 205 2397
leaf_count=126 149 112 1076 121 225 141 161 164 127 720 757 2125 205 2397
internal_value=-2.39981e-05 -5.41213e-05 -2.87005e-05 -0.000381953 -0.000268494 -0.000112083 -0.0010522 0.000118051 -0.000122869 7.11416e-05 6.91361e-05 -0.000143443 0.000235897 0.000326332
internal_weight=8606 8480 8368 1808 1659 1434 282 1152 988 861 6560 2882 3678 3473
internal_count=8606 8480 8368 1808 1659 1434 282 1152 988 861 6560 2882 3678 3473
cat_boundaries=0 1 2
cat_threshold=6312548 596377627
is_linear=0
shrinkage=0.03


Tree=190
num_leaves=15
num_cat=0
split_feature=38 29 31 29 32 38 31 31 0 5 1 38 38 38
split_gain=0.953963 3.65165 0.660816 0.25507 0.691794 0.786195 0.410695 0.395714 0.390395 0.557159 0.463338 0.56206 0.511705 0.450891
threshold=2.2273705780388373 2.5000000000000004 0.1106014271151886 4.5000000000000009 5.5000000000000009 1.4150211336398859 2.2583927231807954 2.1475599371451475 4.5000000000000009 0.56350000000000011 56.500000000000007 1.8943204502563533 1.7249225129664658 1.3236877584777249
decision_type=2 2 8 2 2 2 10 10 2 2 2 2 2 2
left_child=2 -2 -1 6 -5 -6 7 -4 13 10 -10 12 -12 -8
right_child=1 -3 3 4 5 -7 8 -9 9 -11 11 -13 -14 -15
leaf_value=-0.0024215457034118186 0.0052005791286034372 -0.0021038554601239554 4.8242956037937615e-05 0.0027884334314366471 0.0020240524313236883 -0.0012195188645289265 0.00029493248503894317 0.0013456498406989694 -0.00043062120280871926 -0.0021871639776700098 0.00054001250019630081 0.0023024479632346531 -0.0015249832831323146 -0.0020173627420808772
leaf_weight=104 134 114 4963 107 106 184 111 221 1419 122 540 127 135 240
leaf_count=104 134 114 4963 107 106 184 111 221 1419 122 540 127 135 240
internal_value=9.19973e-06 0.0018429 -4.50736e-05 -1.52062e-05 0.000726752 -3.39376e-05 -5.25961e-05 0.000103553 -0.00035307 -0.000213291 -0.000104866 0.000471502 0.000127013 -0.00128612
internal_weight=8627 248 8379 8275 397 290 7878 5184 2694 2343 2221 802 675 351
internal_count=8627 248 8379 8275 397 290 7878 5184 2694 2343 2221 802 675 351
is_linear=0
shrinkage=0.03


Tree=191
num_leaves=15
num_cat=3
split_feature=38 3 37 2 20 24 38 24 38 37 36 38 0 24
split_gain=0.710363 0.479304 0.445571 0.241897 0.334956 0.772617 0.570338 0.297233 0.555553 0.287535 0.461932 0.440045 0.516282 0.402198
threshold=2.3859345902999922 1.0000000180025095e-35 0 1.0000000180025095e-35 1.0000000180025095e-35 352.12183333333195 1.5786809079209496 157.05049999999582 1.5308141584993853 1 2 1.2998300822452145 6.5000000000000009 263.3524999999924
decision_type=2 2 9 2 2 8 2 10 2 9 9 2 2 10
left_child=1 2 -1 4 9 6 -6 8 -5 10 -4 -12 -13 -11
right_child=-2 -3 3 7 5 -7 -8 -9 -10 13 11 12 -14 -15
leaf_value=0.0017796447728558079 0.0023045855177042541 -0.0021343623775337793 -0.001377991202196716 0.00057248666390026905 0.00096645581314805894 -0.003060825554497331 -0.0017527725864397525 -0.0013710786506485686 -0.00093882164982118596 -0.0002182856912160954 -0.0011205108400836989 0.0019495044395340042 0.0003942818611097869 0.00037198511706332298
leaf_weight=105 112 103 103 409 180 107 113 272 471 4222 111 280 612 1378
leaf_count=105 112 103 103 409 180 107 113 272 471 4222 111 280 612 1378
internal_value=-6.8965e-05 -0.000100366 -7.53147e-05 -0.000100933 -3.56803e-05 -0.000879024 -8.22568e-05 -0.000504315 -0.000236407 1.46235e-05 0.000454366 0.000654279 0.000882468 -7.29067e-05
internal_weight=8578 8466 8363 8258 7106 400 293 1152 880 6706 1106 1003 892 5600
internal_count=8578 8466 8363 8258 7106 400 293 1152 880 6706 1106 1003 892 5600
cat_boundaries=0 1 2 3
cat_threshold=1053696 1478516808 34
is_linear=0
shrinkage=0.03


Tree=192
num_leaves=15
num_cat=0
split_feature=21 38 31 38 38 24 24 30 30 28 1 31 31 24
split_gain=0.556491 0.500975 0.274886 0.225237 0.561221 0.637985 0.597336 0.830344 1.01684 0.714164 0.747586 0.731526 0.72181 0.774282
threshold=226.47500000000005 2.339954998248738 0.1799720450492425 1.4600801645181789 1.5173023277125808 260.24633333333367 174.82500000000351 52.500000000000007 289.02500000000003 2.9389178240740743 12.500000000000002 1.7743207489569555 1.8762045512381398 62.875499999998731
decision_type=2 2 8 2 2 10 10 2 2 2 2 10 8 10
left_child=1 2 -1 -4 5 -5 9 -8 -9 10 11 -6 13 -11
right_child=-2 -3 3 4 6 -7 7 8 -10 12 -12 -13 -14 -15
leaf_value=-0.0014227434712623761 0.0021886068667529277 -0.0020320582609919427 -0.00014129993349425274 0.00050954115590187189 0.0025381031557248825 0.0031033087945682423 0.001958893738221377 -0.0011065869891964276 0.0019573018065047101 0.0043991449941820073 -0.00024887040267318694 -0.00040910349011157206 0.00047824814714517372 0.00074612430242054599
leaf_weight=121 103 111 4060 331 188 115 110 923 109 107 1602 127 444 102
leaf_count=121 103 111 4060 331 188 115 110 923 109 107 1602 127 444 102
internal_value=-3.19261e-06 -2.99092e-05 -3.25871e-06 1.76415e-05 0.000172837 0.00117834 5.2025e-05 -0.000518875 -0.000782979 0.000305709 1.38325e-05 0.00134986 0.00116257 0.00261633
internal_weight=8553 8450 8339 8218 4158 446 3712 1142 1032 2570 1917 315 653 209
internal_count=8553 8450 8339 8218 4158 446 3712 1142 1032 2570 1917 315 653 209
is_linear=0
shrinkage=0.03


Tree=193
num_leaves=15
num_cat=1
split_feature=31 27 0 21 37 31 24 21 29 21 31 22 21 32
split_gain=0.822305 0.332804 0.37337 0.314773 0.259436 0.884716 0.264515 0.246669 0.446906 0.354626 0.360959 0.616833 0.317776 0.377853
threshold=0.1106014271151886 30.605075231481486 7.5000000000000009 208.16666666666671 0 1.7497993579454256 3.2871666666666903 120.70833333333334 3.5000000000000004 121.89166666666668 1.8048797023563459 6542.1000000000013 114.03333333333335 18.500000000000004
decision_type=8 2 2 2 9 8 8 2 2 2 10 2 2 2
left_child=-1 3 -3 4 5 -2 -6 12 9 -9 11 -11 -8 -14
right_child=1 2 -4 -5 6 -7 7 8 -10 10 -12 -13 13 -15
leaf_value=0.0023969453189868566 0.0031091273931759551 -3.3671998111954469e-06 -0.0020225822004008918 -0.0013636383502262418 -0.0014113961126827432 -0.00063602283317595713 6.6190712645836889e-05 -0.0022642177412552492 0.0013234203164174687 0.00075909897128382544 -0.0017290054055673629 -0.0011051324358747996 0.0024592538566857169 2.4381338765746667e-07
leaf_weight=129 104 176 155 145 115 125 6372 105 120 347 151 296 111 114
leaf_count=129 104 176 155 145 115 125 6372 105 120 347 151 296 111 114
internal_value=1.98447e-05 -1.6505e-05 -0.000948921 2.15739e-05 4.6807e-05 0.00102028 1.66306e-05 3.82153e-05 -0.000396196 -0.000625734 -0.000409058 -9.90853e-05 0.000105316 0.00121336
internal_weight=8565 8436 331 8105 7960 229 7731 7616 1019 899 794 643 6597 225
internal_count=8565 8436 331 8105 7960 229 7731 7616 1019 899 794 643 6597 225
cat_boundaries=0 1
cat_threshold=2097216
is_linear=0
shrinkage=0.03


Tree=194
num_leaves=15
num_cat=0
split_feature=31 22 27 30 29 28 30 32 1 22 22 31 1 25
split_gain=0.92008 0.357203 0.226667 0.221321 0.389181 0.390771 0.242905 0.217177 0.253076 0.242663 0.879354 0.713816 0.484821 0.581188
threshold=0.1106014271151886 12726.200000000003 30.999247685185189 304.85000000000008 2.5000000000000004 4.7225694444444448 290.65000000000003 29.500000000000004 51.500000000000007 2274.3996250000005 2362.6500000000005 3.4211241418764309 65.500000000000014 0.45972972972972981
decision_type=8 2 2 2 2 2 2 2 2 2 2 10 2 10
left_child=-1 2 3 6 5 -5 7 9 -9 -2 -11 12 13 -12
right_child=1 -3 -4 4 -6 -7 -8 8 -10 10 11 -13 -14 -15
leaf_value=0.0025869925765366086 -0.00013361871287869944 -0.0017570023306750886 -0.0012990045547776388 0.0012986880696981267 0.002045849883957332 -0.001284822817259562 -0.0012892509902008157 0.00015650650052054558 0.0019923252038055441 0.0027741857687942685 0.00057538362165606522 0.0018395540455456198 -0.00092393581510083912 -0.00087321335360852643
leaf_weight=123 5415 106 120 102 131 109 133 193 104 117 974 191 464 335
leaf_count=123 5415 106 120 102 131 109 133 193 104 117 974 191 464 335
internal_value=1.09112e-05 -2.63926e-05 -4.52269e-06 1.42651e-05 0.000761482 -3.59218e-05 -1.79766e-05 3.71972e-06 0.000799352 -2.78041e-05 0.000247537 9.70192e-05 -9.06988e-05 0.000204658
internal_weight=8617 8494 8388 8268 342 211 7926 7793 297 7496 2081 1964 1773 1309
internal_count=8617 8494 8388 8268 342 211 7926 7793 297 7496 2081 1964 1773 1309
is_linear=0
shrinkage=0.03


Tree=195
num_leaves=15
num_cat=0
split_feature=21 31 24 30 2 31 22 21 27 25 38 25 21 30
split_gain=0.694423 0.427509 0.839572 0.564038 0.340785 0.372959 0.638493 1.01969 0.771555 0.575896 0.533759 0.416042 0.376733 0.478663
threshold=226.47500000000005 1.5201026298909559 2.6950000000000736 225.05000000000004 1.0000000180025095e-35 2.016441834019211 2274.3996250000005 87.225000000000009 13.999589120370372 0.46863636363636368 2.1934073772180778 0.22290322580645164 106.58333333333334 289.02500000000003
decision_type=2 10 8 2 2 10 2 2 2 8 2 10 2 2
left_child=1 2 -1 -4 5 6 7 8 -3 -10 11 -7 13 -13
right_child=-2 4 3 -5 -6 10 -8 -9 9 -11 -12 12 -14 -15
leaf_value=-0.0024466921512614806 0.0024530266915712882 6.9673173187380737e-06 -4.1304645584657045e-05 -0.0021638991128211508 -0.00037051679610579553 0.0016998799489586908 0.0017125371106653418 -0.0010237489662588393 0.0010033717079464032 0.0037639034689345863 -0.0017471137489013086 9.2087138501062901e-05 -0.001062746660445804 0.0014429440713138318
leaf_weight=146 109 302 3046 117 760 161 415 335 157 120 130 2232 219 264
leaf_count=146 109 302 3046 117 760 161 415 335 157 120 130 2232 219 264
internal_value=7.38775e-05 4.30199e-05 -0.000222486 -0.00011982 0.000215456 0.000318187 0.000736681 0.000293595 0.00105579 0.00219927 0.000133164 0.000218155 0.000130289 0.000234966
internal_weight=8513 8404 3309 3163 5095 4335 1329 914 579 277 3006 2876 2715 2496
internal_count=8513 8404 3309 3163 5095 4335 1329 914 579 277 3006 2876 2715 2496
is_linear=0
shrinkage=0.03


Tree=196
num_leaves=15
num_cat=1
split_feature=25 21 24 27 31 24 23 26 31 35 23 22 23 2
split_gain=0.52456 1.15944 0.530647 0.51563 0.64917 0.48267 0.655565 0.391301 0.36553 0.36488 0.588998 0.362766 0.350725 0.493734
threshold=0.43223443223443231 210.14166666666671 7.486666666665756 17.003738425925928 2.2152717697949975 120.45833333333286 103.50000000000001 0.19000000000000003 1.2585729879880547 0 54.500000000000007 5081.2375000000002 126.50000000000001 1.0000000180025095e-35
decision_type=10 2 8 2 8 10 2 8 10 1 2 2 2 2
left_child=1 3 -2 7 5 8 -7 9 -5 -1 -11 12 -4 -14
right_child=2 -3 11 4 -6 6 -8 -9 -10 10 -12 -13 13 -15
leaf_value=0.00015431877249994113 -0.0017552512871395599 0.003410903873120986 -0.00024641785863135777 0.00021609480350653267 0.0023691826097712041 -0.001196442990541052 0.00096136313489950229 0.0016009304752104155 0.0021970381884729366 -0.00014119898723371311 -0.0018824441141952536 -0.0010699816075811052 0.00063055603477254368 -0.0011587775545483976
leaf_weight=2026 190 103 2494 154 187 266 242 131 184 729 230 340 1006 161
leaf_count=2026 190 103 2494 154 187 266 242 131 184 729 230 340 1006 161
internal_value=3.20061e-05 0.000266771 -0.000206175 0.000188717 0.000769571 0.000415993 -0.000168512 -3.84509e-06 0.00129448 -7.42724e-05 -0.00055304 -0.000132613 -4.55586e-05 0.000383699
internal_weight=8443 4252 4191 4149 1033 846 508 3116 338 2985 959 4001 3661 1167
internal_count=8443 4252 4191 4149 1033 846 508 3116 338 2985 959 4001 3661 1167
cat_boundaries=0 1
cat_threshold=19
is_linear=0
shrinkage=0.03


Tree=197
num_leaves=15
num_cat=0
split_feature=27 27 22 21 21 25 33 23 31 28 1 38 25 22
split_gain=0.312606 2.47103 2.38365 0.697 0.559453 0.402603 0.367324 0.806261 0.410472 0.416832 0.65876 0.320614 0.300571 0.52389
threshold=13.957650462962965 13.999334490740742 2751.3490000000006 208.16666666666671 161.50000000000003 0.4497297297297298 1.0000000180025095e-35 46.500000000000007 1.2190404267189183 2.7889699074074081 20.500000000000004 1.608949615129972 0.30384615384615393 7391.3750000000009
decision_type=2 2 2 2 2 8 2 2 10 2 2 2 10 2
left_child=4 2 5 12 6 -2 8 -8 9 10 -1 -12 -3 -14
right_child=1 3 -4 -5 -6 -7 7 -9 -10 -11 11 -13 13 -15
leaf_value=0.0027069840419277984 -0.00054659908164467197 0.00037227875463060391 0.0063572474360199908 -0.0019953585910662914 -0.0021830992814419522 0.002045769240253438 -0.00046089685067308528 0.0020653332585013461 -0.00093714646809225845 -0.0015037964099192862 0.0007929137017931039 -0.0013207930376857371 -0.00019601198018956705 0.0010774491697368644
leaf_weight=103 100 1512 105 161 140 117 303 182 728 101 149 114 4464 311
leaf_count=103 100 1512 105 161 140 117 303 182 728 101 149 114 4464 311
internal_value=-1.2014e-05 8.1821e-05 0.0026466 -4.6259e-05 -0.000361059 0.000851129 -0.000209223 0.000487091 -0.000491827 0.000202376 0.000673205 -0.000123294 3.65432e-06 -0.00011307
internal_weight=8590 6770 322 6448 1820 217 1680 485 1195 467 366 263 6287 4775
internal_count=8590 6770 322 6448 1820 217 1680 485 1195 467 366 263 6287 4775
is_linear=0
shrinkage=0.03


Tree=198
num_leaves=15
num_cat=1
split_feature=21 38 31 24 27 17 32 36 38 25 25 0 31 24
split_gain=0.981208 0.821337 0.401676 0.342105 0.623371 0.372955 0.301289 0.438085 0.784976 0.330487 0.696293 0.67043 0.337335 0.252159
threshold=226.47500000000005 2.339954998248738 0.1799720450492425 1.8535000000000084 17.003738425925928 3.5000000000000004 2.5000000000000004 0 1.7249225129664658 0.33666666666666673 0.43223443223443231 6.5000000000000009 1.6619710735914739 729.04833333333033
decision_type=2 2 8 8 2 2 2 9 2 8 10 2 8 10
left_child=1 2 -1 4 -4 6 7 8 -5 11 12 -9 -11 -8
right_child=-2 -3 3 5 -6 -7 13 9 -10 10 -12 -13 -14 -15
leaf_value=-0.0017021374272747484 0.0028776477973135014 -0.002638440558721668 -0.002794907822938902 0.0028081457509062857 0.00049804077634368752 0.0018477604705549311 -6.4062479820994973e-05 0.0011809170364990437 -0.00051716799395816286 0.0007524962214509321 -0.00034240457444751488 -0.001277364067212419 0.0031131216755287874 0.0012601519736397842
leaf_weight=122 106 107 105 171 102 104 6621 152 102 107 261 291 111 132
leaf_count=122 106 107 105 171 102 104 6621 152 102 107 261 291 111 132
internal_value=9.15468e-06 -2.66677e-05 6.67674e-06 3.19189e-05 -0.0011723 6.28768e-05 3.95215e-05 0.000478606 0.0015104 0.000155035 0.000702935 -0.000433891 0.00195447 -3.81782e-05
internal_weight=8594 8488 8381 8259 207 8052 7948 1195 273 922 479 443 218 6753
internal_count=8594 8488 8381 8259 207 8052 7948 1195 273 922 479 443 218 6753
cat_boundaries=0 1
cat_threshold=34
is_linear=0
shrinkage=0.03


Tree=199
num_leaves=15
num_cat=1
split_feature=38 31 31 17 37 5 30 21 24 24 38 31 24 24
split_gain=0.386003 0.428185 0.293487 0.269626 0.242683 0.377961 0.592916 0.334821 0.36611 0.682462 0.554299 0.427025 0.4693 0.4253
threshold=2.3040562714157726 0.23920529801324505 0.40720431576072119 3.5000000000000004 0 0.11435000000000002 304.85000000000008 150.85000000000002 182.81433333333351 252.39966666666822 1.5037828173842198 3.2302347516243981 100.57766666666519 77.847333333332799
decision_type=2 8 8 2 9 2 2 2 10 10 2 10 8 10
left_child=1 -1 -3 4 5 7 -7 8 11 10 -10 12 13 -4
right_child=-2 2 3 -5 -6 6 -8 -9 9 -11 -12 -13 -14 -15
leaf_value=-0.0014250276643096615 0.001456923028568457 0.001268002443100241 0.00036255688951600782 0.0015300174279090611 0.00016261478836402613 -0.00065185759789198618 0.0015131627665412779 0.0014801063986836067 -0.0006474946530025666 -1.6203176441057674e-05 -0.0034553079662914825 -0.00086765502327119904 0.00131561243771908 -0.0015657690097577869
leaf_weight=190 163 165 724 101 3372 1703 122 140 157 795 106 247 420 120
leaf_count=190 163 165 724 101 3372 1703 122 140 157 795 106 247 420 120
internal_value=1.10487e-05 -1.71356e-05 1.5598e-05 -1.02102e-05 -2.98868e-05 -0.00017303 -0.000507127 5.14062e-05 -2.64521e-05 -0.000454443 -0.00177916 0.000273227 0.000496168 8.83873e-05
internal_weight=8525 8362 8172 8007 7906 4534 1825 2709 2569 1058 263 1511 1264 844
internal_count=8525 8362 8172 8007 7906 4534 1825 2709 2569 1058 263 1511 1264 844
cat_boundaries=0 1
cat_threshold=592763654
is_linear=0
shrinkage=0.03


Tree=200
num_leaves=15
num_cat=1
split_feature=35 31 29 38 17 24 30 30 30 31 5 24 31 32
split_gain=0.413366 0.552766 0.489349 0.304235 0.318363 0.596561 0.835857 0.456024 0.652837 0.531023 0.419663 0.441102 0.421317 0.399333
threshold=0 0.1106014271151886 1.5000000000000002 2.2758864836952273 1.5000000000000002 352.12183333333195 221.92500000000004 223.82500000000002 205.07500000000002 2.1326743243938995 0.36035 328.26683333333648 1.6406667080513999 31.500000000000004
decision_type=1 8 2 2 2 8 2 2 2 10 2 10 10 2
left_child=2 -2 -1 4 7 6 -6 8 -3 -10 12 -12 -9 -14
right_child=1 3 -4 -5 5 -7 -8 10 9 -11 11 -13 13 -15
leaf_value=-0.00042651117850972254 0.0020323411298867984 -2.6117396254679437e-05 -0.0027382901298946567 -0.0015314093655066901 0.00048176221464888807 -0.00096517459644152352 0.0034709193525949019 -0.0018856245550662551 0.003206362869172117 0.00045987683475729732 -0.0025544361943528721 -9.0040775020302179e-05 7.6874796258470912e-05 -0.0016813702039135787
leaf_weight=383 117 5304 105 122 395 164 107 136 101 170 168 107 1033 131
leaf_count=383 117 5304 105 122 395 164 107 136 101 170 168 107 1033 131
internal_value=-6.66164e-05 -1.46596e-05 -0.00090537 -4.48493e-05 -2.16455e-05 0.000605699 0.00111889 -8.00808e-05 4.72637e-05 0.00148347 -0.00053084 -0.00159556 -0.00030561 -0.000121003
internal_weight=8543 8055 488 7938 7816 666 502 7150 5575 271 1575 275 1300 1164
internal_count=8543 8055 488 7938 7816 666 502 7150 5575 271 1575 275 1300 1164
cat_boundaries=0 1
cat_threshold=4
is_linear=0
shrinkage=0.03


Tree=201
num_leaves=15
num_cat=1
split_feature=38 25 31 31 24 24 28 29 38 13 30 35 38 30
split_gain=0.784337 3.54005 0.275418 0.231522 0.174906 0.438451 0.474792 0.446061 0.664292 0.485635 0.414012 0.545842 0.462604 0.754233
threshold=2.2273705780388373 0.39791666666666675 0.19843228538575877 0.35714348202647267 172.41716666666329 100.57766666666519 16.50072916666667 2.5000000000000004 1.281603615578393 1.0000000180025095e-35 51.050000000000004 0 1.5963149618008365 156.25000000000003
decision_type=2 10 8 8 10 10 2 2 2 2 2 1 2 2
left_child=2 -2 -1 -4 5 6 -5 8 -7 -10 11 -6 -12 -14
right_child=1 -3 3 4 10 7 -8 -9 9 -11 12 -13 13 -15
leaf_value=-0.0011724786539906 -0.0012325469195226056 0.0060741424294654279 0.0012408919448096626 2.6697170050138805e-05 0.0022915933708357972 0.0013960350347929046 -0.002016376255745334 0.0015657704534922752 0.00070054246315359779 -0.0014361246945165851 -2.0802091738595343e-05 -0.00048768641369847145 -0.0027737431196713604 -0.00044640873939493501
leaf_weight=176 148 100 139 4089 124 261 105 336 163 232 1776 120 154 673
leaf_count=176 148 100 139 4089 124 261 105 336 163 232 1776 120 154 673
internal_value=5.10914e-05 0.0017137 1.69917e-06 2.69874e-05 5.98244e-06 0.000109702 -2.44527e-05 0.000676887 0.000221605 -0.000554411 -0.00018295 0.000998665 -0.000293713 -0.000879794
internal_weight=8596 248 8348 8172 8033 5186 4194 992 656 395 2847 244 2603 827
internal_count=8596 248 8348 8172 8033 5186 4194 992 656 395 2847 244 2603 827
cat_boundaries=0 1
cat_threshold=26
is_linear=0
shrinkage=0.03


Tree=202
num_leaves=15
num_cat=1
split_feature=38 38 22 31 5 22 32 31 24 37 38 38 23 0
split_gain=0.312932 0.289477 0.393096 0.38749 0.400913 0.330964 0.384308 0.27953 0.275543 0.442335 0.385278 0.301913 0.280194 0.47472
threshold=0.79345283360660634 2.3040562714157726 6785.2500000000009 0.5018165865072145 0.38195000000000007 8792.1860000000015 11.500000000000002 1.8322390932420876 2.6950000000000736 0 2.1934073772180778 2.09881313774458 191.50000000000003 9.5000000000000018
decision_type=2 2 2 10 2 2 2 10 8 9 2 2 2 2
left_child=-1 2 8 -4 5 7 -7 -5 -2 -10 11 12 -11 -14
right_child=1 -3 3 4 -6 6 -8 -9 9 10 -12 -13 13 -15
leaf_value=-0.0015526047447010092 -0.00099071688675497348 0.0012739852305332369 -0.0023203507400690934 -0.00072403575448940199 0.0010627872930938163 -0.0008092472697853499 0.0014167845636098221 -0.0026157637322193369 0.0016869219435522189 2.9381011886718523e-05 -0.0017498213097507369 0.0015033983442311483 4.5995529582525818e-05 0.0025132421526359392
leaf_weight=114 212 165 104 198 143 191 110 109 146 6510 103 135 188 112
leaf_count=114 212 165 104 198 143 191 110 109 146 6510 103 135 188 112
internal_value=8.65705e-06 2.97802e-05 4.92925e-06 -0.000604135 -0.00036647 -0.000702627 4.25274e-06 -0.00139569 7.52438e-05 0.000106657 7.14264e-05 9.85399e-05 7.06903e-05 0.000967101
internal_weight=8540 8426 8261 855 751 608 301 307 7406 7194 7048 6945 6810 300
internal_count=8540 8426 8261 855 751 608 301 307 7406 7194 7048 6945 6810 300
cat_boundaries=0 1
cat_threshold=134218752
is_linear=0
shrinkage=0.03


Tree=203
num_leaves=15
num_cat=2
split_feature=22 38 37 13 25 36 6 22 30 32 1 22 38 25
split_gain=0.501802 0.615248 0.377997 0.416717 0.400259 0.51602 0.314064 0.326598 0.477016 0.297254 0.343255 0.352553 0.789982 0.442194
threshold=12726.200000000003 2.339954998248738 0 0.50000000000000011 0.57409090909090921 1 2.5000000000000004 6444.0500000000002 104.50000000000001 1.5000000000000002 21.500000000000004 4530.6635000000015 1.7416975083926705 0.43223443223443231
decision_type=2 2 9 2 8 9 2 2 2 2 2 2 2 10
left_child=1 2 3 4 5 -1 7 9 -9 -7 -11 12 13 -12
right_child=-2 -3 -4 -5 -6 6 -8 8 -10 10 11 -13 -14 -15
leaf_value=-0.0015102710304954262 0.0017598401443068672 -0.0023316547735465483 -0.00012666840257372699 0.0019341230580492107 0.0017671520749176358 -0.00085252374487655952 0.001878069503025686 0.00088713037942198284 -0.001067435925165113 -0.00012249281090675448 0.00067003371564598366 0.0024871324970343603 -0.001373841087333858 0.0030003956474580003
leaf_weight=152 142 104 6233 138 141 133 102 164 357 318 212 129 120 112
leaf_count=152 142 104 6233 138 141 133 102 164 357 318 212 129 120 112
internal_value=-8.67851e-06 -3.85216e-05 -9.8264e-06 0.000339619 0.000227946 0.000107307 0.000264158 0.000159318 -0.000452179 0.000470442 0.000667921 0.00110658 0.000705474 0.00147559
internal_weight=8557 8415 8311 2078 1940 1799 1647 1545 521 1024 891 573 444 324
internal_count=8557 8415 8311 2078 1940 1799 1647 1545 521 1024 891 573 444 324
cat_boundaries=0 1 2
cat_threshold=3624670288 32
is_linear=0
shrinkage=0.03


Tree=204
num_leaves=15
num_cat=1
split_feature=27 27 30 21 37 27 24 30 25 14 31 31 21 22
split_gain=0.29806 1.22228 1.75203 0.653166 0.621757 0.568771 0.694206 0.414746 0.354859 0.591349 0.33531 0.49825 0.351388 0.538505
threshold=13.957650462962965 13.999334490740742 80.500000000000014 210.14166666666671 0 11.374618055555556 61.543500000000357 80.500000000000014 0.29772727272727278 1.5000000000000002 1.548166151126823 2.6397879858657247 128.03333333333336 709.25000000000011
decision_type=2 2 2 2 9 2 10 2 10 2 10 10 2 2
left_child=4 2 -2 8 5 -1 -7 -6 9 -3 12 -12 13 -11
right_child=1 3 -4 -5 7 6 -8 -9 -10 10 11 -13 -14 -15
leaf_value=0.00031564555825991896 -0.00027960812371794971 0.0021644548407747672 0.0042383740737247308 -0.0020086061836978295 0.00041697504398335823 -0.00056492910353737988 -0.0034136938176099925 -0.00066705482997815959 -2.9291440474169455e-05 -0.00057332968728599203 0.0021004033427403129 -0.00017346711026689743 -0.0012215501286654226 0.0012155529707951213
leaf_weight=137 155 172 154 137 862 152 156 503 5039 317 188 161 182 290
leaf_count=137 155 172 154 137 862 152 156 503 5039 317 188 161 182 290
internal_value=3.75375e-05 0.000128663 0.00197207 4.08415e-05 -0.000304562 -0.00126409 -0.00200781 1.73847e-05 8.50649e-05 0.000524944 0.000277144 0.00105143 -6.53451e-05 0.000281326
internal_weight=8605 6795 309 6486 1810 445 308 1365 6349 1310 1138 349 789 607
internal_count=8605 6795 309 6486 1810 445 308 1365 6349 1310 1138 349 789 607
cat_boundaries=0 1
cat_threshold=1384122497
is_linear=0
shrinkage=0.03


Tree=205
num_leaves=15
num_cat=2
split_feature=31 38 38 37 1 0 37 32 31 38 38 22 31 28
split_gain=0.774874 0.524342 0.354665 0.710627 0.623723 0.650851 0.792041 1.02139 0.76752 0.591936 0.43423 0.65939 0.514814 0.709338
threshold=0.1106014271151886 2.339954998248738 1.447349696316327 0 19.500000000000004 6.5000000000000009 1 14.500000000000002 2.5201640784751711 1.4034606986642788 1.608949615129972 145.35000000000002 2.7397474403805018 3.0048437500000005
decision_type=8 2 2 9 2 2 9 2 10 2 2 2 8 2
left_child=-1 2 3 -2 5 8 7 -7 -4 -5 11 -6 13 -12
right_child=1 -3 4 9 10 6 -8 -9 -10 -11 12 -13 -14 -15
leaf_value=0.0023531568196995065 -0.0013868025096894483 -0.0020563217344778503 0.002183603040060737 7.3833979245717591e-05 -0.0011211010777324969 -0.0027031041583376785 0.0011398372083065746 0.0011076403782805254 -0.00017146431513538117 -0.0013059152756884976 -0.00081039892599023375 0.00091750238043797371 0.00045777022752229178 0.00080962428165640328
leaf_weight=128 384 110 426 3274 175 155 285 107 176 306 1324 776 706 298
leaf_count=128 384 110 426 3274 175 155 285 107 176 306 1324 776 706 298
internal_value=3.63651e-05 1.48519e-06 2.84584e-05 -0.000177668 0.000212986 0.00081447 6.54266e-05 -0.00110465 0.00149508 -4.39771e-05 2.2186e-06 0.000542365 -0.000218434 -0.000512762
internal_weight=8630 8502 8392 3964 4428 1149 547 262 602 3580 3279 951 2328 1622
internal_count=8630 8502 8392 3964 4428 1149 547 262 602 3580 3279 951 2328 1622
cat_boundaries=0 1 2
cat_threshold=154763906 2283837440
is_linear=0
shrinkage=0.03


Tree=206
num_leaves=15
num_cat=2
split_feature=35 38 22 23 31 37 38 28 24 38 38 31 22 23
split_gain=0.41569 0.624919 0.741129 0.381168 0.387522 0.345053 0.694394 0.34241 0.336227 0.627903 0.678619 0.443924 0.541917 0.394909
threshold=0 2.3040562714157726 11720.000000000002 54.500000000000007 1.2808240993126334 1 1.7653087946622581 27.590653935185188 374.13583333332093 1.5118886484601657 1.6910544634653537 2.1229755687037861 1391.0015000000005 126.50000000000001
decision_type=1 2 2 2 8 9 2 2 10 2 2 8 2 2
left_child=3 2 5 4 -1 6 -2 8 -7 11 -11 -10 -13 -12
right_child=1 -3 -4 -5 -6 7 -8 -9 9 10 13 12 -14 -15
leaf_value=0.0012264731238400073 -0.0012357612463922516 0.0022528451471795553 -0.0022145626225917514 -0.0017845967560672438 -0.0010289914937421536 0.00020269629795229075 0.0012425572418777102 -0.0016426291395648148 0.0014851450524680937 -0.0029951800015359689 -0.0014767252410108104 0.00067820345698776886 -0.0018900392874048684 0.00086475124326534567
leaf_weight=114 444 113 133 223 172 6240 132 100 180 139 141 177 127 120
leaf_count=114 444 113 133 223 172 6240 132 100 180 139 141 177 127 120
internal_value=-1.55047e-05 3.75486e-05 6.04055e-06 -0.000838408 -0.00012996 4.39047e-05 -0.000656417 0.000100514 0.000125124 -0.000422449 -0.00130195 0.000304407 -0.000394714 -0.000400184
internal_weight=8555 8046 7933 509 286 7800 576 7224 7124 884 400 484 304 261
internal_count=8555 8046 7933 509 286 7800 576 7224 7124 884 400 484 304 261
cat_boundaries=0 1 2
cat_threshold=4 1092682649
is_linear=0
shrinkage=0.03


Tree=207
num_leaves=15
num_cat=2
split_feature=31 22 24 37 38 38 22 17 31 37 32 24 1 31
split_gain=0.353527 0.765921 0.438999 0.282522 1.02075 0.881974 0.247652 0.306411 0.490639 0.249148 0.293557 0.408914 0.52785 0.666291
threshold=0.1106014271151886 10314.918 6.2545000000001165 0 1.7249225129664658 2.3040562714157726 9234.8000000000011 2.5000000000000004 1.783196239717979 1 2.5000000000000004 48.29916666666665 12.500000000000002 1.548166151126823
decision_type=8 2 10 9 2 2 2 2 10 9 2 10 2 10
left_child=-1 3 -3 4 -2 6 7 9 -9 -5 11 -11 -13 -14
right_child=1 2 -4 5 -6 -7 -8 8 -10 10 -12 12 13 -15
leaf_value=0.0015313067406043409 -0.00037843941931529895 -0.0032181004303343153 -0.00068056230987580905 -0.00054555661838500801 0.0033627570686861875 -0.0027519056986137808 0.0011770157750211902 -0.00044823381250667623 0.00233498994165604 -0.00016453846335470518 -8.8447052003760702e-05 0.003076678415869965 -0.00052488547392895673 0.0025135501326144774
leaf_weight=125 191 102 154 896 100 108 152 107 122 376 5657 102 182 101
leaf_count=125 191 102 154 896 100 108 152 107 122 376 5657 102 182 101
internal_value=-5.23142e-05 -7.60211e-05 -0.00169161 -2.49225e-05 0.000877056 -5.96079e-05 -2.18988e-05 -4.60582e-05 0.00103453 -7.98913e-05 -1.40092e-05 0.000539151 0.00122639 0.000559503
internal_weight=8475 8350 256 8094 291 7803 7695 7543 229 7314 6418 761 385 283
internal_count=8475 8350 256 8094 291 7803 7695 7543 229 7314 6418 761 385 283
cat_boundaries=0 1 2
cat_threshold=2097412 1662063249
is_linear=0
shrinkage=0.03


Tree=208
num_leaves=15
num_cat=3
split_feature=37 30 31 38 30 1 35 30 19 27 37 1 38 27
split_gain=0.323173 0.330011 0.636217 0.3858 0.25374 0.255342 0.205973 0.456127 0.463426 0.787554 0.419082 0.307458 0.63492 0.504217
threshold=0 2.2500000000000004 0.1106014271151886 2.2758864836952273 24.165000000000003 41.500000000000007 1 22.250000000000004 1.0000000180025095e-35 28.526070601851853 2 28.500000000000004 1.7653087946622581 28.281163194444449
decision_type=9 2 10 2 2 2 1 2 2 2 9 2 2 2
left_child=4 -2 -3 6 5 -1 7 -4 11 -10 -8 12 -9 -14
right_child=1 2 3 -5 -6 -7 10 8 9 -11 -12 -13 13 -15
leaf_value=-0.00041606186556496791 -0.0016559031024566012 0.0023561374268804987 0.0017701297901825319 -0.0014847806491413895 -0.00028158740768915546 -0.0024856035807396021 -0.0010078341183193864 -0.00040100467030123709 -0.0021880600495339446 0.0010849943229232382 2.2687842730671774e-05 0.00047770301825003224 0.0017363256615922289 -0.00075523410102023799
leaf_weight=112 101 108 161 147 1111 103 406 1238 185 103 2433 2031 258 102
leaf_count=112 101 108 161 147 1111 103 406 1238 185 103 2433 2031 258 102
internal_value=-3.18264e-05 4.69291e-05 7.09747e-05 3.60374e-05 -0.000460673 -0.00140752 6.83578e-05 0.000204663 0.000140841 -0.00101749 -0.000127705 0.000232766 -7.85392e-05 0.00103038
internal_weight=8599 7273 7172 7064 1326 215 6917 4078 3917 288 2839 3629 1598 360
internal_count=8599 7273 7172 7064 1326 215 6917 4078 3917 288 2839 3629 1598 360
cat_boundaries=0 1 2 3
cat_threshold=1828810780 14 33557248
is_linear=0
shrinkage=0.03


Tree=209
num_leaves=15
num_cat=1
split_feature=22 30 37 31 30 30 20 31 32 1 31 31 38 0
split_gain=0.579884 0.269646 0.334718 0.318336 0.231616 0.382036 0.284157 0.516874 0.321629 0.288607 0.225589 0.417792 0.486636 0.407425
threshold=12726.200000000003 2.2500000000000004 0 0.35714348202647267 368.50000000000006 327.65000000000003 1.0000000180025095e-35 1.16811088898138 13.500000000000002 40.500000000000007 2.4583729458101327 2.6228785436617055 1.6134496801343488 11.500000000000002
decision_type=2 2 9 8 2 2 2 10 2 2 10 10 2 2
left_child=1 -1 -3 -4 5 6 10 -8 -9 -10 13 12 -12 -5
right_child=-2 2 3 4 -6 -7 7 8 9 -11 11 -13 -14 -15
leaf_value=-0.0013073185994033015 0.0020215474744790379 0.0013047162004817356 0.0012378564703413436 0.0002403564581850698 -0.0014240996259776203 0.0015655737246751135 -0.002617671928976331 0.001207785964344272 -0.0019820189724613062 0.00017302890786370032 -0.00011698219187352113 -8.1863379361508243e-05 -0.0026616258710586969 -0.00051020483292278152
leaf_weight=136 132 174 186 4332 104 138 104 102 104 121 141 1984 130 766
leaf_count=136 132 174 186 4332 104 138 104 102 104 121 141 1984 130 766
internal_value=4.83647e-05 1.78014e-05 3.92916e-05 1.08771e-05 -1.75442e-05 9.21038e-07 -2.68182e-05 -0.000775492 -0.0001896 -0.000823082 1.70658e-05 -0.000232782 -0.00133766 0.000127581
internal_weight=8654 8522 8386 8212 8026 7922 7784 431 327 225 7353 2255 271 5098
internal_count=8654 8522 8386 8212 8026 7922 7784 431 327 225 7353 2255 271 5098
cat_boundaries=0 1
cat_threshold=134217792
is_linear=0
shrinkage=0.03


Tree=210
num_leaves=15
num_cat=1
split_feature=24 27 27 27 38 38 38 7 35 6 24 24 24 38
split_gain=0.331778 0.688292 0.368406 1.88139 1.934 0.623135 0.482794 0.449499 0.448429 0.391686 0.443979 0.617041 0.393266 0.365699
threshold=1.8535000000000084 17.003738425925928 13.957650462962965 13.999334490740742 1.7653087946622581 2.1934073772180778 2.0572099794527676 1.0000000180025095e-35 0 1.5000000000000002 397.60983333333633 249.01249999999391 606.21066666666422 1.7703109813261113
decision_type=8 2 2 2 2 2 2 2 1 2 10 10 10 2
left_child=1 -1 6 4 -4 9 7 8 -2 12 11 -11 -5 -9
right_child=2 -3 3 5 -6 -7 -8 13 -10 10 -12 -13 -14 -15
leaf_value=-0.002346162770512947 0.0012541303686444735 0.00056369163578182438 0.0007647254559193349 -8.4857541149980096e-05 0.0058325860346897995 -0.0017600767050967795 -0.0021250775365297156 -0.00084974448590723105 -0.00032154499784523461 0.00073545575866608307 0.0021095475450848898 -0.0012695278502641279 0.0014048959438329224 0.00083799798750499286
leaf_weight=157 290 137 206 4765 101 171 128 839 351 719 151 171 165 134
leaf_count=157 290 137 206 4765 101 171 128 839 351 719 151 171 165 134
internal_value=-3.01687e-08 -0.00099021 3.55104e-05 0.000140077 0.002432 2.55183e-05 -0.000351603 -0.000210956 0.000405868 7.6655e-05 0.000605423 0.000350229 -3.49976e-05 -0.000617311
internal_weight=8485 294 8191 6449 307 6142 1742 1614 641 5971 1041 890 4930 973
internal_count=8485 294 8191 6449 307 6142 1742 1614 641 5971 1041 890 4930 973
cat_boundaries=0 1
cat_threshold=14
is_linear=0
shrinkage=0.03


Tree=211
num_leaves=15
num_cat=1
split_feature=38 31 21 23 37 38 38 30 21 32 1 38 38 32
split_gain=0.462399 0.350794 0.397938 1.32556 0.326901 1.14356 0.518253 0.428385 0.258645 0.233972 0.230872 0.954843 1.1412 0.823274
threshold=0.79345283360660634 0.057386724977567159 193.00000000000003 16.500000000000004 0 1.7653087946622581 2.3040562714157726 21.250000000000004 156.37500000000003 11.500000000000002 12.500000000000002 1.8165501118779792 1.9567251876940717 1.5000000000000002
decision_type=2 8 2 2 9 2 2 2 2 2 2 2 2 2
left_child=-1 -2 4 -4 5 7 8 -3 10 -10 11 13 -13 -6
right_child=1 2 3 -5 6 -7 -8 -9 9 -11 -12 12 -14 -15
leaf_value=-0.0018439620298063642 -0.0016256073083728553 0.0010822870876206067 -0.0007342820828513349 0.0038519405013385209 0.002758974919700995 0.0032540119794108066 -0.0020380993006641371 -0.0016099487424997443 -0.0011084609668617221 0.00055623289862913739 7.0264014725415213e-05 0.0046715376347769046 0.00045636301428329432 -8.3346563291377543e-05
leaf_weight=107 100 103 122 106 100 131 102 110 275 105 5830 100 137 1107
leaf_count=107 100 103 122 106 100 131 102 110 275 105 5830 100 137 1107
internal_value=0.000115777 0.000140657 0.000161866 0.00139791 0.000127074 0.0010188 8.60983e-05 -0.000308069 0.000114519 -0.00064848 0.000154378 0.000493981 0.00223492 0.00015214
internal_weight=8535 8428 8328 228 8100 344 7756 213 7654 380 7274 1444 237 1207
internal_count=8535 8428 8328 228 8100 344 7756 213 7654 380 7274 1444 237 1207
cat_boundaries=0 1
cat_threshold=3154696
is_linear=0
shrinkage=0.03


Tree=212
num_leaves=15
num_cat=0
split_feature=38 30 31 29 24 6 26 24 27 24 24 24 27 27
split_gain=0.483038 1.05645 0.72321 0.472346 0.327924 0.691187 0.601883 0.379701 0.49225 0.489638 0.366849 0.411405 0.525312 0.623008
threshold=2.2531680947673558 113.50000000000001 0.1799720450492425 5.5000000000000009 374.13583333332093 1.5000000000000002 1.0000000180025095e-35 328.26683333333648 28.270839120370372 306.33566666667008 275.2264999999968 172.41716666666329 29.99902777777778 28.07513888888889
decision_type=2 2 8 2 10 2 10 10 2 10 10 10 2 2
left_child=2 -2 -1 4 7 6 -6 9 -9 10 11 12 13 -4
right_child=1 -3 3 -5 5 -7 -8 8 -10 -11 -12 -13 -14 -15
leaf_value=-0.0021913049008641669 -0.00052463932364279846 0.0036718573596439146 0.00013347108718751792 0.0018106412247685842 -0.00010820691663774483 0.001153417272834367 -0.0018730955951211986 -9.2387002190247856e-05 0.0022832947071786363 -0.0019551782289872299 0.0013602877696084373 -0.00046189439634031557 -0.0014645874145673345 0.002162474845186807
leaf_weight=134 116 101 5015 132 356 172 340 158 156 111 188 1301 179 140
leaf_count=134 116 101 5015 132 356 172 340 158 156 111 188 1301 179 140
internal_value=3.11324e-05 0.00142857 -5.0456e-06 3.04732e-05 1.5202e-06 -0.000549523 -0.000970365 6.75116e-05 0.00108789 2.13048e-05 5.34592e-05 1.64308e-05 0.000133098 0.000188575
internal_weight=8599 217 8382 8248 8116 868 696 7248 314 6934 6823 6635 5334 5155
internal_count=8599 217 8382 8248 8116 868 696 7248 314 6934 6823 6635 5334 5155
is_linear=0
shrinkage=0.03


Tree=213
num_leaves=15
num_cat=2
split_feature=21 37 38 38 36 31 28 38 38 27 24 38 27 31
split_gain=0.602718 0.648039 1.07711 1.03786 0.55311 0.306173 0.300209 0.281569 0.480411 0.583224 0.946484 0.560845 0.709193 1.02399
threshold=226.47500000000005 0 1.7653087946622581 2.3040562714157726 1 0.1799720450492425 27.590653935185188 1.6831209597979404 1.4683473110477221 30.201909722222226 397.60983333333633 1.3440335498122369 13.999890046296299 2.1229755687037861
decision_type=2 9 2 2 9 8 2 2 2 2 10 2 2 10
left_child=1 2 4 5 -1 -3 7 8 11 10 -10 -7 -13 -14
right_child=-2 3 -4 -5 -6 6 -8 -9 9 -11 -12 12 13 -15
leaf_value=-0.00090110425860898211 0.0021701718724990659 -0.0017033088336063323 0.0028061447437281476 -0.0030313590930372072 0.001111520906410078 8.9252809030301972e-05 -0.0016959317574558386 -0.00034494836935704948 0.00061708526311085522 0.0025835222033851763 -0.0020526127447899343 -0.0015294335063880133 0.0013987618454182184 -0.0014758687693219963
leaf_weight=242 109 107 181 111 230 2870 103 2263 1179 114 133 500 249 202
leaf_count=242 109 107 181 111 230 2870 103 2263 1179 114 133 500 249 202
internal_value=-4.6458e-05 -7.49366e-05 0.000825941 -0.00015092 8.40821e-05 -0.0001097 -8.73015e-05 -6.52391e-05 5.53979e-05 0.000525293 0.000346453 -0.000119967 -0.000751368 0.000111233
internal_weight=8593 8484 653 7831 472 7720 7613 7510 5247 1426 1312 3821 951 451
internal_count=8593 8484 653 7831 472 7720 7613 7510 5247 1426 1312 3821 951 451
cat_boundaries=0 1 2
cat_threshold=3933424 4
is_linear=0
shrinkage=0.03


Tree=214
num_leaves=15
num_cat=2
split_feature=27 27 29 31 36 38 30 31 31 22 32 25 37 0
split_gain=0.276159 1.42797 1.28553 0.790557 0.52231 1.12005 0.656964 0.458477 0.673348 0.415147 0.434846 0.409503 0.391841 0.436994
threshold=13.957650462962965 13.999334490740742 1.5000000000000002 7.7898305084745774 0 1.8883952574813831 48.500000000000007 0.98907071189679896 1.0823369463999704 9133.2278750000023 12.500000000000002 0.8801843317972351 1 5.5000000000000009
decision_type=2 2 2 8 9 2 2 10 10 2 2 10 9 2
left_child=3 2 -2 4 6 -6 -1 9 -9 10 -3 -5 -10 -14
right_child=1 7 -4 11 5 -7 -8 8 12 -11 -12 -13 13 -15
leaf_value=0.0024457947982167738 0.00050590293089873659 -0.0006673064165322939 0.0044703952559590841 0.0026274745204163908 -0.00063443799543109016 -0.0039432089326204732 -0.00044700983565611142 0.0018461272561702631 0.0016160861469375399 -0.0024487582745496184 0.0013212055652859689 6.471168668151407e-05 0.00043754611551975682 -0.00021035879348234502
leaf_weight=103 193 851 119 107 1162 100 225 182 120 102 112 118 1240 3833
leaf_count=103 193 851 119 107 1162 100 225 182 120 102 112 118 1240 3833
internal_value=-5.24272e-05 3.58825e-05 0.002018 -0.000380949 -0.000616477 -0.000889574 0.00044775 -6.01456e-05 5.25281e-05 -0.000628804 -0.000436036 0.00128345 -1.03325e-05 -5.18883e-05
internal_weight=8567 6752 312 1815 1590 1262 328 6440 5375 1065 963 225 5193 5073
internal_count=8567 6752 312 1815 1590 1262 328 6440 5375 1065 963 225 5193 5073
cat_boundaries=0 1 2
cat_threshold=3 1208483842
is_linear=0
shrinkage=0.03


Tree=215
num_leaves=15
num_cat=2
split_feature=31 38 37 0 31 21 31 31 38 27 36 21 24 26
split_gain=0.465559 0.823508 0.516719 0.511437 0.434524 0.385109 0.413673 0.48332 0.410273 0.377085 0.461393 0.564703 0.371134 0.757146
threshold=2.4757543249946594 2.2531680947673558 0 11.500000000000002 2.4004002287021158 53.500000000000007 2.2583927231807954 2.1736188001355781 1.608949615129972 30.036024305555561 1 85.791666666666686 267.78216666666566 1.0000000180025095e-35
decision_type=10 2 9 2 10 2 10 10 2 2 9 2 10 10
left_child=1 2 3 -1 5 -4 7 8 12 10 11 -10 -7 -14
right_child=-2 -3 4 -5 -6 6 -8 -9 9 -11 -12 -13 13 -15
leaf_value=-0.00010657712639130922 -0.00030676773245505266 0.0022989713731803928 0.00068307965429386145 -0.0015858048621996143 0.0022104360055959882 9.88907885700837e-05 -0.0013368480353600826 0.0018572172883099744 -0.00092152611433050111 0.0011152311492742611 -0.0012632849671156145 0.0015600384796200784 0.0023440801239007019 -0.00034912043394904366
leaf_weight=965 2576 160 1190 269 101 1643 182 140 185 119 490 149 210 170
leaf_count=965 2576 160 1190 269 101 1643 182 140 185 119 490 149 210 170
internal_value=3.03443e-05 0.000175732 0.000117291 -0.000425586 0.000263944 0.000220631 5.32608e-05 0.000134716 5.34111e-05 -0.000463379 -0.000691358 0.000180126 0.000294307 0.00113923
internal_weight=8549 5973 5813 1234 4579 4478 3288 3106 2966 943 824 334 2023 380
internal_count=8549 5973 5813 1234 4579 4478 3288 3106 2966 943 824 334 2023 380
cat_boundaries=0 1 2
cat_threshold=405651497 19
is_linear=0
shrinkage=0.03


Tree=216
num_leaves=15
num_cat=1
split_feature=38 31 0 27 38 38 37 28 0 23 31 31 27 38
split_gain=0.596773 1.01074 0.280512 0.365453 0.307122 0.498256 0.254289 0.602821 0.34776 0.311195 0.44173 0.909403 0.803967 0.549418
threshold=2.3859345902999922 0.1106014271151886 3.5000000000000004 6.9994560185185195 1.3476281916892809 1.7249225129664658 0 1.8669155092592595 14.500000000000002 139.50000000000003 1.7497993579454256 1.8868934128790211 29.99902777777778 1.4639659727593786
decision_type=2 8 2 2 2 2 9 2 2 2 10 10 2 2
left_child=1 -1 4 -4 -3 -6 7 -5 9 10 12 -12 -8 -13
right_child=-2 2 3 6 5 -7 8 -9 -10 -11 11 13 -14 -15
leaf_value=-0.0028514873314447499 0.0022469742244509892 0.00032729940719482508 0.0018027448550694517 0.00011586223234075755 -0.0025388478332024531 0.00012910036370158195 0.00017602218989773942 -0.00095030249332252875 -0.00081727159073523661 -0.00017932842861083961 0.0023665667381748312 -9.6722535445989996e-05 -0.002322098387427808 0.00094326967807050388
leaf_weight=111 107 153 108 1469 144 112 1785 707 315 1383 244 926 124 903
leaf_count=111 107 153 108 1469 144 112 1785 707 315 1383 244 926 124 903
internal_value=2.05267e-05 -7.55322e-06 3.01485e-05 6.94992e-05 -0.000736083 -0.00137162 4.56715e-05 -0.000229489 0.000151223 0.000208369 0.000343021 0.000646237 1.37556e-05 0.000416735
internal_weight=8591 8484 8373 7964 409 256 7856 2176 5680 5365 3982 2073 1909 1829
internal_count=8591 8484 8373 7964 409 256 7856 2176 5680 5365 3982 2073 1909 1829
cat_boundaries=0 1
cat_threshold=3877667680
is_linear=0
shrinkage=0.03


Tree=217
num_leaves=15
num_cat=1
split_feature=31 21 37 1 0 21 31 31 22 31 32 32 27 23
split_gain=0.707233 0.465883 0.437336 0.695692 0.511796 0.688302 0.376279 0.389194 0.374336 0.357294 0.321715 0.309825 0.285514 0.334774
threshold=0.1106014271151886 210.14166666666671 0 64.500000000000014 5.5000000000000009 13.833333333333334 5.1020956475013444 4.1843694096601078 1382.0940000000001 6.3930205949656758 1.0000000180025095e-35 1.5000000000000002 12.999849537037038 153.50000000000003
decision_type=8 2 9 2 2 2 8 10 2 8 2 2 2 2
left_child=-1 2 3 4 -2 -6 7 10 -9 -8 -4 -5 -11 -14
right_child=1 -3 6 11 5 -7 9 8 -10 12 -12 -13 13 -15
leaf_value=0.0022247714456887198 0.001924346411409222 -0.0018228289273381233 0.0012957235051610397 0.00086722038403552553 -0.0016919105437955295 0.00084833173833885665 -0.001670344664816461 -6.9987144595823995e-05 0.0022405647444640742 0.0011739461551940834 -5.3865718918267609e-05 0.0030620361962030791 -0.0011273064169198101 0.00081833687158079313
leaf_weight=130 107 125 163 105 192 192 230 117 137 102 6427 129 295 109
leaf_count=130 107 125 163 105 192 192 230 117 137 102 6427 129 295 109
internal_value=2.88959e-05 -4.96696e-06 2.2394e-05 0.000721087 8.94866e-05 -0.000421789 -4.5325e-05 2.393e-05 0.00117626 -0.000689937 -2.04844e-05 0.00207718 -0.000244297 -0.000602368
internal_weight=8560 8430 8305 725 491 384 7580 6844 254 736 6590 234 506 404
internal_count=8560 8430 8305 725 491 384 7580 6844 254 736 6590 234 506 404
cat_boundaries=0 1
cat_threshold=136589524
is_linear=0
shrinkage=0.03


Tree=218
num_leaves=15
num_cat=2
split_feature=38 22 24 27 24 32 37 30 31 24 36 2 38 32
split_gain=0.441063 0.472051 0.306426 0.660354 0.401128 0.265578 0.642366 0.417838 0.492997 0.494009 0.452721 0.262924 0.305322 0.36003
threshold=2.3040562714157726 11720.000000000002 7.486666666665756 17.003738425925928 1.8535000000000084 2.5000000000000004 0 105.50000000000001 1.1800279787006078 102.23433333333175 1 1.0000000180025095e-35 1.8015843603746649 19.500000000000004
decision_type=2 2 8 2 10 2 9 2 10 10 9 2 2 2
left_child=1 2 3 4 -1 6 -4 8 9 -8 -10 -7 13 -13
right_child=-2 -3 5 -5 -6 11 7 -9 10 -11 -12 12 -14 -15
leaf_value=-0.002728250176605323 0.0015440290386733763 -0.0018218543633286442 -0.00038388294195829071 0.0014410156714064735 -0.00063846458021024383 7.0298885089833981e-05 -0.00013484005492636584 -0.00056219573201397887 0.0034054992965675056 0.0021713141636791988 0.00059795353330869595 0.00024950752317944941 -0.0019125862577793135 -0.0011953779142037182
leaf_weight=115 170 126 470 105 294 5794 241 122 144 128 103 436 119 241
leaf_count=115 170 126 470 105 294 5794 241 122 144 128 103 436 119 241
internal_value=3.11094e-05 6.28647e-07 2.82553e-05 -0.000681227 -0.00122606 7.50204e-05 0.000483937 0.00102789 0.00135949 0.000665127 0.00239682 6.26978e-08 -0.000511179 -0.000264846
internal_weight=8608 8438 8312 514 409 7798 1208 738 616 369 247 6590 796 677
internal_count=8608 8438 8312 514 409 7798 1208 738 616 369 247 6590 796 677
cat_boundaries=0 1 2
cat_threshold=1644171923 35
is_linear=0
shrinkage=0.03


Tree=219
num_leaves=15
num_cat=3
split_feature=38 35 1 32 27 32 23 30 37 32 37 30 38 27
split_gain=0.284747 1.39168 1.52073 0.53983 0.56652 0.688583 0.503804 0.362185 0.514869 0.440171 0.443305 0.413172 0.327662 0.339707
threshold=1.9347492405578874 0 42.500000000000007 17.500000000000004 13.999496527777781 3.5000000000000004 66.500000000000014 30.165000000000003 1 19.500000000000004 2 253.72500000000002 1.6008082641471413 7.9994907407407414
decision_type=2 1 2 2 2 2 2 2 9 2 9 2 2 2
left_child=7 2 -2 4 5 -3 -6 8 -1 10 -9 -11 13 -10
right_child=1 3 -4 -5 6 -7 -8 9 12 11 -12 -13 -14 -15
leaf_value=-0.0013242277186102857 0.0036962662621960042 -0.0020756598783639043 -0.00032039234815535813 0.00052431280559469607 -0.00080106906476430596 0.001410906445607543 -0.0030724289977414878 -0.00016352615606715585 -0.0017931171323014598 5.1332331777540156e-05 0.00048958159589591139 -0.00084646857222033163 0.0015800558665690454 7.4643674269185133e-05
leaf_weight=398 125 104 264 124 132 100 263 1367 106 1380 2943 693 103 506
leaf_count=398 125 104 264 124 132 100 263 1367 106 1380 2943 693 103 506
internal_value=-4.31167e-05 -0.0004911 0.000945989 -0.00125996 -0.00165036 -0.000366559 -0.00231339 2.33398e-05 -0.000476047 0.000110417 0.000283192 -0.000248801 1.44069e-05 -0.000248857
internal_weight=8608 1112 389 723 599 204 395 7496 1113 6383 4310 2073 715 612
internal_count=8608 1112 389 723 599 204 395 7496 1113 6383 4310 2073 715 612
cat_boundaries=0 1 2 3
cat_threshold=3 418467852 1948287015
is_linear=0
shrinkage=0.03


Tree=220
num_leaves=15
num_cat=2
split_feature=21 38 32 24 24 25 24 38 19 24 38 37 37 26
split_gain=0.411815 0.542483 0.356817 0.714934 0.40986 0.416426 0.332207 0.281659 0.284715 0.398196 0.35542 0.799946 0.555773 0.56449
threshold=261.66666666666669 2.339954998248738 19.500000000000004 573.08966666666458 573.08966666666458 0.40833333333333338 474.78833333333142 0.87431041420967437 1.0000000180025095e-35 244.63599999999747 1.6831209597979404 0 1 0.03509852216748769
decision_type=2 2 2 10 10 10 10 2 2 8 2 9 9 10
left_child=1 2 3 7 5 -4 -7 -1 10 -10 11 -9 -12 -14
right_child=-2 -3 4 -5 -6 6 -8 8 9 -11 12 -13 13 -15
leaf_value=-0.0012167163100620987 0.0018515961917517619 -0.0021338673505104252 -0.001373510428491127 0.0021888567364717624 -0.0019999923449640551 -0.00016958307424567615 0.0015177110109444972 -0.00072981719084253363 2.8789130358823706e-05 -0.0023368278246990747 0.001216129818382389 0.00051370423858255933 -0.0010305071874117829 6.6226974044879191e-05
leaf_weight=149 107 108 249 147 124 1685 112 540 175 101 222 3083 677 1123
leaf_count=149 107 108 249 147 124 1685 112 540 175 101 222 3083 677 1123
internal_value=2.06176e-06 -2.12343e-05 5.9702e-06 0.000121576 -0.000325238 -0.000223738 -6.44206e-05 7.15119e-05 0.00010393 -0.00083689 0.000149929 0.000327764 -0.000168713 -0.000344354
internal_weight=8602 8495 8387 6217 2170 2046 1797 6070 5921 276 5645 3623 2022 1800
internal_count=8602 8495 8387 6217 2170 2046 1797 6070 5921 276 5645 3623 2022 1800
cat_boundaries=0 1 2
cat_threshold=1077448718 2670720
is_linear=0
shrinkage=0.03


Tree=221
num_leaves=15
num_cat=2
split_feature=21 38 31 31 37 27 22 27 26 5 35 30 30 32
split_gain=0.382584 0.326415 0.252687 0.463194 0.235881 0.473893 0.586496 0.504396 0.897043 0.291063 0.343172 0.266615 0.372716 0.420603
threshold=261.66666666666669 2.2758864836952273 0.1799720450492425 0.40720431576072119 0 13.999438657407408 1650.9240000000002 13.884450231481482 1.0000000180025095e-35 0.56350000000000011 1 30.165000000000003 39.500000000000007 3.5000000000000004
decision_type=2 2 8 8 9 2 2 2 10 2 1 2 2 2
left_child=1 2 -1 -4 5 7 -7 -5 -9 11 -11 -6 13 -13
right_child=-2 -3 3 4 9 6 -8 8 -10 10 -12 12 -14 -15
leaf_value=-0.0013508887584542943 0.001797098298692732 -0.0014437127772870719 0.001459018926243516 -6.5278813126496969e-05 -0.00064851783615878255 -0.00030405320910057495 0.0019420573472617314 0.00050898455861426572 0.0033813894167850841 -0.00015838132886769802 -0.0022930949083881593 -0.00016352849030443052 -5.9742203373149943e-05 0.0025236280255848459
leaf_weight=126 103 147 192 312 657 1160 115 278 151 175 109 101 4843 109
leaf_count=126 103 147 192 312 657 1160 115 278 151 175 109 101 4843 109
internal_value=-2.02701e-05 -4.23573e-05 -1.76216e-05 2.86022e-06 -3.2044e-05 0.000247954 -0.000101463 0.000852524 0.00152002 -0.00012642 -0.00106401 -8.00085e-05 -6.08993e-06 0.00123123
internal_weight=8578 8475 8328 8202 8010 2016 1275 741 429 5994 284 5710 5053 210
internal_count=8578 8475 8328 8202 8010 2016 1275 741 429 5994 284 5710 5053 210
cat_boundaries=0 1 2
cat_threshold=14426160 12
is_linear=0
shrinkage=0.03


Tree=222
num_leaves=15
num_cat=2
split_feature=31 22 23 17 17 22 30 35 37 28 23 29 25 25
split_gain=0.624086 0.360779 0.303579 0.316871 0.279408 0.230383 0.258122 0.242923 0.540702 0.459753 0.404103 0.555219 0.255474 0.451668
threshold=0.1106014271151886 10353.798000000001 7.5000000000000009 3.5000000000000004 1.0000000180025095e-35 8792.1860000000015 136.50000000000003 0 1 3.3059606481481487 134.50000000000003 1.0000000180025095e-35 0.19000000000000003 0.11000000000000001
decision_type=8 2 2 2 2 2 2 1 9 2 2 2 10 8
left_child=-1 2 -2 5 -3 7 -7 8 10 -10 11 -4 13 -9
right_child=1 4 3 -5 -6 6 -8 12 9 -11 -12 -13 -14 -15
leaf_value=0.0021736770698560339 0.0016499426382948496 -0.0021438665507594124 -0.00026470391571127989 0.0015846635930839988 -3.537869379011409e-05 6.246746627912494e-05 0.0020696523272233465 -0.0013849250073221945 0.00067558271787129343 0.0031052277774030628 -0.0017322166031873269 0.0016935102860092723 -0.000141886748712335 0.00078673266153545017
leaf_weight=124 107 120 502 118 107 131 103 101 215 104 108 176 5937 588
leaf_count=124 107 120 502 118 107 131 103 101 215 104 108 176 5937 588
internal_value=6.08838e-05 2.9758e-05 6.24569e-05 4.14423e-05 -0.00115 1.85798e-05 0.000945972 -9.49026e-06 0.000400261 0.00142308 -2.75163e-05 0.000243623 -7.83093e-05 0.000468391
internal_weight=8541 8417 8190 8083 227 7965 234 7731 1105 319 786 678 6626 689
internal_count=8541 8417 8190 8083 227 7965 234 7731 1105 319 786 678 6626 689
cat_boundaries=0 1 2
cat_threshold=2 884998145
is_linear=0
shrinkage=0.03


Tree=223
num_leaves=15
num_cat=2
split_feature=27 27 22 38 37 21 33 37 23 38 38 1 23 23
split_gain=0.409721 1.97196 1.80269 0.869482 0.481591 0.436066 0.51556 0.350063 0.444058 0.677832 0.570084 0.62843 0.368744 0.338128
threshold=13.958015046296298 13.999322916666669 12726.200000000003 2.0369260964617228 0 27.166666666666668 1.0000000180025095e-35 1 80.500000000000014 2.09881313774458 2.1934073772180778 3.5000000000000004 87.500000000000014 132.50000000000003
decision_type=2 2 2 2 9 2 2 9 2 2 2 2 2 2
left_child=3 -2 7 4 -1 6 -6 -3 9 -9 11 13 -13 -10
right_child=1 2 -4 -5 5 -7 -8 8 10 -11 -12 12 -14 -15
leaf_value=-0.0010039146316836453 0.0031336617691609401 -0.00093283020915346402 -0.0038592308518450909 -0.0026613115418766594 0.00013331839923130641 -0.00031780674981421832 0.0023900794994551689 0.00028979908329651013 0.00033397337846227188 0.0027050839370082415 -0.0020841190567629972 -0.0015208647102391455 -8.3169331911581067e-05 0.002670542772563005
leaf_weight=515 184 301 108 145 276 821 136 2576 113 109 129 170 2891 110
leaf_count=515 184 301 108 145 276 821 136 2576 113 109 129 170 2891 110
internal_value=-3.92937e-05 7.09492e-05 -1.56559e-05 -0.000428958 -0.00024378 8.11966e-05 0.000878269 4.92146e-05 9.90561e-05 0.00038785 -0.000127847 -5.10021e-05 -0.000163015 0.00148654
internal_weight=8584 6691 6507 1893 1748 1233 412 6399 6098 2685 3413 3284 3061 223
internal_count=8584 6691 6507 1893 1748 1233 412 6399 6098 2685 3413 3284 3061 223
cat_boundaries=0 1 2
cat_threshold=1116211618 553992201
is_linear=0
shrinkage=0.03


Tree=224
num_leaves=15
num_cat=1
split_feature=0 31 38 38 28 22 1 26 37 31 38 26 38 21
split_gain=0.570528 0.514039 0.458537 0.444642 0.380501 0.720749 0.664558 0.454831 0.33793 0.378942 0.322561 0.365856 0.332493 0.457732
threshold=13.500000000000002 0.1106014271151886 0.79345283360660634 2.339954998248738 15.448998842592594 1046.2500000000002 47.500000000000007 1.0000000180025095e-35 0 1.9179829084725484 2.1110801447168477 0.05634920634920635 1.9411166716780264 35.500000000000007
decision_type=2 8 2 2 2 2 2 10 9 8 2 10 2 2
left_child=1 -1 -3 4 10 -6 7 -7 -2 -10 12 -12 -4 -14
right_child=8 2 3 -5 5 6 -8 -9 9 -11 11 -13 13 -15
leaf_value=0.0021984580219449362 -0.00010058546580506858 -0.0018863188030405179 0.00018909824302444894 -0.0018202605956328024 -0.0026518733790538633 0.0022415959049831144 -0.0014400393117972908 -0.00018577588644323192 -0.0026872250748473615 -0.00057833004661812153 0.00038226026276102202 0.0025341084793157804 0.00098600770035127709 -0.0011045628513866247
leaf_weight=102 281 108 6126 109 124 120 194 165 149 158 212 107 124 393
leaf_count=102 281 108 6126 109 124 120 194 165 149 158 212 107 124 393
internal_value=1.53427e-05 8.25757e-05 5.48425e-05 8.21614e-05 0.000109572 -0.000613369 -8.56558e-05 0.000836275 -0.000886128 -0.00155133 0.000172189 0.00110404 0.000127441 -0.000603149
internal_weight=8472 7884 7782 7674 7565 603 479 285 588 307 6962 319 6643 517
internal_count=8472 7884 7782 7674 7565 603 479 285 588 307 6962 319 6643 517
cat_boundaries=0 1
cat_threshold=2731016320
is_linear=0
shrinkage=0.03


Tree=225
num_leaves=15
num_cat=1
split_feature=30 21 1 17 31 37 32 27 30 34 32 30 30 21
split_gain=0.294618 0.605077 0.907484 0.413143 0.314453 0.465174 0.379913 0.346822 0.325617 0.522989 0.243169 0.202634 0.29778 1.08261
threshold=368.50000000000006 193.00000000000003 36.500000000000007 3.5000000000000004 1.0133141338059373 0 6.5000000000000009 15.402251157407409 30.165000000000003 1.0000000180025095e-35 1.5000000000000002 327.65000000000003 223.82500000000002 121.89166666666668
decision_type=2 2 2 2 8 9 2 2 2 2 2 2 2 2
left_child=1 3 -3 4 5 -1 8 -8 10 -10 -7 12 13 -6
right_child=-2 2 -4 -5 11 6 7 -9 9 -11 -12 -13 -14 -15
leaf_value=-0.0011795804713582076 -0.0012895099514742092 0.0037280192463425921 -0.0002840654517623406 0.0017890260563165482 7.8777054735209659e-05 0.00062265893344936717 -0.00012736873300228682 -0.0021668181946987043 0.0023609100224212835 -0.00025479825245216484 -0.00098712743207478543 0.0012624499108286871 -0.00031598127005646792 0.0021145575172454023
leaf_weight=452 145 100 103 119 4880 165 216 115 153 125 173 131 1406 247
leaf_count=452 145 100 103 119 4880 165 216 115 153 125 173 131 1406 247
internal_value=5.12275e-05 7.44126e-05 0.00169233 3.42711e-05 8.37309e-06 -0.00040052 -1.60508e-05 -0.000835939 0.000424245 0.00118478 -0.000201285 9.42135e-05 7.0788e-05 0.000176853
internal_weight=8530 8385 203 8182 8063 1399 947 331 616 278 338 6664 6533 5127
internal_count=8530 8385 203 8182 8063 1399 947 331 616 278 338 6664 6533 5127
cat_boundaries=0 1
cat_threshold=479723522
is_linear=0
shrinkage=0.03


Tree=226
num_leaves=15
num_cat=2
split_feature=38 37 21 27 32 0 24 0 35 38 32 21 38 31
split_gain=0.986469 0.411055 0.361767 0.274703 0.460045 0.380511 0.217926 0.555027 0.450541 0.591321 0.413157 0.400387 0.314234 0.312649
threshold=2.3040562714157726 0 208.16666666666671 30.570040509259261 16.500000000000004 6.5000000000000009 23.301333333334192 5.5000000000000009 1 1.8943204502563533 4.5000000000000009 27.166666666666668 1.6831209597979404 1.2808240993126334
decision_type=2 9 2 2 2 2 8 2 1 2 2 2 2 10
left_child=1 -1 3 6 -5 -6 7 -3 9 10 11 -9 13 -12
right_child=-2 2 -4 4 5 -7 -8 8 -10 -11 12 -13 -14 -15
leaf_value=0.0014510537099505943 0.0024167129854155574 0.0013095764795599397 -0.0014222991039111676 -0.002094372699885591 0.001460181591147557 -0.00091342847680132226 0.00012037764960231223 -0.00080777697646616223 -0.0020339045469141143 0.0014686485025408079 -0.0020017500126758882 0.0014144589140253861 -0.0027716809377422336 6.7949881281463369e-05
leaf_weight=166 157 159 161 146 100 155 6530 168 155 140 114 129 101 155
leaf_count=166 157 159 161 146 100 155 6530 168 155 140 114 129 101 155
internal_value=6.06765e-05 1.65307e-05 -1.42132e-05 1.39239e-05 -0.000751475 1.7399e-05 5.40396e-05 -0.00033239 -0.000603775 -0.000300168 -0.000675935 0.000157437 -0.00134488 -0.000809172
internal_weight=8536 8379 8213 8052 401 255 7651 1121 962 807 667 297 370 269
internal_count=8536 8379 8213 8052 401 255 7651 1121 962 807 667 297 370 269
cat_boundaries=0 1 2
cat_threshold=134218752 11
is_linear=0
shrinkage=0.03


Tree=227
num_leaves=15
num_cat=2
split_feature=22 0 37 25 22 33 38 24 37 6 22 27 27 32
split_gain=0.533764 0.303163 0.335768 0.592653 0.83154 0.614095 0.492573 0.33627 0.25806 0.228934 0.328134 0.326017 0.437845 0.400323
threshold=10928.000000000002 14.500000000000002 0 0.19000000000000003 280.4500000000001 1.0000000180025095e-35 2.3040562714157726 770.65416666668386 1 1.5000000000000002 69.750000000000014 22.041406250000005 13.999380787037039 23.500000000000004
decision_type=2 2 9 10 2 2 2 10 9 2 2 2 2 2
left_child=1 2 3 -1 5 -5 7 9 -3 -4 -11 12 -12 -13
right_child=-2 8 6 4 -6 -7 -8 -9 -10 10 11 13 -14 -15
leaf_value=0.0026361124098841699 0.001624257061335017 -0.0014469453912413766 -3.7494743835693002e-05 -0.00010144975682081611 -0.001950205231299372 0.0026131073227178489 -0.0020076910496822425 0.0017638176160263241 4.3993783912002176e-05 -0.00095702670514583585 -7.8658794945323074e-05 -0.00067117672661123299 0.0016119012176992787 0.0013594957369302088
leaf_weight=124 197 211 5987 172 111 133 105 103 206 137 208 285 409 126
leaf_count=124 197 211 5987 172 111 133 105 103 206 137 208 285 409 126
internal_value=8.08545e-05 4.42968e-05 8.591e-05 0.000800907 0.000273128 0.00108228 3.23188e-05 6.1888e-05 -0.000744058 3.73775e-05 0.00042215 0.000605951 0.00104199 -4.86348e-05
internal_weight=8514 8317 7900 540 416 305 7360 7255 417 7152 1165 1028 617 411
internal_count=8514 8317 7900 540 416 305 7360 7255 417 7152 1165 1028 617 411
cat_boundaries=0 1 2
cat_threshold=20718948 812124160
is_linear=0
shrinkage=0.03


Tree=228
num_leaves=15
num_cat=0
split_feature=38 30 30 31 28 28 38 29 25 38 38 30 1 31
split_gain=0.60657 0.528048 0.419811 0.381374 0.314569 0.488192 0.749105 0.216925 0.820585 0.813543 0.575749 0.560472 0.493878 0.461158
threshold=2.3040562714157726 368.50000000000006 327.65000000000003 0.19843228538575877 15.448998842592594 18.654953703703708 1.3194820866368053 2.5000000000000004 0.4497297297297298 1.5514152153029361 1.4683473110477221 249.05000000000004 80.500000000000014 2.4177913468856578
decision_type=2 2 2 8 2 2 2 2 8 2 2 2 2 8
left_child=1 2 3 -1 7 -6 -7 -5 -9 10 11 13 -11 -10
right_child=-2 -3 -4 4 5 6 -8 8 9 12 -12 -13 -14 -15
leaf_value=-0.0013731683875646506 0.0018227794609231756 -0.0018915912995158923 0.0016302844793535769 1.2987531472228739e-05 -0.0019645274014073308 0.001379356295200002 -0.0013090219311606215 0.001229101436406915 7.4517490653572288e-05 -0.001231800766991531 0.0027499782590611468 -0.00091806334483882654 0.0008775508849911632 0.0023758840923962582
leaf_weight=171 173 127 150 5429 171 178 196 673 178 514 103 207 124 140
leaf_count=171 173 127 150 5429 171 178 196 673 178 514 103 207 124 140
internal_value=6.44861e-05 2.81047e-05 5.77138e-05 2.85345e-05 5.88253e-05 -0.000636655 -2.95264e-05 0.000110269 0.000382647 -6.73244e-05 0.000699198 0.000296855 -0.000821833 0.0010877
internal_weight=8534 8361 8234 8084 7913 545 374 7368 1939 1266 628 525 638 318
internal_count=8534 8361 8234 8084 7913 545 374 7368 1939 1266 628 525 638 318
is_linear=0
shrinkage=0.03


Tree=229
num_leaves=15
num_cat=1
split_feature=37 31 21 38 25 31 31 28 28 24 28 30 14 25
split_gain=0.34296 0.631737 0.460649 0.371976 0.29411 0.28831 0.608623 0.334275 0.684824 0.347141 0.238052 0.354725 0.551092 0.551864
threshold=0 0.32402189519023694 190.00000000000003 2.1934073772180778 0.11000000000000001 0.71691003666217534 0.98907071189679896 3.0048437500000005 7.0819502314814828 42.613166666669429 0.89800347222222232 53.500000000000007 2.5000000000000004 0.53518821603927991
decision_type=9 8 2 2 10 8 8 2 2 10 2 2 2 10
left_child=1 -1 3 4 -2 -3 -7 10 -9 -10 11 12 13 -8
right_child=2 5 -4 -5 -6 6 7 8 9 -11 -12 -13 -14 -15
leaf_value=-0.00261594785661954 0.0016007324066194663 0.00084483874092256884 0.0017701803779978627 -0.0013746568894878561 2.8038791013703213e-05 -0.0018084433059005114 0.00034627588035366611 0.0022015826114595159 0.0007890934704837566 -0.0014395797990248288 -0.001688852418163212 -0.00076126994891987688 0.0015290011479449806 -0.0022733867058279708
leaf_weight=108 109 192 138 168 5891 234 238 148 121 131 119 637 201 104
leaf_count=108 109 192 138 168 5891 234 238 148 121 131 119 637 201 104
internal_value=-5.7425e-05 -0.000375993 5.58896e-05 1.76255e-05 5.66094e-05 -0.000263919 -0.00037405 -0.000176493 0.000581824 -0.000369463 -0.000410001 -0.000281032 0.00028234 -0.000450347
internal_weight=8539 2233 6306 6168 6000 2125 1933 1699 400 252 1299 1180 543 342
internal_count=8539 2233 6306 6168 6000 2125 1933 1699 400 252 1299 1180 543 342
cat_boundaries=0 1
cat_threshold=1638768890
is_linear=0
shrinkage=0.03


Tree=230
num_leaves=15
num_cat=4
split_feature=28 38 31 33 28 37 24 37 35 25 36 5 30 31
split_gain=0.351406 1.00794 0.843671 0.624401 0.517362 0.514154 0.513667 0.437796 0.561394 0.743756 0.741359 0.394099 0.550883 0.489193
threshold=3.5639699074074076 1.4723210051369719 0.1799720450492425 1.0000000180025095e-35 10.284861111111114 0 573.08966666666458 1 2 0.30384615384615393 3 0.23305000000000003 51.050000000000004 1.4083069847657375
decision_type=2 2 8 2 2 9 10 9 1 8 9 2 2 8
left_child=2 -2 -1 5 -5 -3 7 8 11 10 -10 12 -4 -14
right_child=1 3 6 4 -6 -7 -8 -9 9 -11 -12 -13 13 -15
leaf_value=-0.002752905151544091 -0.00023467216566841915 0.0024648740063171969 0.001165529558031367 0.0039358493889681987 0.00088420681668212634 0.00028298758247514982 0.0016424193085862605 -9.7706679390585906e-05 0.00091199524354819645 -0.003789484338508974 -0.0019022803494541005 0.001429878732522997 -0.0029977994539774956 -0.00018764289428613014
leaf_weight=117 2007 102 109 100 100 806 136 4318 126 106 226 118 100 126
leaf_count=117 2007 102 109 100 100 806 136 4318 126 106 226 118 100 126
internal_value=-8.81516e-05 0.000166293 -0.000232733 0.00089259 0.00241003 0.000558352 -0.000177773 -0.000225114 -0.000818943 -0.00155255 -0.000923031 -5.9729e-05 -0.00058621 -0.00143108
internal_weight=8597 3115 5482 1108 200 908 5365 5229 911 458 352 453 335 226
internal_count=8597 3115 5482 1108 200 908 5365 5229 911 458 352 453 335 226
cat_boundaries=0 1 2 3 4
cat_threshold=8388608 27262997 3 7
is_linear=0
shrinkage=0.03


Tree=231
num_leaves=15
num_cat=2
split_feature=38 29 22 37 30 30 38 1 30 38 38 38 37 25
split_gain=0.830085 1.70079 0.469487 0.272577 0.356084 0.475403 0.535621 0.836218 0.487428 0.467987 0.587919 0.814772 0.530506 0.528947
threshold=2.2273705780388373 2.5000000000000004 10353.798000000001 0 222.10000000000002 240.05000000000004 1.4999559192937546 33.500000000000007 253.72500000000002 1.9347492405578874 1.4812644985131724 1.5079842509713071 1 0.53923076923076929
decision_type=2 2 2 9 2 2 2 2 2 2 2 2 9 10
left_child=2 -2 3 -1 9 6 7 -6 -7 10 12 -12 -5 -13
right_child=1 -3 -4 4 5 8 -8 -9 -10 -11 11 13 -14 -15
leaf_value=-0.00025659806354977978 0.0042649963465519252 -0.00082929139555399788 -0.001490420823746011 -0.0002859390917112068 -0.0021775771043652178 0.0012966096960008143 -0.0025952561634476293 0.0016092909606762239 -0.00027416981099587348 -0.0010784025891199197 0.0033856332833723472 0.001035418908621396 0.00060324067123174716 -0.00051346434491279065
leaf_weight=2648 120 116 197 1435 103 219 150 107 945 219 108 799 1028 264
leaf_count=2648 120 116 197 1435 103 219 150 107 945 219 108 799 1028 264
internal_value=6.8147e-06 0.00176102 -4.35372e-05 -8.01871e-06 0.000114663 -0.000273306 -0.00122607 -0.000248078 2.13634e-05 0.000268416 0.00034958 0.000902983 8.64725e-05 0.000650748
internal_weight=8458 236 8222 8025 5377 1524 360 210 1164 3853 3634 1171 2463 1063
internal_count=8458 236 8222 8025 5377 1524 360 210 1164 3853 3634 1171 2463 1063
cat_boundaries=0 1 2
cat_threshold=2106135241 40943874
is_linear=0
shrinkage=0.03


Tree=232
num_leaves=15
num_cat=0
split_feature=21 38 31 30 1 30 5 38 22 7 24 23 24 23
split_gain=0.493978 0.394951 0.732102 0.312872 0.261832 0.244235 0.478586 0.595602 0.500084 0.444527 0.457617 0.420718 0.449849 0.703056
threshold=226.47500000000005 2.1934073772180778 1.9937957151507582 11.250000000000002 28.500000000000004 62.500000000000007 0.38195000000000007 1.5444014859239641 37.300000000000011 1.0000000180025095e-35 35.969500000001332 67.500000000000014 28.479666666670241 26.500000000000004
decision_type=2 2 10 2 2 2 2 2 2 2 10 2 10 2
left_child=1 3 -3 4 -1 6 7 11 -9 -10 -11 12 -5 -14
right_child=-2 2 -4 5 -6 -7 -8 8 9 10 -12 -13 13 -15
leaf_value=-0.0019442656271589488 0.0019174655930172385 0.00019036415612743216 -0.0029749411007999873 -0.00052021708243853409 -0.00036695843610642703 -0.00010190094290073883 -0.00091830112530260515 0.0028393611766573952 -9.3216838866553976e-05 0.0029329654877624056 0.0005586315116162823 -0.001089392163567474 -0.00020446124900305363 0.0022996135137927178
leaf_weight=130 112 147 119 302 349 5795 256 127 282 127 172 244 208 196
leaf_count=130 112 147 119 302 349 5795 256 127 282 127 172 244 208 196
internal_value=-6.18189e-05 -8.80408e-05 -0.00122569 -5.10823e-05 -0.000795038 -4.85654e-06 0.000288964 0.000475369 0.00113402 0.000761246 0.00156713 -1.54957e-05 0.000355653 0.00101039
internal_weight=8566 8454 266 8188 479 7709 1914 1658 708 581 299 950 706 404
internal_count=8566 8454 266 8188 479 7709 1914 1658 708 581 299 950 706 404
is_linear=0
shrinkage=0.03


Tree=233
num_leaves=15
num_cat=3
split_feature=27 27 31 37 38 30 31 35 35 24 24 30 30 30
split_gain=0.575223 3.48622 0.812959 0.625597 0.564953 0.365633 0.361028 0.381358 0.348642 0.285045 0.447018 0.385519 0.435638 0.486579
threshold=13.970746527777779 13.999322916666669 0.19843228538575877 0 1.9984360442806604 49.500000000000007 0.48064734522197577 1 2 263.3524999999924 283.30766666666727 360.75000000000006 309.12500000000006 223.82500000000002
decision_type=2 2 8 9 2 2 10 1 1 10 10 2 2 2
left_child=3 -2 -3 4 5 -1 7 -5 -8 11 -11 12 13 -4
right_child=1 2 9 6 -6 -7 8 -9 -10 10 -12 -13 -14 -15
leaf_value=-0.0019947460508316847 0.0047315109387682875 -0.0025204511688536272 3.7344673393313204e-05 0.0019077699703326369 -0.003419995319071369 -0.00011076369137654816 0.00037470327653158506 -0.00035533327476254528 -0.00075033385435378536 0.0021485063716761388 0.00023304275353934294 -0.0018863634421889272 0.0015939596589615054 -0.00080427819774892364
leaf_weight=163 142 115 3810 128 104 215 351 130 809 119 1396 105 141 738
leaf_count=163 142 115 3810 128 104 215 351 130 809 119 1396 105 141 738
internal_value=-5.10204e-05 8.20025e-05 -2.0773e-05 -0.00051072 -0.00143219 -0.000923169 -0.000186085 0.000827619 -0.000413151 2.47909e-05 0.000383498 -8.85678e-05 -4.831e-05 -9.92247e-05
internal_weight=8466 6566 6424 1900 482 378 1418 258 1160 6309 1515 4794 4689 4548
internal_count=8466 6566 6424 1900 482 378 1418 258 1160 6309 1515 4794 4689 4548
cat_boundaries=0 1 2 3
cat_threshold=1352143232 13 18
is_linear=0
shrinkage=0.03


Tree=234
num_leaves=15
num_cat=2
split_feature=35 38 31 23 23 31 0 32 27 37 38 5 0 22
split_gain=0.210158 0.877672 0.389392 0.601325 0.849445 0.481406 0.329853 0.523118 0.444005 0.311395 0.35513 0.197311 0.345803 0.672482
threshold=0 2.339954998248738 0.52163962311029577 88.500000000000014 15.500000000000002 0.40720431576072119 7.5000000000000009 5.5000000000000009 13.999438657407408 1 1.4854949544554223 0.18465000000000001 9.5000000000000018 1080.2500000000002
decision_type=1 2 8 2 2 10 2 2 2 9 2 2 2 2
left_child=6 2 3 4 -2 -6 7 -1 -8 10 -4 -11 -13 -14
right_child=1 -3 9 -5 5 -7 8 -9 -10 11 -12 12 13 -15
leaf_value=-0.002405237264387457 -0.0024820114234214243 0.002774053182288566 -3.5487358443478635e-05 -0.0024417849837051588 0.00167653104181826 -0.00084323040246473324 0.0017364020202087589 5.4822512086232289e-05 -0.0010008979599905638 0.00010393107844822709 0.002097529881459195 -0.00044987869381604294 -0.00061061552451708559 0.0013119611990299413
leaf_weight=164 106 102 141 147 170 114 101 148 113 4692 140 1753 325 330
leaf_count=164 106 102 141 147 170 114 101 148 113 4692 140 1753 325 330
internal_value=-2.9501e-05 8.96074e-06 -2.6648e-05 -0.000806617 -0.000190285 0.000665078 -0.000604608 -0.00123829 0.000291005 3.00982e-05 0.000991926 -9.3524e-06 -0.000230125 0.000358011
internal_weight=8546 8020 7918 537 390 284 526 312 214 7381 281 7100 2408 655
internal_count=8546 8020 7918 537 390 284 526 312 214 7381 281 7100 2408 655
cat_boundaries=0 1 2
cat_threshold=4 135790660
is_linear=0
shrinkage=0.03


Tree=235
num_leaves=15
num_cat=2
split_feature=31 38 38 26 31 24 25 38 24 37 24 37 38 28
split_gain=0.259616 0.437009 0.271332 0.418923 0.274959 0.222484 0.274275 0.237501 0.240471 0.544999 0.460554 0.627096 0.434408 0.40101
threshold=0.1106014271151886 2.339954998248738 2.1110801447168477 0.05634920634920635 2.1326743243938995 20.675166666667213 0.19000000000000003 2.0302225641137794 120.45833333333286 0 100.57766666666519 1 1.2998300822452145 15.785370370370371
decision_type=8 2 2 10 8 8 10 2 10 9 10 9 2 2
left_child=-1 2 5 4 -4 6 -2 8 10 12 13 -12 -10 -7
right_child=1 -3 3 -5 -6 7 -8 -9 9 -11 11 -13 -14 -15
leaf_value=0.0013465692527418912 0.00063258862394102646 -0.0018302185169588295 -0.00087148471110966058 0.0022697541542947876 0.001185057250867513 0.000222383423148602 -0.00064805067061840006 -0.0010040236391911381 0.00025971586967105087 4.1896257012256685e-05 0.0029085365742360959 -2.8603771462331755e-05 -0.0017669006297682686 -0.0015622623698880612
leaf_weight=129 182 117 125 120 110 2855 870 190 141 3031 123 138 293 118
leaf_count=129 182 117 125 120 110 2855 870 190 141 3031 123 138 293 118
internal_value=1.09354e-05 -9.54446e-06 1.61328e-05 0.000827581 9.1152e-05 -2.01427e-05 -0.000426495 4.19103e-05 7.15755e-05 -0.000102071 0.000257625 0.00146591 -0.00108352 0.00015155
internal_weight=8542 8413 8296 355 235 7941 1052 6889 6699 3465 3234 261 434 2973
internal_count=8542 8413 8296 355 235 7941 1052 6889 6699 3465 3234 261 434 2973
cat_boundaries=0 1 2
cat_threshold=2424340512 2415921152
is_linear=0
shrinkage=0.03


Tree=236
num_leaves=15
num_cat=0
split_feature=24 27 31 28 22 31 38 31 29 32 38 0 30 38
split_gain=0.289913 0.499373 0.320038 3.06492 0.305584 0.325062 0.29358 0.310402 0.254355 0.252167 0.35649 0.429978 0.24813 0.446627
threshold=7.486666666665756 17.003738425925928 0.35714348202647267 1.8669155092592595 288.4500000000001 1.647753185781355 2.1934073772180778 1.7370912872960502 5.5000000000000009 27.500000000000004 1.0457345155797275 5.5000000000000009 62.500000000000007 1.5308141584993853
decision_type=8 2 8 2 2 10 2 8 2 2 2 2 2 2
left_child=1 4 3 -2 5 -1 8 -8 9 12 -11 -12 13 -4
right_child=2 -3 6 -5 -6 -7 7 -9 -10 10 11 -13 -14 -15
leaf_value=0.00045022993248036437 -0.0012895201835281542 0.00084172380104888787 -0.0002059556604579611 0.0051932488085899876 -0.002081213416973282 -0.001749515697827468 8.0549811678273331e-05 -0.0021240545591929795 0.0013047830609890121 0.0016691514202025965 -0.0014110189731175967 0.00059088205383886819 -0.00023408072713686364 0.00076320395437889552
leaf_weight=139 191 139 1075 100 202 107 105 127 124 171 129 384 4822 711
leaf_count=139 191 139 1075 100 202 107 105 127 124 171 129 384 4822 711
internal_value=-8.58197e-05 -0.000729168 -3.82513e-05 0.000938235 -0.00121657 -0.00050657 -7.54058e-05 -0.00112628 -4.25305e-05 -6.54415e-05 0.000482898 8.748e-05 -0.000122201 0.000179863
internal_weight=8526 587 7939 291 448 246 7648 232 7416 7292 684 513 6608 1786
internal_count=8526 587 7939 291 448 246 7648 232 7416 7292 684 513 6608 1786
is_linear=0
shrinkage=0.03


Tree=237
num_leaves=15
num_cat=2
split_feature=38 23 38 37 25 30 38 32 38 37 1 30 1 21
split_gain=0.322735 3.66549 0.303208 0.224538 0.371079 0.291494 0.289962 0.428925 0.401854 0.369549 0.506675 0.56961 0.60941 0.539045
threshold=2.2273705780388373 105.50000000000001 2.1614926562617698 0 0.68090909090909102 12.250000000000002 1.2392392294998618 27.500000000000004 1.0457345155797275 1 47.500000000000007 88.500000000000014 94.500000000000014 37.416666666666679
decision_type=2 2 2 9 8 2 2 2 2 9 2 2 2 2
left_child=2 -2 3 4 6 -5 7 -1 -9 -8 -11 12 -12 -13
right_child=1 -3 -4 5 -6 -7 9 8 -10 10 11 13 -14 -15
leaf_value=-0.00052947720518829722 0.0040037123474082155 -0.0032766806061912436 -0.0014984665514056045 -0.001471879176044416 0.0015318249792537907 -0.00012826957755873592 0.0018440266390193681 0.0017552352340939679 -0.00053829811676405371 0.00045677451227223983 -0.0019011460070183814 0.001818412054248305 0.00029607815959025173 -0.00011121725922751242
leaf_weight=1170 155 104 119 155 165 2327 112 161 120 2310 308 148 180 1089
leaf_count=1170 155 104 119 155 165 2327 112 161 120 2310 308 148 180 1089
internal_value=3.73407e-05 0.00108031 5.04408e-06 2.67442e-05 0.000129418 -0.000211326 8.83136e-05 -0.0002767 0.00077579 0.000216029 0.000165859 -0.000222753 -0.00109069 0.000119652
internal_weight=8623 259 8364 8245 5763 2482 5598 1451 281 4147 4035 1725 488 1237
internal_count=8623 259 8364 8245 5763 2482 5598 1451 281 4147 4035 1725 488 1237
cat_boundaries=0 1 2
cat_threshold=450890899 33554560
is_linear=0
shrinkage=0.03


Tree=238
num_leaves=15
num_cat=2
split_feature=30 30 35 28 28 23 38 38 38 29 37 30 31 1
split_gain=0.484598 0.444007 0.355418 0.36872 0.387727 0.337611 2.3652 1.88699 0.735625 0.598565 0.74952 0.525453 0.506517 0.465216
threshold=223.82500000000002 217.50000000000003 0 21.930173611111112 12.696579861111113 105.50000000000001 2.2758864836952273 2.1794420196782527 1.6831209597979404 3.5000000000000004 1 121.50000000000001 3.5964306480092683 90.500000000000014
decision_type=2 2 1 2 2 2 2 2 2 2 9 2 10 2
left_child=1 5 -2 4 -4 6 9 8 12 10 -1 -11 13 -7
right_child=2 -3 3 -5 -6 7 -8 -9 -10 11 -12 -13 -14 -15
leaf_value=-0.00092608150670524237 0.00087795145784250704 0.0019193596238619647 -0.00050331500999369874 0.00067894020552216087 -0.0017149775899154601 0.00057665680527159945 0.0047270785780199392 -0.003919898419687139 -0.00080696043372741001 -4.367206706929038e-05 0.00016579892257550852 0.0027693824903881449 0.0022305733291603457 -0.0014792844847611644
leaf_weight=646 155 118 1130 181 301 591 101 121 620 106 4106 137 136 119
leaf_count=646 155 118 1130 181 301 591 101 121 620 106 4106 137 136 119
internal_value=-1.98512e-05 9.51505e-05 -0.000462481 -0.000593136 -0.000758179 6.29409e-05 0.000181933 -0.000319153 -2.19565e-05 9.0029e-05 1.57658e-05 0.00154229 0.000553342 0.000232069
internal_weight=8568 6801 1767 1612 1431 6683 5096 1587 1466 4995 4752 243 846 710
internal_count=8568 6801 1767 1612 1431 6683 5096 1587 1466 4995 4752 243 846 710
cat_boundaries=0 1 2
cat_threshold=6 134285828
is_linear=0
shrinkage=0.03


Tree=239
num_leaves=15
num_cat=4
split_feature=30 30 24 31 37 32 31 36 31 35 37 30 32 23
split_gain=0.34873 0.354892 0.282378 0.734149 0.311246 1.02484 0.234957 0.701911 0.339159 0.690313 0.259245 0.558202 0.52302 0.457264
threshold=368.50000000000006 327.65000000000003 2.6950000000000736 1.2508030341587599 0 4.5000000000000009 5.1020956475013444 1 4.1843694096601078 2 3 12.250000000000002 1.0000000180025095e-35 105.50000000000001
decision_type=2 2 8 8 9 2 10 9 10 1 9 2 2 2
left_child=1 2 3 -1 5 -4 8 -8 10 -10 12 -12 -6 -13
right_child=-2 -3 4 -5 6 -7 7 -9 9 -11 11 13 -14 -15
leaf_value=-0.0027581814685178436 -0.0014477677983516942 0.001467415353511491 0.0031697128926799424 0.00048203377687981984 0.0018153054333902943 -0.0008888449078517009 0.00026158298966670016 -0.0019745983057689138 0.0026177130636353871 -0.00058833413474523454 -0.0024557419421741269 0.00010681934787131564 5.7678753924266583e-05 -0.0010627037314224247
leaf_weight=115 147 151 113 139 157 111 324 197 121 111 103 1233 5170 398
leaf_count=115 147 151 113 139 157 111 324 197 121 111 103 1233 5170 398
internal_value=8.68121e-07 2.60901e-05 -1.56861e-07 -0.000984993 3.09639e-05 0.00110904 -1.35842e-06 -0.000616839 4.26086e-05 0.00117126 5.52512e-06 -0.000312035 0.000109275 -0.00017857
internal_weight=8590 8443 8292 254 8038 224 7814 521 7293 232 7061 1734 5327 1631
internal_count=8590 8443 8292 254 8038 224 7814 521 7293 232 7061 1734 5327 1631
cat_boundaries=0 1 2 3 4
cat_threshold=153355264 17 28 3267406726
is_linear=0
shrinkage=0.03


Tree=240
num_leaves=15
num_cat=0
split_feature=27 27 38 38 25 27 24 25 30 30 30 26 38 32
split_gain=0.366008 1.70857 0.673417 0.4397 0.310955 0.437523 0.371487 0.310921 0.388868 0.816589 0.363768 0.352328 0.309652 0.519155
threshold=13.958015046296298 13.999322916666669 2.2758864836952273 0.9820507447378336 0.30384615384615393 8.9101967592592608 34.54950000000013 0.29772727272727278 198.60000000000002 130.50000000000003 53.500000000000007 0.067972350230414758 2.0659085907662513 10.500000000000002
decision_type=2 2 2 2 8 2 8 10 2 2 2 8 2 2
left_child=3 -2 7 -1 5 -5 -6 8 9 10 11 -3 -9 -14
right_child=1 2 -4 4 6 -7 -8 12 -10 -11 -12 -13 13 -15
leaf_value=0.0013604521063899232 0.0029439666950202082 0.0005193580395881208 -0.0020567894987548693 0.00084395786860766691 0.0010940026037506098 -0.0011330838111999989 -0.00037339967096606863 -4.030965325953312e-05 -0.00073090313523504374 0.0027279322279938232 -0.00011150707167941818 0.0024957804005370354 -0.00021442070794784319 0.0025928469161597004
leaf_weight=131 192 276 131 117 197 725 733 4838 185 161 518 115 130 109
leaf_count=131 192 276 131 117 197 725 733 4838 185 161 518 115 130 109
internal_value=5.01752e-05 0.000155087 7.22366e-05 -0.000316714 -0.000440703 -0.000858364 -6.25628e-05 0.000116283 0.000539105 0.000758686 0.000409898 0.00110066 1.17643e-05 0.00106588
internal_weight=8558 6655 6463 1903 1772 842 930 6332 1255 1070 909 391 5077 239
internal_count=8558 6655 6463 1903 1772 842 930 6332 1255 1070 909 391 5077 239
is_linear=0
shrinkage=0.03


Tree=241
num_leaves=15
num_cat=0
split_feature=38 21 22 24 24 24 24 21 5 26 21 13 38 32
split_gain=0.387414 0.27325 0.263584 0.243533 0.242065 0.31683 0.275559 0.231486 0.370249 0.739835 0.452461 1.06467 0.505573 0.315235
threshold=2.3040562714157726 208.16666666666671 10820.35 2.6950000000000736 5.7378333333335476 7.486666666665756 10.720666666667677 117.96666666666668 0.23305000000000003 0.039230769230769243 150.85000000000002 1.0000000180025095e-35 1.3706552137364028 27.500000000000004
decision_type=2 2 2 8 8 8 8 2 2 10 2 2 2 2
left_child=1 2 3 -1 -5 -6 -7 13 10 -10 12 -12 -9 -8
right_child=-2 -3 -4 4 5 6 7 8 9 -11 11 -13 -14 -15
leaf_value=-0.0011492585854830394 0.0013919609393924475 -0.0013033151651553091 0.0013983684435940327 0.0012109302734922376 -0.0016126079248910969 0.0011361860110524244 -8.844636550658931e-05 -0.00026714667527474135 0.0015938309819517249 -0.0011364759748246061 -0.0019170808826497385 0.0012801754188122572 -0.0026187629899624915 0.000661345879039879
leaf_weight=192 160 166 108 131 121 168 5884 137 187 171 172 206 206 552
leaf_count=192 160 166 108 131 121 168 5884 137 187 171 172 206 206 552
internal_value=-7.0391e-05 -9.8242e-05 -7.39503e-05 -9.3516e-05 -6.79706e-05 -8.94386e-05 -6.54501e-05 -9.2313e-05 -0.000498959 0.00028969 -0.000890549 -0.000174661 -0.00167949 -2.41385e-05
internal_weight=8561 8401 8235 8127 7935 7804 7683 7515 1079 358 721 378 343 6436
internal_count=8561 8401 8235 8127 7935 7804 7683 7515 1079 358 721 378 343 6436
is_linear=0
shrinkage=0.03


Tree=242
num_leaves=15
num_cat=3
split_feature=21 32 37 25 0 38 32 22 23 37 37 21 0 5
split_gain=0.600217 0.262813 0.214696 0.248476 0.566314 0.303848 0.514575 0.415289 0.568451 0.658879 0.44421 0.483184 0.39387 0.391142
threshold=261.66666666666669 36.500000000000007 0 0.28285714285714292 4.5000000000000009 1.2278585956801857 27.500000000000004 280.4500000000001 67.500000000000014 1 2 23.500000000000004 7.5000000000000009 0.23305000000000003
decision_type=2 2 9 10 2 2 2 2 2 9 9 2 2 2
left_child=1 2 -1 4 -4 6 -5 8 9 -7 -9 -12 -10 -11
right_child=-2 -3 3 5 -6 7 -8 10 12 13 11 -13 -14 -15
leaf_value=-0.00052030741843180853 0.0023260198328644037 -0.0012358243246712991 0.001580778254514658 -0.00064234544657138654 0.00013645399054280246 0.0033219215813416825 0.00084838943881726254 -0.0015024687551156422 -0.0016579882255639913 0.001308858404149728 0.0017577591137302553 -5.724650127103814e-05 0.00052960121199605666 -0.00072588707034164379
leaf_weight=623 100 155 285 1305 1712 105 248 172 121 286 138 3040 191 121
leaf_count=623 100 155 285 1305 1712 105 248 172 121 286 138 3040 191 121
internal_value=1.53589e-05 -1.1819e-05 1.09102e-05 5.43603e-05 0.000342579 -4.60466e-05 -0.000404289 8.72428e-05 0.000690606 0.00130571 -6.11665e-05 2.14998e-05 -0.000318791 0.000687053
internal_weight=8602 8502 8347 7724 1997 5727 1553 4174 824 512 3350 3178 312 407
internal_count=8602 8502 8347 7724 1997 5727 1553 4174 824 512 3350 3178 312 407
cat_boundaries=0 1 2 3
cat_threshold=1627726417 39849984 2150105120
is_linear=0
shrinkage=0.03


Tree=243
num_leaves=15
num_cat=1
split_feature=21 31 31 37 31 33 31 23 5 21 32 22 31 38
split_gain=0.726325 0.271547 0.282877 0.497514 0.466764 0.34639 0.817022 0.587919 0.342872 0.39517 0.450573 0.374366 0.357746 0.345778
threshold=226.47500000000005 0.1799720450492425 2.4757543249946594 0 2.5647058434165593 1.0000000180025095e-35 3.4211241418764309 78.500000000000014 0.31010000000000004 90.416666666666671 20.500000000000004 1448.9137500000002 4.3931656155744454 1.4963792246677974
decision_type=2 8 10 9 10 2 10 2 2 2 2 2 10 2
left_child=1 -1 -3 4 -4 7 -7 -6 9 10 13 -12 -10 -9
right_child=-2 2 3 -5 5 6 -8 8 12 -11 11 -13 -14 -15
leaf_value=-0.0014047810673992348 0.0024944176998934167 0.00011083740564184106 -0.0018463564461342536 -0.00083399298561244299 0.0017740695804179189 -0.00086992639764325646 0.002246289643557118 -0.0014127824116868021 -0.00018236402759975101 0.0010814472096515946 -0.00053198325961571313 -0.0025752424756845375 0.0019738966742038934 0.00043762345775582884
leaf_weight=127 104 5737 111 896 141 123 197 136 193 111 145 182 108 274
leaf_count=127 104 5737 111 896 141 123 197 136 193 111 145 182 108 274
internal_value=2.55901e-06 -2.79979e-05 -7.06765e-06 -0.00026554 3.50551e-05 0.000164985 0.00104849 -5.418e-05 -0.000278534 -0.000587288 -0.000838618 -0.00166921 0.000591311 -0.00017617
internal_weight=8585 8481 8354 2617 1721 1610 320 1290 1149 848 737 327 301 410
internal_count=8585 8481 8354 2617 1721 1610 320 1290 1149 848 737 327 301 410
cat_boundaries=0 1
cat_threshold=1478494240
is_linear=0
shrinkage=0.03


Tree=244
num_leaves=15
num_cat=0
split_feature=31 38 28 28 28 32 28 2 31 22 22 24 31 30
split_gain=0.657797 0.46332 0.397462 0.282568 0.272063 0.467476 0.338985 0.267181 0.369073 0.374275 0.430261 0.387549 0.328982 0.269368
threshold=0.1106014271151886 2.339954998248738 27.590653935185188 21.930173611111112 15.448998842592594 16.500000000000004 18.654953703703708 1.0000000180025095e-35 1.1585652028159574 1391.0015000000005 2683.2500000000005 157.05049999999582 2.2152717697949975 102.50000000000001
decision_type=8 2 2 2 2 2 2 2 10 2 2 10 10 2
left_child=-1 2 3 4 7 -6 -7 -2 -9 11 -11 13 -12 -10
right_child=1 -3 -4 -5 5 6 -8 8 9 10 12 -13 -14 -15
leaf_value=0.0020812815003228022 4.5757263803024634e-05 -0.0019851606358823022 -0.0018676065299304252 0.0011364651074663875 0.00042856218753378674 -0.0030126156232283601 -0.00058454583562426987 0.00061579804213063132 -0.00034170963610085893 -0.0029444926061228775 -0.0018742784968099923 -0.0015716133639944018 0.00034270554691263032 0.0014083690415509756
leaf_weight=128 6615 114 108 181 145 103 104 222 200 121 119 132 122 131
leaf_count=128 6615 114 108 181 145 103 104 222 200 121 119 132 122 131
internal_value=-5.31628e-05 -8.5622e-05 -5.95413e-05 -3.57133e-05 -6.21875e-05 -0.000877701 -0.00179272 -2.4722e-05 -0.000470013 -0.000762195 -0.00148484 -0.000197189 -0.000751988 0.00035092
internal_weight=8545 8417 8303 8195 8014 352 207 7662 1047 825 362 463 241 331
internal_count=8545 8417 8303 8195 8014 352 207 7662 1047 825 362 463 241 331
is_linear=0
shrinkage=0.03


Tree=245
num_leaves=15
num_cat=1
split_feature=25 21 31 31 30 24 31 37 30 23 24 38 21 24
split_gain=0.242116 0.414755 0.309438 0.314025 0.319049 0.308913 0.241608 0.74828 0.383169 1.07973 0.853445 0.892724 0.733516 0.385099
threshold=0.62481481481481493 56.833333333333336 9.0326086956521756 5.1020956475013444 333.55000000000007 77.847333333332799 1.548166151126823 0 130.50000000000003 104.50000000000001 182.81433333333351 1.6008082641471413 182.54166666666669 141.45299999999978
decision_type=8 2 8 10 2 8 10 9 2 2 10 2 2 10
left_child=2 5 3 4 6 -2 8 -8 12 10 11 -10 13 -1
right_child=1 -3 -4 -5 -6 -7 7 -9 9 -11 -12 -13 -14 -15
leaf_value=-0.00043687043440524735 0.0015171108678498837 0.0021001084119184163 0.0011870900325228586 -0.0009784093928790101 -0.0012449809655197251 -4.5463618146805242e-05 0.0026166538339473205 0.00011628154209086908 -0.00019158966535178477 0.0029693514811584636 -0.0016526985795379345 0.0031703563739596359 -0.0028211061310167737 0.00050608544130198256
leaf_weight=1807 140 127 189 309 181 610 101 3770 240 126 203 101 103 497
leaf_count=1807 140 127 189 309 181 610 101 3770 240 126 203 101 103 497
internal_value=4.26211e-05 0.000514682 -1.16595e-05 -4.21197e-05 -1.53712e-06 0.000246217 3.08554e-05 0.00018858 -0.000167569 0.000466963 -0.000112635 0.000804177 -0.000344194 -0.000233464
internal_weight=8504 877 7627 7438 7129 750 6948 3871 3077 670 544 341 2407 2304
internal_count=8504 877 7627 7438 7129 750 6948 3871 3077 670 544 341 2407 2304
cat_boundaries=0 1
cat_threshold=136314888
is_linear=0
shrinkage=0.03


Tree=246
num_leaves=15
num_cat=1
split_feature=21 38 38 21 32 0 28 28 28 28 32 10 32 37
split_gain=0.484032 0.808002 0.324126 0.591205 0.475943 0.257397 0.601605 0.217336 0.269834 0.257768 0.544202 0.249385 0.302428 0.229136
threshold=226.47500000000005 2.339954998248738 2.0791859265889521 86.391666666666694 2.5000000000000004 3.5000000000000004 1.6597569444444447 21.930173611111112 26.983998842592595 15.448998842592594 17.500000000000004 1.0000000180025095e-35 28.500000000000004 0
decision_type=2 2 2 2 2 2 2 2 2 2 2 2 2 9
left_child=1 2 5 4 -4 6 -1 9 -9 11 -11 -7 13 -13
right_child=-2 -3 3 -5 -6 7 -8 8 -10 10 -12 12 -14 -15
leaf_value=-0.0017893994000270619 0.0018781856318528297 -0.0026433861079924511 0.0016357914724037983 0.0023383735753215694 -0.00095598086244453109 -0.00099901192533698949 0.00060818513680715113 0.0016578343716805407 -0.00027295919328217247 0.00056085872945615522 -0.0019672432652539339 0.00030744478292157157 0.00078236944473613756 -0.0001232275495651232
leaf_weight=229 120 106 100 147 176 220 160 152 114 134 179 1427 446 4905
leaf_count=229 120 106 100 147 176 220 160 152 114 134 179 1427 446 4905
internal_value=-1.38167e-05 -4.05431e-05 -7.65461e-06 0.000801578 -1.69329e-05 -5.06254e-05 -0.000803246 -1.19862e-05 0.000830351 -4.26334e-05 -0.000884925 -4.96015e-06 2.73047e-05 -2.58789e-05
internal_weight=8615 8495 8389 423 276 7966 389 7577 266 7311 313 6998 6778 6332
internal_count=8615 8495 8389 423 276 7966 389 7577 266 7311 313 6998 6778 6332
cat_boundaries=0 1
cat_threshold=42759524
is_linear=0
shrinkage=0.03


Tree=247
num_leaves=15
num_cat=0
split_feature=38 31 38 22 21 30 32 21 30 5 24 21 30 38
split_gain=0.473585 1.01429 0.988545 0.462185 0.553135 0.551155 0.641966 0.493556 0.430405 0.444402 0.404042 0.372511 0.329395 0.277875
threshold=1.8321703111839736 0.1799720450492425 2.339954998248738 241.53750000000002 87.725000000000009 197.10000000000002 5.5000000000000009 78.833333333333357 74.250000000000014 0.13810000000000003 343.21749999999776 62.500000000000007 2.2500000000000004 1.7315725214194628
decision_type=2 10 2 2 2 2 2 2 2 2 10 2 2 2
left_child=12 -2 3 -3 7 6 -6 8 -5 11 -7 -10 -1 -14
right_child=1 2 -4 4 5 10 -8 -9 9 -11 -12 -13 13 -15
leaf_value=-0.0017489009223614646 0.0033169226807213442 0.0020385364491556741 -0.0025823105195803301 -0.0010710475158955477 0.0016989978678757325 0.0010048264422885223 -0.0012537279813566145 -0.0017960995045802051 -0.00094641211397943081 0.0017117920226943461 0.0034212291635307441 0.0012864758114197424 -5.1076203631666884e-05 -0.00069110728500857365
leaf_weight=113 102 145 105 196 120 149 148 148 187 193 107 105 6052 679
leaf_count=113 102 145 105 196 120 149 148 148 187 193 107 105 6052 679
internal_value=-3.11595e-05 0.000416199 0.000231624 0.000428862 0.000256354 0.00101931 6.83881e-05 -0.0002259 0.000115347 0.000594797 0.00201481 -0.00014349 -0.000142607 -0.00011564
internal_weight=8549 1705 1603 1498 1353 524 268 829 681 485 256 292 6844 6731
internal_count=8549 1705 1603 1498 1353 524 268 829 681 485 256 292 6844 6731
is_linear=0
shrinkage=0.03


Tree=248
num_leaves=15
num_cat=1
split_feature=37 23 5 21 21 17 7 28 27 25 25 23 7 27
split_gain=0.383404 0.418785 0.429322 0.39768 0.243509 0.372897 0.338964 0.695721 0.599472 0.334242 0.370062 0.413865 0.294175 0.311289
threshold=0 15.500000000000002 0.10265000000000002 208.16666666666671 120.70833333333334 2.5000000000000004 1.5000000000000002 7.7874305555555567 13.499554398148151 0.3418750000000001 0.32916666666666672 134.50000000000003 1.5000000000000002 28.241336805555559
decision_type=9 2 2 2 2 2 2 2 2 10 8 2 2 2
left_child=1 2 -1 4 5 6 9 8 -8 10 11 -2 13 -6
right_child=3 -3 -4 -5 12 -7 7 -9 -10 -11 -12 -13 -14 -15
leaf_value=-0.0026616006971434537 -2.8527638310424055e-05 -0.00029165849618311188 -0.00023627171357235821 0.0017963255002784232 -0.00058753777492623555 0.0013125066506154554 -0.00039717230580704792 -0.0012567823250511927 0.0020377178606716278 -0.00023679770741589994 0.0016762666825837057 0.0016904835979451706 -0.0014960128543828263 0.00065184316602356451
leaf_weight=155 1353 942 114 108 611 199 132 126 293 3744 154 139 199 260
leaf_count=155 1353 942 114 108 611 199 132 126 293 3744 154 139 199 260
internal_value=-9.28623e-05 -0.000584951 -0.00163377 -1.06164e-05 -3.76977e-05 3.50835e-05 -7.70513e-06 0.000701035 0.00128147 -8.0157e-05 0.000276139 0.000131622 -0.000455339 -0.000217573
internal_weight=8529 1211 269 7318 7210 6140 5941 551 425 5390 1646 1492 1070 871
internal_count=8529 1211 269 7318 7210 6140 5941 551 425 5390 1646 1492 1070 871
cat_boundaries=0 1
cat_threshold=52515501
is_linear=0
shrinkage=0.03


Tree=249
num_leaves=15
num_cat=3
split_feature=31 22 0 22 0 31 30 37 36 31 37 28 7 31
split_gain=0.288071 0.341738 0.328209 0.280947 0.216802 0.42856 0.405508 0.610308 0.47017 0.362195 0.36924 0.300677 0.305197 0.208071
threshold=0.1106014271151886 10085.200000000003 8.5000000000000018 9234.8000000000011 11.500000000000002 3.8737525032687317 220.07500000000002 0 1 5.1020956475013444 2 1.8198611111111114 1.0000000180025095e-35 3.6569070953420728
decision_type=8 2 2 2 2 10 2 9 9 10 9 2 2 10
left_child=-1 3 -3 4 9 6 7 -6 11 10 -2 12 -9 -12
right_child=1 2 -4 -5 5 -7 -8 8 -10 -11 13 -13 -14 -15
leaf_value=0.0014390011883985538 0.0017553752033199997 -0.00016576420596370903 -0.0022433704532196989 0.0015238859758094842 -0.0015860052489195253 0.001188012833187643 -0.0021735582034283826 -0.00094734372191417667 0.0014678664402236698 -0.00062924083574039831 7.8794105541596897e-05 -0.0014326594720856141 0.00093115758215624493 0.00075921707732827754
leaf_weight=130 118 169 115 115 244 143 124 130 168 571 5765 154 194 435
leaf_count=130 118 169 115 115 244 143 124 130 168 571 5765 154 194 435
internal_value=3.75363e-05 1.59626e-05 -0.00100705 5.1563e-05 3.05194e-05 -0.000349473 -0.000566298 -0.000342365 0.000149605 9.43386e-05 0.000159733 -0.000334303 0.000177438 0.00012633
internal_weight=8575 8445 284 8161 8046 1157 1014 890 646 6889 6318 478 324 6200
internal_count=8575 8445 284 8161 8046 1157 1014 890 646 6889 6318 478 324 6200
cat_boundaries=0 1 2 3
cat_threshold=271597696 21 2097168
is_linear=0
shrinkage=0.03


Tree=250
num_leaves=15
num_cat=5
split_feature=21 37 25 1 35 23 37 1 1 36 0 32 29 37
split_gain=0.413369 0.343083 0.740522 0.308663 0.349225 0.376205 0.372511 0.611615 0.265231 0.237204 0.19036 0.182792 0.558951 0.346502
threshold=226.47500000000005 0 0.17000000000000001 104.50000000000001 1 13.500000000000002 2 32.500000000000007 160.50000000000003 3 7.5000000000000009 5.5000000000000009 4.5000000000000009 4
decision_type=2 9 10 2 1 2 9 2 2 9 2 2 2 9
left_child=1 11 -3 4 5 -4 7 -6 -5 -8 -11 12 -1 -13
right_child=-2 2 3 8 6 -7 9 -9 -10 10 -12 13 -14 -15
leaf_value=-0.00051809943019897134 0.001723424347663491 0.0025600970965892738 -0.00014634440807705426 0.0022251375244619945 -0.0001504277615544304 0.001647971984492975 -0.00089146769849459719 -0.0032066132645951046 8.099604025483131e-05 -0.00031276311655590954 0.0012611501335749945 0.0012174164307122068 0.0017601232694954994 -0.00011632644679802486
leaf_weight=1947 116 124 251 108 136 181 148 104 100 123 158 172 102 4797
leaf_count=1947 116 124 251 108 136 181 148 104 100 123 158 172 102 4797
internal_value=-5.52691e-05 -7.96838e-05 0.000341934 0.000134422 -6.58088e-05 0.000591743 -0.000491909 -0.00141578 0.0011943 4.54213e-05 0.000552549 -0.000166024 -0.000404689 -6.79435e-05
internal_weight=8567 8451 1433 1309 1101 432 669 240 208 429 281 7018 2049 4969
internal_count=8567 8451 1433 1309 1101 432 669 240 208 429 281 7018 2049 4969
cat_boundaries=0 1 2 3 4 5
cat_threshold=4190226984 18 3150082 36 142606336
is_linear=0
shrinkage=0.03


Tree=251
num_leaves=15
num_cat=1
split_feature=31 31 32 1 30 35 27 30 1 0 22 32 28 32
split_gain=0.319889 0.951202 0.385975 0.310708 0.518608 0.505991 0.485601 0.306547 0.303735 0.406338 0.331528 0.544975 0.47652 0.424708
threshold=2.4757543249946594 2.4177913468856578 1.5000000000000002 25.500000000000004 281.02500000000003 0 13.817094907407411 2.2500000000000004 29.500000000000004 9.5000000000000018 1711.7312500000005 20.500000000000004 12.112870370370372 24.500000000000004
decision_type=10 10 2 2 2 1 2 2 2 2 2 2 2 2
left_child=1 7 -2 4 5 -4 -5 -1 -8 10 12 -12 13 -10
right_child=2 -3 3 6 -6 -7 8 -9 9 -11 11 -13 -14 -15
leaf_value=-0.0013916418924182653 -0.00153135776366476 0.0030143628576148004 -0.0018065301093851851 0.0017613190645188038 0.0009400235187682894 -0.00016737469647404909 0.0015111417786218225 0.00010999915727504698 -0.0011989644104308708 0.00061375516627248407 -0.00014922731238952341 -0.0024931737583075817 0.0016188138588090781 0.00084435132947236066
leaf_weight=125 202 101 329 142 155 358 100 5773 289 382 188 170 116 134
leaf_count=125 202 101 329 142 155 358 100 5773 289 382 188 170 116 134
internal_value=7.71705e-06 0.000127608 -0.000272683 -0.000165086 -0.000627439 -0.000981088 9.08655e-05 7.81739e-05 -8.11464e-05 -0.000205641 -0.000554593 -0.00126227 -8.45552e-05 -0.000551673
internal_weight=8564 5999 2565 2363 842 687 1521 5898 1379 1279 897 358 539 423
internal_count=8564 5999 2565 2363 842 687 1521 5898 1379 1279 897 358 539 423
cat_boundaries=0 1
cat_threshold=12
is_linear=0
shrinkage=0.03


Tree=252
num_leaves=15
num_cat=1
split_feature=37 31 31 32 1 1 26 5 31 27 31 31 7 1
split_gain=0.372982 0.408799 0.469596 0.407109 0.331534 0.380481 0.453636 0.322342 0.284557 0.276662 0.319468 0.587256 0.382458 0.280821
threshold=0 0.32402189519023694 2.6781286894923264 1.5000000000000002 111.50000000000001 61.500000000000007 0.082553191489361716 0.28990000000000005 0.35714348202647267 13.999334490740742 1.5792087835482749 1.8510756265247286 1.0000000180025095e-35 5.5000000000000009
decision_type=9 8 10 2 2 2 10 2 8 2 8 10 2 2
left_child=1 -1 3 -3 5 6 9 -4 -2 -5 12 -12 -11 -14
right_child=8 2 7 4 -6 -7 -8 -9 -10 10 11 -13 13 -15
leaf_value=-0.0020464383289721367 0.0013053141771472972 0.00114573487796501 -0.00059002781494760833 -0.0012866201503648163 0.0014755768163927962 -0.0014119779623643022 0.0016991744558326899 -0.0024751029189621259 0.00014707964539623707 0.00056301185822915992 0.0021394902574632998 -0.00060859602835515263 -0.00025485414872906687 -0.0024298704301032262
leaf_weight=111 197 268 409 188 105 219 120 102 6171 158 142 138 103 111
leaf_count=111 197 268 409 188 105 219 120 102 6171 158 142 138 103 111
internal_value=6.68972e-05 -0.000271675 -0.000177501 8.22148e-05 -0.000139766 -0.000283626 -2.62208e-05 -0.000966305 0.000182624 -0.000272706 1.96498e-05 0.000785076 -0.000556478 -0.00138302
internal_weight=8542 2174 2063 1552 1284 1179 960 511 6368 840 652 280 372 214
internal_count=8542 2174 2063 1552 1284 1179 960 511 6368 840 652 280 372 214
cat_boundaries=0 1
cat_threshold=1705055161
is_linear=0
shrinkage=0.03


Tree=253
num_leaves=15
num_cat=1
split_feature=21 31 20 31 30 24 31 21 25 38 21 30 35 21
split_gain=0.429969 0.252628 0.281399 0.793638 0.521048 0.23001 0.226669 0.414249 0.367011 0.325473 0.911084 0.628358 0.68772 0.358114
threshold=261.66666666666669 0.1799720450492425 1.0000000180025095e-35 1.1451224889862892 223.82500000000002 126.7681666666674 2.0058608930058344 128.42500000000004 0.24195121951219514 1.8371724978478265 25.500000000000004 197.10000000000002 0 63.500000000000007
decision_type=2 8 2 10 2 10 10 2 10 2 2 2 1 2
left_child=1 -1 6 -4 5 -5 9 8 -8 -3 -11 12 -12 -14
right_child=-2 2 3 4 -6 -7 7 -9 -10 10 11 -13 13 -15
leaf_value=-0.0013715345449158995 0.0018971733395637086 3.8365844443087385e-05 -0.0030511473310000908 -0.00020712411532877012 -0.0015607677367963611 0.0017601485583556653 0.0010396141069941222 -0.0020110400323316738 -0.00019249730537422823 0.0033687830244486065 -0.001504943286664925 0.0024906364649317221 -0.0004313791059459487 0.0013585580796925461
leaf_weight=127 104 3643 104 100 130 115 234 106 3101 101 188 103 167 253
leaf_count=127 104 3643 104 100 130 115 234 106 3101 101 188 103 167 253
internal_value=-2.00539e-05 -4.35893e-05 -2.33797e-05 -0.00075393 -6.14352e-05 0.000845138 1.81625e-05 -0.00016473 -0.000106046 0.000159427 0.00070256 0.000323814 -4.3263e-05 0.000631802
internal_weight=8576 8472 8345 449 345 215 7896 3441 3335 4455 812 711 608 420
internal_count=8576 8472 8345 449 345 215 7896 3441 3335 4455 812 711 608 420
cat_boundaries=0 1
cat_threshold=8
is_linear=0
shrinkage=0.03


Tree=254
num_leaves=15
num_cat=2
split_feature=24 30 1 30 25 30 37 24 34 22 38 37 31 38
split_gain=0.277821 0.798396 0.651208 0.257911 0.409014 0.496997 0.407686 0.616271 0.426778 1.69803 1.39388 0.609811 0.394223 0.393289
threshold=2.6950000000000736 72.500000000000014 85.500000000000014 181.10000000000002 0.65500000000000014 189.10000000000002 0 26.342833333332095 1.0000000180025095e-35 5081.2375000000002 2.2531680947673558 1 0.35714348202647267 1.9284054309867187
decision_type=10 2 2 2 10 2 9 10 2 2 2 9 8 2
left_child=1 2 -1 6 5 -5 7 -2 10 11 12 -10 -8 -9
right_child=3 -3 -4 4 -6 -7 8 13 9 -11 -12 -13 -14 -15
leaf_value=-0.00048628605522271995 0.0016720172239905685 0.0017022964036435757 -0.0030909006293389761 -0.0017803118171539846 0.001527305633121691 -0.00015868502773854138 -0.0019417119217926965 0.00036631952616897481 0.0006909544270928018 0.0041034979893661595 -0.0035325675834395479 -0.0009143459810994596 -2.3071802093940538e-05 -0.001346439328899578
leaf_weight=296 322 103 122 184 118 2251 102 2104 490 102 115 361 1750 128
leaf_count=296 322 103 122 184 118 2251 102 2104 490 102 115 361 1750 128
internal_value=7.7993e-06 -0.00066352 -0.00124648 5.13719e-05 -0.000197632 -0.000281223 0.000167504 0.000443363 -7.50389e-05 0.000445762 -0.000327746 7.35001e-06 -0.000128742 0.000268097
internal_weight=8548 521 418 8027 2553 2435 5474 2554 2920 953 1967 851 1852 2232
internal_count=8548 521 418 8027 2553 2435 5474 2554 2920 953 1967 851 1852 2232
cat_boundaries=0 1 2
cat_threshold=2355890432 578813981
is_linear=0
shrinkage=0.03


Tree=255
num_leaves=15
num_cat=1
split_feature=38 23 38 30 35 38 16 32 5 1 13 1 23 25
split_gain=0.567796 3.81035 0.276778 0.268808 0.381227 0.666535 0.536816 0.474873 0.732995 0.5135 0.456862 0.631837 0.470534 0.421346
threshold=2.2273705780388373 105.50000000000001 2.1614926562617698 138.16500000000002 0 1.4723210051369719 1.0000000180025095e-35 28.500000000000004 0.31010000000000004 26.500000000000004 1.0000000180025095e-35 122.50000000000001 159.50000000000003 0.24695121951219515
decision_type=2 2 2 2 1 2 2 2 2 2 2 2 2 10
left_child=2 -2 3 -1 5 -5 -7 10 9 -9 12 -12 13 -6
right_child=1 -3 -4 4 7 6 -8 8 -10 -11 11 -13 -14 -15
leaf_value=-0.00015754993888204423 0.004472317189765756 -0.003075470636474282 -0.0014290017922595143 6.6989071913266566e-05 0.00051835621419482885 0.00030566862397699045 0.0029966430245316543 -0.0005077267963246538 0.00099263736899876231 -0.0032900588370564326 0.0002723665876503758 0.0024345803164693932 0.0012547692014062302 -0.0013066010192277601
leaf_weight=4636 149 101 125 422 155 109 172 116 113 123 1701 131 118 429
leaf_count=4636 149 101 125 422 155 109 172 116 113 123 1701 131 118 429
internal_value=1.42363e-05 0.00142301 -2.79426e-05 -6.6499e-06 0.000188271 0.000809271 0.00195281 3.40802e-05 -0.000998311 -0.00193964 0.000177625 0.000426979 -0.000473111 -0.000822237
internal_weight=8600 250 8350 8225 3589 703 281 2886 352 239 2534 1832 702 584
internal_count=8600 250 8350 8225 3589 703 281 2886 352 239 2534 1832 702 584
cat_boundaries=0 1
cat_threshold=22
is_linear=0
shrinkage=0.03


Tree=256
num_leaves=15
num_cat=1
split_feature=27 27 38 21 31 23 24 24 38 25 0 36 25 24
split_gain=0.44072 1.55343 0.753781 0.667153 0.348433 0.394933 0.37925 0.500906 0.314647 0.325101 0.36065 0.294279 0.496382 0.484684
threshold=13.958015046296298 13.999322916666669 2.0572099794527676 204.83333333333334 6.3930205949656758 45.500000000000007 234.50883333332607 56.07100000000036 1.566073466764996 0.22290322580645164 5.5000000000000009 0 0.29772727272727278 15.200166666666847
decision_type=2 2 2 2 8 2 10 10 2 10 2 9 10 8
left_child=2 -2 4 11 6 -6 7 -1 9 -9 -11 12 -3 -14
right_child=1 3 -4 -5 5 -7 -8 8 -10 10 -12 -13 13 -15
leaf_value=-0.00082526864915478894 0.0027533604496293076 0.00076866885631586351 -0.0026531013883955199 -0.0016990712525394673 -0.00044660262906780608 0.0019785714110825206 -0.0019312949081530162 0.0022101748979517391 -0.00069957726697318038 -0.0010405623759710456 0.000968521849809481 -0.00040289489689133583 -0.0011936501603398298 0.00011161246687626736
leaf_weight=709 194 1008 126 195 117 125 136 105 193 119 248 947 273 4121
leaf_count=709 194 1008 126 195 117 125 136 105 193 119 248 947 273 4121
internal_value=-5.50228e-06 0.000107772 -0.000411915 2.93425e-05 -0.000250734 0.00080607 -0.000420103 -0.000270523 0.000320927 0.000738209 0.000317075 8.24281e-05 0.000167943 3.05163e-05
internal_weight=8616 6738 1878 6544 1752 242 1510 1374 665 472 367 6349 5402 4394
internal_count=8616 6738 1878 6544 1752 242 1510 1374 665 472 367 6349 5402 4394
cat_boundaries=0 1
cat_threshold=52
is_linear=0
shrinkage=0.03


Tree=257
num_leaves=15
num_cat=2
split_feature=38 32 31 33 37 1 37 26 12 16 22 0 30 30
split_gain=0.345153 2.50586 0.296767 0.540645 0.504946 0.279333 0.435753 0.438426 0.357954 0.458075 0.364235 0.292014 0.671672 0.321972
threshold=2.2531680947673558 3.5000000000000004 0.057386724977567159 1.0000000180025095e-35 0 101.50000000000001 1 1.0000000180025095e-35 1.0000000180025095e-35 1.0000000180025095e-35 10314.918 6.5000000000000009 228.05000000000004 144.50000000000003
decision_type=2 2 10 2 9 2 9 10 2 2 2 2 2 2
left_child=2 -2 3 4 -1 8 11 -8 10 -10 -4 -7 13 -13
right_child=1 -3 5 -5 -6 6 7 -9 9 -11 -12 12 -14 -15
leaf_value=2.1978600101696476e-05 -0.0021882407082294483 0.0042543451317950433 -3.9496862600189197e-05 0.00069384715424596576 -0.002843777735426556 -0.0010756123340451367 0.0028033926048019065 0.00056023591318488596 -0.00030711421983819803 0.0018356734072087618 -0.0013523617865605641 0.00029435927918311007 0.0022475129598751665 -0.0016682846809836845
leaf_weight=101 103 115 6414 132 130 157 127 205 161 203 196 279 132 103
leaf_count=101 103 115 6414 132 130 157 127 205 161 203 196 279 132 103
internal_value=3.19622e-05 0.00121037 1.15969e-06 -0.000837745 -0.00171294 3.93347e-05 0.00050745 0.00137684 -2.79896e-05 0.000887902 -7.8426e-05 5.59376e-05 0.000402655 -0.000234835
internal_weight=8558 218 8340 363 231 7977 1003 332 6974 364 6610 671 514 382
internal_count=8558 218 8340 363 231 7977 1003 332 6974 364 6610 671 514 382
cat_boundaries=0 1 2
cat_threshold=16384 844105728
is_linear=0
shrinkage=0.03


Tree=258
num_leaves=15
num_cat=2
split_feature=38 27 27 36 28 28 24 24 37 38 30 31 31 31
split_gain=0.293625 1.01861 2.44752 1.01004 0.241943 0.732651 0.525046 0.465682 0.168366 0.487837 0.35321 0.332706 1.09521 0.464903
threshold=2.09881313774458 13.986660879629632 13.999693287037038 0 20.991348379629631 15.448998842592594 92.285999999998026 263.3524999999924 1 1.9984360442806604 7.2500000000000009 2.546372464368829 2.0575120277345413 3.4211241418764309
decision_type=2 2 2 9 2 2 8 10 9 2 2 10 8 10
left_child=4 -2 -3 -4 5 8 -7 -6 9 10 -1 12 -12 -13
right_child=1 2 3 -5 7 6 -8 -9 -10 -11 11 13 -14 -15
leaf_value=-0.001730908548827244 -0.0018535743838895412 0.0052016194299794732 0.0013699059052363273 -0.0020655697773371891 -0.00035401653770895795 0.0002940431247565591 -0.0023224894704997816 0.0019767138217075811 7.514163743523634e-05 -0.0021897964486040583 -8.7061308890216572e-05 -0.0016057592204031836 0.0026081233593553458 0.00023663707544418968
leaf_weight=119 112 110 179 120 160 101 218 149 4969 109 1632 263 148 232
leaf_count=119 112 110 179 120 160 101 218 149 4969 109 1632 263 148 232
internal_value=-9.02251e-06 0.000681317 0.00137547 -3.21467e-05 -5.34258e-05 -8.60784e-05 -0.00149406 0.000769863 -2.59679e-05 -0.000226089 -0.000137625 -5.42843e-05 0.000137033 -0.000742252
internal_weight=8621 521 409 299 8100 7791 319 309 7472 2503 2394 2275 1780 495
internal_count=8621 521 409 299 8100 7791 319 309 7472 2503 2394 2275 1780 495
cat_boundaries=0 1 2
cat_threshold=36 2911449418
is_linear=0
shrinkage=0.03


Tree=259
num_leaves=15
num_cat=1
split_feature=31 38 37 33 30 25 31 31 31 22 30 22 13 38
split_gain=0.299251 0.349191 0.344083 0.671004 0.774653 0.790659 0.150996 0.195631 0.393778 0.430439 0.273328 0.227306 0.354567 0.424201
threshold=0.1799720450492425 2.339954998248738 0 1.0000000180025095e-35 57.050000000000004 0.22290322580645164 9.0326086956521756 5.1020956475013444 4.1843694096601078 1219.8040000000001 150.10000000000002 6785.2500000000009 0.50000000000000011 1.8220497745338726
decision_type=8 2 9 2 2 10 10 10 10 2 2 2 2 2
left_child=-1 2 3 4 5 -2 7 8 11 -10 -9 -4 13 -13
right_child=1 -3 6 -5 -6 -7 -8 10 9 -11 -12 12 -14 -15
leaf_value=0.0014124581904240673 0.0008805409543459642 -0.0015313700351965839 0.00018594490356713353 -0.0023860169074093086 0.0021710182846679041 -0.0022980425945045239 0.00099884882916224482 0.00049473487380824867 -0.00018620138056576251 0.0022470475367273213 -0.0010948180253496104 -0.00060727949973100621 -0.0019417888193699606 0.0011896041910099539
leaf_weight=155 132 119 6152 144 108 151 187 156 108 166 259 411 111 166
leaf_count=155 132 119 6152 144 108 151 187 156 108 166 259 411 111 166
internal_value=0.000106322 8.21338e-05 0.000105405 -0.00062365 9.45511e-06 -0.000815452 0.00015656 0.000135848 0.000172783 0.00128796 -0.000497299 0.000128111 -0.000389035 -9.03251e-05
internal_weight=8525 8370 8251 535 391 283 7716 7529 7114 274 415 6840 688 577
internal_count=8525 8370 8251 535 391 283 7716 7529 7114 274 415 6840 688 577
cat_boundaries=0 1
cat_threshold=19403012
is_linear=0
shrinkage=0.03


Tree=260
num_leaves=15
num_cat=0
split_feature=26 30 22 24 23 1 5 25 27 27 30 1 24 31
split_gain=0.227639 0.185506 0.459095 0.270452 0.24708 0.392912 0.332921 0.219587 0.206368 0.521597 0.654297 0.478205 0.449126 0.48106
threshold=0.23000000000000001 360.75000000000006 10820.35 477.90816666665728 87.500000000000014 40.500000000000007 0.15470000000000003 0.53923076923076929 27.999803240740743 29.99902777777778 260.75000000000006 50.500000000000007 128.70066666667003 1.839223276723277
decision_type=8 2 2 8 2 2 2 10 2 2 2 2 10 10
left_child=1 2 3 8 5 -5 7 -6 -1 11 12 -10 -11 -14
right_child=-2 -3 -4 4 6 -7 -8 -9 9 10 -12 -13 13 -15
leaf_value=-0.00010434259616980971 0.0013038032671111985 -0.0010813928332559213 0.0015938847819686984 0.0010442540771778551 -0.0028834782302305526 -0.0010918277818559399 -0.00016775153447824291 -0.00096074679303665789 0.0015652312388401582 -0.0024839166927939421 0.0016438186186662112 -0.0003112363291241355 -0.0014102420927883941 0.00060073567063197468
leaf_weight=6223 109 162 149 155 110 155 169 104 395 104 132 177 192 242
leaf_count=6223 109 162 149 155 110 155 169 104 395 104 132 177 192 242
internal_value=-5.84384e-05 -7.59711e-05 -5.63637e-05 -8.65043e-05 -0.000653426 -2.37869e-05 -0.00116306 -0.00194907 -3.38752e-05 0.0003192 -0.000248853 0.000984576 -0.000713226 -0.000288913
internal_weight=8578 8469 8307 8158 693 310 383 214 7465 1242 670 572 538 434
internal_count=8578 8469 8307 8158 693 310 383 214 7465 1242 670 572 538 434
is_linear=0
shrinkage=0.03


Tree=261
num_leaves=15
num_cat=2
split_feature=37 26 38 22 25 31 28 5 38 38 35 31 1 38
split_gain=0.252863 0.352436 0.349616 0.614246 0.336534 0.495219 0.249258 0.236254 0.268807 0.229453 1.10798 0.716559 0.416046 0.669943
threshold=0 0.17000000000000001 1.8409241378457162 266.40000000000003 0.46863636363636368 2.7397474403805018 4.9800578703703708 0.21825000000000003 1.5308141584993853 1.9219452483337924 1 0.95670914542728658 8.5000000000000018 1.4548797697317022
decision_type=9 8 2 2 10 8 2 2 2 2 1 10 2 2
left_child=2 9 4 -4 5 6 -1 8 -6 12 -11 -12 13 -2
right_child=1 -3 3 -5 7 -7 -8 -9 -10 10 11 -13 -14 -15
leaf_value=-0.00025784769303382235 7.3077520389822032e-05 0.001694914464692562 0.0021184808704790403 -0.00077566551933573038 -0.00013524366539420361 -0.0027472742569794794 -0.0015665408249963852 -0.0010527823898914476 0.0014629325777312497 0.0017097864025828963 -0.0031856666824135642 -0.00050999089534931377 3.2827848412096331e-05 0.0018740719387109284
leaf_weight=481 476 121 132 132 302 115 180 139 138 178 104 673 5096 305
leaf_count=481 476 121 132 132 302 115 180 139 138 178 104 673 5096 305
internal_value=1.11615e-05 8.98548e-05 -0.000325342 0.000671408 -0.000521944 -0.000930333 -0.000614224 2.53961e-05 0.000366003 6.15595e-05 -0.000369731 -0.000857094 0.000131643 0.000776411
internal_weight=8572 6953 1619 264 1355 776 661 579 440 6832 955 777 5877 781
internal_count=8572 6953 1619 264 1355 776 661 579 440 6832 955 777 5877 781
cat_boundaries=0 1 2
cat_threshold=1311068715 1
is_linear=0
shrinkage=0.03


Tree=262
num_leaves=15
num_cat=2
split_feature=22 25 25 1 23 1 23 32 27 37 22 37 27 27
split_gain=0.468309 0.266931 0.570241 1.06608 0.371535 0.301274 0.341148 0.253563 0.440384 0.342387 0.308886 0.262726 0.303499 0.361434
threshold=12726.200000000003 0.22290322580645164 0.21937500000000001 58.500000000000007 38.500000000000007 167.50000000000003 64.500000000000014 8.5000000000000018 29.527251157407409 0 7451.8250000000016 1 13.999334490740742 13.999531250000002
decision_type=2 10 8 2 2 2 2 2 2 9 2 9 2 2
left_child=1 2 -1 4 -4 7 -7 8 9 -3 -11 12 -9 -14
right_child=-2 5 3 -5 -6 6 -8 11 -10 10 -12 -13 13 -15
leaf_value=8.7735142733436086e-06 0.0017697128535486583 0.00036189933068614432 -0.00095076647969628012 0.0039688330740832237 0.0015584693240499733 -0.0022540216687694189 -0.00022525127513988599 0.0011081442864353877 -0.0021036421371322563 -0.00056447717659042227 0.00086609548487939639 -0.00051050113366581378 -0.00072556259388355021 0.00020187160214941592
leaf_weight=1170 129 635 112 102 101 125 185 279 119 1653 148 612 437 2810
leaf_count=1170 129 635 112 102 101 125 185 279 119 1653 148 612 437 2810
internal_value=-2.42664e-05 -5.15312e-05 0.000313808 0.0014468 0.000239059 -0.000129002 -0.0010433 -8.66544e-05 -0.000321647 -0.000234595 -0.00044445 5.8441e-05 0.00015819 7.70522e-05
internal_weight=8617 8488 1485 315 213 7003 310 6693 2555 2436 1801 4138 3526 3247
internal_count=8617 8488 1485 315 213 7003 310 6693 2555 2436 1801 4138 3526 3247
cat_boundaries=0 1 2
cat_threshold=1278784340 308299776
is_linear=0
shrinkage=0.03


Tree=263
num_leaves=15
num_cat=1
split_feature=38 21 20 24 38 24 24 32 37 32 1 24 23 26
split_gain=0.423329 0.348632 0.249462 0.535245 0.384362 0.328512 0.313989 0.346487 0.256855 0.9502 0.223084 0.428869 0.707874 0.425083
threshold=2.3859345902999922 208.16666666666671 1.0000000180025095e-35 352.12183333333195 1.5740712975113482 328.26683333333648 374.13583333332093 21.500000000000004 0 6.5000000000000009 61.500000000000007 397.60983333333633 142.50000000000003 1.0000000180025095e-35
decision_type=2 2 2 8 2 8 8 2 9 2 2 10 2 8
left_child=1 2 5 4 -4 8 7 -7 9 -1 13 -12 -13 -8
right_child=-2 -3 3 -5 -6 6 10 -9 -10 -11 11 12 -14 -15
leaf_value=0.0021719107836162526 0.0020051705481735271 -0.0013443484494305986 0.00089863772417639234 -0.0023591784150094578 -0.001199504676328819 0.0023862366247834324 0.00066106301068456536 0.0002892174459339003 1.3415851971000602e-05 -0.0013463102612714065 -0.00044026274744781753 0.0034591546050029465 2.3758687267853124e-05 -0.00081211825781152963
leaf_weight=195 104 152 190 114 134 159 414 128 6181 107 124 110 106 307
leaf_count=195 104 152 190 114 134 159 414 128 6181 107 124 110 106 307
internal_value=0.000102875 7.93812e-05 0.000105552 -0.000591184 3.08875e-05 0.000144522 0.000570641 0.00145098 5.59193e-05 0.000895729 0.00033251 0.000965979 0.00177327 3.37861e-05
internal_weight=8525 8421 8269 438 324 7831 1348 287 6483 302 1061 340 216 721
internal_count=8525 8421 8269 438 324 7831 1348 287 6483 302 1061 340 216 721
cat_boundaries=0 1
cat_threshold=2106496
is_linear=0
shrinkage=0.03


Tree=264
num_leaves=15
num_cat=2
split_feature=0 31 23 31 38 21 31 24 36 23 24 38 31 35
split_gain=0.233747 0.318095 0.435049 0.242477 0.530077 0.32034 0.524465 0.349348 0.372909 0.332746 0.54659 0.434309 0.343786 0.514287
threshold=14.500000000000002 1.034847013113162 22.500000000000004 2.4757543249946594 2.2531680947673558 89.666666666666671 0.78967355096602276 294.72549999998421 0 124.50000000000001 185.87033333333386 1.3787817546236607 1.4919352507587804 1
decision_type=2 8 2 10 2 2 10 10 9 2 10 2 8 1
left_child=3 -2 -3 4 5 7 -7 -1 -9 10 12 -11 13 -8
right_child=1 2 -4 -5 -6 6 9 8 -10 11 -12 -13 -14 -15
leaf_value=0.00017673609939000242 -0.0021178557754621646 0.0013933356783411566 -0.00093750816455576559 -0.00022566623150190978 0.0018962788641852821 -0.0012916989631889511 0.0020143058000674499 0.0021845445113987129 -5.0119855334513055e-05 -0.00035311337008298482 -0.00084539594340686563 0.0019274032853510497 -0.00029565186615237684 7.087012575418277e-07
leaf_weight=2982 106 103 240 2474 149 334 190 157 121 136 647 168 453 276
leaf_count=2982 106 103 240 2474 149 334 190 157 121 136 647 168 453 276
internal_value=-1.52224e-05 -0.000681472 -0.000237575 2.17686e-05 0.000130829 8.26859e-05 -0.000196681 0.000271558 0.00128868 -1.10015e-06 -0.000177419 0.000907172 0.000292855 0.000864944
internal_weight=8536 449 343 8087 5613 5464 2204 3260 278 1870 1566 304 919 466
internal_count=8536 449 343 8087 5613 5464 2204 3260 278 1870 1566 304 919 466
cat_boundaries=0 1 2
cat_threshold=32 8
is_linear=0
shrinkage=0.03


Tree=265
num_leaves=15
num_cat=1
split_feature=25 23 24 21 37 31 0 24 27 31 27 27 1 27
split_gain=0.238187 0.217077 0.491295 0.394195 0.247911 0.686322 0.883672 0.341679 0.198573 0.235412 0.214789 0.30244 0.573513 0.454812
threshold=0.070000000000000021 11.500000000000002 16.207500000003495 204.83333333333334 0 0.80220030067373205 9.5000000000000018 11.861166666666652 30.998680555555559 0.1799720450492425 30.28078703703704 29.616950231481486 27.500000000000004 28.365295138888893
decision_type=10 2 10 2 9 10 2 10 2 8 2 2 2 2
left_child=-1 2 -2 4 5 -3 7 -7 9 -6 11 13 -13 -11
right_child=1 3 -4 -5 8 6 -8 -9 -10 10 -12 12 -14 -15
leaf_value=0.0013136464701560527 -0.0025197550338035557 0.0026926754468374631 -0.00020284873306931859 0.0014031247055901442 -0.0015138155376512763 0.0023291029955674605 -0.0018378099059798466 2.574226987242949e-05 0.00082096859770811449 -4.5152985113955786e-05 -0.00081598895648494368 -0.00053021554311271756 0.0019424261190452733 -0.0011056036469178543
leaf_weight=115 102 110 428 171 108 113 145 119 206 5883 360 156 184 388
leaf_count=115 102 110 428 171 108 113 145 119 206 5883 360 156 184 388
internal_value=-4.24909e-05 -6.08971e-05 -0.000648744 -2.16728e-05 -5.30213e-05 0.000595501 -6.1132e-07 0.00114764 -9.70589e-05 -0.000123911 -0.000102377 -6.35178e-05 0.00080792 -0.000110765
internal_weight=8588 8473 530 7943 7772 487 377 232 7285 7079 6971 6611 340 6271
internal_count=8588 8473 530 7943 7772 487 377 232 7285 7079 6971 6611 340 6271
cat_boundaries=0 1
cat_threshold=3670354
is_linear=0
shrinkage=0.03


Tree=266
num_leaves=15
num_cat=2
split_feature=38 38 38 37 24 30 5 38 37 27 29 1 26 1
split_gain=0.297381 0.316963 0.460615 0.240428 0.269117 0.409836 0.350455 0.31812 0.301453 0.28339 0.235861 0.206946 0.18346 0.150606
threshold=2.3040562714157726 2.1458866039114746 2.09881313774458 0 19.162500000003494 185.22500000000002 0.36035 2.0302225641137794 1 13.999947916666668 2.5000000000000004 61.500000000000007 0.047727272727272736 229.50000000000003
decision_type=2 2 2 9 8 2 2 2 9 2 2 2 8 2
left_child=1 2 3 -1 5 6 8 13 9 11 -3 -5 -10 -6
right_child=-2 10 -4 4 7 -7 -8 -9 12 -11 -12 -13 -14 -15
leaf_value=0.0013285386776128274 0.0012199828918333302 -0.0020457027372345329 0.0018639492351907941 -0.0012239621413375615 -8.1096805709942626e-06 0.0011019915684868219 -0.0023565039617273755 -0.0013330267356380958 0.0010350038756049523 -0.0021789670055523624 -0.00017563841514826073 0.00027189170731856539 -0.00054831788417123741 0.00099672332208902725
leaf_weight=100 164 125 113 184 6675 118 111 162 138 134 118 152 126 137
leaf_count=100 164 125 113 184 6675 118 111 162 138 134 118 152 126 137
internal_value=-4.52009e-05 -6.99227e-05 -3.80888e-05 -6.48314e-05 -8.39548e-05 -0.000554162 -0.000785435 -1.9147e-05 -0.000547848 -0.000991381 -0.00113761 -0.000547266 0.000269133 1.20991e-05
internal_weight=8557 8393 8150 8037 7937 963 845 6974 734 470 243 336 264 6812
internal_count=8557 8393 8150 8037 7937 963 845 6974 734 470 243 336 264 6812
cat_boundaries=0 1 2
cat_threshold=16778305 845152392
is_linear=0
shrinkage=0.03


Tree=267
num_leaves=15
num_cat=1
split_feature=23 29 21 30 1 26 35 28 24 28 21 23 24 13
split_gain=0.24125 0.537184 0.499082 0.318263 0.282812 0.26526 0.262884 0.259809 0.517738 0.401526 0.317281 0.407625 1.04133 0.331483
threshold=14.500000000000002 1.0000000180025095e-35 210.14166666666671 167.50000000000003 44.500000000000007 0.19000000000000003 0 20.991348379629631 257.1431666666503 15.448998842592594 150.2416666666667 20.500000000000004 75.343166666665937 0.50000000000000011
decision_type=2 2 2 2 2 8 1 2 10 2 2 2 8 2
left_child=1 3 5 4 6 7 -1 9 -9 10 11 12 -2 -12
right_child=2 -3 -4 -5 -6 -7 -8 8 -10 -11 13 -13 -14 -15
leaf_value=0.00073343902698586017 9.4785468627063856e-06 -0.0020190610245510807 0.0019751283668569828 -0.0015362656484052659 0.0012543712360282226 0.0013407182731177835 -0.00081342712222131112 -0.00048421613594636006 0.0020357509486961596 -0.0011627826220391205 -0.00036983578958900529 -3.9258470332593363e-05 0.0034505563873051103 -0.0022483159362205437
leaf_weight=147 289 173 114 122 153 126 261 141 153 297 434 6054 109 105
leaf_count=147 289 173 114 122 153 126 261 141 153 297 434 6054 109 105
internal_value=-4.76551e-05 -0.000525808 4.67162e-06 -0.000147576 0.000154421 -2.44711e-05 -0.000258061 -4.71582e-05 0.000827195 -8.24299e-05 -3.65331e-05 2.18815e-05 0.000951884 -0.000735773
internal_weight=8678 856 7822 683 561 7708 408 7582 294 7288 6991 6452 398 539
internal_count=8678 856 7822 683 561 7708 408 7582 294 7288 6991 6452 398 539
cat_boundaries=0 1
cat_threshold=3
is_linear=0
shrinkage=0.03


Tree=268
num_leaves=15
num_cat=1
split_feature=24 22 32 23 38 36 38 10 28 27 38 23 30 38
split_gain=0.444557 0.504121 0.346074 0.562523 0.281711 0.449148 0.416046 0.330712 0.242556 0.318941 0.553479 0.523072 0.351889 0.286751
threshold=2.6950000000000736 11720.000000000002 11.500000000000002 39.500000000000007 2.1934073772180778 0 2.09881313774458 1.0000000180025095e-35 13.610868055555558 26.353443287037042 1.3971696232004205 122.50000000000001 242.05000000000004 1.608949615129972
decision_type=8 2 2 2 2 9 2 2 2 2 2 2 2 2
left_child=2 4 3 -1 6 -6 7 -2 -9 12 11 -11 -10 -12
right_child=1 -3 -4 -5 5 -7 -8 8 9 10 13 -13 -14 -15
leaf_value=-0.0034045370024806984 -0.0010790201548113666 0.002057493636021476 0.00035725182546302676 -0.00036845153808092872 0.00026555946611977636 -0.0022598595285974444 0.0014368505686833222 9.4770439978484217e-05 -0.00021652336803353611 -0.00051234647186914749 -0.0022439769557182701 0.0019746589885567718 -0.0024541999582626569 -7.7000301261650068e-05
leaf_weight=102 247 109 100 119 131 115 186 6714 126 146 113 159 127 107
leaf_count=102 247 109 100 119 131 115 186 6714 126 146 113 159 127 107
internal_value=-1.17121e-05 3.07545e-05 -0.00110711 -0.00176972 3.71813e-06 -0.000996092 3.47532e-05 1.05507e-06 3.66635e-05 -0.000464789 -4.31243e-05 0.000784158 -0.00133978 -0.00119004
internal_weight=8601 8280 321 221 8171 246 7925 7739 7492 778 525 305 253 220
internal_count=8601 8280 321 221 8171 246 7925 7739 7492 778 525 305 253 220
cat_boundaries=0 1
cat_threshold=5
is_linear=0
shrinkage=0.03


Tree=269
num_leaves=15
num_cat=2
split_feature=22 37 30 31 31 31 1 22 37 28 17 22 24 30
split_gain=0.348398 0.230959 0.307797 0.304046 0.401738 0.333844 0.347745 0.304056 0.242244 0.450688 0.410641 0.348898 0.327818 0.361087
threshold=12726.200000000003 0 6.2500000000000009 5.1020956475013444 4.1843694096601078 6.1943351691581441 27.500000000000004 1650.9240000000002 1 5.9710474537037044 1.5000000000000002 37.300000000000011 26.866833333333421 44.500000000000007
decision_type=2 9 2 10 10 10 2 2 9 2 2 2 8 2
left_child=1 -1 -3 4 8 -5 -7 -6 9 10 12 -10 -4 -14
right_child=-2 2 3 5 7 6 -8 -9 11 -11 -12 -13 13 -15
leaf_value=0.0009179129193314532 0.0014432333102997611 -0.0012713967372772784 -0.0017026630406892539 -0.0016450624807579776 0.00022956647178768341 -0.0012813916803592021 0.00051007272181699851 0.0023105627289104242 0.0013283710423477946 0.00094321357929178027 -0.0026079732691869141 -4.1818226491249297e-05 -0.0014443936003807583 0.00037282979416381845
leaf_weight=191 136 201 167 224 145 162 245 112 172 154 102 6063 139 337
leaf_count=191 136 201 167 224 145 162 245 112 172 154 102 6063 139 337
internal_value=-6.30534e-05 -8.74003e-05 -0.000111732 -8.28142e-05 -2.88492e-05 -0.000714915 -0.000202992 0.00113646 -7.0829e-05 -0.000528306 -0.000839577 -4.01346e-06 -0.000559054 -0.00015783
internal_weight=8550 8414 8223 8022 7391 631 407 257 7134 899 745 6235 643 476
internal_count=8550 8414 8223 8022 7391 631 407 257 7134 899 745 6235 643 476
cat_boundaries=0 1 2
cat_threshold=9360 268713989
is_linear=0
shrinkage=0.03


Tree=270
num_leaves=15
num_cat=2
split_feature=31 21 31 31 30 37 5 23 31 29 23 22 23 36
split_gain=0.403931 0.27142 0.198023 0.361472 0.291394 0.32819 0.438118 0.377803 0.385337 0.38472 0.331753 0.325342 0.271117 0.252594
threshold=0.1106014271151886 208.16666666666671 2.2583927231807954 2.2152717697949975 304.85000000000008 0 0.40835000000000005 50.500000000000007 2.6781286894923264 2.5000000000000004 26.500000000000004 2215.5500000000002 163.50000000000003 1
decision_type=8 2 8 10 2 9 2 2 8 2 2 2 2 9
left_child=-1 2 3 12 5 -4 7 10 -9 13 -7 -6 -2 -10
right_child=1 -3 4 -5 11 6 -8 8 9 -11 -12 -13 -14 -15
leaf_value=0.0016367045151335852 7.5183608907875742e-05 -0.0013224302521035944 -0.00058550833644503274 0.0018011090951040388 0.001438125698223106 -5.2604023898457919e-05 0.0016930732734408941 -0.0017302748699772304 -0.00015639216591500346 0.0011210633445651703 0.0021252676974469367 -0.0005993323149940758 -0.0010837164619246439 -0.0017128636850975453
leaf_weight=126 4691 154 1742 106 185 149 131 168 416 168 109 114 189 114
leaf_count=126 4691 154 1742 106 185 149 131 168 416 168 109 114 189 114
internal_value=-4.93443e-05 -7.45271e-05 -5.1323e-05 6.79465e-05 -0.000231747 -0.000320843 5.0785e-05 -0.000140169 -0.000440376 -0.000129913 0.000867505 0.000661302 3.03e-05 -0.000526449
internal_weight=8562 8436 8282 4986 3296 2997 1255 1124 866 698 258 299 4880 530
internal_count=8562 8436 8282 4986 3296 2997 1255 1124 866 698 258 299 4880 530
cat_boundaries=0 1 2
cat_threshold=2692806706 19
is_linear=0
shrinkage=0.03


Tree=271
num_leaves=15
num_cat=2
split_feature=37 38 1 38 25 31 31 28 38 38 38 27 37 28
split_gain=0.255406 0.604975 0.542026 0.541294 0.422817 0.320586 0.720366 0.584236 0.360956 0.201333 0.186851 0.286355 0.289873 0.28558
threshold=0 1.7653087946622581 58.500000000000007 1.5173023277125808 0.53923076923076929 0.057386724977567159 0.35714348202647267 0.71781828703703721 2.2758864836952273 1.5629398586109053 1.1050971718481353 6.9996585648148155 1 19.318570601851857
decision_type=9 2 2 2 10 10 10 2 2 2 2 2 9 2
left_child=1 3 -3 4 -1 7 -7 9 10 -2 13 -12 -13 -8
right_child=5 2 -4 -5 -6 6 8 -9 -10 -11 11 12 -14 -15
leaf_value=0.0017427071240834063 -0.0009315857104957103 0.0034868942347104446 0.00047920709800174728 -0.0014864352223073209 -0.00066735547256063332 0.0018503947187625657 -0.00045860699980761107 0.00091968334890287179 -0.0016063184253946546 -0.0027855011321224485 -0.001269398863234314 0.0014165068966777699 8.8967350696191912e-05 0.0012086405014932744
leaf_weight=162 108 104 112 148 110 194 1094 103 124 103 136 142 5921 101
leaf_count=162 108 104 112 148 110 194 1094 103 124 103 136 142 5921 101
internal_value=5.34427e-05 0.000627284 0.00192735 -2.6388e-05 0.000768049 7.17962e-06 4.54468e-05 -0.000932454 -1.12938e-06 -0.00183658 2.57902e-05 9.20045e-05 0.000122542 -0.000317693
internal_weight=8662 636 216 420 272 8026 7712 314 7518 211 7394 6199 6063 1195
internal_count=8662 636 216 420 272 8026 7712 314 7518 211 7394 6199 6063 1195
cat_boundaries=0 1 2
cat_threshold=2110612 167772160
is_linear=0
shrinkage=0.03


Tree=272
num_leaves=15
num_cat=1
split_feature=30 38 21 27 38 38 30 21 30 28 19 37 24 27
split_gain=0.418165 0.355608 0.33492 0.217208 0.889652 0.596485 0.580904 0.508084 0.770822 0.425172 0.358587 0.680199 0.280625 0.227974
threshold=368.50000000000006 2.339954998248738 208.16666666666671 29.165914351851857 1.8943204502563533 1.4683473110477221 191.12500000000003 84.650000000000006 191.12500000000003 7.0819502314814828 1.0000000180025095e-35 0 205.96083333333317 28.365295138888893
decision_type=2 2 2 2 2 2 2 2 2 2 2 9 10 2
left_child=1 2 3 10 5 6 -5 -7 -9 -8 13 -12 -11 -1
right_child=-2 -3 -4 4 -6 7 9 8 -10 12 11 -13 -14 -15
leaf_value=6.3233131289724405e-07 -0.0016185283565099955 0.001547756631273863 -0.0016402383360137123 0.0019600642137229439 -0.001946202235710697 0.0031250731030013413 -0.0020056170276536536 -0.0012061088147473711 0.0020649104516487567 -0.00076012700268620389 -0.0023976896514991161 0.0004006139416596852 0.0013434925655047725 -0.0010078976632513122
leaf_weight=6682 149 129 116 105 127 130 123 103 175 128 154 150 103 208
leaf_count=6682 149 129 116 105 127 130 123 103 175 128 154 150 103 208
internal_value=-4.31003e-05 -1.52646e-05 -3.95456e-05 -1.68685e-05 0.000398814 0.000742317 4.34261e-07 0.00157694 0.000852986 -0.000580812 -7.43036e-05 -0.00108264 0.000177851 -2.98139e-05
internal_weight=8582 8433 8304 8188 994 867 459 408 278 354 7194 304 231 6890
internal_count=8582 8433 8304 8188 994 867 459 408 278 354 7194 304 231 6890
cat_boundaries=0 1
cat_threshold=8407040
is_linear=0
shrinkage=0.03


Tree=273
num_leaves=15
num_cat=1
split_feature=27 27 24 21 25 21 15 31 31 28 36 25 31 32
split_gain=0.399074 0.682993 0.545344 0.418367 0.387505 0.548188 0.368179 0.697399 0.417657 0.342827 0.304458 0.421331 0.389273 0.33214
threshold=28.365295138888893 27.999803240740743 267.78216666666566 59.166666666666679 0.62481481481481493 56.833333333333336 1.0000000180025095e-35 0.057386724977567159 0.35714348202647267 20.464664351851855 0 0.15000000000000005 6.3930205949656758 9.5000000000000018
decision_type=2 2 10 2 8 2 2 10 10 2 9 10 10 2
left_child=1 4 -3 -2 6 -6 7 -1 -9 -5 13 -12 -13 -10
right_child=3 2 -4 9 5 -7 -8 8 10 -11 11 12 -14 -15
leaf_value=-0.0023150874645305941 -0.0020199108142829074 0.0031755193947854989 0.00017457211080408835 -0.00014518067169923997 0.00026311763730978675 0.002470264922878353 0.0015944508462104878 0.001278841856847773 0.00064916120308758059 -0.0016728364854055803 -0.0014036729345373066 -0.0002464985589328284 0.0011327737125764428 -0.0003377986548909036
leaf_weight=130 154 109 109 973 680 119 112 193 792 153 271 4021 193 501
leaf_count=130 154 109 109 973 680 119 112 193 792 153 271 4021 193 501
internal_value=-6.50809e-05 2.136e-05 0.00167505 -0.000553337 -3.00523e-05 0.000591842 -0.000110029 -0.000141319 -9.39919e-05 -0.000352757 -0.000139848 -0.000256494 -0.000183328 0.000264696
internal_weight=8510 7230 218 1280 7012 799 6213 6101 5971 1126 5778 4485 4214 1293
internal_count=8510 7230 218 1280 7012 799 6213 6101 5971 1126 5778 4485 4214 1293
cat_boundaries=0 1
cat_threshold=6
is_linear=0
shrinkage=0.03


Tree=274
num_leaves=15
num_cat=1
split_feature=25 31 21 38 38 23 31 35 30 38 32 38 23 28
split_gain=0.268103 1.80055 1.63522 0.316359 0.720876 0.610802 0.367436 0.264568 0.345358 0.483937 0.314777 0.308858 0.358126 0.259122
threshold=0.33666666666666673 0.1799720450492425 198.33333333333334 1.7315725214194628 1.8321703111839736 71.500000000000014 1.7085313261190753 0 28.165000000000003 1.4999559192937546 15.500000000000002 1.8069644002058622 38.500000000000007 1.8198611111111114
decision_type=8 10 2 2 2 2 10 1 2 2 2 2 2 2
left_child=1 -1 7 5 -5 13 -7 -2 -9 10 -10 12 -11 -3
right_child=2 3 -4 4 -6 6 -8 8 9 11 -12 -13 -14 -15
leaf_value=-0.0041408879207539377 0.00016243721171585763 0.00022070971500158377 0.0031231534624627483 -0.0020987060601052282 -1.6825796399069459e-05 0.00053898059318007352 0.0026575922407257582 -0.0016176727659509566 0.00029827215195214117 3.173233754621054e-05 -0.0012520018208616263 -0.00066357998930684778 0.0023113375201338914 -0.00059959698957328604
leaf_weight=101 4714 912 162 203 570 186 122 167 181 112 338 102 139 559
leaf_count=101 4714 912 162 203 570 186 122 167 181 112 338 102 139 559
internal_value=3.82633e-05 -0.000212314 0.000150652 -5.68334e-05 -0.000563555 0.000163344 0.00137817 6.6949e-05 -0.000364343 -0.000128491 -0.000711348 0.000728455 0.00129414 -9.1018e-05
internal_weight=8568 2653 5915 2552 773 1779 308 5753 1039 872 519 353 251 1471
internal_count=8568 2653 5915 2552 773 1779 308 5753 1039 872 519 353 251 1471
cat_boundaries=0 1
cat_threshold=11
is_linear=0
shrinkage=0.03


Tree=275
num_leaves=15
num_cat=1
split_feature=28 28 38 28 38 1 1 30 21 30 38 37 38 31
split_gain=0.344077 0.335749 0.476184 0.314607 1.04745 0.408146 0.299698 0.509847 0.805003 0.554639 0.626552 0.381246 0.429388 0.402344
threshold=20.991348379629631 15.448998842592594 1.2336929100088672 11.25748263888889 1.4963792246677974 55.500000000000007 12.500000000000002 175.10000000000002 105.61666666666669 52.500000000000007 1.5259180408984732 0 1.4774399183061089 1.548166151126823
decision_type=2 2 2 2 2 2 2 2 2 2 2 9 2 8
left_child=1 3 -3 6 5 -5 7 9 -9 10 -1 12 -11 -13
right_child=-2 2 -4 4 -6 -7 -8 8 -10 11 -12 13 -14 -15
leaf_value=-6.9569156505167479e-05 0.00094295952536315537 0.00039441754043634448 -0.0019941859588687937 -0.00098939594013226794 0.0024259774802889368 0.0011967100688863345 -0.00017693894462468443 0.0026017152845703492 -0.00041184483390015945 -0.0003882362689708234 0.0023423002868922511 -0.0023392492759435239 0.0017295536418607989 -0.00032244107007629446
leaf_weight=235 317 126 186 245 196 112 5804 191 137 335 165 154 116 211
leaf_count=235 317 126 186 245 196 112 5804 191 137 335 165 154 116 211
internal_value=-2.68712e-05 -6.43041e-05 -0.00102956 -2.61875e-05 0.000663872 -0.000303559 -7.81204e-05 0.000293345 0.001343 1.02142e-05 0.000925327 -0.000438371 0.000153078 -0.00114208
internal_weight=8530 8213 312 7901 553 357 7348 1544 328 1216 400 816 451 365
internal_count=8530 8213 312 7901 553 357 7348 1544 328 1216 400 816 451 365
cat_boundaries=0 1
cat_threshold=2621440000
is_linear=0
shrinkage=0.03


Tree=276
num_leaves=15
num_cat=1
split_feature=3 38 23 31 20 31 17 38 38 24 21 36 32 24
split_gain=0.534909 0.405902 2.84497 0.271265 0.245649 0.424836 0.376894 0.24656 0.584227 0.427453 0.541347 0.383641 0.260335 0.561219
threshold=1.0000000180025095e-35 2.2273705780388373 105.50000000000001 0.23920529801324505 1.0000000180025095e-35 1.1451224889862892 1.5000000000000002 1.9806338863567723 1.9411166716780264 20.074999999999566 85.791666666666686 0 19.500000000000004 573.08966666666458
decision_type=2 2 2 8 2 10 2 2 2 10 2 9 2 10
left_child=1 3 -3 -1 7 -6 -7 8 12 -9 11 -11 13 -5
right_child=-2 2 -4 4 5 6 -8 9 -10 10 -12 -13 -14 -15
leaf_value=-0.0010690039443729642 -0.0021455367574759292 0.0038977037820552523 -0.0025863760029354575 0.00014521984584260451 -0.0023239537580752546 0.00073497756000562601 -0.0013116764677188061 0.0022836520313285293 -0.0018278631462468478 -0.0018519124673286929 0.001521039834039927 0.00039949843625715174 -0.0002163473595159673 0.0021426384905890486
leaf_weight=199 100 149 103 4842 103 194 139 120 147 111 183 153 1888 130
leaf_count=199 100 149 103 4842 103 194 139 120 147 111 183 153 1888 130
internal_value=3.57358e-05 6.15161e-05 0.00124746 2.51099e-05 5.2292e-05 -0.000640148 -0.000119331 9.21525e-05 4.34619e-05 0.000693872 0.000267085 -0.000602133 8.35618e-05 0.000197445
internal_weight=8561 8461 252 8209 8010 436 333 7574 7007 567 447 264 6860 4972
internal_count=8561 8461 252 8209 8010 436 333 7574 7007 567 447 264 6860 4972
cat_boundaries=0 1
cat_threshold=48
is_linear=0
shrinkage=0.03


Tree=277
num_leaves=15
num_cat=0
split_feature=27 27 38 23 24 32 0 1 1 28 27 28 31 27
split_gain=0.264038 0.550997 0.853174 0.584497 0.458179 0.621162 0.495438 0.774867 0.500449 0.44086 0.38429 0.359467 0.276661 0.270194
threshold=27.999803240740743 28.365295138888893 1.1793387453695685 180.50000000000003 128.70066666667003 13.500000000000002 5.5000000000000009 43.500000000000007 29.500000000000004 6.3706655092592603 27.598420138888894 16.005671296296303 11.800000000000002 27.165231481481488
decision_type=2 2 2 2 10 2 2 2 2 2 2 2 10 2
left_child=10 9 11 4 -4 -6 8 -8 -7 -2 12 -3 13 -1
right_child=1 2 3 -5 5 6 7 -9 -10 -11 -12 -13 -14 -15
leaf_value=-3.3552963166971391e-05 0.00050660587330388931 -0.002324975399354186 -0.0012937247204051041 0.0025847356612131922 -0.00084447038468233367 0.0036632106225182003 -0.00074802423411359387 0.0019179463195453943 0.00071218561754552736 0.0032247299997601657 -0.0011895334032976351 -2.0838824333623049e-05 -0.0015574472657005701 0.0012845595862872742
leaf_weight=6590 116 156 144 109 215 106 225 174 101 100 267 100 105 143
leaf_count=6590 116 156 144 109 215 106 225 174 101 100 267 100 105 143
internal_value=4.3263e-06 0.000359629 0.000131389 0.000502353 0.000267141 0.00054091 0.00103242 0.000414579 0.00222334 0.001765 -7.29851e-05 -0.00142492 -2.93878e-05 -5.558e-06
internal_weight=8651 1546 1330 1074 965 821 606 399 207 216 7105 256 6838 6733
internal_count=8651 1546 1330 1074 965 821 606 399 207 216 7105 256 6838 6733
is_linear=0
shrinkage=0.03


Tree=278
num_leaves=15
num_cat=1
split_feature=30 31 21 16 33 31 27 0 37 13 31 1 31 30
split_gain=0.276307 0.272933 0.196433 0.775141 0.464061 0.535258 0.354418 0.316478 0.422453 0.727432 1.07018 0.359697 0.2718 0.301152
threshold=2.2500000000000004 0.19843228538575877 129.92500000000004 1.0000000180025095e-35 1.0000000180025095e-35 1.5004810776138553 30.998744212962965 17.500000000000004 0 1.0000000180025095e-35 1.16811088898138 29.500000000000004 1.3433035714285715 134.50000000000003
decision_type=2 8 2 2 2 10 2 2 9 2 10 2 10 2
left_child=-1 -2 6 12 5 -5 7 8 9 10 -3 -11 13 -4
right_child=1 2 3 4 -6 -7 -8 -9 -10 11 -12 -13 -14 -15
leaf_value=-0.0013129293021936644 0.0015295602729797099 0.0045885441478108989 -0.00087252763801884338 0.0019315436989771635 -0.0012596012890408528 -0.00030101366136360037 -0.0013819738354552606 -0.001186939470276052 0.00011706814598815507 0.0011871085123390122 0.00062274326308029175 -0.0008409065270003535 -0.00017914354949342934 -0.0027514406515152324
leaf_weight=127 118 100 170 224 107 170 137 154 6449 137 158 185 154 140
leaf_count=127 118 100 170 224 107 170 137 154 6449 137 158 185 154 140
internal_value=7.59298e-05 9.69205e-05 7.6516e-05 -0.000325807 0.000492447 0.000968258 0.000129554 0.000158383 0.000187858 0.000956464 0.00215988 2.19446e-05 -0.00120931 -0.00172107
internal_weight=8530 8403 8285 965 501 394 7320 7183 7029 580 258 322 464 310
internal_count=8530 8403 8285 965 501 394 7320 7183 7029 580 258 322 464 310
cat_boundaries=0 1
cat_threshold=2151153984
is_linear=0
shrinkage=0.03


Tree=279
num_leaves=15
num_cat=0
split_feature=31 38 27 38 38 27 1 24 0 27 22 38 1 26
split_gain=0.412208 0.368107 0.236939 0.446413 0.837456 0.371863 0.59753 0.339629 0.330935 0.302206 0.234044 0.641517 0.716544 0.33052
threshold=0.1106014271151886 2.339954998248738 30.201909722222226 1.4078205586532129 1.7547382343072473 29.616950231481486 32.500000000000007 176.42833333332604 12.500000000000002 27.999803240740743 6785.2500000000009 1.7926612905073791 49.500000000000007 1.0000000180025095e-35
decision_type=8 2 2 2 2 2 2 10 2 2 2 2 2 8
left_child=-1 2 5 -4 -5 7 -7 9 -9 10 13 -12 -13 -2
right_child=1 -3 3 4 -6 6 -8 8 -10 -11 11 12 -14 -15
leaf_value=0.0016923135791926881 -0.00014780762649740502 -0.0017485369170306745 -0.0015815985083808902 0.0014190109619502957 -0.0017197499244722947 -0.00011168728287807329 0.002417841840115694 -0.00039693336678784595 0.0012565336648131841 0.0016111891137695581 -0.001145707822669939 0.0027278484950806845 -0.00051138416026084196 0.00038421164668524748
leaf_weight=129 1708 109 236 188 129 188 152 2068 115 122 418 101 157 2732
leaf_count=129 1708 109 236 188 129 188 152 2068 115 122 418 101 157 2732
internal_value=9.31248e-06 -1.6463e-05 6.24517e-06 -0.000593727 0.000141723 4.89954e-05 0.00101916 4.54636e-06 -0.000309829 0.000135566 0.000100377 -0.000419646 0.000756688 0.000179552
internal_weight=8552 8423 8314 553 317 7761 340 7421 2183 5238 5116 676 258 4440
internal_count=8552 8423 8314 553 317 7761 340 7421 2183 5238 5116 676 258 4440
is_linear=0
shrinkage=0.03


Tree=280
num_leaves=15
num_cat=2
split_feature=31 31 13 31 2 24 38 20 31 37 38 36 30 25
split_gain=0.329986 0.245729 0.617425 0.402186 0.425431 0.422264 0.453218 0.407017 0.515819 0.420435 0.870263 0.370041 0.363474 0.359504
threshold=0.057386724977567159 0.35714348202647267 1.0000000180025095e-35 0.46316937957065346 1.0000000180025095e-35 25.289333333333637 1.7044230469855275 1.0000000180025095e-35 1.6316860465116281 0 1.7746736512878767 1 223.82500000000002 0.59003601440576248
decision_type=8 8 2 8 2 8 2 2 10 9 2 9 2 10
left_child=-1 2 -2 -3 7 6 -6 9 -9 10 11 -5 -10 -7
right_child=1 3 -4 4 5 13 -8 8 12 -11 -12 -13 -14 -15
leaf_value=-0.0016601160446181892 -0.00068494000669007242 -0.0014196845848028633 0.0024604269412206487 0.0012068363961137444 -0.000346572618072325 0.00011569521207992228 -0.0030909814556630754 -0.0020808012304416863 0.0012493470574660998 0.00015459993007491758 0.0027424609914076712 -0.0010958779083707635 -0.0011129256722051651 -0.0014575792601193237
leaf_weight=100 102 165 125 106 113 695 104 161 123 6209 178 127 112 161
leaf_count=100 102 165 125 106 113 695 104 161 123 6209 178 127 112 161
internal_value=5.3144e-05 7.33452e-05 0.00104709 4.65654e-05 7.64741e-05 -0.000479857 -0.00166187 0.000161557 -0.000772694 0.000217443 0.00113543 -4.3529e-05 0.000123498 -0.000180213
internal_weight=8581 8481 227 8254 8089 1073 217 7016 396 6620 411 233 235 856
internal_count=8581 8481 227 8254 8089 1073 217 7016 396 6620 411 233 235 856
cat_boundaries=0 1 2
cat_threshold=3145804 17
is_linear=0
shrinkage=0.03


Tree=281
num_leaves=15
num_cat=0
split_feature=31 2 23 25 24 27 24 31 27 23 21 27 24 24
split_gain=0.391697 0.295218 0.540218 0.366955 0.46783 0.462376 0.312589 0.285354 0.420661 0.635928 0.53407 0.462911 0.661459 0.414977
threshold=0.057386724977567159 1.0000000180025095e-35 127.50000000000001 0.59003601440576248 21.811333333332662 13.999334490740742 770.65416666668386 1.548166151126823 13.999577546296299 145.50000000000003 53.500000000000007 13.999762731481484 5.7378333333335476 1.8535000000000084
decision_type=8 2 2 10 10 2 10 8 2 2 2 2 8 10
left_child=-1 6 3 4 -3 -6 7 13 9 10 -9 -10 -13 -2
right_child=1 2 -4 -5 5 -7 -8 8 11 -11 -12 12 -14 -15
leaf_value=-0.001879862936027348 -0.0019031690241776652 -0.0012473777466692735 -0.0014298030321107439 -0.0016270443412193328 0.0020784040209806003 0.00011374177499461579 0.0016879172463875227 -4.7207944225801311e-05 0.0014766689503800422 0.0017772267861753874 -0.0014019946435576034 0.0024528768456075337 0.00017466292978317844 -0.00010658904107487888
leaf_weight=100 121 148 346 109 149 390 107 968 323 131 359 120 2596 2647
leaf_count=100 121 148 346 109 149 390 107 968 323 131 359 120 2596 2647
internal_value=-1.32222e-05 8.70214e-06 -0.000440131 -9.94755e-06 0.000246622 0.000656849 7.82312e-05 5.45235e-05 0.000202032 -0.00021687 -0.000413725 0.000403006 0.00027532 -0.000185125
internal_weight=8614 8514 1142 796 687 539 7372 7265 4497 1458 1327 3039 2716 2768
internal_count=8614 8514 1142 796 687 539 7372 7265 4497 1458 1327 3039 2716 2768
is_linear=0
shrinkage=0.03


Tree=282
num_leaves=15
num_cat=1
split_feature=31 38 30 32 0 1 1 17 32 1 27 1 27 36
split_gain=0.251832 0.399895 0.254194 0.783406 0.231304 0.246505 0.315992 0.202468 0.187769 0.303421 0.993241 0.356638 0.498622 0.290442
threshold=0.1106014271151886 2.339954998248738 327.65000000000003 25.500000000000004 14.500000000000002 40.500000000000007 79.500000000000014 3.5000000000000004 2.5000000000000004 17.500000000000004 13.999623842592593 25.500000000000004 13.999496527777781 0
decision_type=8 2 2 2 2 2 2 2 2 2 2 2 2 9
left_child=-1 2 4 -4 7 -6 -7 8 9 10 -2 -11 13 -13
right_child=1 -3 3 -5 5 6 -8 -9 -10 11 -12 12 -14 -15
leaf_value=0.0013359721372104133 0.0025142098141701093 -0.0018477576839846532 0.0024236849025689646 -0.00079948624919276101 -0.0015974720953542193 0.0011097356076918054 -0.001027212220747274 0.0013299710639636032 -9.2345334044043102e-05 -0.0015964666678171073 -0.0011280413986853907 -0.0013682634339978298 0.0010601478591408641 0.00027611643767594851
leaf_weight=121 182 109 142 130 174 107 149 100 6363 105 107 170 366 207
leaf_count=121 182 109 142 130 174 107 149 100 6363 105 107 170 366 207
internal_value=-2.29127e-05 -4.24616e-05 -1.87592e-05 0.000883199 -4.93112e-05 -0.000726216 -0.000134035 -1.10126e-05 -2.88924e-05 0.00032621 0.00116569 4.0112e-05 0.000271392 -0.000494351
internal_weight=8532 8411 8302 272 8030 430 256 7600 7500 1137 289 848 743 377
internal_count=8532 8411 8302 272 8030 430 256 7600 7500 1137 289 848 743 377
cat_boundaries=0 1
cat_threshold=20
is_linear=0
shrinkage=0.03


Tree=283
num_leaves=15
num_cat=0
split_feature=22 25 32 21 25 22 30 22 1 25 17 27 22 38
split_gain=0.269544 1.00343 1.96096 1.04336 0.313551 0.280055 0.294564 0.199411 0.711363 0.608333 0.281838 0.258307 0.498837 0.579641
threshold=7391.3750000000009 0.32250000000000006 7.5000000000000009 165.3666666666667 0.39791666666666675 6402.0500000000002 122.50000000000001 4264.1500000000005 44.500000000000007 0.43223443223443231 3.5000000000000004 28.365295138888893 1642.0350000000003 1.1793387453695685
decision_type=2 8 2 2 10 2 2 2 2 10 2 2 2 2
left_child=5 3 -3 -2 -4 7 -7 10 -9 -10 11 -1 13 -13
right_child=1 2 4 -5 -6 6 -8 8 9 -11 -12 12 -14 -15
leaf_value=1.399885859454336e-05 0.00050330018517741131 0.0050838414006778646 0.0013758009837263009 -0.0030638927396567954 -0.00061976097667973266 0.00040079555903715122 -0.0015548033733648479 -0.00051893876641727506 0.0031091055483382221 3.7939190255360474e-05 0.0015227686322182039 -0.0017822962068307564 -0.0011986379208158214 0.00051964605416801265
leaf_weight=5882 233 106 132 108 153 103 212 254 133 103 102 122 492 510
leaf_count=5882 233 106 132 108 153 103 212 254 133 103 102 122 492 510
internal_value=1.21253e-05 0.000562893 0.00160018 -0.000626485 0.000304499 -3.88241e-05 -0.000915354 -2.48467e-06 0.000582874 0.00176872 -4.28372e-05 -6.56308e-05 -0.00048234 7.52838e-05
internal_weight=8645 732 391 341 285 7913 315 7598 490 236 7108 7006 1124 632
internal_count=8645 732 391 341 285 7913 315 7598 490 236 7108 7006 1124 632
is_linear=0
shrinkage=0.03


Tree=284
num_leaves=15
num_cat=1
split_feature=24 38 32 21 24 38 24 28 38 37 1 30 30 31
split_gain=0.257224 0.21887 2.13176 0.308324 0.336296 0.382278 0.296058 0.666955 0.465965 0.392834 0.703361 0.594413 0.623619 0.527232
threshold=770.65416666668386 2.2273705780388373 3.5000000000000004 208.16666666666671 2.6950000000000736 1.6968682086004436 172.41716666666329 20.991348379629631 1.3194820866368053 0 44.500000000000007 181.10000000000002 269.52500000000003 2.4583729458101327
decision_type=10 2 2 2 8 2 10 2 2 9 2 2 2 10
left_child=1 3 -3 4 5 -1 9 -8 -9 10 11 -6 -13 -12
right_child=-2 2 -4 -5 6 -7 7 8 -10 -11 13 12 -14 -15
leaf_value=-0.0024034093926878228 0.0013548267183225017 -0.0023918343213436563 0.0033386756212243603 -0.0013895030819750841 0.00058230512363335147 2.7466801488224196e-05 -0.00038839494789282757 0.0027582107285890624 -9.0125608132802872e-05 -4.8819658224157283e-05 0.0018805523267146781 -0.0017257180351893915 0.0010451917251681579 -0.00011992722176918131
leaf_weight=114 121 103 135 155 642 119 2552 107 100 3484 435 258 102 163
leaf_count=114 121 103 135 155 642 119 2552 107 100 3484 435 258 102 163
internal_value=-1.85954e-05 -3.8218e-05 0.000858665 -6.41515e-05 -3.87144e-05 -0.00116189 -5.34712e-06 -0.000255552 0.0013822 0.000130435 0.00051783 3.51439e-05 -0.000940627 0.00133527
internal_weight=8590 8469 238 8231 8076 233 7843 2759 207 5084 1600 1002 360 598
internal_count=8590 8469 238 8231 8076 233 7843 2759 207 5084 1600 1002 360 598
cat_boundaries=0 1
cat_threshold=2284334500
is_linear=0
shrinkage=0.03


Tree=285
num_leaves=15
num_cat=1
split_feature=37 31 31 22 22 33 38 24 12 24 1 23 0 30
split_gain=0.194761 0.541267 0.378709 0.288222 0.464755 0.479361 0.471123 0.453062 0.434288 0.394253 0.538259 0.922336 0.409226 0.341526
threshold=0 0.23920529801324505 0.35714348202647267 1262.2103750000003 1380.1940000000002 1.0000000180025095e-35 1.6910544634653537 550.35749999999314 1.0000000180025095e-35 246.96533333333753 47.500000000000007 110.50000000000001 5.5000000000000009 240.05000000000004
decision_type=9 8 8 2 2 2 2 10 2 10 2 2 2 2
left_child=2 -2 -1 8 -5 7 -7 9 -4 12 11 -11 -6 -13
right_child=1 -3 3 4 5 6 -8 -9 -10 10 -12 13 -14 -15
leaf_value=0.0015401281900891 -0.0022389686159541775 -8.4584766845744743e-05 0.00023254762464718496 -0.0013843513511254738 0.00061259924136703055 0.0017433517664282585 -0.00026451984876378745 -0.0015804865069355795 0.0020575828307376402 -0.00045088275935233172 -0.0006248023757862664 0.0037296334766554382 -0.00063392369856502667 0.0013972479927792283
leaf_weight=168 109 2829 2554 239 310 253 180 191 123 167 215 106 1007 121
leaf_count=168 109 2829 2554 239 310 253 180 191 123 167 215 106 1007 121
internal_value=3.37678e-05 -0.000163955 0.000136923 9.40457e-05 -0.000119382 -8.21833e-07 0.000908671 -0.000186845 0.000316402 -4.86382e-05 0.000582559 0.0012414 -0.000340513 0.00248638
internal_weight=8572 2938 5634 5466 2789 2550 433 2117 2677 1926 609 394 1317 227
internal_count=8572 2938 5634 5466 2789 2550 433 2117 2677 1926 609 394 1317 227
cat_boundaries=0 1
cat_threshold=1984962016
is_linear=0
shrinkage=0.03


Tree=286
num_leaves=15
num_cat=2
split_feature=1 1 25 21 1 21 37 16 35 0 23 5 23 32
split_gain=0.468015 0.670936 0.481953 0.405405 0.304206 0.501572 0.301261 0.454878 0.48546 0.395729 0.547223 0.386061 0.273685 0.316669
threshold=72.500000000000014 81.500000000000014 0.49489795918367352 210.14166666666671 67.500000000000014 69.65000000000002 0 1.0000000180025095e-35 1 6.5000000000000009 49.500000000000007 0.080100000000000018 121.50000000000001 6.5000000000000009
decision_type=2 2 8 2 2 2 9 2 1 2 2 2 2 2
left_child=3 12 6 4 -1 -6 9 8 11 -3 -11 -8 13 -2
right_child=1 2 -4 -5 5 -7 7 -9 -10 10 -12 -13 -14 -15
leaf_value=6.4607911543608566e-05 -0.002236741111930314 -0.0025922265612531364 0.0005158411672407518 0.001871843399507377 0.0023220425393271574 -0.00045591532421300631 -0.00094240718001277523 0.0011663855007441526 -0.0020049426811701598 -0.0019747900595342167 0.00074938495850304415 0.0010743423701258354 -0.0029039814504379828 -6.1011187849510316e-05
leaf_weight=6252 110 126 634 119 139 101 176 178 143 127 139 166 101 133
leaf_count=6252 110 126 634 119 139 101 176 178 143 127 139 166 101 133
internal_value=1.42368e-05 -0.000383833 -0.000137877 0.00013665 0.000104844 0.00115299 -0.000530727 -0.00012877 -0.000606761 -0.00117725 -0.000551255 3.54465e-05 -0.00159145 -0.00104591
internal_weight=8644 2033 1689 6611 6492 240 1055 663 485 392 266 342 344 243
internal_count=8644 2033 1689 6611 6492 240 1055 663 485 392 266 342 344 243
cat_boundaries=0 1 2
cat_threshold=171444228 5
is_linear=0
shrinkage=0.03


Tree=287
num_leaves=15
num_cat=0
split_feature=3 27 27 21 22 31 31 25 23 7 0 27 31 7
split_gain=0.157795 0.16011 1.06175 1.66666 0.847879 0.605107 0.319231 0.366266 0.355164 0.400994 0.600981 0.352506 0.340046 0.35355
threshold=1.0000000180025095e-35 13.957650462962965 13.999322916666669 49.583333333333336 12726.200000000003 0.40720431576072119 6.3930205949656758 0.91827956989247317 74.500000000000014 1.0000000180025095e-35 5.5000000000000009 12.998234953703706 0.95670914542728658 1.5000000000000002
decision_type=2 2 2 2 2 8 8 8 2 2 2 2 10 2
left_child=1 5 3 -3 -4 -1 8 -8 9 10 -7 -10 -11 -14
right_child=-2 2 4 -5 -6 6 7 -9 11 12 -12 -13 13 -15
leaf_value=-0.0024480164590855373 -0.0012684132019742667 -0.00031028599041152974 -4.5697318097883977e-05 0.0044437270235916796 -0.0027022632873109119 -0.0013249319733535548 0.0021797919088920345 -0.00025427365510085644 -0.00038649819596790736 0.00046431644305177939 0.0011730524450897725 -0.0025625979920091517 -0.00051386798161627415 -0.0022993077194583345
leaf_weight=114 102 147 6351 121 110 115 103 121 155 205 352 118 383 135
leaf_count=114 102 147 6351 121 110 115 103 121 155 205 352 118 383 135
internal_value=-9.54441e-05 -8.1418e-05 -1.41765e-05 0.00183612 -9.0926e-05 -0.00033265 -0.000189703 0.000864962 -0.000351182 -0.000127299 0.000557917 -0.00132708 -0.000569894 -0.000979185
internal_weight=8632 8530 6729 268 6461 1801 1687 224 1463 1190 467 273 723 518
internal_count=8632 8530 6729 268 6461 1801 1687 224 1463 1190 467 273 723 518
is_linear=0
shrinkage=0.03


Tree=288
num_leaves=15
num_cat=0
split_feature=31 24 13 23 17 38 23 31 31 22 23 31 30 22
split_gain=0.376401 0.635251 0.252897 0.582587 0.536831 0.596374 0.68382 0.568113 0.536292 0.526685 0.403858 0.638456 0.428698 0.424608
threshold=0.057386724977567159 28.479666666670241 0.50000000000000011 101.50000000000001 1.5000000000000002 1.4889697469155325 57.500000000000007 1.5380656807169777 1.6406667080513999 2488.8378750000002 120.50000000000001 0.35714348202647267 134.50000000000003 9.8750000000000018
decision_type=10 10 2 2 2 2 2 10 10 2 2 10 2 2
left_child=1 -1 10 4 5 -4 -7 -6 -5 -10 11 -2 13 -13
right_child=2 -3 3 8 7 6 -8 -9 9 -11 -12 12 -14 -15
leaf_value=-0.00017362947124948211 0.0015186274153331577 -0.0028704032611204396 0.00039263643847056186 -0.00198925720463871 -0.0018622399445852114 0.0042645636995968577 0.0012460071676410735 0.0010153601524636965 -0.00047831980650886322 0.0017568417965371939 0.00035228063348650138 -0.0018254710853140314 -0.00062297648864646901 3.2319664020614874e-05
leaf_weight=282 191 109 245 133 107 110 175 146 325 134 1697 115 1763 2977
leaf_count=282 191 109 245 133 107 110 175 146 325 134 1697 115 1763 2977
internal_value=-1.62483e-05 -0.000925416 2.75414e-05 0.000398345 0.00093529 0.00147802 0.00241106 -0.000201649 -0.000311838 0.000174211 -4.8071e-05 -0.000182712 -0.000249644 -3.67767e-05
internal_weight=8509 391 8118 1375 783 530 285 253 592 459 6743 5046 4855 3092
internal_count=8509 391 8118 1375 783 530 285 253 592 459 6743 5046 4855 3092
is_linear=0
shrinkage=0.03


Tree=289
num_leaves=15
num_cat=3
split_feature=31 38 37 30 6 13 38 21 37 31 38 38 37 31
split_gain=0.415562 0.39402 0.344523 0.548836 0.600883 0.331746 0.682005 0.630137 0.387772 0.263261 0.185171 0.572599 0.436757 0.582323
threshold=0.1106014271151886 2.339954998248738 0 72.500000000000014 1.5000000000000002 1.0000000180025095e-35 1.5786809079209496 24.833333333333339 1 1.438630657310243 1.6267220890768377 1.4548797697317022 2 1.5004810776138553
decision_type=8 2 9 2 2 2 2 2 9 10 2 2 9 8
left_child=-1 2 3 4 5 6 7 -2 -7 -10 11 -4 13 -12
right_child=1 -3 10 -5 -6 8 -8 -9 9 -11 12 -13 -14 -15
leaf_value=0.0017574752943918985 -0.002448838598760111 -0.0017953488263551013 -1.0395287464619021e-05 0.00099359417064605565 -0.0029827329949563683 0.00027529126130650903 0.0022062322567828231 0.00083009300298795522 -0.0027476409884343903 -0.00074078799992361485 -0.00044538563104449874 0.00075115276009709653 -0.0002625018556640857 0.0026094623414041375
leaf_weight=119 105 112 3655 171 106 119 100 106 139 102 108 1174 2345 117
leaf_count=119 105 112 3655 171 106 119 100 106 139 102 108 1174 2345 117
internal_value=-3.00971e-06 -2.7776e-05 -4.05868e-06 -0.000539405 -0.000883725 -0.000552138 0.000165547 -0.000801603 -0.00117214 -0.00182264 6.51737e-05 0.000174748 -0.000140462 0.00109449
internal_weight=8578 8459 8347 948 777 671 311 211 360 241 7399 4829 2570 225
internal_count=8578 8459 8347 948 777 671 311 211 360 241 7399 4829 2570 225
cat_boundaries=0 1 2 3
cat_threshold=1210581127 1074266240 72388680
is_linear=0
shrinkage=0.03


Tree=290
num_leaves=15
num_cat=0
split_feature=28 1 38 21 28 32 1 32 0 1 13 21 27 22
split_gain=0.274139 0.838738 0.695743 0.631921 0.537719 0.488566 0.432866 0.412412 0.610706 0.445581 0.380845 0.366489 0.361529 0.424462
threshold=3.5639699074074076 18.500000000000004 2.339954998248738 169.03333333333336 2.7889699074074081 22.500000000000004 18.500000000000004 2.5000000000000004 6.5000000000000009 16.500000000000004 1.0000000180025095e-35 102.35000000000001 13.999809027777781 1349.3500000000001
decision_type=2 2 2 2 2 2 2 2 2 2 2 2 2 2
left_child=2 5 4 11 6 10 7 8 -1 12 -2 -3 -9 -14
right_child=1 3 -4 -5 -6 -7 -8 9 -10 -11 -12 -13 13 -15
leaf_value=0.002871805194265678 -0.00018784873335101602 0.00056967328697136446 -0.0024231002721577309 0.002518674187743826 -0.0016518738373844442 0.00063729063363444113 -0.00020070627816763301 -0.00055777428092759296 -4.4214531649337258e-06 0.0020901380378287285 -0.0016906152305233735 -0.00044854839974942134 0.0015858267696777645 -0.0001063819498189592
leaf_weight=137 271 1788 117 133 190 213 3683 539 129 100 345 387 213 357
leaf_count=137 271 1788 117 133 190 213 3683 539 129 100 345 387 213 357
internal_value=-6.27434e-06 0.00021726 -0.000134587 0.000511253 -8.45202e-05 -0.000601238 -2.67852e-05 0.000407487 0.00147694 0.000172189 -0.0010295 0.0003885 -7.55267e-07 0.00052597
internal_weight=8602 3137 5465 2308 5348 829 5158 1475 266 1209 616 2175 1109 570
internal_count=8602 3137 5465 2308 5348 829 5158 1475 266 1209 616 2175 1109 570
is_linear=0
shrinkage=0.03


Tree=291
num_leaves=15
num_cat=1
split_feature=31 28 31 31 37 0 0 1 25 31 28 1 25 30
split_gain=0.516733 0.352989 0.250965 0.721243 0.406587 0.241362 0.439125 0.609138 0.599864 0.801195 0.464455 0.339451 0.29455 0.284732
threshold=0.1106014271151886 26.983998842592595 2.4757543249946594 2.4177913468856578 0 3.5000000000000004 5.5000000000000009 5.5000000000000009 0.4777667984189724 1.3722167243938646 0.83592013888888894 30.500000000000004 0.30384615384615393 222.10000000000002
decision_type=8 2 8 10 9 2 2 2 10 10 2 2 8 2
left_child=-1 2 3 5 -4 12 7 -7 9 11 -11 -9 -2 -8
right_child=1 -3 4 -5 -6 6 13 8 -10 10 -12 -13 -14 -15
leaf_value=0.0018213166159888109 0.00033058809265551134 -0.0016649954760214313 -0.00096875239370881753 0.0025781765475516539 -7.2891553943752973e-05 -0.00077996823202201361 4.5883118699006544e-05 0.0017010868272251066 -0.00026887306143985465 0.0016717874144587927 0.0041374254249461478 -0.00035285128975551375 -0.0015920392253474347 -0.00071593793564672875
leaf_weight=135 123 120 565 103 2231 215 3563 119 235 171 115 185 172 504
leaf_count=135 123 120 565 103 2231 215 3563 119 235 171 115 185 172 504
internal_value=-2.00232e-05 -4.95424e-05 -2.61892e-05 9.13689e-05 -0.000257648 4.39529e-05 9.21484e-05 0.000642263 0.0010129 0.00152344 0.00266322 0.000451157 -0.000790401 -4.8525e-05
internal_weight=8556 8421 8301 5505 2796 5402 5107 1040 825 590 286 304 295 4067
internal_count=8556 8421 8301 5505 2796 5402 5107 1040 825 590 286 304 295 4067
cat_boundaries=0 1
cat_threshold=616574978
is_linear=0
shrinkage=0.03


Tree=292
num_leaves=15
num_cat=0
split_feature=23 38 29 22 31 1 23 38 1 1 38 1 27 24
split_gain=0.275365 0.582039 3.24498 0.522551 0.395826 0.382206 0.368976 0.360519 0.358917 0.732264 0.476535 0.321479 0.63768 0.274947
threshold=14.500000000000002 2.2531680947673558 2.5000000000000004 10353.798000000001 0.46316937957065346 40.500000000000007 20.500000000000004 1.1949393728054949 45.500000000000007 22.500000000000004 1.339851723940054 14.500000000000002 13.999832175925928 7.486666666665756
decision_type=2 2 2 2 10 2 2 2 2 2 2 2 2 8
left_child=4 3 -3 6 -1 7 8 -6 9 10 -2 12 -9 -8
right_child=1 2 -4 -5 5 -7 13 11 -10 -11 -12 -13 -14 -15
leaf_value=-0.0021596350602649016 0.00011110530113084959 0.0053143589304653566 -0.0021444160935173455 -0.0020925383968278767 0.00043975757653489549 0.00087038936208694902 -0.00084011533054410175 -0.0021094523686132662 0.0020682539663046296 -0.0015458071466702911 0.0028580012698231337 -0.0023712239644179743 0.0010847741639736341 3.4725377088424089e-05
leaf_weight=113 130 106 104 104 177 199 340 113 149 124 101 135 112 6591
leaf_count=113 130 106 104 104 177 199 340 113 149 124 101 135 112 6591
internal_value=6.4577e-06 6.2654e-05 0.00162049 1.92603e-05 -0.000506458 -0.000252641 4.87999e-05 -0.000668811 0.000832523 0.000313864 0.00131213 -0.00121386 -0.000519437 -8.18991e-06
internal_weight=8598 7749 210 7539 849 736 7435 537 504 355 231 360 225 6931
internal_count=8598 7749 210 7539 849 736 7435 537 504 355 231 360 225 6931
is_linear=0
shrinkage=0.03


Tree=293
num_leaves=15
num_cat=0
split_feature=22 28 22 5 29 0 7 22 21 28 25 28 32 21
split_gain=0.25267 1.62901 0.989224 0.320649 0.343232 0.273706 0.318858 0.259532 0.20509 0.175687 0.447867 0.30779 0.286475 0.213366
threshold=9234.8000000000011 2.9389178240740743 11720.000000000002 0.56350000000000011 1.5000000000000002 14.500000000000002 1.0000000180025095e-35 457.10000000000008 42.333333333333336 21.930173611111112 0.51925925925925942 15.448998842592594 17.500000000000004 84.950000000000003
decision_type=2 2 2 2 2 2 2 2 2 2 10 2 2 2
left_child=3 2 -2 5 7 9 -7 -5 -8 11 -11 13 -13 -1
right_child=1 -3 -4 4 -6 6 8 -9 -10 10 -12 12 -14 -15
leaf_value=-6.4015705715632175e-05 0.00065096071140922516 0.0030749989616930301 -0.0030167849966136811 -0.001111527252531446 -0.0018258711282113517 -0.0016664887595199242 -0.00096114611356125129 0.0010285601787515641 0.00086616282374992718 -0.00035286704885686255 0.0021545391202343728 7.0151519660915549e-05 -0.0017508589018951858 0.00029943298182690621
leaf_weight=4669 182 163 104 102 185 189 104 102 118 139 119 144 169 2111
leaf_count=4669 182 163 104 102 185 189 104 102 118 139 119 144 169 2111
internal_value=-1.14245e-05 0.000681412 -0.000682765 -4.95896e-05 -0.0008901 -7.46668e-06 -0.000760872 -4.14835e-05 1.01262e-05 3.46568e-05 0.00080365 6.68552e-06 -0.000913078 4.91466e-05
internal_weight=8600 449 286 8151 389 7762 411 204 222 7351 258 7093 313 6780
internal_count=8600 449 286 8151 389 7762 411 204 222 7351 258 7093 313 6780
is_linear=0
shrinkage=0.03


Tree=294
num_leaves=15
num_cat=5
split_feature=38 27 22 35 37 37 38 38 28 37 38 37 38 38
split_gain=0.875951 1.37278 0.274418 0.200486 0.405001 0.298114 0.321654 0.323261 0.403254 0.693708 0.296005 0.459283 0.273488 0.394053
threshold=2.2531680947673558 13.999704861111114 11720.000000000002 0 1 2 1.9714455960607926 1.5629398586109053 0.783269675925926 3 1.1755554586579682 4 1.1118716878160746 1.2615948689229814
decision_type=2 2 2 1 9 9 2 2 2 9 2 9 2 2
left_child=2 -2 3 4 -1 -5 7 10 9 -9 -7 -12 -6 -14
right_child=1 -3 -4 5 12 6 -8 8 -10 -11 11 -13 13 -15
leaf_value=0.0013043133851650113 0.0044867083626799285 -0.00044788703150613218 -0.0014181688550587107 -0.00038533894101889463 -0.00052761018851051804 0.0010413026646968204 -0.0014046152784888233 -0.00065393612148267595 0.0026639415867626666 0.0021341209205687603 -0.0018713151247080849 9.2393636134093489e-05 0.00088184611094136204 3.5284369392147698e-05
leaf_weight=243 100 103 123 2112 597 181 105 194 100 124 127 495 582 3305
leaf_count=243 100 103 123 2112 597 181 105 194 100 124 127 495 582 3305
internal_value=3.5981e-05 0.00198295 -1.17065e-05 9.48086e-06 0.000136132 -0.000164573 0.000187308 0.000325739 0.0010023 0.000479777 -2.64453e-05 -0.000337157 7.00636e-05 0.00016204
internal_weight=8491 203 8288 8165 4727 3438 1326 1221 418 318 803 622 4484 3887
internal_count=8491 203 8288 8165 4727 3438 1326 1221 418 318 803 622 4484 3887
cat_boundaries=0 1 2 3 4 5
cat_threshold=14 36180232 843070316 8404992 2149580802
is_linear=0
shrinkage=0.03


Tree=295
num_leaves=15
num_cat=2
split_feature=28 24 15 24 26 37 30 21 2 28 27 37 21 25
split_gain=0.335088 0.508024 0.277697 0.242566 0.22815 0.227677 0.196286 0.537596 0.271579 0.293811 0.284055 0.236635 0.28382 0.24703
threshold=15.448998842592594 263.3524999999924 1.0000000180025095e-35 403.83366666667052 0.039230769230769243 0 368.50000000000006 193.00000000000003 1.0000000180025095e-35 9.0992534722222249 11.66547453703704 1 171.96666666666667 0.15000000000000005
decision_type=2 10 2 10 10 9 2 2 2 2 2 9 2 10
left_child=2 4 5 -3 -2 -1 7 8 11 10 -10 -7 13 -13
right_child=1 3 -4 -5 -6 6 -8 -9 9 -11 -12 12 -14 -15
leaf_value=0.0014216611291641159 -0.0017520569840381046 0.001554174868940291 0.0013606323282702925 -0.00040810192087426396 -0.00024940346726115873 -0.00013729864700349535 -0.0011590762869573396 0.0018322059849042833 0.0012939831272565892 -0.0015752251470230131 -0.00036672506160383887 0.0013333825381239876 -0.00099476170043941506 0.00025365674257088157
leaf_weight=106 263 110 161 117 139 1962 113 158 105 158 791 200 157 4104
leaf_count=106 263 110 161 117 139 1962 113 158 105 158 791 200 157 4104
internal_value=7.49534e-05 -0.000591807 0.000127279 0.000542781 -0.00123248 0.000101997 8.20017e-05 0.000100477 6.38834e-05 -0.000382445 -0.000172111 0.000137125 0.00025755 0.00030383
internal_weight=8644 629 8015 227 402 7854 7748 7635 7477 1054 896 6423 4461 4304
internal_count=8644 629 8015 227 402 7854 7748 7635 7477 1054 896 6423 4461 4304
cat_boundaries=0 1 2
cat_threshold=1028 763678747
is_linear=0
shrinkage=0.03


Tree=296
num_leaves=15
num_cat=4
split_feature=37 36 22 35 30 31 25 25 38 36 38 13 25 30
split_gain=0.269989 0.547466 0.779702 0.329442 0.631662 0.320201 0.344642 0.307411 0.288199 0.349467 0.343258 0.283469 0.278233 0.493704
threshold=0 1 9133.2278750000023 2 213.07500000000002 6.3930205949656758 0.53518821603927991 0.59003601440576248 1.8069644002058622 3 1.4924116313016074 0.50000000000000011 0.22290322580645164 198.60000000000002
decision_type=9 9 2 1 2 10 10 10 2 9 2 2 10 2
left_child=3 -2 5 4 7 6 11 8 9 -1 -11 -3 13 -5
right_child=1 2 -4 12 -6 -7 -8 -9 -10 10 -12 -13 -14 -15
leaf_value=-0.0017418805147513168 -0.0017573491614222383 -0.00035433550568544122 0.0024037347931541429 0.00071217948013114021 0.0026311005076020957 0.00090995311805114473 -0.0013751640911237168 0.0017132601271150634 0.0014423371237867019 0.0008383271733849552 -0.0012177474320762688 0.001111725404535781 -8.8154196859364771e-05 -0.0011338426573447098
leaf_weight=106 198 1264 103 917 125 184 277 115 102 226 108 131 4550 152
leaf_count=106 198 1264 103 917 125 184 277 115 102 226 108 131 4550 152
internal_value=-2.93716e-06 -0.000292421 -0.000136185 9.49214e-05 0.000667826 -0.000277873 -0.000408591 0.00030446 5.54514e-06 -0.000327529 0.000168445 -0.000216662 1.41451e-05 0.000449696
internal_weight=8558 2157 1959 6401 782 1856 1672 657 542 440 334 1395 5619 1069
internal_count=8558 2157 1959 6401 782 1856 1672 657 542 440 334 1395 5619 1069
cat_boundaries=0 1 2 3 4
cat_threshold=2331008406 32 2 7
is_linear=0
shrinkage=0.03


Tree=297
num_leaves=15
num_cat=3
split_feature=31 21 25 25 30 37 21 37 25 31 22 5 36 22
split_gain=0.247617 0.437866 0.363762 0.259976 0.226871 0.5224 0.228966 0.293323 0.71558 1.64311 1.17009 0.474153 0.329425 0.528522
threshold=56.721059113300505 2.7500000000000004 0.96666666666666679 0.70185185185185195 11.250000000000002 0 9.9166666666666696 1 0.30384615384615393 0.80220030067373205 3301.6500000000005 0.074150000000000008 2 6444.0500000000002
decision_type=8 2 10 8 2 9 2 9 10 10 2 2 9 2
left_child=1 -1 -2 4 5 -3 -6 8 10 -10 11 -8 -11 -14
right_child=2 3 -4 -5 6 -7 7 -9 9 12 -12 -13 13 -15
leaf_value=-0.0014796509353840581 0.0022456184091385113 0.00034700189571288461 9.968837069820111e-05 0.0015117657695497785 -0.00090936421954001363 -0.0020231026764891934 0.0011232651063407999 -3.2676270761480785e-05 0.0040187279709867196 0.0011638783616880828 -0.0028476287917557942 -0.00085904599521714059 0.0006156798909129253 -0.0012412783009559723
leaf_weight=177 110 180 201 105 221 146 265 5725 131 352 138 184 435 202
leaf_count=177 110 180 201 105 221 146 265 5725 131 352 138 184 435 202
internal_value=2.76877e-05 -3.5972e-06 0.000858699 2.87211e-05 9.20495e-06 -0.00076587 4.22213e-05 7.0518e-05 0.000414378 0.000861482 -0.000431639 0.000310915 0.000443283 2.64027e-05
internal_weight=8572 8261 311 8084 7979 326 7653 7432 1707 1120 587 449 989 637
internal_count=8572 8261 311 8084 7979 326 7653 7432 1707 1120 587 449 989 637
cat_boundaries=0 1 2 3
cat_threshold=171975056 976486412 20
is_linear=0
shrinkage=0.03


Tree=298
num_leaves=15
num_cat=1
split_feature=1 22 22 23 30 24 24 30 30 32 22 36 30 23
split_gain=0.235969 0.925796 0.8373 0.475632 0.673252 0.436384 0.550912 0.712401 0.453302 0.444179 0.426629 0.434927 0.543827 0.799538
threshold=47.500000000000007 10314.918 10820.35 20.500000000000004 39.500000000000007 397.60983333333633 234.50883333332607 199.10000000000002 50.500000000000007 20.500000000000004 305.90000000000003 0 171.25000000000003 122.50000000000001
decision_type=2 2 2 2 2 10 8 2 2 2 2 9 2 2
left_child=2 3 5 4 -2 6 10 8 -8 -9 -1 12 -12 -14
right_child=1 -3 -4 -5 -6 -7 7 9 -10 -11 11 -13 13 -15
leaf_value=0.000538485014889675 -0.00078564171691572189 -0.0027666779701048354 0.0026296452784504835 -0.00021862228686471346 0.0021393199746601562 -0.00076122041846436413 0.001730955730502804 0.0034544324782150595 -0.00033561440477740092 0.0011270379339733602 0.00072728376581909359 -0.00059183746910218473 -0.0011867427247138625 0.0011073033339940666
leaf_weight=963 114 122 117 3042 187 519 126 115 395 206 740 1288 437 199
leaf_count=963 114 122 117 3042 187 519 126 115 395 206 740 1288 437 199
internal_value=-8.66322e-06 -0.000199739 0.000121028 -0.00010606 0.00103153 6.21856e-05 0.00015781 0.000849124 0.00016417 0.00196084 -2.67637e-06 -0.000198299 0.000173115 -0.000468952
internal_weight=8570 3465 5105 3343 301 4988 4469 842 521 321 3627 2664 1376 636
internal_count=8570 3465 5105 3343 301 4988 4469 842 521 321 3627 2664 1376 636
cat_boundaries=0 1
cat_threshold=38
is_linear=0
shrinkage=0.03


Tree=299
num_leaves=15
num_cat=3
split_feature=31 38 37 37 0 38 5 1 0 31 37 25 25 1
split_gain=0.690334 0.322709 0.899996 0.498315 0.421612 0.454966 0.6807 0.440753 0.760453 0.510105 0.602555 0.358635 0.515675 0.460261
threshold=0.1106014271151886 1.6831209597979404 0 1 4.5000000000000009 1.8409241378457162 0.36035 13.500000000000002 6.5000000000000009 1.793377120963328 2 0.47913043478260875 0.33666666666666673 37.500000000000007
decision_type=8 2 9 9 2 2 2 2 2 10 9 10 10 2
left_child=-1 3 -3 -2 -4 6 11 8 -7 -9 -11 12 -6 -13
right_child=1 2 4 -5 5 7 -8 9 -10 10 -12 13 -14 -15
leaf_value=0.0020378143911653048 -0.00023130459291950472 0.0014463020071175086 0.00041786638902255243 0.00033973756357898502 -0.0023547904691456453 0.0027431955961305099 0.00053728453882381701 3.6474148243931789e-05 -0.00082983900749627332 -0.00011287507055444181 -0.0021707903023499273 -0.00416081925826695 -0.00035808648608617931 -0.0013038178730184341
leaf_weight=134 3482 208 334 2259 207 102 152 525 113 238 289 102 266 101
leaf_count=134 3482 208 334 2259 207 102 152 525 113 238 289 102 266 101
internal_value=-9.84391e-05 -0.000132607 -0.00040733 -6.41894e-06 -0.000569669 -0.000729829 -0.00127671 -0.000372436 0.000865275 -0.00062539 -0.00128474 -0.00168459 -0.00123191 -0.00273936
internal_weight=8512 8378 2637 5741 2429 2095 828 1267 215 1052 527 676 473 203
internal_count=8512 8378 2637 5741 2429 2095 828 1267 215 1052 527 676 473 203
cat_boundaries=0 1 2 3
cat_threshold=5800074 1216121486 268435456
is_linear=0
shrinkage=0.03


Tree=300
num_leaves=15
num_cat=0
split_feature=31 38 29 25 30 0 27 1 26 27 1 31 31 38
split_gain=0.772766 0.286607 0.231164 0.533419 0.688748 0.611965 0.73664 0.61685 0.467644 0.73052 0.499855 0.434269 0.419715 0.362315
threshold=0.1106014271151886 2.339954998248738 2.5000000000000004 0.43223443223443231 304.85000000000008 8.5000000000000018 29.99902777777778 34.500000000000007 0.020869565217391309 21.280138888888892 44.500000000000007 2.5201640784751711 1.7149703331811961 1.8371724978478265
decision_type=8 2 2 8 2 2 2 2 8 2 2 8 10 2
left_child=-1 2 -2 5 8 6 7 -4 9 -5 -10 -12 -7 -11
right_child=1 -3 3 4 -6 12 -8 -9 10 13 11 -13 -14 -15
leaf_value=0.0023783254570327698 -8.0714955904218533e-05 -0.0015053947944709632 0.0038892800151689405 0.0022359035846174638 0.0019606179959959528 -0.0016680074389128442 -0.00017029532671505065 0.0011362585870606102 -0.001762625105807338 0.00013466355721195416 -0.0009838594072072071 0.0015821095178355736 0.0010208032514367783 -0.0014405112254898993
leaf_weight=125 5824 112 146 136 149 104 135 147 284 864 142 102 105 155
leaf_count=125 5824 112 146 136 149 104 135 147 284 864 142 102 105 155
internal_value=3.68764e-05 2.05415e-06 2.24128e-05 0.000265676 5.65865e-06 0.00101348 0.00166326 0.00250807 -0.000167419 0.000170695 -0.000907042 8.87997e-05 -0.00031717 -0.000104936
internal_weight=8530 8405 8293 2469 1832 637 428 293 1683 1155 528 244 209 1019
internal_count=8530 8405 8293 2469 1832 637 428 293 1683 1155 528 244 209 1019
is_linear=0
shrinkage=0.03


Tree=301
num_leaves=15
num_cat=3
split_feature=23 37 31 38 21 32 35 16 37 24 7 7 28 23
split_gain=0.312134 0.246062 0.493155 0.353459 0.276273 0.558601 0.440303 0.436609 0.341686 0.292729 0.359369 0.259509 0.300691 0.646241
threshold=191.50000000000003 0 0.35714348202647267 2.1934073772180778 23.166666666666668 2.5000000000000004 1 1.0000000180025095e-35 2 22.589500000000992 1.0000000180025095e-35 1.0000000180025095e-35 3.130393518518519 141.50000000000003
decision_type=2 9 8 2 2 2 1 2 9 10 2 2 2 2
left_child=1 2 -1 4 5 8 7 -7 -4 10 -6 12 13 -11
right_child=-2 -3 3 -5 9 6 -8 -9 -10 11 -12 -13 -14 -15
leaf_value=0.0016819753696861795 0.00095214660231417354 -0.00024123844210868073 0.00046761568983969817 -0.0012607221433232076 -0.0019327641330892222 0.0023042239392032991 -0.00084770294165045031 -0.00017476672301702993 0.0029457178714519905 0.00072867425703299223 -4.0404391905809815e-05 -3.3831588324366284e-05 0.0014636404126322305 -0.0019825567526277153
leaf_weight=172 309 2898 109 179 150 117 234 141 114 379 227 3199 240 100
leaf_count=172 309 2898 109 179 150 117 234 141 114 379 227 3199 240 100
internal_value=1.60157e-05 -1.90085e-05 0.000101383 4.91868e-05 9.5988e-05 0.000641997 7.74646e-05 0.000914 0.00188751 5.09241e-06 -0.000793333 8.19189e-05 0.00059692 0.000162655
internal_weight=8568 8259 5361 5189 5010 715 492 258 223 4295 377 3918 719 479
internal_count=8568 8259 5361 5189 5010 715 492 258 223 4295 377 3918 719 479
cat_boundaries=0 1 2 3
cat_threshold=3189247286 26 570425604
is_linear=0
shrinkage=0.03


Tree=302
num_leaves=15
num_cat=1
split_feature=37 31 15 31 31 31 32 31 31 32 22 31 17 0
split_gain=0.476914 0.292877 0.406373 0.365621 0.422192 0.439499 0.327463 0.695279 0.575438 0.407326 0.658989 0.385317 0.334363 0.317435
threshold=0 2.2583927231807954 1.0000000180025095e-35 2.4177913468856578 2.4965495079846103 2.6228785436617055 3.5000000000000004 0.1799720450492425 0.40720431576072119 4.5000000000000009 3156.4052500000007 2.1736188001355781 2.5000000000000004 11.500000000000002
decision_type=9 10 2 10 10 10 2 8 8 2 2 10 2 2
left_child=-1 2 6 -3 -5 -6 7 -2 -9 10 -8 12 13 -11
right_child=1 3 -4 4 5 -7 9 8 -10 11 -12 -13 -14 -15
leaf_value=-0.00050215280770137764 -0.0024821432477963919 -0.0010759380601390355 0.0020833822147100479 0.0017266761470365636 -0.0013746149072282796 5.3970945281447458e-05 0.00038784529437266643 0.0021659868874806254 -0.00021118052528387891 0.0003841786501656688 0.0033611997538649189 0.0017148029708022358 -0.0015060555298347027 -0.00050524743309525455
leaf_weight=1239 110 318 109 122 215 1967 189 102 903 2540 104 159 100 421
leaf_count=1239 110 318 109 122 215 1967 189 102 903 2540 104 159 100 421
internal_value=4.00377e-05 0.000131827 0.000272811 -0.000122378 9.23313e-06 -8.67926e-05 0.000230168 -0.000217759 3.00842e-05 0.000372337 0.00144323 0.000274892 0.000200098 0.000257719
internal_weight=8598 7359 4737 2622 2304 2182 4628 1115 1005 3513 293 3220 3061 2961
internal_count=8598 7359 4737 2622 2304 2182 4628 1115 1005 3513 293 3220 3061 2961
cat_boundaries=0 1
cat_threshold=252261179
is_linear=0
shrinkage=0.03


Tree=303
num_leaves=15
num_cat=2
split_feature=37 38 23 38 38 37 0 31 0 38 28 25 32 30
split_gain=0.207799 0.320038 0.490322 0.462744 0.352798 0.312966 0.331145 0.256329 0.193801 0.183635 0.356415 0.362124 0.315806 0.373556
threshold=0 1.649064928204101 54.500000000000007 1.782176931283656 1.9714455960607926 1 6.5000000000000009 1.783196239717979 6.5000000000000009 1.2056994524678901 19.802771990740744 0.19000000000000003 30.500000000000004 260.75000000000006
decision_type=9 2 2 2 2 9 2 10 2 2 2 10 2 2
left_child=1 5 -3 -4 -5 6 -1 -8 -7 10 11 -2 13 -11
right_child=9 2 3 4 -6 8 7 -9 -10 12 -12 -13 -14 -15
leaf_value=-0.00056098442172279226 0.0013265161672607064 0.00067451150872637421 -0.0030111993707128263 0.00035350188905250852 -0.0017267045223366328 0.00040214156641417903 0.00052848467712613703 0.0023597131699833246 -0.0011531056103394216 0.00014843085051861844 0.0014467791915954782 -0.00038136597825421688 -0.00087284626338805533 0.0009593955867355236
leaf_weight=148 120 139 114 137 158 108 196 106 217 4483 117 1622 240 577
leaf_count=148 120 139 114 137 158 108 196 106 217 4483 117 1622 240 577
internal_value=3.64735e-05 -0.000307588 -0.000864798 -0.00138794 -0.000760643 8.24442e-05 0.00058845 0.00117123 -0.000617291 0.000100346 -0.000156063 -0.000263716 0.000190472 0.000240906
internal_weight=8482 1323 548 409 295 775 450 302 325 7159 1859 1742 5300 5060
internal_count=8482 1323 548 409 295 775 450 302 325 7159 1859 1742 5300 5060
cat_boundaries=0 1 2
cat_threshold=25264683 25165856
is_linear=0
shrinkage=0.03


Tree=304
num_leaves=15
num_cat=0
split_feature=38 31 30 32 0 23 32 24 23 28 32 1 24 30
split_gain=0.43465 0.416866 0.193723 0.549308 0.786368 1.22887 0.71191 0.628777 0.554858 0.50561 0.543343 0.458148 0.643408 0.438527
threshold=2.339954998248738 0.1106014271151886 181.10000000000002 11.500000000000002 5.5000000000000009 160.50000000000003 19.500000000000004 199.9661666666577 126.50000000000001 4.456510416666668 24.500000000000004 45.500000000000007 114.70683333333277 160.02500000000003
decision_type=2 8 2 2 2 2 2 10 2 2 2 2 10 2
left_child=1 -1 13 11 6 -6 -5 -8 -9 -7 -11 -4 -13 -3
right_child=-2 2 3 4 5 9 7 8 -10 10 -12 12 -14 -15
leaf_value=-0.0018987029152628468 0.0016835417947565605 2.9541289520200627e-05 -0.0018214099435868135 0.0024619600898706851 -0.00079236877937233013 -0.00031506143069490178 0.0020286300269743568 0.0007264815060457645 -0.0020963477741634427 0.003645368937363426 0.00069196255875657461 0.0014147151452714518 -0.0018106887080951012 0.00088800201568025217
leaf_weight=103 140 5128 302 193 1172 122 117 130 121 106 119 124 101 598
leaf_count=103 140 5128 302 193 1172 122 117 130 121 106 119 124 101 598
internal_value=2.56615e-05 -1.85191e-06 2.15941e-05 -0.000192777 2.6419e-05 -0.000328072 0.000986261 0.000212321 -0.000634325 0.0012401 0.00208335 -0.00105791 -3.31328e-05 0.000119195
internal_weight=8576 8436 8333 2607 2080 1519 561 368 251 347 225 527 225 5726
internal_count=8576 8436 8333 2607 2080 1519 561 368 251 347 225 527 225 5726
is_linear=0
shrinkage=0.03


Tree=305
num_leaves=15
num_cat=3
split_feature=21 37 13 2 7 30 5 21 36 37 30 38 30 38
split_gain=0.274829 0.224518 0.553333 0.253645 0.241532 0.249966 0.196808 0.353117 0.193535 0.20695 0.524027 0.395273 0.771434 0.260536
threshold=261.66666666666669 0 1.0000000180025095e-35 1.0000000180025095e-35 1.0000000180025095e-35 250.60000000000002 0.060650000000000003 59.833333333333336 1 2 14.250000000000002 1.9484141776421307 64.050000000000011 1.7506721901009119
decision_type=2 9 2 2 2 2 2 2 9 9 2 2 2 2
left_child=1 2 -1 8 -5 6 -6 -8 -3 10 -10 13 -13 -12
right_child=-2 3 -4 4 5 -7 7 -9 9 -11 11 12 -14 -15
leaf_value=0.0019818223551181808 0.0015974117831170263 0.0011717552959708238 -0.00033353152107200442 -0.0010705843787277621 0.00054872523624710631 -0.0014860549619708445 -0.0015815549533563986 0.00072372604122695821 -0.0022623166364953953 0.00013419687172333471 -0.00010168109122468612 0.00282658090235935 -0.00033423827290064077 -0.0010614679657043919
leaf_weight=175 101 127 198 362 368 103 134 108 108 5027 1201 114 178 323
leaf_count=175 101 127 198 362 368 103 134 108 108 5027 1201 114 178 323
internal_value=4.16808e-05 2.32515e-05 0.000733106 -1.01112e-05 -0.000439489 -0.000119073 0.000111746 -0.000552752 5.5088e-05 3.29525e-05 -0.000230904 -0.000111364 0.00089978 -0.0003051
internal_weight=8627 8526 373 8153 1075 713 610 242 7078 6951 1924 1816 292 1524
internal_count=8627 8526 373 8153 1075 713 610 242 7078 6951 1924 1816 292 1524
cat_boundaries=0 1 2 3
cat_threshold=263558 2 1689796656
is_linear=0
shrinkage=0.03


Tree=306
num_leaves=15
num_cat=1
split_feature=37 17 24 24 21 31 13 7 24 21 28 23 31 31
split_gain=0.21297 0.397191 0.350639 0.581846 0.542512 0.480923 0.322527 0.297431 0.758294 0.490063 0.290567 0.592832 0.671919 0.678312
threshold=0 2.5000000000000004 61.839166666663957 64.411999999999395 177.50000000000003 0.40720431576072119 0.50000000000000011 1.0000000180025095e-35 27.198500000000063 51.500000000000007 1.0800810185185188 170.50000000000003 3.6569070953420728 2.1097505018640668
decision_type=9 2 10 10 2 10 2 2 10 2 2 2 10 10
left_child=1 2 4 -4 6 -5 7 8 -1 -9 11 12 13 -7
right_child=-2 -3 3 5 -6 10 -8 9 -10 -11 -12 -13 -14 -15
leaf_value=-0.0014418769915401936 -0.0001471875311628543 -0.0012112656839631001 -0.0020849658496652928 0.0021314646746710087 0.0024482972465204788 0.00084598563153876123 0.0018296208307289211 0.0015975707553713748 0.0010838712282344339 1.9791686931957156e-05 -0.00022616495863760999 -0.0015381858857761151 0.0023094776538815473 -0.00062787500553428545
leaf_weight=250 3548 184 112 103 130 743 131 287 187 463 1652 136 169 452
leaf_count=250 3548 184 112 103 130 743 131 287 187 463 1652 136 169 452
internal_value=3.03674e-05 0.000156367 0.000208955 4.10681e-05 0.000599337 0.000114222 0.000416966 0.000261062 -0.000361065 0.000623555 4.83032e-05 0.000350584 0.000538907 0.000288509
internal_weight=8547 4999 4815 3367 1448 3255 1318 1187 437 750 3152 1500 1364 1195
internal_count=8547 4999 4815 3367 1448 3255 1318 1187 437 750 3152 1500 1364 1195
cat_boundaries=0 1
cat_threshold=2552806402
is_linear=0
shrinkage=0.03


Tree=307
num_leaves=15
num_cat=1
split_feature=38 32 22 30 30 28 38 1 38 37 0 0 32 38
split_gain=0.245646 1.55094 0.805996 0.685432 0.987851 0.447095 0.405972 0.455688 0.427415 0.287674 0.318676 0.275515 0.214117 0.212897
threshold=1.9806338863567723 1.5000000000000002 9756.2500000000018 53.500000000000007 98.500000000000014 1.0043287037037041 1.9347492405578874 39.500000000000007 1.9096757177354824 0 10.500000000000002 7.5000000000000009 11.500000000000002 1.6449715386631609
decision_type=2 2 2 2 2 2 2 2 2 9 2 2 2 2
left_child=6 -2 3 -3 -5 11 8 -8 9 10 13 12 -6 -1
right_child=1 2 -4 4 5 -7 7 -9 -10 -11 -12 -13 -14 -15
leaf_value=-0.00080516365999191454 -0.0020655716949678415 0.0028288871810606148 0.0034271325607604661 -0.0021000943005492446 0.0011644663677667269 -0.00077564485025714716 -0.0027705152194414822 3.7977706880570902e-05 0.0017399326413406015 -1.4287768729724124e-05 -0.002182164560176066 0.00023416722720653256 0.0031227864347868552 0.00078767391658454602
leaf_weight=269 179 107 109 128 100 104 105 103 120 6820 112 102 101 105
leaf_count=269 179 107 109 128 100 104 105 103 120 6820 112 102 101 105
internal_value=-1.65001e-05 0.000443833 0.00104195 0.000636986 0.000198606 0.000921538 -7.25795e-05 -0.00137977 -3.59654e-05 -6.51343e-05 -0.000762673 0.00150407 0.0021485 -0.000357977
internal_weight=8564 930 751 642 535 407 7634 208 7426 7306 486 303 201 374
internal_count=8564 930 751 642 535 407 7634 208 7426 7306 486 303 201 374
cat_boundaries=0 1
cat_threshold=1076101134
is_linear=0
shrinkage=0.03


Tree=308
num_leaves=15
num_cat=1
split_feature=37 23 31 31 1 1 30 30 28 11 1 28 23 21
split_gain=0.214564 0.493552 1.28109 1.23886 0.548141 0.423488 0.345349 0.440918 0.343913 0.323502 0.241171 0.750056 0.672978 0.471786
threshold=0 105.50000000000001 0.93764801073571225 0.32402189519023694 24.500000000000004 17.500000000000004 48.500000000000007 30.165000000000003 1.1232986111111114 1.0000000180025095e-35 25.500000000000004 9.0992534722222249 142.50000000000003 105.28333333333335
decision_type=9 2 8 8 2 2 2 2 2 2 2 2 2 2
left_child=10 3 -3 -2 5 6 7 -5 -7 -6 11 12 -1 -13
right_child=1 2 -4 4 9 8 -8 -9 -10 -11 -12 13 -14 -15
leaf_value=-0.00027314451024256506 0.0036338644182043415 -0.0032754740498944367 6.5123172698433184e-05 5.0047623214892816e-05 0.00010602173468554457 0.00099238549255871119 -0.00017219692109695945 0.0028602503913338294 0.0033316833901335485 -0.0016242669782458017 8.8801501186456031e-05 -0.0021237192587090694 0.0014754838790920961 -7.791906757380016e-06
leaf_weight=1555 105 119 784 101 1498 124 288 100 104 104 3038 294 227 140
leaf_count=1555 105 119 784 101 1498 124 288 100 104 104 3038 294 227 140
internal_value=3.476e-05 0.000222885 -0.000375111 0.000446572 0.000302257 0.000991685 0.000493839 0.00144816 0.00205943 -6.30662e-06 -8.46296e-05 -0.000322775 -5.03956e-05 -0.00144116
internal_weight=8581 3327 903 2424 2319 717 489 201 228 1602 5254 2216 1782 434
internal_count=8581 3327 903 2424 2319 717 489 201 228 1602 5254 2216 1782 434
cat_boundaries=0 1
cat_threshold=3481647400
is_linear=0
shrinkage=0.03


Tree=309
num_leaves=15
num_cat=2
split_feature=31 23 31 31 38 22 37 30 31 24 38 37 28 38
split_gain=0.335814 0.276454 0.317464 0.310398 0.345668 0.642076 0.906607 0.567019 0.490269 0.780799 0.467806 0.526644 0.444851 0.410396
threshold=0.057386724977567159 166.50000000000003 2.2152717697949975 9.8538461538461561 1.7865801197281941 288.4500000000001 0 98.500000000000014 1.438630657310243 103.51366666666524 1.6831209597979404 1 6.3706655092592603 2.1934073772180778
decision_type=8 2 8 10 2 2 9 2 10 10 2 9 2 2
left_child=-1 3 -3 4 10 6 -6 -7 9 -9 -2 -12 -13 -10
right_child=1 2 -4 -5 5 7 -8 8 13 -11 11 12 -14 -15
leaf_value=-0.0017813551912084222 2.6193322806047424e-05 -0.0017674894358933669 -0.00026110993743464758 -0.0014993318747592104 -0.00024196745547669707 -0.00067559651113968482 0.0033364834006886441 0.0034942723074296521 0.00053158428904134781 2.0679682331240693e-05 0.00082678975360336849 -0.0017701840321108018 0.00038236783571994382 -0.0012093791800076802
leaf_weight=100 5141 160 591 119 118 483 137 118 690 115 132 390 111 148
leaf_count=100 5141 160 591 119 118 483 137 118 690 115 132 390 111 148
internal_value=-5.30632e-05 -3.26173e-05 -0.000582043 2.09556e-05 4.48135e-05 0.000406681 0.00180193 0.000177731 0.000562565 0.00177984 -6.85599e-05 -0.000838112 -0.00126796 0.000224111
internal_weight=8553 8453 751 7702 7583 1809 255 1554 1071 233 5774 633 501 838
internal_count=8553 8453 751 7702 7583 1809 255 1554 1071 233 5774 633 501 838
cat_boundaries=0 1 2
cat_threshold=679493640 2288025600
is_linear=0
shrinkage=0.03


Tree=310
num_leaves=15
num_cat=0
split_feature=31 38 32 30 27 32 0 30 24 27 22 30 16 30
split_gain=0.336269 0.31229 0.573881 0.471845 0.381043 0.427583 0.324946 0.236038 0.193664 0.261955 0.287215 0.335833 0.550696 0.510043
threshold=0.1106014271151886 1.9347492405578874 11.500000000000002 32.165000000000006 13.999762731481484 6.5000000000000009 6.5000000000000009 111.50000000000001 20.675166666667213 17.003738425925928 1599.5000000000002 39.500000000000007 1.0000000180025095e-35 26.165000000000003
decision_type=8 2 2 2 2 2 2 2 8 2 2 2 2 2
left_child=-1 8 3 -3 7 -6 -4 -5 9 10 11 13 -13 -2
right_child=1 2 6 4 5 -7 -8 -9 -10 -11 -12 12 -14 -15
leaf_value=0.0014887235892914056 -0.00022217935120276116 0.00086484502277918028 0.0016718330170000112 -0.0012871237199052019 -0.0011742688390541445 -0.0035402500444693683 -0.00035461493412233385 0.00017941864461876278 4.3421655751681888e-05 0.0008924452526917478 -0.0018399510749379619 0.0015332737353697982 -0.0011309404366184024 -0.0026396056363591925
leaf_weight=124 263 109 134 232 178 112 152 172 6440 119 142 167 120 112
leaf_count=124 263 109 134 232 178 112 152 172 6440 119 142 167 120 112
internal_value=-6.22025e-05 -8.49562e-05 -0.000559126 -0.000970128 -0.00125833 -0.00208803 0.00059484 -0.000662754 -1.48257e-05 -0.000421232 -0.000615669 -0.000353059 0.000419317 -0.000944184
internal_weight=8576 8452 1089 803 694 290 286 404 7363 923 804 662 287 375
internal_count=8576 8452 1089 803 694 290 286 404 7363 923 804 662 287 375
is_linear=0
shrinkage=0.03


Tree=311
num_leaves=15
num_cat=2
split_feature=37 24 1 38 24 1 5 5 38 38 29 31 38 37
split_gain=0.381155 0.582729 0.363854 0.32974 0.413914 0.262674 0.361021 0.459736 0.301863 0.263362 1.41258 0.324225 0.260107 0.608087
threshold=0 46.047166666671409 96.500000000000014 1.2563607065540876 9.7263333333333168 140.50000000000003 0.34055000000000007 0.18465000000000001 1.4774399183061089 2.2273705780388373 2.5000000000000004 0.057386724977567159 1.6831209597979404 1
decision_type=9 10 2 2 10 2 2 2 2 2 2 10 2 9
left_child=1 2 3 -1 -5 9 7 8 -7 11 -11 -2 -13 -14
right_child=5 -3 -4 4 -6 6 -8 -9 -10 10 -12 12 13 -15
leaf_value=-0.00036462728246163152 -0.0016298477422678843 0.0022595334579781083 -0.0011867510144070569 0.0021696240971522296 -0.00020537040196359156 0.00069219386439027194 0.00066708242031148608 -0.0028773458830909718 -0.0014258025033190719 0.0031429236282577325 -0.0016281973349961262 6.427523542238828e-05 -0.002195914906250047 -0.00019330748002598089
leaf_weight=194 120 154 134 170 108 104 117 109 145 122 103 4859 137 2006
leaf_count=194 120 154 134 170 108 104 117 109 145 122 103 4859 137 2006
internal_value=-3.32693e-05 0.000603717 0.000192894 0.000584573 0.00124696 -9.58093e-05 -0.000779653 -0.00125247 -0.000541178 -5.17277e-05 0.00095881 -8.36529e-05 -5.71542e-05 -0.000332481
internal_weight=8582 760 606 472 278 7822 475 358 249 7347 225 7122 7002 2143
internal_count=8582 760 606 472 278 7822 475 358 249 7347 225 7122 7002 2143
cat_boundaries=0 1 2
cat_threshold=35152962 2281701376
is_linear=0
shrinkage=0.03


Tree=312
num_leaves=15
num_cat=2
split_feature=37 38 31 23 31 31 21 25 25 13 27 1 31 36
split_gain=0.261996 0.36641 0.528888 0.350699 3.16202 2.27234 0.611278 0.461095 0.431885 0.32101 0.454326 0.730301 0.423903 0.665042
threshold=0 1.6134496801343488 1.591693015234263 105.50000000000001 0.1106014271151886 0.48064734522197577 208.16666666666671 0.62481481481481493 0.66333333333333344 0.50000000000000011 18.333043981481485 45.500000000000007 2.9565137600038303 1
decision_type=9 2 8 2 10 8 2 8 10 2 2 2 10 9
left_child=1 -1 -3 4 -2 -5 7 9 -9 12 -11 -12 -6 -14
right_child=3 2 -4 5 6 -7 -8 8 -10 10 11 -13 13 -15
leaf_value=-0.00059628618836431711 0.0054867988308548053 0.0022135832633172051 -0.00040497130085714162 -0.0044452079331223906 0.00014240786557679033 3.2773816937335345e-05 -0.0021147435159395329 0.0026522420179098845 0.00040578615731589262 1.0084702968517125e-05 0.0028526525448833127 -0.00015673333803387058 -0.0023227142740575159 0.00013632955811252552
leaf_weight=1039 103 113 180 106 2915 2695 103 130 189 348 175 124 160 242
leaf_count=1039 103 113 180 106 2915 2695 103 130 189 348 175 124 160 242
internal_value=5.58502e-05 -0.000329584 0.000604915 0.000126554 0.000291091 -0.000136689 0.000169076 0.000223999 0.00132127 0.000135697 0.000746969 0.00160461 1.64644e-05 -0.000896782
internal_weight=8622 1332 293 7290 4489 2801 4386 4283 319 3964 647 299 3317 402
internal_count=8622 1332 293 7290 4489 2801 4386 4283 319 3964 647 299 3317 402
cat_boundaries=0 1 2
cat_threshold=1158541958 36
is_linear=0
shrinkage=0.03


Tree=313
num_leaves=15
num_cat=3
split_feature=38 37 28 30 24 27 21 13 13 28 35 5 38 37
split_gain=0.415303 0.258144 0.416767 1.31147 0.551343 0.54744 0.372805 0.361568 0.533089 0.36072 0.323197 0.402773 0.301207 0.285607
threshold=2.3040562714157726 0 1.1472222222222224 71.250000000000014 3.2871666666666903 7.0089004629629637 150.85000000000002 1.0000000180025095e-35 0.50000000000000011 5.8215104166666682 1 0.085150000000000017 1.4812644985131724 2
decision_type=2 9 2 2 10 2 2 2 2 2 1 2 2 9
left_child=1 2 3 4 -1 -6 -3 -8 12 -4 -7 13 -9 -12
right_child=-2 6 9 -5 5 10 7 8 -10 -11 11 -13 -14 -15
leaf_value=-0.0020533122480048665 0.0015264765693381711 0.0001110323933699562 -0.0024955421840007017 0.002622113395944539 -0.0019767963965408603 0.0016311728130889739 -0.001490536512964957 -0.00018406806652071988 -0.0016381341313943267 -0.00048865710086446552 -0.00066930933588570574 -0.0017109758639708161 0.0019254985763187949 0.0012484583853386408
leaf_weight=175 158 6545 140 136 118 113 267 135 125 190 113 106 111 158
leaf_count=175 158 6545 140 136 118 113 267 135 125 190 113 106 111 158
internal_value=2.62087e-06 -2.59334e-05 -0.000422175 -9.7168e-05 -0.000569483 -0.000142393 4.34934e-05 -0.000648682 -4.28184e-05 -0.00134006 0.000299361 -0.000139399 0.00076781 0.00047017
internal_weight=8590 8432 1249 919 783 608 7183 638 371 330 490 377 246 271
internal_count=8590 8432 1249 919 783 608 7183 638 371 330 490 377 246 271
cat_boundaries=0 1 2 3
cat_threshold=1227465626 18 40970
is_linear=0
shrinkage=0.03


Tree=314
num_leaves=15
num_cat=0
split_feature=38 23 21 13 38 7 28 0 0 38 30 24 31 38
split_gain=0.295279 2.30343 0.329591 0.995219 0.646282 0.39941 0.980108 0.559874 0.803248 0.564935 0.386779 0.351489 0.27498 0.212599
threshold=2.2273705780388373 105.50000000000001 156.37500000000003 1.0000000180025095e-35 1.4509529852326699 1.5000000000000002 8.9797395833333358 7.5000000000000009 4.5000000000000009 1.4723210051369719 179.02500000000003 2.6950000000000736 0.1799720450492425 1.6178155049241261
decision_type=2 2 2 2 2 2 2 2 2 2 2 8 8 2
left_child=2 -2 5 4 -4 11 7 8 -7 -10 -5 -1 -13 -14
right_child=1 -3 3 10 -6 6 -8 -9 9 -11 -12 12 13 -15
leaf_value=-0.0013069742750376461 0.0034464864393900312 -0.0024291873961577518 -0.00087602534322633342 0.0018804649534472902 -0.0038421977395801062 0.00025164810581469629 -0.0016107198597433475 -5.1381443056728585e-06 0.0015625828422552968 0.0046768531543330862 -0.00029217146712318549 -0.0015446105569272357 0.00014967668618102968 -0.0002045089497873641
leaf_weight=190 146 102 173 109 107 141 130 194 101 109 228 102 4329 2355
leaf_count=190 146 102 173 109 107 141 130 194 101 109 228 102 4329 2355
internal_value=9.89246e-06 0.00102988 -2.07022e-05 -0.000687702 -0.00200953 3.30867e-05 0.000729911 0.00128823 0.00200308 0.00317904 0.000410551 -3.43382e-05 1.29406e-06 2.48851e-05
internal_weight=8516 248 8268 617 280 7651 675 545 351 210 337 6976 6786 6684
internal_count=8516 248 8268 617 280 7651 675 545 351 210 337 6976 6786 6684
is_linear=0
shrinkage=0.03


Tree=315
num_leaves=15
num_cat=3
split_feature=31 22 32 37 5 25 31 24 21 33 37 37 21 1
split_gain=0.591024 0.521827 0.18318 0.190633 0.304463 0.251698 0.340965 0.239721 0.239323 0.56407 0.612653 0.542782 0.485823 0.41316
threshold=0.057386724977567159 10928.000000000002 36.500000000000007 0 0.29705000000000004 0.65500000000000014 4.6669339748730296 203.10616666666351 37.416666666666679 1.0000000180025095e-35 1 2 41.166666666666679 20.500000000000004
decision_type=8 2 2 9 2 8 10 10 2 2 9 9 2 2
left_child=-1 2 3 4 -2 8 7 -7 9 10 13 -11 -10 -5
right_child=1 -3 -4 5 -6 6 -8 -9 12 11 -12 -13 -14 -15
leaf_value=-0.0022693676019416133 -0.00011144569582132267 0.0016397806982730784 -0.0010314009709710061 0.0020684595250891669 -0.0013049896303122034 0.00098023748994009556 0.0019039165633260452 -0.00086036528613293124 -0.0013949313215916611 -0.00013227616249973518 -0.00094824278587279758 0.0024952326247148445 4.8466151655894131e-06 0.00021051120467702623
leaf_weight=102 1202 177 154 137 229 137 156 119 234 119 347 182 4814 504
leaf_count=102 1202 177 154 137 229 137 156 119 234 119 347 182 4814 504
internal_value=6.8992e-07 2.78954e-05 -6.3383e-06 1.29599e-05 -0.000300347 7.97178e-05 0.00079835 0.000124645 3.31218e-05 0.000397964 5.15728e-05 0.00153495 -6.00401e-05 0.000598274
internal_weight=8613 8511 8334 8180 1431 6749 412 256 6337 1289 988 301 5048 641
internal_count=8613 8511 8334 8180 1431 6749 412 256 6337 1289 988 301 5048 641
cat_boundaries=0 1 2 3
cat_threshold=1696158506 314605573 37783680
is_linear=0
shrinkage=0.03


Tree=316
num_leaves=15
num_cat=2
split_feature=30 30 30 33 23 37 31 31 37 31 27 21 24 31
split_gain=0.293265 0.478133 0.359915 0.314953 1.29214 0.776891 0.517189 0.492331 0.430219 0.918795 0.397058 0.381778 0.363925 0.384396
threshold=360.75000000000006 327.65000000000003 296.02500000000003 1.0000000180025095e-35 29.500000000000004 0 1.5271498771498775 1.1255252100840338 1 0.19843228538575877 17.003738425925928 23.500000000000004 521.52200000000073 2.7397474403805018
decision_type=2 2 2 2 2 9 10 10 9 10 2 2 8 10
left_child=1 2 3 8 6 12 -5 -7 9 -1 -11 -9 13 -6
right_child=-2 -3 -4 4 5 7 -8 11 -10 10 -12 -13 -14 -15
leaf_value=-0.0031321712834286993 -0.0012772839140526191 0.0018885144776412111 -0.0012074788186727621 -0.0020379903708143961 0.0003724206356337777 0.0034653641903068778 0.00035109795916757385 0.0026379071229026404 1.8423080851298116e-05 -0.0005355911877395267 0.0014007456608573501 0.0004210733383034284 0.0017004861476431999 -0.001248478182591498
leaf_weight=118 167 118 229 242 652 123 123 109 5157 945 106 195 140 165
leaf_count=118 167 118 229 242 652 123 123 109 5157 945 106 195 140 165
internal_value=-3.23988e-05 -7.71396e-06 -3.46594e-05 -1.39926e-06 0.000354923 0.000773677 -0.0012329 0.00182124 -9.99144e-05 -0.000616837 -0.000340299 0.00121592 0.000284268 4.50665e-05
internal_weight=8589 8422 8304 8075 1749 1384 365 427 6326 1169 1051 304 957 817
internal_count=8589 8422 8304 8075 1749 1384 365 427 6326 1169 1051 304 957 817
cat_boundaries=0 1 2
cat_threshold=2722154496 404815949
is_linear=0
shrinkage=0.03


Tree=317
num_leaves=15
num_cat=0
split_feature=24 31 38 1 31 21 17 1 1 21 31 31 21 1
split_gain=0.286403 0.651452 0.574036 0.465016 0.426605 0.16815 0.209144 0.170368 0.316829 0.162873 0.419709 0.770849 0.349738 0.296521
threshold=7.486666666665756 0.98907071189679896 1.8409241378457162 31.500000000000004 0.19843228538575877 156.37500000000003 3.5000000000000004 41.500000000000007 70.500000000000014 123.66666666666667 1.8048797023563459 1.6316860465116281 120.70833333333334 1.0000000180025095e-35
decision_type=8 8 2 2 8 2 2 2 2 2 10 10 2 2
left_child=1 -1 3 -3 -2 6 9 -7 -9 12 11 -11 13 -6
right_child=4 2 -4 -5 5 7 -8 8 -10 10 -12 -13 -14 -15
leaf_value=-0.0025593444191898953 0.0015848930543924896 0.00044049509952023532 0.0013546680192296164 -0.0018500984528685336 0.00063710812627700106 -0.00089956095303028553 0.0013323785426378573 0.0013937708023278152 -0.0009077129883716177 0.00017034490662131538 -0.00091590084203677926 0.0032520872069180078 -0.0013381276517928412 -2.8131194144274234e-05
leaf_weight=124 161 142 159 182 672 338 115 102 114 235 123 106 170 5876
leaf_count=124 161 142 159 182 672 338 115 102 114 235 123 106 170 5876
internal_value=8.62554e-06 -0.000619661 -0.000121688 -0.000846196 5.62254e-05 2.48771e-05 6.31323e-05 -0.000479 0.000179099 4.28088e-05 0.000586415 0.00112831 5.26289e-06 4.01402e-05
internal_weight=8619 607 483 324 8012 7851 7297 554 216 7182 464 341 6718 6548
internal_count=8619 607 483 324 8012 7851 7297 554 216 7182 464 341 6718 6548
is_linear=0
shrinkage=0.03


Tree=318
num_leaves=15
num_cat=3
split_feature=31 38 37 31 31 21 6 37 26 30 35 25 22 22
split_gain=0.41412 0.494436 0.266715 0.289194 0.508275 0.21009 0.232811 0.441975 0.357055 0.324671 0.286944 0.337301 0.285089 0.358922
threshold=0.1106014271151886 2.339954998248738 0 1.5004810776138553 1.091356184798808 186.8666666666667 1.5000000000000002 1 1.0000000180025095e-35 229.05000000000004 2 0.47913043478260875 1498.6875000000002 415.77812499999999
decision_type=8 2 9 8 10 2 2 9 8 2 1 10 2 2
left_child=-1 2 3 4 -2 6 -4 10 -9 12 -8 -12 13 -10
right_child=1 -3 5 -5 -6 -7 7 8 9 -11 11 -13 -14 -15
leaf_value=0.001680530106952024 -0.00036580559576395897 -0.0019772794434062108 -1.5019631192410755e-05 0.00021004004216111088 -0.0030333595407195388 -0.0010791178779745313 0.0025093974390247163 -0.00073122312186043345 -0.00021952239843874664 0.0018485562773864891 -0.00032716686187455164 0.0016425795174703137 -0.0012303144009102943 0.0020147538886350741
leaf_weight=129 180 116 6440 185 100 149 109 337 177 126 148 166 106 102
leaf_count=129 180 116 6440 185 100 149 109 337 177 126 148 166 106 102
internal_value=-6.39636e-06 -3.21769e-05 -5.07396e-06 -0.000695418 -0.0013185 3.66052e-05 5.82118e-05 0.000429267 2.64942e-05 0.000526721 0.00120754 0.000692122 9.41198e-05 0.00059731
internal_weight=8570 8441 8325 465 280 7860 7711 1271 848 511 423 314 385 279
internal_count=8570 8441 8325 465 280 7860 7711 1271 848 511 423 314 385 279
cat_boundaries=0 1 2 3
cat_threshold=19922948 2420113408 12
is_linear=0
shrinkage=0.03


Tree=319
num_leaves=15
num_cat=1
split_feature=27 21 38 5 1 1 26 36 25 38 38 1 1 38
split_gain=0.381102 0.941396 0.849263 0.351421 0.47185 0.763459 0.642693 0.602675 0.632632 0.489588 0.608241 0.36005 0.487056 0.316836
threshold=12.99934027777778 226.47500000000005 2.0221679441957501 0.15470000000000003 35.500000000000007 72.500000000000014 1.0000000180025095e-35 0 0.39791666666666675 1.5476011008793988 1.2482241250285406 41.500000000000007 66.500000000000014 1.8321703111839736
decision_type=2 2 2 2 2 2 8 9 10 2 2 2 2 2
left_child=2 3 13 -2 9 11 -7 -8 -9 10 -5 -6 -13 -1
right_child=1 -3 -4 4 5 6 7 8 -10 -11 -12 12 -14 -15
leaf_value=-0.00046185192023406673 0.00014956936526727495 0.0029066036826479111 -0.0031573435059844461 -0.001536120843639682 0.0017914818406557244 -0.0014722486044776617 -0.0012696027913697767 0.0027517281798645852 -5.820906564404475e-05 -0.0019108774231167158 0.000805968759188681 -8.2817329223520736e-05 0.001823033014876493 0.0012292397670998153
leaf_weight=1066 4521 101 102 187 173 449 179 108 217 286 214 635 149 110
leaf_count=1066 4521 101 102 187 173 449 179 108 217 286 214 635 149 110
internal_value=-5.39196e-05 3.06153e-05 -0.000531429 -1.01932e-05 -0.000288317 -4.57958e-05 -0.000646841 8.84928e-05 0.000849419 -0.000962574 -0.000286228 0.000552737 0.000279391 -0.000303672
internal_weight=8497 7219 1278 7118 2597 1910 953 504 325 687 401 957 784 1176
internal_count=8497 7219 1278 7118 2597 1910 953 504 325 687 401 957 784 1176
cat_boundaries=0 1
cat_threshold=5
is_linear=0
shrinkage=0.03


Tree=320
num_leaves=15
num_cat=1
split_feature=38 23 31 38 28 37 30 28 24 22 38 24 30 30
split_gain=0.287253 1.84784 0.561192 0.311614 0.26236 0.214258 0.366335 0.880272 0.631171 0.408948 0.224499 0.223991 0.367251 0.335543
threshold=2.2273705780388373 105.50000000000001 0.1799720450492425 2.1614926562617698 26.983998842592595 0 72.500000000000014 1.177337962962963 2.6950000000000736 232.70000000000002 1.6525223630148946 368.89766666666844 273.5750000000001 247.55000000000004
decision_type=2 2 8 2 2 9 2 2 10 2 2 10 2 2
left_child=2 -2 -1 4 5 6 8 -8 -4 10 -10 -7 13 -13
right_child=1 -3 3 -5 -6 11 7 -9 9 -11 -12 12 -14 -15
leaf_value=-0.0019233634802752501 0.0030084124814457026 -0.0021586490354350055 -0.0025199493674612412 -0.0015309937538822058 -0.0014409874346302735 0.00018046727238118504 0.0017645445890671222 -0.0016312521069247105 -0.0020413409421592755 0.00063500489356785848 -0.00012031955989077687 -0.0003325256689627569 -0.001538932186551392 0.0013493295097616962
leaf_weight=136 160 102 146 115 106 6204 183 110 121 230 100 577 180 131
leaf_count=136 160 102 146 115 106 6204 183 110 121 230 100 577 180 131
internal_value=1.87027e-05 0.000996808 -1.20281e-05 1.96605e-05 4.17087e-05 6.13987e-05 -0.000374913 0.000489672 -0.00080552 -0.000250517 -0.0011721 0.000116517 -0.000328956 -2.1335e-05
internal_weight=8601 262 8339 8203 8088 7982 890 293 597 451 221 7092 888 708
internal_count=8601 262 8339 8203 8088 7982 890 293 597 451 221 7092 888 708
cat_boundaries=0 1
cat_threshold=673189901
is_linear=0
shrinkage=0.03


Tree=321
num_leaves=15
num_cat=1
split_feature=31 24 32 24 36 30 1 24 38 24 27 23 24 34
split_gain=0.382004 0.251291 0.836209 0.241379 0.457005 0.518914 0.601263 0.382958 0.401501 0.295849 0.32327 0.485626 0.502826 0.218024
threshold=0.057386724977567159 571.78549999999711 20.500000000000004 374.13583333332093 0 205.07500000000002 44.500000000000007 335.07299999999589 1.4812644985131724 306.33566666667008 11.041359953703706 15.500000000000002 64.012000000000157 1.0000000180025095e-35
decision_type=8 10 2 10 9 2 2 10 2 10 2 2 10 2
left_child=-1 3 -3 7 -5 -6 -7 9 -9 10 11 -2 -13 -12
right_child=1 2 -4 4 5 6 -8 8 -10 -11 13 12 -14 -15
leaf_value=-0.0018613358611240982 -0.00036484207041610262 0.002093873548372822 -0.0011115438933484256 0.0011193624917650595 -0.0021487241498578122 -0.0013476715158620798 0.0012476870319625677 -6.4854960398876975e-05 0.0021313615365464601 -0.0013423529808875173 -0.00022766544484529417 0.00046704147712480794 0.0027004228735684737 0.00011933899873095073
leaf_weight=100 256 188 120 110 204 185 142 145 155 150 3358 237 147 3166
leaf_count=100 256 188 120 110 204 185 142 145 155 150 3358 237 147 3166
internal_value=-1.78751e-05 3.65308e-06 0.00084501 -2.77385e-05 -0.000586839 -0.0009436 -0.000220635 1.93305e-05 0.00106986 -2.37592e-05 3.84954e-06 0.000647268 0.00132201 -5.92694e-05
internal_weight=8663 8563 308 8255 641 531 327 7614 300 7314 7164 640 384 6524
internal_count=8663 8563 308 8255 641 531 327 7614 300 7314 7164 640 384 6524
cat_boundaries=0 1
cat_threshold=20
is_linear=0
shrinkage=0.03


Tree=322
num_leaves=15
num_cat=2
split_feature=31 38 37 38 1 38 22 37 38 38 38 38 0 25
split_gain=0.448734 0.360856 0.201669 0.333501 0.386549 0.345084 0.342666 0.298349 0.291047 0.285641 0.282248 0.279882 0.273477 0.2663
threshold=0.1106014271151886 2.2758864836952273 0 1.2563607065540876 52.500000000000007 1.4303332086133824 6785.2500000000009 1 1.6831209597979404 1.8128010812306492 1.6567591766499532 1.4509529852326699 18.500000000000004 0.26235294117647062
decision_type=8 2 9 2 2 2 2 9 2 2 2 2 2 10
left_child=-1 2 3 6 5 -5 13 -7 -9 10 11 -6 -4 -2
right_child=1 -3 12 4 9 7 -8 8 -10 -11 -12 -13 -14 -15
leaf_value=0.0016945731237976124 0.0018919606170494682 -0.0013941612391601922 9.6059405674901477e-05 -0.0019894945844611371 0.001113195545853848 0.0007144590754433011 -0.0009457390630877642 -0.00027883642254755855 -0.0021146601459179496 -0.0012230536207030324 0.00174351133720685 -0.00094400121260711798 -0.0014848498806240968 0.00017851201579447876
leaf_weight=138 137 171 6481 229 103 118 129 187 133 115 112 141 100 202
leaf_count=138 137 171 6481 229 103 118 129 187 133 115 112 141 100 202
internal_value=-2.18637e-06 -3.02018e-05 -1.71307e-06 -0.000302043 -0.000581159 -0.00104578 0.000370209 -0.000552378 -0.00101028 7.68091e-05 0.000496709 -7.55944e-05 7.19278e-05 0.000870968
internal_weight=8496 8358 8187 1606 1138 667 468 438 320 471 356 244 6581 339
internal_count=8496 8358 8187 1606 1138 667 468 438 320 471 356 244 6581 339
cat_boundaries=0 1 2
cat_threshold=3892576364 134217740
is_linear=0
shrinkage=0.03


Tree=323
num_leaves=15
num_cat=2
split_feature=23 0 30 31 32 6 23 37 35 1 22 0 13 32
split_gain=0.18303 0.676516 0.229723 0.271978 1.56864 0.220134 0.434863 0.407939 0.601464 0.444582 0.366121 0.707707 0.486866 0.753204
threshold=191.50000000000003 9.5000000000000018 2.2500000000000004 0.35714348202647267 1.5000000000000002 1.5000000000000002 178.50000000000003 0 1 85.500000000000014 6402.0500000000002 8.5000000000000018 0.50000000000000011 12.500000000000002
decision_type=2 2 2 8 2 2 2 9 1 2 2 2 2 2
left_child=2 -2 -1 4 -4 6 10 8 -7 -9 -5 12 13 -12
right_child=1 -3 3 5 -6 7 -8 9 -10 -11 11 -13 -14 -15
leaf_value=-0.0014287876311744399 -0.00033274453557517497 0.0026643612845537235 -0.0016446524840271607 2.6281352291216945e-05 0.0032144800374526105 0.0018644087478208245 -0.0016778278339873341 0.00057638989545574239 -0.00060608617302290539 -0.00075408564291417571 -0.00033700906705009831 -0.0018370361533853201 -0.0018737826351542025 0.0024882362715720387
leaf_weight=102 188 106 110 5635 131 281 153 495 126 416 303 292 100 118
leaf_count=102 188 106 110 5635 131 281 153 495 126 416 303 292 100 118
internal_value=1.22881e-05 0.000747845 -1.38864e-05 3.79985e-06 0.000996619 -2.64147e-05 -9.70924e-05 0.000327563 0.00110339 -3.08215e-05 -5.95843e-05 -0.000654729 7.90762e-06 0.000454865
internal_weight=8556 294 8262 8160 241 7919 6601 1318 407 911 6448 813 521 421
internal_count=8556 294 8262 8160 241 7919 6601 1318 407 911 6448 813 521 421
cat_boundaries=0 1 2
cat_threshold=2627731456 13
is_linear=0
shrinkage=0.03


Tree=324
num_leaves=15
num_cat=2
split_feature=32 31 22 37 25 23 23 37 22 32 7 38 22 38
split_gain=0.262485 1.37508 0.862404 0.526293 0.395087 0.37011 0.563311 0.362805 0.54692 0.361295 0.40578 0.330579 0.328424 1.33386
threshold=3.5000000000000004 0.1106014271151886 12726.200000000003 0 0.19000000000000003 65.500000000000014 38.500000000000007 1 3281.2585000000004 6.5000000000000009 1.0000000180025095e-35 1.7315725214194628 280.4500000000001 1.6968682086004436
decision_type=2 8 2 9 10 2 2 9 2 2 2 2 2 2
left_child=1 -1 7 5 -5 6 -3 8 9 10 -2 -7 13 -6
right_child=2 3 -4 4 12 11 -8 -9 -10 -11 -12 -13 -14 -15
leaf_value=-0.0034615635362570175 -2.5649605897452793e-05 -0.00088968856788768959 0.0027717839459156881 0.0020366884851608221 -0.00032664870453276391 -0.0004450299634958481 0.0010594414943077509 4.3740886035832734e-05 0.0027311507388445974 -0.0010230023456614249 0.002020197142802107 -0.0021426741107866435 -0.00034534591712964105 0.0036449472988447683
leaf_weight=112 198 296 112 127 247 232 243 5809 111 121 156 186 413 110
leaf_count=112 198 296 112 127 247 232 243 5809 111 121 156 186 413 110
internal_value=7.02614e-05 -0.000233514 0.000162043 -3.85083e-05 0.000481029 -0.000525013 -1.09528e-05 0.000116337 0.000821219 0.000392187 0.00087591 -0.00120044 0.000230694 0.000897092
internal_weight=8473 1966 6507 1854 897 957 539 6395 586 475 354 418 770 357
internal_count=8473 1966 6507 1854 897 957 539 6395 586 475 354 418 770 357
cat_boundaries=0 1 2
cat_threshold=1657017093 1621098496
is_linear=0
shrinkage=0.03


Tree=325
num_leaves=15
num_cat=1
split_feature=26 30 31 20 31 37 38 38 22 38 23 1 1 30
split_gain=0.235088 0.218415 0.30921 0.249267 0.56774 0.373796 1.07974 0.300347 0.271375 0.253119 0.273203 0.507576 0.754069 0.82762
threshold=0.23000000000000001 3.2500000000000004 0.19843228538575877 1.0000000180025095e-35 1.16811088898138 0 1.8409241378457162 1.3440335498122369 1370.1740000000002 2.3040562714157726 124.50000000000001 72.500000000000014 82.500000000000014 256.05000000000007
decision_type=8 2 8 2 10 9 2 2 2 2 2 2 2 2
left_child=1 -1 -3 5 -5 6 -4 -6 -9 10 -7 -12 -13 -14
right_child=-2 2 3 4 7 9 -8 8 -10 -11 11 12 13 -15
leaf_value=-0.0011512447698230578 0.0014400072017965344 0.0016137427766807378 -0.00075395006622465052 -0.0025686233324760739 -0.0014226424682639398 -9.4241311200249294e-05 0.0031052245467972869 0.0014859498061762634 -0.00053628698994333918 -0.0015082473647547885 0.00061615845025973163 -0.002821610690564802 0.0010140068967591611 -0.002106858177517097
leaf_weight=148 102 107 131 110 106 5540 130 122 117 100 1383 101 262 108
leaf_count=148 102 107 131 110 106 5540 130 122 117 100 1383 101 262 108
internal_value=8.36259e-06 -8.88818e-06 1.14399e-05 -9.44271e-06 -0.000691887 3.05975e-05 0.00112514 -9.35067e-05 0.000495985 -9.01226e-06 1.12519e-05 0.00032648 -0.000524105 0.000103052
internal_weight=8567 8465 8317 8210 455 7755 261 345 239 7494 7394 1854 471 370
internal_count=8567 8465 8317 8210 455 7755 261 345 239 7494 7394 1854 471 370
cat_boundaries=0 1
cat_threshold=2101312
is_linear=0
shrinkage=0.03


Tree=326
num_leaves=15
num_cat=0
split_feature=31 30 30 30 30 38 22 38 17 31 1 30 1 21
split_gain=0.239897 0.690888 0.714362 0.399329 0.625479 0.458327 0.417882 0.337826 0.505179 0.32448 0.285683 0.331935 0.325135 0.289062
threshold=1.8048797023563459 247.55000000000004 223.82500000000002 199.10000000000002 180.25000000000003 2.2531680947673558 10236.604000000001 2.1934073772180778 2.5000000000000004 1.7370912872960502 66.500000000000014 24.165000000000003 71.500000000000014 12.833333333333334
decision_type=10 2 2 2 2 2 2 2 2 10 2 2 2 2
left_child=1 2 3 4 5 6 9 8 10 -1 11 -2 -12 -14
right_child=7 -3 -4 -5 -6 -7 -8 -9 -10 -11 12 -13 13 -15
leaf_value=0.00010358155935521212 -0.001954853469745433 0.0020257375303507699 -0.0020680794707606644 0.0019726258050650359 -0.0017084865251158856 0.0020689270977323894 -0.0015623839475632517 -0.0016616640509281265 0.0018130039369242022 0.0017172708388434015 0.0015930408023545602 -0.00029588744959648411 0.0014057012457672853 -0.00017999076476969225
leaf_weight=3377 113 165 139 102 170 109 132 137 115 116 134 2755 118 840
leaf_count=3377 113 165 139 102 170 109 132 137 115 116 134 2755 118 840
internal_value=-3.53494e-05 0.000122001 4.62193e-05 0.000119581 7.11665e-05 0.00015219 9.45555e-05 -0.000196361 -0.000147098 0.000157171 -0.00020402 -0.000361251 0.000208927 1.53241e-05
internal_weight=8522 4310 4145 4006 3904 3734 3625 4212 4075 3493 3960 2868 1092 958
internal_count=8522 4310 4145 4006 3904 3734 3625 4212 4075 3493 3960 2868 1092 958
is_linear=0
shrinkage=0.03


Tree=327
num_leaves=15
num_cat=2
split_feature=37 19 13 31 30 30 24 30 5 38 36 5 1 32
split_gain=0.256311 0.499278 0.390902 0.904259 0.470588 0.521793 0.460829 0.441624 0.562447 0.408328 0.379655 0.290272 0.296076 0.394912
threshold=0 1.0000000180025095e-35 0.50000000000000011 1.8322390932420876 47.050000000000004 37.250000000000007 116.65266666666663 53.500000000000007 0.34055000000000007 1.2998300822452145 1 0.26970000000000005 5.5000000000000009 3.5000000000000004
decision_type=9 2 2 8 2 2 10 2 2 2 9 2 2 2
left_child=1 2 4 -4 5 10 7 -6 11 -8 -1 12 -9 -14
right_child=-2 -3 3 -5 6 -7 9 8 -10 -11 -12 -13 13 -15
leaf_value=-0.00080845135559151269 -9.7335876709234292e-05 -0.0016894305268253542 0.0034457762191366205 -0.0001144436141476035 -0.0016206683138590477 0.0025934111091757204 0.00048111880672024144 -0.0010227787555644695 0.0018896726119341923 -0.0017211466006347505 0.0011343321208973534 -0.0012298893249285678 -0.00053891073706969768 0.00082657640287983147
leaf_weight=135 5707 114 114 147 109 139 113 137 188 230 238 127 259 722
leaf_count=135 5707 114 114 147 109 139 113 137 188 230 238 127 259 722
internal_value=1.76325e-05 0.000253765 0.000338063 0.00144059 0.000218012 0.00102456 -1.05997e-06 0.000220168 0.00036019 -0.000995619 0.000439917 0.000129232 0.000283622 0.000466066
internal_weight=8479 2772 2658 261 2397 512 1885 1542 1433 343 373 1245 1118 981
internal_count=8479 2772 2658 261 2397 512 1885 1542 1433 343 373 1245 1118 981
cat_boundaries=0 1 2
cat_threshold=2954916977 36
is_linear=0
shrinkage=0.03


Tree=328
num_leaves=15
num_cat=1
split_feature=1 25 31 31 0 1 32 38 22 25 30 38 37 38
split_gain=0.270922 0.292585 1.45413 1.43728 0.560431 0.30203 0.55151 0.384599 0.297559 0.487881 0.268746 0.575795 0.313948 0.254452
threshold=268.00000000000006 0.33666666666666673 0.23920529801324505 0.23920529801324505 4.5000000000000009 73.500000000000014 4.5000000000000009 1.7249225129664658 1980.7027500000002 0.24695121951219515 32.165000000000006 1.4428386752730149 0 0.99730560747429264
decision_type=2 8 10 8 2 2 2 2 2 10 2 2 9 2
left_child=1 2 -1 -3 8 10 7 -7 9 -4 11 -6 -12 -14
right_child=-2 3 4 -5 5 6 -8 -9 -10 -11 12 -13 13 -15
leaf_value=-0.0036330572911538184 0.0013623912882332395 0.003110655706088223 0.0018377236861735582 -1.0318930856787871e-05 -0.00046866289136803467 0.0011099154784957445 -0.002170859892458583 -0.001303390678099316 0.0021415127849024607 -0.0010104432629132287 -0.0018535327209974637 0.0023846333697566404 0.0012292029561516615 -0.00031582781021337748
leaf_weight=114 123 136 100 5647 153 123 208 115 123 118 102 109 104 1237
leaf_count=114 123 136 100 5647 153 123 208 115 123 118 102 109 104 1237
internal_value=-3.53615e-05 -5.58554e-05 -0.000319781 6.30777e-05 -0.000168211 -0.000347339 -0.0010424 -5.61778e-05 0.000961719 0.000296055 -0.000165524 0.000718395 -0.000326014 -0.000194554
internal_weight=8512 8389 2606 5783 2492 2151 446 238 341 218 1705 262 1443 1341
internal_count=8512 8389 2606 5783 2492 2151 446 238 341 218 1705 262 1443 1341
cat_boundaries=0 1
cat_threshold=3147778
is_linear=0
shrinkage=0.03


Tree=329
num_leaves=15
num_cat=2
split_feature=37 21 31 38 25 31 25 31 25 30 38 38 36 31
split_gain=0.284583 0.62078 0.540395 0.420582 0.354807 0.305314 0.279595 0.215987 0.37537 0.406256 0.735665 0.595515 0.482571 0.389366
threshold=0 177.50000000000003 0.40720431576072119 2.2758864836952273 0.19000000000000003 0.66943681318681325 0.37750000000000006 1.2900987958515222 0.53923076923076929 289.02500000000003 1.5350297919893598 1.3476281916892809 1 1.5004810776138553
decision_type=9 2 8 2 10 8 10 8 10 2 2 2 9 8
left_child=2 -2 -1 4 -4 -6 -3 -7 13 10 11 -10 -12 -9
right_child=1 6 3 -5 5 7 -8 8 9 -11 12 -13 -14 -15
leaf_value=0.0018591692969090788 -7.3306472017672025e-05 -0.00058642716983937329 0.0016390105716307013 -0.001780438976773757 -0.0014298833087197428 0.00083338775797103077 -0.002443226442555897 -0.0013547960704570446 0.00032900312681461103 0.0020558261047795858 -0.001909403663885314 0.0031056107848417011 0.00070935820556572969 8.2742516231055023e-06
leaf_weight=166 4361 148 141 103 113 376 144 207 202 151 150 106 101 2123
leaf_count=166 4361 148 141 103 113 376 144 207 202 151 150 106 101 2123
internal_value=-3.9281e-06 -0.000162622 0.000183478 0.000110239 0.000163302 0.000104341 -0.00150211 0.000155092 7.11976e-05 0.000675095 0.000302124 0.00128459 -0.00090345 -0.000112823
internal_weight=8592 4653 3939 3773 3670 3529 292 3416 3040 710 559 308 251 2330
internal_count=8592 4653 3939 3773 3670 3529 292 3416 3040 710 559 308 251 2330
cat_boundaries=0 1 2
cat_threshold=270024628 32
is_linear=0
shrinkage=0.03


Tree=330
num_leaves=15
num_cat=0
split_feature=38 27 21 13 21 24 7 28 38 27 24 27 31 30
split_gain=0.304315 1.4069 0.305593 0.693738 0.765125 0.647893 0.346021 0.733134 0.449249 0.425082 0.335875 0.289893 0.276943 0.36133
threshold=2.2531680947673558 13.999646990740741 117.96666666666668 1.0000000180025095e-35 182.54166666666669 33.871666666665995 1.5000000000000002 8.6778009259259274 1.4639659727593786 13.999508101851854 225.38699999999636 27.999103009259262 1.3979820057947443 160.02500000000003
decision_type=2 2 2 2 2 10 2 2 2 2 10 2 10 2
left_child=2 -2 6 4 -4 -5 -1 8 9 -8 -10 12 13 -7
right_child=1 -3 3 5 -6 11 7 -9 10 -11 -12 -13 -14 -15
leaf_value=-5.0621195220027801e-05 0.0035959553291333964 -0.0013047996906809405 -0.00074882343667211819 0.0022018125867207515 -0.0036627887762978534 -0.0012613606333905006 -0.0010128832570779067 -0.0014335180650384203 0.0034214330600818321 0.0015087644660737938 0.0011051108486590392 0.00040142587426043397 -0.0016294402842023433 0.0009584384242990019
leaf_weight=6443 103 108 335 106 107 131 112 115 107 130 119 316 197 133
leaf_count=6443 103 108 335 106 107 131 112 115 107 130 119 316 197 133
internal_value=-3.76712e-05 0.00108751 -6.61006e-05 -0.000483998 -0.00145424 1.67275e-06 1.27087e-05 0.000712596 0.00123995 0.000341721 0.00220178 -0.000298475 -0.000778234 -0.000143053
internal_weight=8562 211 8351 1325 442 883 7026 583 468 242 226 777 461 264
internal_count=8562 211 8351 1325 442 883 7026 583 468 242 226 777 461 264
is_linear=0
shrinkage=0.03


Tree=331
num_leaves=15
num_cat=0
split_feature=27 27 38 38 23 38 31 31 31 1 1 17 23 25
split_gain=0.281256 2.20391 0.888536 0.591668 0.536467 0.385254 0.294965 0.254437 0.615542 0.609842 0.440138 0.368658 0.303247 0.258511
threshold=13.970746527777779 13.999322916666669 1.9806338863567723 2.2758864836952273 72.500000000000014 1.8261358235500962 7.7898305084745774 0.98907071189679896 1.091356184798808 36.500000000000007 54.500000000000007 1.0000000180025095e-35 48.500000000000007 0.29772727272727278
decision_type=2 2 2 2 2 2 8 10 10 2 2 2 2 10
left_child=2 -2 5 7 -4 6 -1 9 -9 11 -11 -3 -12 -10
right_child=1 3 4 -5 -6 -7 -8 8 13 10 12 -13 -14 -15
leaf_value=-0.00037091258692843233 0.0039782000655809845 -0.00066829372830583419 -0.00061323189247632396 -0.00204510250927357 -0.0036979986933394541 0.0013366365297786463 0.00091034915733349613 0.0018326746379270363 0.00062735600312280044 0.001735412690210445 0.00065024855262670435 -0.0026052287978049113 -0.00099003129234635973 8.8350398471565913e-06
leaf_weight=1390 130 353 100 121 103 157 183 190 705 145 198 118 208 4427
leaf_count=1390 130 353 100 121 103 157 183 190 705 145 198 118 208 4427
internal_value=1.74846e-05 0.000110758 -0.000300745 3.29903e-05 -0.00217841 -8.04177e-05 -0.000221853 7.26261e-05 0.000155883 -0.000360927 0.00031662 -0.00115356 -0.000190092 9.38033e-05
internal_weight=8528 6595 1933 6465 203 1730 1573 6344 5322 1022 551 471 406 5132
internal_count=8528 6595 1933 6465 203 1730 1573 6344 5322 1022 551 471 406 5132
is_linear=0
shrinkage=0.03


Tree=332
num_leaves=15
num_cat=1
split_feature=21 38 37 33 30 21 28 38 0 1 30 30 32 38
split_gain=0.567978 0.509024 0.284239 0.424618 0.539321 0.442864 0.3532 0.673712 0.322743 0.335029 0.29446 0.46839 0.412171 0.302007
threshold=226.47500000000005 2.339954998248738 0 1.0000000180025095e-35 180.25000000000003 4.7500000000000009 1.8669155092592595 1.2482241250285406 11.500000000000002 80.500000000000014 253.72500000000002 259.62500000000006 25.500000000000004 1.4509529852326699
decision_type=2 2 9 2 2 2 2 2 2 2 2 2 2 2
left_child=1 2 10 5 -5 -4 7 -7 9 -8 12 -12 -1 -13
right_child=-2 -3 3 4 -6 6 8 -9 -10 -11 11 13 -14 -15
leaf_value=0.00019316206363905402 0.0022050973914458224 -0.0020510147170474131 -0.0013281366771415752 -0.00049025516678498349 -0.0027172643098494279 0.001744329890279159 -0.00034562513338130336 4.290919422793707e-05 -0.0017886361884682073 0.0014555282459258947 -0.0021576160951268064 -0.00062172442639870274 0.001747828950528341 0.00053326971439038599
leaf_weight=4419 106 108 204 657 115 289 631 761 115 109 112 442 159 378
leaf_count=4419 106 108 204 657 115 289 631 761 115 109 112 442 159 378
internal_value=2.26556e-05 -4.5639e-06 2.17758e-05 -0.000219262 -0.000821999 3.29687e-07 0.000142591 0.000511205 -0.000310094 -8.03201e-05 0.000147936 -0.000337853 0.000247158 -8.93003e-05
internal_weight=8605 8499 8391 2881 772 2109 1905 1050 855 740 5510 932 4578 820
internal_count=8605 8499 8391 2881 772 2109 1905 1050 855 740 5510 932 4578 820
cat_boundaries=0 1
cat_threshold=1049914474
is_linear=0
shrinkage=0.03


Tree=333
num_leaves=15
num_cat=1
split_feature=0 38 30 38 21 32 1 35 30 22 38 31 31 38
split_gain=0.217289 0.441212 0.266759 0.279952 0.369644 0.305388 0.722749 0.3677 0.523252 0.297368 0.28875 0.283858 0.366894 0.315126
threshold=3.5000000000000004 1.4963792246677974 387.75000000000006 2.3040562714157726 208.16666666666671 1.5000000000000002 12.500000000000002 0 38.165000000000006 218.10000000000002 1.7547382343072473 1.0284500202347231 0.82038299253489144 2.1110801447168477
decision_type=2 2 2 2 2 2 2 1 2 2 2 8 10 2
left_child=1 -1 3 4 5 6 -2 8 -8 -9 -11 12 -7 -13
right_child=2 -3 -4 -5 -6 11 7 9 -10 10 -12 13 -14 -15
leaf_value=0.0002476713266266587 0.0024979401263567833 -0.0017107521008283861 -0.0014367909829577131 0.0013576897955089675 -0.0016672851326915532 -8.4009770696995102e-05 6.2356504598735921e-05 0.00071244646202540019 0.0024501461549877273 -0.00015808580798272153 -0.0024322380966972559 1.2835474396409769e-05 -0.0012880546282250543 0.0012424534448205262
leaf_weight=217 146 198 112 142 116 678 270 100 119 101 100 5668 343 194
leaf_count=217 146 198 112 142 116 678 270 100 119 101 100 5668 343 194
internal_value=-1.72078e-05 -0.000686709 1.71405e-05 3.75542e-05 1.36283e-05 3.88889e-05 0.000580331 0.000174577 0.000772941 -0.000604327 -0.0012895 -2.6874e-05 -0.000488503 5.35291e-05
internal_weight=8504 415 8089 7977 7835 7719 836 690 389 301 201 6883 1021 5862
internal_count=8504 415 8089 7977 7835 7719 836 690 389 301 201 6883 1021 5862
cat_boundaries=0 1
cat_threshold=1
is_linear=0
shrinkage=0.03


Tree=334
num_leaves=15
num_cat=2
split_feature=21 25 38 37 37 6 38 38 28 25 27 21 30 30
split_gain=0.191623 1.05768 0.246394 0.532834 0.473978 0.700826 1.00657 0.609822 0.370408 0.46508 0.611536 0.575308 0.399088 0.429544
threshold=186.8666666666667 0.33666666666666673 1.447349696316327 0 1 1.0000000180025095e-35 1.7653087946622581 1.4924116313016074 1.8198611111111114 0.54027027027027041 30.072511574074078 70.958333333333357 142.42500000000004 216.20000000000002
decision_type=2 10 2 9 9 2 2 2 2 8 2 2 2 2
left_child=2 -2 3 -1 5 6 -4 -6 -9 10 11 -10 -13 -14
right_child=1 -3 4 -5 7 -7 -8 8 9 -11 -12 12 13 -15
leaf_value=-0.00089494311635877899 -0.0028915966577083706 0.0006421104919435601 0.00060935376633338865 -6.2075020286612257e-06 0.0014354321878495432 -0.00026745785580443169 0.0035707448744862679 -0.00032635748042180986 0.0011386360422847908 -0.0010388220676869741 0.0028513028550893067 0.0011092911420855671 -0.0024426215956918893 -1.6160268597465393e-05
leaf_weight=741 126 193 327 3181 248 321 151 2226 403 178 100 100 120 145
leaf_count=741 126 193 327 3181 248 321 151 2226 403 178 100 100 120 145
internal_value=-3.22033e-05 -0.000753648 -4.27694e-06 -0.000176418 0.000152041 0.000806659 0.00154486 1.15496e-06 -0.000107552 0.000358089 0.000644553 0.000357216 -0.000505558 -0.00111494
internal_weight=8560 319 8241 3922 4319 799 478 3520 3272 1046 868 768 365 265
internal_count=8560 319 8241 3922 4319 799 478 3520 3272 1046 868 768 365 265
cat_boundaries=0 1 2
cat_threshold=87606178 91799682
is_linear=0
shrinkage=0.03


Tree=335
num_leaves=15
num_cat=2
split_feature=21 25 25 1 37 13 32 37 30 27 24 22 1 32
split_gain=0.256985 1.28734 0.574919 0.201804 0.216413 0.481202 0.187984 0.303215 0.408333 0.398515 0.42932 0.310501 0.291477 0.252681
threshold=182.54166666666669 0.33666666666666673 0.40833333333333338 280.50000000000006 0 1.0000000180025095e-35 8.5000000000000018 1 71.250000000000014 6.9996585648148155 217.58266666667305 655.70000000000005 127.50000000000001 9.5000000000000018
decision_type=2 10 10 2 9 2 2 9 2 2 10 2 2 2
left_child=3 -2 -3 4 5 -1 7 8 11 -9 -11 -6 13 -8
right_child=1 2 -4 -5 6 -7 12 9 -10 10 -12 -13 -14 -15
leaf_value=0.0023210253136065335 -0.0015010206371080131 0.003944407019019127 0.00085260529899811846 0.0012943996218070552 -0.0011256243897770563 -9.6726622962678711e-05 0.0011281919570282591 -0.0018991342235489615 -0.0022473027747574033 -0.00010190193169160084 0.0015345676803324175 0.0010473376661539078 -0.00084065286736467997 0.00011688504156587278
leaf_weight=117 130 100 118 112 145 202 236 105 145 2841 152 100 271 3846
leaf_count=117 130 100 118 112 145 202 236 105 145 2841 152 100 271 3846
internal_value=6.32119e-05 0.000861826 0.00227086 2.96145e-05 1.22547e-05 0.000766022 -1.93635e-05 -0.000183486 -0.000960852 -8.22581e-05 -1.87936e-05 -0.000238701 0.000112101 0.000175354
internal_weight=8620 348 218 8272 8160 319 7841 3488 390 3098 2993 245 4353 4082
internal_count=8620 348 218 8272 8160 319 7841 3488 390 3098 2993 245 4353 4082
cat_boundaries=0 1 2
cat_threshold=3146064 16844805
is_linear=0
shrinkage=0.03


Tree=336
num_leaves=15
num_cat=1
split_feature=35 38 29 28 29 26 5 30 1 0 31 27 32 31
split_gain=0.470273 1.10955 0.414513 0.266491 0.256769 0.347946 0.776737 0.619296 0.614433 0.478126 0.470744 0.427402 0.399228 0.589912
threshold=0 2.3040562714157726 1.5000000000000002 27.590653935185188 2.5000000000000004 1.0000000180025095e-35 0.10265000000000002 249.05000000000004 58.500000000000007 8.5000000000000018 2.3685450375054251 28.281006944444449 22.500000000000004 2.3393548387096779
decision_type=1 2 2 2 2 8 2 2 2 2 8 2 2 10
left_child=2 3 -1 4 -2 6 7 11 9 -7 -10 -6 13 -8
right_child=1 -3 -4 -5 5 8 12 -9 10 -11 -12 -13 -14 -15
leaf_value=-0.00048499551553848305 -9.5251901098925199e-05 0.0029038714024209183 -0.0026417890291661021 -0.0014966944094532047 0.0030990482139342059 -3.4959584962986627e-05 0.00034795763822330627 -4.0469386106864974e-05 -1.0548425331902111e-05 -0.0015244530148155401 0.0018092116129118949 0.0010210987840800954 0.0010203118939697742 -0.0027233663368322184
leaf_weight=405 5473 120 100 106 201 709 120 165 274 267 240 160 125 106
leaf_count=405 5473 120 100 106 201 709 120 165 274 267 240 160 125 106
internal_value=-1.54441e-05 4.06427e-05 -0.000894373 -2.54643e-06 1.76551e-05 0.00027872 0.000752821 0.00148214 -3.32069e-07 -0.000442434 0.000839145 0.00217807 -0.000340122 -0.00109257
internal_weight=8571 8066 505 7946 7840 2367 877 526 1490 976 514 361 351 226
internal_count=8571 8066 505 7946 7840 2367 877 526 1490 976 514 361 351 226
cat_boundaries=0 1
cat_threshold=4
is_linear=0
shrinkage=0.03


Tree=337
num_leaves=15
num_cat=2
split_feature=31 37 38 5 38 38 37 1 38 27 28 38 21 29
split_gain=0.272347 0.471063 0.457287 0.303508 0.347001 0.637824 0.268355 0.33059 0.481632 0.365634 0.311198 0.533523 0.886028 0.82051
threshold=2.4757543249946594 0 2.2273705780388373 0.28990000000000005 1.782176931283656 1.58274518458533 1 70.500000000000014 1.566073466764996 13.999484953703705 1.8198611111111114 1.3787817546236607 79.533333333333346 1.0000000180025095e-35
decision_type=8 9 2 2 2 2 9 2 2 2 2 2 2 2
left_child=2 3 6 4 5 -2 7 8 -1 -9 -8 -12 13 -13
right_child=1 -3 -4 -5 -6 -7 10 9 -10 -11 11 12 -14 -15
leaf_value=-0.00093525851281810895 -3.4825790185006518e-05 -1.0205657985508818e-05 0.0016714525944288737 -0.0023594781844995098 0.0005884937124083871 -0.0030625957965780539 0.00040577206897361593 -0.0024368114068854464 0.00081054507800217836 -0.00023838636746000968 -0.00048781879967856647 0.00041581988036632536 -0.00026341428671800395 0.0037288257330522459
leaf_weight=256 153 2363 176 118 138 106 2836 124 320 151 1168 150 454 122
leaf_count=256 153 2363 176 118 138 106 2836 124 320 151 1168 150 454 122
internal_value=4.6702e-05 -0.000191587 0.000165826 -0.00100413 -0.000626578 -0.00127399 0.000118345 -0.000369585 3.46324e-05 -0.00122968 0.000206476 -9.08515e-05 0.000547796 0.0019018
internal_weight=8635 2878 5757 515 397 259 5581 851 576 275 4730 1894 726 272
internal_count=8635 2878 5757 515 397 259 5581 851 576 275 4730 1894 726 272
cat_boundaries=0 1 2
cat_threshold=2694853130 1477804561
is_linear=0
shrinkage=0.03


Tree=338
num_leaves=15
num_cat=0
split_feature=30 28 30 21 33 30 0 1 25 1 25 25 38 30
split_gain=0.193354 0.509718 0.431496 0.268325 0.40271 0.52663 0.50562 0.388473 0.368724 0.307465 0.527339 0.425699 0.268309 0.214564
threshold=223.82500000000002 20.070428240740743 217.50000000000003 106.58333333333334 1.0000000180025095e-35 304.85000000000008 8.5000000000000018 12.500000000000002 0.43223443223443231 23.500000000000004 0.53923076923076929 0.61769230769230787 1.3194820866368053 253.72500000000002
decision_type=2 2 2 2 2 2 2 2 10 2 10 10 2 2
left_child=2 3 -1 7 5 6 8 -2 -5 -9 13 -12 -3 -11
right_child=1 12 -4 4 -6 -7 -8 9 -10 10 11 -13 -14 -15
leaf_value=-1.427021865535972e-05 0.0013548175315927003 0.0020455941142564688 0.0018083445678348652 0.0006031512234146427 -0.0023472412301933651 0.0013213616922551478 -0.0026497701826623853 -0.0017721529563557571 -0.0015854398084517132 -1.6226995572009507e-06 0.0021722935457083007 -0.00043720003606263292 -4.9453451759925405e-06 -0.0013970820108103808
leaf_weight=6637 126 111 119 157 151 104 126 130 124 170 124 103 119 238
leaf_count=6637 126 111 119 157 151 104 126 130 124 170 124 103 119 238
internal_value=-5.55042e-05 -0.000333388 1.78333e-05 -0.000528592 -0.000986077 -0.000583854 -0.00107069 -0.000188689 -0.000362633 -0.000442913 -0.000170785 0.00098825 0.000984663 -0.000815641
internal_weight=8539 1783 6756 1553 662 511 407 891 281 765 635 227 230 408
internal_count=8539 1783 6756 1553 662 511 407 891 281 765 635 227 230 408
is_linear=0
shrinkage=0.03


Tree=339
num_leaves=15
num_cat=5
split_feature=37 32 21 1 35 37 5 13 22 1 38 37 5 35
split_gain=0.288587 0.281917 0.783445 0.410887 0.334169 0.520999 0.349762 0.491577 0.807175 0.31843 0.341806 0.333254 0.293837 0.307264
threshold=0 3.5000000000000004 117.96666666666668 256.50000000000006 1 2 0.15470000000000003 1.0000000180025095e-35 709.25000000000011 168.50000000000003 2.2531680947673558 3 0.10265000000000002 4
decision_type=9 2 2 2 1 9 2 2 2 2 2 9 2 1
left_child=-1 2 4 9 -2 -6 7 -7 -9 10 11 12 13 -3
right_child=1 3 -4 -5 5 6 -8 8 -10 -11 -12 -13 -14 -15
leaf_value=0.0014499544297223506 0.00010059237909163681 0.00082186627488923961 -0.0027761739302137548 0.0019273575605123793 -0.0019456214341230589 0.00191469611210346 -0.0014203080582987279 0.0012888794199574882 -0.0024515799993183461 -0.0012243375281668118 0.0016345410078953382 -6.3277234543674871e-05 0.0017295070218229242 -0.00098533109034866268
leaf_weight=105 1076 247 116 101 213 118 141 108 100 186 118 5696 176 117
leaf_count=105 1076 247 116 101 213 118 141 108 100 186 118 5696 176 117
internal_value=-4.30473e-05 -6.30912e-05 -0.000388331 2.84939e-05 -0.000230591 -0.000745162 -0.000168319 0.000368022 -0.000509418 -8.31043e-07 3.49845e-05 4.71711e-06 0.000709956 0.000236491
internal_weight=8618 8513 1872 6641 1756 680 467 326 208 6540 6354 6236 540 364
internal_count=8618 8513 1872 6641 1756 680 467 326 208 6540 6354 6236 540 364
cat_boundaries=0 1 2 3 4 5
cat_threshold=9536 3 1885343760 1084231680 17
is_linear=0
shrinkage=0.03


Tree=340
num_leaves=15
num_cat=2
split_feature=19 31 5 38 30 37 38 38 28 38 22 36 1 30
split_gain=0.337843 0.790888 0.410762 0.229187 0.212961 0.422763 0.614008 0.27652 0.643138 1.4253 1.18263 0.409818 0.669697 0.498985
threshold=1.0000000180025095e-35 1.4083069847657375 0.10265000000000002 1.6308984861369231 368.50000000000006 0 1.8015843603746649 1.6831209597979404 3.8016782407407415 2.3040562714157726 6978.2500000000009 1 22.500000000000004 184.37500000000003
decision_type=2 10 2 2 2 9 2 2 2 2 2 9 2 2
left_child=4 -2 3 -3 5 6 -1 -7 9 11 -10 12 -9 -13
right_child=1 2 -4 -5 -6 7 -8 8 10 -11 -12 13 -14 -15
leaf_value=-0.0002775745380904923 -0.0026213600064918861 -0.00016820644685067236 -0.0013457111794606691 0.0018578611970429611 -0.0012007633589046936 0.00010329012772083867 0.0029599949099226959 0.002396766415414666 -9.7442118665919843e-05 -0.0039414355343739896 0.003462959971373612 -0.0010769847613257 -0.00018574697628187444 0.00030326781497622195
leaf_weight=103 150 100 124 101 130 5450 108 112 390 105 107 807 468 333
leaf_count=103 150 100 124 101 130 5450 108 112 390 105 107 807 468 333
internal_value=-4.18345e-05 -0.000819471 1.21697e-05 0.000849867 3.69463e-06 2.33088e-05 0.00131715 -1.34947e-05 -0.00028766 -0.000548209 0.000669083 -0.000341064 0.000307641 -0.000667947
internal_weight=8588 475 325 201 8113 7983 211 7772 2322 1825 497 1720 580 1140
internal_count=8588 475 325 201 8113 7983 211 7772 2322 1825 497 1720 580 1140
cat_boundaries=0 1 2
cat_threshold=2098240 3
is_linear=0
shrinkage=0.03


Tree=341
num_leaves=15
num_cat=4
split_feature=35 17 38 37 30 13 28 37 1 7 37 32 30 0
split_gain=0.222604 0.81303 0.478009 0.385168 0.378923 0.344137 0.29973 0.594682 0.603559 0.532856 0.417032 0.358458 0.770618 0.347258
threshold=0 1.5000000000000002 2.2531680947673558 1 28.165000000000003 0.50000000000000011 1.2775752314814817 2 103.50000000000001 1.0000000180025095e-35 3 11.500000000000002 166.25000000000003 13.500000000000002
decision_type=1 2 2 9 2 2 2 9 2 2 9 2 2 2
left_child=2 3 6 4 -2 -6 7 8 11 13 -8 12 -1 -9
right_child=1 -3 -4 -5 5 -7 10 9 -10 -11 -12 -13 -14 -15
leaf_value=0.00099162519986069277 -0.0019727983961284564 -0.0024266058459204245 0.0019401116174412891 0.00081713745305530302 -0.00032989902261129601 0.001279421366052702 0.0013500014496242213 -0.00033047235415672261 0.0031128236905840988 0.00034048619343286091 -0.00019085578316300236 0.0022698795130579835 -0.0018179123244862344 -0.0021896603626332112
leaf_weight=395 111 141 130 349 991 136 157 651 110 2094 2987 108 113 105
leaf_count=395 111 141 130 349 991 136 157 651 110 2094 2987 108 113 105
internal_value=6.14028e-05 -0.000242065 0.000138108 -4.95003e-05 -0.000298004 -0.000135695 0.000103453 0.000291318 0.00105139 9.36805e-05 -0.000110224 0.000700349 0.000366669 -0.000588693
internal_weight=8578 1728 6850 1587 1238 1127 6720 3576 726 2850 3144 616 508 756
internal_count=8578 1728 6850 1587 1238 1127 6720 3576 726 2850 3144 616 508 756
cat_boundaries=0 1 2 3 4
cat_threshold=11 216055808 2283802816 8405008
is_linear=0
shrinkage=0.03


Tree=342
num_leaves=15
num_cat=1
split_feature=37 1 0 27 30 27 24 5 28 1 30 28 0 28
split_gain=0.267102 0.341282 0.267946 0.26754 0.224036 0.223884 0.363662 0.336491 0.268144 0.211363 0.349244 0.364651 0.329275 0.551002
threshold=0 62.500000000000007 3.5000000000000004 11.999675925925928 18.250000000000004 13.99992476851852 77.847333333332799 0.30385000000000001 2.8701331018518523 21.500000000000004 154.75000000000003 5.4417650462962976 7.5000000000000009 4.535202546296297
decision_type=9 2 2 2 2 2 10 2 2 2 2 2 2 2
left_child=1 2 -1 -3 -4 7 -7 8 -5 10 12 -12 13 -6
right_child=-2 3 4 5 9 6 -8 -9 -10 -11 11 -13 -14 -15
leaf_value=-0.0017415914229046471 0.00020309664471697788 -0.00088801605051008748 -0.0012234691637318714 0.0012050125242826799 0.00040318066400916601 0.0009428785828234583 -0.0014541958245065281 0.0023526611173152923 -0.00063780799909980723 -0.00044610493880832986 0.00034126767937255937 -0.0020637312680732325 -0.00022963033215411078 0.0029591658118386893
leaf_weight=115 5494 123 196 186 281 129 102 125 115 1072 115 112 302 104
leaf_count=115 5494 123 196 186 281 129 102 125 115 1072 115 112 302 104
internal_value=7.79708e-05 -0.000145629 -0.000330214 0.000396083 -0.000255829 0.000636485 -0.00011557 0.00104429 0.000500945 -0.000160331 0.000174843 -0.00084534 0.000511934 0.00109363
internal_weight=8571 3077 2297 780 2182 657 231 426 301 1986 914 227 687 385
internal_count=8571 3077 2297 780 2182 657 231 426 301 1986 914 227 687 385
cat_boundaries=0 1
cat_threshold=2176844190
is_linear=0
shrinkage=0.03


Tree=343
num_leaves=15
num_cat=2
split_feature=37 38 7 31 38 27 30 32 28 38 38 38 32 35
split_gain=0.325922 0.34285 0.394758 0.337706 0.321124 0.291942 0.278009 0.698543 0.302355 0.237888 0.278286 0.567905 0.442267 0.289806
threshold=0 1.6356286732295493 1.0000000180025095e-35 0.1106014271151886 2.2758864836952273 8.9101967592592608 327.65000000000003 21.500000000000004 26.983998842592595 2.1110801447168477 1.9347492405578874 1.9640853918774321 10.500000000000002 1
decision_type=9 2 2 8 2 2 2 2 2 2 2 2 2 1
left_child=1 2 -1 -2 6 -4 8 -8 9 10 -5 -12 13 -13
right_child=3 -3 5 4 -6 -7 7 -9 -10 -11 11 12 -14 -15
leaf_value=0.0015747640115466523 0.0016995224748433638 0.0018906361669299198 -0.001575224275256253 1.5321587024147683e-05 -0.0013431024318560957 0.00041524204988768715 0.0026521910277911083 -0.00037267023501181884 -0.0016346744579137662 0.00085508643094661283 -0.0024836903479995161 -0.0017697072786141291 0.0013652197494795008 7.3076514808749574e-05
leaf_weight=141 104 167 110 6479 162 167 121 159 104 278 123 132 121 174
leaf_count=141 104 167 110 6479 162 167 121 159 104 278 123 132 121 174
internal_value=5.19198e-05 0.000729158 0.000282566 1.21125e-06 -2.12785e-05 -0.000375196 6.56382e-06 0.000934502 -2.84952e-05 -5.63461e-06 -3.96765e-05 -0.000687554 -0.000170166 -0.000777295
internal_weight=8542 585 418 7957 7853 277 7691 280 7411 7307 7029 550 427 306
internal_count=8542 585 418 7957 7853 277 7691 280 7411 7307 7029 550 427 306
cat_boundaries=0 1 2
cat_threshold=1209533888 24
is_linear=0
shrinkage=0.03


Tree=344
num_leaves=15
num_cat=0
split_feature=30 22 1 1 24 24 31 1 24 25 1 24 6 27
split_gain=0.276481 0.242004 0.251691 0.570966 0.44949 0.424695 0.598815 0.46041 0.363412 0.313402 0.309933 0.305718 0.39626 0.298944
threshold=368.50000000000006 10820.35 81.500000000000014 85.500000000000014 27.530000000000005 61.839166666663957 1.7262355831286176 92.500000000000014 468.26983333333635 0.40833333333333338 76.500000000000014 410.06833333333145 2.5000000000000004 25.748020833333339
decision_type=2 2 2 2 10 10 8 2 10 8 2 10 2 2
left_child=1 2 8 -4 9 6 -6 -7 10 -5 -1 12 -9 -10
right_child=-2 -3 3 4 5 7 -8 11 13 -11 -12 -13 -14 -15
leaf_value=-7.3036755339935688e-08 -0.0012879375786931462 0.0011934203109366965 0.0022942537988906299 -0.0014042447413204428 0.00032663784885450943 -0.0016466948663276669 0.0030615258991687757 0.00065415545279916688 0.00021807282541714073 0.00025563052946581393 -0.0012808449631556867 0.0018460458863410166 -0.001089294627890922 -0.0014400482804499447
leaf_weight=6007 151 152 122 234 176 114 122 389 143 182 175 112 168 310
leaf_count=6007 151 152 122 234 176 114 122 389 143 182 175 112 168 310
internal_value=-1.56097e-05 7.2456e-06 -1.45982e-05 0.000320768 0.000159936 0.000482418 0.00144629 0.00011558 -9.64306e-05 -0.000678049 -3.63291e-05 0.000415878 0.000128303 -0.000916624
internal_weight=8557 8406 8254 1619 1497 1081 298 783 6635 416 6182 669 557 453
internal_count=8557 8406 8254 1619 1497 1081 298 783 6635 416 6182 669 557 453
is_linear=0
shrinkage=0.03


Tree=345
num_leaves=15
num_cat=2
split_feature=27 27 38 37 38 38 25 25 31 31 36 25 31 38
split_gain=0.181088 1.30838 0.958355 0.497413 0.472805 0.348493 0.428622 0.359895 0.58536 0.547098 0.348317 0.321169 0.300759 0.300496
threshold=13.986660879629632 13.999322916666669 2.1110801447168477 0 2.2758864836952273 2.0659085907662513 0.40833333333333338 0.29772727272727278 1.5201026298909559 2.6397879858657247 1 0.19000000000000003 4.4993985565356862 1.677187984819168
decision_type=2 2 2 9 2 2 10 10 10 10 9 8 8 2
left_child=2 -2 3 -1 5 7 -7 8 10 -10 13 -12 -9 -3
right_child=1 4 -4 -5 -6 6 -8 12 9 -11 11 -13 -14 -15
leaf_value=-0.0009407041476438751 0.0033276621092703531 0.0012541282789898104 -0.0030916358976818548 0.00019299163591098906 -0.0017916023081523322 -6.1369881711222901e-05 0.0021076303208461089 -6.0105007768161685e-06 0.0025331301664683354 0.00013431564986005724 0.00015225756645892175 -0.0014830346732318551 -0.00068647877554929646 -0.00067099983113002952
leaf_weight=454 110 270 101 1389 126 165 163 4166 201 149 260 185 680 100
leaf_count=454 110 270 101 1389 126 165 163 4166 201 149 260 185 680 100
internal_value=8.10413e-06 8.33134e-05 -0.000246269 -9.03372e-05 2.81118e-05 6.42822e-05 0.00101652 1.23219e-05 0.000485762 0.00151192 4.508e-05 -0.000515988 -0.000101495 0.000714512
internal_weight=8519 6575 1944 1843 6465 6339 328 6011 1165 350 815 445 4846 370
internal_count=8519 6575 1944 1843 6465 6339 328 6011 1165 350 815 445 4846 370
cat_boundaries=0 1 2
cat_threshold=1250467968 50
is_linear=0
shrinkage=0.03


Tree=346
num_leaves=15
num_cat=2
split_feature=31 1 24 1 27 24 22 27 37 5 26 24 24 35
split_gain=0.304616 0.577449 0.160572 0.38461 0.792298 0.465889 0.350434 0.628131 0.339219 0.426648 0.429627 0.339544 0.450734 0.314464
threshold=0.23920529801324505 49.500000000000007 120.45833333333286 100.50000000000001 14.124722222222223 99.208500000000086 3967.5352500000004 17.34057291666667 0 0.18465000000000001 0.05634920634920635 180.65499999999597 219.61766666665443 1
decision_type=8 2 8 2 2 10 2 2 9 2 10 8 8 1
left_child=1 -1 3 5 -5 6 -2 -8 -4 10 11 -10 -13 -7
right_child=2 -3 8 4 -6 13 7 -9 9 -11 -12 12 -14 -15
leaf_value=0.00041472897345946484 6.4379614521682348e-05 -0.0026117183213253789 -0.00081962680079333036 0.00030916210648699726 0.0030942430363419199 -1.4128843486105325e-06 -0.00020620736641477569 -0.0023616907206507258 0.000905647959724265 -0.00047029379415028199 0.0018137370394348787 -0.0012474893699669135 0.00014094335265033277 0.002118425338670907
leaf_weight=112 2868 115 563 513 112 118 553 156 391 1238 144 251 1302 141
leaf_count=112 2868 115 563 513 112 118 553 156 391 1238 144 251 1302 141
internal_value=-3.41672e-05 -0.00111849 -4.68909e-06 0.000118144 0.000808249 5.70534e-06 -8.32585e-05 -0.000680475 -0.000145589 -2.89415e-05 0.000232603 0.000115482 -8.34588e-05 0.00123437
internal_weight=8577 227 8350 4461 625 3836 3577 709 3889 3326 2088 1944 1553 259
internal_count=8577 227 8350 4461 625 3836 3577 709 3889 3326 2088 1944 1553 259
cat_boundaries=0 1 2
cat_threshold=2550169632 7
is_linear=0
shrinkage=0.03


Tree=347
num_leaves=15
num_cat=1
split_feature=30 30 30 5 30 38 23 1 31 1 22 37 30 21
split_gain=0.457812 0.319966 0.254641 0.244668 0.562132 0.734451 0.730565 0.612466 0.457193 0.86408 0.513606 0.41811 0.412268 0.389173
threshold=360.75000000000006 327.65000000000003 2.2500000000000004 0.18465000000000001 86.500000000000014 1.5476011008793988 19.500000000000004 41.500000000000007 0.1106014271151886 28.500000000000004 10353.798000000001 0 51.050000000000004 42.333333333333336
decision_type=2 2 2 2 2 2 2 2 10 2 2 9 2 2
left_child=1 2 -1 8 5 11 -6 -7 9 -4 -10 -5 -9 -8
right_child=-2 -3 3 4 6 7 13 12 10 -11 -12 -13 -14 -15
leaf_value=-0.0014070854420285849 -0.0016610746699969592 0.0014665538874537414 0.0033845773187036123 -0.0012565416070000667 0.002322238137682852 -0.0035647293879854966 0.0011128349207463351 -0.00013200559601887483 5.3298931877354854e-05 -0.00044664815572711329 -0.0021068080551553477 0.00055866729402999555 -0.0023133531043197223 -0.00030207428282705404
leaf_weight=126 161 124 104 165 117 123 199 181 5172 108 101 319 137 1448
leaf_count=126 161 124 104 165 117 123 199 181 5172 108 101 319 137 1448
internal_value=-7.63967e-05 -4.61102e-05 -6.87091e-05 -4.80783e-05 -0.000282493 -0.000881489 3.16057e-05 -0.00176708 6.68428e-05 0.00143282 1.19239e-05 -7.45728e-05 -0.00107177 -0.000131117
internal_weight=8585 8424 8300 8174 2689 925 1764 441 5485 212 5273 484 318 1647
internal_count=8585 8424 8300 8174 2689 925 1764 441 5485 212 5273 484 318 1647
cat_boundaries=0 1
cat_threshold=2181081728
is_linear=0
shrinkage=0.03


Tree=348
num_leaves=15
num_cat=1
split_feature=37 22 33 34 22 1 23 22 24 24 23 38 25 30
split_gain=0.259963 0.39899 0.395018 1.19669 0.493071 0.501414 0.47796 0.442111 0.441896 0.720048 0.592747 0.445871 0.371535 0.3632
threshold=0 12726.200000000003 1.0000000180025095e-35 1.0000000180025095e-35 1262.2103750000003 53.500000000000007 105.50000000000001 7883.6000000000013 260.24633333333367 474.78833333333142 106.50000000000001 1.1949393728054949 0.61414392059553358 220.07500000000002
decision_type=9 2 2 2 2 2 2 2 10 10 2 2 8 2
left_child=2 -2 4 -4 12 8 -5 13 11 10 -10 -6 -1 -7
right_child=1 -3 3 6 5 7 -8 -9 9 -11 -12 -13 -14 -15
leaf_value=0.00029980868959538659 -0.00013024064453404809 -0.0020371370026057972 -0.0002889876226944142 0.0035147830388857128 -0.0021336498664304678 9.9627333452930497e-05 0.0011666780483878415 -0.0027145969545892853 -4.7662962079284246e-05 -0.00076099753142239482 0.0023980501877980988 -7.1136469350501435e-05 0.0019048691927740465 -0.0012809595152181207
leaf_weight=1109 4439 101 405 136 113 344 183 101 143 196 237 571 147 342
leaf_count=1109 4439 101 405 136 113 344 183 101 143 196 237 571 147 342
internal_value=-1.68388e-05 -0.000172283 0.000158442 0.00079347 1.9727e-05 -0.000267389 0.00216775 -0.000861487 0.000103687 0.000715914 0.00147769 -0.000411873 0.000487662 -0.000588654
internal_weight=8567 4540 4027 724 3303 2047 319 787 1260 576 380 684 1256 686
internal_count=8567 4540 4027 724 3303 2047 319 787 1260 576 380 684 1256 686
cat_boundaries=0 1
cat_threshold=1377045980
is_linear=0
shrinkage=0.03


Tree=349
num_leaves=15
num_cat=2
split_feature=32 1 20 24 24 27 27 31 37 38 30 31 24 37
split_gain=0.183612 0.358216 0.219462 0.639049 0.299977 0.255607 1.19416 0.677028 0.504944 0.537976 0.370769 0.370419 0.383204 0.352801
threshold=34.500000000000007 37.500000000000007 1.0000000180025095e-35 352.12183333333195 53.570333333333231 13.986660879629632 13.999334490740742 0.19843228538575877 0 1.9284054309867187 65.500000000000014 3.0695184816355225 48.29916666666665 1
decision_type=2 2 2 8 10 2 2 8 9 2 2 8 10 9
left_child=2 -2 5 4 -4 8 -7 -8 9 11 -10 12 -1 -9
right_child=1 -3 3 -5 -6 6 7 13 10 -11 -12 -13 -14 -15
leaf_value=-0.0016630077341952445 -0.0018064607054305573 0.00056251713274978101 -0.0013175702405244329 -0.0026165338517297235 0.00062819823625834975 0.0029646235902328045 -0.0022213296605158735 0.0010342609007443107 0.00090044846731934716 -0.002341288842591307 -0.00026478550106374949 0.00087531444535631192 -0.00010111783591299385 0.00010080422034656951
leaf_weight=242 135 100 102 107 237 136 109 382 443 155 552 161 340 5296
leaf_count=242 135 100 102 107 237 136 109 382 443 155 552 161 340 5296
internal_value=2.85039e-05 -0.000798385 5.20235e-05 -0.000595243 4.27458e-05 8.89581e-05 0.000185947 0.000120645 -0.000214509 -0.000725553 0.00025148 -0.000398253 -0.000750563 0.000165604
internal_weight=8497 235 8262 446 339 7816 5923 5787 1893 898 995 743 582 5678
internal_count=8497 235 8262 446 339 7816 5923 5787 1893 898 995 743 582 5678
cat_boundaries=0 1 2
cat_threshold=1523057058 1210064914
is_linear=0
shrinkage=0.03


Tree=350
num_leaves=15
num_cat=1
split_feature=37 30 5 28 28 24 30 22 27 32 27 22 21 0
split_gain=0.212798 0.273241 0.239087 0.213959 0.385381 0.284251 0.333587 0.556545 0.385514 0.474363 0.395201 0.401714 0.552423 0.38795
threshold=0 24.165000000000003 0.11940000000000002 27.590653935185188 20.991348379629631 157.05049999999582 51.050000000000004 248.00000000000003 29.165914351851857 13.500000000000002 28.280746527777783 1479.67975 103.63333333333334 5.5000000000000009
decision_type=9 2 2 2 2 10 2 2 2 2 2 2 2 2
left_child=1 -1 -3 4 5 -2 7 -7 10 -10 11 -8 -13 -11
right_child=3 2 -4 -5 -6 6 8 -9 9 13 -12 12 -14 -15
leaf_value=-0.0018964408877896809 0.00019689244132371948 0.00052823059287162471 -0.0010930501327946268 -0.0012848794608358836 0.0013624385004733916 -0.00033915686755152787 -0.00076007681469047062 0.0021275497567465437 -0.0010825679808911489 0.002001288221453817 -0.0015892678759186843 0.0011354963526318664 -0.00055662034604196935 0.00021263981709188524
leaf_weight=111 4858 188 145 103 209 194 901 143 164 159 266 313 390 348
leaf_count=111 4858 188 145 103 209 194 901 143 164 159 266 313 390 348
internal_value=3.80452e-05 -0.000594031 -0.000177732 7.35629e-05 9.12665e-05 5.69239e-05 -0.00017934 0.000707547 -0.000296963 0.000319914 -0.000518313 -0.000340711 0.000196769 0.000773577
internal_weight=8492 444 333 8048 7945 7736 2878 337 2541 671 1870 1604 703 507
internal_count=8492 444 333 8048 7945 7736 2878 337 2541 671 1870 1604 703 507
cat_boundaries=0 1
cat_threshold=18108936
is_linear=0
shrinkage=0.03


Tree=351
num_leaves=15
num_cat=2
split_feature=27 27 38 37 38 31 0 32 0 30 24 0 37 13
split_gain=0.403946 0.980006 0.628121 0.412416 0.392701 0.382192 0.357204 0.865785 0.416967 0.589691 0.538741 0.335902 0.247685 0.573616
threshold=13.958015046296298 13.999322916666669 2.1219754415830239 0 2.2758864836952273 6.3930205949656758 10.500000000000002 2.5000000000000004 6.5000000000000009 104.50000000000001 68.754999999999868 5.5000000000000009 1 0.50000000000000011
decision_type=2 2 2 9 2 8 2 2 2 2 10 2 9 2
left_child=2 -2 3 11 12 6 7 -5 10 -10 -9 -1 13 -3
right_child=1 4 -4 5 -6 -7 -8 8 9 -11 -12 -13 -14 -15
leaf_value=0.00039380274654831737 0.0022361208980982289 -0.00029076277345914354 -0.0026726439279657834 0.0020521025627180385 -0.0015997302426068588 0.0014671065578324683 -0.0011727229083651055 5.6281498857151238e-05 0.0013966790453393645 -0.001133365724813601 -0.0023138250967868687 -0.0013587565424861912 0.00024691824635829108 0.00094523725778601847
leaf_weight=128 188 2574 103 170 129 149 241 181 210 137 165 426 3390 389
leaf_count=128 188 2574 103 170 129 149 241 181 210 137 165 426 3390 389
internal_value=-9.27937e-06 0.000100873 -0.000393947 -0.00026406 3.89433e-05 4.05918e-05 -0.000151568 0.000133598 -0.000337031 0.000397785 -0.00107397 -0.000936921 7.22172e-05 -0.000128061
internal_weight=8580 6670 1910 1807 6482 1253 1104 863 693 347 346 554 6353 2963
internal_count=8580 6670 1910 1807 6482 1253 1104 863 693 347 346 554 6353 2963
cat_boundaries=0 1 2
cat_threshold=1249947778 368673345
is_linear=0
shrinkage=0.03


Tree=352
num_leaves=15
num_cat=1
split_feature=31 31 21 31 22 37 33 22 31 25 1 31 21 22
split_gain=0.227821 0.591027 0.439992 0.432088 0.352064 0.320141 0.401532 1.05084 0.522004 0.798959 0.592043 0.532481 0.345421 0.310953
threshold=2.0058608930058344 1.9505869062052248 106.58333333333334 1.8868934128790211 12726.200000000003 0 1.0000000180025095e-35 1386.5015000000003 2.4757543249946594 0.5594117647058825 17.500000000000004 5.1020956475013444 84.38333333333334 472.12500000000006
decision_type=8 10 2 10 2 9 2 2 8 10 2 10 2 2
left_child=1 3 5 4 -1 6 8 -8 10 13 -2 -11 -12 -10
right_child=2 -3 -4 -5 -6 -7 7 -9 9 11 12 -13 -14 -15
leaf_value=0.00015544668563072158 0.0030436896915547549 0.0019315931200572663 -0.0012340417543279633 -0.0012040509959721627 0.001882386274054783 -0.00026633865827071769 -0.00049957188947126268 0.003439152154429745 -0.0023785725510679185 0.0019794271446153286 0.0016556852974463252 -0.00058806551697974398 -0.00061331521350488447 -0.00056603804540962142
leaf_weight=4204 100 171 290 207 109 2050 125 119 100 192 102 117 148 575
leaf_count=4204 100 171 290 207 109 2050 125 119 100 192 102 117 148 575
internal_value=5.92891e-05 0.000200329 -0.000109577 0.000134832 0.000199091 -1.96939e-05 0.000300509 0.00142136 9.77477e-05 -0.000256182 0.00109279 0.00100727 0.000312437 -0.000834562
internal_weight=8609 4691 3918 4520 4313 3628 1578 244 1334 984 350 309 250 675
internal_count=8609 4691 3918 4520 4313 3628 1578 244 1334 984 350 309 250 675
cat_boundaries=0 1
cat_threshold=10487824
is_linear=0
shrinkage=0.03


Tree=353
num_leaves=15
num_cat=3
split_feature=37 20 38 38 37 32 2 37 28 27 31 31 23 27
split_gain=0.185398 0.209025 0.504633 0.635422 0.248051 0.407034 0.16302 0.369695 0.299547 0.776411 0.339982 0.27497 0.267309 0.228177
threshold=0 1.0000000180025095e-35 1.608949615129972 1.382669988498274 1 6.5000000000000009 1.0000000180025095e-35 2 1.8198611111111114 13.999554398148151 3.2302347516243981 1.2900987958515222 118.50000000000001 13.970746527777779
decision_type=9 2 2 2 9 2 2 9 2 2 10 10 2 2
left_child=-1 4 3 -3 5 -2 -6 13 11 -10 -11 -9 -13 -8
right_child=1 2 -4 -5 6 -7 7 8 9 10 -12 12 -14 -15
leaf_value=-0.00059499422675084862 0.0023748841631765429 -0.0010303406985408133 -0.0017913080622874282 0.0018857259829674147 0.00012354124248307712 4.6744118711114464e-05 0.0017922794945736634 -0.0025968487620586529 0.0015482241938110622 -0.00019617695984952324 -0.0023573001393683212 0.00010411068176999207 -0.0018621801941253995 3.3254522560654501e-05
leaf_weight=395 114 153 181 120 6372 166 102 100 163 162 110 145 109 190
leaf_count=395 114 153 181 120 6372 166 102 100 163 162 110 145 109 190
internal_value=3.16928e-05 6.25791e-05 -0.000562955 0.000251447 9.93848e-05 0.000960332 6.56634e-05 -0.000274892 -0.000608623 -8.90187e-05 -0.00107016 -0.00126431 -0.000739691 0.000626261
internal_weight=8582 8187 454 273 7733 280 7453 1081 789 435 272 354 254 292
internal_count=8582 8187 454 273 7733 280 7453 1081 789 435 272 354 254 292
cat_boundaries=0 1 2 3
cat_threshold=17568297 2098176 2726297744
is_linear=0
shrinkage=0.03


Tree=354
num_leaves=15
num_cat=4
split_feature=37 38 38 35 30 25 38 37 36 38 25 22 16 5
split_gain=0.588549 0.609191 0.431248 0.265436 0.307667 0.393149 0.359891 0.309047 0.290443 0.574959 0.561358 0.219044 0.198138 0.191595
threshold=0 2.2273705780388373 2.1794420196782527 1 130.50000000000003 0.28285714285714292 1.782176931283656 2 3 1.6008082641471413 0.30384615384615393 10314.918 1.0000000180025095e-35 0.43650000000000005
decision_type=9 2 2 1 2 8 2 9 9 2 8 2 2 2
left_child=2 11 3 8 5 6 -5 -7 -1 10 -10 13 -9 -2
right_child=1 -3 -4 4 -6 7 -8 12 9 -11 -12 -13 -14 -15
leaf_value=-0.0012123701341139772 8.7549115860281314e-05 0.0018370671534191393 -0.0023670082963929556 -0.0010451570238874163 0.00073814876092685418 -0.00036455929443481369 0.00063934924067271981 -0.0014753007851705878 0.0012355896577466534 0.0020786633887293197 -0.0013253430238760568 -0.0012783357790687074 -0.0032022096737705933 -0.0003945970018810158
leaf_weight=116 5779 167 114 293 109 129 187 113 131 133 187 118 127 851
leaf_count=116 5779 167 114 293 109 129 187 113 131 133 187 118 127 851
internal_value=-7.43862e-05 4.70889e-05 -0.00058362 -0.000454132 -0.000754419 -0.000954931 -0.000388901 -0.00169123 6.53842e-05 0.0004132 -0.000270368 2.86021e-06 -0.00229356 2.56628e-05
internal_weight=8554 6915 1639 1525 958 849 480 369 567 451 318 6748 240 6630
internal_count=8554 6915 1639 1525 958 849 480 369 567 451 318 6748 240 6630
cat_boundaries=0 1 2 3 4
cat_threshold=28148418 1 32768 1
is_linear=0
shrinkage=0.03


Tree=355
num_leaves=15
num_cat=1
split_feature=22 28 38 24 27 27 1 7 24 31 37 1 30 5
split_gain=0.35081 1.47336 0.901501 0.29158 0.436349 0.89638 0.299805 0.380183 0.434002 0.245733 0.226061 0.45875 0.244059 0.410587
threshold=9234.8000000000011 2.9389178240740743 1.9219452483337924 489.39266666665793 29.5983275462963 25.748020833333339 141.50000000000003 1.0000000180025095e-35 95.611666666665712 1.9505869062052248 0 56.500000000000007 88.500000000000014 0.45800000000000007
decision_type=2 2 2 10 2 2 2 2 8 8 9 2 2 2
left_child=3 2 -2 6 5 -5 10 9 -9 -8 11 -1 13 -12
right_child=1 -3 -4 4 -6 -7 7 8 -10 -11 12 -13 -14 -15
leaf_value=-4.1779397931685176e-05 0.00078887506142824083 0.0030475197887216677 -0.002641494316426483 0.001693162807584125 0.0022364721320778259 -0.0014727793281620791 -0.00075032564485010423 0.00095116346292699891 -0.0014760643597811652 -0.0027563367313622965 -0.00022317252721384167 0.0022542511919085438 1.0363912545983926e-05 -0.0014174824770628999
leaf_weight=266 182 163 111 159 116 163 107 153 117 113 2237 111 4269 293
leaf_count=266 182 163 111 159 116 163 107 153 117 113 2237 111 4269 293
internal_value=-4.84152e-05 0.000761217 -0.000510685 -9.3972e-05 0.00065886 9.05275e-05 -0.000136985 -0.000854944 -0.000100635 -0.00178069 -8.79609e-05 0.000617852 -0.000127818 -0.000361486
internal_weight=8560 456 293 8104 438 322 7666 490 270 220 7176 377 6799 2530
internal_count=8560 456 293 8104 438 322 7666 490 270 220 7176 377 6799 2530
cat_boundaries=0 1
cat_threshold=1073751508
is_linear=0
shrinkage=0.03


Tree=356
num_leaves=15
num_cat=1
split_feature=28 21 37 23 23 27 1 1 23 1 29 1 24 27
split_gain=0.289073 0.769518 0.683489 0.841661 0.821708 0.960472 0.523657 0.678773 0.465329 0.413222 0.353115 0.372959 0.410083 0.406396
threshold=3.5639699074074076 204.83333333333334 0 115.50000000000001 106.50000000000001 13.999577546296299 74.500000000000014 20.500000000000004 79.500000000000014 16.500000000000004 3.5000000000000004 14.500000000000002 159.31983333333397 13.999809027777781
decision_type=2 2 9 2 2 2 2 2 2 2 2 2 10 2
left_child=1 8 4 9 5 -2 7 -5 10 -4 11 12 -1 -14
right_child=2 -3 3 6 -6 -7 -8 -9 -10 -11 -12 -13 13 -15
leaf_value=0.0011220110959818286 0.004471088666207928 -0.0024199719837911071 -0.0011151739518088591 -0.00013798805848061824 0.00022171904216034073 0.00083055965677403764 -0.00065052126765736105 0.0019388885081784958 -0.00039261225845958758 -5.7932113267323106e-05 0.001712463484145701 -8.634165843994488e-05 -0.0016943882337796526 0.00066804416807281079
leaf_weight=560 116 126 462 215 359 149 169 415 2117 1189 130 2227 111 160
leaf_count=560 116 126 462 215 359 149 169 415 2117 1189 130 2227 111 160
internal_value=2.87284e-05 -0.000102855 0.000261203 3.29031e-05 0.0011388 0.00242415 0.000832332 0.00123011 -4.78203e-05 -0.000353781 0.00018114 0.000116041 0.000658407 -0.000299594
internal_weight=8505 5431 3074 2450 624 265 799 630 5305 1651 3188 3058 831 271
internal_count=8505 5431 3074 2450 624 265 799 630 5305 1651 3188 3058 831 271
cat_boundaries=0 1
cat_threshold=278921244
is_linear=0
shrinkage=0.03


Tree=357
num_leaves=15
num_cat=4
split_feature=38 37 0 38 37 22 30 36 31 38 22 28 30 36
split_gain=0.438901 0.272725 0.202316 0.20084 0.663726 0.808482 0.696471 0.709621 0.625579 0.503901 0.524246 0.485566 0.634813 0.726832
threshold=2.3040562714157726 0 9.5000000000000018 1.6134496801343488 1 241.53750000000002 37.250000000000007 2 1.200840336134454 1.4723210051369719 1191.0500000000002 0.89800347222222232 238.65000000000001 3
decision_type=2 9 2 2 9 2 2 9 10 2 2 2 2 9
left_child=1 2 -1 9 5 -5 -7 -8 -9 11 -11 12 13 -3
right_child=-2 3 -4 4 -6 6 7 8 -10 10 -12 -13 -14 -15
leaf_value=-0.00021103375945667283 0.0016040512248358795 0.0021690335138227 -0.0015963533077727467 0.0024900562064909693 -0.00049671464400358341 -0.0021673532161849687 0.0025582980683938623 -0.0018834489840595053 0.00045747922522574642 2.0761155977239554e-05 0.0013535043630516566 -0.00027968293354877258 -0.0012715485860349334 0.00030961228637060704
leaf_weight=229 156 216 162 149 1888 107 108 125 577 499 568 2353 183 1235
leaf_count=229 156 216 162 149 1888 107 108 125 577 499 568 2353 183 1235
internal_value=2.73628e-05 -1.92206e-06 -0.000765426 3.62675e-05 -0.000160203 0.000436362 0.000107423 0.000407918 4.00764e-05 0.000151174 0.000730225 -3.79194e-06 0.000393498 0.000603493
internal_weight=8555 8399 391 8008 2954 1066 917 810 702 5054 1067 3987 1634 1451
internal_count=8555 8399 391 8008 2954 1066 917 810 702 5054 1067 3987 1634 1451
cat_boundaries=0 1 2 3 4
cat_threshold=17306141 1416659136 6 32
is_linear=0
shrinkage=0.03


Tree=358
num_leaves=15
num_cat=2
split_feature=30 37 24 30 21 6 25 24 1 30 37 24 23 23
split_gain=0.332608 0.724679 0.279268 0.229778 0.255178 0.194835 0.411803 0.4352 0.357809 0.324728 0.344449 0.300812 0.333291 0.268
threshold=11.250000000000002 0 770.65416666668386 368.50000000000006 190.00000000000003 2.5000000000000004 0.43223443223443231 70.494166666665862 88.500000000000014 62.500000000000007 1 45.290999999999777 76.500000000000014 115.50000000000001
decision_type=2 9 10 2 2 2 10 10 2 2 9 10 2 2
left_child=1 -1 3 4 5 9 8 -8 -7 10 11 -2 -13 -9
right_child=2 -3 -4 -5 -6 6 7 13 -10 -11 -12 12 -14 -15
leaf_value=8.2400125259601449e-05 -0.0014432640065241069 -0.0022906265080066238 0.0014515788702815138 -0.0012019666936890832 0.0010692994145979054 0.0028114505416220602 -0.0016899068793489798 0.0015631349939729802 0.00044177341599280429 -0.00018951851084601025 0.00052439245906232335 0.00090563279783026753 -0.0010856599471721453 -0.00048286584357794547
leaf_weight=319 167 174 118 145 197 102 112 121 131 5163 1330 194 124 110
leaf_count=319 167 174 118 145 197 102 112 121 131 5163 1330 194 124 110
internal_value=-4.36194e-05 -0.00079993 2.90686e-06 -1.87425e-05 3.39239e-06 -2.44053e-05 0.000505894 -0.000155235 0.00147914 -6.81789e-05 0.000276987 -0.000403948 0.000129154 0.000588849
internal_weight=8507 493 8014 7896 7751 7554 576 343 233 6978 1815 485 318 231
internal_count=8507 493 8014 7896 7751 7554 576 343 233 6978 1815 485 318 231
cat_boundaries=0 1 2
cat_threshold=171975109 171966982
is_linear=0
shrinkage=0.03


Tree=359
num_leaves=15
num_cat=5
split_feature=37 23 38 37 37 36 38 24 36 0 23 0 21 22
split_gain=0.23963 0.350486 0.461094 1.14467 0.381291 0.301637 0.279253 0.240653 0.218575 0.470804 0.257992 0.355995 0.239348 0.206247
threshold=0 11.500000000000002 1.7703109813261113 1 2 3 1.4234552019505846 54.945166666667397 4 8.5000000000000018 97.500000000000014 11.500000000000002 51.500000000000007 248.00000000000003
decision_type=9 2 2 9 9 9 2 10 9 2 2 2 2 2
left_child=1 -1 4 7 5 6 -3 -4 9 -6 11 -10 -12 -5
right_child=-2 2 3 13 8 -7 -8 -9 10 -11 12 -13 -14 -15
leaf_value=-0.001830121099760401 5.7550214115502085e-05 -0.0017364607293857261 0.0001778282878089319 0.0031427689420857599 -0.00066354122352471254 -0.0023061627794434374 0.00031019270237136104 -0.001467701352968881 0.00011267753075837802 0.0018801908791714974 -0.00028558835127534202 -0.0013951862861812886 -0.0019395695602134712 0.0013756434835262433
leaf_weight=126 5871 105 158 105 133 148 140 162 848 129 156 169 159 137
leaf_count=126 5871 105 158 105 133 148 140 162 848 129 156 169 159 137
internal_value=-4.97917e-05 -0.000284534 -0.00020925 0.000549436 -0.000423835 -0.00124882 -0.000544711 -0.000635366 -0.000211275 0.000567256 -0.000367496 -0.000137892 -0.00112046 0.00205736
internal_weight=8546 2675 2549 562 1987 393 245 320 1594 262 1332 1017 315 242
internal_count=8546 2675 2549 562 1987 393 245 320 1594 262 1332 1017 315 242
cat_boundaries=0 1 2 3 4 5
cat_threshold=33129160 8388608 2130120 17 34
is_linear=0
shrinkage=0.03


Tree=360
num_leaves=15
num_cat=2
split_feature=37 6 28 22 22 21 38 38 25 28 28 22 7 37
split_gain=0.241428 0.408584 0.298701 0.368911 0.310555 0.518994 0.32278 0.485037 0.308719 0.296946 0.235261 0.982251 0.708042 0.83684
threshold=0 4.5000000000000009 1.8669155092592595 47.437500000000007 1037.4500000000003 118.83333333333336 1.3787817546236607 1.5963149618008365 0.48074074074074075 3.5639699074074076 3.0406018518518523 9278.126000000002 1.0000000180025095e-35 1
decision_type=9 2 2 2 2 2 2 2 8 2 2 2 2 9
left_child=2 10 3 -1 6 -6 8 -8 -5 -4 -2 12 13 -12
right_child=1 -3 9 4 5 -7 7 -9 -10 -11 11 -13 -14 -15
leaf_value=0.0019309034202728539 -0.0002073442203244002 -0.001748967936019154 -0.0014617935155133287 -0.00051846954079198858 0.0019535369644872844 9.5612393262603409e-05 -0.0018697143420381862 0.0004684745448678001 0.0015041981720714829 6.6576998897918951e-05 0.0030339819150490325 0.0028445931939742137 -0.00029455754005604945 0.00025762233315434503
leaf_weight=155 3887 133 130 118 235 319 167 153 160 954 124 118 1525 387
leaf_count=155 3887 133 130 118 235 319 167 153 160 954 124 118 1525 387
internal_value=-4.90238e-06 -0.000104021 0.000250429 0.000556846 0.000371969 0.000883721 -0.000102129 -0.000751768 0.000645656 -0.000116715 -6.79781e-05 0.000183515 2.92875e-05 0.000995753
internal_weight=8565 6174 2391 1307 1152 554 598 320 278 1084 6041 2154 2036 511
internal_count=8565 6174 2391 1307 1152 554 598 320 278 1084 6041 2154 2036 511
cat_boundaries=0 1 2
cat_threshold=3360163464 2099204
is_linear=0
shrinkage=0.03


Tree=361
num_leaves=15
num_cat=2
split_feature=37 31 23 31 31 29 38 21 38 22 32 38 37 31
split_gain=0.318361 0.407675 2.51388 0.394345 0.375831 0.798752 0.752045 0.332407 0.31124 0.212422 0.198752 0.202981 0.797948 0.278961
threshold=0 0.35714348202647267 105.50000000000001 0.52163962311029577 1.8322390932420876 1.0000000180025095e-35 1.8069644002058622 30.833333333333339 2.3040562714157726 75.46250000000002 1.0000000180025095e-35 1.608949615129972 1 2.6228785436617055
decision_type=9 8 2 8 10 2 2 2 2 2 2 2 9 8
left_child=3 2 -2 -1 6 -6 7 9 10 -5 -3 -12 -13 -14
right_child=1 8 -4 4 5 -7 -8 -9 -10 -11 11 12 13 -15
leaf_value=-0.0022506972014702657 0.0033221517741411181 0.00099597447312187908 -0.0026467492026044054 -0.00039095860597373132 0.00042108028572124414 -0.0025689508047409704 0.0018236620796925284 0.00048687561666018245 -0.0016804469678112688 -0.0021576947231050124 8.4375069320652643e-05 0.0019081932476606883 -0.00060054728916293675 8.84274009127134e-05
leaf_weight=111 174 172 100 122 151 172 164 158 102 123 4538 136 1643 780
leaf_count=111 174 172 100 122 151 172 164 158 102 123 4538 136 1643 780
internal_value=-5.87722e-05 7.45212e-06 0.00114372 -0.000559041 -0.00035434 -0.00117113 0.000110959 -0.000586022 -3.47759e-05 -0.00127793 -1.16836e-05 -3.61048e-05 -0.000249758 -0.000377199
internal_weight=8646 7645 274 1001 890 323 567 403 7371 245 7269 7097 2559 2423
internal_count=8646 7645 274 1001 890 323 567 403 7371 245 7269 7097 2559 2423
cat_boundaries=0 1 2
cat_threshold=154677334 1145045128
is_linear=0
shrinkage=0.03


Tree=362
num_leaves=15
num_cat=2
split_feature=31 24 37 31 1 37 1 30 21 5 5 1 26 38
split_gain=0.22374 0.584458 0.202019 0.440602 0.225633 0.546054 0.494193 0.423046 0.371814 0.24211 0.247068 0.50745 0.537819 0.573995
threshold=0.057386724977567159 28.479666666670241 0 0.28611556982343506 101.50000000000001 1 122.50000000000001 228.05000000000004 50.500000000000007 0.63070000000000015 0.18465000000000001 22.500000000000004 1.0000000180025095e-35 1.392255700170391
decision_type=10 10 9 10 2 9 2 2 2 2 2 2 8 2
left_child=1 -1 -2 -4 9 7 -7 -6 -8 10 -5 -12 13 -13
right_child=2 -3 3 4 5 6 8 -9 -10 -11 11 12 -14 -15
leaf_value=1.6411272588778626e-05 -0.00025140814261355113 -0.0026146365342927828 0.0019778104652602583 0.00010331060999798799 -0.00076757299036533857 0.0032659913430346504 -0.00059067471812728162 0.0010772855221082202 0.0019358289940923517 0.00096737978960032033 -0.0017082760974266367 -1.0096616342553269e-05 0.00041339555168079913 -0.0018769579625168261
leaf_weight=275 1739 105 112 3661 307 102 101 176 109 228 213 354 736 255
leaf_count=275 1739 105 112 3661 307 102 101 176 109 228 213 354 736 255
internal_value=8.49102e-07 -0.000710589 3.42541e-05 0.000112654 7.93682e-05 0.000551491 0.00150459 -9.33928e-05 0.000720701 1.04609e-05 -3.13436e-05 -0.000347755 -0.000132297 -0.000791787
internal_weight=8473 380 8093 6354 6242 795 312 483 210 5447 5219 1558 1345 609
internal_count=8473 380 8093 6354 6242 795 312 483 210 5447 5219 1558 1345 609
cat_boundaries=0 1 2
cat_threshold=631836800 303040512
is_linear=0
shrinkage=0.03


Tree=363
num_leaves=15
num_cat=1
split_feature=35 23 31 30 27 32 13 0 38 21 38 24 1 28
split_gain=0.24865 0.428009 0.250721 0.217422 0.489176 0.194512 0.177978 0.155779 0.523869 0.502527 0.392294 0.308207 0.403934 0.439463
threshold=0 54.500000000000007 8.173220338983052 7.2500000000000009 13.999693287037038 7.5000000000000009 1.0000000180025095e-35 7.5000000000000009 2.2273705780388373 158.50000000000003 2.1794420196782527 529.83099999999411 21.500000000000004 5.0990451388888891
decision_type=1 2 10 2 2 2 2 2 2 2 2 10 2 2
left_child=1 5 3 4 -2 -1 -3 8 9 -5 11 12 13 -9
right_child=2 6 -4 7 -6 -7 -8 10 -10 -11 -12 -13 -14 -15
leaf_value=0.00071786418376452565 -0.0017742521485554113 -0.00081126560380851678 0.0010229661076479012 0.00018459882819596844 0.00065832899045246095 -0.0009065532681739165 -0.0025064667029124975 -0.0001278678439026091 0.0022740194214839896 -0.0011108190468663974 -0.0018177128419047219 -0.0013864523778191779 0.00016331380701544178 -0.0016604972718969771
leaf_weight=172 186 110 212 3500 124 108 113 529 101 292 120 154 2627 247
leaf_count=172 186 110 212 3500 124 108 113 529 101 292 120 154 2627 247
internal_value=-3.5765e-05 -0.000676228 4.87591e-06 -2.25081e-05 -0.00080122 9.13032e-05 -0.00167027 9.38097e-06 0.000141642 8.48462e-05 -0.00013065 -7.37344e-05 -1.43284e-05 -0.000615702
internal_weight=8595 503 8092 7880 310 280 223 7570 3893 3792 3677 3557 3403 776
internal_count=8595 503 8092 7880 310 280 223 7570 3893 3792 3677 3557 3403 776
cat_boundaries=0 1
cat_threshold=4
is_linear=0
shrinkage=0.03


Tree=364
num_leaves=15
num_cat=1
split_feature=38 25 21 30 27 7 21 28 0 0 27 5 36 30
split_gain=0.327643 2.50822 0.257199 0.221947 0.30707 0.233692 0.472012 0.427494 0.401968 0.542409 0.313326 0.310182 0.255242 0.597213
threshold=2.2273705780388373 0.39791666666666675 210.14166666666671 296.02500000000003 26.973952546296299 1.5000000000000002 121.26666666666668 7.7874305555555567 4.5000000000000009 6.5000000000000009 30.554403935185189 0.074150000000000008 0 71.250000000000014
decision_type=2 10 2 2 2 2 2 2 2 2 2 2 9 2
left_child=2 -2 3 5 -5 10 7 8 -7 -10 12 -12 13 -1
right_child=1 -3 -4 4 -6 6 -8 -9 9 -11 11 -13 -14 -15
leaf_value=-0.0012336375704908276 -0.0012955175015114007 0.0047985685016959908 -0.0013647376641165465 -0.0015452393078954801 2.9014788256865678e-05 -5.2582721512478126e-05 -0.00078889497896916295 -0.00064293157397391821 0.0035908901807997608 0.0010171923976323291 -0.0018593535936662962 -1.5131561226024683e-05 0.00013094230162892677 0.00025347516044586137
leaf_weight=430 155 100 122 189 272 117 172 111 120 191 157 172 5663 559
leaf_count=430 155 100 122 189 272 117 172 111 120 191 157 172 5663 559
internal_value=3.51608e-05 0.00109432 2.52204e-06 2.29815e-05 -0.000616395 6.13008e-05 0.000579442 0.00101609 0.00144635 0.00201026 8.52929e-06 -0.000895201 5.32267e-05 -0.000389161
internal_weight=8530 255 8275 8153 461 7692 711 539 428 311 6981 329 6652 989
internal_count=8530 255 8275 8153 461 7692 711 539 428 311 6981 329 6652 989
cat_boundaries=0 1
cat_threshold=4
is_linear=0
shrinkage=0.03


Tree=365
num_leaves=15
num_cat=3
split_feature=31 38 37 17 31 38 26 38 37 21 23 35 24 30
split_gain=0.474673 0.415448 0.422297 0.353137 0.326029 0.315777 0.396792 0.284371 0.355555 0.309219 0.348886 0.389806 0.332431 0.582202
threshold=0.1106014271151886 2.339954998248738 0 1.5000000000000002 0.52163962311029577 2.1110801447168477 0.05634920634920635 1.6831209597979404 1 68.833333333333357 96.500000000000014 2 138.59733333333386 102.50000000000001
decision_type=8 2 9 2 8 2 10 2 9 2 2 1 10 2
left_child=-1 2 3 4 -2 7 -7 -4 9 10 -9 -12 13 -11
right_child=1 -3 5 -5 -6 6 -8 8 -10 12 11 -13 -14 -15
leaf_value=0.0017723176615356013 -0.0022014272348724702 -0.0018681527850984605 0.00016672040060932322 0.00081793439407192633 -0.00046043613909377035 0.00021262417963737525 0.0025691794098981905 -1.7897805405463949e-05 0.00095965765116914632 -0.0010611646613779156 0.00012917295250575988 -0.0019523408568481572 -0.00054446779337951972 0.0014073438122904085
leaf_weight=129 103 113 4332 184 1610 177 101 247 178 128 115 312 558 262
leaf_count=129 103 113 4332 184 1610 177 101 247 178 128 115 312 558 262
internal_value=-3.36996e-05 -6.13689e-05 -3.67913e-05 -0.00042871 -0.000565119 7.9739e-05 0.00106878 3.50298e-05 -0.000281906 -0.000421474 -0.000915323 -0.00143444 -7.4808e-05 0.000597167
internal_weight=8549 8420 8307 1897 1713 6410 278 6132 1800 1622 674 427 948 390
internal_count=8549 8420 8307 1897 1713 6410 278 6132 1800 1622 674 427 948 390
cat_boundaries=0 1 2 3
cat_threshold=560992913 2559051776 6
is_linear=0
shrinkage=0.03


Tree=366
num_leaves=15
num_cat=1
split_feature=37 23 38 31 22 1 31 31 31 1 23 32 23 1
split_gain=0.325178 0.296441 1.3311 0.839218 0.290637 0.258975 0.404799 0.23149 0.228325 0.250871 0.199997 0.19093 0.55378 0.463986
threshold=0 105.50000000000001 2.2273705780388373 1.16811088898138 1349.3500000000001 1.0000000180025095e-35 2.2152717697949975 1.7614762638217427 2.6228785436617055 67.500000000000014 73.500000000000014 6.5000000000000009 38.500000000000007 104.50000000000001
decision_type=9 2 2 8 2 2 10 10 10 2 2 2 2 2
left_child=5 2 11 -3 -5 6 10 -6 -9 -10 -1 -2 13 -13
right_child=1 3 -4 4 7 -7 -8 8 9 -11 -12 12 -14 -15
leaf_value=-0.00091643685828894368 0.00051197678188564177 -0.0028010936755275065 0.0035360134174520878 0.0014593881339085503 0.0010404065339493433 -0.0002127901441096999 0.0016564788743143239 -0.0016603437094379152 -0.00088224743999465297 0.00098107647407671495 0.00076331993011203973 1.8613769089582628e-05 -0.0017381968840506654 0.0021584615119267254
leaf_weight=150 1163 104 115 117 105 4838 177 116 148 116 111 1036 149 100
leaf_count=150 1163 104 115 117 105 4838 177 116 148 116 111 1036 149 100
internal_value=-3.68637e-06 0.000231021 0.000381666 -0.000312592 0.000117315 -0.000149266 0.000548995 -0.000206443 -0.000550967 -6.35142e-05 -0.000202058 0.000233484 -1.85691e-05 0.000206981
internal_weight=8545 3269 2563 706 602 5276 438 485 380 264 261 2448 1285 1136
internal_count=8545 3269 2563 706 602 5276 438 485 380 264 261 2448 1285 1136
cat_boundaries=0 1
cat_threshold=549836934
is_linear=0
shrinkage=0.03


Tree=367
num_leaves=15
num_cat=0
split_feature=27 27 38 24 19 22 38 30 25 24 25 21 31 25
split_gain=0.229933 0.413785 0.581053 0.430723 0.37437 0.646129 0.354291 0.490036 0.33176 0.600331 0.509797 1.84186 1.18842 0.502514
threshold=29.624641203703707 29.99902777777778 1.8883952574813831 133.91550000000618 1.0000000180025095e-35 1219.8040000000001 1.4078205586532129 201.45000000000002 0.43223443223443231 7.486666666665756 0.3823076923076924 98.950000000000017 0.1799720450492425 0.3418750000000001
decision_type=2 2 2 10 2 2 2 2 10 8 8 2 10 10
left_child=4 -2 3 -3 8 -6 -5 -8 10 -10 12 -12 -1 -14
right_child=1 2 -4 6 5 -7 7 -9 9 -11 11 -13 13 -15
leaf_value=-0.0030817688406026417 0.0020037776885840756 -0.0011182059081650134 -0.0018982075737855794 0.00010699746785137584 0.00020461001755356102 -0.0022742217672286464 0.00036385439316742124 0.0030149879574032853 -0.001939549663711046 -0.00014920351945640271 0.00018585003282133619 0.0041280866731607984 0.00026119453811280531 -0.0008425921939083814
leaf_weight=109 130 118 105 255 196 183 125 126 178 3179 616 129 2638 432
leaf_count=109 130 118 105 255 196 183 125 126 178 3179 616 129 2638 432
internal_value=-2.08506e-05 0.00044457 0.000166522 0.000513952 -7.30433e-05 -0.000992293 0.000894574 0.0016947 -2.51933e-05 -0.000244134 0.000162111 0.000868466 -3.42291e-06 0.000105873
internal_weight=8519 859 729 624 7660 379 506 251 7281 3357 3924 745 3179 3070
internal_count=8519 859 729 624 7660 379 506 251 7281 3357 3924 745 3179 3070
is_linear=0
shrinkage=0.03


Tree=368
num_leaves=15
num_cat=1
split_feature=3 37 30 24 30 22 21 24 32 28 38 28 1 1
split_gain=0.354748 0.265718 0.192005 0.579203 0.504356 0.877195 0.575079 0.449262 0.470925 0.429596 0.435885 0.409267 0.35593 0.349816
threshold=1.0000000180025095e-35 0 180.25000000000003 263.3524999999924 160.02500000000003 1262.2103750000003 103.63333333333334 352.12183333333195 19.500000000000004 0.783269675925926 1.7596468718091531 4.8741030092592599 57.500000000000007 45.500000000000007
decision_type=2 9 2 10 2 2 2 10 2 2 2 2 2 2
left_child=1 -1 4 9 -3 -6 -7 -5 -9 12 11 -11 -4 -10
right_child=-2 2 3 7 5 6 -8 8 13 10 -12 -13 -14 -15
leaf_value=-0.00037292861199138277 -0.0017604532301435155 0.00010456471430371202 -0.0018670310254674403 0.0014064397743683964 -0.0002299046906508442 0.0011981445414526663 0.004050648604957934 0.00094100639761631041 -0.0012460442116385476 0.0015612421890673922 -0.0014075244340262766 -0.00015743777745779936 -7.1156563842669123e-05 0.00047700031439779127
leaf_weight=1258 101 4121 294 306 236 169 102 311 274 148 207 792 150 173
leaf_count=1258 101 4121 294 306 236 169 102 311 274 148 207 792 150 173
internal_value=7.08059e-06 2.79822e-05 9.761e-05 -0.000105626 0.000214414 0.00110729 0.00227178 0.000436211 4.45355e-05 -0.000467986 -0.000161277 0.000113163 -0.00126032 -0.000579184
internal_weight=8642 8541 7283 2655 4628 507 271 1064 758 1591 1147 940 444 447
internal_count=8642 8541 7283 2655 4628 507 271 1064 758 1591 1147 940 444 447
cat_boundaries=0 1
cat_threshold=654648057
is_linear=0
shrinkage=0.03


Tree=369
num_leaves=15
num_cat=2
split_feature=37 31 31 24 30 31 31 30 35 30 30 27 30 27
split_gain=0.388407 0.264183 0.373276 0.243447 0.179412 0.501951 0.436245 0.338086 0.255928 0.218426 0.274466 0.576929 0.254073 0.331946
threshold=0 1.2508030341587599 1.821574542623589 53.943333333333584 223.82500000000002 1.6406667080513999 1.8048797023563459 216.20000000000002 1 231.55000000000004 249.05000000000004 28.365295138888893 259.62500000000006 29.853153935185187
decision_type=9 8 10 10 2 10 10 2 1 2 2 2 2 2
left_child=1 -1 -3 -4 7 -6 -7 -2 -8 -10 11 -11 -12 -14
right_child=4 2 3 -5 5 6 8 -9 9 10 12 -13 13 -15
leaf_value=-0.0015266053887934099 4.5299087328562717e-05 0.0010753416179102801 -0.0015399255332576626 0.0001724984504013968 -0.001885131646391111 0.0017621263799789759 0.001124102058739442 0.0015419608083211904 -0.0014646167496183253 0.0020139355339544047 -0.0016341291220383124 -0.00085503540630452331 -0.00057019617691025091 0.00092762742275592574
leaf_weight=249 5972 126 188 124 157 105 105 139 143 133 141 120 628 169
leaf_count=249 5972 126 188 124 157 105 105 139 143 133 141 120 628 169
internal_value=-5.71217e-05 -0.00073565 -0.000302793 -0.000859347 3.4864e-06 -0.000269011 -0.000104678 7.9342e-05 -0.000240893 -0.000354105 -0.000223742 0.000653159 -0.000460263 -0.00025259
internal_weight=8499 687 438 312 7812 1701 1544 6111 1439 1334 1191 253 938 797
internal_count=8499 687 438 312 7812 1701 1544 6111 1439 1334 1191 253 938 797
cat_boundaries=0 1 2
cat_threshold=1092685868 2
is_linear=0
shrinkage=0.03


Tree=370
num_leaves=15
num_cat=1
split_feature=31 26 30 1 31 31 38 37 11 6 24 38 27 31
split_gain=0.270351 0.488528 0.405603 0.369003 0.31479 0.475918 0.386373 0.208001 0.386513 0.245857 0.239192 0.457033 0.513622 0.720695
threshold=6.3930205949656758 0.020869565217391309 333.55000000000007 27.500000000000004 5.1020956475013444 4.6669339748730296 2.2531680947673558 0 1.0000000180025095e-35 4.5000000000000009 368.89766666666844 1.3194820866368053 29.616950231481486 2.1603571428571429
decision_type=10 8 2 2 10 10 2 9 2 2 10 2 2 10
left_child=2 3 4 -2 5 6 7 8 -1 10 -9 -12 -13 -14
right_child=1 -3 -4 -5 -6 -7 -8 9 -10 -11 11 12 13 -15
leaf_value=-0.0001584671163108873 0.00026051405734857456 -0.00041269134955255538 -0.0012920521688220355 0.0026361156439289766 -0.0010838874777886127 0.002077619664786944 0.0013676695415113576 0.00014218525908323785 -0.0018363450187131422 0.0015483121663012699 0.00073198465261209216 -0.0017120997879165607 -0.0015648947972615988 0.0019841682995768049
leaf_weight=1933 101 182 218 141 226 103 188 4516 132 102 210 305 102 104
leaf_count=1933 101 182 218 141 226 103 188 4516 132 102 210 305 102 104
internal_value=2.30022e-05 0.000761543 -1.5472e-05 0.00164465 1.96617e-05 5.20727e-05 2.45923e-05 -9.51073e-06 -0.000264441 8.9418e-05 6.11742e-05 -0.000446241 -0.000930443 0.000226865
internal_weight=8563 424 8139 242 7921 7695 7592 7404 2065 5339 5237 721 511 206
internal_count=8563 424 8139 242 7921 7695 7592 7404 2065 5339 5237 721 511 206
cat_boundaries=0 1
cat_threshold=159240236
is_linear=0
shrinkage=0.03


Tree=371
num_leaves=15
num_cat=3
split_feature=37 25 36 27 31 23 30 35 25 38 23 24 23 38
split_gain=0.439881 0.49994 0.389609 0.249648 0.208371 1.32895 1.51201 0.234634 0.38042 0.585334 0.716145 0.457945 0.621476 0.767597
threshold=0 0.43223443223443231 1 14.99986689814815 0.43729304635761596 105.50000000000001 30.165000000000003 2 0.55158730158730174 1.5350297919893598 97.500000000000014 179.81983333332701 134.50000000000003 2.0659085907662513
decision_type=9 10 9 2 8 2 2 1 8 2 2 10 2 2
left_child=1 2 -1 -3 5 6 -2 8 11 10 -10 12 13 -6
right_child=4 3 -4 -5 7 -7 -8 -9 9 -11 -12 -13 -14 -15
leaf_value=-0.00093372976084946709 0.00018785806789389385 -0.00095842963283791901 0.00091595830356821497 -0.0027207032442724301 0.00044442077548526536 -0.0021142761634524573 0.0047561270760062228 -0.00012883969467733907 -0.00017398984033134904 -0.00020238993934530833 0.0029639571440953482 -0.0002985651761194538 0.0020974270031576493 -0.0021647416615569208
leaf_weight=197 184 187 193 118 1183 107 101 4014 101 218 186 1460 181 111
leaf_count=197 184 187 193 118 1183 107 101 4014 101 218 186 1460 181 111
internal_value=-2.17316e-06 -0.000720017 -1.8827e-05 -0.00164023 6.22519e-05 0.000736498 0.00180679 2.68773e-05 0.000208346 0.000969509 0.00185966 7.80895e-05 0.000450914 0.000220605
internal_weight=8541 695 390 305 7846 392 285 7454 3440 505 287 2935 1475 1294
internal_count=8541 695 390 305 7846 392 285 7454 3440 505 287 2935 1475 1294
cat_boundaries=0 1 2 3
cat_threshold=18874478 16 12
is_linear=0
shrinkage=0.03


Tree=372
num_leaves=15
num_cat=0
split_feature=31 38 22 22 27 27 22 32 31 31 38 5 5 38
split_gain=0.321171 0.400824 0.173573 0.412325 0.247448 0.238102 0.314257 0.261956 0.266648 0.746146 0.475998 0.302985 0.245086 0.259323
threshold=0.1106014271151886 2.339954998248738 1274.8447500000002 1032.6000000000001 7.9994907407407414 13.958015046296298 2215.5500000000002 31.500000000000004 1.5380656807169777 1.8048797023563459 1.5740712975113482 0.56350000000000011 0.38195000000000007 1.6674320889025007
decision_type=8 2 2 2 2 2 2 2 10 10 2 2 2 2
left_child=-1 2 3 -2 -4 6 -6 8 12 10 -10 -11 13 -7
right_child=1 -3 4 -5 5 7 -8 -9 9 11 -12 -13 -14 -15
leaf_value=0.0015432887884580398 3.1700954313356492e-05 -0.0017495544844354359 0.0012230152941834277 0.00091515115943451985 -0.002212917796039784 -0.0001986974221069868 -0.00038075094141822773 -0.0014942467701798505 0.0027144162879325449 9.7517876358711705e-06 0.00042328640866316411 -0.0016731123580693212 0.00064737075329143203 -0.0012537727470484272
leaf_weight=121 3925 118 117 541 110 508 360 115 150 1719 179 102 159 357
leaf_count=121 3925 118 117 541 110 508 360 115 150 1719 179 102 159 357
internal_value=8.62487e-06 -1.33248e-05 1.12347e-05 0.00013872 -0.000135656 -0.000177945 -0.000809556 -8.76878e-05 -3.67255e-05 0.00015304 0.00146787 -8.45108e-05 -0.000435159 -0.000634145
internal_weight=8581 8460 8342 4466 3876 3759 470 3289 3174 2150 329 1821 1024 865
internal_count=8581 8460 8342 4466 3876 3759 470 3289 3174 2150 329 1821 1024 865
is_linear=0
shrinkage=0.03


Tree=373
num_leaves=15
num_cat=1
split_feature=1 37 23 32 23 27 27 1 0 5 22 0 28 24
split_gain=0.22888 0.693402 1.75074 0.610273 0.493024 0.441943 0.650868 0.597645 0.552887 0.441067 0.337445 0.31584 0.318822 0.550442
threshold=34.500000000000007 0 105.50000000000001 5.5000000000000009 143.50000000000003 29.624461805555558 27.999803240740743 15.500000000000002 6.5000000000000009 0.31010000000000004 10314.918 3.5000000000000004 1.8669155092592595 170.43233333333259
decision_type=2 9 2 2 2 2 2 2 2 2 2 2 2 10
left_child=1 2 3 -1 5 6 11 -8 -7 10 -2 -3 -13 -14
right_child=9 4 -4 -5 -6 8 7 -9 -10 -11 -12 12 13 -15
leaf_value=0.0046033778542063841 -0.00020315564135366115 -0.0012594326148444616 -0.00082713392358252965 0.0014534788676770403 0.0010315713347787128 6.8384951446205379e-05 0.00018591095244784543 0.0032294022958641025 -0.0022371522738662887 0.00039562786584179324 -0.0019241144791034594 0.00030359918477956377 5.9417880682701235e-05 -0.0016687326484825461
leaf_weight=124 3144 176 172 100 454 204 123 110 173 1294 106 1601 595 230
leaf_count=124 3144 176 172 100 454 204 123 110 173 1294 106 1601 595 230
internal_value=7.34917e-05 0.000237126 0.00141355 0.00319717 0.000105905 -2.46041e-05 0.000103721 0.00162275 -0.000989594 -7.2785e-05 -0.000259285 -3.23031e-05 5.67219e-05 -0.00042237
internal_weight=8606 4062 396 224 3666 3212 2835 233 377 4544 3250 2602 2426 825
internal_count=8606 4062 396 224 3666 3212 2835 233 377 4544 3250 2602 2426 825
cat_boundaries=0 1
cat_threshold=270533137
is_linear=0
shrinkage=0.03


Tree=374
num_leaves=15
num_cat=2
split_feature=31 20 24 24 31 38 1 37 11 21 27 30 31 36
split_gain=0.470311 0.239023 0.507294 0.381875 0.350823 1.57167 0.210478 0.200282 0.366119 0.320984 0.514781 0.470235 0.420662 0.345958
threshold=0.057386724977567159 1.0000000180025095e-35 38.968166666667685 347.48466666666519 0.1106014271151886 1.6567591766499532 56.500000000000007 0 1.0000000180025095e-35 24.833333333333339 13.999623842592593 29.165000000000003 5.1020956475013444 1
decision_type=8 2 10 10 10 2 2 9 2 2 2 2 10 9
left_child=-1 4 -3 6 5 -2 -4 -6 9 10 13 -12 -11 -9
right_child=1 2 3 -5 7 -7 -8 8 -10 12 11 -13 -14 -15
leaf_value=-0.0019792777480612889 -0.00044640151851032812 -0.0024629433796104819 -0.00016951097435701417 -0.0016340408988296986 -0.00011883027697659522 0.0041683842998117872 0.001560253692118244 0.0011940254014916718 -0.0011118631302300412 0.00022226779840790875 0.0006910024567305127 0.0035303525741843395 -0.0014276920336124021 -0.0009175813675990443
leaf_weight=101 194 101 153 100 2876 101 108 124 185 4061 106 104 144 136
leaf_count=101 194 101 153 100 2876 101 108 124 185 4061 106 104 144 136
internal_value=5.58235e-05 8.00252e-05 -0.000583526 -5.7706e-05 0.000118197 0.00113358 0.000546254 7.94776e-05 0.00019667 0.000248872 0.000992416 0.00209716 0.000165765 0.000100125
internal_weight=8594 8493 462 361 8031 295 261 7736 4860 4675 470 210 4205 260
internal_count=8594 8493 462 361 8031 295 261 7736 4860 4675 470 210 4205 260
cat_boundaries=0 1 2
cat_threshold=4076901046 33
is_linear=0
shrinkage=0.03


Tree=375
num_leaves=15
num_cat=2
split_feature=31 38 37 1 35 31 28 22 24 31 31 32 31 38
split_gain=0.369011 0.79068 0.199186 0.359502 0.612763 0.518803 0.386302 0.79585 0.579344 0.39285 0.438938 0.352097 0.450734 0.365213
threshold=0.1106014271151886 2.339954998248738 0 22.500000000000004 1 1.0133141338059373 1.2775752314814817 1380.1940000000002 159.31983333333397 1.2712272492314391 1.567773832781554 2.5000000000000004 1.8868934128790211 1.587038597486164
decision_type=8 2 9 2 1 10 2 2 10 10 10 2 10 2
left_child=-1 2 3 5 -5 -2 9 8 -8 -7 -11 13 -13 -4
right_child=1 -3 11 4 -6 6 7 -9 -10 10 -12 12 -14 -15
leaf_value=0.0016377632330442145 -0.002098464350430465 -0.0024598143137513824 0.0015594273371922543 0.00037104890259447503 -0.00064699252500671019 0.001768942767417424 -0.00076163355288479259 0.00014139098710646587 -0.0037475327678510675 -0.0019717527643516933 0.00018489118524515747 0.00032058497858369173 -0.00037327578560532673 0.00024858382604174355
leaf_weight=124 164 117 299 1860 734 112 119 280 115 101 534 2033 1439 531
leaf_count=124 164 117 299 1860 734 112 119 280 115 101 534 2033 1439 531
internal_value=1.31047e-05 -1.07703e-05 2.36652e-05 -0.00012806 8.19194e-05 -0.000511195 -0.000304762 -0.000937765 -0.00222906 0.000130798 -0.000158134 0.000165323 3.30085e-05 0.000720803
internal_weight=8562 8438 8321 4019 2594 1425 1261 514 234 747 635 4302 3472 830
internal_count=8562 8438 8321 4019 2594 1425 1261 514 234 747 635 4302 3472 830
cat_boundaries=0 1 2
cat_threshold=1327545004 26
is_linear=0
shrinkage=0.03


Tree=376
num_leaves=15
num_cat=1
split_feature=30 31 1 30 32 1 21 5 38 23 32 21 31 37
split_gain=0.245656 0.430707 0.361424 0.360599 0.314522 0.462024 0.247593 0.287156 0.285421 0.270168 0.234507 1.00231 0.598981 0.424862
threshold=253.72500000000002 1.813536575476046 6.5000000000000009 247.55000000000004 30.500000000000004 35.500000000000007 106.58333333333334 0.21825000000000003 1.6968682086004436 148.50000000000003 3.5000000000000004 198.33333333333334 0.1106014271151886 0
decision_type=2 10 2 2 2 2 2 2 2 2 2 2 8 9
left_child=3 -2 -3 4 10 -6 8 -8 9 -4 12 13 -1 -12
right_child=1 2 6 -5 5 -7 7 -9 -10 -11 11 -13 -14 -15
leaf_value=-0.0024199624382684713 0.0011452151968417499 0.00098366301015463719 -0.0017255704357786712 0.0017850143087229558 -0.00026690557311355532 0.002527804877867715 -0.0024674932875572461 -0.00050888913783652724 0.00053663818651642208 -0.00025553409649768666 0.00064602934778603782 0.0027185332524318861 -0.00016953526862579135 -0.00010208316710210423
leaf_weight=113 137 109 202 105 105 108 152 121 169 254 806 127 1835 4189
leaf_count=113 137 109 202 105 105 108 152 121 169 254 806 127 1835 4189
internal_value=-2.38727e-05 -0.000432954 -0.000647661 3.94718e-05 1.43061e-05 0.00115013 -0.000845672 -0.00159939 -0.000516446 -0.000906734 -1.99132e-05 8.66393e-05 -0.000300079 1.97223e-05
internal_weight=8532 1144 1007 7388 7283 213 898 273 625 456 7070 5122 1948 4995
internal_count=8532 1144 1007 7388 7283 213 898 273 625 456 7070 5122 1948 4995
cat_boundaries=0 1
cat_threshold=1788874752
is_linear=0
shrinkage=0.03


Tree=377
num_leaves=15
num_cat=0
split_feature=31 21 31 1 31 23 28 31 28 27 21 24 30 30
split_gain=0.244706 0.183132 0.227326 0.293238 0.222541 0.208852 0.323872 0.378596 0.354915 0.342139 0.318213 0.302679 0.320905 0.516564
threshold=0.1106014271151886 2.7500000000000004 56.721059113300505 28.500000000000004 9.0326086956521756 67.500000000000014 1.8198611111111114 3.0695184816355225 4.0796238425925937 13.970746527777779 53.833333333333336 1.8535000000000084 53.500000000000007 30.165000000000003
decision_type=8 2 8 2 10 2 2 10 2 2 2 10 2 2
left_child=-1 2 -2 -4 5 6 7 9 -8 -3 -10 -11 13 -13
right_child=1 4 3 -5 -6 -7 8 -9 10 11 -12 12 -14 -15
leaf_value=0.0012829279958863149 -0.0015696560788421414 -0.00023490916164537899 0.0011864464199815941 -0.00078378953185724977 0.0011440228355002239 -0.00014874873458490753 -0.0013385983333450853 0.0019776446527365833 0.00085032993554737539 -0.00090054708754178136 -0.00035485003399451329 0.0003205121260174898 0.00036100734686762668 0.0024223686264080104
leaf_weight=132 148 776 101 208 154 4271 218 124 281 120 661 213 932 208
leaf_count=132 148 776 101 208 154 4271 218 124 281 120 661 213 932 208
internal_value=1.25655e-06 -1.88481e-05 -0.000602858 -0.000139797 1.46896e-05 -7.59611e-06 0.000163042 0.000363866 -0.000247782 0.000274889 4.65694e-06 0.000543459 0.00067153 0.00135896
internal_weight=8547 8415 457 309 7958 7804 3533 2373 1160 2249 942 1473 1353 421
internal_count=8547 8415 457 309 7958 7804 3533 2373 1160 2249 942 1473 1353 421
is_linear=0
shrinkage=0.03


Tree=378
num_leaves=15
num_cat=2
split_feature=1 24 21 38 25 21 37 24 17 37 38 38 1 27
split_gain=0.216531 0.804039 0.67119 0.410384 1.21393 2.06355 0.664971 0.445078 0.403854 0.435751 0.395014 0.426723 1.13461 0.376648
threshold=72.500000000000014 464.5200000000047 165.3666666666667 2.0057725335273431 0.3823076923076924 91.450000000000003 0 53.943333333333584 1.5000000000000002 1 1.9411166716780264 1.8165501118779792 18.500000000000004 13.999508101851854
decision_type=2 10 2 2 8 2 9 10 2 9 2 2 2 2
left_child=3 2 8 10 6 -6 7 -5 9 13 11 -1 -13 -2
right_child=1 -3 -4 4 5 -7 -8 -9 -10 -11 -12 12 -14 -15
leaf_value=1.6000855217495159e-05 -0.0013771105903986314 0.0020520285395188975 -0.0026504741665731007 9.7594715356319619e-05 0.00019277446962637351 0.0056388088597044044 0.0014122131505372147 -0.0026430105483489091 -0.0014728431040992222 0.0005223270030666839 -0.0013195086444239513 0.0030271941743887751 -2.7566491450833825e-05 -7.5091834499057858e-05
leaf_weight=5270 297 130 111 101 153 106 120 113 212 635 183 159 351 612
leaf_count=5270 297 130 111 101 153 106 120 113 212 635 183 159 351 612
internal_value=4.42835e-05 -0.000229213 -0.000388057 0.000127592 0.000880258 0.00242165 -0.000315016 -0.0012893 -0.000245045 -7.64619e-05 5.27423e-05 9.6189e-05 0.0009248 -0.000495058
internal_weight=8553 1997 1867 6556 593 259 334 214 1756 1544 5963 5780 510 909
internal_count=8553 1997 1867 6556 593 259 334 214 1756 1544 5963 5780 510 909
cat_boundaries=0 1 2
cat_threshold=276824064 2048428033
is_linear=0
shrinkage=0.03


Tree=379
num_leaves=15
num_cat=1
split_feature=19 31 21 23 24 28 28 27 24 37 1 31 30 24
split_gain=0.310919 0.6674 0.468209 0.403953 0.21184 0.206809 0.342897 0.273278 0.230737 0.295131 0.387862 0.41806 0.34517 0.321157
threshold=1.0000000180025095e-35 1.4192386392701852 226.47500000000005 115.50000000000001 182.81433333333351 27.590653935185188 19.576903935185189 28.280746527777783 170.43233333333259 0 33.500000000000007 2.2583927231807954 11.250000000000002 33.871666666665995
decision_type=2 10 2 2 10 2 2 2 10 9 2 8 2 10
left_child=2 -2 5 4 -3 6 8 -8 9 10 -1 -12 13 -11
right_child=1 3 -4 -5 -6 -7 7 -9 -10 12 11 -13 -14 -15
leaf_value=-0.00018618534226138011 -0.0024987647191764234 -0.00026152223992259962 0.0020444742579973536 -0.0014775253162048916 0.0016147659727850253 -0.0013768369254888964 0.0020853091086516337 0.00014476483935773696 -0.00028098413771390513 -0.00019705442668594144 0.0022112152435811144 0.00023279838603908372 5.1779702570576281e-05 -0.0022918525491086011
leaf_weight=278 143 104 100 116 113 100 124 138 2442 162 205 181 4237 111
leaf_count=278 143 104 100 116 113 100 124 138 2442 162 205 181 4237 111
internal_value=-3.94601e-05 -0.000784551 4.44474e-06 -4.84165e-05 0.000715531 -2.11259e-05 -3.91713e-06 0.00106319 -4.0627e-05 7.28157e-05 0.000658273 0.00128351 -1.4807e-05 -0.00104879
internal_weight=8554 476 8078 333 217 7978 7878 262 7616 5174 664 386 4510 273
internal_count=8554 476 8078 333 217 7978 7878 262 7616 5174 664 386 4510 273
cat_boundaries=0 1
cat_threshold=535684
is_linear=0
shrinkage=0.03


Tree=380
num_leaves=15
num_cat=1
split_feature=37 31 28 28 25 31 31 0 26 31 26 22 30 30
split_gain=0.37015 0.458081 0.407986 0.654216 0.286788 0.544329 0.411295 0.314738 0.295347 0.235942 0.232305 0.366563 0.357703 0.708847
threshold=0 0.1106014271151886 3.7224016203703707 7.1956597222222234 0.3418750000000001 2.1326743243938995 0.73226861167002022 10.500000000000002 1.0000000180025095e-35 1.5792087835482749 1.0000000180025095e-35 1219.8040000000001 160.02500000000003 179.02500000000003
decision_type=9 8 2 2 10 8 8 2 10 10 8 2 2 2
left_child=2 -2 4 -4 6 8 -1 -8 -6 -5 -3 -12 -13 -14
right_child=1 10 3 9 5 -7 7 -9 -10 -11 11 12 13 -15
leaf_value=0.0010876186916476671 0.0020350805148482321 -0.00019718330896364422 0.002259939189781888 -0.0016158432263585895 -0.0031946145606908962 7.223069041416409e-05 -0.0012045697106130807 0.0004299819117926478 -0.0011490772792902321 0.00041990052224159276 0.00049864727096305371 -0.0005633179340486168 0.0021770825505028572 -3.0471584951650289e-05
leaf_weight=131 100 3225 113 101 139 139 410 143 117 104 1579 894 147 1196
leaf_count=131 100 3225 113 101 139 139 410 143 117 104 1579 894 147 1196
internal_value=-6.88196e-05 1.88696e-05 -0.000513517 0.000427178 -0.000795516 -0.00143912 -0.000423842 -0.000781892 -0.00225974 -0.000583076 -9.73885e-06 0.000148675 -9.83545e-05 0.000211159
internal_weight=8538 7141 1397 318 1079 395 684 553 256 205 7041 3816 2237 1343
internal_count=8538 7141 1397 318 1079 395 684 553 256 205 7041 3816 2237 1343
cat_boundaries=0 1
cat_threshold=1085083729
is_linear=0
shrinkage=0.03


Tree=381
num_leaves=15
num_cat=1
split_feature=37 23 31 22 24 1 38 22 32 0 24 23 23 0
split_gain=0.238837 0.428106 1.21168 0.866174 0.506391 0.576273 0.432118 0.517898 0.463877 0.377936 0.478997 0.41334 0.309594 0.326859
threshold=0 105.50000000000001 0.35714348202647267 7883.6000000000013 64.411999999999395 102.50000000000001 1.281603615578393 3841.1500000000005 4.5000000000000009 6.5000000000000009 3.2871666666666903 28.500000000000004 135.50000000000003 10.500000000000002
decision_type=9 2 8 2 10 2 2 2 2 2 10 2 2 2
left_child=1 2 -1 12 5 9 7 -6 -8 11 -11 -4 -3 -14
right_child=-2 3 4 -5 6 -7 8 -9 -10 10 -12 -13 13 -15
leaf_value=0.0034846049817582672 -9.3984867979394346e-05 0.001079546729529987 0.00044907801998117882 -0.0028029642681040882 0.0019554591572229214 0.002570484798591937 0.00034721879789492851 -0.00071405140722178098 -0.0015175461731113961 -0.0015432576925163363 0.00053214367833860849 0.0028528654027300386 -0.00088637108387982025 0.00078230184857000105
leaf_weight=115 6046 194 169 110 141 137 198 122 305 136 379 104 323 157
leaf_count=115 6046 194 169 110 141 137 198 122 305 136 379 104 323 157
internal_value=9.2911e-06 0.000249773 0.000504862 -0.000334656 0.000302218 0.000774647 -0.000268273 0.000717131 -0.000783504 0.000462426 -1.59235e-05 0.00136481 6.81834e-05 -0.000340576
internal_weight=8636 2590 1806 784 1691 925 766 263 503 788 515 273 674 480
internal_count=8636 2590 1806 784 1691 925 766 263 503 788 515 273 674 480
cat_boundaries=0 1
cat_threshold=3626239876
is_linear=0
shrinkage=0.03


Tree=382
num_leaves=15
num_cat=2
split_feature=27 27 22 31 31 37 21 38 38 27 31 31 37 27
split_gain=0.200708 1.38686 0.564443 0.470565 0.386146 0.280464 0.337773 0.253299 0.334213 0.238017 0.23594 0.401858 0.26593 0.244864
threshold=13.970746527777779 13.999322916666669 12726.200000000003 0.40720431576072119 0.48064734522197577 0 15.41666666666667 2.0221679441957501 1.8409241378457162 12.999450231481484 3.050351864883885 2.9393877551020409 1 29.579843750000002
decision_type=2 2 2 8 10 9 2 2 2 2 8 10 9 2
left_child=3 -2 10 -1 9 6 -6 8 -7 -5 11 -3 -12 -14
right_child=1 2 -4 4 5 7 -8 -9 -10 -11 12 -13 13 -15
leaf_value=-0.0020731919923729419 0.0030266953907001179 7.4878293757212671e-05 -0.0020972342369275101 0.0020827820573387076 -0.0020643168049952333 -8.645519714246423e-05 -0.00042130883722783216 -0.0013460751806123879 0.0016957282134827888 1.8056752486154436e-05 0.0010811472824754436 0.0019597854108836213 -0.00060773906081809702 0.00045633796242794069
leaf_weight=127 137 4806 116 101 159 824 386 120 107 100 105 104 1157 234
leaf_count=127 137 4806 116 101 159 824 386 120 107 100 105 104 1157 234
internal_value=-3.84811e-05 3.94987e-05 -2.32498e-05 -0.000308371 -0.000183645 -0.00033971 -0.000884417 -4.83743e-05 0.000118371 0.00105556 1.43059e-05 0.000114803 -0.000315534 -0.000425675
internal_weight=8583 6659 6522 1924 1797 1596 545 1051 931 201 6406 4910 1496 1391
internal_count=8583 6659 6522 1924 1797 1596 545 1051 931 201 6406 4910 1496 1391
cat_boundaries=0 1 2
cat_threshold=1246245006 35651584
is_linear=0
shrinkage=0.03


Tree=383
num_leaves=15
num_cat=2
split_feature=37 31 31 22 38 37 38 38 31 1 25 22 1 33
split_gain=0.364607 0.747577 0.599158 0.279734 0.296946 0.188355 0.261928 0.55201 0.339758 0.325414 0.337893 0.303881 0.260927 0.447377
threshold=0 1.0004392299048519 1.8322390932420876 10353.798000000001 2.3040562714157726 1 1.4774399183061089 1.3476281916892809 2.202466508891157 67.500000000000014 0.5064102564102565 682.00000000000011 17.500000000000004 1.0000000180025095e-35
decision_type=9 8 10 2 2 9 2 2 10 2 8 2 2 2
left_child=1 -1 -3 4 5 6 7 9 -9 -2 -11 12 -8 -14
right_child=3 2 -4 -5 -6 -7 11 8 -10 10 -12 -13 13 -15
leaf_value=-0.0023835277430556412 0.00012746361012298316 0.0013947336924067066 -0.0011735326374714085 0.0014960554181743645 -0.0015961216170998179 -5.9106952145659882e-05 0.0016236329012054161 -0.00031745554587627443 -0.0022175165579835995 -3.0466517573674614e-07 0.0022194152516645514 0.0023051396223250776 -0.00062120714868103605 0.0015552759233598164
leaf_weight=176 957 155 173 116 102 5661 137 272 123 103 154 100 257 127
leaf_count=176 957 155 173 116 102 5661 137 272 123 103 154 100 257 127
internal_value=-1.57129e-05 -0.000790541 4.01298e-05 3.33788e-05 1.21932e-05 3.29825e-05 0.00026583 6.50334e-05 -0.00090912 0.000381994 0.0013298 0.000790373 0.000499631 9.86193e-05
internal_weight=8613 504 328 8109 7993 7891 2230 1609 395 1214 257 621 521 384
internal_count=8613 504 328 8109 7993 7891 2230 1609 395 1214 257 621 521 384
cat_boundaries=0 1 2
cat_threshold=18874396 1280595331
is_linear=0
shrinkage=0.03


Tree=384
num_leaves=15
num_cat=2
split_feature=5 38 37 33 38 28 0 31 1 22 24 38 35 38
split_gain=0.254851 0.707101 0.252179 0.558457 0.911208 0.616172 1.24885 0.68044 0.431135 0.403694 0.393837 0.392276 0.995303 0.376383
threshold=0.5192500000000001 1.5173023277125808 0 1.0000000180025095e-35 2.0221679441957501 10.354369212962965 6.5000000000000009 2.6397879858657247 181.50000000000003 11720.000000000002 185.87033333333386 1.7653087946622581 1 1.2615948689229814
decision_type=2 2 9 2 2 2 2 10 2 2 10 2 1 2
left_child=2 -2 3 -1 5 6 10 -8 9 11 -5 13 -13 -4
right_child=1 -3 8 4 -6 -7 7 -9 -10 -11 -12 12 -14 -15
leaf_value=-3.0786273056130305e-05 0.00043443545298530053 -0.0020620136257015207 3.3899932880941422e-05 -0.00056688110370305361 0.0034094853761444726 0.0022285767362493943 0.00033791070723289277 0.0028039307460901051 0.0016583052963866272 -0.002134102697200786 -0.0028803388120099672 -0.0012182561807673087 0.0022437757161201314 -0.00070468744183241013
leaf_weight=4137 212 197 1216 160 104 148 388 136 106 103 113 122 168 1269
leaf_count=4137 212 197 1216 160 104 148 388 136 106 103 113 122 168 1269
internal_value=-3.72158e-05 -0.000768011 -6.31371e-07 0.000125735 0.000744214 0.000450893 0.000120784 0.000977946 -0.000219932 -0.000289874 -0.00152447 -0.000221421 0.000822697 -0.00034327
internal_weight=8579 409 8170 5186 1049 945 797 524 2984 2878 273 2775 290 2485
internal_count=8579 409 8170 5186 1049 945 797 524 2984 2878 273 2775 290 2485
cat_boundaries=0 1 2
cat_threshold=2056278000 12
is_linear=0
shrinkage=0.03


Tree=385
num_leaves=15
num_cat=1
split_feature=37 23 21 32 26 1 24 21 21 38 27 24 5 38
split_gain=0.276506 0.256043 1.03749 0.568914 0.288647 0.33804 0.281441 0.222416 0.454723 0.471882 0.485245 0.483567 0.453146 0.375994
threshold=0 105.50000000000001 184.77500000000001 3.5000000000000004 0.044466403162055343 72.500000000000014 24.597666666666047 89.666666666666671 87.225000000000009 1.9347492405578874 29.624641203703707 45.290999999999777 0.15470000000000003 1.8489848571659124
decision_type=9 2 2 2 8 2 10 2 2 2 2 10 2 2
left_child=1 2 4 -3 -1 -6 -5 8 9 10 -2 -11 -12 -9
right_child=7 3 -4 6 5 -7 -8 13 -10 11 12 -13 -14 -15
leaf_value=0.00010537087974078757 -5.3127642069427277e-05 -0.0019595615719098279 0.0031522827093990948 -0.00090642040848156044 0.0017949730985816112 -0.00023589181456420765 0.00062157047959013854 -0.00060816291638087253 0.0016168204503052251 4.7869764600278428e-05 0.0020763531656061507 -0.00211893758084625 -0.00020792615406501751 0.00042758324549338635
leaf_weight=1828 3006 141 117 152 209 114 379 1439 154 181 196 190 130 404
leaf_count=1828 3006 141 117 152 209 114 379 1439 154 181 196 190 130 404
internal_value=1.20464e-05 0.000247862 0.000401099 -0.000265623 0.000251453 0.0010782 0.000184179 -0.000109827 1.95203e-05 -4.69081e-05 6.60964e-05 -0.00106182 0.00116544 -0.000381119
internal_weight=8640 2940 2268 672 2151 323 531 5700 3857 3703 3332 371 326 1843
internal_count=8640 2940 2268 672 2151 323 531 5700 3857 3703 3332 371 326 1843
cat_boundaries=0 1
cat_threshold=3725092116
is_linear=0
shrinkage=0.03


Tree=386
num_leaves=15
num_cat=0
split_feature=31 38 27 27 29 32 1 23 28 30 30 38 31 30
split_gain=0.275426 0.237042 0.168153 0.56072 0.544561 0.46075 0.513512 0.3356 0.531656 0.377755 0.585 0.436094 0.304922 0.342987
threshold=0.1106014271151886 2.339954998248738 25.748020833333339 26.353443287037042 4.5000000000000009 29.500000000000004 35.500000000000007 113.50000000000001 18.654953703703708 162.12500000000003 230.07500000000002 1.7547382343072473 2.5201640784751711 265.77500000000003
decision_type=8 2 2 2 2 2 2 2 2 2 2 2 10 2
left_child=-1 2 4 -4 5 12 -7 -5 9 -9 -11 -12 -2 -14
right_child=1 -3 3 7 -6 6 -8 8 -10 10 11 -13 13 -15
leaf_value=0.001399272073839986 0.00013026072138533487 -0.0013622928654004414 -0.0023580961529268488 -0.00047599413895527414 0.0020844054486617815 -3.0347553480736861e-05 0.0023999341568336462 -0.0017596767072846154 0.0016254182201219907 0.0016188829764348244 -0.0008571342545080563 0.0013361074812710285 -0.00020216501976619164 -0.001610322390082398
leaf_weight=129 4222 113 104 1031 122 157 156 103 213 186 366 105 1348 176
leaf_count=129 4222 113 104 1031 122 157 156 103 213 186 366 105 1348 176
internal_value=2.35826e-05 2.46095e-06 2.1066e-05 -0.000210309 9.99754e-05 6.00183e-05 0.00118091 -9.88474e-05 0.000300781 -7.04662e-05 0.000194357 -0.000368195 -1.03975e-06 -0.000364787
internal_weight=8531 8402 8289 2108 6181 6059 313 2004 973 760 657 471 5746 1524
internal_count=8531 8402 8289 2108 6181 6059 313 2004 973 760 657 471 5746 1524
is_linear=0
shrinkage=0.03


Tree=387
num_leaves=15
num_cat=2
split_feature=37 14 5 38 33 37 28 23 38 21 17 38 27 28
split_gain=0.201769 0.446385 0.655591 0.244082 0.192878 0.591073 0.563606 0.508106 0.411473 0.401992 0.391011 0.57535 0.398743 0.381675
threshold=0 1.5000000000000002 0.36035 1.7865801197281941 1.0000000180025095e-35 1 11.813281250000001 129.50000000000003 2.3040562714157726 74.166666666666671 1.0000000180025095e-35 1.8552911811351873 13.999577546296299 13.914479166666668
decision_type=9 2 2 2 2 9 2 2 2 2 2 2 2 2
left_child=1 -1 3 -3 8 -6 7 10 13 -9 11 12 -7 -2
right_child=4 2 -4 -5 5 6 -8 9 -10 -11 -12 -13 -14 -15
leaf_value=0.0010006330523977119 0.0001312925814545276 -0.00065565477919909488 -0.0029476212748792024 0.00070901738598431433 -0.00030960275741991473 0.002075371505692601 0.0026571047203097905 0.00051060036765411499 -0.0018533176532498775 -0.0018411779910293888 5.4559252336065265e-06 0.0035671891802784932 -0.00023039740296210059 -0.00066634544892887036
leaf_weight=174 5312 515 100 153 659 135 135 150 104 116 201 102 135 601
leaf_count=174 5312 515 100 153 659 135 135 150 104 116 201 102 135 601
internal_value=4.45755e-05 -0.000367473 -0.00068222 -0.000343088 9.56694e-05 0.000384948 0.000849333 0.000568576 1.73189e-05 -0.000514987 0.00107159 0.00164765 0.000922487 5.02203e-05
internal_weight=8592 942 768 668 7650 1633 974 839 6017 266 573 372 270 5913
internal_count=8592 942 768 668 7650 1633 974 839 6017 266 573 372 270 5913
cat_boundaries=0 1 2
cat_threshold=1093705769 2185756932
is_linear=0
shrinkage=0.03


Tree=388
num_leaves=15
num_cat=0
split_feature=38 21 16 24 22 17 38 31 38 38 31 18 31 0
split_gain=0.328656 0.389901 0.627581 0.261666 0.271535 0.174767 0.373662 0.195145 0.410647 0.504062 0.547304 0.227714 0.225906 0.191195
threshold=2.3040562714157726 198.33333333333334 1.0000000180025095e-35 2.6950000000000736 147.65000000000003 2.5000000000000004 1.608949615129972 4.7969387755102053 1.8128010812306492 1.6178155049241261 8.173220338983052 1.0000000180025095e-35 4.1843694096601078 9.5000000000000018
decision_type=2 2 2 10 2 2 2 8 2 2 10 2 10 2
left_child=1 3 -3 4 -1 7 -7 11 9 10 13 12 -5 -9
right_child=-2 2 -4 5 -6 6 -8 8 -10 -11 -12 -13 -14 -15
leaf_value=-0.00026126140514500309 0.001426747840753681 -0.0029760015124713278 0.00034413443692476276 9.7725425689819512e-05 -0.0020725434336229228 0.002240943280578877 -0.00028083171446908366 -0.0014266005015443797 0.0010039632884322998 -0.0023114725366443186 0.0013103245950870865 -0.00094005631575537084 0.0011723332398812908 0.00012665982456662906
leaf_weight=292 148 101 104 6456 100 101 111 227 149 143 138 185 181 104
leaf_count=292 148 101 104 6456 100 101 111 227 149 143 138 185 181 104
internal_value=2.53395e-05 6.24453e-07 -0.00129164 3.29824e-05 -0.000723323 7.10159e-05 0.00092058 4.72644e-05 -0.000408398 -0.000752257 -0.000276846 9.8094e-05 0.000127031 -0.000938567
internal_weight=8540 8392 205 8187 392 7795 212 7583 761 612 469 6822 6637 331
internal_count=8540 8392 205 8187 392 7795 212 7583 761 612 469 6822 6637 331
is_linear=0
shrinkage=0.03


Tree=389
num_leaves=15
num_cat=1
split_feature=37 1 23 31 31 23 38 31 32 25 38 32 22 28
split_gain=0.46708 0.637802 0.536107 0.272821 0.66149 0.374439 0.303852 0.204754 0.16929 0.385428 0.585979 0.344185 0.347151 0.56944
threshold=0 27.500000000000004 16.500000000000004 0.057386724977567159 0.23920529801324505 50.500000000000007 2.3040562714157726 11.800000000000002 22.500000000000004 0.40833333333333338 1.7103132280980877 19.500000000000004 1946.8125000000002 16.264583333333338
decision_type=9 2 2 10 10 2 2 10 2 10 2 2 2 2
left_child=1 -1 -3 5 -5 -2 7 8 11 -10 -11 12 -6 -14
right_child=3 2 -4 4 6 -7 -8 -9 9 10 -12 -13 13 -15
leaf_value=0.002819449369047509 -0.00010219146117932446 -0.0013245640240292682 0.0012232655059602677 0.0023844819456718645 -0.00016571742195403569 -0.0021868262392649006 -0.0016463366310479333 -0.0012032185571206355 -0.0014683782142808533 0.00020379013358038731 0.0021393778712226774 -0.00075841587294861814 0.0002113931539081102 0.0024646747041119385
leaf_weight=122 207 119 198 103 3496 124 104 128 103 1171 160 579 1782 107
leaf_count=122 207 119 198 103 3496 124 104 128 103 1171 160 579 1782 107
internal_value=1.27313e-05 0.000954468 0.000266825 -3.96708e-05 -3.61848e-06 -0.000883142 -3.58563e-05 -1.36014e-05 6.9813e-06 0.000299648 0.000436468 -6.33883e-05 1.13416e-05 0.000339027
internal_weight=8503 439 317 8064 7733 331 7630 7526 7398 1434 1331 5964 5385 1889
internal_count=8503 439 317 8064 7733 331 7630 7526 7398 1434 1331 5964 5385 1889
cat_boundaries=0 1
cat_threshold=2098449
is_linear=0
shrinkage=0.03


Tree=390
num_leaves=15
num_cat=2
split_feature=31 21 31 31 31 17 38 1 38 23 23 37 38 37
split_gain=0.35613 0.25101 0.203829 0.248817 0.227289 0.271267 0.202632 0.185577 0.196393 0.511777 0.481284 0.339737 0.226679 0.409927
threshold=0.1106014271151886 208.16666666666671 9.8538461538461561 7.4976562500000012 5.1020956475013444 1.0000000180025095e-35 1.5210376790773765 280.50000000000006 1.0457345155797275 156.50000000000003 61.500000000000007 0 1.447349696316327 1
decision_type=8 2 10 10 10 2 2 2 2 2 2 9 2 9
left_child=-1 2 3 4 7 6 -6 8 9 10 -2 -10 -13 -14
right_child=1 -3 -4 -5 5 -7 -8 -9 11 -11 -12 12 13 -15
leaf_value=0.0015850477970670907 0.00060736401559861376 -0.0012453406543435552 -0.0010120830055887972 0.0013462226804807592 -0.0005054555054022265 0.00053559012315462079 -0.0021817036047924216 0.00127032882787342 -0.0016907324040632533 0.0023263443073838811 -0.0010383628162400176 -0.00026070895918982616 0.00093085456326940741 -1.4305370288673002e-05
leaf_weight=120 553 158 189 119 140 103 121 102 105 109 225 2626 460 3410
leaf_count=120 553 158 189 119 140 103 121 102 105 109 225 2626 460 3410
internal_value=-3.77422e-05 -6.08698e-05 -3.82184e-05 -1.54189e-05 -3.57904e-05 -0.000768088 -0.00128257 -6.71006e-07 -1.79843e-05 0.000401141 0.000131415 -7.43037e-05 -4.55033e-05 0.000100408
internal_weight=8540 8420 8262 8073 7954 364 261 7590 7488 887 778 6601 6496 3870
internal_count=8540 8420 8262 8073 7954 364 261 7590 7488 887 778 6601 6496 3870
cat_boundaries=0 1 2
cat_threshold=20 202948744
is_linear=0
shrinkage=0.03


Tree=391
num_leaves=15
num_cat=2
split_feature=21 26 37 38 32 22 38 7 37 32 24 5 5 24
split_gain=0.350006 0.236833 0.223405 0.385465 0.840628 0.820141 0.316216 0.300193 0.249568 0.182884 0.584583 0.140555 0.34949 0.277241
threshold=226.47500000000005 0.23000000000000001 0 1.5963149618008365 6.5000000000000009 172.05000000000001 2.2758864836952273 1.0000000180025095e-35 1 1.0000000180025095e-35 48.29916666666665 0.18465000000000001 0.12770000000000001 489.39266666665793
decision_type=2 8 9 2 2 2 2 2 9 2 10 2 2 10
left_child=1 2 3 7 5 -5 9 -1 -9 10 -4 12 -11 -13
right_child=-2 -3 6 4 -6 -7 -8 8 -10 11 -12 13 -14 -15
leaf_value=0.00093388837376408567 0.0017233609797179022 0.0013904406518226355 -0.00072795855904579025 0.0040363617587996564 -0.00083820264533555715 0.00062805169268550587 -0.0015586069619237647 0.00037881749242544177 -0.0014091294121107688 -1.2501543655714013e-05 0.002372007259072482 -0.00032720714281114246 0.0012147429460429983 0.00089322073495836599
leaf_weight=153 110 112 109 115 126 142 123 115 167 4502 110 2250 219 181
leaf_count=153 110 112 109 115 126 142 123 115 167 4502 110 2250 219 181
internal_value=4.206e-05 2.01057e-05 1.64111e-06 0.000469291 0.00116906 0.00215317 -4.99642e-05 -0.000136043 -0.000716538 -2.48573e-05 0.000829102 -5.10062e-05 4.44285e-05 -0.00023634
internal_weight=8534 8424 8312 818 383 257 7494 435 282 7371 219 7152 4721 2431
internal_count=8534 8424 8312 818 383 257 7494 435 282 7371 219 7152 4721 2431
cat_boundaries=0 1 2
cat_threshold=137368530 1048594
is_linear=0
shrinkage=0.03


Tree=392
num_leaves=15
num_cat=4
split_feature=5 37 35 28 28 22 22 17 21 36 37 25 1 1
split_gain=0.192938 0.810348 0.275757 0.178615 0.65322 0.458048 0.422281 0.234946 0.402686 0.337096 0.302915 0.410671 0.303063 0.24266
threshold=0.56350000000000011 0 1 20.991348379629631 15.448998842592594 1891.5441250000001 1370.1740000000002 2.5000000000000004 210.14166666666671 2 3 0.62481481481481493 40.500000000000007 2.5000000000000004
decision_type=2 9 1 2 2 2 2 2 2 9 9 8 2 2
left_child=3 -2 -3 4 7 -6 -5 8 10 -9 -1 13 -13 -12
right_child=1 2 -4 6 5 -7 -8 9 -10 -11 11 12 -14 -15
leaf_value=-8.1041144533928282e-05 0.0015358225228303411 -0.00050864391796134802 -0.0024212626625450639 -0.00080355267739499743 -0.0022338724915584125 0.000114382955878973 0.0015570979509419494 -0.0019078823120141735 0.0019138715223801369 0.00020130060584761384 0.0010625031666438047 0.00047737476301394524 0.0026106829909961029 0.00014803778567023222
leaf_weight=3540 111 172 127 101 186 125 210 114 114 154 285 124 116 3122
leaf_count=3540 111 172 127 101 186 125 210 114 114 154 285 124 116 3122
internal_value=5.34961e-05 -0.000581589 -0.00137309 8.52853e-05 5.74543e-05 -0.00129004 0.000790456 0.000112821 0.000144844 -0.000759568 0.000116784 0.000308182 0.00150847 0.000224534
internal_weight=8601 410 299 8191 7880 311 311 7569 7301 268 7187 3647 240 3407
internal_count=8601 410 299 8191 7880 311 311 7569 7301 268 7187 3647 240 3407
cat_boundaries=0 1 2 3 4
cat_threshold=2151694336 12 36 2538164843
is_linear=0
shrinkage=0.03


Tree=393
num_leaves=15
num_cat=1
split_feature=37 1 27 27 31 31 6 31 31 31 38 25 6 22
split_gain=0.177157 0.36873 0.396548 1.85823 1.07381 0.47836 0.352711 0.384717 0.328517 0.323332 0.306097 0.204887 0.19397 0.408882
threshold=0 92.500000000000014 13.999346064814818 13.957650462962965 1.3979820057947443 1.9843471045975791 1.0000000180025095e-35 1.821574542623589 1.466287878787879 1.7149703331811961 1.6215569474883702 0.70185185185185195 1.5000000000000002 6331.4577500000005
decision_type=9 2 2 2 8 10 2 8 8 10 2 8 2 2
left_child=1 2 3 4 -1 -6 7 10 -8 -3 -4 12 -2 -14
right_child=11 9 6 -5 5 -7 8 -9 -10 -11 -12 -13 13 -15
leaf_value=-0.0026292978622409146 -2.9016519382687193e-05 -0.0020540460361900673 -0.00020097449497067526 0.0039259364340120022 0.0017709410172246861 -0.00056750846464907929 -0.0027109735925672667 -0.00070176239169427693 -0.00055773709826319434 -0.00017175939365542592 0.0017762435667986129 0.0014003492828102454 0.00019105529531920239 0.0019305927692102672
leaf_weight=129 5489 176 144 117 160 155 101 373 173 154 138 102 1024 138
leaf_count=129 5489 176 144 117 160 155 101 373 173 154 138 102 1024 138
internal_value=-4.97699e-06 -0.000266827 -6.73363e-05 0.000562463 -0.000323857 0.000620275 -0.000447657 -6.95818e-05 -0.00135145 -0.00117565 0.0007666 6.58918e-05 4.55256e-05 0.000397644
internal_weight=8573 1820 1490 561 444 315 929 655 274 330 282 6753 6651 1162
internal_count=8573 1820 1490 561 444 315 929 655 274 330 282 6753 6651 1162
cat_boundaries=0 1
cat_threshold=1360646667
is_linear=0
shrinkage=0.03


Tree=394
num_leaves=15
num_cat=0
split_feature=28 23 29 38 31 23 23 23 28 33 30 33 31 25
split_gain=0.329537 0.282033 0.171461 0.473325 0.242652 0.213298 0.502186 0.762752 0.386284 0.376446 0.415588 0.370467 0.52243 0.420633
threshold=26.983998842592595 195.50000000000003 4.5000000000000009 1.9219452483337924 2.202466508891157 57.500000000000007 45.500000000000007 50.500000000000007 1.3800347222222225 1.0000000180025095e-35 62.500000000000007 1.0000000180025095e-35 3.6862836919354938 0.63484848484848488
decision_type=2 2 2 2 10 2 2 2 2 2 2 2 8 10
left_child=1 2 5 4 -4 6 9 -8 -9 -1 -11 13 -13 -7
right_child=-2 -3 3 -5 -6 11 7 8 -10 10 -12 12 -14 -15
leaf_value=0.00031328577867979594 -0.0015264378999097225 -0.0010011705373820495 0.002682395462784916 -0.00087734879117787757 0.00063154929783195248 -0.00026614573071530035 0.0027309220228975604 0.0011355388954859868 -0.0012881331374170258 0.00018525173139731418 -0.0013258007669972489 0.00014794973802824383 0.0019617428821969152 0.001116008576130428
leaf_weight=2142 117 213 100 102 108 3517 177 145 100 358 302 822 173 210
leaf_count=2142 117 213 100 102 108 3517 177 145 100 358 302 822 173 210
internal_value=5.48145e-05 7.66597e-05 0.000104467 0.000796636 0.00161753 7.74632e-05 0.000265571 0.00123036 0.000146285 0.000120266 -0.000506169 -5.09692e-05 0.000463313 -0.000188267
internal_weight=8586 8469 8256 310 208 7946 3224 422 245 2802 660 4722 995 3727
internal_count=8586 8469 8256 310 208 7946 3224 422 245 2802 660 4722 995 3727
is_linear=0
shrinkage=0.03


Tree=395
num_leaves=15
num_cat=2
split_feature=30 31 17 1 37 38 30 16 23 30 38 37 31 30
split_gain=0.295988 0.452826 0.318573 0.301558 0.225458 0.198893 0.218645 0.309015 0.296825 0.249221 0.194609 0.175697 0.595803 0.18296
threshold=11.250000000000002 0.28611556982343506 1.0000000180025095e-35 252.50000000000003 0 2.339954998248738 327.65000000000003 1.0000000180025095e-35 186.50000000000003 233.10000000000002 1.4034606986642788 1 1.0004392299048519 253.72500000000002
decision_type=2 8 2 2 9 2 2 2 2 2 2 9 10 2
left_child=2 -2 4 5 -1 6 8 -8 11 -10 -6 12 -3 -13
right_child=1 3 -4 -5 10 -7 7 -9 9 -11 -12 13 -14 -15
leaf_value=0.00087481031607603661 0.0020140783657210276 -0.0022095126143649667 -0.0018098309554696287 0.0014411104579596932 -0.0016720667415453742 -0.001311947433497616 -0.00027108049179177455 0.0017699896432905879 -0.00021393405009932333 -0.0020436670878996787 0.00012476454360769429 8.7800440453945431e-05 0.00051943947116185911 -0.00040971014197215423
leaf_weight=110 102 133 164 129 108 106 123 146 155 118 109 6147 157 746
leaf_count=110 102 133 164 129 108 106 123 146 155 118 109 6147 157 746
internal_value=-1.56706e-05 2.78824e-05 -0.000730792 2.43119e-06 -0.000189623 -2.12682e-05 -3.55787e-06 0.000836712 -3.38734e-05 -0.00100481 -0.000735612 3.02831e-06 -0.000707711 3.39078e-05
internal_weight=8553 8062 491 7960 327 7831 7725 269 7456 273 217 7183 290 6893
internal_count=8553 8062 491 7960 327 7831 7725 269 7456 273 217 7183 290 6893
cat_boundaries=0 1 2
cat_threshold=33556801 2097925
is_linear=0
shrinkage=0.03


Tree=396
num_leaves=15
num_cat=1
split_feature=28 28 1 23 28 31 23 1 1 30 31 28 35 31
split_gain=0.209982 0.46817 0.321561 0.318358 0.242621 0.956236 0.573497 0.448293 0.435645 0.420734 0.417035 0.375005 0.409052 0.372531
threshold=20.991348379629631 15.448998842592594 51.500000000000007 126.50000000000001 4.0796238425925937 0.48064734522197577 164.50000000000003 16.500000000000004 53.500000000000007 285.02500000000003 0.23920529801324505 2.4405266203703708 0 1.813536575476046
decision_type=2 2 2 2 2 8 2 2 2 2 8 2 1 10
left_child=1 4 -2 -3 10 -6 7 -7 -8 -9 -1 -12 13 -13
right_child=2 3 -4 -5 5 6 8 9 -10 -11 11 12 -14 -15
leaf_value=-0.0015538862152105388 0.0014621846500520051 -0.0019138759449406554 -0.0005495498610764264 4.9496830192574559e-05 0.0030273036919664766 -0.00084951153346088436 0.0026411440840977897 0.00039185500294802397 0.00012412668842032713 -0.0011992596386871219 8.9193047441558157e-06 0.0010236580161576149 -0.0023092561416832129 -0.0012251150060796599
leaf_weight=174 201 198 111 119 107 477 134 1301 115 169 4974 117 123 153
leaf_count=174 201 198 111 119 107 477 134 1301 115 169 4974 117 123 153
internal_value=-1.73439e-05 -4.6545e-05 0.000746471 -0.00117684 -8.66446e-07 0.000257933 0.000122996 -5.03793e-05 0.00147867 0.000208931 -0.000108431 -6.1569e-05 -0.000953704 -0.000241695
internal_weight=8473 8161 312 317 7844 2303 2196 1947 249 1470 5541 5367 393 270
internal_count=8473 8161 312 317 7844 2303 2196 1947 249 1470 5541 5367 393 270
cat_boundaries=0 1
cat_threshold=19
is_linear=0
shrinkage=0.03


Tree=397
num_leaves=15
num_cat=1
split_feature=28 28 38 1 28 38 1 1 21 5 38 37 31 31
split_gain=0.392612 0.548594 0.43958 0.376388 0.285974 0.64616 0.408986 0.24768 0.204545 0.187257 0.509306 0.308715 0.45512 0.278244
threshold=20.991348379629631 15.448998842592594 1.2336929100088672 55.500000000000007 11.924525462962965 1.5786809079209496 55.500000000000007 22.500000000000004 63.500000000000007 0.5192500000000001 1.359610331279427 0 0.057386724977567159 0.48064734522197577
decision_type=2 2 2 2 2 2 2 2 2 2 2 9 10 10
left_child=1 4 -3 7 9 6 8 -2 -6 11 -11 12 -1 -14
right_child=3 2 -4 -5 5 -7 -8 -9 -10 10 -12 -13 13 -15
leaf_value=-0.0022131343980319801 0.00070073562986882666 4.7856724409233612e-05 -0.0021911004272260472 -0.00048939963531827938 0.0002174143446929787 0.0026496580173662894 0.0015775238009103174 0.0027516541786483167 -0.0016204678269696993 0.00092120243564880054 -0.0015404872556424112 0.00017655345579956622 0.00084589768870878821 -0.00023032970755419228
leaf_weight=100 105 134 192 101 109 116 105 107 109 112 233 3487 231 3375
leaf_count=100 105 134 192 101 109 116 105 107 109 112 233 3487 231 3375
internal_value=-2.5216e-05 -6.45353e-05 -0.00127079 0.00101781 -1.52385e-05 0.000729083 3.93411e-05 0.00173587 -0.000701527 -5.85865e-05 -0.00074133 -2.58399e-05 -0.000216166 -0.000161387
internal_weight=8616 8303 326 313 7977 439 323 212 218 7538 345 7193 3706 3606
internal_count=8616 8303 326 313 7977 439 323 212 218 7538 345 7193 3706 3606
cat_boundaries=0 1
cat_threshold=3520078588
is_linear=0
shrinkage=0.03


Tree=398
num_leaves=15
num_cat=2
split_feature=31 38 25 25 5 21 37 28 31 37 28 28 21 38
split_gain=0.275829 0.311367 0.979204 0.230835 0.226178 0.56081 0.45862 0.379054 0.222753 0.253678 0.376337 1.06567 0.407079 0.37015
threshold=4.4993985565356862 2.2531680947673558 0.34891304347826091 0.64142857142857157 0.093050000000000008 33.833333333333336 0 4.2601851851851862 0.23920529801324505 1 3.0785185185185191 7.1956597222222234 84.950000000000003 1.4963792246677974
decision_type=10 2 10 8 2 2 9 2 8 9 2 2 2 2
left_child=1 8 -3 4 5 6 -2 -6 -1 10 12 -12 13 -10
right_child=3 2 -4 -5 7 -7 -8 -9 9 -11 11 -13 -14 -15
leaf_value=-0.00094431566450107107 0.0011426389793177014 -0.00071352894057363141 0.0033204334508851524 0.00035213116070982088 -0.0012676316574633788 -0.0026228898935768681 -0.0013917762145152961 0.0011037252205867497 0.0011907600408844051 2.2814726914498472e-05 0.0039362167807178924 4.1190340929697739e-05 0.0016955065987435461 -0.00057789874543812581
leaf_weight=191 105 113 104 229 117 153 137 126 140 6276 101 169 131 445
leaf_count=191 105 113 104 229 117 153 137 126 140 6276 101 169 131 445
internal_value=4.22657e-05 9.95981e-05 0.0012198 -0.000464931 -0.000758203 -0.00120124 -0.000302428 -3.80392e-05 6.69826e-05 9.3581e-05 0.000538325 0.00149822 0.000183873 -0.00015463
internal_weight=8537 7670 217 867 638 395 242 243 7453 7262 986 270 716 585
internal_count=8537 7670 217 867 638 395 242 243 7453 7262 986 270 716 585
cat_boundaries=0 1 2
cat_threshold=270565376 10493977
is_linear=0
shrinkage=0.03


Tree=399
num_leaves=15
num_cat=1
split_feature=22 32 25 33 32 28 28 22 28 37 1 1 24 38
split_gain=0.247916 0.731145 2.32622 0.887952 0.355433 0.204595 0.196475 0.174845 0.249445 0.119669 0.464198 0.312887 0.411836 0.234414
threshold=7391.3750000000009 7.5000000000000009 0.28285714285714292 1.0000000180025095e-35 11.500000000000002 27.590653935185188 20.991348379629631 6444.0500000000002 2.265405092592593 0 215.50000000000003 102.50000000000001 79.162166666664902 2.0057725335273431
decision_type=2 2 8 2 2 2 2 2 2 9 2 2 10 2
left_child=5 2 -2 4 -3 6 7 9 -9 11 -11 13 -13 -1
right_child=1 3 -4 -5 -6 -7 -8 8 -10 10 -12 12 -14 -15
leaf_value=-6.9389776679938865e-05 -0.0006574750605368 -0.00043614418490040224 0.00494841286277209 -0.0023404405858973043 0.0014566427429369413 -0.0013489032045805027 0.00093453933843850342 2.3955640780246433e-05 -0.0016998002912184936 -6.0765287652622918e-05 -0.0021183811583254243 0.0016884044512375516 -0.00033626748559375603 0.0010227969738116371
leaf_weight=2243 153 164 118 125 196 105 191 170 136 4291 101 243 144 192
leaf_count=2243 153 164 118 125 196 105 191 170 136 4291 101 243 144 192
internal_value=1.66117e-05 0.000535368 0.00178347 -0.000162022 0.000594373 -3.35649e-05 -1.5654e-05 -3.97879e-05 -0.000742158 -9.99513e-06 -0.000107837 0.000142159 0.000935038 1.67293e-05
internal_weight=8572 756 271 485 360 7816 7711 7520 306 7214 4392 2822 387 2435
internal_count=8572 756 271 485 360 7816 7711 7520 306 7214 4392 2822 387 2435
cat_boundaries=0 1
cat_threshold=2556729172
is_linear=0
shrinkage=0.03


end of trees

feature_importances:
predicted_log=814
commitment_to_velocity_ratio=609
project_key=543
sprint_committed_points=411
mean_cycle_time_hours=349
description_length=317
team_velocity_rolling=297
sprint_length_days=281
velocity_variance=265
historical_spillover_rate=241
history_sprints=234
days_into_sprint=205
wip_at_commitment=186
title_length=163
issue_type=120
priority_level=84
ambiguity_score=81
reopen_rate=62
parallel_sprints=52
linked_issue_count=48
missing_info_flag_count=40
traceability_coverage_pct=39
in_progress_at_commitment=37
description_has_code=36
vague_term_count=22
dep_in_degree=15
has_epic=13
dep_out_degree=7
added_mid_sprint=6
invest_valuable=5
user_story_format=4
unlinked_artifact_count=4
has_linked_tests=4
invest_independent=2
invest_testable=2
blocker_count=2

parameters:
[boosting: gbdt]
[objective: regression]
[metric: l2]
[tree_learner: serial]
[device_type: cpu]
[data_sample_strategy: bagging]
[data: ]
[valid: ]
[num_iterations: 400]
[learning_rate: 0.03]
[num_leaves: 15]
[num_threads: 16]
[seed: 42]
[deterministic: 0]
[force_col_wise: 0]
[force_row_wise: 0]
[histogram_pool_size: -1]
[max_depth: -1]
[min_data_in_leaf: 100]
[min_sum_hessian_in_leaf: 0.001]
[bagging_fraction: 0.8]
[pos_bagging_fraction: 1]
[neg_bagging_fraction: 1]
[bagging_freq: 1]
[bagging_seed: 400]
[bagging_by_query: 0]
[feature_fraction: 0.8]
[feature_fraction_bynode: 1]
[feature_fraction_seed: 30056]
[extra_trees: 0]
[extra_seed: 12879]
[early_stopping_round: 0]
[early_stopping_min_delta: 0]
[first_metric_only: 0]
[max_delta_step: 0]
[lambda_l1: 0]
[lambda_l2: 0]
[linear_lambda: 0]
[min_gain_to_split: 0]
[drop_rate: 0.1]
[max_drop: 50]
[skip_drop: 0.5]
[xgboost_dart_mode: 0]
[uniform_drop: 0]
[drop_seed: 17869]
[top_rate: 0.2]
[other_rate: 0.1]
[min_data_per_group: 100]
[max_cat_threshold: 32]
[cat_l2: 10]
[cat_smooth: 10]
[max_cat_to_onehot: 4]
[top_k: 20]
[monotone_constraints: ]
[monotone_constraints_method: basic]
[monotone_penalty: 0]
[feature_contri: ]
[forcedsplits_filename: ]
[refit_decay_rate: 0.9]
[cegb_tradeoff: 1]
[cegb_penalty_split: 0]
[cegb_penalty_feature_lazy: ]
[cegb_penalty_feature_coupled: ]
[path_smooth: 0]
[interaction_constraints: ]
[verbosity: -1]
[saved_feature_importance_type: 0]
[use_quantized_grad: 0]
[num_grad_quant_bins: 4]
[quant_train_renew_leaf: 0]
[stochastic_rounding: 1]
[linear_tree: 0]
[max_bin: 255]
[max_bin_by_feature: ]
[min_data_in_bin: 3]
[bin_construct_sample_cnt: 200000]
[data_random_seed: 175]
[is_enable_sparse: 1]
[enable_bundle: 1]
[use_missing: 1]
[zero_as_missing: 0]
[feature_pre_filter: 1]
[pre_partition: 0]
[two_round: 0]
[header: 0]
[label_column: ]
[weight_column: ]
[group_column: ]
[ignore_column: ]
[categorical_feature: 35,36,37]
[forcedbins_filename: ]
[precise_float_parser: 0]
[parser_config_file: ]
[objective_seed: 16083]
[num_class: 1]
[is_unbalance: 0]
[scale_pos_weight: 1]
[sigmoid: 1]
[boost_from_average: 1]
[reg_sqrt: 0]
[alpha: 0.9]
[fair_c: 1]
[poisson_max_delta_step: 0.7]
[tweedie_variance_power: 1.5]
[lambdarank_truncation_level: 30]
[lambdarank_norm: 1]
[label_gain: ]
[lambdarank_position_bias_regularization: 0]
[eval_at: ]
[multi_error_top_k: 1]
[auc_mu_weights: ]
[num_machines: 1]
[local_listen_port: 12400]
[time_out: 120]
[machine_list_filename: ]
[machines: ]
[gpu_platform_id: -1]
[gpu_device_id: -1]
[gpu_device_id_list: ]
[gpu_use_dp: 0]
[num_gpu: 1]

end of parameters

pandas_categorical:[["Bug", "Improvement", "New Feature", "Story", "Task"], ["high", "highest", "low", "lowest", "medium", "unknown"], ["ALOY", "APIKIT", "BE", "CLI", "CLOV", "COMPASS", "CONFCLOUD", "CONFSERVER", "CWD", "CXX", "DAEMON", "DM", "FAB", "FE", "INDY", "IS", "JAVA", "JRACLOUD", "JRASERVER", "JSWCLOUD", "JSWSERVER", "MDL", "MESOS", "MULE", "MXNET", "NEXUS", "STL", "TIDOC", "TIMOB", "TISTUD", "USERGRID", "XD"]]
