tree
version=v4
num_class=1
num_tree_per_iteration=1
label_index=0
max_feature_idx=38
objective=regression
feature_names=title_length description_length description_has_code user_story_format mentions_tests ambiguity_score vague_term_count missing_info_flag_count has_acceptance_criteria ac_completeness_score invest_independent invest_valuable invest_testable traceability_coverage_pct unlinked_artifact_count has_linked_tests has_epic linked_issue_count blocker_count dep_out_degree dep_in_degree team_velocity_rolling velocity_variance history_sprints mean_cycle_time_hours historical_spillover_rate reopen_rate sprint_length_days days_into_sprint parallel_sprints sprint_committed_points commitment_to_velocity_ratio wip_at_commitment in_progress_at_commitment added_mid_sprint issue_type priority_level project_key predicted_log
feature_infos=[1:41] [0:5310] [0:1] [0:1] [0:1] [0:1] [0:39] [0:3] [0:1] [0:1] [0:1] [0:1] [0:1] [0:1] [0:3] [0:1] [0:1] [0:16] [0:5] [0:8] [0:11] [0:2369] [0:9085228.3000000007] [4:362] [0:2125.1356666666734] [0:1] [0:0.26000000000000001] [1.1390509259259258:61.040497685185187] [0:58.908530092592592] [0:13] [0:744] [0:162] [0:46] [0:1] [0:1] -1:3:0:1:4:2 -1:4:5:2:0:1 -1:11:22:28:31:23:29:21:26:25:14:15:27:1:7:5:30:2:19:20:0:3:8:12:4:13:9:24:6:18:16:10 [0.49671592089341376:2.9748465876359402]
tree_sizes=1425 1504 1500 1520 1530 1505 1522 1502 1510 1509 1496 1503 1501 1494 1509 1489 1537 1496 1520 1518 1504 1518 1521 1511 1529 1516 1526 1519 1508 1510 1516 1520 1511 1534 1529 1503 1497 1524 1523 1514 1524 1522 1519 1509 1527 1546 1537 1508 1519 1531 1545 1531 1527 1522 1513 1528 1513 1516 1548 1525 1522 1552 1509 1523 1507 1524 1548 1530 1541 1502 1493 1515 1538 1512 1521 1530 1535 1532 1529 1525 1527 1524 1513 1519 1521 1536 1517 1546 1536 1554 1554 1530 1526 1525 1533 1501 1532 1535 1525 1534 1544 1542 1528 1549 1518 1525 1549 1537 1528 1549 1524 1532 1532 1517 1547 1524 1543 1532 1520 1541 1536 1526 1514 1548 1554 1529 1549 1541 1544 1523 1521 1519 1527 1543 1537 1556 1529 1518 1549 1553 1529 1533 1527 1537 1548 1551 1555 1559 1538 1531 1545 1544 1531 1533 1541 1518 1513 1540 1553 1533 1537 1546 1541 1536 1525 1554 1520 1523 1547 1536 1545 1514 1528 1527 1539 1537 1542 1541 1554 1552 1542 1552 1543 1537 1518 1532 1562 1537 1548 1535 1545 1527 1514 1534 1527 1543 1537 1539 1547 1528 1546 1523 1536 1545 1546 1545 1539 1553 1539 1541 1518 1543 1546 1542 1548 1554 1534 1543 1558 1538 1549 1533 1538 1534 1536 1534 1541 1545 1521 1541 1531 1537 1529 1527 1550 1531 1530 1555 1531 1549 1557 1537 1550 1552 1556 1542 1552 1511 1520 1517 1523 1534 1526 1554 1527 1535 1524 1537 1571 1542 1532 1530 1560 1545 1519 1546 1552 1529 1525 1543 1555 1535 1549 1528 1524 1554 1538 1521 1531 1548 1543 1530 1533 1531 1544 1547 1561 1541 1551 1533 1524 1549 1546 1525 1534 1551 1495 1533 1554 1546 1522 1525 1548 1546 1542 1544 1554 1538 1532 1528 1536 1549 1542 1509 1546 1554 1547 1531 1527 1539 1536 1548 1553 1525 1538 1540 1526 1540 1538 1552 1544 1546 1540 1524 1543 1537 1523 1541 1537 1555 1531 1548 1534 1526 1553 1501 1546 1556 1511 1525 1529 1550 1546 1513 1552 1534 1543 1545 1532 1533 1558 1530 1529 1527 1515 1538 1525 1545 1530 1533 1523 1546 1556 1532 1553 1516 1535 1521 1557 1552 1557 1547 1537 1541 1531 1553 1525 1542 1517 1524 1549 1519 1534 1537 1543 1535 1542 1556 1553 1532

Tree=0
num_leaves=15
num_cat=3
split_feature=36 24 35 29 38 35 1 28 38 7 24 24 38 5
split_gain=26.0589 13.8031 6.66226 3.55901 3.15146 2.91142 2.73564 1.80433 1.38277 1.36313 1.33801 1.28751 1.23658 1.19977
threshold=0 1.0000000180025095e-35 1 1.5000000000000002 1.4870774733782286 2 1.0000000180025095e-35 2.265405092592593 1.8780594679001184 1.0000000180025095e-35 149.85466666666619 113.25366666666393 0.91783015016038239 0.42265000000000003
decision_type=9 8 1 2 2 1 2 2 2 2 10 8 2 2
left_child=1 8 3 7 12 9 -5 -3 -1 -6 11 -7 -2 -4
right_child=4 2 13 6 5 10 -8 -9 -10 -11 -12 -13 -14 -15
leaf_value=0.386488518749114 0.37442276602225683 0.38104392481387905 0.37819735642345231 0.38539302671228531 0.37560008670081574 0.37984836963418278 0.38193596597128215 0.37837189523000136 0.39141680690712077 0.37827898375493901 0.38190354592779091 0.37711492996585949 0.37742382325395385 0.38163912292046315
leaf_weight=101 132 683 738 229 244 844 2052 341 104 571 224 190 1935 104
leaf_count=101 132 683 738 229 244 844 2052 341 104 571 224 190 1935 104
internal_value=0.379767 0.381386 0.381014 0.381618 0.378065 0.378888 0.382283 0.380154 0.388989 0.377505 0.379801 0.379346 0.377232 0.378636
internal_weight=8492 4352 4147 3305 4140 2073 2281 1024 205 815 1258 1034 2067 842
internal_count=8492 4352 4147 3305 4140 2073 2281 1024 205 815 1258 1034 2067 842
cat_boundaries=0 1 2 3
cat_threshold=38 26 1
is_linear=0
shrinkage=1


Tree=1
num_leaves=15
num_cat=4
split_feature=37 24 38 25 37 37 1 35 38 23 31 28 32 22
split_gain=49.3473 8.91657 3.84234 3.57692 2.71004 2.66036 4.2689 1.55 1.4705 1.43722 1.15153 1.24648 1.21983 0.987703
threshold=0 1.0000000180025095e-35 1.232532610885839 0.34891304347826091 1 2 1.0000000180025095e-35 3 0.89331056662645569 125.50000000000001 0.73226861167002022 6.5007060185185201 27.500000000000004 1745.6500000000003
decision_type=9 10 2 10 9 9 2 1 2 2 8 2 2 2
left_child=1 3 -3 -1 7 -4 13 -2 -6 -9 -8 -12 -13 -7
right_child=4 2 5 -5 8 6 10 9 -10 -11 11 12 -14 -15
leaf_value=0.01196832450167276 0.00015412305898547589 -0.00032447093729120644 0.00046931784321097849 0.0046434500019248842 -0.0060942504364032328 0.0080851010016452229 0.004193072190627139 -0.0011079331577376109 -0.0029234118090710514 -0.0036749715074526007 0.0015705931283050395 0.0036574636881143369 0.00054635172462130473 0.0043268734409061616
leaf_weight=100 419 680 725 150 139 130 235 498 2483 324 1781 580 141 122
leaf_count=100 419 680 725 150 139 130 235 498 2483 324 1781 580 141 122
internal_value=-2.40616e-05 0.00205792 0.0017488 0.0075734 -0.00252576 0.00212839 0.00252081 -0.00133999 -0.00307976 -0.00209428 0.00218523 0.00199664 0.00304905 0.00626564
internal_weight=8507 4644 4394 250 3863 3714 2989 1241 2622 822 2737 2502 721 252
internal_count=8507 4644 4394 250 3863 3714 2989 1241 2622 822 2737 2502 721 252
cat_boundaries=0 1 2 3 4
cat_threshold=2310544448 268443955 2148012032 14
is_linear=0
shrinkage=0.03


Tree=2
num_leaves=15
num_cat=5
split_feature=37 37 37 23 1 35 38 38 38 23 37 32 23 32
split_gain=49.1213 7.93681 5.31433 4.19021 3.3274 2.68221 2.09503 1.84211 1.62258 1.48367 1.44472 1.41259 1.32631 1.0199
threshold=0 1 2 17.500000000000004 1.0000000180025095e-35 3 1.2032129208915674 1.7640522733386785 0.89331056662645569 129.50000000000003 4 30.500000000000004 125.50000000000001 1.5000000000000002
decision_type=9 9 9 2 2 1 2 2 2 2 9 2 2 2
left_child=1 3 5 -1 9 -2 -6 10 -4 -3 11 13 -7 -8
right_child=2 4 8 -5 6 12 7 -9 -10 -11 -12 -13 -14 -15
leaf_value=0.0037518488252014444 0.00011518143922755284 0.0035629411404908885 -0.0060023737117188758 0.010917507500776294 -0.00033639550755712358 -0.0011879780319637055 0.0053082714449499378 0.00076033642445276907 -0.0027687835747789054 0.0078629599299726138 9.304495680456361e-05 -0.00017558014410062005 -0.0035688733858711789 0.0027625829204478334
leaf_weight=143 1108 214 148 151 360 538 154 717 2479 109 215 138 346 1765
leaf_count=143 1108 214 148 151 360 538 154 717 2479 109 215 138 346 1765
internal_value=4.90893e-05 0.00249466 -0.00205171 0.00718769 0.00210042 -0.000871723 0.00182568 0.00208608 -0.00293977 0.00501403 0.00250446 0.00274272 -0.00209615 0.00296687
internal_weight=8585 3966 4619 294 3672 1992 3349 2989 2627 323 2272 2057 884 1919
internal_count=8585 3966 4619 294 3672 1992 3349 2989 2627 323 2272 2057 884 1919
cat_boundaries=0 1 2 3 4 5
cat_threshold=163056706 2097152 2415931697 14 142608384
is_linear=0
shrinkage=0.03


Tree=3
num_leaves=15
num_cat=3
split_feature=37 37 25 37 1 38 38 31 38 38 32 22 38 38
split_gain=46.1273 9.32237 5.25248 3.50932 2.48526 2.10987 1.81112 1.71531 1.49392 1.33395 1.52311 1.74327 1.21269 1.10435
threshold=0 1 0.34891304347826091 2 2.5000000000000004 0.89331056662645569 1.9090387393945429 1.7149703331811961 1.2455941970795092 1.6672024527999298 30.500000000000004 124.65000000000002 1.7404660920600847 1.4803169272060004
decision_type=9 9 10 9 2 2 2 10 2 2 2 2 2 2
left_child=1 2 -1 4 13 -2 12 -8 -6 10 11 -10 -7 -3
right_child=5 3 -4 -5 8 6 7 -9 9 -11 -12 -13 -14 -15
leaf_value=0.012612690360798874 -0.0060808108378439503 0.0022854804388086694 0.0042369157961661833 2.457952441216532e-05 0.00021649112811844264 -0.0022961448102037608 -0.0026097051221411673 0.0017178636442747761 -0.00087314378523400851 0.0012703369017981459 -0.00087774612115962161 0.0031322677121755028 -0.0038307528860107814 0.0060699775389227214
leaf_weight=107 141 110 182 1001 455 2784 150 183 105 1111 105 1425 556 188
leaf_count=107 141 110 182 1001 455 2784 150 183 105 1111 105 1425 556 188
internal_value=-1.50268e-05 0.00194365 0.00709256 0.00159798 0.00204675 -0.00247302 -0.00234126 -0.000231492 0.00180865 0.00207246 0.00261752 0.00285739 -0.00255161 0.00467302
internal_weight=8603 4789 289 4500 3499 3814 3673 333 3201 2746 1635 1530 3340 298
internal_count=8603 4789 289 4500 3499 3814 3673 333 3201 2746 1635 1530 3340 298
cat_boundaries=0 1 2 3
cat_threshold=2310544450 2097152 144182272
is_linear=0
shrinkage=0.03


Tree=4
num_leaves=15
num_cat=2
split_feature=37 24 37 38 1 38 23 38 38 23 2 32 38 23
split_gain=41.6178 7.80407 4.33231 3.12692 2.50352 1.77682 1.68812 1.39314 1.31369 1.81422 1.21883 1.19878 1.11484 1.10211
threshold=0 1.0000000180025095e-35 1 1.232532610885839 2.5000000000000004 1.8312435880311198 125.50000000000001 0.86209474721110635 1.8171240342177482 63.500000000000007 1.0000000180025095e-35 29.500000000000004 1.0221036258257128 73.500000000000014
decision_type=9 10 9 2 2 2 2 2 2 2 2 2 2 2
left_child=1 5 6 12 13 -1 -2 -4 11 -10 -8 -6 -3 -5
right_child=2 3 7 4 8 -7 10 -9 9 -11 -12 -13 -14 -15
leaf_value=0.0044311886801220038 -0.00022882820533388849 -0.003017513926069324 -0.0058301894094633013 0.0028419194745920905 0.0026309917931216205 0.0095564305683634929 -0.00086060074417775403 -0.0024562813798674004 0.0042736311103089139 -4.4822633723281011e-05 -0.0038238582049365125 0.00010088541586959703 0.00052121080494773328 0.0067684679159414089
leaf_weight=102 1481 104 115 109 2133 151 268 2610 109 445 234 183 349 157
leaf_count=102 1481 104 115 109 2133 151 268 2610 109 445 234 183 349 157
internal_value=7.79023e-05 0.00239142 -0.00181129 0.00203866 0.00237521 0.00749013 -0.000734731 -0.00258916 0.00211716 0.000804837 -0.00224188 0.00243107 -0.000291212 0.00515947
internal_weight=8550 3842 4708 3589 3136 253 1983 2725 2870 554 502 2316 453 266
internal_count=8550 3842 4708 3589 3136 253 1983 2725 2870 554 502 2316 453 266
cat_boundaries=0 1 2
cat_threshold=163060800 2415927571
is_linear=0
shrinkage=0.03


Tree=5
num_leaves=15
num_cat=5
split_feature=37 24 25 38 37 37 38 31 30 37 33 38 35 26
split_gain=41.4901 8.60911 3.70474 3.31886 1.91655 1.88365 1.43523 1.76899 1.34084 2.0863 1.14629 1.11733 1.14991 1.06598
threshold=0 1.0000000180025095e-35 0.34891304347826091 1.2525543601075786 1 2 1.9090387393945429 1.7149703331811961 40.250000000000007 3 1.0000000180025095e-35 1.7640522733386785 4 0.039230769230769243
decision_type=9 10 10 2 9 9 2 10 2 9 2 2 1 10
left_child=1 2 -1 10 -5 -2 -7 -8 9 -6 -3 12 -10 -14
right_child=5 3 -4 4 8 6 7 -9 11 -11 -12 -13 13 -15
leaf_value=0.01175299528008788 -0.0038513046100111252 -0.00071580912020560315 0.0043205641350359657 0.00053471653691571672 0.0070160807177136811 -0.002183070343814751 -0.0027182855361505697 0.0021925006215610813 0.0028036129731239564 0.0017875886969109574 0.0023949564351642039 0.0010950074550806885 -0.00064367281664476524 0.0027536865764884403
leaf_weight=101 606 638 150 703 126 2988 115 155 1598 188 128 732 193 146
leaf_count=101 606 638 150 703 126 2988 115 155 1598 188 128 732 193 146
internal_value=1.09454e-05 0.00190154 0.0073113 0.00160081 0.00197421 -0.00228915 -0.00198769 0.000100869 0.00230394 0.00416602 -0.000195995 0.0020935 0.00247084 0.000796015
internal_weight=8567 4703 251 4452 3686 3864 3258 270 2983 314 766 2669 1937 339
internal_count=8567 4703 251 4452 3686 3864 3258 270 2983 314 766 2669 1937 339
cat_boundaries=0 1 2 3 4 5
cat_threshold=2310544448 2148537344 1644167168 136316928 26
is_linear=0
shrinkage=0.03


Tree=6
num_leaves=15
num_cat=3
split_feature=37 24 1 25 37 37 38 31 23 31 31 30 25 30
split_gain=39.2344 7.63699 4.23534 3.44949 3.16843 1.61705 1.60075 1.52749 1.43736 1.25179 1.19018 1.03189 0.948702 0.882694
threshold=0 1.0000000180025095e-35 1.0000000180025095e-35 0.34891304347826091 1 2 1.9090387393945429 0.73226861167002022 114.50000000000001 2.6228785436617055 7.1358333333333341 33.250000000000007 0.22290322580645164 29.165000000000003
decision_type=9 10 2 10 9 9 2 8 2 10 10 2 8 2
left_child=1 3 8 -1 12 -6 -7 11 -3 -8 13 -4 -2 -9
right_child=4 2 7 -5 5 6 9 10 -10 -11 -12 -13 -14 -15
leaf_value=0.011544689757882972 0.00054312526417302643 0.003341339990220149 0.0055455334887187088 0.0044223479892003953 -0.003705683304729241 -0.0021874110199696429 -0.0013973771595015858 -0.0012631297356969977 0.0075003676243703549 0.0027493657323174941 0.0043518052945679085 0.0017102718767305106 -0.00120192401323402 0.0013858417018200505
leaf_weight=102 499 158 140 153 606 2724 169 118 142 107 118 115 640 2791
leaf_count=102 499 158 140 153 606 2724 169 118 142 107 118 115 640 2791
internal_value=-3.35931e-06 0.00224917 0.00189793 0.00727128 -0.00182574 -0.00226305 -0.00196029 0.00158605 0.00530995 0.000210237 0.0013982 0.00381591 -0.000433605 0.00127839
internal_weight=8582 3837 3582 255 4745 3606 3000 3282 300 276 3027 255 1139 2909
internal_count=8582 3837 3582 255 4745 3606 3000 3282 300 276 3027 255 1139 2909
cat_boundaries=0 1 2 3
cat_threshold=163056704 2147496226 570425472
is_linear=0
shrinkage=0.03


Tree=7
num_leaves=15
num_cat=5
split_feature=37 37 25 37 38 7 35 38 32 38 38 33 24 36
split_gain=34.6126 6.73658 4.81605 4.06971 2.72689 2.55562 2.46605 1.49723 1.1929 1.11637 1.02366 1.20996 0.922205 0.913654
threshold=0 1 0.34891304347826091 2 1.1631210325998844 1.5000000000000002 3 1.8171240342177482 1.5000000000000002 0.86209474721110635 1.6827308558998098 1.0000000180025095e-35 182.81433333333351 4
decision_type=9 9 10 9 2 2 1 2 2 2 2 2 8 9
left_child=1 2 -1 9 -3 7 12 8 -6 -2 -8 -12 -5 -10
right_child=3 4 -4 6 5 -7 10 -9 13 -11 11 -13 -14 -15
leaf_value=0.01185821559931635 -0.0055801104482712353 -0.0010792269901874836 0.0037067982024746016 0.00036370492258978469 0.004353485587131483 0.0044435848811657961 -0.0011558266302676415 0.00017563967077758612 -0.00058930472525463881 -0.0025111447781340571 -0.0037501313082720254 -0.00018548531250122026 -0.0019489561265607193 0.0019528590816003553
leaf_weight=104 112 288 175 1088 178 336 718 494 137 2244 376 111 181 2040
leaf_count=104 112 288 175 1088 178 336 718 494 137 2244 376 111 181 2040
internal_value=-7.39877e-05 0.00208469 0.00651192 -0.00175156 0.00171135 0.00196906 -0.000892742 0.00167723 0.00199221 -0.00264581 -0.00186051 -0.00293766 3.35808e-05 0.00179914
internal_weight=8582 3752 279 4830 3473 3185 2474 2849 2355 2356 1205 487 1269 2177
internal_count=8582 3752 279 4830 3473 3185 2474 2849 2355 2356 1205 487 1269 2177
cat_boundaries=0 1 2 3 4 5
cat_threshold=162011136 2097152 1715503748 14 1
is_linear=0
shrinkage=0.03


Tree=8
num_leaves=15
num_cat=4
split_feature=37 37 25 37 1 38 31 23 38 38 37 28 32 22
split_gain=35.2183 5.83288 4.08894 3.38166 2.39298 1.7547 1.72671 1.35467 1.34661 1.25132 1.07693 1.06308 1.03136 1.18027
threshold=0 1 0.34891304347826091 2 1.0000000180025095e-35 1.9090387393945429 1.7149703331811961 114.50000000000001 1.2455941970795092 1.8171240342177482 3 1.8198611111111114 29.500000000000004 1891.5441250000001
decision_type=9 9 10 9 2 2 10 2 2 2 9 2 2 2
left_child=1 2 -1 11 7 10 -7 -3 -6 12 -5 -2 13 -10
right_child=3 4 -4 5 8 6 -8 -9 9 -11 -12 -13 -14 -15
leaf_value=0.011059576813907672 0.00057754868093274107 0.0025813172084825304 0.0036603244311395988 -0.003753726803602535 5.2750235110822055e-05 -0.0023867266228001925 0.0019329500743964065 0.0065777774109943383 0.0017903077539888248 0.00047865208807749911 -0.0021059787813886939 -0.0013643509794872067 -0.00014042624420887919 0.0032948767673589528
leaf_weight=108 634 174 178 449 450 155 180 136 1358 508 2937 423 167 717
leaf_count=108 634 174 178 449 450 155 180 136 1358 508 2937 423 167 717
internal_value=7.52962e-06 0.00216154 0.00623639 -0.00170473 0.00181274 -0.00213114 -6.57063e-05 0.0043346 0.0015741 0.00182304 -0.00234178 -0.000197708 0.00212766 0.0023102
internal_weight=8574 3796 286 4778 3510 3721 335 310 3200 2750 3386 1057 2242 2075
internal_count=8574 3796 286 4778 3510 3721 335 310 3200 2750 3386 1057 2242 2075
cat_boundaries=0 1 2 3 4
cat_threshold=163056640 2097152 2147496258 570425344
is_linear=0
shrinkage=0.03


Tree=9
num_leaves=15
num_cat=4
split_feature=37 37 37 1 27 37 22 38 38 0 1 38 38 23
split_gain=33.0512 5.87019 3.23386 3.07564 2.84227 1.40923 1.31637 1.25918 1.09015 1.06946 0.909287 0.643829 0.63676 0.633741
threshold=0 1 2 1.0000000180025095e-35 17.003738425925928 3 1725.48125 1.2074333109433419 1.862865261706796 11.500000000000002 105.50000000000001 1.9378102363560148 0.86209474721110635 192.50000000000003
decision_type=9 9 9 2 2 9 2 2 2 2 2 2 2 2
left_child=1 4 12 6 -1 9 -3 -5 13 11 -7 -4 -2 -9
right_child=2 3 5 7 -6 10 -8 8 -10 -11 -12 -13 -14 -15
leaf_value=0.0029133272106133278 -0.0053369886146008389 0.0064327966316127701 -0.0015205470212029859 -0.00018777239544693312 0.0089524406227706518 -0.00059344610939044687 0.002380296514831542 0.0018266338762522826 0.00023557099236238437 -0.0030884121904091442 0.0023191595508849738 0.00026695027125533673 -0.0028636053146202239 0.0042539538406204461
leaf_weight=122 103 167 1945 363 165 980 127 2331 399 376 107 200 1035 101
leaf_count=122 103 167 1945 363 165 980 127 2331 399 376 107 200 1035 101
internal_value=1.20084e-06 0.00209314 -0.00166364 0.00174098 0.0061703 -0.00121579 0.00468223 0.00147569 0.00168899 -0.00160621 -0.000303944 -0.00135388 -0.00306058 0.00192744
internal_weight=8521 3775 4746 3488 287 3608 294 3194 2831 2521 1087 2145 1138 2432
internal_count=8521 3775 4746 3488 287 3608 294 3194 2831 2521 1087 2145 1138 2432
cat_boundaries=0 1 2 3 4
cat_threshold=163056640 2097152 1711276684 273006595
is_linear=0
shrinkage=0.03


Tree=10
num_leaves=15
num_cat=5
split_feature=37 37 38 30 38 27 38 1 37 35 38 31 37 1
split_gain=33.1178 6.63057 6.76561 2.52855 2.41144 2.82512 1.72613 1.67939 1.64935 1.61615 1.1131 1.6216 0.873153 1.55689
threshold=0 1 1.5996014894837869 40.250000000000007 1.1631210325998844 27.999803240740743 1.8732391241147028 1.0000000180025095e-35 2 3 1.9090387393945429 1.7149703331811961 4 14.500000000000002
decision_type=9 9 2 2 2 2 2 2 9 1 2 10 9 2
left_child=1 2 -1 -4 -3 12 7 -7 -2 -5 -10 -12 -6 -14
right_child=8 4 3 9 5 6 -8 -9 10 -11 11 -13 13 -15
leaf_value=-0.00014985742503777146 -0.0030963010073982544 -0.00075351761598291766 0.010749672864965925 0.0019055508585138752 0.0001981781034003543 0.0063457504768484789 -0.00054075129358814318 0.002700792397121073 -0.0018513489329929989 0.0079126994291489772 -0.0024328550146188307 0.0022569037527777253 0.0029640113334896702 0.000891911780673971
leaf_weight=150 1012 443 132 100 828 128 130 1023 2435 100 119 150 431 1344
leaf_count=150 1012 443 132 100 828 128 130 1023 2435 100 119 150 431 1344
internal_value=7.81712e-05 0.00172024 0.00503351 0.007527 0.00134041 0.00158269 0.00273604 0.00310614 -0.00204601 0.00540004 -0.00164297 0.000182252 0.00101509 0.00138724
internal_weight=8525 4809 482 332 4327 3884 1281 1151 3716 200 2704 269 2603 1775
internal_count=8525 4809 482 332 4327 3884 1281 1151 3716 200 2704 269 2603 1775
cat_boundaries=0 1 2 3 4 5
cat_threshold=2310544466 136315904 637534852 1 2147487762
is_linear=0
shrinkage=0.03


Tree=11
num_leaves=15
num_cat=0
split_feature=27 24 25 27 38 23 23 7 21 27 27 27 24 28
split_gain=15.0267 7.01449 2.8592 2.85201 2.6724 2.28654 2.02945 2.02105 1.65135 1.5324 1.31706 1.19091 0.895843 0.889592
threshold=13.999994212962966 1.0000000180025095e-35 0.24195121951219514 13.999346064814818 1.1731738008053403 17.500000000000004 33.500000000000007 1.5000000000000002 121.26666666666668 29.616950231481486 30.512980324074078 13.986660879629632 215.06666666666862 11.637245370370371
decision_type=2 8 10 2 2 2 2 2 2 2 2 2 10 2
left_child=2 5 6 11 12 -2 -1 9 -9 -6 -11 -4 -3 -12
right_child=1 4 3 -5 7 -7 -8 8 -10 10 13 -13 -14 -15
leaf_value=-0.0013769599584474539 0.0035496462686710707 -0.0020567971602311998 -0.00086383122592443239 -0.0022341589840862023 0.0006376040585004502 0.0098557466752446574 0.0012522635254053965 0.0047594455401970496 0.00060500764845718819 0.0038397835160704024 -9.0182234586488132e-05 0.0017745267797852585 0.00075481813413078914 0.0030432406739146936
leaf_weight=450 103 302 1338 2324 1942 104 640 259 129 287 216 174 154 131
leaf_count=450 103 302 1338 2324 1942 104 640 259 129 287 216 174 154 131
internal_value=-0.000110082 0.00135536 -0.00118908 -0.00157435 0.00103078 0.00671793 0.000166804 0.00135971 0.0033782 0.00105568 0.00233628 -0.000560211 -0.00110726 0.00109275
internal_weight=8553 3627 4926 3836 3420 207 1090 2964 388 2576 634 1512 456 347
internal_count=8553 3627 4926 3836 3420 207 1090 2964 388 2576 634 1512 456 347
is_linear=0
shrinkage=0.03


Tree=12
num_leaves=15
num_cat=5
split_feature=37 37 37 30 38 38 32 38 31 35 22 37 1 30
split_gain=28.1242 6.41408 2.93048 2.92462 1.54826 1.47409 1.77165 1.42302 1.23995 1.05818 1.00082 0.980349 0.969238 0.945839
threshold=0 1 2 40.250000000000007 1.2455941970795092 1.751802671679356 1.5000000000000002 0.89331056662645569 6.564965103067685 3 6331.4577500000005 4 101.50000000000001 262.77500000000003
decision_type=9 9 9 2 2 2 2 2 8 1 2 9 2 2
left_child=1 3 12 -1 -3 6 -6 -4 10 -9 -8 -11 -2 -7
right_child=2 4 7 -5 5 13 8 9 -10 11 -12 -13 -14 -15
leaf_value=0.010379262746966284 -0.00051639226834339759 -2.8862956396089002e-07 -0.0049302020378866425 0.0041233182318183023 0.0050577124662169399 0.00035788881590020216 0.0016063276037776172 -0.0024832204943320579 0.0051665553763907933 0.00015660722154137055 0.0042390994420473246 -0.0016610518979807947 0.0023244363093399439 0.00345179043838631
leaf_weight=106 1089 472 139 184 187 694 1658 1391 105 321 141 1749 120 102
leaf_count=106 1089 472 139 184 187 694 1658 1391 105 321 141 1749 120 102
internal_value=-1.29066e-05 0.00197007 -0.0015185 0.00619631 0.00158789 0.00185305 0.0022713 -0.00194854 0.00199763 -0.00183443 0.00181268 -0.00137979 -0.000232501 0.000754344
internal_weight=8458 3649 4809 290 3359 2887 2091 3600 1904 3461 1799 2070 1209 796
internal_count=8458 3649 4809 290 3359 2887 2091 3600 1904 3461 1799 2070 1209 796
cat_boundaries=0 1 2 3 4 5
cat_threshold=162531392 2097152 2148020499 1 268435456
is_linear=0
shrinkage=0.03


Tree=13
num_leaves=15
num_cat=5
split_feature=37 37 25 37 1 23 28 22 35 36 38 38 38 31
split_gain=24.7387 6.90923 2.95885 1.68626 1.61867 2.22622 1.59654 1.2987 1.00633 0.988306 0.942342 0.909574 1.23552 0.977178
threshold=0 1 0.34891304347826091 2 2.5000000000000004 130.50000000000003 2.9389178240740743 1370.1740000000002 3 4 0.86209474721110635 1.7640522733386785 1.2525543601075786 0.73226861167002022
decision_type=9 9 10 9 2 2 2 2 1 9 2 2 2 8
left_child=1 2 -1 10 5 6 7 -3 -5 -6 -2 12 -11 -14
right_child=3 4 -4 8 9 -7 -8 -9 -10 11 -12 -13 13 -15
leaf_value=0.0099158742351440395 -0.0049103569971914044 0.0052650426460119576 0.0037212678148132059 0.00024866413635246404 0.00010522002201098783 0.0064573321969297803 -0.0014444491511350062 0.0010662983246969389 -0.0014859821842960759 0.00014252588064874054 -0.0021707262131334835 0.00017620098237517489 0.004048082097088573 0.0016123577839127266
leaf_weight=109 119 117 191 428 987 113 107 153 1020 499 2240 612 162 1745
leaf_count=109 119 117 191 428 987 113 107 153 1020 499 2240 612 162 1745
internal_value=3.56615e-06 0.00143581 0.00577933 -0.00179943 0.00113374 0.00276383 0.00165676 0.00288575 -0.000975066 0.000937132 -0.00229918 0.00120486 0.00147152 0.00181927
internal_weight=8602 4795 300 3807 4495 490 377 270 1448 4005 2359 3018 2406 1907
internal_count=8602 4795 300 3807 4495 490 377 270 1448 4005 2359 3018 2406 1907
cat_boundaries=0 1 2 3 4 5
cat_threshold=2310543426 2097152 1715503748 14 5
is_linear=0
shrinkage=0.03


Tree=14
num_leaves=15
num_cat=2
split_feature=27 24 38 35 22 36 38 21 24 1 38 38 1 27
split_gain=16.0782 7.42485 3.024 2.63157 1.85863 1.77605 1.76974 1.43031 1.38557 1.32064 1.31355 1.61849 1.29359 1.75422
threshold=13.999994212962966 1.0000000180025095e-35 1.1672344706531776 0 10928.000000000002 1 1.492905217101079 40.166666666666679 50.714166666665996 8.5000000000000018 1.6827308558998098 1.5061164559111848 18.500000000000004 10.891996527777779
decision_type=2 8 2 1 2 9 2 2 8 2 2 2 2 2
left_child=3 4 -3 10 -2 7 -5 -4 -7 -9 11 -1 -8 -14
right_child=1 2 5 6 -6 8 12 9 -10 -11 -12 -13 13 -15
leaf_value=-0.0020060469369221545 0.0097018301360393775 -0.0010896416209656703 0.0055300210760906342 -0.0012616518086371199 0.0040507583522005003 0.0021034534102512973 0.0015086661687780908 0.0037966058308494901 -0.00041199252517790254 0.001547697812290999 -0.0031879201103206917 0.00069418229927973023 0.0031933772595683957 -0.00080353773196030671
leaf_weight=979 110 451 100 1587 100 293 455 272 602 1728 579 251 110 973
leaf_count=979 110 451 100 1587 100 293 455 272 602 1728 579 251 110 973
internal_value=2.64711e-05 0.00153426 0.00120051 -0.00109077 0.00701084 0.00154537 -0.000557056 0.00201901 0.000406953 0.00185355 -0.00199862 -0.00145502 0.000166367 -0.000397572
internal_weight=8590 3656 3446 4934 210 2995 3125 2100 895 2000 1809 1230 1538 1083
internal_count=8590 3656 3446 4934 210 2995 3125 2100 895 2000 1809 1230 1538 1083
cat_boundaries=0 1 2
cat_threshold=1 34
is_linear=0
shrinkage=0.03


Tree=15
num_leaves=15
num_cat=5
split_feature=37 37 38 37 30 1 35 38 38 38 24 35 28 23
split_gain=24.0936 4.37405 5.29858 2.97524 2.53662 2.07939 1.70105 1.32237 1.21263 1.16333 1.07875 1.01735 0.97914 0.939027
threshold=0 1 1.5996014894837869 2 40.250000000000007 2.5000000000000004 3 1.6672024527999298 1.2455941970795092 1.4765911798688676 573.08966666666458 4 19.802771990740744 74.500000000000014
decision_type=9 9 2 9 2 2 1 2 2 2 10 1 2 2
left_child=1 5 -3 6 -4 9 -2 8 12 -1 13 -5 -7 -10
right_child=3 2 4 11 -6 7 -8 -9 10 -11 -12 -13 -14 -15
leaf_value=0.0013579563477209636 0.00022356651844656925 0.0002537471969003217 0.010152342534957701 -0.0010349952567452587 0.0046642196149146676 -0.00048624466142125711 -0.0013957684276472058 0.00036044997025948364 0.0010229350350036308 0.0053154374243629954 -0.00057953409260270874 -0.0024600021707884899 0.002755382418588458 0.0027697080128890428
leaf_weight=105 1181 166 127 669 188 343 1145 1063 377 184 127 1796 111 1044
leaf_count=105 1181 166 127 669 188 343 1145 1063 377 184 127 1796 111 1044
internal_value=6.53191e-05 0.0018348 0.00449764 -0.00135209 0.00687689 0.00144069 -0.000576132 0.00121561 0.00166967 0.0038776 0.00206952 -0.002079 0.000306312 0.00230628
internal_weight=8626 3835 481 4791 315 3354 2326 3065 2002 289 1548 2465 454 1421
internal_count=8626 3835 481 4791 315 3354 2326 3065 2002 289 1548 2465 454 1421
cat_boundaries=0 1 2 3 4 5
cat_threshold=146279488 9963520 2432725283 14 24
is_linear=0
shrinkage=0.03


Tree=16
num_leaves=15
num_cat=2
split_feature=37 24 37 27 25 38 1 38 0 22 30 30 26 32
split_gain=22.761 4.2988 2.37085 2.10715 1.94414 1.74466 1.41899 1.05517 0.96969 0.824294 1.0073 0.803301 0.796962 0.729133
threshold=0 1.0000000180025095e-35 1 17.003738425925928 0.22290322580645164 1.0221036258257128 1.0000000180025095e-35 0.89331056662645569 11.500000000000002 6785.2500000000009 196.30000000000004 20.250000000000004 1.0000000180025095e-35 29.500000000000004
decision_type=9 10 9 2 10 2 2 2 2 2 2 2 8 2
left_child=1 3 4 -1 9 -3 12 -4 11 10 -2 -6 -7 -8
right_child=2 5 7 -5 8 6 13 -9 -10 -11 -12 -13 -14 -15
leaf_value=0.0025085166493904422 0.003907825914160586 -0.0023604459807421395 -0.0045235536719805429 0.0079673180584498536 0.0015072376814820136 0.0052694961305207785 0.0015370105338171961 -0.0018425090247480844 -0.002668703004411228 -0.00027170810520720597 0.00028299228251382383 -0.0010195857460449068 0.0021719338137976244 -0.00027159980779816942
leaf_weight=116 137 103 140 141 124 136 2998 2346 303 260 139 1304 166 215
leaf_count=116 137 103 140 141 124 136 2998 2346 303 260 139 1304 166 215
internal_value=4.57801e-05 0.00174981 -0.00134432 0.00550342 -0.000635571 0.00148801 0.00160078 -0.00198551 -0.00112724 0.000940418 0.00208228 -0.00080017 0.00356686 0.00141599
internal_weight=8628 3875 4753 257 2267 3618 3515 2486 1731 536 276 1428 302 3213
internal_count=8628 3875 4753 257 2267 3618 3515 2486 1731 536 276 1428 302 3213
cat_boundaries=0 1 2
cat_threshold=163060800 2415943971
is_linear=0
shrinkage=0.03


Tree=17
num_leaves=15
num_cat=5
split_feature=37 37 38 37 23 35 38 27 24 23 37 23 38 23
split_gain=21.8043 4.29801 5.8805 2.57642 2.51403 1.96461 1.10027 1.15357 1.39807 1.35221 0.968473 0.706877 0.865853 0.658108
threshold=0 1 1.5996014894837869 2 34.500000000000007 3 1.0221036258257128 29.165914351851857 174.82500000000351 178.50000000000003 4 123.50000000000001 1.492905217101079 96.500000000000014
decision_type=9 9 2 9 2 1 2 2 10 2 9 2 2 2
left_child=1 2 -1 5 -4 11 -3 -8 -9 -10 -5 12 -2 -12
right_child=3 6 4 10 -6 -7 7 8 9 -11 13 -13 -14 -15
leaf_value=-0.00043398573424655024 -0.0023799838133544741 -0.0017897447378900232 0.0037400560395286597 -0.0030151055302285079 0.0090248902570801669 0.00019071212173759589 0.0010182378374694371 0.00031441505553648092 0.002392024354613562 0.00614164149002172 -0.0014427123788232615 -0.0027453988393036912 0.00031989921737831181 -0.0031420731655691331
leaf_weight=154 199 101 146 649 182 1245 2289 253 644 100 1769 350 231 232
leaf_count=154 199 101 146 649 182 1245 2289 253 644 100 1769 350 231 232
internal_value=1.36425e-05 0.00167721 0.00431249 -0.00136379 0.00667249 -0.000550991 0.0012906 0.0013892 0.0022409 0.00289601 -0.00198048 -0.00172229 -0.000929582 -0.00163159
internal_weight=8544 3869 482 4675 328 2025 3387 3286 997 744 2650 780 430 2001
internal_count=8544 3869 482 4675 328 2025 3387 3286 997 744 2650 780 430 2001
cat_boundaries=0 1 2 3 4 5
cat_threshold=163060800 136314880 2415927594 1 570688128
is_linear=0
shrinkage=0.03


Tree=18
num_leaves=15
num_cat=3
split_feature=37 37 25 38 27 38 37 1 5 32 1 38 5 16
split_gain=19.5989 3.76933 4.11038 1.54383 1.56287 1.76568 1.23582 1.16623 0.974841 0.871681 1.09357 0.838939 0.929363 0.817496
threshold=0 1 0.34891304347826091 1.249605488825092 27.999803240740743 1.400545796532952 2 1.0000000180025095e-35 0.085150000000000017 2.5000000000000004 12.500000000000002 1.9090387393945429 0.13810000000000003 1.0000000180025095e-35
decision_type=9 9 10 2 2 2 9 2 2 2 2 2 2 2
left_child=1 2 -1 -3 9 8 -2 -7 -6 10 -5 -8 -13 -12
right_child=6 3 -4 4 5 7 11 -9 -10 -11 13 12 -14 -15
leaf_value=0.0093524661837914667 -0.0023805995516044754 -0.00016041004714243879 0.0020157219135792052 0.0045300453548037184 0.0060417607907509926 0.0046871517123654484 -0.0013638099077147494 0.0012539191880178331 0.0023806622895901487 0.00064489476685107908 0.0023209164081673989 -0.0012886589237407068 0.0022349794815446056 -0.00073542920736277973
leaf_weight=109 1144 722 186 122 147 100 2547 813 118 1951 219 141 129 123
leaf_count=109 1144 722 186 122 147 100 2547 813 118 1951 219 141 129 123
internal_value=5.85572e-06 0.00133429 0.00457162 0.00110291 0.00135983 0.00225569 -0.00153972 0.00162996 0.00441154 0.000922848 0.00209157 -0.00119102 0.000394857 0.0012217
internal_weight=8571 4610 295 4315 3593 1178 3961 913 265 2415 464 2817 270 342
internal_count=8571 4610 295 4315 3593 1178 3961 913 265 2415 464 2817 270 342
cat_boundaries=0 1 2 3
cat_threshold=2293762112 2097152 1711538820
is_linear=0
shrinkage=0.03


Tree=19
num_leaves=15
num_cat=3
split_feature=27 24 25 38 35 31 35 35 27 38 32 31 24 1
split_gain=10.4642 4.31336 2.88066 2.69172 1.53738 1.49463 1.94587 1.45974 0.954337 0.912147 0.867618 0.867399 1.91341 1.28008
threshold=13.999994212962966 1.0000000180025095e-35 0.22290322580645164 0.99992301308194964 0 0.80220030067373205 1 2 29.165914351851857 1.9221461371088242 16.500000000000004 2.6050267885282072 90.152000000001735 17.500000000000004
decision_type=2 8 10 2 1 8 1 1 2 2 2 10 10 2
left_child=2 -2 -1 -3 10 6 -5 8 -7 -6 11 13 -13 -4
right_child=1 3 4 5 9 7 -8 -9 -10 -11 -12 12 -14 -15
leaf_value=0.00065594417467262607 0.0054985755147781163 -0.0031555596437546417 0.00068294943502992254 0.0010022349901365763 -0.0020784616900544886 0.00078894181113886119 0.0062871846647716929 -0.00054225214063309893 0.0020229953453950711 0.00040343261578527743 -0.0015772733794983649 -0.00039846442555634506 0.0044886382426697728 -0.0014569723391112661
leaf_weight=843 197 139 387 174 1789 1635 102 514 861 144 704 252 101 719
leaf_count=843 197 139 387 174 1789 1635 102 514 861 144 704 252 101 719
internal_value=-4.2902e-05 0.00118187 -0.000941088 0.000933586 -0.00126977 0.00110656 0.00321948 0.000912817 0.00120978 -0.00188383 -0.00070903 -0.000294943 0.000999828 -0.000708193
internal_weight=8561 3622 4939 3425 4096 3286 276 3010 2496 1933 2163 1459 353 1106
internal_count=8561 3622 4939 3425 4096 3286 276 3010 2496 1933 2163 1459 353 1106
cat_boundaries=0 1 2 3
cat_threshold=26 8 10
is_linear=0
shrinkage=0.03


Tree=20
num_leaves=15
num_cat=5
split_feature=37 37 25 36 30 37 25 24 1 23 0 36 23 21
split_gain=16.9374 3.55736 4.14373 1.54072 1.47279 1.24272 0.942385 0.910976 0.877115 1.3504 0.73644 0.871349 0.720258 0.70391
threshold=0 1 0.34891304347826091 2 62.500000000000007 3 0.45972972972972981 28.082333333333086 1.0000000180025095e-35 117.50000000000001 10.500000000000002 4 77.500000000000014 53.500000000000007
decision_type=9 9 10 9 2 9 8 10 2 2 2 9 2 2
left_child=1 2 -1 7 -5 -2 10 -3 9 -6 11 -7 -13 -12
right_child=5 3 -4 4 8 6 -8 -9 -10 -11 13 12 -14 -15
leaf_value=0.0093682791904295577 -0.0023617856325768788 0.0020281434980615114 0.0018981881854462097 0.0030850869149317418 0.00067770076619812333 0.0010881400292135491 -0.0016012722937602179 -0.00028544293534222051 0.00096957848028805555 0.0052087375444724504 -0.00059182122211720904 -0.00012884652638161078 -0.0023108915578723098 -0.0034067436955571313
leaf_weight=104 973 182 187 395 122 344 1606 967 2590 115 194 468 192 136
leaf_count=104 973 182 187 395 122 344 1606 967 2590 115 194 468 192 136
internal_value=2.84156e-05 0.00124869 0.00441615 0.00102821 0.00136494 -0.00142498 -0.00110799 8.03268e-05 0.00112943 0.00287631 -0.000522429 -0.000118317 -0.000752226 -0.00175191
internal_weight=8575 4662 291 4371 3222 3913 2940 1149 2827 237 1334 1004 660 330
internal_count=8575 4662 291 4371 3222 3913 2940 1149 2827 237 1334 1004 660 330
cat_boundaries=0 1 2 3 4 5
cat_threshold=2310028352 2097152 5 637534340 5
is_linear=0
shrinkage=0.03


Tree=21
num_leaves=15
num_cat=4
split_feature=37 24 25 35 1 25 37 37 23 38 38 24 22 23
split_gain=16.3941 3.46168 2.09185 1.99294 1.62938 1.36646 1.18398 0.836785 0.779215 0.732134 0.87284 0.711196 0.742843 0.928493
threshold=0 1.0000000180025095e-35 0.34891304347826091 1 3.5000000000000004 0.53518821603927991 2 3 129.50000000000003 1.7446931160039603 1.0450117103134211 583.68516666666449 1891.5441250000001 92.500000000000014
decision_type=9 10 10 1 2 8 9 9 2 2 2 10 2 2
left_child=1 2 -1 5 8 7 -5 -2 -3 10 -6 12 -12 -14
right_child=3 4 -4 6 9 -7 -8 -9 -10 -11 11 -13 13 -15
leaf_value=0.0080451239843060754 -0.0012648246730118989 0.00214372874422343 0.0025313005891298324 -0.0029659945208408791 -0.0013291551159489729 -0.0016968794621447362 -0.0013767673708750176 0.00035539851787300434 0.0053001616196706892 0.00025521715847558223 0.0011472123338128332 -0.00035095301728591601 0.0045328302696186432 0.0018288657393593999
leaf_weight=107 365 184 147 556 109 611 2080 1211 114 815 1348 188 139 643
leaf_count=107 365 184 147 556 109 611 2080 1211 114 815 1348 188 139 643
internal_value=-6.05228e-06 0.00146719 0.00485405 -0.0011656 0.00122833 -0.000490287 -0.00172192 -2.5614e-05 0.00335122 0.00103319 0.00129444 0.00141781 0.00157393 0.00230949
internal_weight=8617 3794 254 4823 3540 2187 2636 1576 298 3242 2427 2318 2130 782
internal_count=8617 3794 254 4823 3540 2187 2636 1576 298 3242 2427 2318 2130 782
cat_boundaries=0 1 2 3 4
cat_threshold=145759296 28 570425984 1677754372
is_linear=0
shrinkage=0.03


Tree=22
num_leaves=15
num_cat=2
split_feature=24 35 23 25 25 25 7 22 30 23 32 28 26 35
split_gain=6.19075 5.36107 2.32608 1.661 1.36343 1.33142 1.30049 1.12912 1.06491 1.0521 1.02636 0.977586 0.848988 0.732205
threshold=1.0000000180025095e-35 0 45.500000000000007 0.24195121951219514 0.34891304347826091 0.19000000000000003 1.5000000000000002 1229.9500000000003 67.750000000000014 37.500000000000007 29.500000000000004 12.929317129629633 1.0000000180025095e-35 1
decision_type=8 1 2 10 10 10 2 2 2 2 2 2 10 1
left_child=4 2 5 8 -1 -2 7 12 -3 -10 11 -9 13 -4
right_child=1 3 6 -5 -6 -7 -8 10 9 -11 -12 -13 -14 -15
leaf_value=0.0073350030748064021 0.00094437791315001083 0.0017515936815503195 0.00092633856093664074 -0.0015436275150846311 0.0028513454682328491 -0.00089285331330277238 0.0025500218905042549 0.0010023489976574759 -0.003209880464252949 0.00042503883336768978 -0.0013051841065175364 0.00274809498633626 0.00089483610209177111 -0.0011047591471119343
leaf_weight=102 477 248 209 2229 152 1388 376 1353 112 199 139 367 613 603
leaf_count=102 477 248 209 2229 152 1388 376 1353 112 199 139 367 613 603
internal_value=3.8262e-05 -0.000102705 0.000438571 -0.00117272 0.00465187 -0.000422956 0.000878771 0.000687422 0.00028528 -0.000884 0.00117445 0.00137484 5.20599e-05 -0.000584174
internal_weight=8567 8313 5525 2788 254 1865 3660 3284 559 311 1859 1720 1425 812
internal_count=8567 8313 5525 2788 254 1865 3660 3284 559 311 1859 1720 1425 812
cat_boundaries=0 1 2
cat_threshold=26 8
is_linear=0
shrinkage=0.03


Tree=23
num_leaves=15
num_cat=3
split_feature=27 24 25 36 38 35 23 38 38 1 29 35 31 24
split_gain=7.54752 5.71703 2.24679 2.23356 1.53838 1.41147 1.26921 1.1668 1.04709 1.04634 1.01745 0.829764 0.81429 0.799948
threshold=15.333049768518519 13.420333333333257 0.24195121951219514 0 1.1631210325998844 1 33.500000000000007 1.751802671679356 1.9090387393945429 1.0000000180025095e-35 1.5000000000000002 2 4.2896428047626047 86.438000000000699
decision_type=2 8 10 9 2 1 2 2 2 2 2 1 10 10
left_child=2 -2 6 -3 -5 10 11 -8 -7 -6 -4 -1 -11 -12
right_child=1 3 5 4 9 8 7 -9 -10 12 13 -13 -14 -15
leaf_value=0.00016661448192458253 0.0059595820936833143 -0.00079473602007138562 -0.00067825076498617839 -0.00097302359117180839 0.0034914388363667791 -0.0016859102062498751 0.0020960139441019224 -0.00041111732767576159 0.00034507129329583783 0.0010335971932118365 -0.00041190905073149633 -0.0023055257157384586 0.0031242802505561658 0.0030703396163880821
leaf_weight=328 203 650 1184 263 206 2446 458 263 252 1701 110 186 186 129
leaf_count=328 203 650 1184 263 206 2446 458 263 252 1701 110 186 186 129
internal_value=-6.36211e-05 0.0010869 -0.000752946 0.000757841 0.00118453 -0.00108931 0.00036946 0.00118148 -0.00149069 0.0014613 -0.000315621 -0.000769586 0.00123967 0.00146763
internal_weight=8565 3209 5356 3006 2356 4121 1235 721 2698 2093 1423 514 1887 239
internal_count=8565 3209 5356 3006 2356 4121 1235 721 2698 2093 1423 514 1887 239
cat_boundaries=0 1 2 3
cat_threshold=20 24 10
is_linear=0
shrinkage=0.03


Tree=24
num_leaves=15
num_cat=4
split_feature=37 37 38 23 37 1 2 37 33 22 22 32 38 38
split_gain=12.062 1.70835 3.31987 2.89743 1.64715 1.31565 1.02309 0.912904 0.84313 1.15558 1.09401 0.72719 0.770853 1.26561
threshold=0 1 1.5727816242986541 32.500000000000007 2 1.0000000180025095e-35 1.0000000180025095e-35 3 1.0000000180025095e-35 1619.2460000000001 3863.9765000000002 29.500000000000004 1.6672024527999298 1.2525543601075786
decision_type=9 9 2 2 9 2 2 9 2 2 2 2 2 2
left_child=1 2 -1 -4 -2 -3 7 -6 11 -10 -11 12 13 -7
right_child=4 5 3 -5 6 8 -8 -9 9 10 -12 -13 -14 -15
leaf_value=-0.00092491812282241874 -0.002544770839289058 0.002845416355459649 0.0013640424484120948 0.0071046262223639391 -0.00010096499872425044 -0.00047410118189951622 -0.0018380361340521094 -0.0011070589017976493 0.00062647674231591083 0.0052087231526935568 0.0010672738835086474 -0.0013245875449501908 -5.0352398254432011e-05 0.0015274346556653014
leaf_weight=140 605 296 140 182 1549 371 788 1718 309 133 101 177 872 1217
leaf_count=140 605 296 140 182 1549 371 788 1718 309 133 101 177 872 1217
internal_value=-5.67891e-05 0.00116402 0.00286974 0.00460872 -0.00108861 0.000929724 -0.000865627 -0.000633732 0.000754331 0.00183082 0.00342117 0.000532665 0.000666296 0.00105982
internal_weight=8598 3938 462 322 4660 3476 4055 3267 3180 543 234 2637 2460 1588
internal_count=8598 3938 462 322 4660 3476 4055 3267 3180 543 234 2637 2460 1588
cat_boundaries=0 1 2 3 4
cat_threshold=163060993 136314880 570687492 2415927402
is_linear=0
shrinkage=0.03


Tree=25
num_leaves=15
num_cat=3
split_feature=37 24 37 23 27 31 23 38 35 30 38 31 1 23
split_gain=14.5647 2.86143 1.71372 1.59314 1.36681 1.3644 1.24046 1.19135 1.1299 1.06246 0.94007 0.924334 1.1882 1.43388
threshold=0 1.0000000180025095e-35 1 18.500000000000004 17.003738425925928 0.73226861167002022 15.500000000000002 1.0126535544182247 2 32.165000000000006 0.86209474721110635 7.7898305084745774 1.0000000180025095e-35 114.50000000000001
decision_type=9 10 9 2 2 8 2 2 1 2 2 10 2 2
left_child=1 4 3 6 -1 9 -2 -7 -5 -3 -4 12 13 -9
right_child=2 5 10 8 -6 7 -8 11 -10 -11 -12 -13 -14 -15
leaf_value=0.0019544191484932197 6.3261245668400082e-05 0.0045709087383800319 -0.0042131382409038116 0.00083039787283026181 0.0064373895620329956 -0.0022279545816692335 0.004035992550691714 0.00068309002737805709 -0.0011968456234770859 0.0010850876928633262 -0.0015267937991907433 0.0038044489957480077 0.00079090957343974113 0.0051823543131307472
leaf_weight=110 192 175 123 297 138 103 112 128 1360 143 2504 106 3004 127
leaf_count=110 192 175 123 297 138 103 112 128 1360 143 2504 106 3004 127
internal_value=1.06501e-05 0.00132386 -0.00114438 -0.000467057 0.00444898 0.00112265 0.0015269 0.000950196 -0.000835695 0.00300339 -0.00164631 0.00104748 0.000957805 0.0029239
internal_weight=8622 4034 4588 1961 248 3786 304 3468 1657 318 2627 3365 3259 255
internal_count=8622 4034 4588 1961 248 3786 304 3468 1657 318 2627 3365 3259 255
cat_boundaries=0 1 2 3
cat_threshold=163060802 2415943936 6
is_linear=0
shrinkage=0.03


Tree=26
num_leaves=15
num_cat=3
split_feature=37 37 38 0 27 38 27 37 24 24 1 1 31 25
split_gain=13.0351 4.48431 3.76337 2.12313 1.67877 1.3834 1.07415 0.991065 0.684981 0.886848 0.935742 0.663173 0.715462 0.643304
threshold=0 1 1.5996014894837869 6.5000000000000009 17.003738425925928 1.1631210325998844 27.165231481481488 2 182.81433333333351 77.847333333332799 20.500000000000004 14.500000000000002 1.2508030341587599 0.24695121951219515
decision_type=9 9 2 2 2 2 2 9 10 10 2 2 10 10
left_child=1 5 -3 -4 -5 -1 8 -2 9 13 -11 -10 -13 -7
right_child=7 2 3 4 -6 6 -8 -9 11 10 -12 12 -14 -15
leaf_value=-0.00097523795693751567 -0.0024543621735380718 0.00036578825907781717 0.0089606333086015393 0.0010783563415040667 0.0063302585863484404 0.00074569461338554145 0.0014153078715879333 -0.0011482902251853569 0.0015041946976690284 0.0038942106442673386 0.00091187230283112236 0.0011522768750437536 -0.0016712480204645543 -0.00078819768575862917
leaf_weight=428 645 200 111 103 117 802 1596 3233 118 139 297 105 350 355
leaf_count=428 645 200 111 103 117 802 1596 3233 118 139 297 105 350 355
internal_value=-8.45073e-05 0.000973332 0.00354806 0.00557807 0.00387141 0.000639365 0.000824757 -0.00137127 0.000389615 0.000709578 0.00186266 -0.000499918 -0.00101967 0.000275054
internal_weight=8599 4721 531 331 220 4190 3762 3878 2166 1593 436 573 455 1157
internal_count=8599 4721 531 331 220 4190 3762 3878 2166 1593 436 573 455 1157
cat_boundaries=0 1 2 3
cat_threshold=2310020162 2156926978 570425860
is_linear=0
shrinkage=0.03


Tree=27
num_leaves=15
num_cat=4
split_feature=37 37 38 38 27 30 1 38 1 35 37 27 21 1
split_gain=11.8045 2.73391 4.59465 1.27502 1.30031 1.45352 1.19784 1.12925 1.03488 0.745471 0.749766 0.700433 0.689735 0.816614
threshold=0 1 1.5996014894837869 0.99992301308194964 29.165914351851857 309.12500000000006 44.500000000000007 0.86209474721110635 1.0000000180025095e-35 2 3 13.999994212962966 156.37500000000003 14.500000000000002
decision_type=9 9 2 2 2 2 2 2 2 1 9 2 2 2
left_child=1 2 -1 -3 12 8 -4 -2 -6 11 -11 -9 13 -5
right_child=7 3 6 4 5 -7 -8 9 -10 10 -12 -13 -14 -15
leaf_value=-0.00094261155536062781 -0.0041106420837585689 -0.0023629759873792125 0.0071123389801326783 0.0016526040890219005 0.0042511707735746829 0.0052181309850557753 0.0035101231606075025 -0.0018149343999622814 0.001089206133791475 -0.0013010795010951703 -0.00018434504826865647 0.00050520567176135954 -0.00049989207912605222 0.00046331107032448928
leaf_weight=161 115 111 159 702 105 102 174 1376 826 1051 1130 128 447 2000
leaf_count=161 115 111 159 702 105 102 174 1376 826 1051 1130 128 447 2000
internal_value=6.67488e-05 0.00105674 0.00315449 0.000808579 0.000894693 0.0018183 0.0052301 -0.00118005 0.00144582 -0.0010918 -0.000725969 -0.00160679 0.000591711 0.000772298
internal_weight=8587 4787 494 4293 4182 1033 333 3800 931 3685 2181 1504 3149 2702
internal_count=8587 4787 494 4293 4182 1033 333 3800 931 3685 2181 1504 3149 2702
cat_boundaries=0 1 2 3 4
cat_threshold=2310540354 136315904 1 1677770789
is_linear=0
shrinkage=0.03


Tree=28
num_leaves=15
num_cat=0
split_feature=27 24 27 38 25 30 29 38 25 31 1 1 38 27
split_gain=6.50691 2.83843 2.22969 2.11008 1.80102 0.908552 0.894383 1.07617 1.31849 1.01007 1.4241 0.73874 0.706438 0.648077
threshold=14.020572916666667 13.420333333333257 17.423611111111114 1.106773768162655 0.17000000000000001 40.250000000000007 1.5000000000000002 1.6827308558998098 0.4497297297297298 2.6050267885282072 25.500000000000004 64.500000000000014 1.5495464895386581 26.99399305555556
decision_type=2 8 2 2 10 2 2 2 8 10 2 2 2 2
left_child=4 2 -2 -3 12 -5 -6 11 9 10 -9 -8 -1 -7
right_child=1 3 -4 5 6 13 7 8 -10 -11 -12 -13 -14 -15
leaf_value=0.0021885690574067586 0.0015869743259068817 -0.0017479055821379109 0.0073457381593168905 0.0037433667113894922 -0.0011459159287761512 0.00027554288803829957 0.0021332194898854768 0.0016472301878314463 -0.0031314279413203428 0.0016341276859599689 -0.0022258156127904333 -0.00093393631316721439 -0.00011587866357769127 0.0012199176459425371
leaf_weight=236 141 284 106 102 3527 1056 241 125 169 196 270 100 243 1718
leaf_count=236 141 284 106 102 3527 1056 241 125 169 196 270 100 243 1718
internal_value=-5.42585e-05 0.000961145 0.00405835 0.000719054 -0.000731658 0.000962662 -0.000912904 -0.000166464 -0.000794722 -0.000126527 -0.00100017 0.00123376 0.00101951 0.000860415
internal_weight=8514 3407 247 3160 5107 2876 4628 1101 760 591 395 341 479 2774
internal_count=8514 3407 247 3160 5107 2876 4628 1101 760 591 395 341 479 2774
is_linear=0
shrinkage=0.03


Tree=29
num_leaves=15
num_cat=4
split_feature=37 1 37 35 37 38 32 38 24 38 25 1 28 23
split_gain=10.7793 1.42136 1.6686 4.40236 1.34478 1.03077 1.19061 1.0461 1.10005 1.01167 0.882022 0.846671 0.846596 0.838891
threshold=0 2.5000000000000004 1 2 3 1.7404660920600847 29.500000000000004 1.2525543601075786 16.207500000003495 1.6079303973233694 0.22290322580645164 85.500000000000014 17.322858796296298 134.50000000000003
decision_type=9 2 9 1 9 2 2 2 10 2 10 2 2 2
left_child=1 13 3 -3 -2 6 7 -4 -9 -5 11 -6 -10 -1
right_child=4 2 5 9 10 -7 -8 8 12 -11 -12 -13 -14 -15
leaf_value=0.0020830741567537188 -0.0018936789733734892 0.0061023601555265485 -2.5017825622275907e-05 -0.0022437831854447724 -0.00012141647752209395 -0.00016524545304799596 -0.0011164646616467508 -0.0013036317981194234 0.0015798257253284763 0.0016073887481547471 -0.00087008666923641515 0.0028702789323185296 0.0036956818078971014 0.005374096286434699
leaf_weight=225 1022 190 425 100 515 780 200 107 1387 159 3064 102 194 101
leaf_count=225 1022 190 425 100 515 780 200 107 1387 159 3064 102 194 101
internal_value=3.25558e-05 0.00120398 0.00103262 0.00272695 -0.000931463 0.000775338 0.00109588 0.00130528 0.00164022 0.000115972 -0.000659904 0.000373159 0.00183946 0.00310269
internal_weight=8571 3868 3542 449 4703 3093 2313 2113 1688 259 3681 617 1581 326
internal_count=8571 3868 3542 449 4703 3093 2313 2113 1688 259 3681 617 1581 326
cat_boundaries=0 1 2 3 4
cat_threshold=163055680 136314880 26 637895168
is_linear=0
shrinkage=0.03


Tree=30
num_leaves=15
num_cat=3
split_feature=37 38 30 27 0 35 37 38 38 38 23 38 38 21
split_gain=9.35469 1.93585 1.23405 3.45893 1.09386 1.06545 1.71224 0.971664 1.07684 0.969834 0.758736 0.747856 0.830349 0.803472
threshold=0 1.249605488825092 44.500000000000007 17.003738425925928 13.500000000000002 1 2 1.400545796532952 1.3223153682705904 0.86209474721110635 24.500000000000004 1.9090387393945429 1.7404660920600847 47.500000000000007
decision_type=9 2 2 2 2 1 9 2 2 2 2 2 2 2
left_child=1 -1 3 4 -3 10 7 8 -7 -2 -4 12 -11 -13
right_child=9 2 5 -5 -6 6 -8 -9 -10 11 -12 13 -14 -15
leaf_value=-0.00052222290492511675 -0.0038163778821195837 0.0020991851446881503 -0.0027278791782129738 0.0068549813782691109 -0.0012294926804244197 0.00059741020364941898 0.003845245050746301 0.00064106884800222775 0.0033173831928162817 -0.00097954340603219336 0.00021525913003383069 0.0021229275422625835 -0.0022521097935882385 -0.00090178848972879728
leaf_weight=759 118 327 103 124 122 241 186 2173 287 2840 336 132 551 197
leaf_count=759 118 327 103 124 122 241 186 2173 287 2840 336 132 551 197
internal_value=-4.07671e-05 0.000862086 0.00113377 0.00241964 0.00119473 0.000912246 0.00111936 0.000918151 0.00207588 -0.0011358 -0.000464687 -0.00105383 -0.00118632 0.000311775
internal_weight=8496 4658 3899 573 449 3326 2887 2701 528 3838 439 3720 3391 329
internal_count=8496 4658 3899 573 449 3326 2887 2701 528 3838 439 3720 3391 329
cat_boundaries=0 1 2 3
cat_threshold=2310552576 1 2155874304
is_linear=0
shrinkage=0.03


Tree=31
num_leaves=15
num_cat=3
split_feature=27 38 35 24 23 25 31 17 38 36 38 35 38 26
split_gain=4.89058 2.21962 1.38196 1.2164 1.03987 0.984454 0.950328 1.58292 0.981743 0.929563 0.924442 0.823418 0.662768 0.81167
threshold=13.999994212962966 1.2074333109433419 0 1.0000000180025095e-35 45.500000000000007 0.24195121951219514 1.3336077947028957 1.0000000180025095e-35 1.6311989265759981 1 1.9221461371088242 2 1.4664055639786764 0.086031452358926938
decision_type=2 2 1 8 2 10 8 2 2 9 2 1 2 8
left_child=2 -2 12 11 -5 9 7 8 -6 -4 -7 -3 -1 -14
right_child=1 3 5 4 6 10 -8 -9 -10 -11 -12 -13 13 -15
leaf_value=-0.0006261236469232125 -0.00088389036975154581 0.00097736577415542488 -0.00081751720428386058 -0.00010491168324312589 0.0062022263663397588 -0.0016661271873487937 0.0010287076301492728 -0.00019863263703882693 0.002316227632071823 0.0020998396630117593 0.00097888819028298709 0.0050783085352179179 0.00054491732015672818 -0.0020303663368286826
leaf_weight=1351 570 100 300 609 110 1677 1895 112 125 134 128 106 1228 121
leaf_count=1351 570 100 300 609 110 1677 1895 112 125 134 128 106 1228 121
internal_value=-1.68657e-06 0.000834798 -0.000615967 0.00115526 0.000994401 -0.0011649 0.00129301 0.00273639 0.00413521 0.00011278 -0.00147856 0.00338152 -0.00015587 0.000313924
internal_weight=8566 3627 4939 3057 2851 2239 2242 347 235 434 1805 206 2700 1349
internal_count=8566 3627 4939 3057 2851 2239 2242 347 235 434 1805 206 2700 1349
cat_boundaries=0 1 2 3
cat_threshold=26 17 1
is_linear=0
shrinkage=0.03


Tree=32
num_leaves=15
num_cat=3
split_feature=37 23 38 23 33 37 0 27 28 38 1 23 38 35
split_gain=9.84366 2.07447 2.12471 1.40222 1.3752 1.31803 1.28 1.2405 1.2391 1.15107 1.34599 1.02817 0.946209 0.895837
threshold=0 57.500000000000007 1.6590352575833585 22.500000000000004 1.0000000180025095e-35 1 11.500000000000002 17.003738425925928 9.0120312500000015 1.3000544409711743 3.5000000000000004 95.500000000000014 1.7640522733386785 2
decision_type=9 2 2 2 2 9 2 2 2 2 2 2 2 1
left_child=1 2 3 -1 9 -2 13 -4 -6 -3 -11 -8 -12 -7
right_child=5 4 7 -5 8 6 11 -9 -10 10 12 -13 -14 -15
leaf_value=-0.0019444075683946723 -0.0016162962025034087 -0.00063387397638714493 0.002385079020877247 0.0029966795251696048 0.0016317313199126441 0.00057658904940700504 -0.0010310455825107557 0.0061748556012099377 0.0053242834059908841 0.0034007116200988207 0.0011317349732453662 -0.0038566310159402276 -0.00031444696834955843 -0.00058492569413551786
leaf_weight=100 1356 501 138 107 430 828 435 178 101 186 1485 158 561 2085
leaf_count=100 1356 501 138 107 430 828 435 178 101 186 1485 158 561 2085
internal_value=6.99617e-05 0.00121492 0.00297222 0.000609681 0.000937065 -0.00082265 -0.000511971 0.00451983 0.00233408 0.000665636 0.000957327 -0.0017839 0.000735201 -0.000254802
internal_weight=8649 3787 523 207 3264 4862 3506 316 531 2733 2232 593 2046 2913
internal_count=8649 3787 523 207 3264 4862 3506 316 531 2733 2232 593 2046 2913
cat_boundaries=0 1 2 3
cat_threshold=145754192 1711636868 12
is_linear=0
shrinkage=0.03


Tree=33
num_leaves=15
num_cat=1
split_feature=27 38 38 35 21 23 30 38 26 23 27 1 33 1
split_gain=4.1371 2.492 1.54622 1.54576 1.3403 0.963264 1.13899 0.937201 1.05567 1.04326 1.58388 0.848512 0.791439 1.25919
threshold=13.999994212962966 2.0928937732388158 0.99992301308194964 0 21.500000000000004 37.500000000000007 47.050000000000004 1.4734066723957471 0.054093567251461992 88.500000000000014 13.999473379629633 40.500000000000007 1.0000000180025095e-35 50.500000000000007
decision_type=2 2 2 1 2 2 2 2 8 2 2 2 2 2
left_child=3 2 -2 7 11 -6 -7 -1 9 -9 -11 -4 13 -8
right_child=1 -3 4 -5 5 6 12 8 -10 10 -12 -13 -14 -15
leaf_value=-0.0006647719669170167 -0.0027784711166339762 0.0049968018338178138 0.0047839260899342814 -0.0011790402696592016 -0.00043613535659258357 0.0033734347944020457 0.00098695380578292242 0.00032449016325011365 -0.00076881335515234452 0.004835973393637687 0.00042552488423403234 0.0010096797662417349 0.0019306281232025382 -0.00057725944114679509
leaf_weight=1355 119 119 113 2253 702 148 1292 592 425 139 155 102 373 722
leaf_count=1355 119 119 113 2253 702 148 1292 592 425 139 155 102 373 722
internal_value=-3.3254e-05 0.000726054 0.000583736 -0.000602851 0.000699641 0.000547293 0.000819627 -0.000111083 0.000460343 0.00104995 0.00251074 0.00299335 0.000661285 0.000426198
internal_weight=8609 3690 3571 4919 3452 3237 2535 2666 1311 886 294 215 2387 2014
internal_count=8609 3690 3571 4919 3452 3237 2535 2666 1311 886 294 215 2387 2014
cat_boundaries=0 1
cat_threshold=26
is_linear=0
shrinkage=0.03


Tree=34
num_leaves=15
num_cat=2
split_feature=27 38 35 23 31 38 35 27 27 22 25 31 30 1
split_gain=3.55229 3.10515 1.57559 1.42938 1.32865 0.99311 0.860655 0.818117 1.00429 1.47768 0.876302 0.792657 0.969306 0.808421
threshold=13.999994212962966 2.0928937732388158 0 13.500000000000002 0.40720431576072119 0.99992301308194964 1 16.020740740740745 21.280138888888892 3841.1500000000005 0.19000000000000003 1.6316860465116281 170.12500000000003 8.5000000000000018
decision_type=2 2 1 2 10 2 1 2 2 2 10 10 2 2
left_child=2 3 -1 -2 -5 -6 -7 10 9 -9 -8 -10 -13 -14
right_child=1 -3 -4 4 5 6 7 8 11 -11 -12 12 13 -15
leaf_value=-2.991306854858826e-05 -0.0017651653908193109 0.0055161459170855005 -0.0011114469483265808 0.0037653448031193058 -0.0022813359485673052 0.0021712979350947078 0.00097633761727679367 0.0039898948461923279 -0.00068889678216450139 0.00019675637804903091 -0.0021381589405587874 0.0034571085084305216 0.002491578528830825 0.00030857825813795464
leaf_weight=2641 225 117 2240 123 105 307 137 190 436 180 200 111 172 1359
leaf_count=2641 225 117 2240 123 105 307 137 190 436 180 200 111 172 1359
internal_value=1.28553e-06 0.000707547 -0.000528592 0.000548843 0.000705666 0.000587949 0.000685386 0.000511954 0.000704569 0.00214458 -0.000872028 0.000448166 0.00075009 0.000553827
internal_weight=8543 3662 4881 3545 3320 3197 3092 2785 2448 370 337 2078 1642 1531
internal_count=8543 3662 4881 3545 3320 3197 3092 2785 2448 370 337 2078 1642 1531
cat_boundaries=0 1 2
cat_threshold=26 18
is_linear=0
shrinkage=0.03


Tree=35
num_leaves=15
num_cat=5
split_feature=37 1 37 35 23 32 33 32 35 25 37 1 24 28
split_gain=8.15928 1.47243 1.48579 2.59583 1.26268 1.25406 1.12441 1.17284 1.10715 0.886585 0.80227 0.799488 0.804614 0.743285
threshold=0 1.0000000180025095e-35 1 2 126.50000000000001 7.5000000000000009 1.0000000180025095e-35 30.500000000000004 3 0.53518821603927991 4 54.500000000000007 222.97766666668005 0.53105902777777791
decision_type=9 2 9 1 2 2 2 2 1 8 9 2 10 2
left_child=1 4 3 5 -1 -3 7 11 9 -2 -10 12 -4 -13
right_child=8 2 6 -5 -6 -7 -8 -9 10 -11 -12 13 -14 -15
leaf_value=0.0015305466722633878 8.073456845006064e-05 0.002074179351796468 0.0003717334250115069 0.005043118187090064 0.0055897586348886905 -0.0021152943910976102 0.0019300357626351992 -0.0022267854415743689 -0.002445246134829872 -0.0012572010868768157 -0.00098248312235932941 -0.001178354719073161 0.0016800073647967957 0.0006560884782939088
leaf_weight=177 1542 174 1016 195 113 102 521 144 415 627 2033 385 725 411
leaf_count=177 1542 174 1016 195 113 102 521 144 415 627 2033 385 725 411
internal_value=5.4532e-05 0.00105162 0.000891792 0.00245112 0.00311224 0.000507508 0.000652728 0.000406943 -0.000801862 -0.000304622 -0.0012394 0.000556434 0.000916534 -0.000231174
internal_weight=8580 3963 3673 471 290 276 3202 2681 4617 2169 2448 2537 1741 796
internal_count=8580 3963 3673 471 290 276 3202 2681 4617 2169 2448 2537 1741 796
cat_boundaries=0 1 2 3 4 5
cat_threshold=162016578 136315904 5 28 570425344
is_linear=0
shrinkage=0.03


Tree=36
num_leaves=15
num_cat=5
split_feature=37 37 38 31 25 35 38 38 23 30 35 24 21 37
split_gain=7.82492 2.31544 3.18285 1.84559 2.59234 1.19598 1.01999 1.05014 1.00915 0.871102 0.768851 0.783299 1.25077 0.776561
threshold=0 1 1.6035128058913037 2.9223675178226967 0.34891304347826091 2 1.0126535544182247 1.6707306250190983 58.500000000000007 265.77500000000003 3 22.589500000000992 34.833333333333336 4
decision_type=9 9 2 8 10 1 2 2 2 2 1 10 2 9
left_child=1 2 -1 4 -4 -2 -3 10 -9 -10 13 -12 -13 -8
right_child=5 6 3 -5 -6 -7 7 8 9 -11 11 12 -14 -15
leaf_value=-0.00059640626913348498 -0.00025644490155179257 -0.0021979374267781775 0.0067208137444686143 0.0079826548397955981 0.00026310502536829527 -0.0012588086754679339 -0.0011578209353278258 0.0027758327227325069 -0.00058361199286580654 0.0020224376304329118 -0.00072968591961940319 0.004603970252691993 0.0013753463430531735 0.0012432075618417002
leaf_weight=156 1768 108 100 101 127 2783 235 109 920 132 141 116 1564 230
leaf_count=156 1768 108 100 101 127 2783 235 109 920 132 141 116 1564 230
internal_value=-1.8738e-05 0.000941183 0.00287187 0.00460898 0.00310791 -0.00087082 0.000671009 0.000762844 2.80831e-05 -0.000256617 0.00113601 0.00141028 0.00159828 3.09551e-05
internal_weight=8590 4039 484 328 227 4551 3555 3447 1161 1052 2286 1821 1680 465
internal_count=8590 4039 484 328 227 4551 3555 3447 1161 1052 2286 1821 1680 465
cat_boundaries=0 1 2 3 4 5
cat_threshold=163065154 136315904 24 1 2050
is_linear=0
shrinkage=0.03


Tree=37
num_leaves=15
num_cat=3
split_feature=37 30 27 13 38 31 35 23 5 37 1 38 24 13
split_gain=8.72146 2.27656 3.59685 1.23543 1.19055 1.18642 1.14936 1.22576 1.01142 0.999376 0.86336 0.803451 0.828096 0.724047
threshold=0 40.250000000000007 17.003738425925928 1.0000000180025095e-35 1.1631210325998844 7.7898305084745774 1 57.500000000000007 0.36600000000000005 2 104.50000000000001 1.6672024527999298 533.18250000001296 0.50000000000000011
decision_type=9 2 2 2 2 8 1 2 2 9 2 2 10 2
left_child=1 2 3 -1 -3 6 7 -6 -8 10 -2 12 -9 -13
right_child=9 4 -4 -5 5 -7 8 11 -10 -11 -12 13 -14 -15
leaf_value=0.0033237269849759402 -0.00033158905314866215 -0.0010822900333914084 0.0075072170825315112 -7.0405444680836994e-05 0.0041298575121431775 0.0039611141763529496 -0.00095602353747658588 0.0017474050729060762 0.0023383348198224079 -0.0010874223040156599 0.0024634343544272957 0.00081904708282557804 -0.00041994783208634622 -0.0010666518467918448
leaf_weight=184 957 281 119 203 117 114 472 1152 102 3679 111 658 184 254
leaf_count=184 957 281 119 203 117 114 472 1152 102 3679 111 658 184 254
internal_value=6.62507e-06 0.00106812 0.00294591 0.00154334 0.000786337 0.000958327 0.000841852 0.00113134 -0.000364269 -0.00085251 -4.07138e-05 0.000980313 0.00144891 0.000293863
internal_weight=8587 3840 506 387 3334 3053 2939 2365 574 4747 1068 2248 1336 912
internal_count=8587 3840 506 387 3334 3053 2939 2365 574 4747 1068 2248 1336 912
cat_boundaries=0 1 2 3
cat_threshold=162008130 26 2148544521
is_linear=0
shrinkage=0.03


Tree=38
num_leaves=15
num_cat=4
split_feature=37 37 38 1 37 0 38 36 24 23 38 24 38 31
split_gain=6.39088 1.62571 2.7562 1.48921 0.855637 0.855679 0.802354 0.787459 0.931774 0.614279 0.614106 0.886027 0.766981 0.620869
threshold=0 1 1.6526597798703981 44.500000000000007 2 11.500000000000002 1.0126535544182247 3 182.81433333333351 38.500000000000007 1.492905217101079 27.198500000000063 1.7404660920600847 2.8525735171920967
decision_type=9 9 2 2 9 2 2 9 10 2 2 10 2 10
left_child=1 2 -1 -4 -2 10 -3 8 -8 -7 13 12 -12 -6
right_child=4 6 3 -5 5 9 7 -9 -10 -11 11 -13 -14 -15
leaf_value=-0.00044895087714984775 -0.0018857455536287358 -0.0018025780276188419 0.00659383607616778 0.0022617917859315637 -0.00068110948541575929 1.5371327957554349e-05 0.00017167916074146462 0.000778497663755055 -0.002509533645448632 -0.0026472901873547303 0.00031207229300801237 0.00065807046624831857 -0.0023859228352354706 -0.0024204955514909518
leaf_weight=191 773 135 129 160 1179 103 949 3243 133 321 175 675 207 219
leaf_count=191 773 135 129 160 1179 103 949 3243 133 321 175 675 207 219
internal_value=-4.74774e-05 0.000655556 0.00229947 0.00419547 -0.000997523 -0.000753337 0.000473884 0.000546037 -0.000156451 -0.00200046 -0.000541015 4.65865e-06 -0.00114993 -0.000953588
internal_weight=8592 4940 480 289 3652 2879 4460 4325 1082 424 2455 1057 382 1398
internal_count=8592 4940 480 289 3652 2879 4460 4325 1082 424 2455 1057 382 1398
cat_boundaries=0 1 2 3 4
cat_threshold=2310548834 136314880 570425477 5
is_linear=0
shrinkage=0.03


Tree=39
num_leaves=15
num_cat=4
split_feature=37 37 38 23 36 24 24 37 31 38 1 23 28 21
split_gain=6.60126 1.54862 2.90501 1.58049 0.968983 0.768037 1.69549 0.705325 0.662317 0.603218 0.67203 1.31316 0.533981 1.24784
threshold=0 1 1.6035128058913037 34.500000000000007 2 120.45833333333286 76.783333333333445 3 0.40720431576072119 1.0221036258257128 1.0000000180025095e-35 114.50000000000001 6.5698668981481489 61.583333333333336
decision_type=9 9 2 2 9 10 10 9 10 2 2 2 2 2
left_child=1 2 -1 -4 5 6 -3 -2 -6 -10 11 -11 -12 -14
right_child=7 4 3 -5 8 -7 -8 -9 9 10 12 -13 13 -15
leaf_value=-0.001067044125625398 -0.0019413609497816572 -0.00029941446965520239 0.0016478179990033275 0.0058380894100416329 0.0030533084707415623 -0.0016590315956850662 0.003799815765702918 -0.000765118695477383 -0.0015226559768603534 -2.5998087562785477e-05 0.00035866686631921591 0.0044115562960359966 0.003485546293488359 0.00072622636077650628
leaf_weight=150 539 716 146 182 115 257 104 3326 103 113 1717 128 181 797
leaf_count=150 539 716 146 182 115 257 104 3326 103 113 1717 128 181 797
internal_value=-1.62353e-05 0.000737241 0.00234233 0.00397291 0.00055081 -0.000225916 0.000220488 -0.00093374 0.000815915 0.000733934 0.000813099 0.00233088 0.000677372 0.0012369
internal_weight=8574 4709 478 328 4231 1077 820 3865 3154 3039 2936 241 2695 978
internal_count=8574 4709 478 328 4231 1077 820 3865 3154 3039 2936 241 2695 978
cat_boundaries=0 1 2 3 4
cat_threshold=2310548544 136314880 5 570425856
is_linear=0
shrinkage=0.03


Tree=40
num_leaves=15
num_cat=4
split_feature=37 30 27 35 23 35 22 31 37 23 32 25 24 32
split_gain=6.37281 1.60707 2.19949 0.997469 1.53154 0.864819 0.821648 0.765848 0.742462 0.715304 0.683493 0.758933 0.69896 0.71186
threshold=0 44.500000000000007 17.003738425925928 1 57.500000000000007 2 494.05000000000001 1.302478580171359 3 96.500000000000014 3.5000000000000004 0.33666666666666673 76.205833333332421 29.500000000000004
decision_type=9 2 2 1 2 1 2 8 9 2 2 10 10 2
left_child=1 2 6 4 -3 8 -1 -5 -2 -10 -6 -12 -13 -14
right_child=5 3 -4 7 10 -7 -8 -9 9 -11 11 12 13 -15
leaf_value=0.00040382806579950019 0.00021618176824240518 0.0041250113140046596 0.0058363134338791792 0.0012218190799467266 -0.00082492573266572118 -0.0012232691156612756 0.0031529468452032878 -0.0010909773146464113 -0.00062279184646401057 -0.0029506891571136925 0.0025906157183209939 -0.0011984662705544905 0.0010757295707081258 -0.00066777490699314508
leaf_weight=285 1060 125 127 179 233 2054 149 460 1502 129 212 160 1730 240
leaf_count=285 1060 125 127 179 233 2054 149 460 1502 129 212 160 1730 240
internal_value=-2.14016e-05 0.000875849 0.0023638 0.000628475 0.000878827 -0.000759114 0.00134765 -0.000436277 -0.000401613 -0.000801994 0.000724658 0.000878822 0.000708447 0.000863323
internal_weight=8645 3900 561 3339 2700 4745 434 639 2691 1631 2575 2342 2130 1970
internal_count=8645 3900 561 3339 2700 4745 434 639 2691 1631 2575 2342 2130 1970
cat_boundaries=0 1 2 3 4
cat_threshold=162008130 26 26 2415952136
is_linear=0
shrinkage=0.03


Tree=41
num_leaves=15
num_cat=4
split_feature=37 37 38 35 37 25 25 31 1 28 21 27 38 28
split_gain=5.42047 1.69723 3.12311 1.24955 1.07879 0.751236 0.745836 0.820684 0.663827 0.766553 0.717934 0.606024 0.585794 0.649426
threshold=0 1 1.5919057552441671 2 3 0.28285714285714292 0.65500000000000014 0.40720431576072119 20.500000000000004 2.6342824074074076 125.83333333333336 13.999334490740742 1.0221036258257128 0.783269675925926
decision_type=9 9 2 1 9 10 10 8 2 2 2 2 2 2
left_child=1 2 -1 -4 -2 8 7 -3 9 10 -6 -7 -9 -14
right_child=4 6 3 -5 5 11 -8 12 -10 -11 -12 -13 13 -15
leaf_value=-0.001065379451582586 -0.0016911520258955923 0.0031693916880332004 0.0063167166428205459 0.0020687770971695003 0.0037400072431191798 3.1396419312248167e-05 0.0027658577298789698 -0.0018141838228877853 -0.00033533990949203044 -0.00066911068478328801 0.00042202469379266845 -0.00099363373871689956 0.0001050286606138945 0.00097875881267234103
leaf_weight=143 795 101 142 166 130 690 137 102 717 124 107 2096 1709 1387
leaf_count=143 795 101 142 166 130 690 137 102 717 124 107 2096 1709 1387
internal_value=9.93703e-07 0.000827024 0.00254207 0.0042995 -0.00068846 -0.000478328 0.000595188 0.000506849 0.000192903 0.00124207 0.00224202 -0.000739768 0.00042276 0.000496458
internal_weight=8546 3887 451 308 4659 3864 3436 3299 1078 361 237 2786 3198 3096
internal_count=8546 3887 451 308 4659 3864 3436 3299 1078 361 237 2786 3198 3096
cat_boundaries=0 1 2 3 4
cat_threshold=162531602 136314880 26 1644233228
is_linear=0
shrinkage=0.03


Tree=42
num_leaves=15
num_cat=2
split_feature=37 30 27 35 30 23 22 30 22 31 1 31 32 1
split_gain=5.38736 1.33649 1.8963 0.914115 1.02908 0.907112 0.805202 0.894194 1.01174 1.6079 0.967479 1.24114 0.8022 0.783719
threshold=0 40.250000000000007 17.003738425925928 1 309.12500000000006 186.50000000000003 3841.1500000000005 253.72500000000002 1980.7027500000002 1.6012326489300175 62.500000000000007 2.2583927231807954 30.500000000000004 8.5000000000000018
decision_type=9 2 2 1 2 2 2 2 2 10 2 10 2 2
left_child=1 2 13 4 5 6 7 8 10 -10 11 -3 -6 -1
right_child=-2 3 -4 -5 12 -7 -8 -9 9 -11 -12 -13 -14 -15
leaf_value=0.0034257471195931707 -0.00084088962840951176 0.0013513499392449173 0.0051723323868650018 -0.0004526713013403809 0.0036202274771852325 -0.0017632834227668157 -0.00012668326720643696 -0.00023305949709192771 0.00048147925484558771 0.0041460044664706746 0.0026402078013877967 -0.00087928857843284133 0.00047273456101824877 0.00053615122937239554
leaf_weight=106 3845 529 130 782 181 149 867 437 193 244 215 390 122 416
leaf_count=106 3845 529 130 782 181 149 867 437 193 244 215 390 122 416
internal_value=-6.84556e-06 0.000667096 0.00193032 0.000468276 0.000684046 0.000519089 0.000637376 0.000967276 0.00130117 0.00252758 0.000828559 0.000404724 0.00235292 0.00112293
internal_weight=8606 4761 652 4109 3327 3024 2875 2008 1571 437 1134 919 303 522
internal_count=8606 4761 652 4109 3327 3024 2875 2008 1571 437 1134 919 303 522
cat_boundaries=0 1 2
cat_threshold=2310552656 26
is_linear=0
shrinkage=0.03


Tree=43
num_leaves=15
num_cat=5
split_feature=37 37 37 27 35 1 28 23 22 25 24 31 35 27
split_gain=4.94816 0.965453 0.913035 1.9335 0.879799 0.821884 0.92928 0.72916 1.08311 0.607412 0.564971 0.528167 0.493651 0.531772
threshold=0 1 2 17.423611111111114 3 3.5000000000000004 25.616458333333338 133.50000000000003 1262.2103750000003 0.45972972972972981 6.5023333333351196 2.6228785436617055 4 16.020740740740745
decision_type=9 9 9 2 1 2 2 2 2 10 10 8 1 2
left_child=2 9 3 4 -1 7 10 8 -4 12 -7 -11 -2 -14
right_child=1 -3 5 -5 -6 6 -8 -9 -10 11 -12 -13 13 -15
leaf_value=0.0031511218341100694 0.0010379956482403183 -0.0010879220889884291 0.0032408623208634944 0.0053712218995206054 -6.7789063282679157e-05 -0.0017448605185613857 0.0030787433010228604 0.0041723228590839568 -0.00081033749437342659 -0.0018173367114822296 0.00045613516694815369 -0.0002372131245986869 -0.00052946228765065142 0.00096143755374110428
leaf_weight=102 384 2251 114 120 248 109 119 101 124 330 2833 450 932 280
leaf_count=102 384 2251 114 120 248 109 119 101 124 330 2833 450 932 280
internal_value=1.85042e-05 -0.00064299 0.000808963 0.00204163 0.000958389 0.000633077 0.000479716 0.00203652 0.00113015 -0.000218673 0.000374589 -0.000905727 0.000115736 -0.000183516
internal_weight=8497 4627 3870 470 350 3400 3061 339 238 2376 2942 780 1596 1212
internal_count=8497 4627 3870 470 350 3400 3061 339 238 2376 2942 780 1596 1212
cat_boundaries=0 1 2 3 4 5
cat_threshold=163061056 2415976498 136315904 10 22
is_linear=0
shrinkage=0.03


Tree=44
num_leaves=15
num_cat=2
split_feature=37 38 32 1 31 38 37 0 25 30 31 27 24 1
split_gain=5.91898 1.2719 1.09816 1.33106 1.23028 0.9609 0.676468 0.66178 0.670954 0.624535 1.00067 0.615545 0.611606 0.576384
threshold=0 2.1192445318435138 1.5000000000000002 12.500000000000002 8.173220338983052 1.1460463583065057 1 12.500000000000002 0.43223443223443231 275.27500000000003 3.6569070953420728 28.241336805555559 215.06666666666862 33.500000000000007
decision_type=9 2 2 2 8 2 9 2 8 2 10 2 10 2
left_child=1 2 3 -1 5 12 -2 8 13 -7 11 -11 -4 -8
right_child=6 -3 4 -5 -6 9 7 -9 -10 10 -12 -13 -14 -15
leaf_value=0.0051376754987525761 -0.0013311373465552713 0.0040298863434206659 -0.0018613970368003636 0.00106433825290485 0.0034729122633634264 0.00080234133702384875 0.0012074081624276931 -0.001861055599736421 -0.00073173168283365041 -0.0020497481908413571 0.0014830932489431072 0.0006709756134360785 0.0007934739323059932 -0.0003434757113821737
leaf_weight=107 1350 107 239 222 129 3146 377 286 1434 249 186 107 116 504
leaf_count=107 1350 107 239 222 129 3146 377 286 1434 249 186 107 116 504
internal_value=6.58937e-05 0.000795542 0.000720422 0.0023891 0.000588831 0.000496809 -0.000785113 -0.000497696 -0.000331413 0.000640301 -0.000300254 -0.001232 -0.00099389 0.000320183
internal_weight=8559 4608 4501 329 4172 4043 3951 2601 2315 3688 542 356 355 881
internal_count=8559 4608 4501 329 4172 4043 3951 2601 2315 3688 542 356 355 881
cat_boundaries=0 1 2
cat_threshold=2310540288 1711374988
is_linear=0
shrinkage=0.03


Tree=45
num_leaves=15
num_cat=2
split_feature=37 30 27 37 25 13 2 38 31 31 28 27 28 38
split_gain=4.225 1.42658 2.83367 1.14051 0.727372 0.64807 0.646701 0.603758 1.21697 0.607087 0.594194 0.615934 0.59272 0.852306
threshold=0 40.250000000000007 17.003738425925928 1 0.63484848484848488 1.0000000180025095e-35 1.0000000180025095e-35 1.8919160521409377 2.6228785436617055 1.9937957151507582 0.93167824074074079 13.999623842592593 7.2364699074074084 1.4259038098912853
decision_type=9 2 2 9 10 2 2 2 10 10 2 2 2 2
left_child=1 2 5 6 -3 -1 7 9 -9 10 -2 -12 13 -11
right_child=3 4 -4 -5 -6 -7 -8 8 -10 12 11 -13 -14 -15
leaf_value=0.0024077669183678123 0.00054676379330497544 0.00040969708022405043 0.0061829942929726399 -0.0014083663556578646 0.0023352502818582924 0.00018563115535998495 -0.0011238739360455968 -0.00046268912361420943 0.0038019715447670517 -0.00031887620433487671 -0.00143255486548013 0.00032954677423138333 3.0182636813522962e-05 -0.0028289857650370506
leaf_weight=197 1015 3162 122 1112 187 295 700 145 103 242 370 345 355 245
leaf_count=197 1015 3162 122 1112 187 295 700 145 103 242 370 345 355 245
internal_value=4.09824e-05 0.000759016 0.00209026 -0.000573746 0.000517215 0.00107539 -0.000306838 -0.000105116 0.00130852 -0.000241423 8.01235e-05 -0.00058231 -0.000902084 -0.00158166
internal_weight=8595 3963 614 4632 3349 492 3520 2820 248 2572 1730 715 842 487
internal_count=8595 3963 614 4632 3349 492 3520 2820 248 2572 1730 715 842 487
cat_boundaries=0 1 2
cat_threshold=162544992 3494428698
is_linear=0
shrinkage=0.03


Tree=46
num_leaves=15
num_cat=1
split_feature=36 38 38 21 25 1 1 38 31 5 38 2 24 24
split_gain=1.89053 1.1923 0.915999 0.872757 1.7175 1.46483 1.00967 1.14001 1.02551 0.833523 0.826 1.0321 0.804982 0.530882
threshold=0 2.0753355868670531 0.97146067725200058 120.70833333333334 0.24695121951219515 18.500000000000004 2.5000000000000004 1.6707306250190983 2.5201640784751711 0.43650000000000005 1.492905217101079 1.0000000180025095e-35 328.26683333333648 362.38183333334752
decision_type=9 2 2 2 10 2 2 2 8 2 2 2 10 8
left_child=10 2 -2 4 5 -4 8 9 -6 13 -1 -12 -5 -8
right_child=1 -3 3 12 6 -7 7 -9 -10 -11 11 -13 -14 -15
leaf_value=-0.00093902845276293387 -0.0022207009889676755 0.0035248207138917804 0.0044921737270726056 -0.00083053768175868749 0.0035738581408086365 0.0011227301241903047 0.00054952231751824823 -0.0010149223853277893 -0.0003082968686241656 0.0020989110177166729 0.00027285334646987805 -0.0013473246498378574 0.0013280282606650624 -0.00074074484682352395
leaf_weight=2130 127 105 165 800 158 392 1119 618 100 247 1568 457 193 386
leaf_count=2130 127 105 165 800 158 392 1119 618 100 247 1568 457 193 386
internal_value=-6.68665e-05 0.000365455 0.000289246 0.000365542 0.000607647 0.00212086 0.000286924 9.29101e-05 0.00206915 0.000483687 -0.000525336 -9.27868e-05 -0.000410998 0.000218597
internal_weight=8565 4410 4305 4178 3185 557 2628 2370 258 1752 4155 2025 993 1505
internal_count=8565 4410 4305 4178 3185 557 2628 2370 258 1752 4155 2025 993 1505
cat_boundaries=0 1
cat_threshold=17
is_linear=0
shrinkage=0.03


Tree=47
num_leaves=15
num_cat=2
split_feature=36 38 35 27 27 38 1 32 38 24 38 1 0 1
split_gain=2.11445 1.2305 0.983263 1.85014 1.15781 1.00463 1.00148 1.43236 1.24093 0.898796 0.607764 0.657395 0.579312 0.669106
threshold=0 1.232532610885839 1 14.999583333333335 27.999803240740743 1.4063984530183327 31.500000000000004 2.5000000000000004 1.7846742758659311 17.324833333333959 0.89331056662645569 210.50000000000003 4.5000000000000009 12.500000000000002
decision_type=9 2 1 2 2 2 2 2 2 10 2 2 2 2
left_child=10 -2 3 -3 6 -6 7 -4 -9 -5 -1 -12 -7 -14
right_child=1 2 4 9 5 12 -8 8 -10 -11 11 -13 13 -15
leaf_value=-0.0027310443714865158 -0.00064581436702336784 0.00041239523932185522 0.0039501865832519576 0.005851398373858255 0.0027149136806182352 -0.001009890229544034 -0.00064273182792663926 -0.00030053252036608383 0.0030427723790926392 0.0021640348867096228 -0.00054424412771203099 0.001839240506883258 0.0031823862159470898 0.00062731595096702218
leaf_weight=111 824 364 109 107 284 154 1076 597 120 134 3905 107 109 600
leaf_count=111 824 364 109 107 284 154 1076 597 120 134 3905 107 109 600
internal_value=-5.04699e-05 0.000400519 0.00063757 0.00173365 0.000413039 0.0011672 -3.95869e-05 0.000746108 0.000259016 0.00380116 -0.000539952 -0.000480677 0.000657876 0.00102013
internal_weight=8601 4478 3654 605 3049 1147 1902 826 717 241 4123 4012 863 709
internal_count=8601 4478 3654 605 3049 1147 1902 826 717 241 4123 4012 863 709
cat_boundaries=0 1 2
cat_threshold=17 18
is_linear=0
shrinkage=0.03


Tree=48
num_leaves=15
num_cat=5
split_feature=37 30 30 35 24 36 23 37 32 13 0 36 17 25
split_gain=4.53763 1.48519 1.9303 1.00188 1.26184 0.928448 0.924095 0.702666 0.682019 0.924616 0.620605 0.676511 0.617741 0.867008
threshold=0 40.250000000000007 30.165000000000003 1 27.530000000000005 2 57.500000000000007 3 8.5000000000000018 1.0000000180025095e-35 11.500000000000002 4 1.0000000180025095e-35 0.43223443223443231
decision_type=9 2 2 1 10 9 2 9 2 2 2 9 2 10
left_child=1 2 -1 4 -3 6 -6 -2 9 -8 11 -9 13 -5
right_child=7 3 -4 12 5 -7 8 10 -10 -11 -12 -13 -14 -15
leaf_value=0.00094432039364736764 -0.0014267012532364557 0.002963685712007216 0.0049290739248897281 -9.8241736445660609e-05 0.0033127198182428099 -0.00050096806642171499 0.0018888471902844131 -0.00063866028531889198 0.00088011352055238025 -0.0012373614668840451 -0.0015088895378609004 0.0004778354523270472 0.00090281697361435935 -0.0025101405185950195
leaf_weight=372 1067 199 155 330 122 656 115 1719 1919 328 478 674 190 226
leaf_count=372 1067 199 155 330 122 656 115 1719 1919 328 478 674 190 226
internal_value=-2.19312e-05 0.000616118 0.00211631 0.000424089 0.000645142 0.000500257 0.000763614 -0.000768797 0.000635182 -0.000425817 -0.000520185 -0.000324866 -0.000566371 -0.00107862
internal_weight=8550 4612 527 4085 3339 3140 2484 3938 2362 443 2871 2393 746 556
internal_count=8550 4612 527 4085 3339 3140 2484 3938 2362 443 2871 2393 746 556
cat_boundaries=0 1 2 3 4 5
cat_threshold=2309503040 26 50 637797004 50
is_linear=0
shrinkage=0.03


Tree=49
num_leaves=15
num_cat=4
split_feature=37 31 38 30 24 30 30 31 37 24 37 2 36 29
split_gain=3.93863 1.51427 1.01542 0.832789 1.16554 0.670244 1.39666 0.741949 0.764988 1.70462 0.612321 0.626503 0.790115 0.592581
threshold=0 7.7898305084745774 2.0928937732388158 18.250000000000004 67.346666666667446 30.165000000000003 44.500000000000007 0.62923872590659724 1 28.082333333333086 2 1.0000000180025095e-35 3 2.5000000000000004
decision_type=9 8 2 2 10 2 2 10 9 10 9 2 9 2
left_child=1 2 3 4 -1 -5 -7 -8 -9 -10 11 12 -2 -14
right_child=10 -3 -4 5 -6 6 7 8 9 -11 -12 -13 13 -15
leaf_value=0.00051257076057060276 -0.00049514696818698449 0.0032817704150330503 0.0032265724945517086 -0.0013820576039742986 0.0046091784152783232 0.0026478786802573992 -0.0014451336884712224 -0.0018912094242350998 0.0035854870477068355 0.00032720100180238149 -0.0012160381945745544 -0.0011609386898624983 0.00017435286561117712 0.0023614174477783415
leaf_weight=164 1262 185 121 194 101 239 211 119 151 3361 1260 697 324 170
leaf_count=164 1262 185 121 194 101 239 211 119 151 3361 1260 697 324 170
internal_value=5.59246e-05 0.000618636 0.000514261 0.000441972 0.00207392 0.000340811 0.000422711 0.00028429 0.000384788 0.000465966 -0.000678334 -0.000398323 -9.78905e-05 0.000908594
internal_weight=8559 4846 4661 4540 265 4275 4081 3842 3631 3512 3713 2453 1756 494
internal_count=8559 4846 4661 4540 265 4275 4081 3842 3631 3512 3713 2453 1756 494
cat_boundaries=0 1 2 3 4
cat_threshold=2293775683 2097155 289423544 50
is_linear=0
shrinkage=0.03


Tree=50
num_leaves=15
num_cat=1
split_feature=35 24 31 38 27 30 22 31 27 21 10 38 24 31
split_gain=2.33381 1.87533 1.14012 1.02176 1.00891 0.958802 0.774691 0.727206 0.71638 0.769808 0.656272 0.67661 0.625755 0.784246
threshold=0 1.0000000180025095e-35 0.40720431576072119 1.9090387393945429 29.165914351851857 290.65000000000003 6402.0500000000002 2.0058608930058344 29.99902777777778 115.93333333333335 1.0000000180025095e-35 1.232532610885839 100.57766666666519 1.7149703331811961
decision_type=1 8 8 2 2 2 2 8 2 2 2 2 10 10
left_child=1 -1 -2 6 10 8 7 12 -6 -10 -3 -12 13 -4
right_child=2 4 3 -5 5 -7 -8 -9 9 -11 11 -13 -14 -15
leaf_value=0.0039863234096687407 0.0014733136124511896 -0.0016904882004973097 -0.0012494984304145763 0.00092498701747639907 0.002143344571554697 0.0034845737988750138 -0.0026112973318823752 -0.0014427356302558504 -0.00050343330957539696 0.0019035228457817406 -0.00068545701460353018 0.0003115191604481223 0.00070274357476996039 0.0012000736123525815
leaf_weight=124 201 183 663 259 238 135 258 1058 415 168 737 3631 351 143
leaf_count=124 201 183 663 259 238 135 258 1058 415 168 737 3631 351 143
internal_value=-2.01163e-05 0.000337226 -0.000704915 -0.000867753 0.000255672 0.00114163 -0.00105551 -0.000874293 0.000756374 0.000190166 6.95638e-05 0.000143302 -0.000354489 -0.000814897
internal_weight=8564 5631 2933 2732 5507 956 2473 2215 821 583 4551 4368 1157 806
internal_count=8564 5631 2933 2732 5507 956 2473 2215 821 583 4551 4368 1157 806
cat_boundaries=0 1
cat_threshold=26
is_linear=0
shrinkage=0.03


Tree=51
num_leaves=15
num_cat=3
split_feature=37 38 22 35 38 31 38 25 37 38 1 22 24 31
split_gain=3.04138 0.938429 1.22697 0.89891 0.877266 1.15873 0.724687 0.760381 1.05578 0.717269 0.682838 0.802865 0.667849 0.787353
threshold=0 2.0928937732388158 10236.604000000001 1 1.1631210325998844 8.173220338983052 1.7772362101009602 0.19000000000000003 2 1.4402276841121957 1.0000000180025095e-35 1745.6500000000003 26.866833333333421 2.3685450375054251
decision_type=9 2 2 1 2 8 2 8 9 2 2 2 10 10
left_child=1 2 4 -2 -1 10 7 9 -9 -5 11 -6 -8 -14
right_child=3 -3 -4 6 5 -7 12 8 -10 -11 -12 -13 13 -15
leaf_value=-0.00075930625646470273 -0.00096550684561528427 0.0034214431285883098 -0.0025940622964385641 0.0021752763649265307 0.0041775191409160958 0.0038792702920077962 -0.00046509878190012055 -0.0030835884088908669 -0.00035893497421145569 -0.000300484285483617 0.00064062888153887387 0.0006446116825581089 0.00056013010174501686 0.0037855638766857982
leaf_weight=323 1769 112 103 198 111 112 176 127 2125 225 2772 121 165 116
leaf_count=323 1769 112 103 198 111 112 176 127 2125 225 2772 121 165 116
internal_value=6.18506e-05 0.000715819 0.000632287 -0.000426314 0.000728918 0.000883185 -0.000119667 -0.000308666 -0.000527876 0.000858382 0.00077148 0.00233493 0.000984003 0.00189163
internal_weight=8555 3654 3542 4901 3439 3116 3132 2675 2252 423 3004 232 457 281
internal_count=8555 3654 3542 4901 3439 3116 3132 2675 2252 423 3004 232 457 281
cat_boundaries=0 1 2 3
cat_threshold=161482768 1 1572869
is_linear=0
shrinkage=0.03


Tree=52
num_leaves=15
num_cat=1
split_feature=36 38 23 1 32 27 30 38 30 30 31 26 24 24
split_gain=2.01775 1.00233 1.27162 0.977131 1.11624 1.04097 1.02387 1.35567 0.834557 0.80707 0.646776 0.778036 0.570563 1.1238
threshold=0 1.9538711032964438 76.500000000000014 31.500000000000004 1.5000000000000002 12.999375000000002 105.50000000000001 1.6243448391305952 142.42500000000004 171.25000000000003 6.3930205949656758 0.04083333333333334 260.24633333333367 397.60983333333633
decision_type=9 2 2 2 2 2 2 2 2 2 10 8 10 10
left_child=1 3 -3 4 -1 -6 7 -7 -5 -10 -2 -12 -8 -14
right_child=10 2 -4 8 5 6 12 -9 9 -11 11 -13 13 -15
leaf_value=0.0033047692645578439 -0.00052426750333578389 0.0039342517729986596 -0.00035477805725935067 -0.0008035557276918553 -0.0011065945448216928 0.001052706734869619 2.1177929512831678e-05 0.0054006859017885281 0.0024389204312120719 0.00014604978945911016 0.0026526396640804773 -0.00075888139033590313 0.0027720947202388197 -9.2854010671331185e-05
leaf_weight=157 3925 162 101 825 255 182 684 100 155 1272 130 112 250 243
leaf_count=157 3925 162 101 825 255 182 684 100 155 1272 130 112 250 243
internal_value=4.1829e-05 0.00049037 0.00228713 0.000376946 0.000883631 0.000661858 0.000970944 0.00259454 -4.40166e-05 0.0003951 -0.000430429 0.00107375 0.000581942 0.00135996
internal_weight=8553 4386 263 4123 1871 1714 1459 282 2252 1427 4167 242 1177 493
internal_count=8553 4386 263 4123 1871 1714 1459 282 2252 1427 4167 242 1177 493
cat_boundaries=0 1
cat_threshold=38
is_linear=0
shrinkage=0.03


Tree=53
num_leaves=15
num_cat=2
split_feature=37 37 28 30 29 1 33 30 21 25 28 22 28 22
split_gain=2.94733 0.666453 0.913313 0.810082 2.27274 0.65226 0.870185 0.799016 1.02723 0.892659 0.73244 0.843252 0.925583 0.708007
threshold=0 1 1.177337962962963 72.500000000000014 1.0000000180025095e-35 50.500000000000007 1.0000000180025095e-35 53.500000000000007 40.500000000000007 0.58411764705882363 4.0796238425925937 1410.5812500000002 15.638628472222225 955.5
decision_type=9 9 2 2 2 2 2 2 2 8 2 2 2 2
left_child=1 2 3 4 -1 7 10 8 -3 -9 13 -12 -13 -7
right_child=-2 5 -4 -5 -6 6 -8 9 -10 -11 11 12 -14 -15
leaf_value=0.0043513233836029027 -0.00053324372487561827 0.00076664784479127716 -0.00071462371109707928 0.0046466316716085431 -0.001259040841832757 -0.0027338335207787168 0.0014843682519517737 0.00029713236946180195 0.0040920479041519414 0.0026248558366636712 0.002018743812621228 0.00085687261409789532 -0.0029060900014112978 -0.00045503512497394049
leaf_weight=128 4592 217 111 103 132 192 239 1750 136 162 171 139 102 340
leaf_count=128 4592 217 111 103 132 192 239 1750 136 162 171 139 102 340
internal_value=-1.79466e-05 0.000585247 0.00163235 0.00239498 0.00150298 0.000436997 -0.000132675 0.000736463 0.00204782 0.000494356 -0.000542075 0.000407498 -0.000735751 -0.00127746
internal_weight=8514 3922 474 363 260 3448 1183 2265 353 1912 944 412 241 532
internal_count=8514 3922 474 363 260 3448 1183 2265 353 1912 944 412 241 532
cat_boundaries=0 1 2
cat_threshold=163065176 153092096
is_linear=0
shrinkage=0.03


Tree=54
num_leaves=15
num_cat=5
split_feature=37 37 35 32 1 25 33 30 1 30 36 37 28 1
split_gain=2.98657 0.906474 1.54281 1.97147 0.677514 0.941724 0.890053 1.06813 0.862943 0.704659 0.618735 0.44496 0.56137 0.433912
threshold=0 1 2 4.5000000000000009 47.500000000000007 0.61769230769230787 1.0000000180025095e-35 189.10000000000002 42.500000000000007 15.250000000000002 3 4 1.1232986111111114 206.50000000000003
decision_type=9 9 1 2 2 10 2 2 2 2 9 9 2 2
left_child=1 2 3 -1 5 8 -6 -8 9 -3 -2 13 -13 -12
right_child=10 4 -4 -5 6 -7 7 -9 -10 -11 11 12 -14 -15
leaf_value=0.0036220641984371464 -0.0021662641606221811 0.002813022986358714 0.0037272521109502923 -0.00166381567210794 -0.00056245085023993112 0.0031864904434405613 -0.00069291236660564727 0.0032415637950309445 0.0027390644165182147 0.00024087548441934536 -0.00038972489951904604 -0.00058612136991566732 -0.0020633552934033292 0.0015031388878360785
leaf_weight=100 204 101 199 174 1037 128 115 135 149 1883 3075 765 332 113
leaf_count=100 204 101 199 174 1037 128 115 135 149 1883 3075 765 332 113
internal_value=-5.23512e-05 0.000540818 0.00176335 0.000255995 0.000373339 0.000687163 -0.000175086 0.0014317 0.00053718 0.000371816 -0.000583585 -0.000503368 -0.00102386 -0.000321623
internal_weight=8510 4021 473 274 3548 2261 1287 250 2133 1984 4489 4285 1097 3188
internal_count=8510 4021 473 274 3548 2261 1287 250 2133 1984 4489 4285 1097 3188
cat_boundaries=0 1 2 3 4 5
cat_threshold=163064851 136315904 5 32 3493875916
is_linear=0
shrinkage=0.03


Tree=55
num_leaves=15
num_cat=3
split_feature=37 30 0 22 31 31 30 31 37 22 36 0 30 32
split_gain=3.22887 0.924679 2.00796 1.24254 0.637858 0.650571 0.87823 0.679597 0.489243 0.526329 0.691294 0.494852 0.486196 0.601609
threshold=0 44.500000000000007 13.500000000000002 1424.0562500000003 0.62923872590659724 0.87253384912959397 82.500000000000014 0.98907071189679896 1 6402.0500000000002 2 8.5000000000000018 78.500000000000014 3.5000000000000004
decision_type=9 2 2 2 8 10 2 10 9 2 9 2 2 2
left_child=1 2 3 -1 -3 6 -6 -7 -2 10 -10 -11 -9 -14
right_child=8 4 -4 -5 5 7 -8 12 9 11 -12 -13 13 -15
leaf_value=0.0016757703303382084 -0.0012292890187219105 -0.001213096649557378 -0.0016987281083258696 0.005286855498920673 4.1680943005595283e-05 -0.0019042692073094455 0.0037965102591590969 0.0018834548287012501 -0.00055820594618694367 -0.00044290304881299263 0.00060031496326105503 -0.002596616366498404 -0.0010321643716485526 0.00047136492961367602
leaf_weight=432 928 216 135 107 106 115 119 198 1872 202 607 183 260 3040
leaf_count=432 928 216 135 107 106 115 119 198 1872 202 607 183 260 3040
internal_value=2.05543e-05 0.000543054 0.00157314 0.00239263 0.000373136 0.000462408 0.00202757 0.000364938 -0.000630686 -0.000433123 -0.000274364 -0.00146662 0.00043954 0.000352905
internal_weight=8520 4728 674 539 4054 3838 225 3613 3792 2864 2479 385 3498 3300
internal_count=8520 4728 674 539 4054 3838 225 3613 3792 2864 2479 385 3498 3300
cat_boundaries=0 1 2 3
cat_threshold=2310551872 637796868 50
is_linear=0
shrinkage=0.03


Tree=56
num_leaves=15
num_cat=2
split_feature=37 35 26 31 32 1 22 31 25 5 24 30 5 26
split_gain=2.5654 0.890149 1.4943 1.44303 1.19048 1.19431 0.701973 0.821924 1.03173 1.01948 0.791557 0.98226 0.76368 0.889004
threshold=0 1 0.04083333333333334 2.9865742244263793 1.5000000000000002 28.500000000000004 3586.807875 2.4757543249946594 0.4497297297297298 0.45800000000000007 384.59266666667077 258.77500000000003 0.10265000000000002 0.04083333333333334
decision_type=9 1 8 10 2 2 2 10 8 2 10 2 2 8
left_child=1 2 3 -1 5 -3 7 12 -9 10 -10 -12 -6 -14
right_child=-2 4 -4 -5 6 -7 -8 8 9 -11 11 -13 13 -15
leaf_value=0.0015049296049342955 -0.00053575837818157579 0.004476102664135396 -0.00065469529739082492 0.0053288890603774538 0.0014716174499624221 0.00020719345302871981 -0.00042314624840496674 -0.0019285958350445025 0.00073682050593126358 0.0029631517170683333 -0.0031191187633348885 0.00045383521583457675 0.00067844843319928396 -0.0022992984109821367
leaf_weight=500 3860 120 230 108 892 116 1178 234 410 114 139 138 419 115
leaf_count=500 3860 120 230 108 892 116 1178 234 410 114 139 138 419 115
internal_value=3.69684e-05 0.000506101 0.00138845 0.00218419 0.000312203 0.00237783 0.0001791 0.000467375 -0.000176158 0.00033579 -0.000100192 -0.00133909 0.000934455 3.71734e-05
internal_weight=8573 4713 838 608 3875 236 3639 2461 1035 801 687 277 1426 534
internal_count=8573 4713 838 608 3875 236 3639 2461 1035 801 687 277 1426 534
cat_boundaries=0 1 2
cat_threshold=2310543680 18
is_linear=0
shrinkage=0.03


Tree=57
num_leaves=15
num_cat=2
split_feature=35 38 27 30 38 1 27 27 0 38 28 14 32 36
split_gain=1.71504 0.885957 0.95514 1.74363 1.03106 1.15926 1.15149 1.02437 0.779292 0.697001 0.65506 0.638611 0.973971 0.930223
threshold=0 1.2378576056948027 17.003738425925928 44.500000000000007 1.5703858936483945 27.500000000000004 27.999803240740743 21.280138888888892 7.5000000000000009 1.9090387393945429 8.4320428240740757 2.5000000000000004 6.5000000000000009 1
decision_type=1 2 2 2 2 2 2 2 2 2 2 2 2 9
left_child=1 -1 11 -4 5 6 -5 -6 -9 -2 -8 -3 13 -13
right_child=9 2 3 4 7 -7 10 8 -10 -11 -12 12 -14 -15
leaf_value=-0.00054180730608321124 -0.00074713726869407625 -0.00023795973171578141 0.0047698923362055638 -0.0014124702553498774 0.0026480446541567379 0.0022716551975492621 0.003068910531371578 -0.0009614700599011361 0.00087871467501738547 0.00079159995104123094 -0.00015007299904245882 0.0038770383930698568 -0.00043554135732618823 0.00080993080337066203
leaf_weight=923 2600 1758 102 203 122 600 132 562 328 295 100 116 350 368
leaf_count=923 2600 1758 102 203 122 600 132 562 328 295 100 116 350 368
internal_value=4.50732e-06 0.000308004 0.000474099 0.000941747 0.000750994 0.00141676 0.000237603 7.00926e-05 -0.00028329 -0.000588308 0.00168142 8.63765e-05 0.000770049 0.00164186
internal_weight=8559 5664 4741 2149 2047 1035 435 1012 890 2895 232 2592 834 484
internal_count=8559 5664 4741 2149 2047 1035 435 1012 890 2895 232 2592 834 484
cat_boundaries=0 1 2
cat_threshold=26 4
is_linear=0
shrinkage=0.03


Tree=58
num_leaves=15
num_cat=1
split_feature=35 24 27 31 31 30 22 31 2 33 23 1 31 31
split_gain=1.62894 1.2788 0.825599 0.796927 0.720193 0.670486 0.657414 0.527039 0.610756 0.525934 0.626462 0.518223 0.515754 0.510006
threshold=0 1.0000000180025095e-35 30.998680555555559 0.48064734522197577 3.3691925433176455 94.500000000000014 563.95000000000016 2.308391608391609 1.0000000180025095e-35 1.0000000180025095e-35 46.500000000000007 61.500000000000007 2.2263297191155131 2.3685450375054251
decision_type=1 8 2 8 10 2 2 8 2 2 2 2 10 8
left_child=1 -1 4 11 7 -6 -7 8 12 -5 -11 -2 -3 -9
right_child=3 2 -4 9 5 6 -8 13 -10 10 -12 -13 -14 -15
leaf_value=0.0032495289321147875 0.0025346626643628135 0.0002774278528289642 0.0023062835147971655 -0.00090750616986730954 0.0029574041170796947 -0.0014579807171513409 0.0011027746859590517 -0.0024256219710029354 -0.0016605442784735638 -0.0014907917392836814 0.0006940431718876341 -0.0002062969013358971 0.0023499984274219189 -0.00027053752982358193
leaf_weight=133 118 3072 174 2077 138 110 502 108 142 162 436 131 112 1164
leaf_count=133 118 3072 174 2077 138 110 502 108 142 162 436 131 112 1164
internal_value=4.4979e-05 0.000342031 0.000272622 -0.000528879 0.000206456 0.00106845 0.000642508 6.58521e-05 0.00026448 -0.000681793 0.000102165 0.00109263 0.000350332 -0.000453516
internal_weight=8579 5655 5522 2924 5348 750 612 4598 3326 2675 598 249 3184 1272
internal_count=8579 5655 5522 2924 5348 750 612 4598 3326 2675 598 249 3184 1272
cat_boundaries=0 1
cat_threshold=26
is_linear=0
shrinkage=0.03


Tree=59
num_leaves=15
num_cat=3
split_feature=37 37 38 0 24 33 21 25 24 25 0 27 24 35
split_gain=2.17227 1.19997 2.19366 1.2426 1.09343 0.606451 0.822901 0.66892 1.00433 0.656117 0.665258 0.828862 0.726864 0.694381
threshold=0 1 1.5996014894837869 13.500000000000002 3.2871666666666903 1.0000000180025095e-35 37.416666666666679 0.45972972972972981 191.71016666666679 0.22290322580645164 4.5000000000000009 29.624641203703707 194.20583333333272 2
decision_type=9 9 2 2 10 2 2 10 10 8 2 2 10 1
left_child=1 2 -1 5 -4 9 -7 8 -8 -3 -11 13 -13 -12
right_child=-2 3 4 -5 -6 6 7 -9 -10 10 11 12 -14 -15
leaf_value=-0.001264491312728863 -0.00069519372462319845 0.00094136778653990171 0.0019627023177701828 -0.0014892376403937615 0.0056809218770691328 0.00306057136965839 0.00079985289118758985 0.0016803575598074625 -0.0023773908753901194 -0.001079777951742691 0.00093057759901961096 -0.00029797013100041835 0.0019658784388724838 -0.00038078852095476198
leaf_weight=146 2814 779 221 369 105 149 298 308 128 464 447 196 366 1768
leaf_count=146 2814 779 221 369 105 149 298 308 128 464 447 196 366 1768
internal_value=-1.37698e-05 0.000320713 0.00175444 0.000189274 0.00316029 0.000315985 0.00102789 0.000615259 -0.000154812 0.000159614 -2.82862e-05 0.000147404 0.00117635 -0.000113665
internal_weight=8558 5744 472 5272 326 4903 883 734 426 4020 3241 2777 562 2215
internal_count=8558 5744 472 5272 326 4903 883 734 426 4020 3241 2777 562 2215
cat_boundaries=0 1 2 3
cat_threshold=2578988354 136315904 22
is_linear=0
shrinkage=0.03


Tree=60
num_leaves=15
num_cat=3
split_feature=37 30 30 37 25 25 35 5 30 38 31 38 38 22
split_gain=2.52988 0.693243 1.80849 1.31804 0.97283 0.970535 0.739523 0.913777 0.87056 0.659138 0.72288 0.60447 0.827342 0.778893
threshold=0 40.250000000000007 30.165000000000003 1 0.37321428571428578 0.53518821603927991 2 0.36600000000000005 324.57500000000005 1.9090387393945429 1.7149703331811961 1.5600195063881179 1.2525543601075786 5447.5625000000009
decision_type=9 2 2 9 8 10 1 2 2 2 10 2 2 2
left_child=1 2 4 -4 -1 -6 8 -8 11 -2 -11 12 13 -3
right_child=9 6 3 -5 5 -7 7 -9 -10 10 -12 -13 -14 -15
leaf_value=-0.00072492324262919314 -0.00070505684425680977 0.00037130941175084669 0.0008134738461707126 0.0058933184696855932 0.0040040793157599041 1.2980896235917341e-05 -0.00096768423821635779 0.0018114404179894652 0.0023405053275090629 -0.0008370925363737578 0.0019536165383887355 -5.168929116077088e-05 0.0012109733407933607 -0.0025352925754521249
leaf_weight=301 3362 382 100 103 104 116 659 127 218 153 184 1518 1167 106
leaf_count=301 3362 382 100 103 104 116 659 127 218 153 184 1518 1167 106
internal_value=1.47168e-05 0.000461327 0.00131928 0.00372132 0.000383355 0.00189968 0.000313723 -0.000512124 0.000505166 -0.000576708 0.000686618 0.000380662 0.000777224 -0.000260043
internal_weight=8600 4901 724 203 521 220 4177 786 3391 3699 337 3173 1655 488
internal_count=8600 4901 724 203 521 220 4177 786 3391 3699 337 3173 1655 488
cat_boundaries=0 1 2 3
cat_threshold=2310552898 8919042 26
is_linear=0
shrinkage=0.03


Tree=61
num_leaves=15
num_cat=1
split_feature=38 2 38 1 24 10 23 35 0 23 30 25 21 22
split_gain=1.47971 1.43498 0.726309 0.784981 0.812848 0.861456 0.739347 0.675297 0.657732 0.823717 0.575772 0.546688 0.924902 0.777825
threshold=0.97146067725200058 1.0000000180025095e-35 1.4803169272060004 2.5000000000000004 1.0000000180025095e-35 1.0000000180025095e-35 78.500000000000014 0 13.500000000000002 14.500000000000002 18.250000000000004 0.30384615384615393 156.37500000000003 1037.4500000000003
decision_type=2 2 2 2 8 2 2 1 2 2 2 10 2 2
left_child=-1 2 7 6 -5 -6 -4 8 9 -2 -7 12 13 -11
right_child=1 -3 3 4 5 10 -8 -9 -10 11 -12 -13 -14 -15
leaf_value=-0.0020271278209004879 -0.0010456312442316817 -0.00094449915640613502 0.0008626621224357223 0.0021771862326095456 -0.0018378715012570353 0.0021998369049848307 0.0039384385465166052 -0.00076606947694862651 -0.0019531591086813091 0.0011438731684725969 0.00030131908688629821 0.00028813493098822358 -0.00044714860302252311 0.0045011827275408681
leaf_weight=308 348 1051 192 217 164 151 111 924 123 141 3002 1558 136 111
leaf_count=308 348 1051 192 217 164 151 111 924 123 141 3002 1558 136 111
internal_value=1.44008e-05 9.08124e-05 0.000242402 0.000523996 0.000398351 0.000281979 0.00198943 -8.0996e-05 0.000183313 0.000298666 0.000392241 0.000539064 0.00154666 0.00262269
internal_weight=8537 8229 7178 3837 3534 3317 303 3341 2417 2294 3153 1946 388 252
internal_count=8537 8229 7178 3837 3534 3317 303 3341 2417 2294 3153 1946 388 252
cat_boundaries=0 1
cat_threshold=26
is_linear=0
shrinkage=0.03


Tree=62
num_leaves=15
num_cat=4
split_feature=37 24 27 35 35 36 32 21 21 28 32 24 1 1
split_gain=2.23574 0.841801 1.53088 1.00891 0.840267 0.792832 0.61729 0.624792 0.44832 0.682964 0.531375 1.07513 0.657554 0.593897
threshold=0 27.530000000000005 17.423611111111114 1 2 3 1.5000000000000002 182.54166666666669 68.833333333333357 6.0645370370370379 8.5000000000000018 63.82650000000141 32.500000000000007 1.0000000180025095e-35
decision_type=9 8 2 1 1 9 2 2 2 2 2 10 2 2
left_child=1 2 3 -1 -2 -3 -7 8 9 -8 11 -10 -13 -12
right_child=4 5 -4 -5 -6 6 7 -9 10 -11 13 12 -14 -15
leaf_value=0.0021305811688145807 5.1353019664743217e-05 -0.00044855732517081116 0.0042177382702047513 -0.00058526896390780482 -0.00088817067418753704 0.0021424723031687157 0.00032735195934564885 0.0026517169402520972 0.0015576821068032654 0.0022076855433446918 0.0020562883295836098 -0.00057178933865062009 -0.0036186099688056855 0.00014765420194442336
leaf_weight=216 1364 1002 141 266 2313 197 533 108 109 258 161 136 120 1655
leaf_count=216 1364 1002 141 266 2313 197 533 108 109 258 161 136 120 1655
internal_value=1.79289e-05 0.000436986 0.00146818 0.000663853 -0.000540456 0.00028787 0.000512849 0.000410282 0.00032883 0.000940659 0.000106933 -0.000937559 -0.00199999 0.000316867
internal_weight=8579 4902 623 482 3677 4279 3277 3080 2972 791 2181 365 256 1816
internal_count=8579 4902 623 482 3677 4279 3277 3080 2972 791 2181 365 256 1816
cat_boundaries=0 1 2 3 4
cat_threshold=2309515352 10 28 5
is_linear=0
shrinkage=0.03


Tree=63
num_leaves=15
num_cat=3
split_feature=37 30 30 38 37 0 31 24 24 1 25 35 6 1
split_gain=1.53593 1.05612 0.876016 0.68144 0.569574 0.609572 0.550824 0.5872 0.629997 0.520199 0.770251 0.51045 0.389283 0.954034
threshold=0 40.250000000000007 30.165000000000003 1.0126535544182247 1 11.500000000000002 0.62923872590659724 33.179500000000054 25.289333333333637 40.500000000000007 0.36181818181818187 2 2.5000000000000004 74.500000000000014
decision_type=9 2 2 2 9 2 8 10 10 2 10 1 2 2
left_child=1 2 9 -3 5 -2 -5 8 11 10 -1 -8 -9 -14
right_child=4 3 -4 6 -6 -7 7 12 -10 -11 -12 -13 13 -15
leaf_value=0.00020881591698965958 -5.4722134186045354e-05 -0.0021487537712643018 0.0035279340640169709 -0.0012223378893069584 -0.0010601470671325699 -0.0012306260237989438 0.0020596515885680108 7.8489117810246937e-05 0.0034801504875321197 -0.00036740630281111985 0.0037475714419735592 -0.00074619040604475444 0.003584845566679493 1.6792971606990275e-05
leaf_weight=124 2222 114 146 230 1157 483 101 3176 101 183 100 117 101 203
leaf_count=124 2222 114 146 230 1157 483 101 3176 101 183 100 117 101 203
internal_value=-6.20085e-05 0.000302275 0.00153435 0.00013855 -0.000504436 -0.000263715 0.000203269 0.000289579 0.00152147 0.000819201 0.00178862 0.000614014 0.000176655 0.00120223
internal_weight=8558 4696 553 4143 3862 2705 4029 3799 319 407 224 218 3480 304
internal_count=8558 4696 553 4143 3862 2705 4029 3799 319 407 224 218 3480 304
cat_boundaries=0 1 2 3
cat_threshold=2308979794 274252073 14
is_linear=0
shrinkage=0.03


Tree=64
num_leaves=15
num_cat=5
split_feature=37 30 27 25 36 37 35 30 13 13 25 5 36 32
split_gain=2.01144 0.996556 1.18945 0.996394 0.846988 0.693502 0.617422 0.769288 1.20468 0.555131 1.67672 0.537965 0.593918 0.524862
threshold=0 40.250000000000007 17.003738425925928 0.3823076923076924 1 2 3 160.02500000000003 1.0000000180025095e-35 0.50000000000000011 0.53923076923076929 0.63070000000000015 4 30.500000000000004
decision_type=9 2 2 8 9 9 1 2 2 2 10 2 9 2
left_child=1 2 3 -1 -2 -6 7 8 -3 -7 -11 12 -8 -14
right_child=4 6 -4 -5 5 9 11 -9 -10 10 -12 -13 13 -15
leaf_value=-7.3230127531007444e-05 -0.0022484145773341876 0.0029105182790330475 0.0044582300185740326 0.0028087742146690711 -0.0010670865094968055 -0.00027756905764109087 -0.0018897941768866216 0.0028860464555903087 -0.00050260504223631638 0.0025183483815729435 -0.0010970644346121438 0.0019276293845780727 0.00025921572199637195 -0.0013414244729775325
leaf_weight=290 206 133 111 172 886 3089 129 172 310 248 216 140 2229 201
leaf_count=290 206 133 111 172 886 3089 129 172 310 248 216 140 2229 201
internal_value=1.03359e-05 0.000513159 0.0016697 0.000999724 -0.000410654 -0.000320507 0.000314739 0.00116431 0.000522102 -0.000131863 0.000835311 0.000116409 1.77742e-05 0.000126297
internal_weight=8532 3887 573 462 4645 4439 3314 615 443 3553 464 2699 2559 2430
internal_count=8532 3887 573 462 4645 4439 3314 615 443 3553 464 2699 2559 2430
cat_boundaries=0 1 2 3 4 5
cat_threshold=162016578 32 637796868 18 1
is_linear=0
shrinkage=0.03


Tree=65
num_leaves=15
num_cat=2
split_feature=37 23 33 38 31 35 23 38 23 30 38 31 32 5
split_gain=1.76476 0.946638 1.05288 1.17008 1.0964 1.09024 0.827476 0.881958 0.687851 0.948661 0.660756 0.600993 0.589667 0.682232
threshold=0 54.500000000000007 1.0000000180025095e-35 1.751802671679356 2.4757543249946594 1 32.500000000000007 1.7082172580875927 103.50000000000001 242.05000000000004 0.82987787609720332 2.9565137600038303 16.500000000000004 0.085150000000000017
decision_type=9 2 2 2 8 1 2 2 2 2 2 8 2 2
left_child=1 6 4 11 8 -6 7 -1 -3 12 -2 -4 13 -10
right_child=10 2 3 -5 5 -7 -8 -9 9 -11 -12 -13 -14 -15
leaf_value=-0.0011687788821572829 -0.0027792221948504444 -7.3158112963399153e-05 0.0015937539446951212 -0.0010261140368878841 -0.00011697938210272696 -0.0023431452475923633 0.0032581997233299682 0.0022611730948807925 0.0019583686748690355 -0.00061957275196652397 -0.00031422340030999308 0.0041390068961099083 0.0034311364428657623 -0.00023182371485745535
leaf_weight=124 100 827 312 125 830 252 195 148 384 217 4595 114 135 192
leaf_count=124 100 827 312 125 830 252 195 148 384 217 4595 114 135 192
internal_value=2.42947e-05 0.000499223 0.000325981 0.00152601 9.29119e-05 -0.000658195 0.00176675 0.000697519 0.000555987 0.00111666 -0.000365947 0.00227488 0.00164656 0.0012283
internal_weight=8550 3855 3388 551 2837 1082 467 272 1755 928 4695 426 711 576
internal_count=8550 3855 3388 551 2837 1082 467 272 1755 928 4695 426 711 576
cat_boundaries=0 1 2
cat_threshold=162008066 10
is_linear=0
shrinkage=0.03


Tree=66
num_leaves=15
num_cat=1
split_feature=37 31 38 31 38 24 0 38 33 1 32 27 38 31
split_gain=2.33448 0.590357 0.487641 0.890966 0.556586 0.727537 0.569278 0.434827 1.04443 0.59982 0.528898 0.526479 0.490986 0.671059
threshold=0 8.173220338983052 1.9090387393945429 1.7149703331811961 1.7404660920600847 26.866833333333421 8.5000000000000018 1.3568367958761092 1.0000000180025095e-35 2.5000000000000004 12.500000000000002 30.585781250000004 1.400545796532952 2.4757543249946594
decision_type=9 8 2 10 2 10 2 2 2 2 2 2 2 10
left_child=1 7 4 -4 -2 -6 -7 8 11 10 -9 -1 -11 -14
right_child=2 -3 3 -5 5 6 -8 9 -10 12 -12 -13 13 -15
leaf_value=-0.0010502099853365629 -0.00045440259355993435 0.0021558215447789785 -0.0009753717642212123 0.0020568187517281413 -0.0026933756770804616 0.00067595067393402895 -0.0016698275393636649 0.00046436833299915581 0.0018289957588219785 0.0019676657677747088 0.0033755221943557261 0.0011424763375593317 0.00066929101961685103 -0.00042162980614890639
leaf_weight=598 3669 182 171 178 246 172 203 102 187 181 125 118 1725 719
leaf_count=598 3669 182 171 178 246 172 203 102 187 181 125 118 1725 719
internal_value=-5.07419e-05 0.000485938 -0.000506165 0.000571132 -0.000594985 -0.00142557 -0.000593897 0.000406295 -0.000167432 0.000587948 0.00206743 -0.000688845 0.000460009 0.000348353
internal_weight=8576 3937 4639 349 4290 621 375 3755 903 2852 227 716 2625 2444
internal_count=8576 3937 4639 349 4290 621 375 3755 903 2852 227 716 2625 2444
cat_boundaries=0 1
cat_threshold=145235312
is_linear=0
shrinkage=0.03


Tree=67
num_leaves=15
num_cat=3
split_feature=37 31 38 31 35 38 38 0 30 22 31 35 30 31
split_gain=1.46897 0.849549 0.473385 1.06745 0.547504 0.477144 0.437094 0.406118 0.933536 0.848883 0.765345 0.584018 0.720667 0.708752
threshold=0 7.4976562500000012 1.9090387393945429 1.7149703331811961 1 1.7404660920600847 1.5097173935425452 13.500000000000002 40.250000000000007 802.43712500000004 1.3223331610305522 2 144.50000000000003 2.4757543249946594
decision_type=9 8 2 10 1 2 2 2 2 2 10 1 2 10
left_child=1 7 4 -4 -2 6 -6 8 9 10 -1 12 -10 -13
right_child=2 -3 3 -5 5 -7 -8 -9 11 -11 -12 13 -14 -15
leaf_value=-0.00016280234392200197 -0.00018907894982392271 0.0023539581607267459 -0.0011594713801661362 0.0021933626373934131 -0.00093962822701511176 -0.001806384798802279 0.00027223811298223935 -0.00097762775097815489 0.00013393557298064501 0.0039796354636585096 0.0026464517145593472 0.00041566960587543708 0.0030794992309614933 -0.00057499639045104588
leaf_weight=224 2506 190 156 189 1022 393 363 212 166 106 143 1733 136 1040
leaf_count=224 2506 190 156 189 1022 393 363 212 166 106 143 1733 136 1040
internal_value=-2.8701e-05 0.000395762 -0.000390912 0.000677299 -0.00047785 -0.000878852 -0.000622005 0.000297863 0.000374076 0.00161483 0.000931812 0.000183221 0.00141361 4.39666e-05
internal_weight=8579 3950 4629 345 4284 1778 1385 3760 3548 473 367 3075 302 2773
internal_count=8579 3950 4629 345 4284 1778 1385 3760 3548 473 367 3075 302 2773
cat_boundaries=0 1 2 3
cat_threshold=162532427 26 2
is_linear=0
shrinkage=0.03


Tree=68
num_leaves=15
num_cat=1
split_feature=37 2 21 28 1 30 1 22 30 38 32 1 31 31
split_gain=1.58209 0.834404 0.909992 1.08803 0.872525 1.26468 0.735568 0.819927 0.646937 0.820563 0.898504 0.816524 0.719682 0.579346
threshold=0 1.0000000180025095e-35 62.500000000000007 8.0891261574074083 65.500000000000014 164.25000000000003 66.500000000000014 393.00000000000006 92.500000000000014 1.5798365763485347 2.5000000000000004 12.500000000000002 1.438630657310243 2.3393548387096779
decision_type=9 2 2 2 2 2 2 2 2 2 2 2 10 10
left_child=1 2 3 6 13 -6 8 -8 9 10 -1 -11 -13 -4
right_child=-2 -3 4 -5 5 -7 7 -9 -10 11 -12 12 -14 -15
leaf_value=0.0015797826717334827 -0.00051398783257725967 -0.0006780393961368196 0.00078427576092073492 0.0027549064730971371 -0.0029337038188126914 -6.0057841589643568e-06 0.00020699384364137506 0.0032957077144766859 -0.00084965588970780585 0.004007002805093569 -0.0017196526200378853 -0.00061412506514256266 0.0026413112048789657 -0.0003004559586133136
leaf_weight=128 3619 664 1397 275 183 484 138 176 315 105 177 136 111 649
leaf_count=128 3619 664 1397 275 183 484 138 176 315 105 177 136 111 649
internal_value=-3.83097e-05 0.000310721 0.000465059 0.00104215 0.000133012 -0.000809257 0.000675895 0.00193825 0.000268099 0.000804008 -0.000334972 0.00179091 0.000848844 0.000440194
internal_weight=8557 4938 4274 1561 2713 667 1286 314 972 657 305 352 247 2046
internal_count=8557 4938 4274 1561 2713 667 1286 314 972 657 305 352 247 2046
cat_boundaries=0 1
cat_threshold=430971214
is_linear=0
shrinkage=0.03


Tree=69
num_leaves=15
num_cat=0
split_feature=27 23 1 38 22 1 31 30 30 27 30 0 21 1
split_gain=0.959268 1.01051 0.779988 1.04683 1.12913 0.817962 0.683026 0.652955 0.787031 0.623058 0.67102 0.586065 0.937665 0.570373
threshold=29.165914351851857 178.50000000000003 29.500000000000004 1.5879594129614791 409.328125 1.0000000180025095e-35 4.5592757481182318 107.30000000000001 81.500000000000014 30.201909722222226 179.02500000000003 5.5000000000000009 91.450000000000003 35.500000000000007
decision_type=2 2 2 2 2 2 10 2 2 2 2 2 2 2
left_child=2 9 3 6 -5 -6 -1 8 -7 10 -2 -12 -13 -4
right_child=1 -3 13 4 5 7 -8 -9 -10 -11 11 12 -14 -15
leaf_value=2.2969495832288386e-06 0.0033535741837695237 0.0030954296862706538 -0.001371921862277451 0.0031397002134094568 0.0028824503583550131 2.2066362552063839e-05 -0.0019886944853334228 -0.00063099600107117157 0.0032648630062532091 -0.00029411881237423847 0.0023779349244016754 -0.0022736020331322257 0.0016097519416362048 -0.00028009884134625666
leaf_weight=1882 105 150 483 185 115 179 169 402 108 490 112 109 115 3971
leaf_count=1882 105 150 483 185 115 179 169 402 108 490 112 109 115 3971
internal_value=-2.5132e-05 0.000810314 -0.000145644 0.000224821 0.00102651 0.000540269 -0.000161758 0.000149339 0.00124235 0.000442142 0.00126021 0.000606034 -0.000279916 -0.000398498
internal_weight=8575 1081 7494 3040 989 804 2051 689 287 931 441 336 224 4454
internal_count=8575 1081 7494 3040 989 804 2051 689 287 931 441 336 224 4454
is_linear=0
shrinkage=0.03


Tree=70
num_leaves=15
num_cat=5
split_feature=37 31 36 35 1 31 31 35 31 32 29 31 32 36
split_gain=1.56713 0.71232 0.563362 0.829267 0.856358 0.63432 0.752366 0.875957 0.761409 0.982184 0.650785 0.584238 0.515644 0.455915
threshold=0 0.1799720450492425 1 2 33.500000000000007 1.0004392299048519 2.4757543249946594 3 3.6569070953420728 19.500000000000004 2.5000000000000004 5.1020956475013444 2.5000000000000004 4
decision_type=9 10 9 1 2 10 10 1 10 2 2 10 2 9
left_child=1 -1 5 -4 -5 12 -7 8 10 -10 -8 -11 -3 -2
right_child=13 2 3 4 -6 6 7 -9 9 11 -12 -13 -14 -15
leaf_value=0.002587474331357953 -0.0016925268776486722 0.00019149936037138102 0.0030604914960202685 0.0021113613923080263 -0.0013445174108043969 0.0007355167811628734 -0.0024288483023810294 -0.0022805408642918691 0.002967579637500157 0.0012102666996876414 -9.8592652144299128e-05 -0.0015052158083926769 -0.0020956142354345425 -0.00035749087018371775
leaf_weight=128 235 168 151 122 137 1709 134 153 155 161 553 128 188 4461
leaf_count=128 235 168 151 122 137 1709 134 153 155 161 553 128 188 4461
internal_value=-5.94254e-05 0.000385672 0.000311723 0.00134792 0.000272815 0.000180303 0.000323235 -0.00022551 7.20182e-05 0.0010409 -0.000553111 7.56164e-06 -0.0010163 -0.000427754
internal_weight=8583 3887 3759 410 259 3349 2993 1284 1131 444 687 289 356 4696
internal_count=8583 3887 3759 410 259 3349 2993 1284 1131 444 687 289 356 4696
cat_boundaries=0 1 2 3 4 5
cat_threshold=145242433 49 18 11 32
is_linear=0
shrinkage=0.03


Tree=71
num_leaves=15
num_cat=4
split_feature=37 33 22 31 22 21 35 37 38 0 1 34 0 36
split_gain=1.69635 0.650446 1.94148 1.3452 1.00538 0.734991 0.656619 1.03895 0.717664 0.603209 0.800206 0.597238 0.993378 0.625381
threshold=0 1.0000000180025095e-35 5597.8500000000013 3.4625129264125198 1544.9000000000001 182.54166666666669 1 2 1.3223153682705904 3.5000000000000004 1.0000000180025095e-35 1.0000000180025095e-35 9.5000000000000018 3
decision_type=9 2 2 8 2 2 1 9 2 2 2 2 2 9
left_child=1 5 3 4 -3 6 -1 -8 -9 -10 -11 13 -13 -12
right_child=-2 2 -4 -5 -6 -7 7 8 9 10 11 12 -14 -15
leaf_value=-0.0018167234756890059 -0.00043325080425833076 0.00021007062504446218 -0.0024665285245434421 0.0041872256521393609 0.002942669154289511 0.0023893145869175593 0.0028698092062313663 -0.00077865942286122934 -0.0015662752754945794 0.0024806873252648993 0.00028398350407592962 0.00031874361012171158 0.0027293513928116925 -0.0012899563447181686
leaf_weight=139 4437 394 115 157 175 135 118 642 138 166 891 591 208 294
leaf_count=139 4437 394 115 157 175 135 118 642 138 166 891 591 208 294
internal_value=-2.56317e-05 0.000408875 0.00115515 0.00172883 0.0010505 0.000221179 0.000129337 0.000223312 0.000107331 0.000356404 0.000479814 0.000312402 0.000946286 -0.000115002
internal_weight=8600 4163 841 726 569 3322 3187 3048 2930 2288 2150 1984 799 1185
internal_count=8600 4163 841 726 569 3322 3187 3048 2930 2288 2150 1984 799 1185
cat_boundaries=0 1 2 3 4
cat_threshold=163064954 4 150994960 38
is_linear=0
shrinkage=0.03


Tree=72
num_leaves=15
num_cat=1
split_feature=37 38 21 23 33 26 27 38 23 27 38 38 1 27
split_gain=1.7 0.854709 0.582028 0.901784 0.766502 0.827551 0.98532 0.7716 0.567695 0.795456 0.727201 0.673686 0.6719 0.769738
threshold=0 2.0928937732388158 156.37500000000003 31.500000000000004 1.0000000180025095e-35 1.0000000180025095e-35 25.874230324074077 1.3538264972589615 29.500000000000004 14.041481481481483 1.3223153682705904 1.7124926774937785 53.500000000000007 26.353443287037042
decision_type=9 2 2 2 2 8 2 2 2 2 2 2 2 2
left_child=1 2 4 -4 8 6 -6 -7 9 -1 -10 -12 -13 -14
right_child=-2 -3 3 -5 5 7 -8 -9 10 -11 11 12 13 -15
leaf_value=0.00052169527775047559 -0.00047055070408243279 0.0028765100208693185 -0.0012265335918046941 0.0017184955251653591 0.0047917125715972167 0.0028649995294066943 0.00091258860807713182 -5.96356811377889e-05 -0.00083840344936280374 0.0034576971614733339 0.00071508562879335187 0.00024229184311659813 -0.0030144599633291362 0.00024781813525149351
leaf_weight=339 3875 120 438 119 114 105 122 358 597 110 1491 546 150 115
leaf_count=339 3875 120 438 119 114 105 122 358 597 110 1491 546 150 115
internal_value=-5.47435e-06 0.000376218 0.000311867 -0.000597344 0.000437004 0.00134058 0.0027864 0.000603619 0.000248354 0.00124098 9.46144e-05 0.000336583 -0.000359283 -0.00159875
internal_weight=8599 4724 4604 557 4047 699 236 463 3348 449 2899 2302 811 265
internal_count=8599 4724 4604 557 4047 699 236 463 3348 449 2899 2302 811 265
cat_boundaries=0 1
cat_threshold=2310551553
is_linear=0
shrinkage=0.03


Tree=73
num_leaves=15
num_cat=0
split_feature=27 24 0 24 38 38 32 29 25 32 24 27 32 23
split_gain=1.01726 1.26421 0.700206 0.928593 0.551033 0.605194 1.18451 0.786144 0.733765 0.629241 0.581361 0.574679 0.666739 0.79823
threshold=18.142488425925929 25.644333333333275 11.500000000000002 3.7850000000000006 1.2074333109433419 1.6526597798703981 30.500000000000004 2.5000000000000004 0.43223443223443231 8.5000000000000018 267.78216666666566 26.99399305555556 12.500000000000002 156.50000000000003
decision_type=2 8 2 10 2 2 2 2 10 2 10 2 2 2
left_child=2 -2 -1 -4 -3 6 7 -6 -9 -7 -11 -10 -13 -14
right_child=1 4 3 -5 5 9 -8 8 11 10 -12 12 13 -15
leaf_value=-0.00011167549394024617 0.0030910361289065084 -0.00060354411697622961 -0.0034289729496794603 -0.00064190527038939546 -3.1121744877264764e-06 -0.00201309404970008 -0.0019520181075980267 0.0032333140787742438 -0.00050533572087787387 -0.0009766669434970838 0.00090866314911237087 -0.00011664499450125731 0.0013207863468103684 0.0040510474171435943
leaf_weight=4642 152 516 124 813 416 141 126 189 152 235 394 160 325 137
leaf_count=4642 152 516 124 813 416 141 126 189 152 235 394 160 325 137
internal_value=-2.46161e-05 0.000426667 -0.000262674 -0.00101074 0.000281564 0.000482318 0.000832307 0.00108671 0.0015575 -0.000201753 0.000204287 0.00114829 0.00155239 0.00213041
internal_weight=8522 2943 5579 937 2791 2275 1505 1379 963 770 629 774 622 462
internal_count=8522 2943 5579 937 2791 2275 1505 1379 963 770 629 774 622 462
is_linear=0
shrinkage=0.03


Tree=74
num_leaves=15
num_cat=3
split_feature=37 36 38 33 28 1 32 35 25 38 38 24 38 31
split_gain=1.10169 1.28983 1.6648 1.0851 0.960404 0.798372 1.09929 0.793667 0.812019 0.782028 0.821208 0.686292 0.681362 0.668402
threshold=0 1 1.7263057173343859 1.0000000180025095e-35 7.0445023148148156 57.500000000000007 5.5000000000000009 2 0.45972972972972981 1.2852417415467781 1.400545796532952 10.128166666664766 1.6209031945423489 3.6569070953420728
decision_type=9 9 2 2 2 2 2 1 10 2 2 10 2 10
left_child=1 3 11 7 5 6 -5 9 -9 -1 -11 -3 -8 -12
right_child=-2 2 -4 4 -6 -7 12 8 -10 10 13 -13 -14 -15
leaf_value=-0.0010475028157768559 -0.0003967614459283739 -0.0017053839377852865 0.0035037624366536192 0.0020417633437698345 0.0029024605093371353 0.0021504567346051578 -4.9024722969118989e-05 -0.00012321579406836012 -0.0015158853585571321 0.0022077825683150059 1.6724105344768361e-05 0.0015085744499192229 -0.0029695687645856857 0.0019090664262026921
leaf_weight=305 3674 113 247 138 202 190 184 1211 547 245 1078 127 118 199
leaf_count=305 3674 113 247 138 202 190 184 1211 547 245 1078 127 118 199
internal_value=-4.56916e-06 0.000289474 0.00173905 0.000126082 0.00110242 0.000525271 -0.000176514 -0.000100154 -0.000553396 0.000337154 0.000616846 -4.66429e-06 -0.00119016 0.000311615
internal_weight=8578 4904 487 4417 832 630 440 3585 1758 1827 1522 240 302 1277
internal_count=8578 4904 487 4417 832 630 440 3585 1758 1827 1522 240 302 1277
cat_boundaries=0 1 2 3
cat_threshold=430452002 49 8
is_linear=0
shrinkage=0.03


Tree=75
num_leaves=15
num_cat=2
split_feature=37 1 1 35 30 31 22 38 23 30 1 38 38 0
split_gain=1.23096 0.990333 0.67846 1.02644 0.786468 0.585215 0.616145 0.536854 0.52749 0.913036 0.57549 0.519581 0.772339 0.81993
threshold=0 113.50000000000001 73.500000000000014 1 249.05000000000004 1.783196239717979 1599.5000000000002 0.86209474721110635 118.50000000000001 194.10000000000002 1.0000000180025095e-35 1.862865261706796 1.7808593014450562 5.5000000000000009
decision_type=9 2 2 1 2 10 2 2 2 2 2 2 2 2
left_child=1 2 8 4 -4 -3 -7 -2 9 11 -10 12 13 -1
right_child=7 5 3 -5 -6 6 -8 -9 10 -11 -12 -13 -14 -15
leaf_value=0.0016425518862423242 -0.0025122034721841505 0.002836284063166784 0.00094807113006672983 -0.003008860299029296 -0.0019762469635158774 0.0021891333122547822 -0.0011002978403121231 -0.00040491727991868022 0.0025630394245410781 -0.00085466919721426723 0.00052553212458885431 -0.0010146851782539472 0.0029246407941249377 -7.7555065448686616e-05
leaf_weight=344 112 199 245 138 125 103 102 3815 139 771 1218 202 119 907
leaf_count=344 112 199 245 138 125 103 102 3815 139 771 1218 202 119 907
internal_value=-7.41712e-05 0.000258065 0.000122411 -0.000905639 -3.88249e-05 0.0016774 0.000552441 -0.000463837 0.00026356 -9.04341e-06 0.000734238 0.000405701 0.00061513 0.00039544
internal_weight=8539 4612 4208 508 370 404 205 3927 3700 2343 1357 1572 1370 1251
internal_count=8539 4612 4208 508 370 404 205 3927 3700 2343 1357 1572 1370 1251
cat_boundaries=0 1 2
cat_threshold=2293250112 26
is_linear=0
shrinkage=0.03


Tree=76
num_leaves=15
num_cat=2
split_feature=37 2 23 25 28 31 38 25 1 1 28 38 22 35
split_gain=1.211 0.57477 0.592449 0.524433 0.520792 0.510356 0.477935 0.503077 0.660743 0.645742 0.68494 0.822063 0.596297 0.997478
threshold=0 1.0000000180025095e-35 138.50000000000003 0.51925925925925942 0.62855902777777783 2.6950646800153701 0.99992301308194964 0.22290322580645164 101.50000000000001 12.500000000000002 5.3467476851851865 1.8215928982905789 6444.0500000000002 1
decision_type=9 2 2 10 2 8 2 10 2 2 2 2 2 1
left_child=5 6 3 -3 -4 -1 -2 8 9 -8 11 -11 -9 -14
right_child=1 2 4 -5 -6 -7 7 12 -10 10 -12 -13 13 -15
leaf_value=-0.0004398295591710012 -0.0015662043087882431 0.00047826936405198102 -0.003393241655314341 -0.0013548293490978584 -0.0006334258615024737 -0.0017803135954459236 0.0020090649286632505 0.00033973211164791588 0.002990123509645796 -0.00078983334164431309 0.0019694934681023435 0.0019691909015270284 0.0017073906394052167 -0.0013515980181367962
leaf_weight=1184 119 516 100 193 160 326 245 4320 124 478 162 122 114 435
leaf_count=1184 119 516 100 193 160 326 245 4320 124 478 162 122 114 435
internal_value=4.41692e-05 0.000208637 -0.000469935 -2.07265e-05 -0.00169489 -0.000724434 0.000316436 0.000353776 0.000923745 0.000669295 0.000238529 -0.000228832 0.00022138 -0.000709917
internal_weight=8598 7088 969 709 260 1510 6119 6000 1131 1007 762 600 4869 549
internal_count=8598 7088 969 709 260 1510 6119 6000 1131 1007 762 600 4869 549
cat_boundaries=0 1 2
cat_threshold=1712620428 6
is_linear=0
shrinkage=0.03


Tree=77
num_leaves=15
num_cat=2
split_feature=37 25 0 24 1 38 32 1 32 28 35 31 22 22
split_gain=0.919636 0.771253 0.927103 1.10886 0.723171 0.59183 0.882594 1.13372 0.649944 0.651899 0.634827 0.666223 0.522708 0.770013
threshold=0 0.64142857142857157 11.500000000000002 5.7378333333335476 30.500000000000004 1.7640522733386785 1.5000000000000002 33.500000000000007 30.500000000000004 25.616458333333338 1 2.9865742244263793 6331.4577500000005 2683.2500000000005
decision_type=9 8 2 10 2 2 2 2 2 2 1 10 2 2
left_child=1 2 3 4 -1 6 7 -5 9 -8 -7 12 13 -12
right_child=-2 -3 -4 5 -6 10 8 -9 -10 -11 11 -13 -14 -15
leaf_value=0.0041245504209929899 -0.00038015705013936981 0.0020216286407326754 -0.00089334017583203758 0.0046269592339172961 0.00094890774248845193 0.0015644390997816774 0.00030320724957150653 0.00025933758631024672 -0.0016131562818650549 0.0027098843435765648 -0.0013319663551977856 0.00080566256855844258 -0.0022475682824874697 0.0010071462175579673
leaf_weight=106 3542 212 637 100 165 127 2282 115 152 106 376 229 227 191
leaf_count=106 3542 212 637 100 165 127 2282 115 152 106 376 229 227 191
internal_value=-1.05473e-05 0.00025024 0.000172735 0.000335352 0.00219104 0.000206571 0.000445186 0.00229079 0.000288963 0.000410036 -0.000365067 -0.000613897 -0.00103105 -0.000544011
internal_weight=8567 5025 4813 4176 271 3905 2755 215 2540 2388 1150 1023 794 567
internal_count=8567 5025 4813 4176 271 3905 2755 215 2540 2388 1150 1023 794 567
cat_boundaries=0 1 2
cat_threshold=480783641 4
is_linear=0
shrinkage=0.03


Tree=78
num_leaves=15
num_cat=1
split_feature=35 30 38 31 38 38 31 1 0 30 30 22 31 28
split_gain=0.748697 0.716987 0.702749 0.893051 0.871991 0.834816 0.780511 0.471844 0.381247 0.588549 0.58075 1.05506 0.82061 0.485661
threshold=0 340.07500000000005 1.9090387393945429 1.1255252100840338 1.7446931160039603 1.5395705944273608 1.1912860821249494 53.500000000000007 11.500000000000002 30.165000000000003 49.500000000000007 577.50000000000011 1.091356184798808 3.0048437500000005
decision_type=1 2 2 8 2 2 8 2 2 2 2 2 10 2
left_child=1 8 3 5 -5 -2 -4 -7 10 -10 11 12 -1 -11
right_child=2 -3 6 4 -6 7 -8 -9 9 13 -12 -13 -14 -15
leaf_value=-0.00064902208108132391 -0.00040609027865708326 0.0022519356491485319 -0.00094238584927682368 -0.00053512863495333758 -0.0021274351119400896 0.0033435811557590667 0.0022507816262532791 0.00065595415579578409 -0.002334661749949635 0.00058370482699732424 0.00010535223463936461 0.0029746080650476033 0.0014982146669993367 -0.001369645962529534
leaf_weight=327 386 152 112 1579 385 106 179 132 129 343 4015 185 314 172
leaf_count=327 386 152 112 1579 385 106 179 132 129 343 4015 185 314 172
internal_value=1.81802e-05 0.0002191 -0.000374674 -0.000533144 -0.000847266 0.000455536 0.0010218 0.00185296 0.000163165 -0.000522577 0.00025439 0.000978828 0.000402822 -6.86764e-05
internal_weight=8516 5637 2879 2588 1964 624 291 238 5485 644 4841 826 641 515
internal_count=8516 5637 2879 2588 1964 624 291 238 5485 644 4841 826 641 515
cat_boundaries=0 1
cat_threshold=26
is_linear=0
shrinkage=0.03


Tree=79
num_leaves=15
num_cat=3
split_feature=37 2 31 23 29 32 13 1 30 30 38 35 37 26
split_gain=0.989965 0.677084 0.739154 0.619082 0.890813 0.472096 1.36256 1.83167 0.612764 1.32935 0.48155 0.475274 0.468246 0.491134
threshold=0 1.0000000180025095e-35 8.173220338983052 135.50000000000003 1.5000000000000002 2.5000000000000004 1.0000000180025095e-35 22.500000000000004 30.165000000000003 40.250000000000007 1.4630972320037119 1 2 0.044466403162055343
decision_type=9 2 10 2 2 2 2 2 2 2 2 1 9 8
left_child=-1 2 5 12 -5 6 7 -2 10 -10 -7 -8 -3 -14
right_child=1 3 -4 4 -6 8 11 -9 9 -11 -12 -13 13 -15
leaf_value=-0.000647493803669905 0.0057403468298590152 -0.0007846255910697789 0.0026604627468623221 0.00029876260975883766 -0.0032038313726697877 -0.0027854259592396294 0.0012167187211161944 0.00080773399539104881 0.0030179114655490861 0.00013059795846167449 -0.00016468071388550703 -0.00091908402836674615 -0.00013080104264372492 0.002316250531002879
leaf_weight=1646 103 387 116 110 161 110 134 198 148 4735 148 260 200 117
leaf_count=1646 103 387 116 110 161 110 134 198 148 4735 148 260 200 117
internal_value=1.15782e-05 0.000168878 0.000289166 -0.000563701 -0.00178211 0.000242033 0.000975888 0.00249564 0.000142825 0.00021811 -0.00128205 -0.00018514 -9.46808e-05 0.00074875
internal_weight=8573 6927 5952 975 271 5836 695 301 5141 4883 258 394 704 317
internal_count=8573 6927 5952 975 271 5836 695 301 5141 4883 258 394 704 317
cat_boundaries=0 1 2 3
cat_threshold=1728418478 12 12584960
is_linear=0
shrinkage=0.03


Tree=80
num_leaves=15
num_cat=3
split_feature=37 0 37 38 1 31 37 10 33 31 22 38 22 21
split_gain=1.00854 0.74307 0.94222 1.98793 0.73804 0.592548 0.669828 0.4964 0.4156 0.698447 0.468742 0.413084 0.60666 0.511087
threshold=0 11.500000000000002 1 1.5958471275654438 29.500000000000004 3.6235752716062195 2 1.0000000180025095e-35 1.0000000180025095e-35 3.4625129264125198 7391.3750000000009 1.2525543601075786 3375.1000000000008 182.54166666666669
decision_type=9 2 9 2 2 10 9 2 2 8 2 2 2 2
left_child=1 2 3 -1 -5 6 -3 -4 11 10 -10 12 -9 -13
right_child=-2 5 7 4 -6 -7 -8 8 9 -11 -12 13 -14 -15
leaf_value=-0.00084561052553459035 -0.00045417317589957251 -0.0025706374403972436 -0.0012793964170601797 0.0050187193430387056 0.0019580942759445555 0.0013742909357441883 -0.00038503986319278119 3.4754848109712674e-05 0.0008892072667625059 0.0029143610052918467 -0.00132994132374133 0.00022066164135521141 -0.0021577609401591171 0.0021297064871627792
leaf_weight=178 2852 164 187 117 180 114 504 404 509 133 103 2879 158 132
leaf_count=178 2852 164 187 117 180 114 504 404 509 133 103 2879 158 132
internal_value=6.29892e-06 0.000234598 0.000370007 0.00162707 0.0031638 -0.000624722 -0.00096587 0.000233335 0.000299387 0.000943936 0.000515723 0.000164993 -0.000581646 0.000304353
internal_weight=8614 5762 4980 475 297 782 668 4505 4318 745 612 3573 562 3011
internal_count=8614 5762 4980 475 297 782 668 4505 4318 745 612 3573 562 3011
cat_boundaries=0 1 2 3
cat_threshold=2578725963 154144768 270532608
is_linear=0
shrinkage=0.03


Tree=81
num_leaves=15
num_cat=2
split_feature=37 0 30 27 7 23 32 1 36 0 25 28 23 38
split_gain=0.794776 0.764744 0.586369 0.70831 0.462323 0.790195 0.571391 0.547415 0.493891 0.421854 0.566465 0.910757 0.68029 0.637153
threshold=0 11.500000000000002 39.500000000000007 13.999982638888889 1.0000000180025095e-35 60.500000000000007 4.5000000000000009 27.500000000000004 1 9.5000000000000018 0.56205128205128219 1.2354513888888892 87.500000000000014 1.2918543289329587
decision_type=9 2 2 2 2 2 2 2 9 2 8 2 2 2
left_child=-1 2 3 -2 5 -3 -6 -8 -9 -4 11 12 -11 -13
right_child=1 4 9 -5 6 -7 7 8 -10 10 -12 13 -14 -15
leaf_value=-0.00065140166419259472 0.00048525098766223087 0.00044002782922972911 1.7819069850865506e-05 0.0026430523766042746 0.0012992403916901021 -0.0027159467325174667 -0.0022815593048159419 0.0010545639917785166 -0.0014018546565113445 0.0012539258572161832 -0.0012368396885523742 0.00032063486320488478 -0.0014445215019380083 0.0030322454973065759
leaf_weight=1468 535 109 4694 184 164 207 145 160 120 176 110 116 161 238
leaf_count=1468 535 109 4694 184 164 207 145 160 120 176 110 116 161 238
internal_value=-1.83083e-05 0.000112997 0.000231817 0.00103746 -0.000701606 -0.00162734 -0.000204951 -0.000785391 -1.05901e-05 0.000126402 0.00076272 0.00108103 -3.52434e-05 0.0021437
internal_weight=8587 7119 6214 719 905 316 589 425 280 5495 801 691 337 354
internal_count=8587 7119 6214 719 905 316 589 425 280 5495 801 691 337 354
cat_boundaries=0 1 2
cat_threshold=1712145057 35
is_linear=0
shrinkage=0.03


Tree=82
num_leaves=15
num_cat=4
split_feature=37 2 32 13 0 31 22 21 23 35 35 24 18 36
split_gain=1.09486 0.785652 0.773344 0.8467 1.09866 0.732033 0.74609 0.648715 0.559565 0.543979 0.499834 0.972624 0.843199 0.750684
threshold=0 1.0000000180025095e-35 2.5000000000000004 1.0000000180025095e-35 6.5000000000000009 8.173220338983052 136.55000000000004 36.166666666666679 135.50000000000003 1 2 27.530000000000005 1.0000000180025095e-35 3
decision_type=9 2 2 2 2 8 2 2 2 1 1 10 2 9
left_child=-1 2 3 4 -2 6 -4 -8 -3 -5 -9 13 -13 -12
right_child=1 8 5 9 -6 -7 7 10 -10 -11 11 12 -14 -15
leaf_value=-0.00072743478388962303 0.0047412047743458641 -0.00016246798316994196 -0.0015566146646218359 0.0017947961284573045 0.0010801504658125589 0.0022303454797907639 0.0013588479523759002 -0.00067480574937084619 -0.0016718269656390407 -0.00033511349613369197 0.0033085184599468977 0.00015852972743171615 -0.0019483288439236404 0.00028977751998338731
leaf_weight=1633 110 720 242 146 224 145 369 708 319 345 142 3083 181 163
leaf_count=1633 110 720 242 146 224 145 369 708 319 345 142 3083 181 163
internal_value=-3.14451e-05 0.000134204 0.000269245 0.00112062 0.00228589 0.00012969 6.73751e-05 0.000151965 -0.00062588 0.000327949 4.78409e-05 0.000192547 4.16972e-05 0.0018132
internal_weight=8530 6897 5858 825 334 5033 4888 4646 1039 491 4277 3569 3264 305
internal_count=8530 6897 5858 825 334 5033 4888 4646 1039 491 4277 3569 3264 305
cat_boundaries=0 1 2 3 4
cat_threshold=1711600180 12 1 4
is_linear=0
shrinkage=0.03


Tree=83
num_leaves=15
num_cat=3
split_feature=37 2 23 21 35 31 30 6 22 31 0 35 31 27
split_gain=0.888056 0.584075 0.774533 0.753792 0.532735 0.851014 0.500476 1.04531 0.966812 0.626011 0.614201 0.62394 0.580904 0.580021
threshold=0 1.0000000180025095e-35 138.50000000000003 56.333333333333336 1 2.6228785436617055 65.500000000000014 2.5000000000000004 260.4500000000001 1.9505869062052248 5.5000000000000009 2 1.3881787869164817 18.333043981481485
decision_type=9 2 2 2 1 8 2 2 2 8 2 1 10 2
left_child=-1 4 3 -3 5 -2 8 13 10 -9 -6 -12 -10 -8
right_child=1 2 -4 -5 6 -7 7 9 12 -11 11 -13 -14 -15
leaf_value=-0.00046516975931208281 0.00044151636074931294 0.0014824379375204444 -0.0019072164553645653 -0.00084347524679557334 0.0018609588744835364 0.0029464002745226026 -0.00059225231297536192 0.0036136019761518886 0.0011976719743059317 0.00065757884942286183 0.00021889074186065216 -0.0020816854479791666 0.0036885669575377291 0.00021259544793235198
leaf_weight=2453 409 212 257 307 116 174 1310 108 444 160 308 152 104 2094
leaf_count=2453 409 212 257 307 116 174 1310 108 444 160 308 152 104 2094
internal_value=1.63969e-05 0.000208736 -0.000560341 0.000106609 0.000320075 0.00116906 0.000213988 4.48818e-05 0.000768348 0.00184881 -8.98517e-05 -0.000581795 0.0016704 -9.71433e-05
internal_weight=8608 6155 776 519 5379 583 4796 3672 1124 268 576 460 548 3404
internal_count=8608 6155 776 519 5379 583 4796 3672 1124 268 576 460 548 3404
cat_boundaries=0 1 2 3
cat_threshold=1716851372 2 17
is_linear=0
shrinkage=0.03


Tree=84
num_leaves=15
num_cat=4
split_feature=37 0 30 32 31 35 30 24 30 30 37 27 37 0
split_gain=0.953408 0.764586 0.627795 0.714472 0.576133 0.549704 0.647149 0.509076 0.495484 0.491764 0.851537 0.465137 0.463678 0.445411
threshold=0 11.500000000000002 62.500000000000007 3.5000000000000004 1.0004392299048519 1 30.165000000000003 5.9314999999999065 69.250000000000014 37.250000000000007 2 7.9994907407407414 3 6.5000000000000009
decision_type=9 2 2 2 8 1 2 8 2 2 9 2 9 2
left_child=13 2 3 5 -3 -2 12 -4 -9 -6 -11 -10 -7 -1
right_child=1 4 7 -5 9 6 -8 8 11 10 -12 -13 -14 -15
leaf_value=6.3804929035857482e-05 0.0032527205321606521 -0.0021578254483193213 0.0019372514107372305 0.00014024929898938458 -0.0021817038369934174 0.0015990993695065253 0.0026399520805697081 -0.0018915641753885306 0.0019010042460767301 -0.00074807051658334488 0.0014490517788799478 6.1777203497547929e-05 -0.00085309682099132095 -0.0011247689486984596
leaf_weight=414 139 185 134 559 108 108 148 114 127 459 230 4839 159 902
leaf_count=414 139 185 134 559 108 108 148 114 127 459 230 4839 159 902
internal_value=-5.03327e-06 0.000129077 0.000250136 0.000896934 -0.000649587 0.00166045 0.00102408 0.000112068 6.39231e-05 -0.000299494 -4.45957e-06 0.000108813 0.000166743 -0.000745193
internal_weight=8625 7309 6327 1113 982 554 415 5214 5080 797 689 4966 267 1316
internal_count=8625 7309 6327 1113 982 554 415 5214 5080 797 689 4966 267 1316
cat_boundaries=0 1 2 3 4
cat_threshold=1644204986 12 272648192 268443717
is_linear=0
shrinkage=0.03


Tree=85
num_leaves=15
num_cat=3
split_feature=37 25 24 38 31 35 23 32 13 23 13 30 26 37
split_gain=0.874413 0.678026 0.650831 0.612576 0.57986 0.727388 0.568519 0.547852 0.511964 0.546085 0.502607 0.476756 0.463675 0.647543
threshold=0 0.19000000000000003 52.772333333333087 1.1631210325998844 7.4976562500000012 1 58.500000000000007 3.5000000000000004 1.0000000180025095e-35 102.50000000000001 0.50000000000000011 46.500000000000007 0.05634920634920635 2
decision_type=9 10 10 2 10 1 2 2 2 2 2 2 10 9
left_child=1 2 6 8 5 -5 7 -1 -3 -10 -2 -12 13 -7
right_child=10 3 -4 4 -6 12 -8 -9 9 -11 11 -13 -14 -15
leaf_value=0.0041431119569236979 -0.00058957763107176818 -0.0016550263138323861 5.7521913355837265e-05 -0.0021194831954780965 0.0023087459157745374 0.0012843881645710376 0.00022521281352345929 0.0015439153370896315 0.0010351260426054629 -0.0012760455059469677 -0.00075743422759696837 0.0019276567197040113 -0.00062417874839155671 0.00019660303015194271
leaf_weight=117 2114 298 333 110 119 569 141 194 208 165 100 147 487 3386
leaf_count=117 2114 298 333 110 119 569 141 194 208 165 100 147 487 3386
internal_value=5.13362e-05 0.000240262 0.00106392 0.000119677 0.000241437 0.000187393 0.00180535 0.00252175 -0.000727927 1.27579e-05 -0.000438104 0.000840575 0.000248731 0.000356846
internal_weight=8488 6127 785 5342 4671 4552 452 311 671 373 2361 247 4442 3955
internal_count=8488 6127 785 5342 4671 4552 452 311 671 373 2361 247 4442 3955
cat_boundaries=0 1 2 3
cat_threshold=2297973986 4 144703490
is_linear=0
shrinkage=0.03


Tree=86
num_leaves=15
num_cat=0
split_feature=38 1 27 24 25 30 5 38 32 29 22 1 1 32
split_gain=0.48526 0.653631 0.459348 1.06261 0.571442 0.491887 0.456208 0.544727 0.507436 0.624148 0.609146 0.807935 1.08389 0.585025
threshold=0.86209474721110635 268.00000000000006 17.003738425925928 33.996666666666577 0.65500000000000014 58.500000000000007 0.58570000000000011 1.8732391241147028 30.500000000000004 2.5000000000000004 1946.8125000000002 20.500000000000004 12.500000000000002 15.500000000000002
decision_type=2 2 2 10 10 2 2 2 2 2 2 2 2 2
left_child=-1 2 -2 5 6 -4 7 8 9 13 11 12 -11 -5
right_child=1 -3 3 4 -6 -7 -8 -9 -10 10 -12 -13 -14 -15
leaf_value=-0.0017662123550128723 -0.00018300987020159281 0.0023120288784054784 0.003779331896853234 1.7226577965053835e-05 0.0022333153275571564 0.00091499005205224497 0.0015753608728770417 -0.0015982141555286942 -0.0016005580748322528 0.00023085869452257131 0.0012203502222327982 0.00059696262749207168 -0.0036220616125501692 -0.0019153400117436937
leaf_weight=140 5339 110 105 442 111 111 163 192 154 159 637 631 112 207
leaf_count=140 5339 110 105 442 111 111 163 192 154 159 637 631 112 207
internal_value=-1.44065e-05 1.45388e-05 -1.56805e-05 0.000279746 0.000123775 0.00230738 3.69528e-05 -6.20056e-05 6.39347e-05 0.000181088 0.000510125 8.5577e-06 -0.00136149 -0.00059917
internal_weight=8613 8473 8363 3024 2808 216 2697 2534 2342 2188 1539 902 271 649
internal_count=8613 8473 8363 3024 2808 216 2697 2534 2342 2188 1539 902 271 649
is_linear=0
shrinkage=0.03


Tree=87
num_leaves=15
num_cat=1
split_feature=37 2 25 31 30 6 25 31 30 25 14 38 23 22
split_gain=0.780193 0.548735 0.694938 0.5351 0.52902 0.435976 0.354867 0.875711 0.636998 0.565878 0.832864 0.45417 0.866782 0.714026
threshold=0 1.0000000180025095e-35 0.42678571428571432 8.173220338983052 9.1250000000000018 1.5000000000000002 0.17000000000000001 1.0133141338059373 182.10000000000002 0.15000000000000005 2.5000000000000004 1.9090387393945429 73.500000000000014 3819.7015000000001
decision_type=9 2 10 10 2 2 8 8 2 10 2 2 2 2
left_child=-1 3 -3 4 -2 -4 8 -8 9 10 -6 -9 -13 -14
right_child=1 2 5 -5 6 -7 7 11 -10 -11 -12 12 13 -15
leaf_value=-0.00074949743198070285 0.0017678703747515099 0.00028280874677533819 -0.0017507462405477298 0.0019893414402731126 -0.00068621221594277013 0.00044252983913802116 -0.00087772269821162951 0.00014400371318770306 -0.00093630492960548265 0.0030219869355981549 0.0023013342429339043 0.0029266455700568289 -0.0011042196021758413 0.0017470292380193666
leaf_weight=947 192 511 392 157 178 103 726 4447 138 135 159 159 171 147
leaf_count=947 192 511 392 157 178 103 726 4447 138 135 159 159 171 147
internal_value=5.80825e-05 0.000159288 -0.000493237 0.000258854 0.000216745 -0.00129437 0.000169171 9.49533e-05 0.000856598 0.00138079 0.000723342 0.000238366 0.00111809 0.000213811
internal_weight=8562 7615 1006 6609 6452 495 6260 5650 610 472 337 4924 477 318
internal_count=8562 7615 1006 6609 6452 495 6260 5650 610 472 337 4924 477 318
cat_boundaries=0 1
cat_threshold=1644266112
is_linear=0
shrinkage=0.03


Tree=88
num_leaves=15
num_cat=2
split_feature=37 38 25 36 32 38 24 30 23 30 32 23 28 25
split_gain=0.85656 0.663946 0.669725 0.532669 0.965188 0.880191 0.790337 0.761535 0.614637 0.569957 0.457713 0.423491 0.577255 1.15266
threshold=0 1.2455941970795092 0.62481481481481493 1 8.5000000000000018 1.7640522733386785 12.766833333337564 259.62500000000006 110.50000000000001 130.50000000000003 28.500000000000004 74.500000000000014 0.53105902777777791 0.43223443223443231
decision_type=9 2 10 9 2 2 10 2 2 2 2 2 2 10
left_child=1 -1 3 5 6 10 -5 8 -7 -10 11 -3 -13 -14
right_child=-2 2 -4 4 -6 7 -8 -9 9 -11 -12 12 13 -15
leaf_value=-0.00074226561355744377 -0.00032344345760802474 -0.00013643177018474932 0.0022661227284595698 0.00079589670770801593 -0.00064659915608353909 -0.001981911624362692 0.0044809232112866916 0.0016413312987212769 -0.0016023652856874701 0.00092551239655892315 -0.00094595151525266518 0.00030550180874787804 0.0033733982913369356 0.00071251135802848022
leaf_weight=494 4940 431 171 100 120 325 110 110 139 190 171 646 215 460
leaf_count=494 4940 431 171 100 120 325 110 110 139 190 171 646 215 460
internal_value=-6.56395e-05 0.000280363 0.000439705 0.000336186 0.00145559 0.000192575 0.00272615 -0.000668136 -0.00105658 -0.000142497 0.000535533 0.00068013 0.000946548 0.00156005
internal_weight=8622 3682 3188 3017 330 2687 210 764 654 329 1923 1752 1321 675
internal_count=8622 3682 3188 3017 330 2687 210 764 654 329 1923 1752 1321 675
cat_boundaries=0 1 2
cat_threshold=161483008 49
is_linear=0
shrinkage=0.03


Tree=89
num_leaves=15
num_cat=1
split_feature=37 30 31 31 23 22 38 24 17 30 23 28 22 30
split_gain=0.929514 0.404783 0.842727 0.964409 0.482399 0.406094 0.649875 0.965628 0.555005 0.655416 0.592548 0.512578 0.504446 0.934798
threshold=0 40.250000000000007 1.5201026298909559 0.6909759149202378 46.500000000000007 6444.0500000000002 2.0583589362611492 20.675166666667213 1.0000000180025095e-35 192.22500000000002 129.50000000000003 0.53105902777777791 1946.8125000000002 277.02500000000003
decision_type=9 2 10 10 2 2 2 10 2 2 2 2 2 2
left_child=1 2 3 4 -1 12 7 -7 10 -10 11 -9 -3 -14
right_child=-2 5 -4 -5 -6 6 -8 8 9 -11 -12 -13 13 -15
leaf_value=0.0027924069403670727 -0.00047670083383883591 -3.1048068712089544e-05 0.0027245858261440263 -0.00098032401983592921 0.00045456107493509283 -0.0028797203564847056 0.0017537267941918448 0.00091939338794292281 0.00010174323924549735 -0.0033244907835382033 0.0019723431196732419 -0.0012844787383879963 0.001010594842971011 -0.00093790993048363221
leaf_weight=135 2758 2553 166 280 193 154 107 166 101 100 134 222 1236 270
leaf_count=135 2758 2553 166 280 193 154 107 166 101 100 134 222 1236 270
internal_value=-2.41004e-05 0.000190981 0.000830098 0.000312853 0.00141678 9.32682e-05 -0.000453498 -0.000722795 -0.000263367 -0.00160285 0.000252412 -0.000341585 0.000225818 0.000661261
internal_weight=8575 5817 774 608 328 5043 984 877 723 201 522 388 4059 1506
internal_count=8575 5817 774 608 328 5043 984 877 723 201 522 388 4059 1506
cat_boundaries=0 1
cat_threshold=3652725842
is_linear=0
shrinkage=0.03


Tree=90
num_leaves=15
num_cat=1
split_feature=38 37 38 22 32 30 25 29 31 29 30 21 30 30
split_gain=0.76184 0.641827 0.56094 0.873525 0.545208 0.562457 0.409542 0.402244 0.582183 0.551974 0.838231 0.914376 0.507211 0.51233
threshold=0.86209474721110635 0 2.0928937732388158 10236.604000000001 30.500000000000004 309.12500000000006 0.24695121951219515 3.5000000000000004 1.6316860465116281 1.0000000180025095e-35 72.500000000000014 73.783333333333346 180.25000000000003 130.50000000000003
decision_type=2 9 2 2 2 2 10 2 8 2 2 2 2 2
left_child=-1 2 3 4 5 7 -3 8 -2 -10 -11 -12 13 -9
right_child=1 6 -4 -5 -6 -7 -8 12 9 10 11 -13 -14 -15
leaf_value=-0.0022089900924702702 -4.2107660932862363e-05 0.00025775472461949728 0.0025166609446252031 -0.0023898917781672315 -0.0010874676645379251 0.0025408711832259658 -0.00034419738438204141 2.5728519692955934e-05 0.0026487308388979205 -0.00098820388343648434 0.0035174026704536607 0.00078043401317756482 -0.00054209920348212643 0.002696052501525264
leaf_weight=138 685 1411 105 106 213 115 3645 183 168 193 130 709 680 100
leaf_count=138 685 1411 105 106 213 115 3645 183 168 193 130 709 680 100
internal_value=2.03218e-06 3.81711e-05 0.000357135 0.000289134 0.000378547 0.000483934 -0.00017586 0.000400876 0.000655708 0.00105404 0.000794444 0.00120452 -9.79376e-05 0.000969306
internal_weight=8581 8443 3387 3282 3176 2963 5056 2848 1885 1200 1032 839 963 283
internal_count=8581 8443 3387 3282 3176 2963 5056 2848 1885 1200 1032 839 963 283
cat_boundaries=0 1
cat_threshold=187702980
is_linear=0
shrinkage=0.03


Tree=91
num_leaves=15
num_cat=4
split_feature=37 31 36 37 35 28 22 33 22 31 10 24 31 33
split_gain=1.01818 0.503391 0.517847 1.34034 0.894529 0.624555 0.765369 0.666446 0.631903 0.626845 0.634325 0.593448 0.651462 0.564745
threshold=0 7.7898305084745774 1 2 3 6.3706655092592603 10314.918 1.0000000180025095e-35 1382.0940000000001 5.3583467094703057 1.0000000180025095e-35 32.396333333334191 4.1197106291250618 1.0000000180025095e-35
decision_type=9 10 9 9 1 2 2 2 2 10 2 8 10 2
left_child=1 2 5 -4 -5 6 9 -7 -9 10 -1 -12 -13 -6
right_child=-2 -3 3 4 13 7 -8 8 -10 -11 11 12 -14 -15
leaf_value=-0.0017674728181744628 -0.00073154563721216162 0.0016433984518634996 0.0035551529160097002 0.0020374684701469172 0.00034643022934829014 0.0001694319990365916 -0.0027924069919733003 0.0004839702283383393 0.0031154312974235802 -0.0021222967698060454 -0.00087274784686666425 9.2582273476450879e-05 0.0024359176651027204 -0.0013372194404946639
leaf_weight=191 1411 197 119 212 709 1395 102 183 149 141 575 2804 111 240
leaf_count=191 1411 197 119 212 709 1395 102 183 149 141 575 2804 111 240
internal_value=1.81129e-06 0.0001478 0.000105503 0.000647767 0.000321951 -1.84377e-05 -0.000227701 0.000456933 0.00166496 -0.000159255 -8.40613e-05 8.06806e-06 0.000181814 -7.85335e-05
internal_weight=8539 7128 6931 1280 1161 5651 3924 1727 332 3822 3681 3490 2915 949
internal_count=8539 7128 6931 1280 1161 5651 3924 1727 332 3822 3681 3490 2915 949
cat_boundaries=0 1 2 3 4
cat_threshold=3655879906 49 276824064 18
is_linear=0
shrinkage=0.03


Tree=92
num_leaves=15
num_cat=2
split_feature=37 21 33 1 13 38 30 22 28 31 27 27 35 21
split_gain=1.0097 0.745803 0.709464 0.876117 0.792167 0.775038 0.595251 0.571319 0.517145 0.745378 0.531747 0.563907 0.508542 0.576841
threshold=0 75.958333333333357 1.0000000180025095e-35 23.500000000000004 1.0000000180025095e-35 1.4597742690589017 54.750000000000007 2751.3490000000006 0.96294560185185196 3.1885887096774197 17.003738425925928 13.99935763888889 1 182.54166666666669
decision_type=9 2 2 2 2 2 2 2 2 8 2 2 1 2
left_child=1 2 4 -4 5 -1 -7 8 10 -10 11 -6 -3 -14
right_child=-2 12 3 -5 7 6 -8 -9 9 -11 -12 -13 13 -15
leaf_value=-4.879084444301991e-05 -0.00027403236562100646 -0.0010117444305649123 0.00010266859220739986 0.0035802978065763709 0.0002321706011014826 0.0041528979841677933 0.0013795166626763362 0.0018722296549213053 0.002659584944646225 -0.00067563308071435634 0.00060341830551624293 -0.0024888509868490442 9.2479293045163324e-05 0.002230795354203298
leaf_weight=163 4798 344 105 172 102 120 166 129 109 135 145 209 1842 121
leaf_count=163 4798 344 105 172 102 120 166 129 109 135 145 209 1842 121
internal_value=1.63699e-05 0.000376888 0.000885656 0.00226206 0.000587327 0.00160222 0.00254317 3.76467e-05 -0.000300441 0.00081428 -0.000896914 -0.00159643 3.55941e-05 0.000223149
internal_weight=8660 3862 1555 277 1278 449 286 829 700 244 456 311 2307 1963
internal_count=8660 3862 1555 277 1278 449 286 829 700 244 456 311 2307 1963
cat_boundaries=0 1 2
cat_threshold=145230914 1
is_linear=0
shrinkage=0.03


Tree=93
num_leaves=15
num_cat=0
split_feature=38 0 24 25 32 26 1 30 30 1 23 23 32 33
split_gain=0.654524 0.407858 0.610571 0.47686 0.495441 1.0791 0.433864 0.366152 0.922505 0.345893 0.339674 0.382685 0.703855 0.676452
threshold=0.99992301308194964 11.500000000000002 5.2015000000000002 0.30384615384615393 4.5000000000000009 0.05634920634920635 27.500000000000004 104.50000000000001 49.500000000000007 236.50000000000003 192.50000000000003 37.500000000000007 1.5000000000000002 1.0000000180025095e-35
decision_type=2 2 8 10 2 8 2 2 2 2 2 2 2 2
left_child=-1 9 -3 7 5 -5 -6 8 -4 10 11 12 -2 -13
right_child=1 2 3 4 6 -7 -8 -9 -10 -11 -12 13 -14 -15
leaf_value=-0.0012679846667876086 0.0014272577856547395 -0.0026147739210392574 0.0019713974241704606 0.0022311799871497112 -0.0028070760563458884 -0.0018192629430106738 -0.00075038897161327947 0.0018629771061731797 -0.0018529000020772218 0.0016994656070601195 -0.0011794053223621588 6.485388416994357e-05 -0.00046744211942065261 0.00092596447097423524
leaf_weight=374 198 111 104 131 123 108 370 133 125 120 189 3858 1622 1043
leaf_count=374 198 111 104 131 123 108 370 133 125 120 189 3858 1622 1043
internal_value=-4.0535e-05 1.52107e-05 -0.00049474 -0.000279636 -0.000720096 0.000400854 -0.00126352 0.000611019 -0.000116101 0.00010262 7.48894e-05 0.000110161 -0.000261315 0.00024811
internal_weight=8609 8235 1205 1094 732 239 493 362 229 7030 6910 6721 1820 4901
internal_count=8609 8235 1205 1094 732 239 493 362 229 7030 6910 6721 1820 4901
is_linear=0
shrinkage=0.03


Tree=94
num_leaves=15
num_cat=2
split_feature=37 30 26 25 31 36 25 31 31 31 25 31 30 30
split_gain=0.690669 0.856444 0.760965 0.739414 0.733923 0.59201 0.569812 0.493917 0.473375 0.821325 0.888166 0.697353 0.448371 0.575295
threshold=0 40.250000000000007 0.04083333333333334 0.5594117647058825 0.62923872590659724 1 0.24195121951219514 0.73226861167002022 1.4919352507587804 1.0823369463999704 0.17000000000000001 0.91867732558139548 170.12500000000003 181.10000000000002
decision_type=9 2 10 10 8 9 10 10 10 10 10 10 2 2
left_child=1 2 3 7 -3 -6 8 -1 9 11 -11 -7 -2 -14
right_child=12 4 -4 -5 5 6 -8 -9 -10 10 -12 -13 13 -15
leaf_value=0.0036813731472046963 -0.00047388401311656149 -0.0015437305428117178 -0.0004247020185825282 -0.00021740718063239644 -0.001262416793249999 0.0016539222568355719 5.8493446604572006e-05 0.0015088584194745634 3.9545333581276651e-05 0.0011519887842472612 0.0048909915972930882 -0.0013630900649626836 0.001971550061575698 -0.00018396120161964243
leaf_weight=167 2934 241 189 123 238 170 3013 216 322 127 104 116 161 362
leaf_count=167 2934 241 189 123 238 170 3013 216 322 127 104 116 161 362
internal_value=-2.82767e-06 0.000221518 0.00119956 0.00180625 6.5082e-05 0.00015988 0.000250385 0.00245614 0.000942488 0.00150486 0.00283535 0.000430239 -0.000328685 0.00047959
internal_weight=8483 5026 695 506 4331 4090 3852 383 839 517 231 286 3457 523
internal_count=8483 5026 695 506 4331 4090 3852 383 839 517 231 286 3457 523
cat_boundaries=0 1 2
cat_threshold=2293272421 1
is_linear=0
shrinkage=0.03


Tree=95
num_leaves=15
num_cat=5
split_feature=37 38 23 24 38 36 30 30 28 36 37 30 35 12
split_gain=1.18089 1.4752 0.953948 0.480515 0.395016 0.733629 0.706361 0.702261 0.68892 0.704577 0.687545 0.63062 0.619963 0.835282
threshold=0 1.5996014894837869 34.500000000000007 7.486666666665756 1.674253511114981 1 161.12500000000003 194.10000000000002 2.1058738425925934 2 3 265.77500000000003 4 1.0000000180025095e-35
decision_type=9 2 2 8 2 9 2 2 2 9 9 2 1 2
left_child=1 -1 -3 -2 10 6 8 -8 9 -6 -5 -9 13 -12
right_child=3 2 -4 4 5 -7 7 11 -10 -11 12 -13 -14 -15
leaf_value=-0.00097014627302996806 -0.0012410795165654176 0.00086974281685527511 0.0041376447206394823 0.0010334706135720856 -0.00040264556207791533 0.0015584951300886185 0.0015704770086037371 -0.001020867743847015 0.00058506529417028206 -0.0020207471799900019 0.00011875708167961952 0.001048758417168709 -0.00051181680229348957 0.0022564199019194935
leaf_weight=148 293 148 176 658 468 160 233 418 214 535 3353 194 1450 173
leaf_count=148 293 148 176 658 468 160 233 418 214 535 3353 194 1450 173
internal_value=3.71677e-05 0.00148001 0.0026449 -4.81607e-05 -3.73054e-06 -0.000342469 -0.00049513 0.000168826 -0.000960204 -0.0012899 0.000129865 -0.00036481 8.28331e-06 0.000223007
internal_weight=8621 472 324 8149 7856 2222 2062 845 1217 1003 5634 612 4976 3526
internal_count=8621 472 324 8149 7856 2222 2062 845 1217 1003 5634 612 4976 3526
cat_boundaries=0 1 2 3 4 5
cat_threshold=136314880 49 1 276840512 26
is_linear=0
shrinkage=0.03


Tree=96
num_leaves=15
num_cat=2
split_feature=35 32 23 27 33 23 22 23 30 30 30 27 38 36
split_gain=0.437334 0.463236 0.565696 0.694689 0.459941 0.628103 0.482588 0.430914 0.402772 0.592357 0.686786 0.574341 0.459752 1.50333
threshold=0 4.5000000000000009 55.500000000000007 13.999508101851854 1.0000000180025095e-35 56.500000000000007 577.50000000000011 125.50000000000001 309.12500000000006 275.27500000000003 267.02500000000003 28.515098379629634 1.674253511114981 1
decision_type=1 2 2 2 2 2 2 2 2 2 2 2 2 9
left_child=8 2 3 -2 6 -6 -3 -8 9 10 12 -10 -1 -14
right_child=1 4 -4 -5 5 -7 7 -9 11 -11 -12 -13 13 -15
leaf_value=0.00027773623672330242 -1.2130097395950747e-06 -0.0018033377036917953 -0.00040459395554663099 0.0022841970451140344 -0.0014745403161774938 0.0010457334482932435 5.0756464648901474e-05 -0.0013718817622295184 0.00024215746215883302 -0.0012448566949572286 0.0025226939606554284 0.0029868909250944852 -0.0010919438046833926 0.00090670374138358649
leaf_weight=3527 310 405 789 195 133 269 469 324 198 292 107 105 909 528
leaf_count=3527 310 405 789 195 133 269 469 324 198 292 107 105 909 528
internal_value=-2.43159e-05 -0.000323702 9.72317e-05 0.000881272 -0.000666155 0.000211912 -0.000960799 -0.000530498 0.000128944 6.90502e-05 0.000144708 0.0011933 9.345e-05 -0.000358866
internal_weight=8560 2894 1294 505 1600 402 1198 793 5666 5363 5071 303 4964 1437
internal_count=8560 2894 1294 505 1600 402 1198 793 5666 5363 5071 303 4964 1437
cat_boundaries=0 1 2
cat_threshold=26 48
is_linear=0
shrinkage=0.03


Tree=97
num_leaves=15
num_cat=1
split_feature=17 35 30 1 0 38 26 31 38 27 30 1 31 31
split_gain=0.553215 0.474565 0.818673 0.490578 0.684729 1.10272 0.711775 0.489031 0.543218 0.373764 0.505352 0.377472 0.584314 0.585092
threshold=3.5000000000000004 0 304.85000000000008 6.5000000000000009 4.5000000000000009 1.5762844250625376 0.02355875831485588 0.40720431576072119 1.9221461371088242 30.62453125 212.12500000000003 35.500000000000007 2.308391608391609 2.1475599371451475
decision_type=2 1 2 2 2 2 8 8 2 2 2 2 10 8
left_child=1 3 7 4 -1 6 -6 -3 -9 11 -11 12 13 -5
right_child=-2 2 -4 9 5 -7 -8 8 -10 10 -12 -13 -14 -15
leaf_value=-0.00071016017398605597 0.0019507441759642754 0.0011750167742892715 -0.003044650091137737 -0.00015040854374668054 0.001055876851322078 0.003060113132369759 -0.001746438106956874 -0.00051193927201905473 0.0011258395189117417 -0.0024849235383139568 0.00032583903538871482 0.00028649775169831035 -0.0010002621235685218 0.0017351798436549654
leaf_weight=219 124 193 100 1150 354 204 106 2437 197 126 106 2416 661 170
leaf_count=219 124 193 100 1150 354 204 106 2437 197 126 106 2416 661 170
internal_value=-3.85086e-05 -6.77381e-05 -0.000375721 9.63148e-05 0.000744503 0.00122428 0.000410126 -0.000282641 -0.000389448 -2.71215e-05 -0.0012007 3.48001e-05 -0.000272167 9.24324e-05
internal_weight=8563 8439 2927 5512 883 664 460 2827 2634 4629 232 4397 1981 1320
internal_count=8563 8439 2927 5512 883 664 460 2827 2634 4629 232 4397 1981 1320
cat_boundaries=0 1
cat_threshold=26
is_linear=0
shrinkage=0.03


Tree=98
num_leaves=15
num_cat=2
split_feature=17 37 23 38 36 38 21 1 24 32 23 21 31 38
split_gain=0.538064 0.601661 0.745764 0.50138 0.501199 1.75447 1.18705 1.08928 0.778562 0.77246 0.671136 0.509415 0.474198 0.459015
threshold=3.5000000000000004 0 96.500000000000014 1.2074333109433419 1 1.7772362101009602 173.63333333333335 47.500000000000007 26.866833333333421 4.5000000000000009 36.500000000000007 49.416666666666679 7.7898305084745774 1.34745223916715
decision_type=2 9 2 2 9 2 2 2 8 2 2 2 10 2
left_child=1 3 -3 -1 8 6 9 -7 10 -6 -5 -12 -10 -11
right_child=-2 2 -4 4 5 7 -8 -9 12 13 11 -13 -14 -15
leaf_value=-0.00071082563817553618 0.0019304614116279948 -0.00030720182500887768 -0.0020966504340404236 0.001067958986355474 0.0023248518452977612 0.004890865256759123 -0.0025563474692308938 0.0007825983264649818 0.00013361935417631636 0.0015697304592811364 -0.00059450956715050604 -0.0026289225146628736 0.0021073908162245578 -0.0005679971852155007
leaf_weight=638 121 2364 230 112 174 130 127 105 3587 122 241 205 113 349
leaf_count=638 121 2364 230 112 174 130 127 105 3587 122 241 205 113 349
internal_value=-5.59774e-05 -8.42649e-05 -0.000464076 8.32836e-05 0.00017967 0.000777905 9.47464e-05 0.00305526 3.62777e-05 0.000616745 -0.00100823 -0.00152961 0.000193899 -1.42758e-05
internal_weight=8618 8497 2594 5903 5265 1007 772 235 4258 645 558 446 3700 471
internal_count=8618 8497 2594 5903 5265 1007 772 235 4258 645 558 446 3700 471
cat_boundaries=0 1 2
cat_threshold=3651692744 49
is_linear=0
shrinkage=0.03


Tree=99
num_leaves=15
num_cat=2
split_feature=38 2 37 5 25 38 26 28 21 1 30 21 27 35
split_gain=0.577722 0.486197 0.551457 0.700096 0.661561 0.6624 1.0418 0.597187 0.734263 0.726204 0.84536 0.51955 0.640745 0.509523
threshold=0.99992301308194964 1.0000000180025095e-35 0 0.63070000000000015 0.34891304347826091 1.8451663867716344 0.039230769230769243 2.9389178240740743 79.533333333333346 14.500000000000002 57.050000000000004 88.916666666666671 13.958206018518521 1
decision_type=2 2 9 2 8 2 10 2 2 2 2 2 2 1
left_child=-1 2 -2 4 5 7 -7 9 -9 -4 -11 12 -3 -6
right_child=1 11 3 -5 13 6 -8 8 -10 10 -12 -13 -14 -15
leaf_value=-0.0011620819716396768 -0.00026856571435927487 0.00055028361454479064 0.0016200387959086409 0.0019329451036748267 0.00029966439202167293 0.0035980209318824626 0.0002859702520903998 0.0028034133504627754 -0.00032326437705517585 0.00067622915006359109 -0.0022526585961687353 0.0007667324169031214 -0.0013515541313993159 -0.00043450261299039577
leaf_weight=371 2113 212 137 228 2374 174 168 162 116 160 199 216 643 1313
leaf_count=371 2113 212 137 228 2374 174 168 162 116 160 199 216 643 1313
internal_value=-4.09878e-06 4.81972e-05 0.000137558 0.00030805 0.000231557 0.00087152 0.00197105 0.000385681 0.00149876 -0.00023818 -0.000947305 -0.000547876 -0.000879987 3.785e-05
internal_weight=8586 8215 7144 5031 4803 1116 342 774 278 496 359 1071 855 3687
internal_count=8586 8215 7144 5031 4803 1116 342 774 278 496 359 1071 855 3687
cat_boundaries=0 1 2
cat_threshold=3827090469 10
is_linear=0
shrinkage=0.03


Tree=100
num_leaves=15
num_cat=2
split_feature=37 38 24 31 38 30 38 28 6 37 32 31 30 1
split_gain=0.781542 1.55157 1.04324 1.2784 0.675686 0.914695 0.615725 0.55073 0.54094 0.493349 0.630955 0.492296 0.475942 0.661385
threshold=0 1.5919057552441671 3.2871666666666903 1.200840336134454 1.674253511114981 264.02500000000003 0.86209474721110635 1.3800347222222225 1.0000000180025095e-35 1 30.500000000000004 2.308391608391609 302.72500000000008 12.500000000000002
decision_type=9 2 10 8 2 2 2 2 2 9 2 10 2 2
left_child=1 -1 3 -3 6 7 -2 -6 -9 11 12 -8 13 -11
right_child=4 2 -4 -5 5 -7 9 8 -10 10 -12 -13 -14 -15
leaf_value=-0.0005066748936618659 -0.0019140737998509392 -0.0014758045547932851 0.0038597009418081529 0.0028818662413819269 -0.00093723600276543928 0.0014260179414228278 0.00012897961428139998 0.0010683064793424641 -0.0010073743390643763 0.0016155840307931586 -0.0013632006654079303 -0.00082530186013427909 0.0024473642770392007 0.00028288271659658831
leaf_weight=354 128 112 187 132 1567 207 1971 281 189 397 160 646 117 2151
leaf_count=354 128 112 187 132 1567 207 1971 281 189 397 160 646 117 2151
internal_value=5.67536e-05 0.000952852 0.00217374 0.000881624 -3.44444e-05 -0.000474003 0.00014258 -0.000667083 0.000233618 0.000190954 0.000464937 -0.000106177 0.000576439 0.000490529
internal_weight=8599 785 431 244 7814 2244 5570 2037 470 5442 2825 2617 2665 2548
internal_count=8599 785 431 244 7814 2244 5570 2037 470 5442 2825 2617 2665 2548
cat_boundaries=0 1 2
cat_threshold=154665986 3292827708
is_linear=0
shrinkage=0.03


Tree=101
num_leaves=15
num_cat=3
split_feature=0 37 26 30 30 37 1 27 35 23 0 24 25 26
split_gain=0.658098 0.721642 0.609992 0.458724 0.712521 0.70315 0.780783 0.770979 0.691498 0.854703 0.672414 0.609706 0.602234 0.601425
threshold=11.500000000000002 0 0.05634920634920635 121.50000000000001 161.12500000000003 1 20.500000000000004 17.003738425925928 2 128.50000000000003 6.5000000000000009 673.12316666666027 0.17000000000000001 1.0000000180025095e-35
decision_type=2 9 10 2 2 9 2 2 1 2 2 10 10 10
left_child=1 -1 -2 5 13 7 -7 -3 9 10 -6 12 -10 -5
right_child=2 3 -4 4 8 6 -8 -9 11 -11 -12 -13 -14 -15
leaf_value=-0.00069767767457960871 -0.00025605270562246898 0.0007682380380038611 -0.001698274439358011 -3.6268099730613483e-05 0.0021288750042999841 0.0010533047967993688 -0.000288487609534697 0.0031628215889213606 -0.0020350737408127476 0.0032846087278277777 -0.0010895444467249843 -0.0022780976608820546 0.00019217401921903804 -0.0016754333632263607
leaf_weight=1002 854 758 382 409 103 560 1288 144 115 136 135 103 2190 397
leaf_count=1002 854 758 382 409 103 560 1288 144 115 136 135 103 2190 397
internal_value=-6.13707e-05 4.64707e-05 -0.000701788 0.000164957 -5.82232e-05 0.000456745 0.00011748 0.00113791 0.00016933 0.00135128 0.000303301 -1.97752e-05 8.10532e-05 -0.000843649
internal_weight=8576 7340 1236 6338 3588 2750 1848 902 2782 374 238 2408 2305 806
internal_count=8576 7340 1236 6338 3588 2750 1848 902 2782 374 238 2408 2305 806
cat_boundaries=0 1 2 3
cat_threshold=1678050038 2553806848 22
is_linear=0
shrinkage=0.03


Tree=102
num_leaves=15
num_cat=1
split_feature=35 38 31 31 5 23 1 27 24 23 27 32 38 28
split_gain=0.556945 0.501501 0.610464 0.557114 0.528129 0.415963 0.478218 0.568266 0.44694 0.415667 0.561381 0.403293 0.359683 0.363016
threshold=0 1.9160984674185728 1.1912860821249494 0.5018165865072145 0.36035 137.00000000000003 9.5000000000000018 13.999369212962966 33.996666666666577 44.500000000000007 13.418373842592596 4.5000000000000009 1.7263057173343859 8.5183912037037057
decision_type=1 2 8 8 2 2 2 2 8 2 2 2 2 2
left_child=-1 3 -3 -2 5 6 7 -5 -8 -10 -11 -6 13 -12
right_child=1 2 -4 4 11 -7 8 -9 9 10 12 -13 -14 -15
leaf_value=0.00017172379617850882 0.0010305381623312722 -0.00088524302760646114 0.0020172843886302329 -0.0032534481460784227 0.0020872883541243419 -0.001582136014009155 -0.0010768750043914485 -0.00048929437017981327 -0.00095562340249954211 0.0023870758318131459 0.00094602480648193577 -0.00021676317128181761 -0.0015684142439985776 -0.00083304283767391687
leaf_weight=5635 207 107 167 119 105 436 479 153 270 111 336 196 101 149
leaf_count=5635 207 107 167 119 105 436 479 153 270 111 336 196 101 149
internal_value=-2.78044e-06 -0.000337139 0.000883816 -0.000464079 -0.000590101 -0.000754586 -0.000544568 -0.00169861 -0.000327486 4.3721e-05 0.000430842 0.000586976 6.0292e-05 0.000399466
internal_weight=8571 2936 274 2662 2455 2154 1718 272 1446 967 697 301 586 485
internal_count=8571 2936 274 2662 2455 2154 1718 272 1446 967 697 301 586 485
cat_boundaries=0 1
cat_threshold=26
is_linear=0
shrinkage=0.03


Tree=103
num_leaves=15
num_cat=2
split_feature=37 5 32 24 37 24 24 23 30 23 30 30 7 13
split_gain=0.488719 0.553444 1.02454 0.571523 0.542405 0.749395 0.913143 0.966605 0.671222 0.554105 0.533975 0.850026 0.799883 0.531589
threshold=0 0.045000000000000005 31.500000000000004 474.78833333333142 1 86.438000000000699 120.45833333333286 76.500000000000014 180.25000000000003 119.50000000000001 24.165000000000003 41.250000000000007 1.0000000180025095e-35 0.50000000000000011
decision_type=9 2 2 10 9 10 10 2 2 2 2 2 2 2
left_child=-1 2 3 4 10 -6 -7 -8 9 -9 -2 -12 -13 -10
right_child=1 -3 -4 -5 5 6 7 8 13 -11 11 12 -14 -15
leaf_value=-0.00036907330059776389 -0.00028805555569250948 -0.00020102830393213476 -0.0025691575576246789 -0.00086795575344180895 -3.4648178372566098e-05 0.0025545160207829827 -0.00064171105328064682 0.0042058183513766171 7.741470455673972e-05 0.0011726819709516488 0.0039635001209437663 0.0026281500616044335 -0.00084003699300075438 0.0020944653418673962
leaf_weight=2161 115 2479 104 276 1669 248 404 101 429 117 134 126 114 162
leaf_count=2161 115 2479 104 276 1669 248 404 101 429 117 134 126 114 162
internal_value=2.05992e-05 0.000150927 0.000369483 0.000447948 0.000548304 0.000398391 0.000895807 0.000556681 0.00115514 0.00257794 0.00146967 0.00204944 0.000980761 0.000630312
internal_weight=8639 6478 3999 3895 3619 3130 1461 1213 809 218 489 374 240 591
internal_count=8639 6478 3999 3895 3619 3130 1461 1213 809 218 489 374 240 591
cat_boundaries=0 1 2
cat_threshold=1715733013 136855680
is_linear=0
shrinkage=0.03


Tree=104
num_leaves=15
num_cat=4
split_feature=17 2 36 22 37 28 22 37 31 1 31 31 28 35
split_gain=0.617607 0.482396 0.503664 0.53311 0.701521 0.515428 0.556168 0.403969 0.507948 0.770175 0.86809 0.614888 0.478205 0.428122
threshold=3.5000000000000004 1.0000000180025095e-35 0 1443.4020000000003 1 1.9757060185185187 5742.3000000000002 2 2.6228785436617055 64.500000000000014 3.0984761025167402 2.4583729458101327 2.7889699074074081 3
decision_type=2 2 9 2 9 2 2 9 8 2 10 10 2 1
left_child=1 7 -3 4 -4 -5 -7 8 11 10 -10 -1 -11 -9
right_child=-2 2 3 5 -6 6 -8 13 9 12 -12 -13 -14 -15
leaf_value=0.0002119627228581858 0.0020595634060500321 0.001262580917798914 0.0019067071771233118 -0.0025649015978806661 -0.00070085161548213829 -0.0017881067643280733 0.0011283747574889274 2.0130638652171158e-05 0.002124840389418708 0.0036526653321113352 -0.0004591451700467647 -0.0022022681134287268 0.00095363023404647167 -0.00073867500567918309
leaf_weight=1879 129 110 106 232 458 143 100 3724 172 129 366 100 109 806
leaf_count=1879 129 110 106 232 458 143 100 3724 172 129 366 100 109 806
internal_value=-5.27971e-07 -3.20375e-05 -0.000603333 -0.000805281 -0.000189398 -0.00155351 -0.000587909 5.8068e-05 0.000343803 0.000995573 0.000366962 8.99703e-05 0.00241655 -0.000116209
internal_weight=8563 8434 1149 1039 564 475 243 7285 2755 776 538 1979 238 4530
internal_count=8563 8434 1149 1039 564 475 243 7285 2755 776 538 1979 238 4530
cat_boundaries=0 1 2 3 4
cat_threshold=4 268435473 435171530 26
is_linear=0
shrinkage=0.03


Tree=105
num_leaves=15
num_cat=2
split_feature=37 28 27 27 17 1 7 28 22 13 36 27 22 7
split_gain=0.645337 1.26492 1.29854 0.768299 0.70227 0.428234 0.618721 0.705128 0.749162 0.66951 0.561627 0.532907 0.831132 0.615088
threshold=0 1.1472222222222224 17.003738425925928 13.999334490740742 3.5000000000000004 12.500000000000002 1.0000000180025095e-35 2.9389178240740743 1349.3500000000001 1.0000000180025095e-35 1 13.958015046296298 1226.2728750000001 1.5000000000000002
decision_type=9 2 2 2 2 2 2 2 2 2 9 2 2 2
left_child=1 2 3 -1 5 6 -2 9 -9 10 -8 -11 13 -13
right_child=4 -3 -4 -5 -6 -7 7 8 -10 11 -12 12 -14 -15
leaf_value=0.0022800897584030672 0.0025131792279240567 -0.0015103873049490122 0.0045759168522781692 -0.0012318997574730379 0.0023009890223569841 -0.00017083491620837352 0.0033922461597675467 -0.0018479374544438354 0.00040398648369216152 -0.0011891544099587796 0.00038138417937741501 0.00072122056920885698 -0.0002258736029798659 0.0038229988593101393
leaf_weight=126 113 121 120 101 115 6424 121 254 279 178 117 132 358 102
leaf_count=126 113 121 120 101 115 6424 121 254 279 178 117 132 358 102
internal_value=3.56948e-05 0.00110716 0.00205181 0.000717486 -2.68279e-05 -6.00004e-05 0.000370472 0.000213349 -0.000669163 0.000679995 0.00207067 0.000250149 0.000682913 0.00207328
internal_weight=8661 468 347 227 8193 8078 1654 1541 533 1008 238 770 592 234
internal_count=8661 468 347 227 8193 8078 1654 1541 533 1008 238 770 592 234
cat_boundaries=0 1 2
cat_threshold=136314880 36
is_linear=0
shrinkage=0.03


Tree=106
num_leaves=15
num_cat=2
split_feature=22 22 30 32 11 37 35 25 31 1 30 25 27 1
split_gain=0.555472 0.619143 0.567482 0.764389 0.507414 0.490963 0.817514 0.505548 1.10188 0.486455 0.554209 0.737609 0.468102 0.472347
threshold=6402.0500000000002 5742.3000000000002 324.57500000000005 31.500000000000004 1.0000000180025095e-35 0 1 0.28285714285714292 1.0284500202347231 6.5000000000000009 260.75000000000006 0.43223443223443231 18.142488425925929 20.500000000000004
decision_type=2 2 2 2 2 9 1 10 10 2 2 10 2 2
left_child=1 2 4 -4 5 12 7 8 -7 -2 11 -11 13 -1
right_child=9 -3 3 -5 -6 6 -8 -9 -10 10 -12 -13 -14 -15
leaf_value=0.0009196656651897355 0.0012334740406261125 0.0019895710913861333 0.0034207154240784715 -0.00014492297278545602 -0.0012279893304833005 -0.0010420828727621804 -0.00068991146512522032 3.5144999857989197e-05 0.0029336488297769078 -0.00062065706581342962 0.0010285945160560476 -0.0026616425715142236 0.0015803436723177914 -9.9166634027282301e-05
leaf_weight=625 109 149 103 114 295 102 1547 2934 163 600 119 217 275 1188
leaf_count=625 109 149 103 114 295 102 1547 2934 163 600 119 217 275 1188
internal_value=-1.53075e-05 7.50357e-05 3.62029e-05 0.00154752 -9.80021e-06 4.27848e-05 -0.000125985 0.000148024 0.00140337 -0.000663272 -0.000884154 -0.00116275 0.000424965 0.000252058
internal_weight=8540 7495 7346 217 7129 6834 4746 3199 265 1045 936 817 2088 1813
internal_count=8540 7495 7346 217 7129 6834 4746 3199 265 1045 936 817 2088 1813
cat_boundaries=0 1 2
cat_threshold=2444759409 26
is_linear=0
shrinkage=0.03


Tree=107
num_leaves=15
num_cat=4
split_feature=0 37 37 5 31 5 32 37 5 24 22 24 28 35
split_gain=0.542301 0.45756 0.447328 0.696176 0.382663 0.501065 0.547986 0.363326 0.349947 0.361363 0.493631 0.492527 0.465325 0.438598
threshold=11.500000000000002 0 1 0.11940000000000002 1.0004392299048519 0.045000000000000005 11.500000000000002 2 0.77500000000000013 15.979166666666389 1599.5000000000002 179.81983333332701 18.414976851851858 3
decision_type=2 9 9 2 10 2 2 9 2 8 2 10 2 1
left_child=2 4 3 -1 -2 6 -6 -4 9 10 -9 13 -13 -11
right_child=1 -3 7 -5 5 -7 -8 8 -10 11 -12 12 -14 -15
leaf_value=0.0022152209686073683 -0.0013617755212821066 -0.0012087668282280599 -0.00061583181491081272 -0.00064311765915443819 0.0024162886090169193 -0.00082122147097034824 -0.0003430815428605695 -0.00013519099029461404 0.0017570676558150225 -0.00023111239577962894 -0.0025621053838611779 -0.00042970364475471021 0.00092230878264461659 0.00050373926781182546
leaf_weight=201 150 638 832 124 150 182 114 231 106 1021 112 1985 259 2540
leaf_count=201 150 638 832 124 150 182 114 231 106 1021 112 1985 259 2540
internal_value=-7.70915e-05 -0.000659382 1.98652e-05 0.00109108 -5.01595e-05 0.000389842 0.00122474 -3.07626e-05 4.79308e-05 1.85409e-05 -0.000927653 7.44487e-05 -0.000273656 0.00029381
internal_weight=8645 1234 7411 325 596 446 264 7086 6254 6148 343 5805 2244 3561
internal_count=8645 1234 7411 325 596 446 264 7086 6254 6148 343 5805 2244 3561
cat_boundaries=0 1 2 3 4
cat_threshold=3332409473 20447232 1677984413 1
is_linear=0
shrinkage=0.03


Tree=108
num_leaves=15
num_cat=3
split_feature=37 35 5 32 38 22 5 30 37 34 27 30 33 31
split_gain=0.673541 0.66992 1.03577 1.2316 0.616857 0.72672 0.543823 0.477203 0.477142 0.494672 0.446317 0.442362 0.545331 1.05624
threshold=0 1 0.31010000000000004 12.500000000000002 1.674253511114981 2751.3490000000006 0.61250000000000016 108.30000000000001 2 1.0000000180025095e-35 13.999542824074075 243.55000000000004 1.0000000180025095e-35 3.0002965012848395
decision_type=9 1 2 2 2 2 2 2 9 2 2 2 2 8
left_child=1 2 3 -1 8 7 11 -6 10 -10 -2 12 -3 -14
right_child=4 6 -4 -5 5 -7 -8 -9 9 -11 -12 -13 13 -15
leaf_value=0.0010711986418833494 0.0024293941723590251 9.0379270190824382e-05 -0.0008949735233050992 0.0048442995296015092 -0.0011295104304441476 0.00045193979873239424 0.001938884709649188 -0.0033907034853358042 0.00021494878716677638 -0.00052548614296550708 0.00019187865846757884 -0.00042921033958964386 0.00047744928468419545 0.003929567685237785
leaf_weight=279 128 1966 139 108 499 237 149 101 1587 1663 215 1042 366 102
leaf_count=279 128 1966 139 108 499 237 149 101 1587 1663 215 1042 366 102
internal_value=3.64796e-05 0.000310635 0.00130158 0.00212416 -0.000220613 -0.000954572 0.00016366 -0.00151014 -5.02486e-05 -0.000163423 0.00099778 8.80353e-05 0.000309469 0.00122983
internal_weight=8581 4151 526 387 4430 837 3625 600 3593 3250 343 3476 2434 468
internal_count=8581 4151 526 387 4430 837 3625 600 3593 3250 343 3476 2434 468
cat_boundaries=0 1 2 3
cat_threshold=423111755 18 8388608
is_linear=0
shrinkage=0.03


Tree=109
num_leaves=15
num_cat=1
split_feature=31 38 37 31 31 38 38 23 0 23 24 23 32 30
split_gain=0.468993 0.477212 0.436233 0.410906 0.719625 0.79245 0.730175 0.672371 0.518837 0.624046 0.517298 0.713081 0.557559 0.489462
threshold=0.1106014271151886 0.99992301308194964 0 2.4757543249946594 2.6228785436617055 1.5495464895386581 1.5368410093463665 166.50000000000003 7.5000000000000009 138.50000000000003 533.18250000001296 156.50000000000003 23.500000000000004 296.02500000000003
decision_type=8 2 9 10 10 2 2 2 2 2 8 2 2 2
left_child=-1 -2 -3 13 6 10 -5 8 9 -7 11 -6 -13 -4
right_child=1 2 3 4 5 7 -8 -9 -10 -11 -12 12 -14 -15
leaf_value=0.0018147910086394061 -0.0010814802533232219 -0.00051920926539782489 0.00032686298799580277 -1.9298216035384515e-05 -0.00080750918273753331 0.0011199553868546268 -0.0033914946201370985 -0.00096826370857795458 0.0018706007051348154 -0.0016209222377605132 -0.0025113150841902646 0.0027822651371813959 -0.00030483730886639516 -0.0013310668636141458
leaf_weight=127 366 1126 4636 109 729 229 123 187 350 111 113 101 110 166
leaf_count=127 366 1126 4636 109 729 229 123 187 350 111 113 101 110 166
internal_value=5.26314e-06 -2.1914e-05 2.60219e-05 0.00011476 -0.000228511 -3.87481e-05 -0.00180714 0.000627357 0.00105979 0.000225139 -0.00059352 -0.000362976 0.00117288 0.00026955
internal_weight=8583 8456 8090 6964 2162 1930 232 877 690 340 1053 940 211 4802
internal_count=8583 8456 8090 6964 2162 1930 232 877 690 340 1053 940 211 4802
cat_boundaries=0 1
cat_threshold=605032615
is_linear=0
shrinkage=0.03


Tree=110
num_leaves=15
num_cat=5
split_feature=31 35 38 31 37 5 28 24 38 33 37 37 0 36
split_gain=0.757953 0.779351 0.668392 0.66052 0.890875 0.656552 0.580338 0.518328 0.501399 0.486692 0.59105 0.466896 0.657669 0.657094
threshold=0.1106014271151886 0 1.9090387393945429 0.83747257569109268 1 0.060650000000000003 3.6321701388888892 3.2871666666666903 1.6526597798703981 1.0000000180025095e-35 2 3 13.500000000000002 4
decision_type=8 1 2 8 9 2 2 10 2 2 9 9 2 9
left_child=-1 3 7 6 8 -4 -2 -3 -5 11 -11 12 -9 -13
right_child=1 2 5 4 -6 -7 -8 9 -10 10 -12 13 -14 -15
leaf_value=0.0024351979890109405 -0.00017228338836847872 -0.0026808540370905458 -0.00046288747070678349 0.00064753687570748091 0.00021456005087870848 0.0024121618319173995 -0.0022241837001638486 -0.00084143441988699741 0.0034923348189672319 -0.00066204059641396522 0.0012482572367896719 -0.0019894490441838297 -0.003139861939083785 0.00034845879880731522
leaf_weight=115 459 101 145 102 4745 141 170 1081 123 288 277 123 125 571
leaf_count=115 459 101 145 102 4745 141 170 1081 123 288 277 123 125 571
internal_value=1.60721e-05 -1.6847e-05 -0.000419645 0.000188741 0.000304998 0.000954532 -0.000726851 -0.000574443 0.00210896 -0.000488135 0.000284888 -0.000718008 -0.00107078 -8.82701e-05
internal_weight=8566 8451 2852 5599 4970 286 629 2566 225 2465 565 1900 1206 694
internal_count=8566 8451 2852 5599 4970 286 629 2566 225 2465 565 1900 1206 694
cat_boundaries=0 1 2 3 4 5
cat_threshold=26 169869312 2724200576 809543951 1
is_linear=0
shrinkage=0.03


Tree=111
num_leaves=15
num_cat=2
split_feature=37 2 27 30 27 29 0 27 23 29 23 37 25 30
split_gain=0.492608 0.381286 0.41872 0.809132 0.624911 0.60028 0.435778 1.07784 0.398994 0.577995 0.516202 0.547096 0.489418 0.370331
threshold=0 1.0000000180025095e-35 29.165914351851857 304.85000000000008 30.201909722222226 3.5000000000000004 5.5000000000000009 29.853153935185187 135.50000000000003 1.5000000000000002 118.50000000000001 1 0.32250000000000006 259.62500000000006
decision_type=9 2 2 2 2 2 2 2 2 2 2 9 8 2
left_child=-1 2 5 4 6 -2 -4 -8 10 -10 11 -3 -13 -6
right_child=1 8 3 -5 13 -7 7 -9 9 -11 -12 12 -14 -15
leaf_value=-0.0004795228167189226 0.00026128308351669157 -0.0011753922862356089 0.002710487554110747 0.0033137223657328059 -0.00065832211075874823 -0.00068202695781092136 -0.0012070053809364431 0.0027318408022342657 0.00021824745494606238 -0.002553887534182175 0.0018746593379764817 -0.00038123604107218289 0.0021898928050544451 0.0013014499654177476
leaf_weight=1274 4664 325 145 104 374 698 133 118 119 157 110 169 110 113
leaf_count=1274 4664 325 145 104 374 698 133 118 119 157 110 169 110 113
internal_value=6.28252e-05 0.000157412 0.000243014 0.000810866 0.000516079 0.000138487 0.00140113 0.000644723 -0.000389973 -0.00135866 -1.55246e-05 -0.000359763 0.000610586 -0.000203591
internal_weight=8613 7339 6349 987 883 5362 396 251 990 276 714 604 279 487
internal_count=8613 7339 6349 987 883 5362 396 251 990 276 714 604 279 487
cat_boundaries=0 1 2
cat_threshold=638333856 12584968
is_linear=0
shrinkage=0.03


Tree=112
num_leaves=15
num_cat=3
split_feature=35 37 30 32 33 23 31 5 25 7 37 25 31 31
split_gain=0.393332 1.07268 1.0314 0.817487 0.589631 0.683143 0.739798 0.53076 0.693978 0.599887 0.554377 0.460437 0.459932 0.425522
threshold=0 1 30.165000000000003 6.5000000000000009 1.0000000180025095e-35 87.500000000000014 1.9261208576998052 0.34055000000000007 0.39791666666666675 1.0000000180025095e-35 2 0.20937500000000003 1.5201026298909559 1.2808240993126334
decision_type=1 9 2 2 2 2 10 2 10 2 9 8 8 8
left_child=1 2 -1 -4 7 6 13 8 9 -2 -11 -12 -9 -6
right_child=4 -3 3 -5 5 -7 -8 12 -10 10 11 -13 -14 -15
leaf_value=-0.00074700058796350834 -0.0011009901426801019 0.00011056889561225899 0.004744787198343042 0.0013562535141387049 -0.00044562733600780901 0.0016950294842638573 -0.0021631924466445768 -0.00063495223354566993 -0.0011264659944376385 -0.00069861275860794668 -0.00055589252456019703 0.0017499704737687135 0.0017648206654478583 0.0020113949336970608
leaf_weight=101 306 5279 113 148 140 284 123 124 1076 218 104 311 171 116
leaf_count=101 306 5279 113 148 140 284 123 124 1076 218 104 311 171 116
internal_value=7.35665e-05 0.000220534 0.00177806 0.00282332 -0.000205342 0.000582579 -0.000251026 -0.000432375 -0.00060637 -1.03926e-05 0.000516816 0.00114454 0.000756103 0.000667711
internal_weight=8614 5641 362 261 2973 663 379 2310 2015 939 633 415 295 256
internal_count=8614 5641 362 261 2973 663 379 2310 2015 939 633 415 295 256
cat_boundaries=0 1 2 3
cat_threshold=26 136871936 2822776834
is_linear=0
shrinkage=0.03


Tree=113
num_leaves=15
num_cat=5
split_feature=38 37 35 37 31 38 30 38 37 38 37 31 14 30
split_gain=0.466175 0.365611 0.35902 0.82557 1.2849 0.962487 0.670226 0.626064 0.611978 0.522205 0.641136 0.870597 0.493856 0.566336
threshold=0.91783015016038239 0 1 2 1.034847013113162 1.5431886136165553 311.72500000000008 1.8587381502079776 3 1.7772362101009602 4 1.8762045512381398 2.5000000000000004 127.50000000000001
decision_type=2 9 1 9 10 2 2 2 9 2 9 10 2 2
left_child=-1 -2 3 4 -3 -6 8 9 -4 -5 -11 -12 13 -9
right_child=1 2 6 7 5 -7 -8 12 -10 10 11 -13 -14 -15
leaf_value=-0.0013743936942816881 -0.00041801415158070608 -0.00077054941346152471 -0.00086258358674693673 0.00022461293762999227 0.0013004331829656354 0.0052931394381215795 -0.0025287556520026343 -0.0026096166416811786 0.00026034723301018398 -0.00043243744193360482 0.0043059363107646013 0.00054841858974065286 0.001028365760024539 -0.000394791720527202
leaf_weight=203 1136 117 587 3746 119 100 102 161 1618 113 112 110 114 293
leaf_count=203 1136 117 587 3746 119 100 102 161 1618 113 112 110 114 293
internal_value=4.62319e-05 8.04496e-05 0.00015846 0.000301526 0.00171651 0.00312359 -0.000150647 0.000195796 -4.1323e-05 0.000326097 0.0014609 0.00233875 -0.000736952 -0.00118023
internal_weight=8631 8428 7292 4985 336 219 2307 4649 2205 4081 335 222 568 454
internal_count=8631 8428 7292 4985 336 219 2307 4649 2205 4081 335 222 568 454
cat_boundaries=0 1 2 3 4 5
cat_threshold=1678000268 26 169902336 2298521856 276824064
is_linear=0
shrinkage=0.03


Tree=114
num_leaves=15
num_cat=1
split_feature=31 24 1 27 27 27 24 36 17 24 21 31 31 32
split_gain=0.606442 0.466769 0.568085 0.481847 0.467277 0.449807 0.536468 0.464256 0.699313 0.539679 0.517688 0.443607 0.435978 0.43468
threshold=0.1106014271151886 17.86833333333605 32.500000000000007 13.999334490740742 17.003738425925928 13.999809027777781 39.46533333333501 0 1.5000000000000002 393.43833333332799 53.500000000000007 1.2190404267189183 2.6228785436617055 1.5000000000000002
decision_type=8 10 2 2 2 2 10 9 2 10 2 8 10 2
left_child=-1 2 3 -2 -4 7 -7 9 -9 10 13 -5 -12 -3
right_child=1 5 4 11 -6 6 -8 8 -10 -11 12 -13 -14 -15
leaf_value=0.0020172758596390485 0.0017049479725716268 -0.0015230941226367246 -0.0013902194281823006 -0.0020684218582568115 0.00076671192843395352 0.0013138414862252196 0.00011023228514521054 -7.4078353046621813e-06 0.0026056549363078375 0.0015168110697226888 -0.0014611764188399599 0.0003120050178219958 0.00058669740086090617 7.0857682674930965e-05
leaf_weight=125 137 187 691 101 104 368 3533 1178 100 109 745 233 107 872
leaf_count=125 137 187 691 101 104 368 3533 1178 100 109 745 233 107 872
internal_value=-5.70541e-05 -8.7685e-05 -0.000618909 0.000206719 -0.00110805 5.73486e-06 0.000223775 -0.000252171 0.000195527 -0.000533743 -0.000653496 -0.000407825 -0.00120399 -0.000210605
internal_weight=8590 8465 1266 471 795 7199 3901 3298 1278 2020 1911 334 852 1059
internal_count=8590 8465 1266 471 795 7199 3901 3298 1278 2020 1911 334 852 1059
cat_boundaries=0 1
cat_threshold=48
is_linear=0
shrinkage=0.03


Tree=115
num_leaves=15
num_cat=3
split_feature=28 28 32 37 1 28 35 24 1 35 31 0 0 23
split_gain=0.528618 0.494196 0.490408 0.392912 0.525628 0.816267 0.567098 0.472975 0.466719 0.413556 0.900945 1.15647 0.454903 0.707565
threshold=15.638628472222225 20.991348379629631 22.500000000000004 0 18.500000000000004 4.1058854166666672 1 17.86833333333605 146.50000000000003 2 2.6228785436617055 6.5000000000000009 9.5000000000000018 187.50000000000003
decision_type=2 2 2 9 2 2 1 10 2 1 10 2 2 2
left_child=3 -2 -3 8 6 -6 -5 -7 9 10 11 -1 13 -11
right_child=1 2 -4 4 5 7 -8 -9 -10 12 -12 -13 -14 -15
leaf_value=0.0024180294837181765 -0.001722115832061379 0.00093715840780604924 -0.0014790753113283286 0.0024397635885287784 -0.00067625232349960483 -0.0011572404274514379 0.00017787068958763063 0.00065421365560762315 0.0016358963934652191 -2.0934000502112373e-05 0.0031923729307329883 -0.0013003513441585443 0.00071370883620967677 -0.0023779507968690215
leaf_weight=126 306 189 126 101 2161 154 1039 823 213 2176 127 187 732 121
leaf_count=126 306 189 126 101 2161 154 1039 823 213 2176 127 187 732 121
internal_value=-2.04466e-05 -0.000863459 -2.93351e-05 4.5321e-05 -0.000150135 -0.000350917 0.000401228 0.000368683 0.000272084 0.000189129 0.00103764 0.000196505 6.2241e-05 -0.000145096
internal_weight=8581 621 315 7960 4278 3138 1140 977 3682 3469 440 313 3029 2297
internal_count=8581 621 315 7960 4278 3138 1140 977 3682 3469 440 313 3029 2297
cat_boundaries=0 1 2 3
cat_threshold=2301148353 4 18
is_linear=0
shrinkage=0.03


Tree=116
num_leaves=15
num_cat=2
split_feature=0 30 37 37 1 23 27 23 1 1 21 28 25 1
split_gain=0.64687 0.553575 0.527143 0.455578 0.424288 0.461208 0.447155 0.436928 0.677778 0.466373 0.590085 0.778948 0.429863 0.688776
threshold=13.500000000000002 30.165000000000003 0 1 118.50000000000001 37.500000000000007 13.999519675925926 14.500000000000002 32.500000000000007 1.0000000180025095e-35 118.83333333333336 5.8600983796296306 0.43223443223443231 22.500000000000004
decision_type=2 2 9 9 2 2 2 2 2 2 2 2 10 2
left_child=2 -2 -1 -4 7 -6 -7 8 -5 10 11 -9 -11 -14
right_child=1 -3 3 4 5 6 -8 9 -10 12 -12 -13 13 -15
leaf_value=0.0019357321226296362 -0.0024697177568025206 -0.0003891903934003212 -0.00047490287466426216 0.00020085990783488993 0.0027055184081823469 0.0021094019574590395 4.2766798031772228e-06 0.0026013197891616951 -0.0024806340097530974 0.00033202435071510566 -0.00061242466191256456 -0.00042235781926334509 -0.0010354367568043902 7.7298365678962281e-05
leaf_weight=127 156 439 1209 197 107 121 364 248 149 2603 143 111 678 1914
leaf_count=127 156 439 1209 197 107 121 364 248 149 2603 143 111 678 1914
internal_value=1.95248e-05 -0.000934673 9.07514e-05 5.83377e-05 0.000156071 0.000922778 0.000529473 8.1219e-05 -0.000953887 0.000144085 0.00101727 0.00166642 5.97079e-05 -0.000213764
internal_weight=8566 595 7971 7844 6635 592 485 6043 346 5697 502 359 5195 2592
internal_count=8566 595 7971 7844 6635 592 485 6043 346 5697 502 359 5195 2592
cat_boundaries=0 1 2
cat_threshold=18350336 604095673
is_linear=0
shrinkage=0.03


Tree=117
num_leaves=15
num_cat=4
split_feature=38 37 31 28 38 38 36 1 30 25 36 37 24 32
split_gain=0.359523 0.510516 0.628412 0.487193 0.38563 0.358326 0.881943 0.795951 0.699899 0.606989 0.590107 0.563405 0.842305 0.590532
threshold=1.1631210325998844 0 0.46316937957065346 0.93167824074074079 1.5231173513563296 1.7446931160039603 1 59.500000000000007 259.62500000000006 0.45972972972972981 2 3 533.18250000001296 30.500000000000004
decision_type=2 9 10 2 2 2 9 2 2 10 9 9 10 2
left_child=3 2 -2 -1 -4 11 8 -8 9 10 -7 -3 13 -13
right_child=1 5 4 -5 -6 6 7 -9 -10 -11 -12 12 -14 -15
leaf_value=0.00052460752862412848 -0.0028947321026703541 -0.00012647099564439427 -0.00083784034866393113 -0.00092342049980336405 0.0008281818544226033 0.00048596475361852389 0.0025611228092479927 -0.00074899854775952195 0.0012842949415401864 -0.0015917455276305704 -0.00094046940058895338 0.00081452179141898386 -0.001102349640511875 -0.0011901830352975854
leaf_weight=283 103 1974 438 801 175 475 179 103 180 468 559 2388 256 140
leaf_count=283 103 1974 438 801 175 475 179 103 180 468 559 2388 256 140
internal_value=-3.49644e-05 3.94231e-05 -0.000716528 -0.000545384 -0.000362222 0.00012083 -0.00021991 0.0013058 -0.000480613 -0.00069532 -0.000289588 0.000261734 0.000535523 0.000703502
internal_weight=8522 7438 716 1084 613 6722 1964 282 1682 1502 1034 4758 2784 2528
internal_count=8522 7438 716 1084 613 6722 1964 282 1682 1502 1034 4758 2784 2528
cat_boundaries=0 1 2 3 4
cat_threshold=34899197 49 1 3295162370
is_linear=0
shrinkage=0.03


Tree=118
num_leaves=15
num_cat=3
split_feature=31 37 25 31 36 1 1 35 21 31 31 31 21 30
split_gain=0.444596 0.33317 0.342608 0.757227 0.753323 0.678719 0.668165 0.447605 0.378877 0.354145 0.765019 0.480599 0.59583 0.590728
threshold=0.1106014271151886 0 0.22290322580645164 2.663388135598137 1 12.500000000000002 97.500000000000014 2 81.208333333333343 1.5126086035176944 1.4553347125757357 1.8048797023563459 128.42500000000004 199.10000000000002
decision_type=8 9 8 8 9 2 2 1 2 8 10 8 2 2
left_child=-1 -2 3 4 -3 -6 7 8 -7 10 -4 13 -13 -11
right_child=1 2 9 -5 5 6 -8 -9 -10 11 -12 12 -14 -15
leaf_value=0.0017815726482849411 -0.00061331829446663647 -0.0011587976197028537 -0.0002811713423682475 -0.0016224131430499255 0.0025962501594245929 0.0017753121772372206 0.0028356583934676435 -0.0014054228261994458 1.449142051020973e-05 0.00026289565174007453 -0.0027385624160808399 5.6769168892517318e-06 -0.0016361649833852424 0.0022637401642411907
leaf_weight=119 882 154 1561 138 205 172 105 111 305 523 123 3774 210 178
leaf_count=119 882 154 1561 138 205 172 105 111 305 523 123 3774 210 178
internal_value=-3.93455e-05 -6.50165e-05 -2.27827e-07 0.000467023 0.000741112 0.00106794 0.000631258 0.000237615 0.000636085 -8.75304e-05 -0.00046066 4.65892e-05 -8.0866e-05 0.000770956
internal_weight=8560 8441 7559 1190 1052 898 693 588 477 6369 1684 4685 3984 701
internal_count=8560 8441 7559 1190 1052 898 693 588 477 6369 1684 4685 3984 701
cat_boundaries=0 1 2 3
cat_threshold=537755789 1 25
is_linear=0
shrinkage=0.03


Tree=119
num_leaves=15
num_cat=1
split_feature=35 30 32 31 31 23 31 31 24 23 24 0 7 30
split_gain=0.282752 0.594204 0.524682 0.494402 0.623366 0.47084 0.99414 0.513142 0.753488 0.534849 0.493245 0.730742 0.793186 0.682527
threshold=0 324.57500000000005 26.500000000000004 2.4757543249946594 2.6050267885282072 126.50000000000001 2.2263297191155131 2.0575120277345413 343.21749999999776 152.50000000000003 103.51366666666524 4.5000000000000009 1.5000000000000002 30.165000000000003
decision_type=1 2 2 10 10 2 10 8 10 2 8 2 2 2
left_child=-1 3 -3 5 -5 10 7 8 9 -7 11 -2 13 -13
right_child=1 2 -4 4 -6 6 -8 -9 -10 -11 -12 12 -14 -15
leaf_value=-0.00022612423156284826 0.0019732855309677476 0.0032214227570886056 0.00030024311449569022 -0.0021523722404287373 -0.00015290921235544433 0.0012396601311825584 0.0037349960837951479 -0.0013876494446482797 0.0031869264242889652 -0.0012047739340593593 -0.00021764803767117659 -0.0012178977302791478 0.0024781035680060794 0.00037736256391262152
leaf_weight=2391 255 105 117 155 1483 202 102 104 104 134 1782 306 131 1143
leaf_count=2391 255 105 117 155 1483 202 102 104 104 134 1782 306 131 1143
internal_value=5.00067e-05 0.000157946 0.00168188 0.000100882 -0.000342114 0.000271097 0.00101713 0.00050753 0.000955482 0.000264797 0.000137854 0.000483089 0.000242582 4.04753e-05
internal_weight=8514 6123 222 5901 1638 4263 646 544 440 336 3617 1835 1580 1449
internal_count=8514 6123 222 5901 1638 4263 646 544 440 336 3617 1835 1580 1449
cat_boundaries=0 1
cat_threshold=1
is_linear=0
shrinkage=0.03


Tree=120
num_leaves=15
num_cat=4
split_feature=37 38 23 0 24 37 17 4 22 35 30 28 30 37
split_gain=0.689512 0.568836 0.698881 0.523117 0.493117 0.46605 0.776353 0.444481 0.430357 0.439398 0.557078 0.37885 0.370063 0.364544
threshold=0 1.674253511114981 71.500000000000014 11.500000000000002 673.12316666666027 1 1.0000000180025095e-35 1.0000000180025095e-35 2751.3490000000006 2 62.500000000000007 2.265405092592593 98.500000000000014 3
decision_type=9 2 2 2 10 9 2 2 2 1 2 2 2 9
left_child=3 2 11 4 7 12 -7 -1 9 -3 -11 -2 -5 -13
right_child=1 8 -4 5 -6 6 -8 -9 -10 10 -12 13 -14 -15
leaf_value=0.00028853901673019485 -2.0650457375985664e-05 -0.00051067550230569458 0.0015723722260445356 -0.0028127361728911638 -0.0014236278412863611 0.0013752567901887667 -0.0016431914446307459 0.0020121311732206036 7.8313121240118294e-05 -0.00090716218189649785 -0.0033410922778216567 -0.00030849877579771365 -0.00071582322170844488 -0.0016768955803077362
leaf_weight=4309 1478 283 195 112 147 201 124 139 223 156 185 475 234 283
leaf_count=4309 1478 283 195 112 147 201 124 139 223 156 185 475 234 283
internal_value=-4.12892e-05 -0.000382191 -0.000150087 0.000171317 0.000285904 -0.000610817 0.000216928 0.000342401 -0.00105287 -0.00145713 -0.00216416 -0.000300301 -0.00135542 -0.000845584
internal_weight=8544 3278 2431 5266 4595 671 325 4448 847 624 341 2236 346 758
internal_count=8544 3278 2431 5266 4595 671 325 4448 847 624 341 2236 346 758
cat_boundaries=0 1 2 3 4
cat_threshold=427108803 274726912 14 2684371004
is_linear=0
shrinkage=0.03


Tree=121
num_leaves=15
num_cat=2
split_feature=35 0 24 24 0 31 31 25 32 22 35 23 31 23
split_gain=0.292602 0.33437 0.507681 0.347875 0.341819 0.462541 0.668853 0.381406 0.468805 0.505435 0.369552 0.36181 0.32662 0.350525
threshold=0 11.500000000000002 6.5023333333351196 47.769833333333061 9.5000000000000018 8.173220338983052 5.3583467094703057 0.58411764705882363 16.500000000000004 1774.8968750000001 1 186.50000000000003 0.40720431576072119 13.500000000000002
decision_type=1 2 10 10 2 10 10 8 2 2 1 2 8 2
left_child=12 4 -3 -4 5 6 11 8 9 10 -6 -2 -1 -14
right_child=1 2 3 -5 7 -7 -8 -9 -10 -11 -12 -13 13 -15
leaf_value=0.00097294838801618511 0.0001659768267094317 -0.0022212163148674336 0.00099983501785206024 -0.00062953220047730655 0.0026036992249726431 0.002018589957215061 -0.0018023309825121194 -0.0007959637032659624 0.0024527578041826405 -0.00070180328974840472 0.00024778443478743151 -0.0014710504005476831 0.0012709647932682524 -0.00046593181576754569
leaf_weight=173 4352 128 171 380 113 110 169 112 168 167 136 125 110 2119
leaf_count=173 4352 128 171 380 113 110 169 112 168 167 136 125 110 2119
internal_value=-1.60587e-06 0.000108367 -0.000519243 -0.000123867 0.000186729 9.5858e-05 5.03349e-05 0.000807681 0.00111523 0.000575073 0.00143145 0.00012027 -0.000281585 -0.000380217
internal_weight=8533 6131 679 551 5452 4756 4646 696 584 416 249 4477 2402 2229
internal_count=8533 6131 679 551 5452 4756 4646 696 584 416 249 4477 2402 2229
cat_boundaries=0 1 2
cat_threshold=1 12
is_linear=0
shrinkage=0.03


Tree=122
num_leaves=15
num_cat=4
split_feature=0 24 17 37 30 31 30 36 30 38 35 24 31 37
split_gain=0.435868 0.743576 0.632203 0.614965 0.874549 0.650793 0.614584 0.753966 0.932939 0.58969 0.601704 0.673429 0.586558 0.563839
threshold=11.500000000000002 3.7850000000000006 3.5000000000000004 0 110.50000000000001 2.6228785436617055 97.500000000000014 1 30.165000000000003 1.8529559090467236 2 105.43750000000176 3.50347924244396 3
decision_type=2 10 2 9 2 10 2 9 2 2 1 10 8 9
left_child=2 -2 3 4 6 -6 7 9 -9 10 11 -1 -7 -3
right_child=1 13 -4 -5 5 12 -8 8 -10 -11 -12 -13 -14 -15
leaf_value=0.00076059273170367208 -0.0025349936372842828 0.0015548020262576756 0.0023259643939751631 -0.00012180955331934948 -0.0012321982996193049 0.0024255624633062528 0.0031798970613867864 0.00016541672431464704 0.0038949765448956942 -0.0011179629054018541 -0.0006120850073057226 0.0035892209527774318 -0.00012635776900614683 -0.00051317137818749823
leaf_weight=303 147 126 111 5311 348 108 109 105 142 190 185 101 325 940
leaf_count=303 147 126 111 5311 348 108 109 105 142 190 185 101 325 940
internal_value=-7.98916e-06 -0.000534793 7.90935e-05 4.45837e-05 0.000503819 -0.000266211 0.00103812 0.000810582 0.00221967 0.000331054 0.000804099 0.0014323 0.000510149 -0.000258968
internal_weight=8551 1213 7338 7227 1916 781 1135 1026 247 779 589 404 433 1066
internal_count=8551 1213 7338 7227 1916 781 1135 1026 247 779 589 404 433 1066
cat_boundaries=0 1 2 3 4
cat_threshold=431501569 49 11 1143472257
is_linear=0
shrinkage=0.03


Tree=123
num_leaves=15
num_cat=3
split_feature=25 24 37 1 35 31 37 24 25 31 30 21 27 30
split_gain=0.368573 0.376803 0.61735 0.556581 0.550984 0.508674 0.547858 0.550732 0.462782 0.450589 0.524184 0.589904 0.444894 0.387587
threshold=0.24195121951219514 75.343166666665937 0 24.500000000000004 1 6.3930205949656758 2 13.420333333333257 0.45972972972972981 1.5126086035176944 103.50000000000001 9.9166666666666696 12.784461805555557 36.250000000000007
decision_type=10 8 9 2 1 8 9 10 10 8 2 2 2 2
left_child=-1 5 3 -3 -4 6 9 -8 -6 -2 11 -11 -10 -14
right_child=1 2 4 -5 8 -7 7 -9 12 10 -12 -13 13 -15
leaf_value=0.00037199017394108858 -0.00075564737555673612 0.003151449377696468 -0.0016218359982940456 0.00050272691914686506 -0.00046938600752272324 0.0010638181388872609 -0.0027556392836951367 -0.00074467515856189905 0.002016007347933215 -0.00015784426445059258 -0.00021438437605341063 0.0028372140604435428 -0.0011380746996113103 0.00026807912974530218
leaf_weight=1743 446 102 182 238 1175 194 138 1096 122 102 369 141 191 2311
leaf_count=1743 446 102 182 238 1175 194 138 1096 122 102 369 141 191 2311
internal_value=-1.72602e-05 -0.000116932 5.23692e-05 0.00126028 -5.38235e-05 -0.000411199 -0.000536048 -0.00096177 2.53565e-05 -3.01306e-05 0.000498103 0.00158003 0.000246994 0.000160735
internal_weight=8550 6807 4321 340 3981 2486 2292 1234 3799 1058 612 243 2624 2502
internal_count=8550 6807 4321 340 3981 2486 2292 1234 3799 1058 612 243 2624 2502
cat_boundaries=0 1 2 3
cat_threshold=1350565891 4 2189172872
is_linear=0
shrinkage=0.03


Tree=124
num_leaves=15
num_cat=2
split_feature=38 25 0 37 31 13 31 0 7 22 37 31 22 31
split_gain=0.342777 0.315353 0.627805 0.515337 0.472059 0.428622 0.392335 0.339992 0.562886 0.326935 0.373798 0.326067 0.344228 0.392302
threshold=0.98725786372330604 0.24195121951219514 4.5000000000000009 0 1.7497993579454256 1.0000000180025095e-35 2.9565137600038303 10.500000000000002 1.0000000180025095e-35 102.42400000000002 1 1.4919352507587804 6861.0000000000009 1.0823369463999704
decision_type=2 10 2 9 10 2 10 2 2 2 9 10 2 10
left_child=-1 2 -2 6 9 -6 7 8 -3 -4 -11 12 13 -12
right_child=1 3 4 -5 5 -7 -8 -9 -10 10 11 -13 -14 -15
leaf_value=-0.0009706740104216228 0.0019699859578218874 -0.0020062005634827072 -0.0016747596054030407 3.6937908776250666e-05 0.0025438701172466743 0.00019753883035407755 -0.0020501624651980107 0.00076535898034912561 -0.00013971241816532998 0.0015371452675313165 -0.00010879056402445901 -0.0014825049265147112 -0.00086900661521257801 0.0014785243849248879
leaf_weight=328 198 216 106 5526 130 152 164 167 445 127 386 139 243 220
leaf_count=328 198 216 106 5526 130 152 164 167 445 127 386 139 243 220
internal_value=-1.96466e-05 1.83065e-05 0.000382067 -7.66239e-05 0.00017288 0.00127918 -0.000702518 -0.000444078 -0.000749639 -8.26292e-05 6.87303e-05 -0.000134223 8.49395e-05 0.000467462
internal_weight=8547 8219 1701 6518 1503 282 992 828 661 1221 1115 988 849 606
internal_count=8547 8219 1701 6518 1503 282 992 828 661 1221 1115 988 849 606
cat_boundaries=0 1 2
cat_threshold=3825238021 3702784
is_linear=0
shrinkage=0.03


Tree=125
num_leaves=15
num_cat=3
split_feature=24 37 31 25 31 25 31 31 38 36 30 21 21 36
split_gain=0.405877 0.391329 0.742413 0.523603 0.46716 0.516425 0.437372 0.610131 0.503293 1.00828 0.613991 0.69572 0.637287 0.605893
threshold=673.12316666666027 0 2.6781286894923264 0.51925925925925942 8.173220338983052 0.58411764705882363 5.3583467094703057 4.6669339748730296 1.7446931160039603 1 198.60000000000002 71.333333333333357 59.833333333333336 2
decision_type=10 9 8 10 8 8 10 10 2 9 2 2 2 9
left_child=1 2 -1 -4 6 -6 7 8 -3 10 11 12 -10 -13
right_child=-2 4 3 -5 5 -7 -8 -9 9 -11 -12 13 -14 -15
leaf_value=-0.00010338903462248195 -0.0015006920970017476 0.0001931114961042277 -0.0024947426340839614 -9.9035375187668249e-05 0.0024477185427339895 0.00029396110128169421 -0.0010947162689524702 0.0018453609551483839 -0.0011596219956645417 0.0015821745429686247 0.00036071989267995563 -0.00041446397734908746 0.00099471860272287889 -0.0029768903355579823
leaf_weight=1402 169 4222 229 128 152 294 300 171 385 183 331 144 182 245
leaf_count=1402 169 4222 229 128 152 294 300 171 385 183 331 144 182 245
internal_value=-4.51209e-05 -1.57242e-05 -0.000412054 -0.00163578 9.02469e-05 0.00102798 2.25323e-05 7.97e-05 2.66558e-05 -0.000451423 -0.000747072 -0.00113844 -0.000468105 -0.00211551
internal_weight=8537 8368 1759 357 6609 446 6163 5863 5692 1470 1287 956 567 389
internal_count=8537 8368 1759 357 6609 446 6163 5863 5692 1470 1287 956 567 389
cat_boundaries=0 1 2 3
cat_threshold=3758625724 49 1
is_linear=0
shrinkage=0.03


Tree=126
num_leaves=15
num_cat=1
split_feature=38 0 28 32 23 23 26 26 0 36 32 21 7 5
split_gain=0.408105 0.397763 0.316112 0.727097 0.762258 0.689343 0.572679 0.451489 0.670709 0.861207 0.586131 0.495363 0.890802 0.485809
threshold=1.1631210325998844 11.500000000000002 4.0796238425925937 30.500000000000004 71.500000000000014 166.50000000000003 0.05634920634920635 0.054093567251461992 8.5000000000000018 0 3.5000000000000004 118.83333333333336 1.5000000000000002 0.13810000000000003
decision_type=2 2 2 2 2 2 10 10 2 9 2 2 2 2
left_child=1 -1 5 4 6 7 -4 11 9 -9 -11 12 -2 -13
right_child=2 -3 3 -5 -6 -7 -8 8 -10 10 -12 13 -14 -15
leaf_value=-0.00035618694361188799 0.0002048889365792317 -0.0022358989636506472 -0.00064262984888824347 -0.0015923145395606967 0.00093069288048052941 -0.0013199638403386402 0.001534520092377947 -0.00080029053646126229 -0.0012783141956322066 0.0027785109727777387 -0.00012884987731797432 -0.0011180457339447457 0.0020392461322868861 0.00046661662875714015
leaf_weight=980 2735 113 617 159 1374 363 132 333 522 146 109 450 261 284
leaf_count=980 2735 113 617 159 1374 363 132 333 522 146 109 450 261 284
internal_value=-9.01927e-06 -0.000550521 7.00538e-05 0.000364438 0.000510987 -5.90612e-05 -0.00025894 3.55065e-05 -0.000495641 0.000199181 0.0014778 0.000193569 0.000364691 -0.000504907
internal_weight=8578 1093 7485 2282 2123 5203 749 4840 1110 588 255 3730 2996 734
internal_count=8578 1093 7485 2282 2123 5203 749 4840 1110 588 255 3730 2996 734
cat_boundaries=0 1
cat_threshold=48
is_linear=0
shrinkage=0.03


Tree=127
num_leaves=15
num_cat=3
split_feature=0 38 30 37 37 38 27 5 21 28 21 37 21 26
split_gain=0.379463 0.403638 0.402703 0.442467 0.341023 0.736434 0.511456 0.285315 0.226995 0.655893 0.865702 0.616707 0.420778 0.399244
threshold=13.500000000000002 0.86209474721110635 37.250000000000007 0 1 1.5727816242986541 13.99935763888889 0.81665000000000021 59.833333333333336 1.0800810185185188 52.833333333333336 2 62.500000000000007 0.06186224489795919
decision_type=2 2 2 9 9 2 2 2 2 2 2 9 2 10
left_child=1 -1 -2 -4 5 6 -3 8 9 10 -6 -11 -10 -13
right_child=2 4 3 -5 7 -7 -8 -9 12 11 -12 13 -14 -15
leaf_value=-0.0016383061382634144 -0.0018646383749897051 -0.00099281095051786516 -0.0010671681011513883 0.00087596000842936101 -0.00028783585843189914 0.0031056756575458815 0.0014249862821172708 0.0015699409319010252 0.001651659139945883 0.0024553349622953181 -0.002178794905598364 -4.7578314834630084e-05 9.7763529287060936e-05 0.0018615415378008037
leaf_weight=124 190 159 222 184 1432 105 156 108 163 101 257 1131 4149 108
leaf_count=124 190 159 222 184 1432 105 156 108 163 101 257 1131 4149 108
internal_value=5.53035e-06 5.9981e-05 -0.000724711 -0.000191248 8.67427e-05 0.000908225 0.000204574 3.91529e-05 1.66854e-05 -0.000182355 -0.000575566 0.000313267 0.000156503 0.000117883
internal_weight=8589 7993 596 406 7869 420 315 7449 7341 3029 1689 1340 4312 1239
internal_count=8589 7993 596 406 7869 420 315 7449 7341 3029 1689 1340 4312 1239
cat_boundaries=0 1 2 3
cat_threshold=809502720 169353984 8388609
is_linear=0
shrinkage=0.03


Tree=128
num_leaves=15
num_cat=2
split_feature=37 31 31 7 26 38 1 22 0 30 26 26 36 31
split_gain=0.387716 0.514171 1.22992 1.12135 0.738101 0.675378 0.796089 0.563814 0.476861 0.391512 0.44614 0.356952 0.49759 0.626809
threshold=0 2.4757543249946594 2.4177913468856578 1.0000000180025095e-35 0.039230769230769243 1.8270835744383875 21.500000000000004 1448.9137500000002 13.500000000000002 264.02500000000003 1.0000000180025095e-35 0.086031452358926938 1 1.2712272492314391
decision_type=9 10 8 2 10 2 2 2 2 2 10 8 9 10
left_child=1 2 11 4 -3 6 7 -5 -2 -8 -11 12 13 -1
right_child=8 3 -4 5 -6 -7 9 -9 -10 10 -12 -13 -14 -15
leaf_value=-0.0014996890064615468 -3.107702632160508e-05 0.0025298114042424666 0.0035814729877012338 -0.0026137068897051819 -0.00046056924389267805 -0.002993325489107519 0.00091329766592229905 -7.0851655336670011e-05 -0.0011325706564640345 -0.0015968077193350481 0.00072102586194045784 0.002032006362797371 0.00054257687856920579 0.00062613613849870221
leaf_weight=273 4231 195 114 198 120 100 338 130 386 169 134 114 1813 230
leaf_count=273 4231 195 114 198 120 100 338 130 386 169 134 114 1813 230
internal_value=6.34793e-05 0.000282146 0.000536026 -0.000182486 0.00139062 -0.00064603 -0.000403791 -0.00160587 -0.0001229 0.000211313 -0.000571759 0.000393153 0.000312484 -0.000517356
internal_weight=8545 3928 2544 1384 315 1069 969 328 4617 641 303 2430 2316 503
internal_count=8545 3928 2544 1384 315 1069 969 328 4617 641 303 2430 2316 503
cat_boundaries=0 1 2
cat_threshold=145755497 17
is_linear=0
shrinkage=0.03


Tree=129
num_leaves=15
num_cat=3
split_feature=38 30 22 17 37 27 31 35 36 27 27 17 38 24
split_gain=0.350919 1.08951 0.547062 0.489076 0.439015 0.648863 0.655026 0.560456 0.576498 1.03322 0.406441 0.478105 0.555769 0.534125
threshold=2.0146308851687151 182.10000000000002 10820.35 1.0000000180025095e-35 0 13.999890046296299 1.5792087835482749 1 2 12.999785879629632 27.999803240740743 1.0000000180025095e-35 1.2756013216036213 86.438000000000699
decision_type=2 2 2 2 9 2 10 1 9 2 2 2 2 10
left_child=2 3 4 -2 5 7 -7 8 -1 -10 11 -6 13 -13
right_child=1 -3 -4 -5 10 6 -8 -9 9 -11 -12 12 -14 -15
leaf_value=-0.00080597287861821352 -0.0013308809205108056 0.0035531118646780452 -0.0019716194583963287 0.001214442095687528 -7.2560463425470507e-05 0.00061114025260654401 0.0030507862249433944 -0.00047289459896862818 -0.00040741845177604083 0.003563290304427146 0.00031358137730443629 -0.00079364776639666062 -0.0010575688472951165 0.0016420637038778271
leaf_weight=107 140 101 131 132 3750 308 146 672 103 138 1495 171 1060 154
leaf_count=107 140 101 131 132 3750 308 146 672 103 138 1495 171 1060 154
internal_value=-7.66593e-06 0.000892352 -4.84318e-05 -9.56506e-05 -1.73437e-05 0.000449193 0.0013957 3.23108e-05 0.000992936 0.00179191 -0.00012156 -0.000248483 -0.000724808 0.000360505
internal_weight=8608 373 8235 272 8104 1474 454 1020 348 241 6630 5135 1385 325
internal_count=8608 373 8235 272 8104 1474 454 1020 348 241 6630 5135 1385 325
cat_boundaries=0 1 2 3
cat_threshold=162567489 9 3
is_linear=0
shrinkage=0.03


Tree=130
num_leaves=15
num_cat=3
split_feature=37 25 24 27 21 36 36 32 25 28 0 23 22 29
split_gain=0.45873 0.491788 0.397822 0.391059 0.534028 0.470948 0.452091 0.604982 0.715102 0.704982 0.623905 0.539354 0.442525 0.382528
threshold=0 0.67333333333333345 15.200166666666847 6.9996585648148155 17.166666666666668 1 2 8.5000000000000018 0.40833333333333338 2.265405092592593 8.5000000000000018 81.500000000000014 1980.7027500000002 4.5000000000000009
decision_type=9 8 8 2 2 9 9 2 10 2 2 2 2 2
left_child=1 3 -2 -1 5 -5 7 8 9 10 -6 12 -9 -13
right_child=2 -3 -4 4 6 -7 -8 11 -10 -11 -12 13 -14 -15
leaf_value=-0.0016302106090821326 -0.0010484235558848331 0.0020973530909351003 -7.0168225222168372e-05 0.0025583031955175102 0.00038177523610279031 0.00026286654443265917 0.0015512551954651082 0.00016875632913987158 -0.0014840886643129989 0.0018964767581813871 -0.00231255194633033 0.00030405283929037604 0.0025542841876957968 -0.0010071970267686993
leaf_weight=100 411 130 4171 155 221 177 188 121 423 152 119 1819 166 225
leaf_count=100 411 130 4171 155 221 177 188 121 423 152 119 1819 166 225
internal_value=4.72188e-05 0.000281732 -0.000157573 0.000221407 0.000270574 0.00141951 0.000159495 7.38812e-05 -0.000579592 0.000198055 -0.000561239 0.000330709 0.00154854 0.000159713
internal_weight=8578 3996 4582 3866 3766 332 3434 3246 915 492 340 2331 287 2044
internal_count=8578 3996 4582 3866 3766 332 3434 3246 915 492 340 2331 287 2044
cat_boundaries=0 1 2 3
cat_threshold=421539146 33 49
is_linear=0
shrinkage=0.03


Tree=131
num_leaves=15
num_cat=4
split_feature=5 1 37 5 0 37 22 28 23 30 23 35 37 38
split_gain=0.438949 0.391087 0.702796 0.491521 0.435842 0.509536 0.589104 0.409658 0.457692 0.386225 0.461851 0.357397 0.610465 0.676038
threshold=0.91665000000000008 146.50000000000003 0 0.18465000000000001 11.500000000000002 1 183.10000000000005 1.1232986111111114 62.500000000000007 222.10000000000002 101.50000000000001 2 3 1.6635268245392607
decision_type=2 2 9 2 2 9 2 2 2 2 2 1 9 2
left_child=1 4 -3 -4 11 6 -6 8 -8 10 -7 12 13 -1
right_child=-2 2 3 -5 5 9 7 -9 -10 -11 -12 -13 -14 -15
leaf_value=0.00028809006602531023 0.0017650915166146789 -0.00034664596049373763 0.00084497720653598667 0.0034790038734999538 -0.0033805752280952023 -0.00021887463160553277 0.0012428411760181189 -0.001893373417002071 -0.0014652649362516753 -0.0014985356201774624 0.0018809139612608644 -0.00030061627072681225 7.1661995684302047e-05 0.0029837959573337141
leaf_weight=202 127 260 160 106 101 318 125 179 102 122 134 2099 4367 143
leaf_count=202 127 260 160 106 101 318 125 179 102 122 134 2099 4367 143
internal_value=1.45407e-05 -1.18694e-05 0.000780183 0.00182598 -6.46595e-05 -0.000624269 -0.00130455 -0.000820236 2.59829e-05 -6.5241e-07 0.000403629 2.41583e-05 0.000169111 0.00136585
internal_weight=8545 8418 526 266 7892 1081 507 406 227 574 452 6811 4712 345
internal_count=8545 8418 526 266 7892 1081 507 406 227 574 452 6811 4712 345
cat_boundaries=0 1 2 3 4
cat_threshold=574638080 813174786 26 171442186
is_linear=0
shrinkage=0.03


Tree=132
num_leaves=15
num_cat=4
split_feature=5 35 30 37 0 0 38 33 27 37 27 37 25 38
split_gain=0.306972 0.302916 0.841924 0.701235 1.56044 0.574214 0.624665 0.527721 0.495373 0.487565 0.711652 0.474595 0.541784 0.418612
threshold=0.81665000000000021 0 304.85000000000008 1 6.5000000000000009 3.5000000000000004 1.5631424906428346 1.0000000180025095e-35 13.999971064814817 2 17.423611111111114 3 0.45972972972972981 1.6786480902716281
decision_type=2 1 2 9 2 2 2 2 2 9 2 9 10 2
left_child=1 3 7 4 -1 6 8 9 -5 -3 13 -9 -13 -11
right_child=-2 2 -4 5 -6 -7 -8 11 -10 10 -12 12 -14 -15
leaf_value=0.004339407634245545 0.0014251119054287025 -0.0013041645816785541 -0.0029562516253441571 -0.0015894389048399819 -0.00027155915292788226 0.00013314561038741722 -0.0027736327599447506 -0.0010970847239373486 0.001270834636535834 7.5821007457540138e-05 0.0019489400899871741 0.0022148579719688984 0.00018452046593428467 -0.00089623139842271197
leaf_weight=113 138 399 100 108 159 4936 130 109 110 968 134 207 276 678
leaf_count=113 138 399 100 108 159 4936 130 109 110 968 134 207 276 678
internal_value=2.16389e-05 -1.3443e-06 -0.000251048 0.000127909 0.00158573 5.00126e-05 -0.0011277 -0.000154329 -0.000146182 -0.000370122 -0.000152565 0.00063995 0.00103327 -0.000324575
internal_weight=8565 8427 2871 5556 272 5284 348 2771 218 2179 1780 592 483 1646
internal_count=8565 8427 2871 5556 272 5284 348 2771 218 2179 1780 592 483 1646
cat_boundaries=0 1 2 3 4
cat_threshold=26 136347648 134260738 2717908992
is_linear=0
shrinkage=0.03


Tree=133
num_leaves=15
num_cat=2
split_feature=0 37 0 17 28 28 30 37 18 30 24 30 23 1
split_gain=0.501547 0.695158 0.564914 0.473984 0.455208 0.405502 0.514067 0.397757 0.480062 0.467303 0.806859 0.579075 0.606346 1.18519
threshold=11.500000000000002 0 17.500000000000004 3.5000000000000004 26.031406250000003 0.8725925925925927 134.50000000000003 1 1.0000000180025095e-35 125.37500000000001 27.530000000000005 97.500000000000014 69.500000000000014 21.500000000000004
decision_type=2 9 2 2 2 2 2 9 2 2 10 2 2 2
left_child=3 2 5 4 7 6 -2 9 -9 11 -11 12 -1 -14
right_child=1 -3 -4 -5 -6 -7 -8 8 -10 10 -12 -13 13 -15
leaf_value=0.0014549915830336384 -0.0011312059823505799 0.00013010192745555699 -0.0033471426186468269 0.0020110625762026759 0.0018110879090043807 -0.0017671835302755278 0.0015465155836192513 -7.7316561234762592e-05 -0.0015657713970441444 -0.0016298154713585971 0.00076212150300416386 0.0029596147430782141 -0.0024593189721117199 0.0011586454487873719
leaf_weight=354 170 595 103 108 124 261 104 5640 202 220 300 107 138 199
leaf_count=354 170 595 103 108 124 261 104 5640 202 220 300 107 138 199
internal_value=-5.52256e-05 -0.000615366 -0.00129237 3.82069e-05 8.95537e-06 -0.000920939 -0.000114845 -2.22547e-05 -0.000128563 0.000446542 -0.000249852 0.000905928 0.000587918 -0.000322895
internal_weight=8625 1233 638 7392 7284 535 274 7160 5842 1318 520 798 691 337
internal_count=8625 1233 638 7392 7284 535 274 7160 5842 1318 520 798 691 337
cat_boundaries=0 1 2
cat_threshold=410523648 423108930
is_linear=0
shrinkage=0.03


Tree=134
num_leaves=15
num_cat=2
split_feature=0 25 1 37 30 22 37 27 1 6 27 5 30 30
split_gain=0.301826 0.356648 0.46373 0.402678 0.288383 0.999348 0.516884 0.494653 0.43611 0.375005 0.358665 0.406625 0.412877 0.4079
threshold=11.500000000000002 0.26235294117647062 83.500000000000014 0 40.250000000000007 1424.0562500000003 1 12.998234953703706 39.500000000000007 4.5000000000000009 13.99935763888889 0.14645000000000002 97.500000000000014 95.500000000000014
decision_type=2 10 2 9 2 2 9 2 2 2 2 2 2 2
left_child=4 2 -2 -3 5 6 8 -6 -1 10 11 13 -13 -9
right_child=1 3 -4 -5 7 -7 -8 9 -10 -11 -12 12 -14 -15
leaf_value=0.00046946099417453463 -0.00030922591109274036 -0.0023819293360374558 0.0020980588994496088 -0.00047976712114627127 -0.00074921047894934464 0.0029760558451241495 0.00066254014494973633 0.0024682616209229604 -0.0015728445917970743 -0.0015348322498762318 4.8666160041241759e-05 -0.0015692313131410627 0.0010359325665549551 0.00036178056314118843
leaf_weight=165 251 109 101 767 706 131 750 183 219 124 4665 100 121 151
leaf_count=165 251 109 101 767 706 131 750 183 219 124 4665 100 121 151
internal_value=1.01806e-05 -0.000425033 0.000381501 -0.000749119 8.32417e-05 0.000495179 0.000208588 -2.8907e-06 -0.000677644 9.57062e-05 0.000134439 0.000855397 -0.000142875 0.00151593
internal_weight=8543 1228 352 876 7315 1265 1134 6050 384 5344 5220 555 221 334
internal_count=8543 1228 352 876 7315 1265 1134 6050 384 5344 5220 555 221 334
cat_boundaries=0 1 2
cat_threshold=2150109184 560221120
is_linear=0
shrinkage=0.03


Tree=135
num_leaves=15
num_cat=1
split_feature=2 28 17 28 27 28 23 13 24 31 37 13 22 13
split_gain=0.426878 0.504326 0.382924 0.382522 0.369354 0.408874 0.391769 0.397758 0.348606 0.348478 0.299941 0.49725 0.704578 0.625247
threshold=1.0000000180025095e-35 9.2190335648148167 3.5000000000000004 25.616458333333338 11.66547453703704 0.62855902777777783 138.50000000000003 1.0000000180025095e-35 468.26983333333635 2.9393877551020409 0 0.50000000000000011 10928.000000000002 1.0000000180025095e-35
decision_type=2 2 2 2 2 2 2 2 10 8 9 2 2 2
left_child=2 4 3 8 -2 6 7 -6 10 -10 11 12 13 -1
right_child=1 -3 -4 -5 5 -7 -8 -9 9 -11 -12 -13 -14 -15
leaf_value=0.0012292460986299675 0.001498281114544828 -0.0017553190147811986 0.0018337452565136024 0.0016520399748803163 -0.0013737079333548214 0.00036414324319108949 -0.0024569098187494092 0.00060073461649523942 -0.0012919288685402043 0.00038760006159975209 1.382471151376098e-05 0.0020576250077292187 -0.0019764788023974027 -0.00033688249687693314
leaf_weight=538 103 233 114 137 204 360 120 167 325 169 5518 167 110 400
leaf_count=538 103 233 114 137 204 360 120 167 325 169 5518 167 110 400
internal_value=2.44549e-05 -0.000504059 0.000108347 8.16366e-05 -0.000198457 -0.000403821 -0.00096689 -0.000484943 5.1867e-05 -0.000717353 0.000108305 0.000532892 0.000295008 0.000561387
internal_weight=8665 1187 7478 7364 954 851 491 371 7227 494 6733 1215 1048 938
internal_count=8665 1187 7478 7364 954 851 491 371 7227 494 6733 1215 1048 938
cat_boundaries=0 1
cat_threshold=423100872
is_linear=0
shrinkage=0.03


Tree=136
num_leaves=15
num_cat=4
split_feature=37 1 37 24 1 27 30 28 37 29 30 28 36 31
split_gain=0.455967 0.487815 0.689085 0.572653 0.927842 0.530926 0.422251 0.695234 0.633311 0.623653 0.604626 0.515986 0.776412 0.582556
threshold=0 146.50000000000003 1 3.2871666666666903 29.500000000000004 30.998709490740744 181.10000000000002 15.157910879629631 2 4.5000000000000009 175.10000000000002 15.448998842592594 3 1.9617718730540388
decision_type=9 2 9 8 2 2 2 2 9 2 2 2 9 10
left_child=-1 3 -3 4 -2 6 7 8 -5 11 -10 12 13 -8
right_child=1 2 -4 5 -6 -7 9 -9 10 -11 -12 -13 -14 -15
leaf_value=-0.00071376984913845676 0.00092240363099942136 -0.00013032013772997062 0.0021040016215119976 0.0019422058842394983 -0.0025501656155898162 0.0016496292610712914 0.0016971392174745619 0.0025941498937012935 -3.1105246764263538e-05 -0.0019739261378980194 0.0020702258349344954 -0.0011891076065805931 -0.0008238610156935535 0.0001087598936681808
leaf_weight=789 108 263 230 152 193 178 277 103 4159 193 127 382 608 832
leaf_count=789 108 263 230 152 193 178 277 103 4159 193 127 382 608 832
internal_value=-3.12099e-05 3.86544e-05 0.000952095 -2.288e-05 -0.00130419 3.213e-05 -1.00059e-05 0.000157539 0.000100989 -0.000341953 3.10875e-05 -0.000191896 2.99649e-05 0.000500979
internal_weight=8594 7805 493 7312 301 7011 6833 4541 4438 2292 4286 2099 1717 1109
internal_count=8594 7805 493 7312 301 7011 6833 4541 4438 2292 4286 2099 1717 1109
cat_boundaries=0 1 2 3 4
cat_threshold=1627660326 302041088 136314880 32
is_linear=0
shrinkage=0.03


Tree=137
num_leaves=15
num_cat=3
split_feature=5 25 37 1 37 38 21 27 38 23 24 36 38 22
split_gain=0.29842 0.377653 0.572442 0.654202 0.525446 0.486314 0.627272 0.550106 0.856021 0.655827 0.433862 0.42904 0.415894 0.678351
threshold=0.045000000000000005 0.24695121951219515 0 17.500000000000004 1 1.8587381502079776 65.90000000000002 28.07513888888889 1.1787647110791415 81.500000000000014 82.384499999999989 2 1.5061164559111848 1448.9137500000002
decision_type=2 10 9 2 9 2 2 2 2 2 10 9 2 2
left_child=1 2 -1 11 -3 7 -7 -6 -9 -10 -5 -4 13 -11
right_child=-2 4 3 10 5 6 -8 8 9 12 -12 -13 -14 -15
leaf_value=0.002345378419767404 -0.0002031754583016885 0.0017123438566948436 0.002138860382947159 -0.0006873395896552834 -0.00012932204684867706 -0.0022166587284300474 0.00011192752171256062 -0.0013908800701281743 0.0031259778897862792 -4.4195073757009594e-05 0.0011858575078136078 -2.667640760056164e-05 -0.00010649980229572974 0.0029335687771102023
leaf_weight=145 3370 150 225 458 2760 201 216 138 129 128 147 136 264 149
leaf_count=145 3370 150 225 458 2760 201 216 138 129 128 147 136 264 149
internal_value=1.71079e-05 0.000158617 0.000649677 0.000367067 2.66778e-05 -4.09668e-05 -0.00101048 7.2228e-05 0.000760691 0.00120385 -0.000232199 0.00138154 0.000745525 0.00155756
internal_weight=8616 5246 1111 966 4135 3985 417 3568 808 670 605 361 541 277
internal_count=8616 5246 1111 966 4135 3985 417 3568 808 670 605 361 541 277
cat_boundaries=0 1 2 3
cat_threshold=270565376 35127312 38
is_linear=0
shrinkage=0.03


Tree=138
num_leaves=15
num_cat=2
split_feature=37 5 38 22 38 0 24 0 37 0 24 1 26 23
split_gain=0.463876 0.625458 0.529799 0.693239 0.511466 0.713052 0.587871 0.615565 0.602435 0.804643 0.61388 0.662074 0.709979 0.519622
threshold=0 0.38195000000000007 2.0146308851687151 2488.8378750000002 1.7446931160039603 6.5000000000000009 533.18250000001296 11.500000000000002 1 5.5000000000000009 455.88433333333825 12.500000000000002 0.020869565217391309 167.50000000000003
decision_type=9 2 2 2 2 2 10 2 9 2 10 2 8 2
left_child=1 2 3 -1 6 -6 7 8 9 -2 11 12 -10 -8
right_child=4 -3 -4 -5 5 -7 13 -9 10 -11 -12 -13 -14 -15
leaf_value=-0.00018368721376836979 0.0028793835408463878 -0.0020026244868878215 0.0018050585828189337 -0.0024723621335049923 -0.001229859815037745 0.00010086240789772296 -0.0001134036699897878 -0.00057489447423053955 0.0015362362529875843 0.00066567248196639178 0.0021880511299974016 -3.2617551239063648e-05 -0.00072098808408510389 -0.0026399718614687259
leaf_weight=1220 191 209 105 132 571 992 205 617 533 653 143 2684 164 114
leaf_count=1220 191 209 105 132 571 992 205 617 533 653 143 2684 164 114
internal_value=-1.75803e-05 -0.000465076 -0.000247714 -0.000407138 9.15305e-05 -0.000385281 0.000232211 0.000312107 0.0004374 0.00115298 0.000262003 0.000181315 0.00100512 -0.00101632
internal_weight=8533 1666 1457 1352 6867 1563 5304 4985 4368 844 3524 3381 697 319
internal_count=8533 1666 1457 1352 6867 1563 5304 4985 4368 844 3524 3381 697 319
cat_boundaries=0 1 2
cat_threshold=1713930628 428875778
is_linear=0
shrinkage=0.03


Tree=139
num_leaves=15
num_cat=2
split_feature=27 1 17 37 0 27 38 32 24 37 27 38 27 27
split_gain=0.295428 0.429784 0.404888 0.325288 0.532923 0.524926 0.494517 0.490941 0.503653 0.555283 0.51985 0.740757 1.13353 0.644441
threshold=6.999843750000001 23.500000000000004 3.5000000000000004 0 11.500000000000002 17.423611111111114 1.6672024527999298 1.0000000180025095e-35 573.08966666666458 1 30.512980324074078 1.306585163855835 29.624641203703707 30.619351851851857
decision_type=2 2 2 9 2 2 2 2 10 9 2 2 2 2
left_child=1 -1 3 4 5 -2 7 -5 9 10 11 -9 -13 -12
right_child=2 -3 -4 6 -6 -7 -8 8 -10 -11 13 12 -14 -15
leaf_value=-0.0019337794674771831 0.00049632366235659656 0.00052022705030328818 0.0016853567806975845 0.001676196034722538 -0.00068611715251153387 0.002693401045953663 -0.00055063268747142843 -0.00042048241222434734 -0.0015495020633969226 -0.00021337514193778132 -0.0024271298229096233 0.00071705341944263876 0.0035837209978448557 0.00029807546523313925
leaf_weight=163 1147 106 133 165 321 107 1522 417 179 2644 116 1096 140 239
leaf_count=163 1147 106 133 165 321 107 1522 417 179 2644 116 1096 140 239
internal_value=1.15525e-05 -0.000966773 4.35449e-05 1.65634e-05 0.00040204 0.000683794 -7.70812e-05 6.70291e-05 1.20689e-05 7.21551e-05 0.000446959 0.00067288 0.00104176 -0.000592414
internal_weight=8495 269 8226 8093 1575 1254 6518 4996 4831 4652 2008 1653 1236 355
internal_count=8495 269 8226 8093 1575 1254 6518 4996 4831 4652 2008 1653 1236 355
cat_boundaries=0 1 2
cat_threshold=1495803202 545277952
is_linear=0
shrinkage=0.03


Tree=140
num_leaves=15
num_cat=2
split_feature=38 36 31 32 31 1 35 22 32 33 38 31 38 31
split_gain=0.372248 1.10587 1.21776 0.953698 0.581247 0.529808 0.52585 0.344586 0.360593 0.329357 0.315392 0.31501 0.389124 0.439533
threshold=1.9090387393945429 0 2.6228785436617055 8.5000000000000018 0.1106014271151886 57.500000000000007 1 6402.0500000000002 9.5000000000000018 1.0000000180025095e-35 1.5841172557894463 2.894013091257611 1.7365072149904481 3.3396769637489592
decision_type=2 9 8 2 8 2 1 2 2 2 2 8 2 10
left_child=4 3 5 -2 -1 -3 -6 9 -9 11 -11 -8 13 -13
right_child=1 2 -4 -5 6 -7 7 8 -10 10 -12 12 -14 -15
leaf_value=0.0020091260420750366 -0.0022897363583119037 0.0016752990151534257 0.0040376940975323889 0.0010039705571378706 7.151808896553767e-05 -0.00077262612851664524 -0.00028473908207842945 -0.00061773839565675427 -0.0029033900262904352 -0.00010186559339720762 0.0016172424207853023 -0.0024416973302140831 -0.0027886325183306944 -0.00012576369779993153
leaf_weight=119 170 181 130 148 5121 142 1283 164 100 376 129 100 106 281
leaf_count=119 170 181 130 148 5121 142 1283 164 100 376 129 100 106 281
internal_value=-9.11762e-06 0.000619648 0.00155166 -0.000733742 -7.14365e-05 0.000599121 -0.000103759 -0.000455767 -0.00148352 -0.000338506 0.000337273 -0.000531313 -0.00118091 -0.00073362
internal_weight=8550 771 453 318 7779 323 7660 2539 264 2275 505 1770 487 381
internal_count=8550 771 453 318 7779 323 7660 2539 264 2275 505 1770 487 381
cat_boundaries=0 1 2
cat_threshold=48 26
is_linear=0
shrinkage=0.03


Tree=141
num_leaves=15
num_cat=4
split_feature=27 37 5 37 0 38 37 32 31 14 0 35 32 29
split_gain=0.416108 0.44399 0.293164 0.523981 0.495003 0.533163 0.434596 0.537376 0.455212 0.402172 0.6805 0.46532 0.432978 0.542154
threshold=6.9996585648148155 0 0.11435000000000002 1 3.5000000000000004 1.5324871415736629 2 31.500000000000004 2.8525735171920967 2.5000000000000004 5.5000000000000009 3 19.500000000000004 1.0000000180025095e-35
decision_type=2 9 2 9 2 2 9 2 10 2 2 1 2 2
left_child=-1 -2 4 9 5 -3 8 -8 -6 12 -11 -12 13 -4
right_child=1 2 3 -5 6 -7 7 -9 -10 10 11 -13 -14 -15
leaf_value=-0.0013673573854099477 0.0016988875231725145 -9.3893393889435978e-05 0.0015361005965198841 -0.0011295092124524741 -4.4120180149436734e-05 -0.0028006427471443792 0.00043310151116905394 -0.0017957079278770834 -0.0017437395546723092 0.0013451917312657157 0.0003078583859187524 -0.001405754250938137 -0.00037670574735550741 0.00011116127527978847
leaf_weight=193 133 183 358 469 882 102 3686 100 169 138 196 524 700 731
leaf_count=193 133 183 358 469 882 102 3686 100 169 138 196 524 700 731
internal_value=9.83942e-06 4.15918e-05 1.27575e-05 -0.000216676 0.00015236 -0.00106262 0.000223948 0.000373246 -0.000314426 -5.04812e-05 -0.000584636 -0.000954519 0.000205416 0.000579599
internal_weight=8564 8371 8238 3116 5122 285 4837 3786 1051 2647 858 720 1789 1089
internal_count=8564 8371 8238 3116 5122 285 4837 3786 1051 2647 858 720 1789 1089
cat_boundaries=0 1 2 3 4
cat_threshold=134218816 4108322945 1681916688 22
is_linear=0
shrinkage=0.03


Tree=142
num_leaves=15
num_cat=3
split_feature=24 13 37 37 25 30 37 27 38 1 27 31 31 30
split_gain=0.268027 0.566133 0.716678 0.639163 0.51445 0.541746 0.487998 0.596649 0.73979 0.67239 0.793223 0.52785 0.759338 0.504479
threshold=179.81983333332701 0.50000000000000011 0 1 0.48957881024750333 72.500000000000014 2 29.624641203703707 1.7640522733386785 13.500000000000002 30.585781250000004 0.98907071189679896 1.2585729879880547 196.30000000000004
decision_type=8 2 9 9 10 2 9 2 2 2 2 8 8 2
left_child=1 2 -1 -3 5 -5 -2 11 9 -9 -11 -8 -13 -14
right_child=6 3 -4 4 -6 -7 7 8 -10 10 -12 12 13 -15
leaf_value=-0.0010041256652052609 0.001446530515699974 -9.5332516662537963e-05 0.00015905981973741764 0.00085954007620268782 0.00017567838976447091 0.0035734919924005045 -0.0021038609190515613 0.003230284786358186 -0.0015255785186593306 0.001831760812687601 -0.00092160074110906264 0.0014611315301875077 -7.2353182833896016e-05 -0.001043164698572582
leaf_weight=525 144 318 4368 111 128 164 173 103 123 194 183 184 967 960
leaf_count=525 144 318 4368 111 128 164 173 103 123 194 183 184 967 960
internal_value=2.54321e-05 0.000148172 3.25274e-05 0.000932981 0.00170448 0.00247804 -0.000201906 -0.00028814 0.000550219 0.00108214 0.000495248 -0.000510737 -0.000380178 -0.000555996
internal_weight=8645 5614 4893 721 403 275 3031 2887 603 480 377 2284 2111 1927
internal_count=8645 5614 4893 721 403 275 3031 2887 603 480 377 2284 2111 1927
cat_boundaries=0 1 2 3
cat_threshold=2134537 41945252 142606337
is_linear=0
shrinkage=0.03


Tree=143
num_leaves=15
num_cat=2
split_feature=38 1 37 30 36 22 31 13 22 31 24 30 23 6
split_gain=0.420292 0.296085 0.338231 0.425041 0.732479 0.540842 1.4956 0.970877 0.651993 0.61943 0.577219 0.975102 0.494399 0.613207
threshold=0.86209474721110635 227.50000000000003 0 180.25000000000003 1 1980.7027500000002 1.7149703331811961 1.0000000180025095e-35 1095.0500000000004 1.3223331610305522 41.546666666666688 38.165000000000006 17.500000000000004 1.0000000180025095e-35
decision_type=2 2 9 2 9 2 10 2 2 8 10 2 2 2
left_child=-1 2 -2 5 -5 7 9 10 12 -7 11 -4 -9 -14
right_child=1 -3 3 4 -6 6 -8 8 -10 -11 -12 -13 13 -15
leaf_value=-0.0015875122163976939 -0.00015267322342617411 0.0012667106080382607 0.00072804190071035148 8.7066585133058173e-05 -0.0019630463264860903 0.0016672980611458495 0.0045590268172112838 -0.0017372485259935879 -0.001486113435262918 -0.00090446997282264306 0.00038223945095469002 0.0042309264774854864 0.0010642771293593492 -0.00064701592439454531
leaf_weight=140 4034 182 169 1776 162 182 106 108 280 157 331 124 504 301
leaf_count=140 4034 182 169 1776 162 182 106 108 280 157 331 124 504 301
internal_value=4.27237e-05 6.98426e-05 4.33877e-05 0.000231512 -9.39851e-05 0.000511409 0.00144877 0.000281841 -0.00021969 0.000476243 0.0012407 0.00221049 0.000168698 0.000424402
internal_weight=8556 8416 8234 4200 1938 2262 445 1817 1193 339 624 293 913 805
internal_count=8556 8416 8234 4200 1938 2262 445 1817 1193 339 624 293 913 805
cat_boundaries=0 1 2
cat_threshold=4098154519 32
is_linear=0
shrinkage=0.03


Tree=144
num_leaves=15
num_cat=1
split_feature=38 21 25 22 31 17 31 24 1 23 37 1 25 24
split_gain=0.357704 0.283759 0.554551 0.46341 0.383826 0.355589 0.325244 0.40903 0.481573 0.357615 0.322987 0.348165 0.307586 0.376513
threshold=0.93881812079845361 16.500000000000004 0.26235294117647062 85.350000000000023 6.564965103067685 3.5000000000000004 9.8538461538461561 50.714166666665996 39.500000000000007 86.500000000000014 0 31.500000000000004 0.24695121951219515 75.343166666665937
decision_type=2 2 10 2 10 2 8 10 2 2 9 2 10 10
left_child=-1 2 -2 -3 5 12 9 8 -8 10 -4 -12 -5 -14
right_child=1 3 6 4 -6 -7 7 -9 -10 -11 11 -13 13 -15
leaf_value=-0.0010938981899298254 0.0024097198976752612 -0.0011760411825541288 -0.0010754947574464838 0.0003800602961754862 0.0016667637324214658 0.0018003861031536527 0.0017275739422646062 -0.0018736874663635439 -0.00081116357372388844 0.0019047739202951025 0.0022263337570591827 -1.4453670893605034e-05 -0.00046498815306727516 7.6874032920226871e-05
leaf_weight=239 126 282 109 1536 132 101 116 115 160 170 100 166 1728 3475
leaf_count=239 126 282 109 1536 132 101 116 115 160 170 100 166 1728 3475
internal_value=5.03801e-05 8.32664e-05 0.000541266 1.62143e-05 6.44381e-05 3.3516e-05 0.000289744 -0.00037049 0.000255842 0.000763416 0.000246001 0.00079795 7.03522e-06 -0.000103087
internal_weight=8555 8316 1062 7254 6972 6840 936 391 276 545 375 266 6739 5203
internal_count=8555 8316 1062 7254 6972 6840 936 391 276 545 375 266 6739 5203
cat_boundaries=0 1
cat_threshold=136355840
is_linear=0
shrinkage=0.03


Tree=145
num_leaves=15
num_cat=2
split_feature=31 31 37 31 1 31 25 24 37 24 24 1 22 38
split_gain=0.32189 0.457322 0.507527 0.577327 0.56921 0.427954 0.534199 0.571036 0.610139 0.472259 0.523373 0.447678 0.448338 0.434314
threshold=2.308391608391609 2.3685450375054251 0 2.6950646800153701 26.500000000000004 1.0133141338059373 0.17000000000000001 18.804166666666863 1 82.384499999999989 177.62616666666744 55.500000000000007 3884.0117500000001 0.98725786372330604
decision_type=10 10 9 10 2 8 10 10 9 10 10 2 2 2
left_child=5 -2 3 -3 -4 6 -1 -8 9 -9 -11 12 -10 -7
right_child=1 2 4 -5 -6 13 7 8 11 10 -12 -13 -14 -15
leaf_value=0.00075947865509629444 -0.0019058321435466707 0.000551671026893272 -0.00059522254038097062 -0.001512543254749747 0.00042866219523492492 -0.0014056178397743591 -0.0019451241901247262 -0.0020282787774576223 0.00040123571640596233 0.0011284542281899358 -0.0015295040547891065 -0.0005977970675328457 0.0028313031990659758 0.00039743072168579548
leaf_weight=370 136 172 733 419 1466 124 215 222 203 138 129 203 103 3960
leaf_count=370 136 172 733 419 1466 124 215 222 203 138 129 203 103 3960
internal_value=4.84416e-05 -0.000207088 -0.000124282 -0.000896619 8.69718e-05 0.000180378 -0.000238364 -0.000542734 -0.000240616 -0.000985686 -0.000155728 0.000485014 0.0012192 0.000342686
internal_weight=8593 2926 2790 591 2199 5667 1583 1213 998 489 267 509 306 4084
internal_count=8593 2926 2790 591 2199 5667 1583 1213 998 489 267 509 306 4084
cat_boundaries=0 1 2
cat_threshold=3835703296 2227175604
is_linear=0
shrinkage=0.03


Tree=146
num_leaves=15
num_cat=2
split_feature=0 24 37 25 1 21 24 37 31 31 24 33 38 32
split_gain=0.473781 0.608076 0.659725 0.540386 0.487771 0.47526 0.445855 0.441499 0.472956 0.506294 0.744348 0.479936 0.776388 0.468871
threshold=11.500000000000002 5.2015000000000002 0 0.22290322580645164 40.500000000000007 97.833333333333357 46.898166666666178 1 2.4757543249946594 2.1326743243938995 124.79400000000025 1.0000000180025095e-35 1.395328548669158 7.5000000000000009
decision_type=2 8 9 8 2 2 10 9 8 10 10 2 2 2
left_child=7 -2 4 -4 6 -6 -3 13 9 -9 -11 -10 -13 -1
right_child=1 2 3 -5 5 -7 -8 8 11 10 -12 12 -14 -15
leaf_value=0.00099257290972952711 -0.0027606571596289903 -0.00046421671841293568 -0.00098117401627823703 0.001717551416928581 -0.00076307226292274266 0.0014402717273846325 -0.0028303668937795529 -2.0064094781298773e-05 -0.00070599000440136218 0.002482881420439789 0.00017502513404519474 0.0017369766169423727 -0.00083970347552407619 -0.00021867808691244529
leaf_weight=794 107 125 100 201 413 112 168 3538 1510 189 376 209 212 451
leaf_count=794 107 125 100 201 413 112 168 3538 1510 189 376 209 212 451
internal_value=-5.4452e-05 -0.000600038 -0.000393438 0.000794567 -0.000830154 -0.000293026 -0.00182092 3.74409e-05 -6.89852e-05 0.000113109 0.000947034 -0.000456258 0.000439456 0.000549386
internal_weight=8505 1226 1119 301 818 525 293 7279 6034 4103 565 1931 421 1245
internal_count=8505 1226 1119 301 818 525 293 7279 6034 4103 565 1931 421 1245
cat_boundaries=0 1 2
cat_threshold=2992134144 423108864
is_linear=0
shrinkage=0.03


Tree=147
num_leaves=15
num_cat=3
split_feature=37 2 28 1 30 26 1 25 1 37 30 37 31 30
split_gain=0.341066 0.333473 0.337765 0.328269 0.311552 0.353672 0.343835 0.789701 0.571474 0.675045 0.456311 0.372104 0.282033 0.489982
threshold=0 1.0000000180025095e-35 12.189809027777779 5.5000000000000009 387.75000000000006 1.0000000180025095e-35 1.0000000180025095e-35 0.43223443223443231 9.5000000000000018 1 30.165000000000003 2 4.1843694096601078 262.77500000000003
decision_type=9 2 2 2 2 8 2 10 2 9 2 9 10 2
left_child=3 4 -3 -1 5 6 7 -2 -8 -10 -11 -12 13 -13
right_child=1 2 -4 -5 -6 -7 8 -9 9 10 11 12 -14 -15
leaf_value=0.0002976235537319397 -0.00095597941440677162 -0.0002271527317065416 -0.0020319164164129249 -0.00091190737361901463 0.0017976658987418678 0.00033699203181723904 -0.0021275792017912687 0.0023661768573298549 0.0020247741967129207 -0.0015439906924277439 0.0013726480372555168 -0.0001473866098613531 0.0010212332368189948 -0.0018294635361243534
leaf_weight=297 114 994 103 631 104 3632 134 148 116 216 135 1573 155 173
leaf_count=297 114 994 103 631 104 3632 134 148 116 216 135 1573 155 173
internal_value=2.05913e-05 8.70988e-05 -0.000396606 -0.00051921 0.000168867 0.000142383 -0.000113341 0.000920658 -0.000221618 -0.000113763 -0.00023188 -9.38169e-05 -0.000204105 -0.000314053
internal_weight=8525 7597 1097 928 6500 6396 2764 262 2502 2368 2252 2036 1901 1746
internal_count=8525 7597 1097 928 6500 6396 2764 262 2502 2368 2252 2036 1901 1746
cat_boundaries=0 1 2 3
cat_threshold=1678839856 134217924 2097152
is_linear=0
shrinkage=0.03


Tree=148
num_leaves=15
num_cat=3
split_feature=2 23 0 37 1 23 23 27 22 37 37 22 6 30
split_gain=0.240143 0.347529 0.334356 0.355663 0.593035 0.397894 0.464499 0.362536 0.35475 0.3395 0.335572 0.387996 0.389533 0.404579
threshold=1.0000000180025095e-35 138.50000000000003 18.500000000000004 0 27.500000000000004 15.500000000000002 18.500000000000004 18.333043981481485 655.70000000000005 1 2 9133.2278750000023 4.5000000000000009 324.57500000000005
decision_type=2 2 2 9 2 2 2 2 2 9 9 2 2 2
left_child=2 -2 3 4 -1 7 8 9 -7 -5 -8 12 13 -12
right_child=1 -3 -4 5 -6 6 10 -9 -10 -11 11 -13 -14 -15
leaf_value=-0.00023309277162082831 -0.00013208750617459001 -0.0013304571575762311 -0.0015489482690414444 -0.0023662586913754543 0.0023104229395341297 0.00016416345454322605 -0.0005619821007462161 0.00066507478670198945 0.0025674256252349844 -0.00057237072913004193 0.00016119608417893686 -0.0015296690481068987 -0.0016133937533272223 0.0017860321779358266
leaf_weight=165 884 289 118 116 165 104 713 154 118 488 4800 124 108 142
leaf_count=165 884 289 118 116 165 104 713 154 118 488 4800 124 108 142
internal_value=-2.88529e-05 -0.000427338 3.50464e-05 6.10171e-05 0.00100812 1.40149e-05 9.44751e-05 -0.000634258 0.00144157 -0.000965545 4.36758e-05 0.000127977 0.000168933 0.000207883
internal_weight=8488 1173 7315 7197 330 6867 6109 758 222 604 5887 5174 5050 4942
internal_count=8488 1173 7315 7197 330 6867 6109 758 222 604 5887 5174 5050 4942
cat_boundaries=0 1 2 3
cat_threshold=135798856 2101280 2181038849
is_linear=0
shrinkage=0.03


Tree=149
num_leaves=15
num_cat=2
split_feature=38 35 30 33 28 21 22 30 1 30 1 36 21 28
split_gain=0.35304 0.286804 0.385218 0.566876 0.431622 0.360431 0.711475 0.518256 0.383696 0.588372 0.664414 0.803051 0.555414 0.884918
threshold=0.86209474721110635 0 296.02500000000003 1.0000000180025095e-35 7.0819502314814828 6.166666666666667 12.437500000000002 45.050000000000004 37.500000000000007 142.42500000000004 46.500000000000007 1 94.083333333333357 15.157910879629631
decision_type=2 1 2 2 2 2 2 2 2 2 2 9 2 2
left_child=-1 5 3 -3 -5 6 7 -2 -7 10 -10 -12 -11 -14
right_child=1 2 -4 4 -6 8 -8 -9 9 12 11 -13 13 -15
leaf_value=-0.0015410049094851793 -0.00090484354090076971 -0.00042631155996501692 -0.0019553317655570425 0.00016124360251387146 0.0020496109925242588 -0.00018763726414843321 0.0031194536239632122 0.0016402059919092544 0.0014288906968530205 0.00016235633802575173 -0.00272142183897433 -0.00016377563781575877 0.0019305460655578749 -0.0011216086931797921
leaf_weight=140 163 2103 117 438 145 2974 103 129 177 679 124 657 503 103
leaf_count=140 163 2103 117 438 145 2974 103 129 177 679 124 657 503 103
internal_value=-4.68823e-05 -2.20247e-05 -0.000269281 -0.000196841 0.000630906 0.00010177 0.000975698 0.000219511 3.57965e-05 0.000332048 -0.000230684 -0.000606798 0.000751579 0.00141178
internal_weight=8555 8415 2803 2686 583 5612 395 292 5217 2243 958 781 1285 606
internal_count=8555 8415 2803 2686 583 5612 395 292 5217 2243 958 781 1285 606
cat_boundaries=0 1 2
cat_threshold=26 32
is_linear=0
shrinkage=0.03


Tree=150
num_leaves=15
num_cat=2
split_feature=28 31 22 37 1 0 24 30 37 1 30 31 30 30
split_gain=0.451062 0.552669 0.578811 0.353171 0.460048 0.345521 0.420142 0.530242 0.359094 0.529921 0.546327 0.374732 0.344157 0.693739
threshold=15.638628472222225 1.9261208576998052 1891.5441250000001 0 227.50000000000003 11.500000000000002 533.18250000001296 226.10000000000002 1 40.500000000000007 136.50000000000003 1.5126086035176944 161.12500000000003 153.10000000000002
decision_type=2 10 2 9 2 2 10 2 9 2 2 8 2 2
left_child=3 -2 -3 -1 5 6 12 -8 9 -7 -11 -10 13 -5
right_child=1 2 -4 4 -6 8 7 -9 11 10 -12 -13 -14 -15
leaf_value=-0.00026426804075502513 -0.0020946326825989005 -0.00099301512598887892 0.0012336478639258001 0.00025665502004199378 0.0021192551790837843 -0.0023780768232910419 -0.0020905830332174384 0.0006644871368110684 -0.00039544954322012082 -0.0015053571307302044 0.00094905364259337884 0.0016676234341912277 0.00064865074337098051 -0.001725127588891025
leaf_weight=1557 181 270 172 2959 115 151 145 111 208 157 170 128 2073 168
leaf_count=1557 181 270 172 2959 115 151 145 111 208 157 170 128 2073 168
internal_value=7.89911e-05 -0.000698323 -0.000126531 0.000139967 0.000238581 0.000204467 0.000290487 -0.000896002 -0.0003721 -0.000889532 -0.000229364 0.000379197 0.000348899 0.000150183
internal_weight=8565 623 442 7942 6385 6270 5456 256 814 478 327 336 5200 3127
internal_count=8565 623 442 7942 6385 6270 5456 256 814 478 327 336 5200 3127
cat_boundaries=0 1 2
cat_threshold=1728927107 274737152
is_linear=0
shrinkage=0.03


Tree=151
num_leaves=15
num_cat=1
split_feature=4 38 37 1 30 0 27 28 1 31 21 13 31 31
split_gain=0.375156 0.675024 0.35007 0.502674 0.491379 0.589993 0.418839 0.497099 0.459357 0.936698 0.868186 1.07443 0.856101 0.666659
threshold=1.0000000180025095e-35 1.5958471275654438 0 137.50000000000003 223.82500000000002 7.5000000000000009 17.423611111111114 1.177337962962963 18.500000000000004 2.6950646800153701 123.66666666666667 1.0000000180025095e-35 2.9865742244263793 1.591693015234263
decision_type=2 2 9 2 2 2 2 2 2 10 2 2 10 8
left_child=2 -2 -1 4 6 -6 8 -8 9 10 11 -4 -10 -13
right_child=1 -3 3 -5 5 -7 7 -9 12 -11 -12 13 -14 -15
leaf_value=-0.00014677260604333819 0.0027609672935002228 -0.00052639608737081289 0.003424384555845413 0.0016504235954339344 0.00057374325538985427 -0.0024762367261083502 0.0023806986630866851 -0.00023700057739778506 -0.00043626275256828301 -0.0015134195969307362 -0.0012858781214419971 -0.00064082548184149501 0.0019319523030335638 0.0021925144418752612
leaf_weight=5446 121 105 205 217 100 133 170 106 1273 136 102 169 154 134
leaf_count=5446 121 105 205 217 100 133 170 106 1273 136 102 169 154 134
internal_value=2.75881e-05 0.00123365 -5.07466e-06 0.000260723 0.000149255 -0.00116723 0.000274507 0.00137535 0.000134685 0.000737951 0.0012399 0.00174704 -0.000180688 0.000612203
internal_weight=8571 226 8345 2899 2682 233 2449 276 2173 746 610 508 1427 303
internal_count=8571 226 8345 2899 2682 233 2449 276 2173 746 610 508 1427 303
cat_boundaries=0 1
cat_threshold=1950460849
is_linear=0
shrinkage=0.03


Tree=152
num_leaves=15
num_cat=0
split_feature=17 21 16 17 31 38 21 30 23 1 26 30 25 27
split_gain=0.350333 0.394789 0.986969 0.325047 0.49411 0.483621 0.645208 0.515027 0.421018 0.490665 0.535971 0.594268 0.473245 0.519314
threshold=3.5000000000000004 190.00000000000003 1.0000000180025095e-35 1.0000000180025095e-35 1.0133141338059373 1.1979353432812458 102.35000000000001 324.57500000000005 95.500000000000014 25.500000000000004 0.05634920634920635 250.60000000000002 0.5156695156695158 12.974768518518522
decision_type=2 2 2 2 8 2 2 2 2 2 10 2 10 2
left_child=1 3 -3 5 -5 6 -1 -7 12 -10 11 -11 13 -6
right_child=-2 2 -4 4 8 7 -8 -9 9 10 -12 -13 -14 -15
leaf_value=-0.00010317758584060084 0.0016426128786697517 -0.00065467684448926029 0.0030143497508923669 -0.0013483701840053357 -0.0010516785209253429 0.00016533370186783559 -0.001921858137535552 0.0021552206690830644 -0.0018609414524610407 0.0010041693506668073 -0.0020329897882094463 -0.0011710107461708088 -0.00063052737607715464 0.0010785813153787061
leaf_weight=799 120 134 130 362 125 4781 225 120 220 316 117 176 361 585
leaf_count=799 120 134 130 362 125 4781 225 120 220 316 117 176 361 585
internal_value=3.30434e-05 1.01883e-05 0.00115204 -2.66322e-05 -0.000332567 9.01654e-05 -0.00050279 0.000214056 -0.00013903 -0.000646619 -0.000207948 0.000226056 0.000253865 0.000703536
internal_weight=8571 8451 264 8187 2262 5925 1024 4901 1900 829 609 492 1071 710
internal_count=8571 8451 264 8187 2262 5925 1024 4901 1900 829 609 492 1071 710
is_linear=0
shrinkage=0.03


Tree=153
num_leaves=15
num_cat=3
split_feature=35 30 30 32 33 28 37 38 24 37 12 30 5 1
split_gain=0.33299 0.824461 0.680958 0.478936 0.402953 0.433429 0.384158 0.664194 0.517658 0.355129 0.436601 0.3402 0.493056 0.303663
threshold=0 324.57500000000005 304.85000000000008 26.500000000000004 1.0000000180025095e-35 6.9605208333333346 1 1.5703858936483945 19.162500000003494 2 1.0000000180025095e-35 39.500000000000007 0.085150000000000017 31.500000000000004
decision_type=1 2 2 2 2 2 9 2 10 9 2 2 2 2
left_child=1 6 4 -3 9 -6 7 8 -1 11 -11 12 -2 -10
right_child=2 3 -4 -5 5 -7 -8 -9 13 10 -12 -13 -14 -15
leaf_value=-0.0014027601107954979 0.0020976572937347966 0.003406134639835899 -0.0026753963250434024 0.00060479277420151783 1.9013909025218436e-05 0.001778266161082601 -1.2297786104549498e-05 0.0024246744144560267 0.00015336996167554835 -0.00068012546570455582 0.0012113720376707487 -0.00067168183000841934 -0.00042965682767680843 0.0020290236945061033
leaf_weight=130 165 106 100 114 444 176 4753 164 217 1586 118 167 120 121
leaf_count=130 165 106 100 114 444 176 4753 164 217 1586 118 167 120 121
internal_value=1.95764e-05 0.000154141 -0.000242369 0.00195453 -0.000155597 0.000518415 8.0874e-05 0.000769596 0.000206056 -0.000349422 -0.000545938 0.00039477 0.00103353 0.000824832
internal_weight=8481 5605 2876 220 2776 620 5385 632 468 2156 1704 452 285 338
internal_count=8481 5605 2876 220 2776 620 5385 632 468 2156 1704 452 285 338
cat_boundaries=0 1 2 3
cat_threshold=26 1243119914 3256877717
is_linear=0
shrinkage=0.03


Tree=154
num_leaves=15
num_cat=1
split_feature=22 28 29 0 37 7 0 38 31 0 31 30 32 32
split_gain=0.320527 0.771049 0.688102 0.550662 0.701735 0.464686 0.878453 0.947117 0.570062 0.427063 0.536931 0.498494 0.457492 0.453719
threshold=6402.0500000000002 0.83592013888888894 2.5000000000000004 8.5000000000000018 0 1.5000000000000002 4.5000000000000009 1.306585163855835 0.55936451399967002 11.500000000000002 0.98907071189679896 40.250000000000007 4.5000000000000009 21.500000000000004
decision_type=2 2 2 2 9 2 2 2 10 2 8 2 2 2
left_child=3 2 -2 5 -5 8 -7 -8 -1 11 -11 -6 -13 -14
right_child=1 -3 -4 4 9 6 7 -9 -10 10 -12 12 13 -15
leaf_value=-0.0013658268669794627 0.0014006984515544613 -0.0013530067847610152 -0.0007687769487889094 -0.000288397068123763 0.0024882880668437501 -0.0011685269557889185 -0.00034129723354400245 0.0029204495108446837 -0.00015862984679793283 -0.0018687008995598611 0.00047786587245225427 -0.00045752948558335931 0.0015860586168351942 -7.5101095843564691e-05
leaf_weight=388 254 518 273 965 186 153 136 195 3800 104 562 207 546 203
leaf_count=388 254 518 273 965 186 153 136 195 3800 104 562 207 546 203
internal_value=-3.90483e-05 -0.000531059 0.000276853 3.00116e-05 0.000364906 -0.00016876 0.000711336 0.00158028 -0.000270471 0.00071126 0.000111435 0.0010673 0.00079083 0.00113584
internal_weight=8490 1045 527 7445 2773 4672 484 331 4188 1808 666 1142 956 749
internal_count=8490 1045 527 7445 2773 4672 484 331 4188 1808 666 1142 956 749
cat_boundaries=0 1
cat_threshold=575180970
is_linear=0
shrinkage=0.03


Tree=155
num_leaves=15
num_cat=2
split_feature=24 1 31 37 38 27 38 21 14 38 1 24 21 35
split_gain=0.377265 0.515355 0.61383 0.803953 0.581252 0.494114 0.48837 0.772881 0.615471 0.659013 0.61194 0.589482 0.545872 0.46546
threshold=15.979166666666389 32.500000000000007 1.1585652028159574 0 1.9160984674185728 13.999959490740741 1.7446931160039603 84.950000000000003 2.5000000000000004 1.8451663867716344 20.500000000000004 673.12316666666027 70.433333333333351 1
decision_type=8 2 8 9 2 2 2 2 2 2 2 10 2 1
left_child=1 2 -1 -4 5 -3 11 8 12 -10 -9 -2 -8 -11
right_child=6 4 3 -5 -6 -7 7 10 9 13 -12 -13 -14 -15
leaf_value=-0.0016016891202889382 0.0002470397730970889 -0.00097831009328202124 -0.00080865699939033757 0.0024310425606336424 0.00066215656102136815 -0.00314151622261852 -0.00097910316616066926 -0.001178300092709536 -0.001278668472968631 -0.00049621801449790254 0.0010645460150484646 -0.0016335972908025533 -0.0030645806578084851 0.0021785991930935002
leaf_weight=108 5781 321 117 151 129 135 467 147 196 100 429 154 149 130
leaf_count=108 5781 321 117 151 129 135 467 147 196 100 429 154 149 130
internal_value=1.05382e-06 -0.000558801 0.000307755 0.00107723 -0.00111577 -0.00161873 7.22865e-05 -0.00038973 -0.00087722 -4.67407e-07 0.000492153 0.000198241 -0.00148354 0.00108878
internal_weight=8514 961 376 268 585 456 7553 1618 1042 426 576 5935 616 230
internal_count=8514 961 376 268 585 456 7553 1618 1042 426 576 5935 616 230
cat_boundaries=0 1 2
cat_threshold=331350016 1
is_linear=0
shrinkage=0.03


Tree=156
num_leaves=15
num_cat=0
split_feature=25 6 21 22 25 1 27 1 27 32 1 28 30 32
split_gain=0.350468 0.704312 0.503606 0.594601 0.490071 0.695834 0.64939 0.525374 0.500663 0.364204 0.307704 0.649086 0.622018 0.445566
threshold=0.24695121951219515 2.5000000000000004 123.66666666666667 102.42400000000002 0.22290322580645164 12.500000000000002 13.999890046296299 42.500000000000007 13.999542824074075 5.5000000000000009 1.0000000180025095e-35 4.402997685185186 50.500000000000007 14.500000000000002
decision_type=10 2 2 2 8 2 2 2 2 2 2 2 2 2
left_child=1 2 3 -1 5 -5 8 -8 -7 -4 11 12 -2 -14
right_child=10 -3 9 4 -6 6 7 -9 -10 -11 -12 -13 13 -15
leaf_value=-0.0012288716942130122 0.002807340187173395 0.0026266279368324574 -0.0023025115538621321 0.0022230542779105938 0.0022461691667665755 -7.6968432004290697e-05 -8.7934287686396056e-05 0.0024173057468760816 -0.0024157215006600477 -0.00022649762863495752 -0.00022500391430664915 -0.00093720410293899475 -0.00070544961952449131 0.0012912085817948825
leaf_weight=160 128 112 102 163 163 297 158 144 114 299 6045 225 180 228
leaf_count=160 128 112 102 163 163 297 158 144 114 299 6045 225 180 228
internal_value=-5.69208e-05 0.00032676 0.00016577 0.00047357 0.000735736 0.000454685 5.04159e-05 0.00110662 -0.000725674 -0.000754561 -0.000153433 0.00041509 0.00098275 0.00041033
internal_weight=8518 1712 1600 1199 1039 876 713 302 411 401 6806 761 536 408
internal_count=8518 1712 1600 1199 1039 876 713 302 411 401 6806 761 536 408
is_linear=0
shrinkage=0.03


Tree=157
num_leaves=15
num_cat=4
split_feature=37 32 1 0 4 23 20 36 37 38 33 5 37 25
split_gain=0.250002 0.564872 0.516257 0.728374 0.391344 0.435335 0.318079 0.386746 1.00123 0.408532 0.382302 0.400581 0.390668 0.35586
threshold=0 1.5000000000000002 17.500000000000004 8.5000000000000018 1.0000000180025095e-35 186.50000000000003 1.0000000180025095e-35 1 2 1.6526597798703981 1.0000000180025095e-35 0.36600000000000005 3 0.19000000000000003
decision_type=9 2 2 2 2 2 2 9 9 2 2 2 9 10
left_child=6 2 -2 -4 5 -3 7 10 -9 -10 11 13 -12 -1
right_child=1 4 3 -5 -6 -7 -8 8 9 -11 12 -13 -14 -15
leaf_value=-0.0016819941620272681 0.002927944992578267 5.8392703140254903e-05 -0.00091100855416692301 0.0020765445638574998 0.0015453461026896211 -0.0012821498802480771 -0.0017547729185822863 0.0028775411068269882 -0.0013417812257932476 0.0007027964504279225 -0.00022153015596604046 0.00075887089016370818 0.0014921017292054428 -0.00045024804211126927
leaf_weight=242 113 4549 151 143 151 229 115 121 157 200 302 215 188 1653
leaf_count=242 113 4549 151 143 151 229 115 121 157 200 302 215 188 1653
internal_value=4.55349e-06 0.000130117 0.00120452 0.000542121 4.16643e-05 -5.85683e-06 -0.000205048 -0.000147813 0.000628806 -0.000191009 -0.000291888 -0.000468315 0.000461875 -0.000607548
internal_weight=8529 5336 407 294 4929 4778 3193 3078 478 357 2600 2110 490 1895
internal_count=8529 5336 407 294 4929 4778 3193 3078 478 357 2600 2110 490 1895
cat_boundaries=0 1 2 3 4
cat_threshold=1990787179 49 276824064 301989921
is_linear=0
shrinkage=0.03


Tree=158
num_leaves=15
num_cat=1
split_feature=27 37 23 1 31 17 38 38 0 13 31 31 5 27
split_gain=0.456387 0.530571 0.722198 0.891642 0.409621 0.356421 0.341812 0.287991 0.704403 0.510522 0.499386 0.655432 0.451485 0.617414
threshold=6.9996585648148155 0 34.500000000000007 47.500000000000007 0.1106014271151886 3.5000000000000004 0.82987787609720332 1.6035128058913037 6.5000000000000009 1.0000000180025095e-35 2.0435731915701543 1.091356184798808 0.45800000000000007 28.07513888888889
decision_type=2 9 2 2 8 2 2 2 2 2 8 10 2 2
left_child=-1 2 -2 -4 -3 6 -6 -8 9 -9 11 -11 13 -10
right_child=1 4 3 -5 5 -7 7 8 12 10 -12 -13 -14 -15
leaf_value=-0.0014219862818859064 8.5538534871203067e-05 0.0018515332254772894 0.0038158004268453536 0.00030172340371791505 -0.001794926906362749 0.0016487718098829242 8.0616270625434851e-05 0.00024932627707898201 -1.4614342627519707e-05 -0.0026299259461024225 -0.0021913370876345257 0.00021078004729175982 -0.001158345206309068 0.0016981993113777166
leaf_weight=198 433 102 132 128 104 108 4648 231 1325 102 345 258 244 221
leaf_count=198 433 102 132 128 104 108 4648 231 1325 102 345 258 244 221
internal_value=1.60399e-06 3.52361e-05 0.000824103 0.00208579 -3.68967e-05 -6.23368e-05 -8.70492e-05 -6.2962e-05 -0.000307772 -0.000974667 -0.00137572 -0.000594087 4.09507e-05 0.000230232
internal_weight=8579 8381 693 260 7688 7586 7478 7374 2726 936 705 360 1790 1546
internal_count=8579 8381 693 260 7688 7586 7478 7374 2726 936 705 360 1790 1546
cat_boundaries=0 1
cat_threshold=1227358289
is_linear=0
shrinkage=0.03


Tree=159
num_leaves=15
num_cat=2
split_feature=27 24 38 1 38 22 37 27 23 24 38 1 22 37
split_gain=0.420834 0.52937 0.746217 0.673345 0.489004 0.41017 0.304299 0.312172 0.29489 0.341741 0.353706 0.287526 0.532956 0.300731
threshold=29.624641203703707 194.20583333333272 1.751802671679356 20.500000000000004 1.4870774733782286 2034.1515000000002 0 13.999589120370372 167.50000000000003 46.047166666671409 1.6079303973233694 158.50000000000003 1725.48125 1
decision_type=2 10 2 2 2 2 9 2 2 10 2 2 2 9
left_child=6 5 3 -3 -5 -2 7 -1 11 -10 -11 13 -13 -8
right_child=1 2 -4 4 -6 -7 8 -9 9 10 -12 12 -14 -15
leaf_value=-0.00035395997640576255 0.00045773721594337581 0.0035290867206640539 -0.00091821722478124357 -0.00011008498724550008 0.0023663381264200358 -0.0018667440514393567 0.00022839389133741598 -0.0020871016125948655 0.00092875777983503173 -0.00042387983149928137 -0.0021399277177102782 3.2437744934411975e-05 0.0026080576024145228 -0.00018964960778797919
leaf_weight=363 189 135 118 165 127 107 2758 126 101 329 161 211 110 3506
leaf_count=363 189 135 118 165 127 107 2758 126 101 329 161 211 110 3506
internal_value=1.72621e-06 0.000638774 0.00119346 0.00177702 0.000966989 -0.000382531 -6.81703e-05 -0.000784494 -1.82387e-05 -0.000660204 -0.000987724 3.93496e-05 0.000915049 -5.52582e-06
internal_weight=8506 841 545 427 292 296 7665 489 7176 591 490 6585 321 6264
internal_count=8506 841 545 427 292 296 7665 489 7176 591 490 6585 321 6264
cat_boundaries=0 1 2
cat_threshold=537133680 1528327432
is_linear=0
shrinkage=0.03


Tree=160
num_leaves=15
num_cat=0
split_feature=17 1 2 28 28 0 24 10 38 1 0 1 28 25
split_gain=0.237236 0.238684 0.201004 0.335947 0.365503 0.296957 0.321241 0.398512 0.548877 0.378652 0.478574 0.492115 0.595475 0.598261
threshold=3.5000000000000004 280.50000000000006 1.0000000180025095e-35 9.2190335648148167 6.8865509259259268 18.500000000000004 49.605666666665861 1.0000000180025095e-35 1.6079303973233694 35.500000000000007 3.5000000000000004 32.500000000000007 4.0080497685185197 0.59003601440576248
decision_type=2 2 2 2 2 2 8 2 2 2 2 2 2 10
left_child=1 2 5 4 -4 6 -1 8 -8 10 -9 12 -12 -14
right_child=-2 -3 3 -5 -6 -7 7 9 -10 -11 11 -13 13 -15
leaf_value=0.00039449107515378138 0.0013732120355006117 0.0013950853303980988 -0.00034526298704462587 -0.0014519007503166533 0.0015455640286157946 -0.0014805409254482322 0.00011164135967079443 -0.001620998361479276 -0.0029398314894293438 0.00028867767454168622 0.00036476531815212343 -0.0017460947165526687 -0.0010331516610207199 0.00097538853268958178
leaf_weight=2041 117 111 798 213 104 112 113 208 100 2269 1426 157 681 166
leaf_count=2041 117 111 798 213 104 112 113 208 100 2269 1426 157 681 166
internal_value=3.15287e-05 1.30586e-05 -5.23002e-06 -0.000380301 -0.000127252 5.2271e-05 7.62446e-05 -5.06189e-05 -0.00132098 4.52388e-06 -0.000239883 -0.000121664 -9.4617e-06 -0.000639506
internal_weight=8616 8499 8388 1115 902 7273 7161 5120 213 4907 2638 2430 2273 847
internal_count=8616 8499 8388 1115 902 7273 7161 5120 213 4907 2638 2430 2273 847
is_linear=0
shrinkage=0.03


Tree=161
num_leaves=15
num_cat=1
split_feature=22 35 24 24 1 28 22 31 31 29 24 24 24 24
split_gain=0.312916 0.51769 0.374956 0.613759 0.541559 0.418774 0.344642 0.289152 0.341817 0.436645 0.380484 0.30147 0.520178 0.681551
threshold=6402.0500000000002 0 74.311666666667307 120.45833333333286 25.500000000000004 5.4417650462962976 5742.3000000000002 0.19843228538575877 1.0823369463999704 1.5000000000000002 189.69133333333465 170.43233333333259 263.3524999999924 365.66033333333684
decision_type=2 1 10 10 2 2 2 8 8 2 10 8 8 8
left_child=6 -2 5 -4 -5 -3 7 -1 9 -9 -11 -10 -13 -14
right_child=1 2 3 4 -6 -7 -8 8 11 10 -12 12 13 -15
leaf_value=0.001502587885004977 0.00093634916120208798 -0.00084884283499927181 0.0018451654208375948 -0.0023698055404965997 0.00024082272689665226 -0.0028988734246603361 0.0015384894043826143 -0.00017742218574952153 0.00028247443302092349 -0.0028133593474616524 -0.00031639587620328015 -0.00071379431731132459 0.0010197284588094647 -0.0002711074702125394
leaf_weight=119 184 364 106 120 177 119 140 930 3501 119 102 926 564 1060
leaf_count=119 184 364 106 120 177 119 140 930 3501 119 102 926 564 1060
internal_value=-4.7594e-06 -0.000484539 -0.000781371 -0.00011455 -0.000813977 -0.00135392 6.40469e-05 3.58511e-05 1.16159e-05 -0.000462263 -0.00166091 0.000101755 -0.000146361 0.000177188
internal_weight=8531 1070 886 403 297 483 7461 7321 7202 1151 221 6051 2550 1624
internal_count=8531 1070 886 403 297 483 7461 7321 7202 1151 221 6051 2550 1624
cat_boundaries=0 1
cat_threshold=6
is_linear=0
shrinkage=0.03


Tree=162
num_leaves=15
num_cat=1
split_feature=38 32 28 0 28 7 23 36 38 31 28 30 27 38
split_gain=0.384437 0.40815 0.403469 0.629417 0.529922 0.49639 0.50221 0.449273 1.06514 1.1507 0.599648 0.554158 0.537879 0.504502
threshold=1.1631210325998844 1.5000000000000002 6.3179513888888899 5.5000000000000009 11.25748263888889 1.5000000000000002 24.500000000000004 0 1.7640522733386785 1.0741549409671685 4.0080497685185197 264.02500000000003 13.999392361111113 1.9090387393945429
decision_type=2 2 2 2 2 2 2 9 2 10 2 2 2 2
left_child=1 -1 7 4 -4 6 -5 8 10 -10 -2 -11 13 -9
right_child=2 -3 3 5 -6 -7 -8 12 9 11 -12 -13 -14 -15
leaf_value=0.0012429268868249241 0.00016168174876843004 -0.00072294707800276933 0.0026450304321146436 -0.0013968946965469513 0.00050305229009963662 -0.0018389429690973233 0.00050207762191818153 0.00056387859468151483 -0.0039967511604013656 -0.0011086678962899895 -0.0012495652345279437 0.0012732209961350501 -8.6640773021661341e-05 0.0025672150669425135
leaf_weight=105 2564 1003 189 140 231 105 1197 608 115 600 303 103 1213 139
leaf_count=105 2564 1003 189 140 231 105 1197 608 115 600 303 103 1213 139
internal_value=-1.50117e-05 -0.00053665 6.19798e-05 0.000444924 0.00146694 0.000147249 0.000303232 -6.43341e-05 -0.000259202 -0.00121477 1.25336e-05 -0.000759686 0.00030182 0.000936655
internal_weight=8615 1108 7507 1862 420 1442 1337 5645 3685 818 2867 703 1960 747
internal_count=8615 1108 7507 1862 420 1442 1337 5645 3685 818 2867 703 1960 747
cat_boundaries=0 1
cat_threshold=48
is_linear=0
shrinkage=0.03


Tree=163
num_leaves=15
num_cat=1
split_feature=38 1 27 27 24 27 27 28 32 28 36 24 1 28
split_gain=0.301671 0.27322 0.233647 0.317663 0.536842 0.436761 0.642731 0.398109 0.466292 0.28765 0.523223 0.747348 0.434518 0.403654
threshold=0.93881812079845361 251.50000000000003 30.998709490740744 30.201909722222226 231.02700000000507 29.624641203703707 29.99902777777778 15.638628472222225 19.500000000000004 6.9605208333333346 0 33.871666666665995 55.500000000000007 10.107737268518521
decision_type=2 2 2 2 10 2 2 2 2 2 9 10 2 2
left_child=-1 2 3 5 -5 7 -7 9 -9 -2 13 -12 -13 -11
right_child=1 -3 -4 4 -6 6 -8 8 -10 10 11 12 -14 -15
leaf_value=-0.0010091514376671833 -3.968421794476582e-05 0.0013862238153192867 0.0010846389662411467 -0.0020527681827835213 0.00022709867002520485 0.0027626479922544726 -0.0001777156943073429 6.1441773243441658e-05 -0.0021033710322655298 0.00053360488464208823 0.0024662414325273933 -5.0250826142772961e-05 0.0013785988924538959 -0.0017476968726766625
leaf_weight=248 5685 136 185 176 197 129 139 188 171 127 188 626 276 155
leaf_count=248 5685 136 185 176 197 129 139 188 171 127 188 626 276 155
internal_value=2.20125e-05 5.25363e-05 3.05293e-05 6.32551e-06 -0.000848656 4.78284e-05 0.00123761 4.83203e-06 -0.000969709 5.44083e-05 0.000444289 0.000738809 0.000386958 -0.000695634
internal_weight=8626 8378 8242 8057 373 7684 268 7416 359 7057 1372 1090 902 282
internal_count=8626 8378 8242 8057 373 7684 268 7416 359 7057 1372 1090 902 282
cat_boundaries=0 1
cat_threshold=3
is_linear=0
shrinkage=0.03


Tree=164
num_leaves=15
num_cat=2
split_feature=31 29 32 23 35 23 27 28 22 23 32 21 36 23
split_gain=0.257777 0.45511 0.452363 0.408959 0.303269 0.228897 0.338851 0.376885 0.698443 0.384382 0.333982 0.551609 0.505251 0.795834
threshold=4.6669339748730296 1.5000000000000002 19.500000000000004 194.50000000000003 0 177.50000000000003 30.62453125 15.638628472222225 3652.6060000000002 78.500000000000014 10.500000000000002 204.83333333333334 1 49.500000000000007
decision_type=10 2 2 2 1 2 2 2 2 2 2 2 9 2
left_child=3 -2 4 5 -3 6 7 10 9 -9 12 -12 13 -1
right_child=1 2 -4 -5 -6 -7 -8 8 -10 -11 11 -13 -14 -15
leaf_value=0.0015445314550606329 -0.00020144311577061433 0.0032582141558980633 7.7588247857194326e-05 -0.0016926556658971277 0.00077203233729233032 0.00087110121731468013 -0.0013407349333952722 -0.0015250983332719312 -0.0029025575028660158 0.00071817739830048891 0.00016027594045542405 0.002270037080602849 -1.5667135458885659e-05 -0.0013352871433641891
leaf_weight=101 414 102 169 139 110 235 187 112 116 178 2897 116 3092 596
leaf_count=101 414 102 169 139 110 235 187 112 116 178 2897 116 3092 596
internal_value=-2.73786e-05 0.000487143 0.00123537 -8.00295e-05 0.00215832 -5.06514e-05 -7.9943e-05 -4.72338e-05 -0.000935153 -0.000148191 5.7646e-06 0.000241501 -0.000181693 -0.000904998
internal_weight=8564 795 381 7769 212 7630 7395 7208 406 290 6802 3013 3789 697
internal_count=8564 795 381 7769 212 7630 7395 7208 406 290 6802 3013 3789 697
cat_boundaries=0 1 2
cat_threshold=24 32
is_linear=0
shrinkage=0.03


Tree=165
num_leaves=15
num_cat=1
split_feature=37 4 12 1 31 25 1 30 1 1 0 1 21 21
split_gain=0.447645 0.495988 0.398833 0.668072 0.542788 0.522534 0.304262 0.247836 0.218276 0.628257 0.423919 0.326169 0.307278 0.484108
threshold=0 1.0000000180025095e-35 1.0000000180025095e-35 97.500000000000014 2.8525735171920967 0.66333333333333344 14.500000000000002 66.300000000000011 45.500000000000007 29.500000000000004 8.5000000000000018 78.500000000000014 20.416666666666668 40.500000000000007
decision_type=9 2 2 2 10 10 2 2 2 2 2 2 2 2
left_child=1 -1 3 4 5 8 -6 -5 9 12 -11 -10 -2 -14
right_child=2 -3 -4 7 6 -7 -8 -9 11 10 -12 -13 13 -15
leaf_value=0.00015603816574604194 0.0013120656294039392 0.0017418433022809397 -0.0017341529360686463 0.00052906014879836754 -0.0027061896536358034 0.0016743040927631649 -0.00073282357743599004 0.0024112386865541339 0.00076048644174188547 -0.0027794327301071463 -0.00028948977955151349 -0.0011419264797052932 -0.0017028942395794025 3.6464264492103006e-05
leaf_weight=5913 113 183 158 170 122 129 166 100 317 160 100 109 186 638
leaf_count=5913 113 183 158 170 122 129 166 100 317 160 100 109 186 638
internal_value=6.54362e-05 0.00020331 -0.000274825 -0.000176199 -0.000361806 -0.000163402 -0.00156876 0.00122616 -0.000309467 -0.000517017 -0.00182176 0.000273719 -0.000154974 -0.000356158
internal_weight=8564 6096 2468 2310 2040 1752 288 270 1623 1197 260 426 937 824
internal_count=8564 6096 2468 2310 2040 1752 288 270 1623 1197 260 426 937 824
cat_boundaries=0 1
cat_threshold=334015817
is_linear=0
shrinkage=0.03


Tree=166
num_leaves=15
num_cat=3
split_feature=38 23 31 24 22 37 30 37 36 1 24 28 23 30
split_gain=0.325159 0.915544 0.413464 0.345173 0.637438 0.429252 1.08927 0.333376 0.624016 0.372702 1.24598 0.613973 0.661788 0.605932
threshold=2.0146308851687151 96.500000000000014 1.6012326489300175 17.86833333333605 7157.1335000000008 0 30.165000000000003 1 2 19.500000000000004 79.162166666664902 1.8198611111111114 69.500000000000014 133.42500000000004
decision_type=2 2 8 8 2 9 2 9 9 2 8 2 2 2
left_child=3 2 -2 4 5 -1 -7 8 -5 10 -10 -11 -13 -14
right_child=1 -3 -4 7 -6 6 -8 -9 9 11 -12 12 13 -15
leaf_value=-0.00085735560868291513 0.00083883925345462726 -0.00083993334308897537 0.0034585619905359438 0.0021896040338899446 -0.0024461883017484884 -0.00074192787760597886 0.002608073151729424 -3.5042650801083462e-05 -2.9946762171272789e-06 -0.00057467563461436049 0.0034213212485869984 -0.00085344900600734712 0.0031693223987497004 0.0005602825513701834
leaf_weight=415 106 155 111 156 134 227 142 5453 334 725 134 152 127 217
leaf_count=415 106 155 111 156 134 227 142 5453 334 725 134 152 127 217
internal_value=5.35172e-05 0.000921042 0.00217888 1.42378e-05 -0.000534027 -0.000207203 0.000532794 8.32028e-05 0.00043054 0.000256138 0.000977472 -1.82464e-05 0.000795083 0.0015235
internal_weight=8588 372 217 8216 918 784 369 7298 1845 1689 468 1221 496 344
internal_count=8588 372 217 8216 918 784 369 7298 1845 1689 468 1221 496 344
cat_boundaries=0 1 2 3
cat_threshold=985661696 1384137986 6
is_linear=0
shrinkage=0.03


Tree=167
num_leaves=15
num_cat=0
split_feature=27 17 38 31 23 1 38 24 1 23 32 27 26 24
split_gain=0.38641 0.329211 0.251897 0.962427 1.36996 0.628234 0.460669 0.476533 0.512679 0.573985 0.413618 0.409083 0.412251 0.487036
threshold=6.9996585648148155 3.5000000000000004 1.9090387393945429 1.6012326489300175 80.500000000000014 42.500000000000007 1.8587381502079776 76.205833333332421 72.500000000000014 31.500000000000004 5.5000000000000009 30.998680555555559 0.047727272727272736 113.25366666666393
decision_type=2 2 2 8 2 2 2 8 2 2 2 2 10 10
left_child=-1 2 6 10 -5 -6 7 -2 11 -10 -4 12 13 -9
right_child=1 -3 3 4 5 -7 -8 8 9 -11 -12 -13 -14 -15
leaf_value=-0.0013681741211170964 -0.00033453907533762569 0.0015040567586431281 -0.0014455326544120907 0.0039139545393460564 -0.0014330932951699465 0.0014871913590468466 -0.0011982186702711836 0.0010303846697208147 0.0013572785804319663 -0.00082112147980796589 0.00087330972645431756 0.0019455256181924291 0.001323796461568447 -2.2295465229564002e-05
leaf_weight=197 3038 125 225 136 117 153 328 473 128 728 100 135 297 2416
leaf_count=197 3038 125 225 136 117 153 328 473 128 728 100 135 297 2416
internal_value=-5.48327e-05 -2.4028e-05 -4.71136e-05 0.000484613 0.00145854 0.000221735 -9.86439e-05 -4.86563e-05 0.000159271 -0.000495379 -0.000732043 0.00032801 0.000259471 0.000150054
internal_weight=8596 8399 8274 731 406 270 7543 7215 4177 856 325 3321 3186 2889
internal_count=8596 8399 8274 731 406 270 7543 7215 4177 856 325 3321 3186 2889
is_linear=0
shrinkage=0.03


Tree=168
num_leaves=15
num_cat=1
split_feature=33 37 28 29 22 21 30 38 27 1 28 21 30 31
split_gain=0.241295 0.743237 0.835014 0.901856 0.750658 0.610099 0.449883 0.433251 0.382559 0.439021 0.813293 0.836766 1.26174 0.814103
threshold=1.0000000180025095e-35 0 12.503807870370371 1.5000000000000002 1711.7312500000005 190.00000000000003 196.30000000000004 1.7728246679076609 6.9996585648148155 12.500000000000002 8.5183912037037057 119.50000000000001 170.12500000000003 2.6950646800153701
decision_type=2 9 2 2 2 2 2 2 2 2 2 2 2 10
left_child=5 2 3 -2 -5 8 -3 -6 -1 10 11 12 13 -10
right_child=1 6 -4 4 7 -7 -8 -9 9 -11 -12 -13 -14 -15
leaf_value=-0.0018527726300463481 0.0024972177385273625 4.3631560473923772e-05 0.0036270404040638824 -0.0014477963963043369 0.0020746209053788332 0.0016224664957299531 -0.0019479920325668908 -0.00036688095938157417 0.00099560815137710252 -0.00020492655629766296 -0.0012236876863110076 -0.0013307969565487881 0.0032676749590263214 -0.001528395093888282
leaf_weight=111 177 1056 100 193 150 189 113 116 624 5012 228 151 189 141
leaf_count=111 177 1056 100 193 150 189 113 116 624 5012 228 151 189 141
internal_value=2.77386e-05 0.000325393 0.00106424 0.000678015 -2.35071e-05 -5.75934e-05 -0.000147624 0.00100991 -0.000106777 -7.62327e-05 0.000407648 0.00074425 0.00107269 0.0005304
internal_weight=8550 1905 736 636 459 6645 1169 266 6456 6345 1333 1105 954 765
internal_count=8550 1905 736 636 459 6645 1169 266 6456 6345 1333 1105 954 765
cat_boundaries=0 1
cat_threshold=1484785920
is_linear=0
shrinkage=0.03


Tree=169
num_leaves=15
num_cat=3
split_feature=31 37 17 17 13 32 5 25 6 5 37 30 0 36
split_gain=0.289161 0.245004 0.202157 0.215265 0.199254 0.21838 0.183715 0.155737 0.377095 0.347487 0.56515 0.561871 0.740395 0.383853
threshold=0.1106014271151886 0 3.5000000000000004 2.5000000000000004 1.0000000180025095e-35 2.5000000000000004 0.72080000000000011 0.39791666666666675 2.5000000000000004 0.11435000000000002 1 200.60000000000002 6.5000000000000009 2
decision_type=8 9 2 2 2 2 2 10 2 2 9 2 2 9
left_child=-1 4 3 6 -2 -6 7 8 9 10 11 12 -3 -12
right_child=1 2 -4 -5 5 -7 -8 -9 -10 -11 13 -13 -14 -15
leaf_value=0.0013133563949312599 -0.0001834431687685927 0.003983992105421285 0.0012732408416027631 -0.0011875313820298636 -0.00045029103097372816 -0.0021511218189896849 0.0009274645263764701 -0.00016963090896228778 0.0014382537174326734 -0.00051863702760807583 -0.00049331353419017798 -0.00045261738790293871 0.00077075496760450977 0.00043758951301972252
leaf_weight=135 336 106 104 149 140 132 174 4485 181 764 776 118 165 799
leaf_count=135 336 106 104 149 140 132 174 4485 181 764 776 118 165 799
internal_value=-6.40873e-05 -8.61487e-05 -4.05467e-05 -5.83048e-05 -0.000661207 -0.00127569 -3.60724e-05 -5.8747e-05 0.00011221 2.42286e-05 0.000235404 0.00124328 0.00202759 -2.12836e-05
internal_weight=8564 8429 7821 7717 608 272 7568 7394 2909 2728 1964 389 271 1575
internal_count=8564 8429 7821 7717 608 272 7568 7394 2909 2728 1964 389 271 1575
cat_boundaries=0 1 2 3
cat_threshold=554442884 3180544 48
is_linear=0
shrinkage=0.03


Tree=170
num_leaves=15
num_cat=2
split_feature=27 27 30 33 23 37 22 22 38 37 23 32 38 21
split_gain=0.510589 0.706411 0.873605 0.371837 0.705976 0.482677 0.608374 0.446843 0.443574 0.518195 0.649237 0.442528 0.503965 0.368155
threshold=27.999803240740743 28.280746527777783 289.02500000000003 1.0000000180025095e-35 27.500000000000004 0 1711.7312500000005 1980.7027500000002 1.3723541831578179 1 66.500000000000014 25.500000000000004 1.249605488825092 140.16666666666671
decision_type=2 2 2 2 2 9 2 2 2 9 2 2 2 2
left_child=3 -2 -3 -1 13 7 8 -6 11 -10 -11 12 -7 -5
right_child=1 2 -4 4 5 6 -8 -9 9 10 -12 -13 -14 -15
leaf_value=-0.00024721269775927692 0.0025326775420834412 -2.5366853071699507e-05 0.0021488865723089372 -0.00022749575926520101 0.0029069948353049953 0.00028366895302398394 0.0018688415975661062 0.00039056221057972001 -0.0023319955615858944 0.0011422857463551041 -0.0016131757058060936 -0.00084010399735322402 0.0028335497371756052 -0.0022146774822435762
leaf_weight=5430 137 1203 193 264 145 175 183 113 116 179 135 124 116 123
leaf_count=5430 137 1203 193 264 145 175 183 113 116 179 135 124 116 123
internal_value=-1.95655e-05 0.00047697 0.000275228 -0.00012673 0.000264317 0.000602384 0.000297705 0.00173749 -3.90297e-05 -0.000714281 -4.10789e-05 0.000660629 0.00130012 -0.000859081
internal_weight=8636 1533 1396 7103 1673 1286 1028 258 845 430 314 415 291 387
internal_count=8636 1533 1396 7103 1673 1286 1028 258 845 430 314 415 291 387
cat_boundaries=0 1 2
cat_threshold=404750338 2684356640
is_linear=0
shrinkage=0.03


Tree=171
num_leaves=15
num_cat=0
split_feature=27 27 27 27 1 32 28 24 27 28 1 24 27 31
split_gain=0.238327 0.565458 0.206445 0.229762 0.827021 0.464829 0.715725 0.396703 0.495735 1.02007 0.452404 1.16696 1.1298 0.615355
threshold=30.998680555555559 31.328431712962963 30.605075231481486 29.212303240740741 25.500000000000004 21.500000000000004 4.1058854166666672 185.87033333333386 17.423611111111114 15.448998842592594 20.500000000000004 88.281833333336408 13.99935763888889 2.7185790898072359
decision_type=2 2 2 2 2 2 2 10 2 2 2 8 2 10
left_child=2 -2 3 7 -5 6 -6 8 10 -10 11 -1 -13 -12
right_child=1 -3 -4 4 5 -7 -8 -9 9 -11 13 12 -14 -15
leaf_value=-6.3863248837237269e-05 0.0025616193730779485 -0.00055197114619659254 -0.0011459357535599597 -0.00074217137495394454 0.0007479642478642898 6.058339850505354e-05 0.0038755979515948547 -0.00039970330242409169 0.0012075075923265396 -0.0015307044165151916 -0.00042576159658806511 0.00380968274724371 0.00029166970193824347 0.0005620450537691333
leaf_weight=1016 106 104 140 275 149 154 118 1958 733 147 2627 159 170 724
leaf_count=1016 106 104 140 275 149 154 118 1958 733 147 2627 159 170 724
internal_value=2.1451e-05 0.00101965 -3.59347e-06 1.58388e-05 0.000537356 0.00137315 0.00213021 -3.23396e-05 9.66594e-05 0.000750102 -2.57915e-05 0.000438988 0.00199186 -0.000212341
internal_weight=8580 210 8370 8230 696 421 267 7534 5576 880 4696 1345 329 3351
internal_count=8580 210 8370 8230 696 421 267 7534 5576 880 4696 1345 329 3351
is_linear=0
shrinkage=0.03


Tree=172
num_leaves=15
num_cat=2
split_feature=24 35 31 31 24 21 21 6 32 31 24 38 38 36
split_gain=0.345842 0.375668 0.493318 0.294829 0.286248 0.254081 0.889504 0.421171 0.46326 0.419508 0.553941 0.565406 0.300841 0.73672
threshold=7.486666666665756 0 1.2190404267189183 2.5201640784751711 10.720666666667677 117.96666666666668 114.53333333333335 2.5000000000000004 13.500000000000002 1.783196239717979 275.2264999999968 1.4765911798688676 1.6707306250190983 1
decision_type=8 1 10 10 8 2 2 2 2 10 10 2 2 9
left_child=1 2 -1 -4 -2 6 12 8 -7 10 11 -10 -6 -14
right_child=4 -3 3 -5 5 7 -8 -9 9 -11 -12 -13 13 -15
leaf_value=-0.0014073254443072579 0.001245949461209138 -0.0019715385107845545 0.0016184516892087859 -0.00045737224225050362 0.00017203764818400977 -0.001098255448294051 0.0024925713959857922 0.0013960808217273774 0.0013164404822483418 -0.00099059600612992366 0.0024887105764990502 -0.0016105857646432828 -0.00043610881746318763 0.0020363830777932889
leaf_weight=187 174 147 130 117 4513 622 136 111 124 202 110 114 1723 106
leaf_count=187 174 147 130 117 4513 622 136 111 124 202 110 114 1723 106
internal_value=-9.16403e-06 -0.000715689 -0.000239378 0.000635167 4.25677e-05 1.55881e-05 9.19789e-05 -0.000370117 -0.000537394 9.68902e-05 0.000728132 -8.55805e-05 4.04998e-05 -0.000284066
internal_weight=8516 581 434 247 7935 7761 6478 1283 1172 550 348 238 6342 1829
internal_count=8516 581 434 247 7935 7761 6478 1283 1172 550 348 238 6342 1829
cat_boundaries=0 1 2
cat_threshold=11 49
is_linear=0
shrinkage=0.03


Tree=173
num_leaves=15
num_cat=1
split_feature=38 23 24 1 1 25 30 31 22 32 36 1 24 26
split_gain=0.276558 1.32494 0.422194 0.819979 0.414337 0.342993 0.46653 0.407316 0.499299 0.488524 0.348027 0.308312 0.301163 0.353459
threshold=2.0462256237681475 79.500000000000014 1.8535000000000084 40.500000000000007 206.50000000000003 0.19000000000000003 196.30000000000004 1.2712272492314391 510.25000000000006 1.5000000000000002 0 42.500000000000007 7.486666666665756 0.039230769230769243
decision_type=2 2 8 2 2 10 2 8 2 2 9 2 8 10
left_child=2 -2 3 -1 5 6 7 9 -9 -4 11 -11 13 -7
right_child=1 -3 4 -5 -6 12 -8 8 -10 10 -12 -13 -14 -15
leaf_value=0.00056326590775926074 0.0028571065763925325 -0.0010870973234823149 0.0022024112906324387 -0.0031509297660042373 0.0013919241046844914 3.3541165159678918e-05 -0.0012963645157063953 0.0007000852329656481 0.0034477793924212095 -0.0015351509794323558 0.0010304440971698828 0.00049108133946949807 2.4203217523440492e-06 -0.0024416616828180845
leaf_weight=108 159 148 107 106 209 108 104 141 103 166 158 114 6794 100
leaf_count=108 159 148 107 106 209 108 104 141 103 166 158 114 6794 100
internal_value=7.14166e-05 0.000955666 3.87808e-05 -0.00127648 7.35124e-05 3.86108e-05 0.000592309 0.00084126 0.00185997 0.000385176 -5.87607e-05 -0.000685696 -3.20051e-05 -0.00115646
internal_weight=8625 307 8318 214 8104 7895 893 789 244 545 438 280 7002 208
internal_count=8625 307 8318 214 8104 7895 893 789 244 545 438 280 7002 208
cat_boundaries=0 1
cat_threshold=37
is_linear=0
shrinkage=0.03


Tree=174
num_leaves=15
num_cat=2
split_feature=31 38 37 31 30 23 0 1 28 23 30 37 27 21
split_gain=0.399128 0.293498 0.54437 0.471555 0.556986 0.501279 0.342298 0.318564 0.980627 0.822999 0.762463 0.678707 0.543757 0.509444
threshold=0.1106014271151886 1.928959143816446 0 1.6012326489300175 99.500000000000014 73.500000000000014 16.500000000000004 18.500000000000004 0.93167824074074079 143.50000000000003 33.250000000000007 1 10.891996527777779 119.50000000000001
decision_type=8 2 9 8 2 2 2 2 2 2 2 9 2 2
left_child=-1 2 -2 4 -3 -5 7 8 10 12 -4 -9 -10 -12
right_child=1 3 6 5 -6 -7 -8 11 9 -11 13 -13 -14 -15
leaf_value=0.0016427553146454235 -0.0018577005559256155 -0.0012270002008594682 0.0026237660962477572 0.0029488418315407466 0.0014396348867254951 0.00053035651827676585 -0.0013385844309279139 0.0019820989698279075 -0.0029074589952710083 0.0015251061247545294 0.00082955237293256753 -0.0002133522808635598 -0.00054209900309138575 -0.00093246267114729519
leaf_weight=127 146 203 183 113 108 243 186 120 100 159 844 5201 698 179
leaf_count=127 146 203 183 113 108 243 186 120 100 159 844 5201 698 179
internal_value=-2.6599e-05 -5.15911e-05 -0.00010314 0.000552467 -0.000300966 0.00129802 -6.72319e-05 -3.57248e-05 0.000271263 -0.000445809 0.000840282 -0.000160516 -0.00083851 0.000521243
internal_weight=8610 8483 7816 667 311 356 7670 7484 2163 957 1206 5321 798 1023
internal_count=8610 8483 7816 667 311 356 7670 7484 2163 957 1206 5321 798 1023
cat_boundaries=0 1 2
cat_threshold=2097152 134742016
is_linear=0
shrinkage=0.03


Tree=175
num_leaves=15
num_cat=3
split_feature=6 25 24 24 37 26 31 31 30 27 25 35 21 37
split_gain=0.304319 1.21184 0.574535 0.333712 0.303421 0.425799 0.319663 0.301744 0.320967 0.268304 0.480918 0.551654 0.499789 0.400194
threshold=2.5000000000000004 0.22290322580645164 38.968166666667685 770.65416666668386 0 0.04083333333333334 7.7898305084745774 1.6951526799060435 254.60000000000002 13.999728009259261 0.61769230769230787 1 21.500000000000004 2
decision_type=2 10 10 10 9 8 8 10 2 2 10 1 2 9
left_child=3 -2 -3 4 5 6 -1 -4 -9 13 11 12 -11 -6
right_child=1 2 7 -5 9 -7 -8 8 -10 10 -12 -13 -14 -15
leaf_value=-0.00045104604848835534 0.0036005316642666852 -0.0015145772070574918 -0.00066791955786021906 0.0016289031190367845 -0.001269815868996973 0.0021366671166700743 0.0010861312279559891 0.0018556808755015573 -0.00022612960732514313 -0.0012929045644245649 0.001114991959930029 -0.00027949788448038295 0.00082946982040064206 -0.00022087303912210056
leaf_weight=302 103 152 114 104 367 123 204 196 101 114 331 2905 805 2613
leaf_count=302 103 152 114 104 367 123 204 196 101 114 331 2905 805 2613
internal_value=-7.0859e-06 0.000608665 6.13069e-05 -5.92071e-05 -8.18196e-05 0.000544859 0.000168686 0.000644116 0.00114773 -0.000137636 1.79683e-05 -7.69886e-05 0.000560099 -0.000355057
internal_weight=8534 666 563 7868 7764 629 506 411 297 7135 4155 3824 919 2980
internal_count=8534 666 563 7868 7764 629 506 411 297 7135 4155 3824 919 2980
cat_boundaries=0 1 2 3
cat_threshold=184567112 22 1142990849
is_linear=0
shrinkage=0.03


Tree=176
num_leaves=15
num_cat=3
split_feature=31 37 32 27 37 30 30 30 25 37 28 32 21 5
split_gain=0.272625 0.309509 0.701051 0.294747 0.393486 0.388203 0.382932 0.78876 0.665237 0.485334 0.407159 0.597453 0.402096 0.437301
threshold=0.1799720450492425 0 7.5000000000000009 12.974768518518522 1 108.30000000000001 37.250000000000007 42.250000000000007 0.19000000000000003 2 4.1058854166666672 18.500000000000004 104.13333333333334 0.10265000000000002
decision_type=8 9 2 2 9 2 2 2 8 9 2 2 2 2
left_child=-1 2 -2 4 -3 -6 8 -8 -5 -10 -9 -12 -13 -14
right_child=1 3 -4 6 5 -7 7 10 9 -11 11 12 13 -15
leaf_value=0.0012601210025385164 0.0014804892298363318 -0.0020240496095114699 -0.0012849823492843743 0.0012312650117842902 4.7105775844656969e-05 -0.0014645764636762367 0.0025575322169849339 -0.00013245314981824658 6.1861088468329596e-05 -0.0015382352880418543 0.00085797795497131882 0.00022377149626401124 -0.00011539739736670546 -0.0024482563179917633
leaf_weight=159 330 125 110 155 708 195 117 3562 282 441 1168 894 182 120
leaf_count=159 330 125 110 155 708 195 117 3562 282 441 1168 894 182 120
internal_value=2.94876e-05 6.1629e-06 0.000771585 -3.71294e-05 -0.000511175 -0.000276278 3.32286e-05 0.000118287 -0.000552203 -0.000934551 7.0128e-05 0.000375371 -9.59376e-05 -0.00104236
internal_weight=8548 8389 440 7949 1028 903 6921 6043 878 723 5926 2364 1196 302
internal_count=8548 8389 440 7949 1028 903 6921 6043 878 723 5926 2364 1196 302
cat_boundaries=0 1 2 3
cat_threshold=134250584 1086326784 58728961
is_linear=0
shrinkage=0.03


Tree=177
num_leaves=15
num_cat=2
split_feature=37 32 24 1 27 29 1 22 17 31 31 37 32 23
split_gain=0.266858 0.312218 0.446587 0.626988 0.842408 0.58208 0.415253 0.498979 0.346173 0.629953 0.381649 0.361069 0.307658 0.280968
threshold=0 3.5000000000000004 26.342833333332095 31.500000000000004 12.999942129629632 1.5000000000000002 72.500000000000014 3478.5500000000006 1.0000000180025095e-35 1.548166151126823 0.75391316586785995 1 1.5000000000000002 143.50000000000003
decision_type=9 2 10 2 2 2 2 2 2 10 8 9 2 2
left_child=1 8 13 4 -4 -6 7 -5 10 -10 -1 -12 -13 -3
right_child=-2 2 3 6 5 -7 -8 -9 9 -11 11 12 -14 -15
leaf_value=0.00095572899492315448 0.00011919398249511746 -6.2334615737199769e-05 -0.0026314129988895727 0.00088413518051540544 -0.0006648591953913413 0.0018632091957105337 -6.4458594225112447e-05 0.0033273811135864392 -0.0024184166093605113 0.00025339131505346823 0.00031775646208480779 0.00015474117506261267 -0.001724816450075577 -0.0021922703296671396
leaf_weight=177 6177 110 120 238 219 131 198 110 212 127 233 109 279 113
leaf_count=177 6177 110 120 238 219 131 198 110 212 127 233 109 279 113
internal_value=1.52868e-05 -0.000254277 7.40893e-05 0.000340925 -0.000462326 0.000281361 0.00103237 0.00165643 -0.000614338 -0.00141747 -0.000273156 -0.000623417 -0.00116673 -0.00114163
internal_weight=8553 2376 1239 1016 470 350 546 348 1137 339 798 621 388 223
internal_count=8553 2376 1239 1016 470 350 546 348 1137 339 798 621 388 223
cat_boundaries=0 1 2
cat_threshold=1485144202 402686080
is_linear=0
shrinkage=0.03


Tree=178
num_leaves=15
num_cat=1
split_feature=25 37 13 22 33 22 22 1 28 0 0 6 30 32
split_gain=0.372912 0.685476 0.612393 0.533052 0.408558 0.842136 1.26626 0.518414 0.690324 0.466027 0.45357 0.367021 0.394521 0.447896
threshold=0.24195121951219514 0 0.50000000000000011 102.42400000000002 1.0000000180025095e-35 1461.1986250000002 3884.0117500000001 1.0000000180025095e-35 6.9361747685185202 6.5000000000000009 5.5000000000000009 2.5000000000000004 65.500000000000014 5.5000000000000009
decision_type=10 9 2 2 2 2 2 2 2 2 2 2 2 2
left_child=3 2 -2 -1 7 9 -7 8 10 -6 -3 12 -5 -14
right_child=1 4 -4 11 5 6 -8 -9 -10 -11 -12 -13 13 -15
leaf_value=-0.0012796848196599934 -0.0010229211829098914 0.00032532687185277392 0.001206024472870218 0.0011040897402657015 -0.00088935749854661026 0.0034044768846058378 -0.00013699638510921171 -0.00024727287349027933 -0.0011475649897134067 0.0004969269865492819 0.0024530862175879517 0.0022912762848660349 -0.0005564256746684506 0.00072077549593226682
leaf_weight=161 1053 170 124 496 338 189 175 3809 123 616 192 100 506 483
leaf_count=161 1053 170 124 496 338 189 175 3809 123 616 192 100 506 483
internal_value=-2.60126e-05 -0.000126576 -0.000781457 0.000365011 1.21418e-05 0.000474185 0.00170185 -0.000129649 0.000794119 5.76959e-06 0.00145386 0.000532075 0.000413611 6.73237e-05
internal_weight=8535 6789 1177 1746 5612 1318 364 4294 485 954 362 1585 1485 989
internal_count=8535 6789 1177 1746 5612 1318 364 4294 485 954 362 1585 1485 989
cat_boundaries=0 1
cat_threshold=2695409665
is_linear=0
shrinkage=0.03


Tree=179
num_leaves=15
num_cat=1
split_feature=19 24 27 24 37 23 28 24 21 30 30 30 7 27
split_gain=0.355496 0.880677 0.523447 0.418755 0.355465 0.715519 0.644216 0.497501 0.323912 0.312849 0.341453 0.332044 0.440838 0.465102
threshold=1.0000000180025095e-35 45.290999999999777 29.116319444444446 7.486666666665756 0 96.500000000000014 7.9362789351851868 37.745500000001051 84.075000000000003 249.05000000000004 240.05000000000004 260.75000000000006 1.0000000180025095e-35 27.977615740740745
decision_type=2 10 2 8 9 2 2 10 2 2 2 2 2 2
left_child=3 -2 8 -1 5 6 7 -5 -3 10 -6 -11 -13 -14
right_child=1 2 -4 4 9 -7 -8 -9 -10 11 -12 12 13 -15
leaf_value=-0.00077800256366796828 0.001527233786570529 -0.003354345742091027 0.0002709411609044764 -0.0018009560599198773 0.00021068004801719236 -0.0019267164850917955 0.0013674032578564295 -3.5580190587627509e-05 -0.001211645014790563 -0.0014414681489506619 0.0015811923715029705 0.0017306096158507796 -0.0010310107236430335 0.00047792468295816421
leaf_weight=563 108 128 100 189 5129 225 223 599 126 192 169 108 391 347
leaf_count=563 108 128 100 189 5129 225 223 599 126 192 169 108 391 347
internal_value=-3.46189e-05 -0.00084413 -0.0015676 1.13545e-05 7.00455e-05 -0.000393478 -5.61447e-05 -0.000459002 -0.00229143 0.000160835 0.000254398 -0.000315165 -5.95502e-05 -0.000321525
internal_weight=8597 462 354 8135 7572 1236 1011 788 254 6336 5298 1038 846 738
internal_count=8597 462 354 8135 7572 1236 1011 788 254 6336 5298 1038 846 738
cat_boundaries=0 1
cat_threshold=4465181
is_linear=0
shrinkage=0.03


Tree=180
num_leaves=15
num_cat=1
split_feature=38 1 5 31 26 1 31 30 1 37 31 1 25 25
split_gain=0.229916 0.235021 1.16851 0.309482 0.267236 0.229549 0.420112 0.510323 0.456706 0.37403 0.465025 0.373638 0.325654 0.561934
threshold=0.86209474721110635 139.50000000000003 0.34055000000000007 1.9617718730540388 0.028991596638655467 72.500000000000014 1.6951526799060435 253.72500000000002 81.500000000000014 0 2.6228785436617055 67.500000000000014 0.22290322580645164 0.34891304347826091
decision_type=2 2 2 8 10 2 10 2 2 9 10 2 10 10
left_child=-1 5 3 4 -3 11 12 8 -8 -10 -11 -2 -7 -14
right_child=1 2 -4 -5 -6 6 7 -9 9 10 -12 -13 13 -15
leaf_value=-0.001171722572823152 2.6785837106641555e-05 0.0014274589194404972 0.0030283580000294657 -0.001066296149022697 -0.00058088182804307768 0.00011296454049534534 -0.00085085951816290617 -0.001208069937706592 -0.00018718742761065403 0.00054028402764717462 0.0029857109944746098 0.0012479046124439592 -0.0030383733175621611 -0.00069680963635986297
leaf_weight=144 6220 138 138 186 105 199 150 193 148 142 138 234 127 337
leaf_count=144 6220 138 138 186 105 199 150 193 148 142 138 234 127 337
internal_value=1.69365e-05 3.71809e-05 0.000627124 -0.000145302 0.000559657 -5.22494e-06 -0.000348558 0.000127609 0.000573605 0.00107283 0.00168534 7.10594e-05 -0.00090229 -0.00133771
internal_weight=8599 8455 567 429 243 7888 1434 771 578 428 280 6454 663 464
internal_count=8599 8455 567 429 243 7888 1434 771 578 428 280 6454 663 464
cat_boundaries=0 1
cat_threshold=549453952
is_linear=0
shrinkage=0.03


Tree=181
num_leaves=15
num_cat=2
split_feature=38 31 24 38 31 25 13 4 1 37 21 32 37 0
split_gain=0.270737 0.822414 0.784802 0.406122 0.442035 0.392476 0.371676 0.341138 0.352266 0.621498 0.665497 0.627044 0.456412 0.712045
threshold=1.9160984674185728 0.98907071189679896 25.644333333333275 1.8587381502079776 0.1106014271151886 0.47913043478260875 1.0000000180025095e-35 1.0000000180025095e-35 12.500000000000002 0 119.50000000000001 4.5000000000000009 1 6.5000000000000009
decision_type=2 8 8 2 8 10 2 2 2 9 2 2 9 2
left_child=3 -2 -3 4 -1 -4 -5 8 9 -6 11 -11 13 -10
right_child=1 2 5 6 7 -7 -8 -9 12 10 -12 -13 -14 -15
leaf_value=0.0019798999563611754 -0.0013539814395615115 0.0027090406449467755 0.00093556358906081742 0.00029992546467810756 -0.0010159860828376046 -0.0011361108426200717 -0.0016742496452225018 0.0012417269617834407 0.0027096722679447352 0.0024439899679002111 -0.00078535934910178178 0.00060186027146812181 -0.00020915732928165919 -3.0903785077568424e-05
leaf_weight=104 156 186 296 133 236 114 242 197 127 206 242 863 5195 260
leaf_count=104 156 186 296 133 236 114 242 197 127 206 242 863 5195 260
internal_value=4.15601e-05 0.0005852 0.00109277 -1.08189e-05 3.77977e-05 0.000359537 -0.000974076 1.02276e-05 -2.38032e-05 0.000376779 0.000630439 0.000956845 -0.000134821 0.000846583
internal_weight=8557 752 596 7805 7430 410 375 7326 7129 1547 1311 1069 5582 387
internal_count=8557 752 596 7805 7430 410 375 7326 7129 1547 1311 1069 5582 387
cat_boundaries=0 1 2
cat_threshold=1207992322 1209053696
is_linear=0
shrinkage=0.03


Tree=182
num_leaves=15
num_cat=1
split_feature=23 1 1 25 31 31 23 17 0 31 30 35 21 0
split_gain=0.227224 0.389477 0.433299 0.446672 0.337304 0.351473 0.511374 0.709618 0.471297 0.439248 0.389256 0.489544 0.427077 0.419741
threshold=26.500000000000004 110.50000000000001 29.500000000000004 0.19000000000000003 0.35714348202647267 1.0611799304874792 65.500000000000014 1.0000000180025095e-35 5.5000000000000009 1.1585652028159574 40.250000000000007 0 11.500000000000002 7.5000000000000009
decision_type=2 2 2 8 8 10 2 2 2 10 2 1 2 2
left_child=1 2 -1 -4 -2 6 8 -8 -6 -7 11 -11 -12 -13
right_child=4 -3 3 -5 5 9 7 -9 -10 10 12 13 -14 -15
leaf_value=-4.4190357685530258e-05 0.0011929194486884657 0.0010713581992621837 0.00054002457839805033 -0.0014273457629380613 0.0014637274002544237 0.0015027787124318541 -0.00040173062775572006 -0.0029945799052828051 -0.00037433499408390128 0.0026111848868935464 -0.0018485680964764799 -0.0012006851276898129 4.2690088354214908e-05 0.0010882668603952764
leaf_weight=950 232 166 129 533 162 202 283 143 558 106 110 109 4654 213
leaf_count=950 232 166 129 533 162 202 283 143 558 106 110 109 4654 213
internal_value=-1.04606e-05 -0.000312288 -0.000454772 -0.00104398 6.87846e-05 2.89071e-05 -0.000448228 -0.0012721 3.9229e-05 0.000130278 7.688e-05 0.000943513 -9.78761e-07 0.000303994
internal_weight=8550 1778 1612 662 6772 6540 1146 426 720 5394 5192 428 4764 322
internal_count=8550 1778 1612 662 6772 6540 1146 426 720 5394 5192 428 4764 322
cat_boundaries=0 1
cat_threshold=24
is_linear=0
shrinkage=0.03


Tree=183
num_leaves=15
num_cat=2
split_feature=37 31 28 1 13 1 1 32 31 32 36 38 23 24
split_gain=0.37955 0.294002 0.255169 0.237231 0.311286 0.290668 0.744546 0.210523 0.293245 0.525859 0.392918 0.315518 0.836097 0.537392
threshold=0 8.173220338983052 2.265405092592593 122.50000000000001 0.50000000000000011 4.5000000000000009 17.500000000000004 1.0000000180025095e-35 0.62923872590659724 6.5000000000000009 1 2.0146308851687151 79.500000000000014 17.86833333333605
decision_type=9 8 2 2 2 2 2 2 10 2 9 2 2 10
left_child=1 7 -3 4 5 -2 -7 -1 9 10 -9 13 -13 -10
right_child=3 2 -4 -5 -6 6 -8 8 11 -11 -12 12 -14 -15
leaf_value=0.0010265446158757121 -0.0015660824128814663 0.0022313545525232156 0.00021529753319389947 -0.0015553498290968421 0.0012664579667312757 0.0019508304260671139 -0.00059932418815780101 0.0010807980372969591 -0.00087397316496402465 -0.0019593361980126548 -0.00076811600607873225 0.0027434217370381313 -0.00037905009985944734 0.00013238968997645369
leaf_weight=197 180 106 121 158 102 120 729 165 524 180 243 140 172 5388
leaf_count=197 180 106 121 158 102 120 729 165 524 180 243 140 172 5388
internal_value=9.37205e-06 9.40058e-05 0.00115672 -0.000462871 -0.000314345 -0.000471042 -0.000238878 5.9722e-05 3.17619e-05 -0.00060863 -1.27296e-05 9.22616e-05 0.00102206 4.31924e-05
internal_weight=8525 7236 227 1289 1131 1029 849 7009 6812 588 408 6224 312 5912
internal_count=8525 7236 227 1289 1131 1029 849 7009 6812 588 408 6224 312 5912
cat_boundaries=0 1 2
cat_threshold=2667067428 7
is_linear=0
shrinkage=0.03


Tree=184
num_leaves=15
num_cat=4
split_feature=24 5 35 28 30 37 37 32 13 25 24 35 31 38
split_gain=0.355837 0.484769 0.572973 0.479535 0.36346 0.621505 0.341107 0.564544 0.328437 0.500949 0.310516 0.517842 0.511329 0.401231
threshold=15.200166666666847 0.11940000000000002 0 3.0785185185185191 40.250000000000007 1 2 7.5000000000000009 1.0000000180025095e-35 0.3418750000000001 39.46533333333501 3 1.3814177727516221 1.6827308558998098
decision_type=8 2 1 2 2 9 9 2 2 8 8 1 10 2
left_child=1 2 -1 8 5 -2 7 -6 -4 -10 11 13 -13 -8
right_child=4 -3 3 -5 6 -7 10 -9 9 -11 -12 12 -14 -15
leaf_value=0.0017469346125769177 0.0012460279216149476 -0.0015197297562426519 -0.0024275665235827149 0.0010648408795496812 7.0032901712693265e-05 -0.00014605125633571477 0.00068393166384388994 -0.0027089550562508021 0.00087943131862958264 -0.0018282334767882862 -0.00010795493203952151 0.0030090478139767505 0.00063552700099535288 -0.00093516812747915202
leaf_weight=113 538 331 115 123 152 612 276 116 122 124 5258 115 282 275
leaf_count=113 538 331 115 123 152 612 276 116 122 124 5258 115 282 275
internal_value=-4.42178e-05 -0.000598882 -8.83285e-05 -0.000541711 2.32964e-05 0.000514765 -6.40049e-05 -0.00109206 -0.0011041 -0.000485408 -1.78208e-05 0.000481912 0.00129056 -0.000121936
internal_weight=8552 928 597 484 7624 1150 6474 268 361 246 6206 948 397 551
internal_count=8552 928 597 484 7624 1150 6474 268 361 246 6206 948 397 551
cat_boundaries=0 1 2 3 4
cat_threshold=8 2323687721 136314919 9
is_linear=0
shrinkage=0.03


Tree=185
num_leaves=15
num_cat=3
split_feature=17 37 21 25 27 24 35 1 1 1 23 31 37 26
split_gain=0.391662 0.35636 0.317407 0.412683 0.310225 0.296271 0.436164 0.373674 0.458742 0.333515 0.535103 0.418525 0.36511 0.304241
threshold=3.5000000000000004 0 5.0833333333333348 0.60858585858585867 13.999959490740741 38.968166666667685 1 28.500000000000004 2.5000000000000004 20.500000000000004 69.500000000000014 1.1025975288833789 2 0.086031452358926938
decision_type=2 9 2 8 2 8 1 2 2 2 2 10 9 10
left_child=1 4 3 -3 5 13 9 8 -8 10 -7 -11 -13 -1
right_child=-2 2 -4 -5 -6 6 7 -9 -10 11 -12 12 -14 -15
leaf_value=-0.0018279048396008953 0.0016231446714833552 0.0018732048517787936 2.0599252750843465e-05 -0.00025323323449575816 0.00034149931353817388 0.0023712297481861674 -0.00024684950315144536 -8.4300080976007803e-05 -0.0028260354818241172 -0.0010943197464211615 -0.00026881449545423187 0.001479340517795795 -0.00076569696828112776 -0.00010478665222130391
leaf_weight=278 129 193 5982 143 430 126 101 190 161 305 153 145 106 138
leaf_count=278 129 193 5982 143 430 126 101 190 161 305 153 145 106 138
internal_value=-1.74163e-05 -4.24586e-05 7.08819e-05 0.000968203 -0.000376742 -0.000560307 -0.000335342 -0.00107346 -0.00183177 7.61606e-05 0.000923464 -0.000347645 0.000559669 -0.00125629
internal_weight=8580 8451 6318 336 2133 1703 1287 452 262 835 279 556 251 416
internal_count=8580 8451 6318 336 2133 1703 1287 452 262 835 279 556 251 416
cat_boundaries=0 1 2 3
cat_threshold=746905619 25 142639104
is_linear=0
shrinkage=0.03


Tree=186
num_leaves=15
num_cat=1
split_feature=37 4 31 31 17 28 30 32 31 38 22 25 25 28
split_gain=0.208342 0.400452 0.322281 0.537713 0.422324 0.676123 0.848271 0.787672 0.541389 0.468573 0.429544 0.414041 0.413484 0.456751
threshold=0 1.0000000180025095e-35 5.1020956475013444 3.6569070953420728 1.0000000180025095e-35 13.914479166666668 242.05000000000004 15.500000000000002 2.4583729458101327 1.3538264972589615 5988.4640000000018 0.30384615384615393 0.5594117647058825 14.450526620370374
decision_type=9 2 10 10 2 2 2 2 8 2 2 10 10 2
left_child=-1 2 3 4 9 6 7 11 -9 12 -11 -6 13 -2
right_child=1 -3 -4 -5 5 -7 -8 8 -10 10 -12 -13 -14 -15
leaf_value=0.00016732168592266793 -0.00049557174166970589 0.0016150095372906199 -0.0010389103370032533 0.0012188142974717685 4.4823136713221934e-05 0.001508191551995645 -0.002758162292666773 0.0019582631929705922 -0.00086089458823720413 0.00018329522670471092 0.0020069673426969959 -0.0017723609536463708 0.00072891831039305539 -0.0025175380755940243
leaf_weight=4549 394 115 358 260 167 113 187 156 101 1372 127 348 160 135
leaf_count=4549 394 115 358 260 167 113 187 156 101 1372 127 348 160 135
internal_value=2.87133e-05 -0.000129291 -0.00018135 -9.41325e-05 -0.000198846 -0.000686668 -0.000945291 -0.000506162 0.000850345 4.01599e-05 0.000337802 -0.0011831 -0.000607396 -0.00101157
internal_weight=8542 3993 3878 3520 3260 1072 959 772 257 2188 1499 515 689 529
internal_count=8542 3993 3878 3520 3260 1072 959 772 257 2188 1499 515 689 529
cat_boundaries=0 1
cat_threshold=3537905110
is_linear=0
shrinkage=0.03


Tree=187
num_leaves=15
num_cat=1
split_feature=5 27 24 5 17 22 22 30 30 17 36 31 6 1
split_gain=0.293203 0.40835 0.304496 0.654596 0.471664 0.477083 0.335465 0.255202 0.787296 0.445304 0.542463 0.437249 0.410391 0.791851
threshold=0.72080000000000011 13.999901620370371 7.486666666665756 0.28990000000000005 1.0000000180025095e-35 1182.1500000000003 102.42400000000002 33.250000000000007 30.165000000000003 1.0000000180025095e-35 0 1.1451224889862892 2.5000000000000004 74.500000000000014
decision_type=2 2 8 2 2 2 2 2 2 2 9 10 2 2
left_child=2 -2 3 4 5 6 -1 8 9 10 -4 -11 -9 -14
right_child=1 -3 7 -5 -6 -7 -8 12 -10 11 -12 -13 13 -15
leaf_value=-0.0012602954212685717 -0.00022753189738768223 0.002418394396773469 0.0010235488445415216 -0.0026496230888739423 0.0010607160865262683 -0.0025667608863680952 0.001184938793897163 -0.00010814023205867396 0.0028961651848202624 -0.0016344165169485335 -0.001193600983035961 0.00071112709438526315 0.0029769465400503303 9.7159606904503605e-05
leaf_weight=102 104 106 531 121 175 102 100 6258 107 192 114 114 115 340
leaf_count=102 104 106 531 121 175 102 100 6258 107 192 114 114 115 340
internal_value=8.58488e-07 0.00110803 -2.69167e-05 -0.000678075 -0.000180043 -0.000894296 -4.97834e-05 2.33593e-05 0.000456412 0.000181907 0.000629044 -0.000760587 -4.48918e-05 0.000825018
internal_weight=8581 210 8371 600 479 304 202 7771 1058 951 645 306 6713 455
internal_count=8581 210 8371 600 479 304 202 7771 1058 951 645 306 6713 455
cat_boundaries=0 1
cat_threshold=49
is_linear=0
shrinkage=0.03


Tree=188
num_leaves=15
num_cat=2
split_feature=1 37 7 0 31 37 21 7 21 23 32 38 31 33
split_gain=0.252581 0.537882 0.437289 0.226306 0.47876 0.410382 0.328416 0.637061 0.369349 0.347547 0.335224 0.328345 0.287096 0.272123
threshold=146.50000000000003 0 1.0000000180025095e-35 13.500000000000002 1.1585652028159574 1 119.50000000000001 1.0000000180025095e-35 114.53333333333335 17.500000000000004 5.5000000000000009 1.5470682517322676 0.87253384912959397 1.0000000180025095e-35
decision_type=2 9 2 2 8 9 2 2 2 2 2 2 10 2
left_child=3 -2 -3 6 -5 -6 8 -8 -1 -9 -11 -7 -12 -14
right_child=1 2 -4 4 5 11 7 9 -10 10 12 -13 13 -15
leaf_value=6.5222897418725954e-05 -0.00041268753724757625 0.00032961469274168313 0.0026860976717717998 -0.0020800600686034527 -0.0015898839037279309 -0.00055769726962575478 0.0013137001950828426 -0.0021659739438151986 0.0015077364068583402 -0.0018487621393015092 0.00090107728716578661 0.0014600251850176746 -0.00024083482190949976 -0.0018358305480112049
leaf_weight=6164 236 136 148 147 106 135 162 129 164 141 154 157 504 119
leaf_count=6164 236 136 148 147 106 135 162 129 164 141 154 157 504 119
internal_value=1.45949e-05 0.000655479 0.00150466 -2.66398e-05 -0.000616992 -7.66123e-05 1.60485e-05 -0.00043701 0.000102608 -0.000707894 -0.000503 0.000509718 -0.000258789 -0.000545497
internal_weight=8602 520 284 8082 545 398 7537 1209 6328 1047 918 292 777 623
internal_count=8602 520 284 8082 545 398 7537 1209 6328 1047 918 292 777 623
cat_boundaries=0 1 2
cat_threshold=549472256 272629888
is_linear=0
shrinkage=0.03


Tree=189
num_leaves=15
num_cat=3
split_feature=31 37 31 31 24 38 38 38 37 31 31 38 35 1
split_gain=0.295653 0.492425 0.514104 0.474984 0.369107 0.38028 0.318756 0.308485 0.343608 0.612992 0.420584 0.285169 0.516531 0.583852
threshold=2.4757543249946594 0 2.5647058434165593 2.4004002287021158 384.59266666667077 1.3293958961496439 1.4560532312201742 0.97146067725200058 1 1.5201026298909559 0.80220030067373205 1.8587381502079776 2 19.500000000000004
decision_type=8 9 8 10 8 2 2 2 9 10 10 2 1 2
left_child=3 2 -2 7 -4 -6 -7 -1 11 10 -10 -9 -13 -14
right_child=1 -3 4 -5 5 6 -8 8 9 -11 -12 12 13 -15
leaf_value=-0.0010914816076515309 -0.0020472563635015369 -0.0008045157275414018 0.00042069190239721159 0.001935308357644826 -0.0019158594473976044 0.0013417128886511716 -0.00052586137232719921 0.00010160917450154521 0.0012635379093537756 0.0019463120261880699 -0.00045161049572082243 0.00075629970813660241 -0.0030183873221644062 -0.00051820346537026789
leaf_weight=200 103 991 1255 125 131 108 345 3909 197 242 371 180 112 337
leaf_count=200 103 991 1255 125 131 108 345 3909 197 242 371 180 112 337
internal_value=-1.9931e-05 -0.000264478 1.51671e-05 0.000106502 0.000130763 -0.000492286 -8.06119e-05 6.52981e-05 0.000108558 0.00067363 0.000143256 6.19905e-06 -0.000586641 -0.00111698
internal_weight=8606 2933 1942 5673 1839 584 453 5548 5348 810 568 4538 629 449
internal_count=8606 2933 1942 5673 1839 584 453 5548 5348 810 568 4538 629 449
cat_boundaries=0 1 2 3
cat_threshold=318827184 2498005029 6
is_linear=0
shrinkage=0.03


Tree=190
num_leaves=15
num_cat=1
split_feature=27 38 21 38 31 24 34 24 35 0 21 29 38 24
split_gain=0.387967 0.303382 0.372778 0.335826 0.569049 0.450633 0.591336 0.311395 0.314812 0.475559 0.308626 0.298465 0.397066 0.330548
threshold=6.9996585648148155 0.97146067725200058 38.333333333333336 1.9035276088006865 0.80220030067373205 22.589500000000992 1.0000000180025095e-35 33.996666666666577 0 7.5000000000000009 41.166666666666679 1.5000000000000002 1.5231173513563296 49.605666666665861
decision_type=2 2 2 2 8 8 2 8 1 2 2 2 2 10
left_child=-1 -2 3 4 -3 6 -6 -7 9 -9 -4 12 -10 -14
right_child=1 2 10 -5 5 7 -8 8 11 -11 -12 -13 13 -15
leaf_value=-0.0012989251876763088 -0.00085187126776985873 0.0018020645587069051 -0.0011466886427887895 0.0016048175321820262 -0.0013379488058338782 0.0019852851013919073 0.00093490884232262422 0.0021895042812227687 -0.00026602465451127153 -5.8000708219503239e-05 3.7107492825715865e-06 -0.0012474041094656615 1.7235643271549899e-05 0.0021315493811532083
leaf_weight=196 322 205 218 195 339 105 148 172 508 167 5637 147 123 145
leaf_count=196 322 205 218 195 339 105 148 172 508 167 5637 147 123 145
internal_value=2.05473e-05 5.12218e-05 8.70826e-05 0.000414913 0.000302222 0.000136381 -0.000647224 0.000415544 0.00028494 0.00105131 -3.91222e-05 -7.83953e-06 0.000226874 0.00116117
internal_weight=8627 8431 8109 2254 2059 1854 487 1367 1262 339 5855 923 776 268
internal_count=8627 8431 8109 2254 2059 1854 487 1367 1262 339 5855 923 776 268
cat_boundaries=0 1
cat_threshold=10
is_linear=0
shrinkage=0.03


Tree=191
num_leaves=15
num_cat=2
split_feature=32 30 30 30 1 30 30 14 23 17 38 36 38 36
split_gain=0.275519 0.336975 0.333004 1.23897 0.665452 0.465196 0.4614 0.920214 0.719678 0.61548 0.455884 0.99871 0.646221 0.571777
threshold=23.500000000000004 340.07500000000005 194.10000000000002 199.10000000000002 27.500000000000004 220.07500000000002 161.12500000000003 2.5000000000000004 63.500000000000007 1.0000000180025095e-35 1.7404660920600847 0 1.7808593014450562 1
decision_type=2 2 2 2 2 2 2 2 2 2 2 9 2 9
left_child=1 2 6 -4 -5 -6 10 8 -8 -10 -1 -12 -13 -14
right_child=-2 -3 3 4 5 -7 7 -9 9 -11 11 12 13 -15
leaf_value=0.00024622690469280835 -0.00036954550457993696 0.0018062341461464872 -0.0032383631311418597 -0.00093979001689495757 0.001695593455041856 5.0320149833815669e-05 7.0691018698112887e-05 -0.00095842001908627865 0.0012480951223944666 0.0038656851304841549 0.0015877077483557663 -0.0023681031794272243 -0.0012459866474677755 0.00024297194568787342
leaf_weight=3611 1373 102 121 504 201 671 191 179 186 143 184 186 412 514
leaf_count=3611 1373 102 121 504 201 671 191 179 186 143 184 186 412 514
internal_value=1.99348e-05 9.4155e-05 6.95693e-05 -0.000327934 -7.20022e-05 0.000429563 0.000175717 0.000896829 0.00153546 0.00238583 7.29946e-05 -0.000409677 -0.000747733 -0.000430334
internal_weight=8578 7205 7103 1497 1376 872 5606 699 520 329 4907 1296 1112 926
internal_count=8578 7205 7103 1497 1376 872 5606 699 520 329 4907 1296 1112 926
cat_boundaries=0 1 2
cat_threshold=4 48
is_linear=0
shrinkage=0.03


Tree=192
num_leaves=15
num_cat=0
split_feature=1 0 31 38 23 26 0 1 24 38 21 31 23 21
split_gain=0.228161 0.250543 0.214943 0.508785 0.47903 0.304062 0.321255 0.391613 0.459033 0.553857 0.548948 0.442548 0.379286 0.589601
threshold=206.50000000000003 8.5000000000000018 4.9699358591885447 1.8008137703591609 180.50000000000003 0.15142857142857144 18.500000000000004 72.500000000000014 63.82650000000141 1.498919085927511 72.833333333333357 2.4965495079846103 138.50000000000003 150.85000000000002
decision_type=2 2 10 2 2 8 2 2 8 2 2 8 2 2
left_child=2 -2 5 4 -4 6 7 -1 9 -9 11 -11 13 -10
right_child=1 -3 3 -5 -6 -7 -8 8 12 10 -12 -13 -14 -15
leaf_value=0.00014139715990143731 -0.00012177571319217716 0.001859595961192803 -0.00062180900766047032 -0.002423657448260575 0.0014893078399117945 0.0013689414400723761 -0.0016590855542518925 -0.00092450451212547087 -6.5325729220734431e-05 -0.00070688325121031638 0.0024572866310534828 0.0017240535188466309 -0.0018762416787732868 -0.0024834464975726713
leaf_weight=5818 107 124 453 107 123 150 103 252 542 195 132 103 235 109
leaf_count=5818 107 124 453 107 123 150 103 252 542 195 132 103 235 109
internal_value=1.18018e-05 0.000941818 -1.40133e-05 -0.000523903 -0.000170998 3.15757e-05 4.78914e-06 2.79924e-05 -0.000392791 0.000192261 0.000846737 0.00013334 -0.000843137 -0.000470203
internal_weight=8553 231 8322 683 576 7639 7489 7386 1568 682 430 298 886 651
internal_count=8553 231 8322 683 576 7639 7489 7386 1568 682 430 298 886 651
is_linear=0
shrinkage=0.03


Tree=193
num_leaves=15
num_cat=2
split_feature=24 0 27 28 27 37 23 31 27 21 37 27 31 31
split_gain=0.271431 0.321578 0.389291 0.286578 0.225701 0.580839 0.56863 0.440477 0.468327 0.408609 0.516529 0.401193 0.525467 1.55921
threshold=533.18250000001296 9.5000000000000018 28.116521990740743 1.1896817129629633 12.999375000000002 0 101.50000000000001 2.292361087676754 12.214675925925928 120.70833333333334 1 13.999403935185187 1.091356184798808 1.351928431051425
decision_type=8 2 2 2 2 9 2 10 2 2 9 2 8 10
left_child=4 2 3 -2 6 -6 7 8 9 10 -1 12 -7 -14
right_child=1 -3 -4 -5 5 11 -8 -9 -10 -11 -12 -13 13 -15
leaf_value=0.0021096642643897213 -0.0012488896397487472 0.00050974655005972362 -0.0023752046139395261 0.00061670864830375648 0.0021046249227225783 -0.00062921156234876561 0.001530496724612581 -0.0014881347047228871 -0.0020826629208583933 -0.0013258073659650736 -4.1730318656653997e-05 -5.3645379327735813e-05 0.0043879510551023317 0.00042392424442195555
leaf_weight=118 176 158 140 128 115 224 130 331 104 151 473 5644 106 567
leaf_count=118 176 158 140 128 115 224 130 331 104 151 473 5644 106 567
internal_value=-3.83569e-05 -0.000652582 -0.0010662 -0.000463375 8.0783e-06 7.88534e-05 -0.000352349 -0.00056031 -0.000197296 6.69601e-05 0.000422811 3.99588e-05 0.00062937 0.00104827
internal_weight=8565 602 444 304 7963 6656 1307 1177 846 742 591 6541 897 673
internal_count=8565 602 444 304 7963 6656 1307 1177 846 742 591 6541 897 673
cat_boundaries=0 1 2
cat_threshold=1073751072 2147483912
is_linear=0
shrinkage=0.03


Tree=194
num_leaves=15
num_cat=0
split_feature=25 31 30 19 23 1 22 1 28 31 31 38 38 26
split_gain=0.251931 0.471505 0.889829 0.380892 0.342128 0.325299 0.337582 0.432283 0.626921 0.413468 0.432053 0.47001 0.827799 0.330435
threshold=0.37321428571428578 1.0823369463999704 25.250000000000004 1.0000000180025095e-35 62.500000000000007 146.50000000000003 266.40000000000003 2.5000000000000004 0.53105902777777791 0.48064734522197577 2.0435731915701543 1.8919160521409377 1.6558230709568942 0.04083333333333334
decision_type=10 8 2 2 2 2 2 2 2 10 10 2 2 8
left_child=3 2 4 5 -2 6 -1 8 -8 -9 13 12 -12 -11
right_child=1 -3 -4 -5 -6 -7 7 9 -10 10 11 -13 -14 -15
leaf_value=-0.00038768110758215972 -0.00085078718758529364 7.9855703725223357e-07 -0.0018736787590329729 -0.0015302070457145641 0.0014267028485968087 0.0015046823585760736 0.0030445922163891649 0.0016274659263823801 -0.00013664905512705445 -0.00046016538866401916 0.0018231990798673731 0.0027041859738528729 -0.00098099222835835976 0.0005388088239070397
leaf_weight=641 101 4817 347 106 144 189 126 180 100 951 188 102 191 434
leaf_count=641 101 4817 347 106 144 189 126 180 100 951 188 102 191 434
internal_value=2.7529e-05 -9.7394e-05 -0.00089637 0.000238161 0.000487819 0.000298589 0.000220336 0.000391876 0.00163696 0.000254344 0.000121889 0.000896505 0.000410005 -0.000147129
internal_weight=8617 5409 592 3208 245 3102 2913 2272 226 2046 1866 481 379 1385
internal_count=8617 5409 592 3208 245 3102 2913 2272 226 2046 1866 481 379 1385
is_linear=0
shrinkage=0.03


Tree=195
num_leaves=15
num_cat=1
split_feature=24 31 35 31 31 31 31 21 30 13 0 22 30 24
split_gain=0.289869 0.568575 0.425313 0.379384 0.245602 0.238504 0.359747 0.184739 0.383978 1.02217 0.309197 0.271667 0.74354 0.47735
threshold=7.486666666665756 1.2190404267189183 0 1.0823369463999704 2.8760061919504647 11.800000000000002 8.173220338983052 156.37500000000003 182.10000000000002 1.0000000180025095e-35 7.5000000000000009 1380.1940000000002 34.250000000000007 26.342833333332095
decision_type=8 10 1 8 10 10 10 2 2 2 2 2 2 10
left_child=1 3 -3 -1 -4 6 7 11 9 -9 -10 -2 -13 -14
right_child=5 2 4 -5 -6 -7 -8 8 10 -11 -12 12 13 -15
leaf_value=-0.00071623804038328006 -1.3431592738147782e-05 0.0015011219096390141 -0.0016288663567128507 -0.003104968333058059 0.00042537212362512943 -0.0012074625687801461 0.0018765776942018418 -0.0012509177908941636 -0.00021094170792767888 0.0025608676446362737 -0.0021375570403488011 0.0026078972133888505 -0.0010610205673383943 0.00037671475614421034
leaf_weight=149 4202 129 110 100 100 123 104 144 153 113 147 127 226 2586
leaf_count=149 4202 129 110 100 100 123 104 144 153 113 147 127 226 2586
internal_value=5.56039e-05 -0.000587072 0.000212442 -0.00167557 -0.000621082 0.000103288 0.000123952 0.000100274 -0.000425941 0.000425081 -0.00115498 0.000141319 0.000362571 0.000261164
internal_weight=8513 588 339 249 210 7925 7802 7698 557 257 300 7141 2939 2812
internal_count=8513 588 339 249 210 7925 7802 7698 557 257 300 7141 2939 2812
cat_boundaries=0 1
cat_threshold=10
is_linear=0
shrinkage=0.03


Tree=196
num_leaves=15
num_cat=0
split_feature=25 0 4 21 21 13 23 21 38 38 27 23 31 31
split_gain=0.302451 0.548217 0.405918 0.413538 0.469008 0.456462 0.942168 0.440251 0.508155 0.634949 0.749827 0.429319 0.470332 0.395856
threshold=0.24195121951219514 4.5000000000000009 1.0000000180025095e-35 59.833333333333336 69.241666666666674 1.0000000180025095e-35 97.500000000000014 193.00000000000003 1.5395705944273608 1.2719796907676471 28.116521990740743 67.500000000000014 1.6406667080513999 1.5126086035176944
decision_type=10 2 2 2 2 2 2 2 2 2 2 2 10 8
left_child=1 -1 3 13 -5 6 11 8 9 -7 -11 12 -6 -2
right_child=2 -3 -4 4 5 7 -8 -9 -10 10 -12 -13 -14 -15
leaf_value=0.0018612053612436072 -0.00089984537824448264 0.00021444356739112061 0.0013566858694083867 0.0011970788626704781 -0.0024871319160953372 -0.00032560002801115297 0.00040054941111859879 0.0017001352764748254 -0.00038754939104692314 0.00027367556931119527 0.0021812105324296722 -0.0034691513522117777 0.0003459315078977782 -0.00012421265259838013
leaf_weight=207 796 1503 184 349 107 489 354 170 1000 451 315 101 104 2313
leaf_count=207 796 1503 184 349 107 489 354 170 1000 451 315 101 104 2313
internal_value=5.74957e-05 0.000413788 -3.2993e-05 -7.20373e-05 0.000154596 3.68904e-05 -0.000658763 0.000227944 0.000116958 0.000518957 0.00105811 -0.00186067 -0.00109074 -0.000322799
internal_weight=8443 1710 6733 6549 3440 3091 666 2425 2255 1255 766 312 211 3109
internal_count=8443 1710 6733 6549 3440 3091 666 2425 2255 1255 766 312 211 3109
is_linear=0
shrinkage=0.03


Tree=197
num_leaves=15
num_cat=1
split_feature=27 31 24 31 38 21 1 13 27 30 25 27 27 35
split_gain=0.254423 0.283238 0.239033 0.227847 0.42023 0.699588 0.9731 0.439314 0.325391 0.276668 0.371539 0.24121 0.629986 0.831614
threshold=6.9996585648148155 0.1106014271151886 100.57766666666519 0.62923872590659724 1.6035128058913037 88.916666666666671 21.500000000000004 1.0000000180025095e-35 7.9994907407407414 30.165000000000003 0.36181818181818187 13.957795138888892 13.999334490740742 0
decision_type=2 8 10 10 2 2 2 2 2 2 8 2 2 1
left_child=2 -2 -1 4 5 6 -3 -8 -5 -6 -11 -10 13 -13
right_child=1 3 -4 8 9 -7 7 -9 11 10 -12 12 -14 -15
leaf_value=-1.8659776049809388e-06 0.0015655468693849715 0.0031024978073263491 -0.0020458022691309452 0.0013497354139108209 -0.0025271415161774013 -0.0016061350871340047 0.001386182662039385 -0.00087332989309031053 -0.00034602236770608994 0.00056410516087304456 -0.0019072543708591534 0.0034534246452024272 7.4385207086891851e-05 -0.00024413791853942352
leaf_weight=104 110 111 102 180 107 168 116 233 1120 110 109 106 5805 109
leaf_count=104 110 111 102 180 107 168 116 233 1120 110 109 106 5805 109
internal_value=2.76737e-05 5.32661e-05 -0.00101391 3.31609e-05 -0.00040292 5.07291e-05 0.000655845 -0.000122317 8.99943e-05 -0.00127682 -0.000665932 5.82361e-05 0.000133447 0.00172812
internal_weight=8590 8384 206 8274 954 628 460 349 7320 326 219 7140 6020 215
internal_count=8590 8384 206 8274 954 628 460 349 7320 326 219 7140 6020 215
cat_boundaries=0 1
cat_threshold=24
is_linear=0
shrinkage=0.03


Tree=198
num_leaves=15
num_cat=1
split_feature=31 31 28 24 13 24 5 23 31 35 22 24 31 24
split_gain=0.253618 1.25888 0.694328 0.382513 0.812904 0.691301 0.353638 0.56563 0.456427 0.393363 0.449791 0.488798 0.469474 0.45087
threshold=1.8048797023563459 1.6951526799060435 0.53105902777777791 244.63599999999747 0.50000000000000011 375.1326666666684 0.42265000000000003 122.50000000000001 2.9565137600038303 0 6402.0500000000002 46.898166666666178 2.9393877551020409 234.50883333332607
decision_type=8 10 2 10 2 10 2 2 8 1 2 10 10 10
left_child=1 3 -3 -1 5 -5 9 -8 -9 -2 11 -11 -12 -13
right_child=6 2 -4 4 -6 -7 7 8 -10 10 12 13 -14 -15
leaf_value=0.00016107208143405333 -0.0013961850186564506 0.0034870159770237067 0.00076089709452498188 -0.0010328123756148738 -0.0027519052192060784 0.001824570775268691 -0.00014765413675513385 0.00042168579823088031 0.0031486598846455611 0.00055332596519693119 -0.0025050191026390854 -0.00059712048957652898 0.00017060755505364866 0.0001982606055142268
leaf_weight=3212 231 149 193 203 132 122 374 112 109 881 142 1527 101 1106
leaf_count=3212 231 149 193 203 132 122 374 112 109 881 142 1527 101 1106
internal_value=3.35896e-05 0.000207795 0.00194859 4.55298e-05 -0.000766553 3.98053e-05 -0.000118874 0.000563378 0.00176666 -0.000220664 -0.000144287 -5.83513e-05 -0.00139293 -0.000263018
internal_weight=8594 4011 342 3669 457 325 4583 595 221 3988 3757 3514 243 2633
internal_count=8594 4011 342 3669 457 325 4583 595 221 3988 3757 3514 243 2633
cat_boundaries=0 1
cat_threshold=4
is_linear=0
shrinkage=0.03


Tree=199
num_leaves=15
num_cat=3
split_feature=37 38 38 21 0 30 24 21 37 30 30 31 37 25
split_gain=0.277134 0.524748 0.525462 0.456938 0.881358 0.354779 0.283647 0.282679 0.50375 0.417255 0.435555 0.444095 0.420229 0.380662
threshold=0 1.6526597798703981 1.840211801106203 23.166666666666668 7.5000000000000009 70.250000000000014 13.420333333333257 37.416666666666679 1 146.50000000000003 57.050000000000004 1.5271498771498775 2 0.49489795918367352
decision_type=9 2 2 2 2 2 8 2 9 2 2 10 9 10
left_child=1 3 -3 4 -1 -4 -2 8 -8 10 11 -10 -13 -14
right_child=6 2 5 -5 -6 -7 7 -9 9 -11 -12 12 13 -15
leaf_value=-0.0012878159311786295 -0.00080463381630378316 0.0031282287784852088 -0.00064111525027481752 -0.001626197585243393 0.0021897931482501164 0.0018254867517072887 0.0021365569182671606 -0.0001316748676772512 -0.00016464282266174501 0.0016089780229542937 -0.00083064988002933893 -0.0001028094912596446 0.0031645408561453221 0.00069112623882080831
leaf_weight=125 452 110 107 132 138 103 116 5674 617 161 407 158 120 105
leaf_count=125 452 110 107 132 138 103 116 5674 617 161 407 158 120 105
internal_value=-2.31198e-05 0.000538052 0.00144853 -0.000185933 0.000536937 0.000568694 -7.50875e-05 -3.03737e-05 0.000310946 0.000161234 -3.28213e-06 0.000333457 0.00113588 0.00192474
internal_weight=8525 715 320 395 263 210 7810 7358 1684 1568 1407 1000 383 225
internal_count=8525 715 320 395 263 210 7810 7358 1684 1568 1407 1000 383 225
cat_boundaries=0 1 2 3
cat_threshold=136839280 2053 541110784
is_linear=0
shrinkage=0.03


Tree=200
num_leaves=15
num_cat=2
split_feature=31 37 5 37 30 24 24 38 13 23 24 5 38 13
split_gain=0.237398 0.261195 0.248841 0.342125 0.507359 0.530916 0.698033 0.664166 0.406803 0.395357 0.438883 0.75886 0.33207 0.325465
threshold=9.8538461538461561 0 0.18465000000000001 1 90.500000000000014 257.1431666666503 27.530000000000005 1.848388304655362 1.0000000180025095e-35 153.50000000000003 464.5200000000047 0.45800000000000007 1.7772362101009602 0.50000000000000011
decision_type=10 9 2 9 2 10 10 2 2 2 10 2 2 2
left_child=1 -1 -3 13 12 6 -6 8 -8 10 11 -7 -5 -4
right_child=-2 2 3 4 5 9 7 -9 -10 -11 -12 -13 -14 -15
leaf_value=0.0011974329822875846 -0.0010802564296460968 7.5897762803999201e-05 -5.3636857505457903e-05 -0.00088459783628573314 -0.0018315674264036187 -0.0024982918977883516 -0.0013188600750349531 0.0027889426866313438 0.00081186014798004182 -0.0023705301018032646 0.00098474069201172549 0.00082299476744642907 -0.0026355394023622192 0.0015069852841754806
leaf_weight=146 194 5442 936 399 107 153 109 120 310 126 130 104 129 138
leaf_count=146 194 5442 936 399 107 153 109 120 310 126 130 104 129 138
internal_value=-4.27971e-05 -1.86903e-05 -4.17442e-05 -0.000273771 -0.000538386 -0.000190424 0.000381759 0.000821139 0.000257568 -0.000910951 -0.000435739 -0.00115427 -0.00131238 0.000145535
internal_weight=8543 8349 8203 2761 1687 1159 646 539 419 513 387 257 528 1074
internal_count=8543 8349 8203 2761 1687 1159 646 539 419 513 387 257 528 1074
cat_boundaries=0 1 2
cat_threshold=5216 2898264193
is_linear=0
shrinkage=0.03


Tree=201
num_leaves=15
num_cat=0
split_feature=32 31 31 30 31 17 28 31 32 1 24 27 31 30
split_gain=0.197525 0.471811 0.368269 0.35654 0.451921 0.330596 0.323941 0.297422 0.286765 0.536286 0.72315 0.613366 0.537524 0.440177
threshold=23.500000000000004 3.8148890660073529 2.9393877551020409 130.50000000000003 2.4757543249946594 3.5000000000000004 6.5698668981481489 8.173220338983052 4.5000000000000009 18.500000000000004 92.285999999998026 13.970746527777779 1.4083069847657375 72.500000000000014
decision_type=2 10 8 2 10 2 2 10 2 2 10 2 10 2
left_child=5 2 3 -2 -5 7 -4 8 9 10 11 -1 -13 -10
right_child=1 -3 6 4 -6 -7 -8 -9 13 -11 -12 12 -14 -15
leaf_value=-0.0010670317095678506 -0.0015351967838484726 -0.0014827554680198049 -0.00017971033417229907 0.00036984914489813261 -0.0014694121002685279 0.0017395551910597549 0.0018936538392347383 0.0011892228069673501 -0.00064776487351756893 2.2908005181069649e-05 0.002641826310555788 -6.8112017404764214e-06 0.0027747596070265114 4.4739252748911704e-05
leaf_weight=162 182 254 129 536 155 106 143 201 1084 1739 182 133 118 3472
leaf_count=162 182 254 129 536 155 106 143 201 1084 1739 182 133 118 3472
internal_value=1.31404e-05 -0.000313035 -5.35508e-05 -0.000353867 -4.27203e-05 7.65444e-05 0.00091033 5.16849e-05 1.84998e-05 0.000288906 0.00106633 0.00037205 0.00130086 -0.000120027
internal_weight=8596 1399 1145 873 691 7197 272 7091 6890 2334 595 413 251 4556
internal_count=8596 1399 1145 873 691 7197 272 7091 6890 2334 595 413 251 4556
is_linear=0
shrinkage=0.03


Tree=202
num_leaves=15
num_cat=2
split_feature=31 31 0 25 36 38 22 23 30 0 23 37 32 22
split_gain=0.312962 0.290479 0.499451 0.43176 0.819296 0.408284 0.330843 0.555749 0.454716 0.427979 0.567159 0.530817 0.429476 0.475729
threshold=0.1106014271151886 1.0133141338059373 13.500000000000002 0.17000000000000001 0 1.9035276088006865 4649.0500000000011 137.00000000000003 340.07500000000005 9.5000000000000018 192.50000000000003 1 19.500000000000004 1946.8125000000002
decision_type=8 8 2 10 9 2 2 2 2 2 2 9 2 2
left_child=-1 2 3 4 -2 -5 8 -8 9 10 -3 12 13 -11
right_child=1 6 -4 5 -6 -7 7 -9 -10 11 -12 -13 -14 -15
leaf_value=0.0014825105131603777 0.0027655435520175255 2.1273140064018233e-05 -0.0023726057332165745 -0.00033290055733406124 -0.00044199574134076263 -0.0023380289100767937 1.2763341527889138e-05 -0.0015983065868628201 0.0019288460215311646 0.001043724188745947 -0.0019401755382605983 -2.1971280145556302e-06 -0.0001405761281213679 0.0030909461840517988
leaf_weight=129 104 4204 107 879 191 102 667 271 127 464 137 836 191 131
leaf_count=129 104 4204 107 879 191 102 667 271 127 464 137 836 191 131
internal_value=1.60614e-05 -6.42963e-06 -0.000403859 -0.000238768 0.000767562 -0.000541385 7.17782e-05 -0.000452695 0.000152559 0.000114728 -4.06293e-05 0.000530514 0.00108336 0.00149446
internal_weight=8540 8411 1383 1276 295 981 7028 938 6090 5963 4341 1622 786 595
internal_count=8540 8411 1383 1276 295 981 7028 938 6090 5963 4341 1622 786 595
cat_boundaries=0 1 2
cat_threshold=6 1552943296
is_linear=0
shrinkage=0.03


Tree=203
num_leaves=15
num_cat=3
split_feature=1 37 32 30 30 35 30 13 21 32 37 25 1 13
split_gain=0.310414 0.672034 0.462204 0.390386 0.945956 0.446483 0.415913 1.75441 0.563871 0.552788 0.538968 0.732803 0.478503 0.626387
threshold=138.50000000000003 0 5.5000000000000009 194.10000000000002 199.10000000000002 1 142.42500000000004 0.50000000000000011 88.325000000000003 6.5000000000000009 2 0.24695121951219515 19.500000000000004 1.0000000180025095e-35
decision_type=2 9 2 2 2 1 2 2 2 2 9 10 2 2
left_child=3 -2 -3 6 -5 -6 9 8 -8 10 11 -1 13 -12
right_child=1 2 -4 4 5 -7 7 -9 -10 -11 12 -13 -14 -15
leaf_value=0.0023535517161265792 -0.00042683529602316825 0.0005789018246185059 0.0030183764192701175 -0.0031232963779352996 -0.00046136587171380556 0.00098819856207695922 0.00062880217365290187 0.0028522793573248746 -0.00077733093263980535 -0.00052497052580017948 0.0017380407145098202 -0.00037594707282260061 -0.00030666332848906379 -9.6881438661676396e-05
leaf_weight=216 288 157 126 114 1875 204 539 231 490 1853 278 150 1615 421
leaf_count=216 288 157 126 114 1875 204 539 231 490 1853 278 150 1615 421
internal_value=-7.32744e-05 0.000602463 0.0016082 -0.00012159 -0.000462497 -0.000316595 7.46425e-06 0.00048961 -4.0785e-05 -0.000126554 0.000148919 0.00120206 -2.27509e-05 0.000632887
internal_weight=8557 571 283 7986 2193 2079 5793 1260 1029 4533 2680 366 2314 699
internal_count=8557 571 283 7986 2193 2079 5793 1260 1029 4533 2680 366 2314 699
cat_boundaries=0 1 2 3
cat_threshold=574638080 25 2149614660
is_linear=0
shrinkage=0.03


Tree=204
num_leaves=15
num_cat=1
split_feature=17 37 31 31 31 31 10 31 27 27 24 22 24 31
split_gain=0.193569 0.218839 0.524652 0.469276 0.506069 0.389527 0.211675 0.347895 0.193151 0.809148 0.535965 0.505381 0.254203 0.570806
threshold=3.5000000000000004 0 0.80220030067373205 1.2712272492314391 1.8322390932420876 2.9393877551020409 1.0000000180025095e-35 2.4004002287021158 29.99902777777778 29.624641203703707 174.82500000000351 1229.9500000000003 474.78833333333142 3.4625129264125198
decision_type=2 9 8 8 8 8 2 8 2 2 10 2 10 10
left_child=1 2 -1 -4 -5 -6 7 -3 9 12 -10 -12 -8 -14
right_child=-2 6 3 4 5 -7 8 -9 10 -11 11 -13 13 -15
leaf_value=0.0021367949670418464 0.0012245341292347663 8.4539389710933461e-06 -0.0012964689281943719 0.0020149514162182513 -0.0013857113210645716 0.00063256553583516831 3.5751447299483691e-05 -0.0022409655810876304 -0.0018447655740045303 0.0024640095094074529 -0.0015487343469591996 0.0006408547227305842 -0.0014134374008786799 0.0011690767577741867
leaf_weight=141 119 155 160 153 127 267 6192 103 191 121 131 344 297 104
leaf_count=141 119 155 160 153 127 267 6192 103 191 121 131 344 297 104
internal_value=2.29857e-05 6.13622e-06 0.000460432 0.00013262 0.000550635 -1.79958e-05 -4.48455e-05 -0.00088957 -1.53752e-05 3.29626e-05 -0.000502673 3.69891e-05 -1.16539e-05 -0.000743658
internal_weight=8605 8486 848 707 547 394 7638 258 7380 6714 666 475 6593 401
internal_count=8605 8486 848 707 547 394 7638 258 7380 6714 666 475 6593 401
cat_boundaries=0 1
cat_threshold=3159970
is_linear=0
shrinkage=0.03


Tree=205
num_leaves=15
num_cat=1
split_feature=37 17 10 1 1 38 32 31 23 30 31 32 22 0
split_gain=0.335632 0.208036 0.264544 0.328069 0.213229 0.210466 0.42678 0.543214 0.34365 0.314203 0.325135 1.00305 0.95214 0.688374
threshold=0 3.5000000000000004 1.0000000180025095e-35 44.500000000000007 280.50000000000006 1.1979353432812458 12.500000000000002 1.7497993579454256 103.50000000000001 7.2500000000000009 1.783196239717979 13.500000000000002 1216.3000000000002 5.5000000000000009
decision_type=9 2 2 2 2 2 2 8 2 2 10 2 2 2
left_child=-1 2 3 -2 5 6 -4 -8 -9 -7 11 13 -13 -11
right_child=1 -3 4 -5 -6 9 7 8 -10 10 -12 12 -14 -15
leaf_value=-0.00080183865624435598 -0.00012828298837044521 0.0012877166974940336 0.00037146670189888161 -0.0022511643839621684 0.001411793250635338 -0.0014217456029057187 -0.0021280555672378142 0.00038706383311249511 -0.001153144148284691 0.00098856108030934728 -6.6980343890424911e-05 0.00037616208422928466 0.002580106787771607 -0.00022053442333835028
leaf_weight=431 190 120 484 100 104 118 196 301 230 554 3283 401 315 1803
leaf_count=431 190 120 484 100 104 118 196 301 230 554 3283 401 315 1803
internal_value=4.42375e-06 4.77266e-05 2.93677e-05 -0.000860311 6.24922e-05 4.42323e-05 -0.000318766 -0.000778289 -0.00028007 0.000112133 0.00014061 0.000362387 0.00134577 6.36569e-05
internal_weight=8630 8199 8079 290 7789 7685 1211 727 531 6474 6356 3073 716 2357
internal_count=8630 8199 8079 290 7789 7685 1211 727 531 6474 6356 3073 716 2357
cat_boundaries=0 1
cat_threshold=860805
is_linear=0
shrinkage=0.03


Tree=206
num_leaves=15
num_cat=3
split_feature=24 35 31 24 23 5 38 22 31 32 22 37 37 38
split_gain=0.325485 0.320139 0.312282 0.259455 0.386291 0.366039 0.298772 0.511733 0.618149 0.506209 1.07058 0.428914 0.368917 0.348457
threshold=7.486666666665756 0 1.2712272492314391 489.39266666665793 172.50000000000003 0.15470000000000003 1.674253511114981 9756.2500000000018 0.43729304635761596 1.5000000000000002 494.05000000000001 1 2 1.6991793106677047
decision_type=8 1 8 10 2 2 2 2 10 2 2 9 9 2
left_child=1 2 -1 6 5 -5 9 8 -8 10 -2 -10 -11 -13
right_child=3 -3 -4 4 -6 -7 7 -9 11 12 -12 13 -14 -15
leaf_value=-0.0012087202945258468 0.00029935582917652189 -0.0018387486700530999 0.00040446055499422884 -0.00091346051773502374 -0.0021075797246736232 0.0010406667753283319 -0.0023847486483537066 0.0017694845164844177 0.0016483888197438539 0.00024303334299797771 0.0036092407893474126 -0.0016858839867054485 -0.00053817478783320025 -0.00015274517113149082
leaf_weight=180 322 144 270 213 117 145 120 114 101 4278 121 145 614 1671
leaf_count=180 322 144 270 213 117 145 120 114 101 4278 121 145 614 1671
internal_value=1.82886e-05 -0.000659146 -0.000235577 6.88345e-05 -0.000611068 -0.000121984 0.000111976 -0.000186503 -0.000295969 0.000232318 0.00120341 -0.000165216 0.00014438 -0.000273653
internal_weight=8555 594 450 7961 475 358 7486 2151 2037 5335 443 1917 4892 1816
internal_count=8555 594 450 7961 475 358 7486 2151 2037 5335 443 1917 4892 1816
cat_boundaries=0 1 2 3
cat_threshold=11 137891840 3066054690
is_linear=0
shrinkage=0.03


Tree=207
num_leaves=15
num_cat=1
split_feature=22 31 37 33 28 31 24 31 25 26 1 31 38 38
split_gain=0.450418 0.770444 0.314738 0.498471 0.844558 0.527318 0.534643 0.480092 0.376931 0.315854 0.374265 0.362636 0.355723 0.755258
threshold=9979.5000000000018 1.1025975288833789 0 1.0000000180025095e-35 1.3800347222222225 3.2302347516243981 185.87033333333386 2.1097505018640668 0.19000000000000003 0.039230769230769243 173.50000000000003 2.3393548387096779 1.4900192924647027 1.6079303973233694
decision_type=2 10 9 2 2 10 8 10 10 10 2 8 2 2
left_child=2 -2 3 8 7 6 -6 -5 -1 10 -4 12 -11 -14
right_child=1 -3 9 4 5 -7 -8 -9 -10 11 -12 -13 13 -15
leaf_value=0.0015389417255821172 0.00037154862501071709 -0.0024476470721790313 -1.4494565388671592e-05 0.00085130038773482746 0.0026312193784223913 0.0038794188112905711 -0.00029441488379961807 -0.0010558177975435871 1.9864398556355226e-07 -0.00095121008459601495 0.0018407023149056305 -0.0014922715994359363 0.00180962921808484 -0.00041936673610297936
leaf_weight=150 173 176 2416 309 121 101 105 193 3196 432 102 268 182 551
leaf_count=150 173 176 2416 309 121 101 105 193 3196 432 102 268 182 551
internal_value=5.15576e-06 -0.00105017 5.04803e-05 0.00023179 0.00089091 0.00207733 0.00127196 0.000118086 6.918e-05 -0.000141337 6.06564e-05 -0.000497258 -0.000268362 0.000134081
internal_weight=8475 349 8126 4175 829 327 226 502 3346 3951 2518 1433 1165 733
internal_count=8475 349 8126 4175 829 327 226 502 3346 3951 2518 1433 1165 733
cat_boundaries=0 1
cat_threshold=455892292
is_linear=0
shrinkage=0.03


Tree=208
num_leaves=15
num_cat=2
split_feature=37 31 1 31 31 27 4 1 27 38 38 38 38 35
split_gain=0.365774 0.340256 0.564725 0.353214 0.365093 0.371231 0.328497 0.319348 0.343377 0.39701 0.480145 0.346743 0.282593 0.259509
threshold=0 2.6950646800153701 35.500000000000007 0.62923872590659724 0.5018165865072145 13.999311342592593 1.0000000180025095e-35 100.50000000000001 20.990000000000002 1.3441054686242724 1.6707306250190983 1.5130667082449951 1.3441054686242724 1
decision_type=9 10 2 10 10 2 2 2 2 2 2 2 2 1
left_child=6 3 12 4 5 -2 -1 8 9 -5 11 -11 -3 -12
right_child=1 2 -4 7 -6 -7 -8 -9 -10 10 13 -13 -14 -15
leaf_value=8.9681161338163855e-05 0.00032890864616175262 -0.00093804740700371818 0.00023722737223121841 0.0010074598366433443 -0.002348266603075899 -0.0013773781338734139 0.001400964806148372 0.0014597949463913732 -0.0010040268595606138 -0.00014233848569389476 0.0016898741075985148 -0.0018968296910128642 -0.0030052831785967035 -0.00029706860402304875
leaf_weight=6016 264 112 167 360 108 203 177 141 266 258 129 167 127 104
leaf_count=6016 264 112 167 360 108 203 177 141 266 258 129 167 127 104
internal_value=4.99674e-06 -0.000308165 -0.00110127 -0.000148705 -0.000776328 -0.000412796 0.000126954 0.000104546 -4.42779e-05 0.000206501 -0.000231713 -0.00083175 -0.00203654 0.000862775
internal_weight=8599 2406 406 2000 575 467 6193 1425 1284 1018 658 425 239 233
internal_count=8599 2406 406 2000 575 467 6193 1425 1284 1018 658 425 239 233
cat_boundaries=0 1 2
cat_threshold=334269314 10
is_linear=0
shrinkage=0.03


Tree=209
num_leaves=15
num_cat=2
split_feature=31 30 28 23 1 1 37 0 37 38 28 38 17 32
split_gain=0.24549 0.68766 0.423107 0.388947 0.276666 0.268646 0.878639 0.814452 0.723503 0.515137 0.456481 0.431551 0.418845 0.589304
threshold=1.839223276723277 262.77500000000003 18.047332175925927 16.500000000000004 183.50000000000003 54.500000000000007 0 8.5000000000000018 1 1.4402276841121957 0.53105902777777791 1.7177280453088946 1.0000000180025095e-35 2.5000000000000004
decision_type=8 2 2 2 2 2 9 2 9 2 2 2 2 2
left_child=1 2 4 -2 5 8 10 9 12 -8 -7 -9 13 -1
right_child=3 -3 -4 -5 -6 6 7 11 -10 -11 -12 -13 -14 -15
leaf_value=0.0024403547784371525 -0.0011116692598655141 0.0026200446831876213 -0.0016720525206651833 -4.1186114439787936e-05 0.0014899067619313735 -0.0021636503615086139 -0.00013081696542691158 0.00019957928630930376 -0.00016471139438015587 0.0021054280339281892 0.00016069436126498555 -0.0017332724585821778 -5.3429053624027541e-05 0.00071355663080817095
leaf_weight=241 330 103 113 4110 142 257 146 254 1391 254 108 176 350 679
leaf_count=241 330 103 113 4110 142 257 146 254 1391 254 108 176 350 679
internal_value=3.49141e-05 0.000198926 0.000138265 -0.000120749 0.000189432 0.000141541 -0.000232123 0.000311091 0.000309346 0.0012892 -0.00143654 -0.000591541 0.000823383 0.0011659
internal_weight=8654 4214 4111 4440 3998 3856 1195 830 2661 400 365 430 1270 920
internal_count=8654 4214 4111 4440 3998 3856 1195 830 2661 400 365 430 1270 920
cat_boundaries=0 1 2
cat_threshold=9963665 446171297
is_linear=0
shrinkage=0.03


Tree=210
num_leaves=15
num_cat=2
split_feature=25 36 30 23 25 30 35 5 31 31 38 0 24 31
split_gain=0.238476 0.403315 0.484372 0.445407 0.299989 0.514104 0.254451 0.397982 0.24407 0.542672 0.511971 0.473703 0.625152 0.427055
threshold=0.19000000000000003 0 182.10000000000002 68.500000000000014 0.20937500000000003 72.500000000000014 1 0.11435000000000002 1.0133141338059373 1.1912860821249494 1.8881161056415843 8.5000000000000018 116.65266666666663 0.28611556982343506
decision_type=8 9 2 2 8 2 1 2 8 8 2 2 10 10
left_child=1 3 6 -1 5 -2 -3 -8 10 11 13 12 -10 -6
right_child=4 2 -4 -5 8 -7 7 -9 9 -11 -12 -13 -14 -15
leaf_value=0.00039650115153613342 -0.0026297638559209129 0.00028763504469988204 -0.00059465315794668991 -0.002082366876386325 0.0011778253874841279 0.00024171104803641908 0.0026217580728993659 0.00046727248977423329 -0.001202906364362444 -1.3056855029618197e-05 -0.002159551268859479 0.0027463702055124137 0.0017635223070586411 -0.00051028361385984332
leaf_weight=181 107 167 154 102 168 118 213 121 115 5958 136 117 144 684
leaf_count=181 107 167 154 102 168 118 213 121 115 5958 136 117 144 684
internal_value=1.12079e-05 0.00046234 0.000863623 -0.000479982 -4.48623e-05 -0.00112383 0.00132911 0.00178772 -1.17062e-05 5.67012e-05 -0.000450261 0.00116207 0.000446382 -0.000177417
internal_weight=8485 938 655 283 7547 225 501 334 7322 6334 988 376 259 852
internal_count=8485 938 655 283 7547 225 501 334 7322 6334 988 376 259 852
cat_boundaries=0 1 2
cat_threshold=33 3
is_linear=0
shrinkage=0.03


Tree=211
num_leaves=15
num_cat=2
split_feature=5 23 23 27 31 31 38 35 24 29 38 37 27 31
split_gain=0.439211 0.227658 0.235503 0.224308 0.181182 0.579422 0.522049 0.555005 0.483197 0.596433 0.477902 0.297864 0.341464 0.292533
threshold=0.72080000000000011 207.50000000000003 190.50000000000003 27.347598379629634 2.4757543249946594 2.6228785436617055 1.9090387393945429 0 64.411999999999395 1.0000000180025095e-35 1.5368410093463665 1 13.999600694444448 2.1475599371451475
decision_type=2 2 2 2 10 10 2 1 10 2 2 9 2 10
left_child=1 2 4 -4 13 10 7 8 -7 -10 -6 12 -9 -1
right_child=-2 -3 3 -5 5 6 -8 11 9 -11 -12 -13 -14 -15
leaf_value=8.6701716603192119e-05 0.0015587522007424284 -0.0012625487522382173 0.00010097692562442905 0.0020435863890937373 -0.00010978394422842108 -0.00037518763782086868 0.0014909803478333811 0.0016859921024968991 0.00032197255197679621 0.003153027132084239 -0.0027552578784525395 -0.00064915989748576817 -0.00041729734783681731 0.00076068505767789727
leaf_weight=5034 185 112 106 108 115 194 195 117 150 121 132 1140 171 655
leaf_count=5034 185 112 106 108 115 194 195 117 150 121 132 1140 171 655
internal_value=0.000112935 8.09015e-05 9.91664e-05 0.00108136 7.29714e-05 -0.000149543 1.29963e-05 -0.000139252 0.000751633 0.00158602 -0.00152356 -0.000431593 0.000422494 0.0001643
internal_weight=8535 8350 8238 214 8024 2335 2088 1893 465 271 247 1428 288 5689
internal_count=8535 8350 8238 214 8024 2335 2088 1893 465 271 247 1428 288 5689
cat_boundaries=0 1 2
cat_threshold=18 318767104
is_linear=0
shrinkage=0.03


Tree=212
num_leaves=15
num_cat=2
split_feature=0 30 23 37 13 28 23 22 1 30 23 37 1 28
split_gain=0.295926 0.472072 0.534962 0.286503 0.551738 0.275632 0.530769 0.928591 0.814345 0.500276 0.411108 0.408988 0.460703 0.363763
threshold=13.500000000000002 38.165000000000006 53.500000000000007 0 1.0000000180025095e-35 4.1058854166666672 159.50000000000003 1498.6875000000002 3.5000000000000004 121.50000000000001 193.50000000000003 1 76.500000000000014 5.5188368055555559
decision_type=2 2 2 9 2 2 2 2 2 2 2 9 2 2
left_child=3 -2 -3 4 -1 10 8 -8 -7 11 -5 12 -10 -11
right_child=1 2 -4 5 -6 6 7 -9 9 13 -12 -13 -14 -15
leaf_value=0.002710688711894262 -0.0018104363829537758 0.0012369639446657432 -0.00095144784250442171 -5.4673164382902286e-05 -6.7954851832803127e-05 -0.0016118347389666601 0.0025739490028637651 -0.00017363687549086827 0.0019700469501081784 0.0015333048538778418 -0.0018394453891605812 -6.2659981155642461e-05 -0.00033101726181339471 -0.00020994212644487114
leaf_weight=108 200 173 240 4856 159 227 226 217 361 118 119 257 100 1238
leaf_count=108 200 173 240 4856 159 227 226 217 361 118 119 257 100 1238
internal_value=2.11241e-05 -0.000614095 -3.47523e-05 6.98831e-05 0.00101787 3.57273e-05 0.000277159 0.00122807 9.40852e-05 0.000280799 -9.73642e-05 0.000921107 0.00143967 -5.82436e-05
internal_weight=8599 613 413 7986 267 7719 2744 443 2301 2074 4975 718 461 1356
internal_count=8599 613 413 7986 267 7719 2744 443 2301 2074 4975 718 461 1356
cat_boundaries=0 1 2
cat_threshold=18362434 2430599176
is_linear=0
shrinkage=0.03


Tree=213
num_leaves=15
num_cat=3
split_feature=37 38 30 31 30 17 18 38 0 31 38 37 27 37
split_gain=0.274761 0.610283 0.952577 0.625833 0.266023 0.256001 0.402466 0.349145 0.222742 0.552095 0.306116 0.604691 0.21467 0.221429
threshold=0 2.0264323780516458 55.500000000000007 1.5380656807169777 34.250000000000007 3.5000000000000004 1.0000000180025095e-35 1.6209031945423489 13.500000000000002 0.98907071189679896 1.3694925718516728 1 30.999247685185189 2
decision_type=9 2 2 10 2 2 2 2 2 8 2 9 2 9
left_child=1 2 3 -1 -5 6 8 -8 12 -10 -11 -12 13 -2
right_child=5 -3 -4 4 -6 -7 7 -9 9 10 11 -13 -14 -15
leaf_value=-0.00042161123036701037 0.00016485865124498219 0.0026629263551643531 -0.0019658153228644102 0.0010261218662923509 0.0030554315178553657 0.0013399147479794919 -0.00028852935885635217 -0.0025692398127628788 -0.0025986209576166121 -0.0015872405447925511 -0.0014212187258526683 0.001257054163709724 -0.0013145341661446105 -0.00017423883336159599
leaf_weight=190 3291 103 143 137 101 110 134 110 107 104 110 198 116 3639
leaf_count=190 3291 103 143 137 101 110 134 110 107 104 110 198 116 3639
internal_value=-4.74732e-05 0.000529592 0.000154045 0.000862316 0.0018873 -9.71343e-05 -0.000117501 -0.00131672 -7.88221e-05 -0.000678621 -0.000179981 0.000295198 -3.46416e-05 -1.32178e-05
internal_weight=8593 674 571 428 238 7919 7809 244 7565 519 412 308 7046 6930
internal_count=8593 674 571 428 238 7919 7809 244 7565 519 412 308 7046 6930
cat_boundaries=0 1 2 3
cat_threshold=1092617952 805306368 303589632
is_linear=0
shrinkage=0.03


Tree=214
num_leaves=15
num_cat=1
split_feature=37 38 1 32 24 24 31 31 1 31 22 27 21 28
split_gain=0.289883 0.714148 0.561308 0.208283 0.577467 0.425195 0.328109 0.395764 0.633563 0.469344 1.28282 0.51486 0.686887 0.469261
threshold=0 1.5996014894837869 15.500000000000002 13.500000000000002 313.44366666666468 375.1326666666684 1.200840336134454 1.6316860465116281 37.500000000000007 1.783196239717979 1874.5500000000004 29.212303240740741 106.58333333333334 0.53105902777777791
decision_type=9 2 2 2 8 8 10 10 2 10 2 2 2 2
left_child=1 2 -1 4 -2 -6 -5 8 -8 10 -9 12 -11 -10
right_child=3 -3 -4 6 5 -7 7 9 13 11 -12 -13 -14 -15
leaf_value=-0.0013486111332096306 -8.7892814529470786e-05 0.0025701179433109838 0.0012169659899301259 0.0010959786946694563 -0.0029200469519212861 -0.00071132686919048659 -0.0018885905287899804 -0.00043225161927161601 -0.00099050280857269826 -7.1666269745104351e-07 0.0036113488983884907 0.00079509950597943734 -0.0017563814588205575 0.0018605649023707108
leaf_weight=153 4347 133 154 282 103 329 231 164 107 1522 124 586 231 101
leaf_count=153 4347 133 154 282 103 329 231 164 107 1522 124 586 231 101
internal_value=-2.37182e-05 0.000717558 -6.16441e-05 -6.46547e-05 -0.000191852 -0.00123794 0.000116716 2.66472e-05 -0.000807132 0.000165981 0.00130874 2.5273e-05 -0.000232068 0.00039391
internal_weight=8567 440 307 8127 4779 432 3348 3066 439 2627 288 2339 1753 208
internal_count=8567 440 307 8127 4779 432 3348 3066 439 2627 288 2339 1753 208
cat_boundaries=0 1
cat_threshold=151523424
is_linear=0
shrinkage=0.03


Tree=215
num_leaves=15
num_cat=1
split_feature=31 31 31 38 31 37 31 26 31 21 0 30 5 38
split_gain=0.256313 0.927285 0.449045 0.705116 0.416438 0.465239 0.983639 0.413353 0.453018 0.485859 0.37456 0.303927 0.28501 0.264555
threshold=2.4757543249946594 2.4177913468856578 2.6050267885282072 1.5061164559111848 2.6781286894923264 0 3.8148890660073529 0.020869565217391309 3.1562859952622087 82.125000000000014 7.5000000000000009 168.12500000000003 0.15470000000000003 0.93881812079845361
decision_type=10 10 10 2 10 9 10 10 10 2 2 2 2 2
left_child=1 13 3 -2 -4 6 -6 8 10 -10 11 -7 -9 -1
right_child=2 -3 4 -5 5 7 -8 12 9 -11 -12 -13 -14 -15
leaf_value=-0.0011103605713314291 0.00036067622275475191 0.0029730510923753283 0.001610423965845257 -0.0029828931779775302 0.0026060718126012946 -0.00027049226445290873 -0.00016447522941107054 -0.0019137843095077788 -7.1684252151884171e-05 0.0020707577952921424 0.00017120429610644104 -0.002262729719047184 -0.0001430023011052981 0.00010814134718809397
leaf_weight=165 102 101 120 128 150 106 499 257 607 113 177 197 120 5707
leaf_count=165 102 101 120 128 150 106 499 257 607 113 177 197 120 5707
internal_value=1.50488e-05 0.000122925 -0.000235085 -0.00150009 -0.000111065 -0.000203867 0.000468646 -0.000480558 -0.00021137 0.00026456 -0.000925264 -0.00156578 -0.00135014 7.39021e-05
internal_weight=8549 5973 2576 230 2346 2226 649 1577 1200 720 480 303 377 5872
internal_count=8549 5973 2576 230 2346 2226 649 1577 1200 720 480 303 377 5872
cat_boundaries=0 1
cat_threshold=453021712
is_linear=0
shrinkage=0.03


Tree=216
num_leaves=15
num_cat=1
split_feature=22 31 35 31 24 30 0 38 29 31 27 31 31 31
split_gain=0.48467 0.46891 0.690418 0.41076 0.371808 0.606605 0.553819 0.652139 0.564013 0.50678 0.44366 0.498962 0.568132 0.432549
threshold=6402.0500000000002 1.813536575476046 0 2.9865742244263793 170.43233333333259 116.50000000000001 4.5000000000000009 1.2074333109433419 1.5000000000000002 1.3722167243938646 29.999218750000001 3.6862836919354938 2.2583927231807954 7.4976562500000012
decision_type=2 10 1 10 8 2 2 2 2 10 2 10 10 10
left_child=4 2 -2 -3 5 -1 -7 -8 9 -9 11 12 -10 -6
right_child=1 3 -4 -5 13 6 7 8 10 -11 -12 -13 -14 -15
leaf_value=1.9221134902158205e-05 0.0019694050939591682 -0.0024646778793841963 -0.00054720562224879713 -0.00018518620726636385 -0.00022306195897454017 -0.00081462916310436528 -0.00028780390532805633 0.0026032890948151947 0.0013989157103741149 0.00028982881760462024 0.00026544443085265248 0.00072976274797434198 0.0041320293152175905 0.0017555052188035207
leaf_weight=2929 105 184 663 116 2880 182 305 102 109 518 103 108 184 103
leaf_count=2929 105 184 663 116 2880 182 305 102 109 518 103 108 184 103
internal_value=2.05426e-05 -0.0005775 -0.00018462 -0.00158327 0.000105444 0.000276399 0.000743982 0.000942489 0.00127633 0.00067043 0.00202169 0.00247279 0.00311527 -0.000154744
internal_weight=8591 1068 768 300 7523 4540 1611 1429 1124 620 504 401 293 2983
internal_count=8591 1068 768 300 7523 4540 1611 1429 1124 620 504 401 293 2983
cat_boundaries=0 1
cat_threshold=6
is_linear=0
shrinkage=0.03


Tree=217
num_leaves=15
num_cat=2
split_feature=37 1 31 28 20 24 24 0 31 37 1 27 13 23
split_gain=0.259262 0.602745 0.53807 0.199528 0.326199 0.922845 0.504826 0.2062 0.357301 0.396241 0.373539 0.485101 0.471601 0.367341
threshold=0 27.500000000000004 1.8673618665366296 25.616458333333338 1.0000000180025095e-35 347.48466666666519 131.82116666667164 11.500000000000002 1.0133141338059373 1 40.500000000000007 18.142488425925929 1.0000000180025095e-35 59.500000000000007
decision_type=9 2 10 2 2 8 10 2 8 9 2 2 2 2
left_child=1 -1 -3 4 7 6 -6 -2 -9 -10 12 13 -11 -12
right_child=3 2 -4 -5 5 -7 -8 8 9 10 11 -13 -14 -15
leaf_value=-0.00062864015629265912 5.0817957254653465e-05 0.00040282446534611877 0.0034241052289959045 0.0010624909311822005 -0.0011984667179667455 -0.0032486135613839697 0.0011389538357092169 -0.0014584725584359452 0.0012863699803653092 0.00014180576394698242 0.00069911299506202334 0.0016055550542157543 -0.0023220830692702696 -0.0013238245255785324
leaf_weight=157 6478 113 100 145 172 109 161 225 141 123 136 139 162 199
leaf_count=157 6478 113 100 145 172 109 161 225 141 123 136 139 162 199
internal_value=-4.93106e-06 0.00076114 0.00182127 -4.04199e-05 -6.03486e-05 -0.000852633 -6.83625e-05 -1.42892e-05 -0.000389191 -0.00012187 -0.000395221 0.000115634 -0.00125872 -0.000502572
internal_weight=8560 370 213 8190 8045 442 333 7603 1125 900 759 474 285 335
internal_count=8560 370 213 8190 8045 442 333 7603 1125 900 759 474 285 335
cat_boundaries=0 1 2
cat_threshold=150999232 1149255680
is_linear=0
shrinkage=0.03


Tree=218
num_leaves=15
num_cat=1
split_feature=37 30 21 38 31 0 25 24 24 31 31 31 7 30
split_gain=0.300276 0.424695 0.382096 0.376657 0.29549 0.247208 0.230309 0.343359 0.470185 0.502848 0.429037 0.674838 0.623453 0.417216
threshold=0 25.250000000000004 40.500000000000007 2.0928937732388158 0.55936451399967002 17.500000000000004 0.34891304347826091 113.25366666666393 86.438000000000699 1.0823369463999704 1.4919352507587804 1.7085313261190753 1.0000000180025095e-35 81.500000000000014
decision_type=9 2 2 2 10 2 10 10 10 10 10 10 2 2
left_child=1 2 4 6 -1 -2 7 8 9 13 12 -12 -11 -3
right_child=5 3 -4 -5 -6 -7 -8 -9 -10 10 11 -13 -14 -15
leaf_value=-0.00073805368440974103 -0.00024522469098357228 0.00044246121570498182 0.0024841351703419781 -0.0017760590888501609 0.0012560680343387985 -0.0017615981505917006 -4.0255259140557212e-05 -0.00035785418269818921 0.0022813182973451065 0.0032277988581744044 -0.0012603128328988295 0.00095137753321532367 0.00045007961844995378 -0.0014145009140981344
leaf_weight=112 1597 231 119 100 166 103 4443 470 132 137 169 468 155 206
leaf_count=112 1597 231 119 100 166 103 4443 470 132 137 169 468 155 206
internal_value=2.0901e-05 0.000108844 0.00106161 5.09179e-05 0.000452681 -0.000335128 7.94154e-05 0.000349587 0.000571547 0.000406328 0.000801101 0.000364603 0.00175332 -0.000432903
internal_weight=8608 6908 397 6511 278 1700 6411 1968 1498 1366 929 637 292 437
internal_count=8608 6908 397 6511 278 1700 6411 1968 1498 1366 929 637 292 437
cat_boundaries=0 1
cat_threshold=2579556462
is_linear=0
shrinkage=0.03


Tree=219
num_leaves=15
num_cat=1
split_feature=38 30 36 1 23 21 30 26 30 30 32 5 30 27
split_gain=0.220243 0.976974 0.666153 0.712023 0.478665 0.396098 0.390556 0.312329 0.232426 0.361901 0.354537 0.36302 0.310033 0.679404
threshold=1.8171240342177482 37.250000000000007 0 29.500000000000004 79.500000000000014 62.708333333333336 130.50000000000003 0.05634920634920635 244.62500000000003 234.55000000000004 30.500000000000004 0.36600000000000005 260.75000000000006 29.5983275462963
decision_type=2 2 9 2 2 2 2 10 2 2 2 2 2 2
left_child=8 -2 3 -3 5 -4 -5 -6 9 -1 11 12 13 -10
right_child=1 2 4 6 7 -7 -8 -9 10 -11 -12 -13 -14 -15
leaf_value=5.0482637158759871e-05 -0.0026172900793460917 -0.0021040118095131586 0.0029508742241513564 -0.0012400313224492714 0.00073984161015167558 0.00054649972725777666 0.00078780349731803995 -0.00097638479816997733 0.00073061177534463023 0.0014919398168408492 -0.0015560046707469154 -0.0014167572322965984 0.00053859447466698658 -0.002584498502298267
leaf_weight=5949 158 239 109 139 196 142 222 186 121 161 192 164 527 103
leaf_count=5949 158 239 109 139 196 142 222 186 121 161 192 164 527 103
internal_value=-5.06216e-05 -0.000396271 -0.000111664 -0.000820214 0.000563996 0.00159063 7.00283e-06 -9.58079e-05 1.59987e-05 8.84654e-05 -0.000383976 -0.000138042 0.000141198 -0.000793747
internal_weight=8608 1391 1233 600 633 251 361 382 7217 6110 1107 915 751 224
internal_count=8608 1391 1233 600 633 251 361 382 7217 6110 1107 915 751 224
cat_boundaries=0 1
cat_threshold=48
is_linear=0
shrinkage=0.03


Tree=220
num_leaves=15
num_cat=2
split_feature=32 21 30 30 38 0 30 30 0 37 24 38 30 37
split_gain=0.332088 0.317109 0.226338 0.783319 0.693361 0.540912 0.374273 0.856292 0.406275 0.373213 0.343738 0.293257 0.29308 0.481688
threshold=18.500000000000004 33.166666666666679 30.165000000000003 33.250000000000007 1.7446931160039603 5.5000000000000009 37.250000000000007 40.250000000000007 15.500000000000002 0 573.08966666666458 1.2378576056948027 73.250000000000014 1
decision_type=2 2 2 2 2 2 2 2 2 9 10 2 2 9
left_child=2 -2 4 -4 5 -1 -5 -8 10 -7 12 -11 13 -9
right_child=1 -3 3 6 -6 9 7 8 -10 11 -12 -13 -14 -15
leaf_value=0.0013969137451420122 0.00081484121938153883 -0.0004217703419105143 0.0024779360156545402 -0.001384982516780704 -0.0021920514521126104 0.00037842957816472167 0.0027073501038532223 -0.0015919509618020408 0.0016082388710358126 -0.00010891455005666894 0.0016063019711896776 -0.001583208162246592 0.00014931445063277543 -6.7505387489088909e-05
leaf_weight=202 204 2192 131 143 148 379 117 235 157 231 125 256 3282 800
leaf_count=202 204 2192 131 143 148 379 117 235 157 231 125 256 3282 800
internal_value=-1.64904e-05 -0.000316483 9.93301e-05 0.000188766 -0.00026768 -1.00643e-06 0.000127049 0.000172897 0.00010842 -0.00032708 5.54098e-05 -0.000866118 1.05033e-05 -0.000429669
internal_weight=8602 2396 6206 4990 1216 1068 4859 4716 4599 866 4442 487 4317 1035
internal_count=8602 2396 6206 4990 1216 1068 4859 4716 4599 866 4442 487 4317 1035
cat_boundaries=0 1 2
cat_threshold=1105207717 203425797
is_linear=0
shrinkage=0.03


Tree=221
num_leaves=15
num_cat=2
split_feature=37 38 31 1 27 38 27 27 1 37 11 22 23 28
split_gain=0.190508 0.344928 0.469167 0.759551 0.724441 0.768571 0.774009 0.600121 0.513704 0.417695 0.305747 0.30534 0.265983 0.294944
threshold=0 1.5727816242986541 2.9865742244263793 53.500000000000007 13.999473379629633 1.8881161056415843 13.999890046296299 12.999849537037038 94.500000000000014 1 1.0000000180025095e-35 1380.1940000000002 97.500000000000014 6.3179513888888899
decision_type=9 2 8 2 2 2 2 2 2 9 2 2 2 2
left_child=1 9 3 4 7 6 -6 -3 -5 -1 -2 -12 13 -11
right_child=10 2 -4 8 5 -7 -8 -9 -10 12 11 -13 -14 -15
leaf_value=-0.001573989500029711 -0.00010723291185527719 0.00082023273000844047 0.0020743382758445154 -0.002240101479769995 -0.00079811985463268203 -0.0015645287277015005 0.0026083321890217957 0.0040987532237078995 0.0003401693496104147 1.1141803179422016e-05 -4.3178490278395734e-05 0.0022355090303565646 -0.0007469702544040046 0.0010328171325460771
leaf_weight=134 5667 101 177 135 101 138 148 100 143 903 110 102 265 354
leaf_count=134 5667 101 177 135 101 138 148 100 143 903 110 102 265 354
internal_value=3.05765e-05 0.000238724 0.000666947 0.000379293 0.000990199 0.000231313 0.0012266 0.00245134 -0.00091284 -2.95431e-05 -6.52771e-05 0.00105317 0.000116013 0.000298869
internal_weight=8578 2699 1043 866 588 387 249 201 278 1656 5879 212 1522 1257
internal_count=8578 2699 1043 866 588 387 249 201 278 1656 5879 212 1522 1257
cat_boundaries=0 1 2
cat_threshold=167518242 136314880
is_linear=0
shrinkage=0.03


Tree=222
num_leaves=15
num_cat=2
split_feature=24 30 29 37 1 23 16 25 32 36 30 24 27 31
split_gain=0.216717 0.522664 0.379246 0.372399 1.14381 0.672819 0.330985 0.219538 0.432424 0.537051 0.606829 0.475494 0.357434 0.329045
threshold=7.486666666665756 27.165000000000003 1.5000000000000002 0 28.500000000000004 70.500000000000014 1.0000000180025095e-35 0.36181818181818187 8.5000000000000018 1 71.250000000000014 116.65266666666663 13.999438657407408 2.5394102990033227
decision_type=8 2 2 9 2 2 2 8 2 9 2 10 2 10
left_child=1 -1 6 4 5 -2 -3 -5 9 10 12 13 -9 -12
right_child=3 2 -4 7 -6 -7 -8 8 -10 -11 11 -13 -14 -15
leaf_value=-0.0018122513635535143 0.0012321347187738865 -0.00016830020183906626 -0.0014635287310431101 0.00024050749315504154 0.002822927454335834 -0.0022308133354218785 0.0018911900749462173 -0.0012174849156632061 6.469560686876656e-05 0.0011002749236266888 -0.00034681757781654594 -0.0032891445030065729 0.00028340691668363166 -0.0023895813995887609
leaf_weight=192 100 178 104 2694 170 102 116 218 3680 142 200 121 414 110
leaf_count=192 100 178 104 2694 170 102 116 218 3680 142 200 121 414 110
internal_value=2.80755e-05 -0.000526676 9.35016e-05 6.92406e-05 0.000983163 -0.000516483 0.000644288 2.30549e-05 -9.68196e-05 -0.000590078 -0.000818532 -0.00169421 -0.000234306 -0.00107167
internal_weight=8541 590 398 7951 372 202 294 7579 4885 1205 1063 431 632 310
internal_count=8541 590 398 7951 372 202 294 7579 4885 1205 1063 431 632 310
cat_boundaries=0 1 2
cat_threshold=135795010 49
is_linear=0
shrinkage=0.03


Tree=223
num_leaves=15
num_cat=3
split_feature=38 27 21 1 38 22 37 33 37 28 30 21 27 37
split_gain=0.400836 0.273216 0.292724 0.369185 0.424718 0.404259 0.342403 0.506631 1.04066 0.804092 0.613296 0.597133 0.435075 0.511202
threshold=2.151563557723343 31.139942129629635 150.85000000000002 33.500000000000007 1.34745223916715 6785.2500000000009 0 1.0000000180025095e-35 1 0.783269675925926 154.75000000000003 102.35000000000001 6.9997858796296306 2
decision_type=2 2 2 2 2 2 9 2 9 2 2 2 2 9
left_child=1 2 6 4 -4 -6 -1 12 11 10 -10 -9 -8 -14
right_child=-2 -3 3 -5 5 -7 7 8 9 -11 -12 -13 13 -15
leaf_value=-0.0004314792811099106 -0.0016817570029343187 -0.0013997098221109614 -0.0012436103619074856 -0.0012232978178415891 -0.00042326076279631511 0.002112927386362571 -0.0018448555725840252 -0.00050938241600433402 0.0017354543046428604 0.002777783085021321 -0.00071907216910569165 0.0019371518018690623 -6.7083098305262579e-05 0.00071631856023513776
leaf_weight=995 128 122 128 362 107 120 109 587 206 278 165 106 4272 899
leaf_count=995 128 122 128 362 107 120 109 587 206 278 165 106 4272 899
internal_value=-1.55189e-05 9.70325e-06 3.03354e-05 -0.000549168 0.000138254 0.000917455 8.4885e-05 0.000162878 0.000683615 0.00153426 0.000643819 -0.000133242 3.08323e-05 7.03701e-05
internal_weight=8584 8456 8334 717 355 227 7617 6622 1342 649 371 693 5280 5171
internal_count=8584 8456 8334 717 355 227 7617 6622 1342 649 371 693 5280 5171
cat_boundaries=0 1 2 3
cat_threshold=537677994 2260729861 350267664
is_linear=0
shrinkage=0.03


Tree=224
num_leaves=15
num_cat=2
split_feature=0 31 22 1 7 28 37 38 31 23 22 0 31 37
split_gain=0.316294 0.345722 0.348654 0.261671 0.673509 0.621033 0.593097 0.431071 0.433052 0.420942 0.381864 0.305599 0.307954 0.276842
threshold=13.500000000000002 1.1585652028159574 550.15000000000009 12.500000000000002 1.0000000180025095e-35 2.6342824074074076 0 1.8215928982905789 0.97209623732310757 106.50000000000001 2441.6878750000001 4.5000000000000009 1.8964901477832516 1
decision_type=2 8 2 2 2 2 9 2 10 2 2 2 10 9
left_child=3 -2 -3 4 -1 6 -6 8 -8 13 11 -10 -13 -7
right_child=1 2 -4 -5 5 9 7 -9 10 -11 -12 12 -14 -15
leaf_value=0.002488415717035532 -0.001816314798258624 0.00073918285794516501 -0.001005911927006405 -5.3034443577569113e-05 -0.0012957592012441358 -0.0023424736320547114 0.0026459610443839814 -0.00061328778044654703 -0.00013012854159600903 0.00056925597800207989 -0.00077611885020763944 0.00081430318774571215 0.0025773932918465494 -0.00054308474785872156
leaf_weight=125 172 188 228 6223 117 117 151 138 116 182 107 190 168 250
leaf_count=125 172 188 228 6223 117 117 151 138 116 182 107 190 168 250
internal_value=-1.38026e-05 -0.000685013 -0.000217263 3.62572e-05 0.000370792 0.000198459 0.000648354 0.000914189 0.00121465 -0.000610367 0.000842651 0.00120807 0.00164168 -0.00119536
internal_weight=8472 588 416 7884 1661 1536 987 870 732 549 581 474 358 367
internal_count=8472 588 416 7884 1661 1536 987 870 732 549 581 474 358 367
cat_boundaries=0 1 2
cat_threshold=151011364 201361408
is_linear=0
shrinkage=0.03


Tree=225
num_leaves=15
num_cat=3
split_feature=27 37 1 37 36 27 31 23 27 24 21 38 30 38
split_gain=0.309491 0.525811 0.501885 0.426238 0.310131 0.30485 0.323417 0.277282 0.268469 0.594815 0.330296 0.239367 0.701695 0.592686
threshold=12.999375000000002 0 8.5000000000000018 1 2 13.333015046296298 39.044334975369473 71.500000000000014 11.010243055555557 66.439000000003105 38.833333333333336 1.6480686289562863 28.165000000000003 1.6279459121781568
decision_type=2 9 2 9 9 2 8 2 2 10 2 2 2 2
left_child=1 2 -1 -2 -3 -5 11 -4 9 -6 -10 13 -13 -7
right_child=3 4 7 5 8 6 -8 -9 10 -11 -12 12 -14 -15
leaf_value=-0.002861608973602743 0.0019702841229101813 0.00099605042182577142 -0.0015888967222588903 0.0010491289450223313 -0.00042466481613372755 0.00015472723551542448 -0.0011827276118179374 0.00063419661261141305 0.00022889929253226078 0.002141838429156238 -0.0016441993248122657 -0.0023980449875816703 -4.1803386210116574e-05 0.0022930076640914196
leaf_weight=133 100 201 102 285 338 4197 187 100 139 107 217 120 2184 120
leaf_count=133 100 201 102 285 338 4197 187 100 139 107 217 120 2184 120
internal_value=3.88793e-05 -0.000380261 -0.00138911 0.000116787 -2.88217e-05 8.77543e-05 4.76376e-05 -0.000488355 -0.00029511 0.000192449 -0.000912849 8.23874e-05 -0.000164524 0.000214165
internal_weight=8530 1337 335 7193 1002 7093 6808 202 801 445 356 6621 2304 4317
internal_count=8530 1337 335 7193 1002 7093 6808 202 801 445 356 6621 2304 4317
cat_boundaries=0 1 2 3
cat_threshold=1228941314 1224736768 1
is_linear=0
shrinkage=0.03


Tree=226
num_leaves=15
num_cat=1
split_feature=37 32 38 21 17 31 1 24 21 21 27 32 28 38
split_gain=0.27738 0.851505 0.737055 0.648943 0.461916 0.341558 0.384332 0.313352 0.326906 0.321578 0.26054 0.393109 0.287989 0.257443
threshold=0 6.5000000000000009 1.674253511114981 18.833333333333339 1.0000000180025095e-35 5.8168299319727899 52.500000000000007 17.86833333333605 52.500000000000007 30.166666666666668 30.201909722222226 16.500000000000004 0.67822337962962975 1.2918543289329587
decision_type=9 2 2 2 2 10 2 8 2 2 2 2 2 2
left_child=1 2 3 -1 -3 7 -7 8 9 -2 -9 -12 -13 -14
right_child=5 4 -4 -5 -6 6 -8 10 -10 -11 11 12 13 -15
leaf_value=0.0021904706989571586 -0.00064780384978000468 -0.0013922794580381985 0.0033786388318985698 -0.0010176132510318176 0.00099171801454162782 -0.0015579592805125653 0.00026822000125226582 0.00015080574057699668 -0.0016522542319800113 0.0012966474316691836 -0.0015996333111119878 -0.0011045577524744562 -0.00030880518229678275 0.0018230609100338857
leaf_weight=113 290 198 135 114 116 259 173 6329 189 104 198 114 100 104
leaf_count=113 290 198 135 114 116 259 173 6329 189 104 198 114 100 104
internal_value=4.39459e-05 0.000622448 0.00162329 0.000579362 -0.000511567 -6.59172e-06 -0.000826642 4.10922e-05 -0.000626566 -0.000134548 9.79577e-05 -0.00055025 0.000103139 0.000778029
internal_weight=8536 676 362 227 314 7860 432 7428 583 394 6845 516 318 204
internal_count=8536 676 362 227 314 7860 432 7428 583 394 6845 516 318 204
cat_boundaries=0 1
cat_threshold=154140740
is_linear=0
shrinkage=0.03


Tree=227
num_leaves=15
num_cat=3
split_feature=38 31 31 38 37 31 5 37 31 7 37 38 24 27
split_gain=0.228928 0.246223 0.527426 0.448076 0.438615 0.618269 0.429606 0.413551 0.746899 0.53923 0.640385 0.3885 0.386368 0.342414
threshold=0.82987787609720332 2.4965495079846103 2.6228785436617055 1.5368410093463665 0 2.4177913468856578 0.045000000000000005 1 3.5964306480092683 1.0000000180025095e-35 2 2.0928937732388158 1.8535000000000084 27.957916666666673
decision_type=2 10 10 2 9 10 2 9 10 2 9 2 8 2
left_child=-1 4 3 -3 6 11 -2 8 -4 10 -9 12 -6 -11
right_child=1 2 7 -5 5 -7 -8 9 -10 13 -12 -13 -14 -15
leaf_value=-0.0013027643979041149 4.1485933395484358e-05 -0.00010590749408929876 0.0029734379550876112 -0.0027975450860967315 -0.001328354758028681 0.0025074530477259857 -0.0011478724523019364 0.002546104643209549 0.00011444015350528335 -0.00098939447631775845 -2.9460406163836646e-05 0.0020709913989326151 0.0002409806327965956 1.1867902685771695e-05
leaf_weight=115 824 101 103 124 146 110 409 103 408 798 384 101 4288 500
leaf_count=115 824 101 103 124 146 110 409 103 408 798 384 101 4288 500
internal_value=2.66766e-05 4.48795e-05 -0.000203148 -0.0015893 0.000151255 0.000284506 -0.000350197 -6.73104e-05 0.000677458 -0.00028273 0.000566945 0.000231214 0.000189307 -0.0006037
internal_weight=8514 8399 2521 225 5878 4645 1233 2296 511 1785 487 4535 4434 1298
internal_count=8514 8399 2521 225 5878 4645 1233 2296 511 1785 487 4535 4434 1298
cat_boundaries=0 1 2 3
cat_threshold=873234616 318767136 134219776
is_linear=0
shrinkage=0.03


Tree=228
num_leaves=15
num_cat=4
split_feature=38 38 37 37 36 31 22 36 38 10 30 28 27 38
split_gain=0.311908 0.8553 0.433022 0.429123 0.463645 0.434111 0.453028 0.373502 0.327826 0.319304 0.470641 0.548656 0.367287 0.336091
threshold=1.492905217101079 1.5061164559111848 0 1 2 1.8322390932420876 280.4500000000001 3 1.3186753866994663 1.0000000180025095e-35 267.02500000000003 2.5324884259259264 30.585781250000004 1.674253511114981
decision_type=2 2 9 9 9 8 2 9 2 2 2 2 2 2
left_child=2 -2 7 4 5 6 -3 -1 -4 -5 12 -12 13 -11
right_child=1 3 8 9 -6 -7 -8 -9 -10 10 11 -13 -14 -15
leaf_value=-0.0015667950919865128 0.0025857516221388802 0.0026192872458222233 -8.5698190308827242e-05 -0.001263432798665102 0.0022368094062499974 -0.00077237111138064418 0.00033528011768875227 7.1221193609215548e-05 -0.0014496617454266485 0.00049927863637332602 0.0024921825035064678 -2.4642187299723008e-06 -0.0017334391204469385 -0.00018849972804079273
leaf_weight=120 136 110 286 164 156 186 270 3445 356 959 152 166 109 1919
leaf_count=120 136 110 286 164 156 186 270 3445 356 959 152 166 109 1919
internal_value=6.55129e-05 0.000244347 -0.000118422 0.000168368 0.000828274 0.000407962 0.00099644 1.18562e-05 -0.000829125 2.85519e-05 9.27489e-05 0.00118995 -2.40601e-05 4.06801e-05
internal_weight=8534 4327 4207 4191 722 566 380 3565 642 3469 3305 318 2987 2878
internal_count=8534 4327 4207 4191 722 566 380 3565 642 3469 3305 318 2987 2878
cat_boundaries=0 1 2 3 4
cat_threshold=2412013617 1215856646 20 1
is_linear=0
shrinkage=0.03


Tree=229
num_leaves=15
num_cat=2
split_feature=37 30 31 28 28 1 24 28 37 1 22 30 1 30
split_gain=0.258532 0.427198 0.361011 0.469587 0.614648 0.460402 0.4118 0.347537 0.360828 0.36749 0.324108 0.303481 0.267959 0.176989
threshold=0 13.250000000000002 1.0133141338059373 3.0785185185185191 7.1956597222222234 17.500000000000004 28.479666666670241 0.93167824074074079 1 54.500000000000007 415.77812499999999 6.2500000000000009 32.500000000000007 194.10000000000002
decision_type=9 2 10 2 2 2 10 2 9 2 2 2 2 2
left_child=2 11 7 5 -5 -4 10 8 -1 -10 -7 -2 -8 -3
right_child=1 13 3 4 -6 6 12 -9 9 -11 -12 -13 -14 -15
leaf_value=0.00087506166682973249 7.1229433270276216e-05 7.6445992109839381e-05 0.00064397530416133758 0.0027934292572563907 -7.0176188710320279e-05 -0.00086672508898472426 -0.0027574259623446887 -0.0022834268908577728 -0.00030071618904504066 -0.0024444321194329321 0.0012093515795441494 0.0019475919887701277 -0.00099362844645244628 -0.00025440957761215991
leaf_weight=108 142 4181 261 104 192 149 102 146 187 117 124 171 323 2232
leaf_count=108 142 4181 261 104 192 149 102 146 187 117 124 171 323 2232
internal_value=-7.18686e-05 1.40931e-05 -0.000388709 -0.000108575 0.000935955 -0.000430974 -0.000832925 -0.00102573 -0.000580037 -0.00108991 7.62548e-05 0.00109633 -0.00141694 -3.8706e-05
internal_weight=8539 6726 1813 1255 296 959 698 558 412 304 273 313 425 6413
internal_count=8539 6726 1813 1255 296 959 698 558 412 304 273 313 425 6413
cat_boundaries=0 1 2
cat_threshold=564995226 536879234
is_linear=0
shrinkage=0.03


Tree=230
num_leaves=15
num_cat=0
split_feature=30 21 31 30 30 0 21 32 24 32 30 24 21 7
split_gain=0.292575 0.246148 0.566775 0.423184 0.388011 0.583261 0.661946 0.458489 0.521366 0.402113 0.343625 0.339377 0.338945 0.29615
threshold=387.75000000000006 104.66666666666667 2.3393548387096779 327.65000000000003 106.50000000000001 8.5000000000000018 150.85000000000002 6.5000000000000009 128.70066666667003 6.5000000000000009 227.05000000000004 188.41216666666648 121.89166666666668 1.0000000180025095e-35
decision_type=2 2 10 2 2 2 2 2 10 2 2 10 2 2
left_child=1 3 4 13 9 7 -7 -6 -9 -3 -8 -10 -13 -1
right_child=-2 2 -4 -5 5 6 10 8 11 -11 -12 12 -14 -15
leaf_value=-0.00024483800826309902 0.0015500190489295233 -0.00026396559687176096 -0.0022725237928187618 0.0019035142506298687 -0.0022683236873935028 0.0019922964091753015 0.00091517130077323498 0.0008862906221267391 -0.0022216001680882814 -0.0024685474167858417 -0.0015184027287743498 -0.0013836362140083854 0.00038875761625388542 0.00016504666170202761
leaf_weight=2638 104 180 130 107 108 234 102 269 110 127 107 165 236 3980
leaf_count=2638 104 180 130 107 108 234 102 269 110 127 107 165 236 3980
internal_value=-3.15211e-05 -5.08876e-05 -0.000365875 3.19225e-05 -0.000214554 7.19742e-06 0.000896333 -0.000436369 -0.000182714 -0.00117596 -0.000330725 -0.000745458 -0.000340532 1.66259e-06
internal_weight=8597 8493 1768 6725 1638 1331 443 888 780 307 209 511 401 6618
internal_count=8597 8493 1768 6725 1638 1331 443 888 780 307 209 511 401 6618
is_linear=0
shrinkage=0.03


Tree=231
num_leaves=15
num_cat=2
split_feature=24 30 30 30 30 25 24 1 22 25 36 37 30 38
split_gain=0.312247 0.480161 0.544103 1.0277 0.875246 0.707236 0.576409 0.540846 0.577578 0.375397 0.349445 0.349051 0.567164 0.778304
threshold=75.343166666665937 122.50000000000001 71.250000000000014 81.500000000000014 64.050000000000011 0.26235294117647062 46.047166666671409 50.500000000000007 1149.5000000000002 0.34891304347826091 0 1 37.250000000000007 1.4900192924647027
decision_type=8 2 2 2 2 10 10 2 2 10 9 9 2 2
left_child=1 2 4 -4 11 -5 -7 10 -9 -10 -3 -1 -13 -14
right_child=-2 7 3 5 -6 6 -8 8 9 -11 -12 12 13 -15
leaf_value=-0.0008808242576276229 0.00014683941045639607 -0.00061134492593239726 0.002678032436574987 -0.00079779146463720735 -0.0028409116407046497 0.0019513350545968663 -0.00043879241737207892 0.0016358560980106256 0.00083822769809316475 -0.001244062387150948 -0.0019875470524322119 -0.00027443163063298068 -0.00088409989407339773 0.0022944191993639809
leaf_weight=393 4674 414 173 381 115 235 148 146 113 251 308 795 104 208
leaf_count=393 4674 414 173 381 115 235 148 146 113 251 308 795 104 208
internal_value=-1.71697e-05 -0.000219754 1.50494e-05 0.000590143 -0.000318611 0.000117361 0.00102773 -0.000706132 4.1755e-05 -0.000597637 -0.00123442 -0.000125235 0.000149615 0.00123491
internal_weight=8458 3784 2552 937 1615 764 383 1232 510 364 722 1500 1107 312
internal_count=8458 3784 2552 937 1615 764 383 1232 510 364 722 1500 1107 312
cat_boundaries=0 1 2
cat_threshold=20 1631650307
is_linear=0
shrinkage=0.03


Tree=232
num_leaves=15
num_cat=0
split_feature=21 13 0 38 21 24 24 32 38 30 0 38 31 38
split_gain=0.146807 0.65359 0.59135 0.563639 0.531034 0.536803 0.480117 0.434588 0.398531 0.43083 0.381738 0.36603 0.853678 0.490844
threshold=84.38333333333334 1.0000000180025095e-35 11.500000000000002 2.0264323780516458 90.941666666666677 30.008166666670007 120.45833333333286 23.500000000000004 2.0753355868670531 298.60000000000008 3.5000000000000004 1.9090387393945429 2.2745139927365949 1.8587381502079776
decision_type=2 2 2 2 2 10 10 2 2 2 2 2 8 2
left_child=7 2 4 10 -2 -6 -7 8 9 11 -3 13 -13 -1
right_child=1 3 -4 -5 5 6 -8 -9 -10 -11 -12 12 -14 -15
leaf_value=-1.9128389349766715e-05 0.0015880723503426091 -0.0013427635583812827 -0.0024408213426985845 0.0023287910837571806 -0.0025417053963953874 0.00079645855358330072 -0.001123476736316019 -0.0008206785192479473 -0.0017704758226969525 0.0019065208828063665 0.00038566217891161897 -0.00053300342377926764 0.0024141830361362093 -0.0014415326233735526
leaf_weight=3985 119 122 130 129 106 231 238 695 114 107 2005 181 173 231
leaf_count=3985 119 122 130 129 106 231 238 695 114 107 2005 181 173 231
internal_value=-2.65645e-05 0.000139187 -0.000583923 0.000403302 -0.000236089 -0.000613611 -0.000177837 -0.000119622 -1.79247e-05 2.47931e-05 0.000286524 -1.92649e-05 0.000907288 -9.70637e-05
internal_weight=8566 3080 824 2256 694 575 469 5486 4791 4677 2127 4570 354 4216
internal_count=8566 3080 824 2256 694 575 469 5486 4791 4677 2127 4570 354 4216
is_linear=0
shrinkage=0.03


Tree=233
num_leaves=15
num_cat=3
split_feature=24 38 21 24 27 31 31 38 37 24 35 27 38 36
split_gain=0.264703 0.679058 0.540678 0.25249 0.184746 0.367013 0.853367 0.396068 0.310508 0.634523 0.445029 0.448315 0.875043 0.418603
threshold=3.2871666666666903 1.9160984674185728 20.800000000000004 5.7378333333335476 13.999959490740741 0.87253384912959397 0.64149109284001382 1.9813309485638373 0 70.494166666665862 1 13.957795138888892 1.4158772298166811 2
decision_type=8 2 2 8 2 8 10 2 9 10 1 2 2 9
left_child=1 2 -1 -2 8 6 -6 -7 9 -5 11 12 -11 -10
right_child=3 -3 -4 4 5 7 -8 -9 13 10 -12 -13 -14 -15
leaf_value=-0.00045882951388726142 0.0014391298124736005 0.00095547836360281263 -0.0033973868699439871 -0.0010438118684545682 6.2133299155076114e-05 0.00011836634846832948 0.003370857252332481 -0.001729438464923684 -0.0012581459988502816 0.0022202352959546259 -0.00093210953372640929 0.0022276434350414608 -0.0014595930945595539 0.00012630298510262253
leaf_weight=123 110 124 104 820 220 3132 103 108 201 100 180 138 139 2864
leaf_count=123 110 124 104 820 220 3132 103 108 201 100 180 138 139 2864
internal_value=-2.32831e-05 -0.000829872 -0.00180513 1.16045e-05 -8.01174e-06 0.000152908 0.00111724 5.67729e-05 -0.000137088 -0.000509352 0.00026832 0.000843811 8.00841e-05 3.17158e-05
internal_weight=8466 351 227 8115 8005 3563 323 3240 4442 1377 557 377 239 3065
internal_count=8466 351 227 8115 8005 3563 323 3240 4442 1377 557 377 239 3065
cat_boundaries=0 1 2 3
cat_threshold=2223249675 25 32
is_linear=0
shrinkage=0.03


Tree=234
num_leaves=15
num_cat=2
split_feature=5 31 31 23 38 5 27 37 38 27 31 24 37 38
split_gain=0.225994 0.213502 0.258779 0.22203 0.193047 0.154049 0.476239 0.525731 0.912286 0.911796 0.60944 0.474253 0.655965 0.370385
threshold=0.91665000000000008 8.173220338983052 11.800000000000002 194.50000000000003 0.82987787609720332 0.11435000000000002 6.9996585648148155 0 1.5528404793220658 13.999589120370372 1.200840336134454 5.7378333333335476 1 1.7404660920600847
decision_type=2 10 10 2 2 2 2 9 2 2 8 8 9 2
left_child=1 3 -3 4 -1 6 -6 8 -8 -10 -11 -7 -13 -9
right_child=-2 2 -4 -5 5 11 7 13 9 10 -12 12 -14 -15
leaf_value=-0.0013380315661966308 0.0011654521602341998 0.0017819447115790552 -0.00013061964228241281 -0.0011405550241391411 -0.0017280809227271344 -0.0018738003300882613 -0.00029618016178769771 0.00013231707780368519 0.0043749058700519282 -0.00076206310624256726 0.0025028180143409321 0.0020445027212150583 -0.0002343691228850531 -0.0005318213333934084
leaf_weight=106 137 123 132 177 132 149 279 3349 103 100 106 109 2568 976
leaf_count=106 137 123 132 177 132 149 279 3349 103 100 106 109 2568 976
internal_value=-4.3198e-05 -6.28894e-05 0.000791911 -8.96216e-05 -6.63027e-05 -4.91761e-05 5.01564e-05 9.79332e-05 0.000931561 0.00207025 0.000917924 -0.000226505 -0.000134818 -1.7515e-05
internal_weight=8546 8409 255 8154 7977 7871 5045 4913 588 309 206 2826 2677 4325
internal_count=8546 8409 255 8154 7977 7871 5045 4913 588 309 206 2826 2677 4325
cat_boundaries=0 1 2
cat_threshold=137908396 1277165569
is_linear=0
shrinkage=0.03


Tree=235
num_leaves=15
num_cat=3
split_feature=37 1 0 1 36 38 21 32 37 21 25 23 16 23
split_gain=0.27594 0.477387 0.225995 0.227108 0.473624 0.603369 0.587116 0.475076 0.439249 0.429456 0.550854 0.365671 0.417486 0.366095
threshold=0 31.500000000000004 18.500000000000004 29.500000000000004 1 1.7688959066273364 105.61666666666669 24.500000000000004 2 169.03333333333336 0.19000000000000003 148.50000000000003 1.0000000180025095e-35 113.50000000000001
decision_type=9 2 2 2 9 2 2 2 9 2 10 2 2 2
left_child=1 -1 3 4 5 9 -6 -8 11 10 -2 13 -13 -5
right_child=2 -3 -4 8 6 -7 7 -9 -10 -11 -12 12 -14 -15
leaf_value=-0.00047337707442541915 0.0025460146382840269 0.0018649857474907121 -0.0012418604064897854 0.0001640195525015085 0.00022456896885030597 0.0030404410603483327 -0.0014131073592254868 0.00083845493723250296 -0.00036269027503756107 -0.0011766833321461541 0.00020981871475127495 0.0011629055530294149 -0.00096543221341207535 0.0012432576676732615
leaf_weight=135 134 188 134 972 2221 103 385 108 2899 106 282 107 369 399
leaf_count=135 134 188 134 972 2221 103 385 108 2899 106 282 107 369 399
internal_value=1.43942e-05 0.000860995 -1.98998e-05 3.28204e-07 0.000189891 0.0009272 1.66206e-05 -0.000919865 -0.000133037 0.000527982 0.000962343 0.000228149 -0.000487003 0.000478109
internal_weight=8542 323 8219 8085 3339 625 2714 493 4746 522 416 1847 476 1371
internal_count=8542 323 8219 8085 3339 625 2714 493 4746 522 416 1847 476 1371
cat_boundaries=0 1 2 3
cat_threshold=134222976 6 570435840
is_linear=0
shrinkage=0.03


Tree=236
num_leaves=15
num_cat=1
split_feature=30 38 36 24 30 0 30 38 17 23 30 22 26 26
split_gain=0.271595 0.280273 0.290672 0.246589 0.504184 0.545863 0.244475 0.414971 0.459988 0.475897 0.414225 0.601549 0.52327 0.481522
threshold=9.1250000000000018 1.4803169272060004 0 7.486666666665756 31.165000000000003 8.5000000000000018 62.500000000000007 1.5727816242986541 1.0000000180025095e-35 26.500000000000004 38.165000000000006 248.00000000000003 0.04083333333333334 0.051315789473684217
decision_type=2 2 9 8 2 2 2 2 2 2 2 2 8 8
left_child=1 2 -1 4 -2 -6 7 8 9 -5 13 -12 -13 -9
right_child=3 -3 -4 6 5 -7 -8 10 -10 -11 11 12 -14 -15
leaf_value=-0.00091621910419780752 -0.0018765410190757046 0.0021037188386267953 0.000930790304604064 -0.00065894709796610073 -0.0010176641885445306 0.0013887756090023673 -0.0001059374537016549 0.0013396067992539429 -0.001017817754184805 0.00087002724936144273 -6.3142099497781595e-05 0.00099504901102098948 0.0038608254181665622 -0.0012240320323754156
leaf_weight=110 199 101 206 282 197 149 5822 128 315 523 128 109 121 136
leaf_count=110 199 101 206 282 197 149 5822 128 315 523 128 109 121 136
internal_value=-1.8654e-05 0.00072801 0.000288305 -5.70507e-05 -0.000673365 1.8635e-05 -1.26441e-05 0.000299155 -4.59031e-05 0.000334411 0.000920481 0.0015853 0.0025027 1.89444e-05
internal_weight=8526 417 316 8109 545 346 7564 1742 1120 805 622 358 230 264
internal_count=8526 417 316 8109 545 346 7564 1742 1120 805 622 358 230 264
cat_boundaries=0 1
cat_threshold=5
is_linear=0
shrinkage=0.03


Tree=237
num_leaves=15
num_cat=1
split_feature=37 23 24 26 25 23 24 23 23 33 38 38 24 38
split_gain=0.146798 0.458082 0.441836 0.347879 0.271704 0.806179 0.298754 0.273815 0.589785 0.551723 0.529719 0.480625 0.574046 0.455608
threshold=0 96.500000000000014 136.90299999999817 0.039230769230769243 0.17000000000000001 58.500000000000007 29.284500000000993 62.500000000000007 57.500000000000007 1.0000000180025095e-35 1.498919085927511 1.7640522733386785 69.557166666666276 1.3819814147696705
decision_type=9 2 10 8 10 2 10 2 2 2 2 2 10 2
left_child=4 3 -3 -2 5 6 -1 8 10 -9 13 12 -11 -6
right_child=1 2 -4 -5 7 -7 -8 9 -10 11 -12 -13 -14 -15
leaf_value=0.00098835157600286232 0.00018927405743225062 0.00026468969145789742 -0.00225959600694197 -0.00053905282333477204 -0.00020876525377205423 -0.0005902280973791445 0.0032472974239258997 2.8375677771049342e-05 -0.0021597303273025114 -0.00039066472464752079 0.0007204884283692765 -0.00024520461973294845 0.0020531351270241193 -0.0024131149030088084
leaf_weight=102 2147 100 166 814 317 177 109 3345 142 113 399 208 369 115
leaf_count=102 2147 100 166 814 317 177 109 3345 142 113 399 208 369 115
internal_value=4.21823e-05 -0.000117714 -0.00131062 -1.09482e-05 0.000137769 0.000902827 0.0021553 7.87704e-05 -0.000372964 0.000187702 -6.76437e-05 0.000960086 0.00148021 -0.000795571
internal_weight=8623 3227 266 2961 5396 388 211 5008 973 4035 831 690 482 432
internal_count=8623 3227 266 2961 5396 388 211 5008 973 4035 831 690 482 432
cat_boundaries=0 1
cat_threshold=447253646
is_linear=0
shrinkage=0.03


Tree=238
num_leaves=15
num_cat=0
split_feature=30 30 38 30 17 27 24 30 23 1 27 38 38 30
split_gain=0.35257 0.755918 0.594915 0.579454 0.774369 0.495561 0.379969 0.374484 0.335589 0.324495 0.569325 0.546463 0.517784 0.508996
threshold=194.10000000000002 199.10000000000002 1.9712110652960364 160.02500000000003 1.0000000180025095e-35 18.333043981481485 53.570333333333231 153.10000000000002 132.50000000000003 71.500000000000014 30.998709490740744 1.5798365763485347 1.7479928734993464 267.02500000000003
decision_type=2 2 2 2 2 2 10 2 2 2 2 2 2 2
left_child=3 -2 6 7 -5 -6 8 -1 -3 10 12 13 -8 -11
right_child=1 2 -4 4 5 -7 9 -9 -10 11 -12 -13 -14 -15
leaf_value=3.4503956974015526e-05 -0.0026961757352616149 -0.0026785299048167357 0.0019091026812154603 0.00027477849775780025 0.00090316944410184731 0.0036071581995667183 -0.00037553050090672252 -0.0014047068460162596 -0.00032977402032437648 0.0013743893960647348 0.0021684174745818241 -0.0022733458657241911 0.0012727204250838997 -0.001366837352346629
leaf_weight=5172 115 109 114 654 122 122 1170 168 110 119 104 163 201 125
leaf_count=5172 115 109 114 654 122 122 1170 168 110 119 104 163 201 125
internal_value=-9.81848e-06 -0.000324701 -0.000201577 0.000107796 0.000812879 0.00225516 -0.000316102 -1.07746e-05 -0.00149879 -0.000178478 2.84485e-05 -0.000928397 -0.000133883 -2.99276e-05
internal_weight=8568 2330 2215 6238 898 244 2101 5340 219 1882 1475 407 1371 244
internal_count=8568 2330 2215 6238 898 244 2101 5340 219 1882 1475 407 1371 244
is_linear=0
shrinkage=0.03


Tree=239
num_leaves=15
num_cat=1
split_feature=24 31 31 38 25 38 1 37 38 0 17 24 21 38
split_gain=0.254201 0.861227 0.43499 0.377788 0.27246 0.386245 0.294135 0.335061 0.275736 0.444056 0.298797 0.335105 0.292841 0.412071
threshold=3.2871666666666903 1.2508030341587599 1.8322390932420876 2.1192445318435138 0.24195121951219514 2.0264323780516458 99.500000000000014 0 1.8171240342177482 6.5000000000000009 1.0000000180025095e-35 32.396333333334191 121.89166666666668 1.2455941970795092
decision_type=8 8 10 2 10 2 2 9 2 2 2 10 2 2
left_child=1 -1 -3 4 6 8 7 -2 12 -10 11 -11 -6 -14
right_child=3 2 -4 -5 5 -7 -8 -9 9 10 -12 -13 13 -15
leaf_value=-0.0025805207062177624 0.0018359768657236822 0.0018323122334799595 -0.00083290857238823483 -0.0016308912089535673 -1.5721086705119339e-06 0.0018105755949710607 0.0015828552875187128 0.00016693886952830371 -0.001550839398093126 0.001775188735453412 -0.00099410203424462641 -0.00020536916530647565 -0.0009595874307151553 0.0011822895230639173
leaf_weight=139 109 105 116 114 5150 107 186 1279 259 120 186 214 101 405
leaf_count=139 109 105 116 114 5150 107 186 1279 259 120 186 214 101 405
internal_value=4.9975e-05 -0.000730325 0.000433373 8.41072e-05 0.000108197 2.2936e-05 0.000462565 0.000312439 -6.78853e-06 -0.000535939 -3.0441e-05 0.000506209 6.60913e-05 0.000754761
internal_weight=8590 360 221 8230 8116 6542 1574 1388 6435 779 520 334 5656 506
internal_count=8590 360 221 8230 8116 6542 1574 1388 6435 779 520 334 5656 506
cat_boundaries=0 1
cat_threshold=402685952
is_linear=0
shrinkage=0.03


Tree=240
num_leaves=15
num_cat=1
split_feature=32 26 30 38 30 37 38 32 27 0 1 30 28 38
split_gain=0.220732 0.339672 0.54378 0.795676 0.549727 0.535231 0.45707 0.427817 0.400954 0.372042 0.434462 0.365388 0.675897 0.74886
threshold=23.500000000000004 0.039230769230769243 181.10000000000002 1.7365072149904481 162.12500000000003 0 1.4466590556141579 1.5000000000000002 12.998234953703706 6.5000000000000009 102.50000000000001 110.50000000000001 2.1946817129629634 1.4630972320037119
decision_type=2 10 2 2 2 9 2 2 2 2 2 2 2 2
left_child=1 5 4 6 11 7 -4 -1 -9 -10 -11 12 -3 -14
right_child=-2 2 3 -5 -6 -7 -8 8 9 10 -12 -13 13 -15
leaf_value=0.001673491734682637 -0.00028699947486707694 -0.00017484959322683688 -0.0007052080137107074 0.0005871966365536556 0.0021016075024626363 -0.00024694358975032226 -0.0028689984507158832 -0.000635311268381295 0.00096096217922795419 2.9299287331602787e-05 0.0014649526249532674 -0.00085370518657036881 -3.3091180618780036e-05 0.0025573461344560646
leaf_weight=255 1395 1322 169 188 114 1209 183 306 1017 1378 220 400 206 196
leaf_count=255 1395 1322 169 188 114 1209 183 306 1017 1378 220 400 206 196
internal_value=5.82459e-05 0.000125483 -0.000134068 -0.000988544 7.21059e-05 0.000289914 -0.00183013 0.000493502 0.00039218 0.000512414 0.000226949 -3.68221e-05 0.00015271 0.00122991
internal_weight=8558 7163 2778 540 2238 4385 352 3176 2921 2615 1598 2124 1724 402
internal_count=8558 7163 2778 540 2238 4385 352 3176 2921 2615 1598 2124 1724 402
cat_boundaries=0 1
cat_threshold=2162208708
is_linear=0
shrinkage=0.03


Tree=241
num_leaves=15
num_cat=3
split_feature=31 37 30 25 36 22 24 25 24 37 22 38 21 24
split_gain=0.179942 0.491133 0.408043 0.563591 0.31871 0.403344 0.308924 0.254107 0.323775 0.447986 0.445616 0.88935 0.470023 0.425165
threshold=1.0133141338059373 0 38.165000000000006 0.15000000000000005 1 1382.0940000000001 86.438000000000699 0.15000000000000005 46.047166666671409 2 6402.0500000000002 1.9378102363560148 69.241666666666674 30.008166666670007
decision_type=8 9 2 10 9 2 10 10 10 9 2 2 2 10
left_child=1 4 6 -4 -1 -6 -3 -2 9 -9 13 12 -12 -11
right_child=7 2 3 -5 5 -7 -8 8 -10 10 11 -13 -14 -15
leaf_value=-0.001842189273271753 -0.00087193963467143473 0.00022862304109271225 0.0013733334967400879 -0.0010399667155996108 -0.0013204367288271897 0.00049636473445671377 0.0021091450164676642 -0.00088650537048974381 -0.00013675631326636199 0.00040110363240235562 -0.00018853606230830058 0.0015467651439605341 -0.0029893352131434114 0.0015727718014095446
leaf_weight=248 318 228 114 369 240 203 120 234 4780 977 104 124 112 390
leaf_count=248 318 228 114 369 240 203 120 234 4780 977 104 124 112 390
internal_value=-0.000107234 -0.000403017 9.27892e-05 -0.000470368 -0.000986345 -0.000477136 0.000877079 -4.32781e-05 -4.07047e-06 0.000322688 0.000490766 -0.000478278 -0.0016408 0.000735376
internal_weight=8561 1522 831 483 691 443 348 7039 6721 1941 1707 340 216 1367
internal_count=8561 1522 831 483 691 443 348 7039 6721 1941 1707 340 216 1367
cat_boundaries=0 1 2 3
cat_threshold=485498897 16 34611491
is_linear=0
shrinkage=0.03


Tree=242
num_leaves=15
num_cat=1
split_feature=37 22 27 17 38 38 24 38 21 38 25 38 22 22
split_gain=0.271308 0.302525 0.414507 0.205546 0.42061 0.410745 0.417097 0.390785 0.349855 0.286148 0.485622 0.465893 0.441577 0.285842
threshold=0 10085.200000000003 17.003738425925928 1.0000000180025095e-35 1.8838478768404128 1.7808593014450562 323.01733333333749 1.1882665058655446 101.95833333333336 1.337732539115333 0.54110360360360377 1.0678897422188507 409.328125 3884.0117500000001
decision_type=9 2 2 2 2 2 10 2 2 2 10 2 2 2
left_child=1 2 -1 7 5 6 9 8 -2 10 11 -5 -11 -14
right_child=3 -3 -4 4 -6 -7 -8 -9 -10 12 -12 -13 13 -15
leaf_value=0.00030556395869421631 -0.00020157911379917618 -0.00084269104885958848 0.0020876368711746874 -0.00054118673752753007 -0.002024943139514057 0.0013212166948895693 -0.0012951930149515541 0.00015388464378692784 -0.0015363250651742042 0.00070720591522120614 -0.0012174455865001505 0.0017020891352160651 -0.0014470668586175728 0.00022544880542904139
leaf_weight=1735 742 186 126 124 127 140 344 3808 232 190 121 254 348 125
leaf_count=1735 742 186 126 124 127 140 344 3808 232 190 121 254 348 125
internal_value=8.78731e-06 0.000309409 0.00042622 -8.54329e-05 -0.000361455 -0.000233106 -0.000377598 1.67281e-05 -0.000519506 -0.000105952 0.000436699 0.0009662 -0.000514373 -0.00100507
internal_weight=8602 2047 1861 6555 1773 1646 1506 4782 974 1162 499 378 663 473
internal_count=8602 2047 1861 6555 1773 1646 1506 4782 974 1162 499 378 663 473
cat_boundaries=0 1
cat_threshold=422630504
is_linear=0
shrinkage=0.03


Tree=243
num_leaves=15
num_cat=1
split_feature=27 27 25 21 21 38 38 27 31 37 38 22 31 31
split_gain=0.233194 0.286581 0.193118 0.350182 0.189583 0.222643 0.252696 0.770448 0.536566 0.3229 0.317473 0.320391 0.263064 0.566658
threshold=31.328431712962963 30.998709490740744 0.68825910931174106 3.5833333333333335 226.47500000000005 2.151563557723343 1.9090387393945429 13.999473379629633 1.5380656807169777 0 1.8732391241147028 2488.8378750000002 2.894013091257611 3.1562859952622087
decision_type=2 2 10 2 2 2 2 2 8 9 2 2 8 8
left_child=1 2 4 -4 5 6 10 -8 -9 -10 12 -12 -1 -14
right_child=-2 -3 3 -5 -6 -7 7 8 9 -11 11 -13 13 -15
leaf_value=2.5601849327536562e-05 -0.0014393605739818527 0.0015704773945788687 -8.9129038989388696e-05 0.0016490234716672121 0.001209199277481485 -0.0014795630407233786 0.0021328602275893752 -0.0015940395239801084 -0.00036725240533848347 0.0017256564105398895 -0.0022428682862570691 9.1606324006404185e-06 -0.0016420796333301451 -0.00015152812087951089
leaf_weight=5337 104 102 270 170 104 101 186 154 137 117 124 105 279 1295
leaf_count=5337 104 102 270 170 104 101 186 154 137 117 124 105 279 1295
internal_value=-2.74197e-05 -1.01055e-05 -2.93464e-05 0.00058243 -6.32527e-05 -8.01429e-05 -6.18676e-05 0.000532664 -0.000196838 0.000650284 -0.000111329 -0.00121028 -7.49142e-05 -0.000415736
internal_weight=8585 8481 8379 440 7939 7835 7734 594 408 254 7140 229 6911 1574
internal_count=8585 8481 8379 440 7939 7835 7734 594 408 254 7140 229 6911 1574
cat_boundaries=0 1
cat_threshold=8390656
is_linear=0
shrinkage=0.03


Tree=244
num_leaves=15
num_cat=2
split_feature=24 2 31 22 22 31 13 21 21 37 38 37 32 38
split_gain=0.312493 0.305664 0.354521 0.414673 0.575147 0.339365 0.327186 0.860776 0.751361 0.657261 0.527759 0.666197 0.538149 0.374527
threshold=673.12316666666027 1.0000000180025095e-35 1.1585652028159574 1391.0015000000005 855.05000000000007 0.1799720450492425 1.0000000180025095e-35 177.50000000000003 190.00000000000003 0 1.5798365763485347 1 2.5000000000000004 1.400545796532952
decision_type=10 2 10 2 2 8 2 2 2 9 2 9 2 2
left_child=1 5 -3 4 -4 -1 7 9 13 -7 12 -12 -11 -8
right_child=-2 2 3 -5 -6 6 8 -9 -10 10 11 -13 -14 -15
leaf_value=0.0016503192860489854 -0.0013012042220316288 0.0004792860223361376 -0.0008317762986711308 -0.0015066871741360646 0.0014903682637154437 -0.00014920067991457648 0.00016498747903273596 -0.0021068396304232714 0.0018494658790440602 0.0020776071072429077 0.00096122169243719651 0.0034881018005561695 -6.1596121991856366e-05 -0.00038957220146516896
leaf_weight=117 176 264 345 387 133 904 1730 124 169 132 415 124 534 2991
leaf_count=117 176 264 345 387 133 904 1730 124 169 132 415 124 534 2991
internal_value=-5.018e-05 -2.3871e-05 -0.000482994 -0.000776684 -0.000185657 4.77243e-05 2.14006e-05 0.000322284 -0.000115996 0.000465105 0.000919569 0.00162509 0.00036239 -0.000186355
internal_weight=8545 8369 1129 865 478 7240 7123 2233 4890 2109 1205 539 666 4721
internal_count=8545 8369 1129 865 478 7240 7123 2233 4890 2109 1205 539 666 4721
cat_boundaries=0 1 2
cat_threshold=1715505305 2424307712
is_linear=0
shrinkage=0.03


Tree=245
num_leaves=15
num_cat=2
split_feature=28 28 30 37 38 38 17 30 27 23 31 25 21 37
split_gain=0.285389 0.533841 0.402214 0.276749 0.455961 0.44355 0.414602 0.610973 0.799386 0.707865 0.845564 0.558067 0.572012 0.512165
threshold=26.031406250000003 16.50072916666667 184.37500000000003 0 2.0462256237681475 2.0928937732388158 1.0000000180025095e-35 242.05000000000004 11.041359953703706 167.50000000000003 1.6316860465116281 0.65500000000000014 153.0916666666667 1
decision_type=2 2 2 9 2 2 2 2 2 2 10 8 2 9
left_child=1 3 -3 5 -5 6 11 8 -8 10 13 12 -1 -10
right_child=-2 2 -4 4 -6 -7 7 -9 9 -11 -12 -13 -14 -15
leaf_value=0.00027802149431347436 0.0013975482983514666 0.00064063620208762581 -0.0015327385418356977 -0.00021696332856767941 0.0017567937222198334 -0.0017177919220245843 -0.0022173104922295407 -0.0012902155773029593 0.0014784995415247977 -0.001663602020200342 0.0016726711528211704 0.0022709876721637556 0.0024629803774171575 -0.00081879647107702613
leaf_weight=2900 135 100 328 3135 109 105 113 335 110 125 440 144 112 313
leaf_count=2900 135 100 328 3135 109 105 113 335 110 125 440 144 112 313
internal_value=2.91946e-05 7.1217e-06 -0.00102494 6.27473e-05 -0.000150181 0.00020968 0.00025421 -0.000168388 0.00017295 0.00044633 0.00075194 0.000446495 0.000359268 -0.000205795
internal_weight=8504 8369 428 7941 3244 4697 4592 1436 1101 988 863 3156 3012 423
internal_count=8504 8369 428 7941 3244 4697 4592 1436 1101 988 863 3156 3012 423
cat_boundaries=0 1 2
cat_threshold=445943206 268468228
is_linear=0
shrinkage=0.03


Tree=246
num_leaves=15
num_cat=2
split_feature=28 32 21 7 37 0 38 21 30 35 13 38 31 21
split_gain=0.194569 0.374778 0.362864 0.387278 0.319065 0.39969 0.62874 0.459196 0.55858 0.434239 0.370975 0.565835 0.425395 0.933276
threshold=6.3706655092592603 33.500000000000007 73.783333333333346 1.0000000180025095e-35 0 3.5000000000000004 1.5130667082449951 59.833333333333336 172.25000000000003 1 1.0000000180025095e-35 1.395328548669158 1.7085313261190753 98.950000000000017
decision_type=2 2 2 2 9 2 2 2 2 1 2 2 10 2
left_child=1 4 -2 -4 -1 6 -6 8 -7 -9 -11 -12 -13 -14
right_child=2 -3 3 -5 5 7 -8 9 -10 10 11 12 13 -15
leaf_value=0.00028818006023841427 0.00059691452687168217 0.0011771558907544637 0.0010599148672346661 -0.00036271426882065441 0.00031145144426263869 -0.00040384876048551831 -0.002852639307017223 0.00096991968441970371 -0.002489638031210478 -0.00072893973720912595 0.001406375924870895 -0.0006565011828951208 -0.00038497926411306473 0.0021176781036688179
leaf_weight=1207 1161 199 205 1077 100 1909 130 400 123 599 267 637 399 202
leaf_count=1207 1161 199 205 1077 100 1909 130 400 123 599 267 637 399 202
internal_value=-1.38987e-05 -0.000103596 0.000212713 -0.000135227 -0.000146266 -0.000256357 -0.00147695 -0.000195032 -0.000530105 7.688e-05 -9.7048e-05 0.000153804 -0.000116338 0.00045618
internal_weight=8615 6172 2443 1282 5973 4766 230 4536 2032 2504 2104 1505 1238 601
internal_count=8615 6172 2443 1282 5973 4766 230 4536 2032 2504 2104 1505 1238 601
cat_boundaries=0 1 2
cat_threshold=237015520 6
is_linear=0
shrinkage=0.03


Tree=247
num_leaves=15
num_cat=0
split_feature=38 30 23 22 23 1 28 22 28 1 38 13 29 24
split_gain=0.226525 0.8565 0.689179 0.341816 0.243093 0.385901 0.312175 0.362301 0.854809 0.748381 0.455086 0.348698 0.495463 0.636832
threshold=2.0146308851687151 156.25000000000003 96.500000000000014 10928.000000000002 118.50000000000001 1.0000000180025095e-35 0.783269675925926 1443.4020000000003 5.5188368055555559 26.500000000000004 1.5130667082449951 0.50000000000000011 3.5000000000000004 260.24633333333367
decision_type=2 2 2 2 2 2 2 2 2 2 2 2 2 10
left_child=3 2 -2 4 -1 -6 11 9 -9 -8 -11 12 13 -7
right_child=1 -3 -4 -5 5 6 7 8 -10 10 -12 -13 -14 -15
leaf_value=-7.5537574176459191e-05 0.0012877939689073668 0.0026169432257469611 -0.0020704020144185053 -0.0015469534532167016 0.0018280004828905118 -0.00017043921689925901 -0.00066278840277681319 0.001738768623220102 -0.00046841538884842776 0.0011828458968776775 0.0036988687186131197 -0.0011800007754095257 -0.0015899483856253115 0.0019967067553030358
leaf_weight=5788 110 139 110 126 138 393 127 218 573 174 103 249 124 177
leaf_count=5788 110 139 110 126 138 393 127 218 573 174 103 249 124 177
internal_value=3.58568e-05 0.000773449 -0.000391304 3.52518e-06 2.77514e-05 0.000290421 0.000191176 0.0005132 0.000139886 0.00124412 0.00211841 -0.000216903 0.000128647 0.000502517
internal_weight=8549 359 220 8190 8064 2276 2138 1195 791 404 277 943 694 570
internal_count=8549 359 220 8190 8064 2276 2138 1195 791 404 277 943 694 570
is_linear=0
shrinkage=0.03


Tree=248
num_leaves=15
num_cat=0
split_feature=30 30 23 17 1 25 28 27 30 5 22 1 25 5
split_gain=0.248048 0.530403 0.351931 0.853543 0.517067 0.688813 0.616326 0.823053 0.494556 0.471273 0.507822 0.393783 0.47117 0.384725
threshold=180.25000000000003 175.10000000000002 114.50000000000001 1.5000000000000002 64.500000000000014 0.40833333333333338 0.62855902777777783 29.853153935185187 293.37500000000006 0.15470000000000003 1459.6446250000004 42.500000000000007 0.59003601440576248 0.15470000000000003
decision_type=2 2 2 2 2 10 2 2 2 2 2 2 10 2
left_child=1 -1 3 11 5 -4 -7 8 -8 -6 -11 12 -2 -13
right_child=2 -3 4 -5 9 6 7 -9 -10 10 -12 13 -14 -15
leaf_value=-1.6824839925572053e-05 -0.0017810602474696556 0.0019663930894251191 -0.0014178582973911446 0.001527519346141129 -0.0021158524016833065 -0.00043570463784458284 0.0012309712173366131 0.0031456535124265018 -0.001089456704262968 0.001569143662448315 -0.0011708433592432974 0.00065447549047114857 0.00043737241601133172 -0.0010873140550078824
leaf_weight=5720 555 124 163 139 168 281 294 155 115 102 151 210 102 250
leaf_count=5720 555 124 163 139 168 281 294 155 115 102 151 210 102 250
internal_value=-8.44065e-05 2.52558e-05 -0.00032309 -0.000689443 -1.08992e-06 0.000367709 0.000712144 0.00128403 0.000578528 -0.000884104 -6.61846e-05 -0.000965322 -0.00143665 -0.000292149
internal_weight=8529 5844 2685 1256 1429 1008 845 564 409 421 253 1117 657 460
internal_count=8529 5844 2685 1256 1429 1008 845 564 409 421 253 1117 657 460
is_linear=0
shrinkage=0.03


Tree=249
num_leaves=15
num_cat=3
split_feature=22 0 27 17 37 23 36 23 32 27 17 17 36 23
split_gain=0.383057 0.285499 0.284602 0.302454 0.333276 0.461454 0.934013 0.54269 0.420682 0.604877 0.227032 0.192954 0.391888 0.20967
threshold=10085.200000000003 8.5000000000000018 6.9996585648148155 3.5000000000000004 0 122.50000000000001 1 90.500000000000014 6.5000000000000009 13.999508101851854 2.5000000000000004 1.0000000180025095e-35 2 147.50000000000003
decision_type=2 2 2 2 9 2 9 2 2 2 2 2 9 2
left_child=2 -2 -1 4 5 6 7 -4 9 -8 -6 12 13 -7
right_child=1 -3 3 -5 10 11 8 -9 -10 -11 -12 -13 -14 -15
leaf_value=-0.0010846707514272286 -0.0002751285805425141 -0.0020999914226880255 0.0013161513245521256 0.0015894093200898704 -8.5283083112389407e-06 -0.0014120688927930973 -0.00086812846601100227 0.0042008991396733529 -0.0014369218749498282 0.0018804344253871464 -0.0013766742959568227 -0.00084455727734901182 0.0016183907890678451 0.00029188064442548368
leaf_weight=195 192 129 130 117 6587 106 123 107 109 174 111 203 124 168
leaf_count=195 192 129 130 117 6587 106 123 107 109 174 111 203 124 168
internal_value=8.26854e-06 -0.00100848 4.78103e-05 7.52125e-05 5.29056e-05 0.000501725 0.00106437 0.00251253 0.000153344 0.000742141 -3.11549e-05 -9.1887e-05 0.000292013 -0.000354378
internal_weight=8575 321 8254 8059 7942 1244 643 237 406 297 6698 601 398 274
internal_count=8575 321 8254 8059 7942 1244 643 237 406 297 6698 601 398 274
cat_boundaries=0 1 2 3
cat_threshold=1478493312 1 33
is_linear=0
shrinkage=0.03


Tree=250
num_leaves=15
num_cat=3
split_feature=21 21 28 14 37 0 0 37 32 28 23 32 31 35
split_gain=0.309426 0.388742 0.549664 0.362502 0.905549 0.82731 0.613894 0.372729 0.384936 0.417724 0.339827 0.334196 0.331282 0.515326
threshold=49.583333333333336 59.833333333333336 2.0209432870370372 2.5000000000000004 0 9.5000000000000018 15.500000000000002 1 23.500000000000004 4.0796238425925937 96.500000000000014 5.5000000000000009 5.3583467094703057 2
decision_type=2 2 2 2 9 2 2 9 2 2 2 2 10 1
left_child=3 2 -2 6 5 -5 7 8 9 11 -4 -1 13 -6
right_child=1 -3 10 4 12 -7 -8 -9 -10 -11 -12 -13 -14 -15
leaf_value=0.0010188352054602927 -0.0017239639432406295 -7.4097449564196829e-05 0.0007619478156161829 0.00062695835503499679 -0.000231562055496007 0.0035156638706338745 -0.002227561593282263 -0.00041398556125701847 -0.00093914867935738719 0.0017141709943192408 -0.0010327937681396525 -0.00037543173272661898 -0.00089968279154987226 0.0014447649416410456
leaf_weight=289 330 4630 209 205 433 158 111 798 153 255 174 333 233 256
leaf_count=289 330 4630 209 205 433 158 111 798 153 255 174 333 233 256
internal_value=-3.44635e-05 -0.000174516 -0.000826602 0.000197639 0.000588405 0.00183378 -6.1326e-05 7.02123e-05 0.000445047 0.000691606 -5.34178e-05 0.000272387 7.73599e-05 0.00040889
internal_weight=8567 5343 713 3224 1285 363 1939 1828 1030 877 383 622 922 689
internal_count=8567 5343 713 3224 1285 363 1939 1828 1030 877 383 622 922 689
cat_boundaries=0 1 2 3
cat_threshold=12075203 291560205 5
is_linear=0
shrinkage=0.03


Tree=251
num_leaves=15
num_cat=0
split_feature=2 25 26 22 30 5 1 28 27 30 30 0 30 31
split_gain=0.138235 0.283814 0.260139 0.313705 0.27825 0.276281 0.229272 0.214828 0.651272 0.469106 0.389552 0.421486 0.41685 1.29359
threshold=1.0000000180025095e-35 0.61769230769230787 1.0000000180025095e-35 1443.4020000000003 105.50000000000001 0.060650000000000003 52.500000000000007 0.89800347222222232 8.9999189814814837 304.85000000000008 242.05000000000004 6.5000000000000009 205.07500000000002 2.4757543249946594
decision_type=2 10 10 2 2 2 2 2 2 2 2 2 2 10
left_child=7 2 6 4 -4 -5 -2 9 -9 10 12 -12 -1 -14
right_child=1 -3 3 5 -6 -7 -8 8 -10 -11 11 -13 13 -15
leaf_value=0.00016323982108356876 -0.00010485364201556734 -0.0015311288203984656 -0.00030331493708003748 -0.0003719973664978639 0.0015568299348860117 -0.0020204745771620295 0.0015509720356192995 -0.0021975832444513796 -1.4510736067213487e-05 0.0021676377054526035 -0.0018669912442315501 0.00029856037908197877 0.0027498995474150487 -0.0012619691594726347
leaf_weight=3367 167 141 238 248 104 145 137 128 3142 109 168 156 201 113
leaf_count=3367 167 141 238 248 104 145 137 128 3142 109 168 156 201 113
internal_value=3.33543e-05 -0.000268152 -9.67567e-05 -0.000402045 0.000262343 -0.000980214 0.000641357 8.15365e-05 -9.99643e-05 0.000225802 0.000172953 -0.000824318 0.000260732 0.00130614
internal_weight=8564 1180 1039 735 342 393 304 7384 3270 4114 4005 324 3681 314
internal_count=8564 1180 1039 735 342 393 304 7384 3270 4114 4005 324 3681 314
is_linear=0
shrinkage=0.03


Tree=252
num_leaves=15
num_cat=2
split_feature=22 36 37 1 31 27 27 0 1 1 25 23 27 27
split_gain=0.318745 0.32343 0.29829 0.800637 0.544726 0.670728 0.54532 0.330188 0.356612 0.337837 0.329515 0.300199 0.213539 0.445075
threshold=9979.5000000000018 0 1 21.500000000000004 2.6781286894923264 13.999519675925926 13.999855324074074 10.500000000000002 27.500000000000004 52.500000000000007 0.37750000000000006 13.500000000000002 30.512980324074078 30.998680555555559
decision_type=2 9 9 2 10 2 2 2 2 2 10 2 2 2
left_child=2 -2 12 4 5 -4 -7 8 -5 -9 -10 -8 -1 -14
right_child=1 -3 3 7 -6 6 11 9 10 -11 -12 -13 13 -15
leaf_value=0.00026876314068826837 -0.0018284301672006251 2.9129578189840957e-05 0.0024723134949362199 -0.0024970816242225143 -0.0010439360238554288 -0.0011470512929728862 0.00026225603275233876 0.0012185831261100248 -0.00021983534031382702 -0.00053719616303472622 -0.0014205086500976934 0.0023202266711489978 -0.0011614521819617639 0.00066530547589654064
leaf_weight=5568 147 191 190 115 146 147 150 150 497 288 351 111 282 209
leaf_count=5568 147 191 190 115 146 147 150 150 497 288 351 111 282 209
internal_value=7.08768e-05 -0.000831978 0.000108074 -0.000195524 0.000598914 0.00100001 0.00031438 -0.000618805 -0.000929409 6.40981e-05 -0.000716812 0.00113748 0.00021552 -0.000383871
internal_weight=8542 338 8204 2145 744 598 408 1401 963 438 848 261 6059 491
internal_count=8542 338 8204 2145 744 598 408 1401 963 438 848 261 6059 491
cat_boundaries=0 1 2
cat_threshold=19 2608114786
is_linear=0
shrinkage=0.03


Tree=253
num_leaves=15
num_cat=2
split_feature=28 24 21 38 38 31 1 25 38 37 28 37 21 23
split_gain=0.172841 0.451893 0.192176 0.182236 0.179411 0.536946 0.644626 0.315886 0.306932 0.272693 0.37795 0.354246 0.626237 0.573263
threshold=21.930173611111112 215.06666666666862 210.14166666666671 2.151563557723343 1.9090387393945429 1.200840336134454 90.500000000000014 0.45972972972972981 1.8780594679001184 0 1.8198611111111114 1 13.833333333333334 160.50000000000003
decision_type=2 10 2 2 2 8 2 10 2 9 2 9 2 2
left_child=2 -2 3 4 8 -6 7 -7 9 -1 -11 -12 -13 -14
right_child=1 -3 -4 -5 5 6 -8 -9 -10 10 11 12 13 -15
leaf_value=-0.00041563816652967489 -0.00074842727887076564 0.0017016607770852432 0.001033719602895997 -0.0013345104694772181 -0.0011540473139491573 0.00093528587157916594 0.0030054898978477077 -0.00097143837471345539 -0.0012522199675440787 0.00024948229866102525 0.00070702029686519653 -0.0025122275657784672 -0.00045347227479803997 0.0010061102778584298
leaf_weight=1526 114 167 145 101 145 249 105 114 200 3218 302 117 1793 280
leaf_count=1526 114 167 145 101 145 249 105 114 200 3218 302 117 1793 280
internal_value=-2.40664e-05 0.000707675 -4.88547e-05 -6.81152e-05 -5.22243e-05 0.00044108 0.000935296 0.00033648 -9.28907e-05 -6.08473e-05 3.46379e-05 -0.000242659 -0.000375134 -0.000256327
internal_weight=8576 281 8295 8150 8049 613 468 363 7436 7236 5710 2492 2190 2073
internal_count=8576 281 8295 8150 8049 613 468 363 7436 7236 5710 2492 2190 2073
cat_boundaries=0 1 2
cat_threshold=1881489709 41943056
is_linear=0
shrinkage=0.03


Tree=254
num_leaves=15
num_cat=3
split_feature=24 30 21 24 36 27 27 30 37 38 23 27 38 35
split_gain=0.273218 0.699642 0.288098 0.200703 0.497099 0.382923 0.801289 0.377341 0.397619 0.355328 0.321646 0.298417 0.765253 0.450214
threshold=3.2871666666666903 71.250000000000014 13.833333333333334 185.87033333333386 0 29.99902777777778 28.07513888888889 314.05000000000007 1 1.7927306841251844 103.50000000000001 29.624641203703707 1.6402695526308433 2
decision_type=8 2 2 8 9 2 2 2 9 2 2 2 2 1
left_child=1 2 -1 5 10 6 7 8 9 -2 -5 13 -13 -6
right_child=3 -3 -4 4 11 -7 -8 -9 -10 -11 -12 12 -14 -15
leaf_value=-0.0027989960838869692 0.0004297012053013085 0.0013284764410927891 -0.00074844402428322909 -0.0019622383311257829 0.00097080668335026402 -0.001051553234324171 0.0021567655165093918 -0.0015865849434313448 -2.9511483187093522e-05 0.0021871488748795606 9.8012693290884536e-05 0.0013580629709825445 -0.00092523064493580753 -0.00035089875689613977
leaf_weight=109 1763 100 142 210 258 221 186 110 2912 110 101 393 199 1734
leaf_count=109 1763 100 142 210 258 221 186 110 2912 110 101 393 199 1734
internal_value=2.61198e-05 -0.00079351 -0.00163892 6.12167e-05 -0.000139677 0.000170909 0.00022408 0.000150642 0.000190578 0.000530085 -0.00125287 -8.45563e-07 0.000590537 -0.000176602
internal_weight=8548 351 251 8197 2895 5302 5081 4895 4785 1873 311 2584 592 1992
internal_count=8548 351 251 8197 2895 5302 5081 4895 4785 1873 311 2584 592 1992
cat_boundaries=0 1 2 3
cat_threshold=5 2306345408 1
is_linear=0
shrinkage=0.03


Tree=255
num_leaves=15
num_cat=2
split_feature=27 37 38 26 5 25 35 32 24 24 30 24 30 30
split_gain=0.24895 0.240012 0.260947 0.408889 0.202474 0.313867 0.767457 1.09271 0.363235 0.406464 0.663791 0.61822 0.40527 0.634487
threshold=6.9996585648148155 0 1.5727816242986541 0.020869565217391309 0.11435000000000002 0.57409090909090921 1 20.500000000000004 468.26983333333635 261.88483333332584 160.02500000000003 323.01733333333749 181.10000000000002 170.12500000000003
decision_type=2 9 2 10 2 10 1 2 10 10 2 10 2 2
left_child=-1 2 3 -2 5 8 7 -7 9 12 -11 -12 13 -3
right_child=1 4 -4 -5 -6 6 -8 -9 -10 10 11 -13 -14 -15
leaf_value=-0.0010257837143913848 0.0015135124286419703 6.260120566112495e-05 0.0018642730154873181 -0.0011468611000371831 -0.00017982909912750493 0.0039013123812102197 -0.00012920353998867838 0.00025695310381706804 -0.0011425236448258146 -0.00083765926930732019 0.0035347926592042382 0.00079035548269337807 -0.00059476846314269593 0.0022585312469821091
leaf_weight=199 103 2632 135 105 3024 135 424 164 224 142 104 255 830 124
leaf_count=199 103 2632 135 105 3024 135 424 164 224 142 104 255 830 124
internal_value=2.29546e-05 4.77968e-05 0.000813451 0.000170535 1.41786e-05 0.00013075 0.000709188 0.00184083 3.37399e-05 9.82084e-05 0.000898626 0.0015854 -1.36178e-05 0.000161402
internal_weight=8600 8401 343 208 8058 5034 723 299 4311 4087 501 359 3586 2756
internal_count=8600 8401 343 208 8058 5034 723 299 4311 4087 501 359 3586 2756
cat_boundaries=0 1 2
cat_threshold=135271616 10
is_linear=0
shrinkage=0.03


Tree=256
num_leaves=15
num_cat=0
split_feature=31 31 38 0 27 13 27 38 23 5 24 21 21 38
split_gain=0.233354 0.54281 0.367593 0.437881 0.352158 0.491731 0.446929 0.405351 0.669988 0.536296 0.379872 0.350162 0.377422 0.342984
threshold=2.308391608391609 2.3685450375054251 1.8990975103489247 17.500000000000004 13.957795138888892 0.50000000000000011 12.784461805555557 1.7808593014450562 65.500000000000014 0.5192500000000001 67.346666666667446 120.70833333333334 73.783333333333346 1.7479928734993464
decision_type=8 8 2 2 2 2 2 2 2 2 10 2 2 2
left_child=2 -2 3 4 5 6 11 9 -9 13 -10 12 -1 -6
right_child=1 -3 -4 -5 7 -7 -8 8 10 -11 -12 -13 -14 -15
leaf_value=0.00033448022503258757 -0.0020763928288204678 -0.00012593035930167441 -0.00064429184983044632 -0.001657978835139277 0.0002505094493129988 -0.0021927454569735205 -0.0010961103192421433 0.0033967735251356468 -0.00057463475894986929 0.0020881264576122962 0.0015820216064793594 -0.00087948795238744037 0.0023219811574422887 -0.0014475092461106139
leaf_weight=475 134 3081 518 112 3017 104 260 101 139 140 156 163 105 111
leaf_count=475 134 3081 518 112 3017 104 260 101 139 140 156 163 105 111
internal_value=-4.86572e-06 -0.000207225 0.000115591 0.000196201 0.000239728 -0.000229182 -2.55823e-05 0.000381399 0.00128787 0.000271558 0.000565834 0.00034903 0.000694286 0.000190254
internal_weight=8616 3215 5401 4883 4771 1107 1003 3664 396 3268 295 743 580 3128
internal_count=8616 3215 5401 4883 4771 1107 1003 3664 396 3268 295 743 580 3128
is_linear=0
shrinkage=0.03


Tree=257
num_leaves=15
num_cat=3
split_feature=4 38 1 31 33 37 37 0 38 37 30 26 1 38
split_gain=0.20328 0.30649 0.183115 0.644905 0.564334 0.557115 0.382413 0.355 0.629728 0.348946 0.388619 0.334458 0.33342 0.696402
threshold=1.0000000180025095e-35 1.6171072810437632 97.500000000000014 4.5592757481182318 1.0000000180025095e-35 0 1 3.5000000000000004 1.6035128058913037 2 114.50000000000001 0.05634920634920635 55.500000000000007 1.6526597798703981
decision_type=2 2 2 10 2 9 9 2 2 9 2 10 2 2
left_child=2 -2 6 4 9 -6 12 8 -8 10 -4 -11 13 -1
right_child=1 -3 3 -5 5 -7 7 -9 -10 11 -12 -13 -14 -15
leaf_value=-0.00091398349089007907 0.0018978941254673227 -0.00030757005256600673 -0.00040292440020814812 0.00246413289833177 -0.00030247029763214836 0.0024842808262302667 -1.9132348116502851e-05 0.00011680804715156024 -0.0027972814786239122 -0.00031666048608905548 0.0019776078009170754 -0.0021858754581259138 -0.0017839230859052326 0.0013311296728309517
leaf_weight=463 131 100 136 121 113 147 239 6022 106 411 113 109 177 170
leaf_count=463 131 100 136 121 113 147 239 6022 106 411 113 109 177 170
internal_value=6.52975e-05 0.000943148 4.0945e-05 0.000392393 0.000148778 0.00135703 -1.5369e-05 6.30914e-05 -0.000872709 -0.000259735 0.000651243 -0.000695109 -0.000625167 -0.000311031
internal_weight=8558 231 8327 1150 1029 260 7177 6367 345 769 249 520 810 633
internal_count=8558 231 8327 1150 1029 260 7177 6367 345 769 249 520 810 633
cat_boundaries=0 1 2 3
cat_threshold=2185248768 153456917 2449506304
is_linear=0
shrinkage=0.03


Tree=258
num_leaves=15
num_cat=1
split_feature=31 30 21 38 27 21 21 37 27 26 26 22 13 21
split_gain=0.255344 0.236757 0.294636 0.177619 0.191162 0.234855 0.477214 0.375197 0.346101 0.328548 0.449971 0.531941 0.390818 0.321016
threshold=0.1106014271151886 387.75000000000006 204.83333333333334 0.97146067725200058 30.998709490740744 49.583333333333336 59.833333333333336 0 6.9996585648148155 0.06186224489795919 0.054093567251461992 1382.0940000000001 1.0000000180025095e-35 62.500000000000007
decision_type=8 2 2 2 2 2 2 9 2 10 10 2 2 2
left_child=-1 2 3 -2 5 7 -7 8 -5 10 -9 -12 -11 -8
right_child=1 -3 -4 4 -6 6 13 9 -10 12 11 -13 -14 -15
leaf_value=0.0013433430091507972 -0.00075020384823377972 0.0013743459823254112 -0.0014629037071180601 -0.0018852684153791736 0.00099241445208378496 -0.0008733230413153143 0.0012210663893584455 0.00059784505685720943 -6.0310857482672192e-05 0.002713503309583757 0.00016247498006277501 -0.0023794602763448185 0.00017411448218626903 -8.1331475487223011e-05
leaf_weight=124 292 107 130 102 172 698 178 1177 1126 120 236 108 100 3951
leaf_count=124 292 107 130 102 172 698 178 1177 1126 120 236 108 100 3951
internal_value=-8.19302e-06 -2.79165e-05 -4.58e-05 -2.34969e-05 3.13447e-06 -1.86916e-05 -0.000147829 0.00019126 -0.000210184 0.000472906 0.000318886 -0.000635574 0.00155924 -2.51855e-05
internal_weight=8621 8497 8390 8260 7968 7796 4827 2969 1228 1741 1521 344 220 4129
internal_count=8621 8497 8390 8260 7968 7796 4827 2969 1228 1741 1521 344 220 4129
cat_boundaries=0 1
cat_threshold=3894966408
is_linear=0
shrinkage=0.03


Tree=259
num_leaves=15
num_cat=1
split_feature=37 28 1 22 28 1 1 23 28 31 28 31 23 29
split_gain=0.197463 0.236608 0.446612 0.356191 0.606867 0.473343 0.684224 0.599259 0.509174 0.300171 0.296872 0.221466 0.37132 0.30603
threshold=0 6.5698668981481489 17.500000000000004 3586.807875 13.841597222222225 74.500000000000014 56.500000000000007 94.500000000000014 18.047332175925927 0.28611556982343506 11.174745370370372 0.91867732558139548 68.500000000000014 4.5000000000000009
decision_type=9 2 2 2 2 2 2 2 2 8 2 8 2 2
left_child=-1 9 10 5 -5 6 8 -7 -4 -2 -3 12 -11 -13
right_child=1 2 3 4 -6 7 -8 -9 -10 11 -12 13 -14 -15
leaf_value=0.00025566903983653921 0.0012141313239311178 0.0002836523787500184 0.00020253723874502337 0.0011856858179142529 -0.0017782160778484352 0.0012714289513824041 0.0028522510342201754 -0.0015686738414270494 0.0022963972393578538 -0.00024484133415621885 -0.0013386570793993183 -7.3798278943197398e-05 -0.0020500540394363378 -0.0013030994331483471
leaf_weight=2759 135 183 463 110 143 120 166 151 135 311 228 3275 153 193
leaf_count=2759 135 183 463 110 143 120 166 151 135 311 228 3275 153 193
internal_value=4.74678e-05 -5.25078e-05 0.000244732 0.000519491 -0.000489563 0.000766149 0.00114825 -0.000311064 0.000675231 -0.000176809 -0.000616315 -0.000224565 -0.000840095 -0.000142211
internal_weight=8525 5766 1699 1288 253 1035 764 271 598 4067 411 3932 464 3468
internal_count=8525 5766 1699 1288 253 1035 764 271 598 4067 411 3932 464 3468
cat_boundaries=0 1
cat_threshold=3187676752
is_linear=0
shrinkage=0.03


Tree=260
num_leaves=15
num_cat=0
split_feature=30 1 5 23 24 33 24 24 14 31 1 1 30 17
split_gain=0.295784 0.42749 0.668299 0.604846 0.691311 0.559308 0.753778 1.04095 0.514789 0.547938 0.444183 0.443339 0.364983 0.42236
threshold=121.50000000000001 57.500000000000007 0.63070000000000015 167.50000000000003 231.02700000000507 1.0000000180025095e-35 222.97766666668005 180.65499999999597 2.5000000000000004 1.7497993579454256 73.500000000000014 46.500000000000007 116.50000000000001 1.5000000000000002
decision_type=2 2 2 2 10 2 10 10 2 10 2 2 2 2
left_child=12 2 5 8 -5 6 7 -2 10 -10 -3 -8 13 -1
right_child=1 3 -4 4 -6 -7 11 -9 9 -11 -12 -13 -14 -15
leaf_value=0.00018232657517388618 -0.00042464658492432229 0.0019564138423924429 0.0016469941704223552 0.00046168592931497668 -0.0029409150635155866 -0.0014382767917746088 0.00056704116859166863 -0.0027841675323328342 -0.0022801221410056701 0.00035450692384658326 0.00043269614874294243 -0.0014844454911963961 0.0016340693753453663 -0.00091137947426837016
leaf_weight=3896 1121 261 135 109 106 486 832 198 103 229 506 107 143 346
leaf_count=3896 1121 261 135 109 106 486 832 198 103 229 506 107 143 346
internal_value=-2.88932e-05 -0.000209045 -0.000413689 0.000239334 -0.00121588 -0.000515071 -0.000316365 -0.000778843 0.00052402 -0.000462863 0.000951197 0.000333272 0.00014337 9.31181e-05
internal_weight=8578 4193 2879 1314 215 2744 2258 1319 1099 332 767 939 4385 4242
internal_count=8578 4193 2879 1314 215 2744 2258 1319 1099 332 767 939 4385 4242
is_linear=0
shrinkage=0.03


Tree=261
num_leaves=15
num_cat=4
split_feature=38 27 38 37 37 38 1 38 26 1 27 38 36 37
split_gain=0.206567 0.274337 0.237749 0.452962 0.322498 0.216126 0.190589 0.368021 0.570503 0.358515 0.277163 0.274334 0.463557 0.497081
threshold=0.99992301308194964 13.999982638888889 1.0866750510711922 0 1 1.106773768162655 1.0000000180025095e-35 1.5762844250625376 0.026013513513513518 4.5000000000000009 27.99934027777778 1.3870340210409522 2 3
decision_type=2 2 2 9 9 2 2 2 10 2 2 2 9 9
left_child=1 -1 3 -2 -4 -6 7 8 10 -8 -7 12 -11 -14
right_child=2 -3 4 -5 5 6 9 -9 -10 11 -12 -13 13 -15
leaf_value=-0.00013102078183468708 -0.00077738550751247498 -0.001812497894215459 -0.001455297292874699 0.0016307538909039986 -0.0013874697555659014 0.00012119428544274812 -0.0016593350229285111 0.0015580479462126578 -0.0019293218885355118 -0.0013497641107913258 0.0018823030139929931 -0.0001462001404026505 -0.0014375917011150911 0.00053713623380373594
leaf_weight=244 103 136 134 192 103 367 123 198 106 137 103 4823 114 1689
leaf_count=244 103 136 134 192 103 367 123 198 106 137 103 4823 114 1689
internal_value=-4.90359e-05 -0.000732813 -1.73178e-05 0.000818874 -4.85545e-05 -2.23687e-05 -4.04215e-06 0.000442301 5.87628e-05 -5.4212e-05 0.000507139 -2.50193e-05 0.000276246 0.000405038
internal_weight=8572 380 8192 295 7897 7763 7660 774 576 6886 470 6763 1940 1803
internal_count=8572 380 8192 295 7897 7763 7660 774 576 6886 470 6763 1940 1803
cat_boundaries=0 1 2 3 4
cat_threshold=71303168 267281 3 70779136
is_linear=0
shrinkage=0.03


Tree=262
num_leaves=15
num_cat=1
split_feature=37 30 23 4 22 33 25 1 1 24 30 30 22 24
split_gain=0.229622 0.430531 0.317982 0.224876 0.245749 0.385063 1.03441 0.507264 0.375221 0.433882 0.625512 0.742362 0.398124 0.372699
threshold=0 324.57500000000005 194.50000000000003 1.0000000180025095e-35 1274.8447500000002 1.0000000180025095e-35 0.43223443223443231 65.500000000000014 56.500000000000007 261.88483333332584 175.10000000000002 229.05000000000004 3652.6060000000002 244.63599999999747
decision_type=9 2 2 2 2 2 10 2 2 10 2 2 2 10
left_child=1 2 3 4 13 7 -7 8 9 12 -11 -12 -6 -1
right_child=-2 -3 -4 -5 5 6 -8 -9 -10 10 11 -13 -14 -15
leaf_value=-0.00020595301160233689 0.00013614463250299002 0.0013151915499124047 -0.0014325827661117439 0.0011536001989687161 -0.00013071451675751881 -0.0011517617098288611 0.0024208142554515131 -0.0011538136343523075 0.001845989058338949 -0.0010472887746422299 0.0028173129476866199 0.00016920082378783262 -0.0019009321753478403 -0.0010547615323586868
leaf_weight=2009 3601 168 190 111 471 120 186 349 106 151 158 240 151 606
leaf_count=2009 3601 168 190 111 471 120 186 349 106 151 158 240 151 606
internal_value=-4.6474e-05 -0.000177494 -0.000229587 -0.000180516 -0.000213085 4.3504e-05 0.0010198 -0.000140228 0.000136782 -1.7937e-05 0.000596727 0.00122046 -0.000560462 -0.000402656
internal_weight=8617 5016 4848 4658 4547 1932 306 1626 1277 1171 549 398 622 2615
internal_count=8617 5016 4848 4658 4547 1932 306 1626 1277 1171 549 398 622 2615
cat_boundaries=0 1
cat_threshold=1816766615
is_linear=0
shrinkage=0.03


Tree=263
num_leaves=15
num_cat=2
split_feature=27 27 27 24 23 32 28 37 38 13 38 22 37 1
split_gain=0.197844 0.250152 0.503584 0.476534 0.611825 0.2309 0.221175 0.599422 0.627714 0.93134 0.566457 0.753969 0.548501 0.530852
threshold=31.328431712962963 29.624641203703707 29.998906250000005 194.20583333333272 103.50000000000001 19.500000000000004 0.93167824074074079 0 1.6526597798703981 1.0000000180025095e-35 1.5097173935425452 172.05000000000001 1 18.500000000000004
decision_type=2 2 2 10 2 2 2 9 2 2 2 2 9 2
left_child=1 6 -3 5 -5 -4 7 13 10 -10 -9 -12 -8 -1
right_child=-2 2 3 4 -6 -7 12 8 9 -11 11 -13 -14 -15
leaf_value=0.00061422285904005197 -0.0012577694901126889 0.0024675270311244938 -0.0018113937091298533 -0.0010217463791195769 0.0015743606812043101 0.00015166983231140946 -0.0012766594644807406 0.00064376628412808601 0.003908314391537087 0.00072613270704958359 0.0012770612658669221 -0.0018051654799547915 -2.4477390403374054e-05 -0.00035825978654597683
leaf_weight=674 101 111 112 112 302 104 343 989 116 289 106 219 2930 2017
leaf_count=674 101 111 112 112 302 104 343 989 116 289 106 219 2930 2017
internal_value=6.2108e-05 7.79327e-05 0.000604338 0.000276062 0.000872032 -0.000866215 2.71627e-05 0.000165831 0.000601468 0.00163757 0.000286699 -0.000799885 -0.000159677 -0.000114263
internal_weight=8525 8424 741 630 414 216 7683 4410 1719 405 1314 325 3273 2691
internal_count=8525 8424 741 630 414 216 7683 4410 1719 405 1314 325 3273 2691
cat_boundaries=0 1 2
cat_threshold=834947133 1277202816
is_linear=0
shrinkage=0.03


Tree=264
num_leaves=15
num_cat=2
split_feature=38 36 24 31 38 5 22 5 36 32 24 30 27 22
split_gain=0.319892 0.678832 0.826484 0.688759 0.52672 0.496072 0.445514 0.372188 0.658718 0.432082 0.370318 0.338295 0.658484 1.01697
threshold=1.7404660920600847 0 328.26683333333648 1.200840336134454 1.7688959066273364 0.13810000000000003 1448.9137500000002 0.45800000000000007 1 2.5000000000000004 54.945166666667397 194.10000000000002 27.999803240740743 1980.7027500000002
decision_type=2 9 10 8 2 2 2 2 9 2 8 2 2 2
left_child=11 2 3 -2 -3 10 -7 8 9 -6 -5 12 -1 -14
right_child=1 4 -4 5 7 6 -8 -9 -10 -11 -12 -13 13 -15
leaf_value=0.00010509074486928032 -0.0031777366305571755 -0.0018552722890779157 0.00052024292920371622 -0.00058723851855123235 0.0013032441584518485 -0.0014660449775168673 0.0011295777506061962 -0.0010934082760042914 0.002162036217068355 -0.00039137629064428341 -0.0025562759234758164 -0.00027250815993258061 0.0004274956678273156 0.0039062246687727861
leaf_weight=4292 158 102 269 155 201 100 147 127 187 415 193 1820 264 106
leaf_count=4292 158 102 269 155 201 100 147 127 187 415 193 1820 264 106
internal_value=-2.90209e-05 -0.00035527 -0.00089833 -0.00141703 0.000189397 -0.000949479 7.87183e-05 0.000415687 0.000654361 0.000158995 -0.00167926 7.43603e-05 0.000209774 0.0014241
internal_weight=8536 2054 1022 753 1032 595 247 930 803 616 348 6482 4662 370
internal_count=8536 2054 1022 753 1032 595 247 930 803 616 348 6482 4662 370
cat_boundaries=0 1 2
cat_threshold=48 3
is_linear=0
shrinkage=0.03


Tree=265
num_leaves=15
num_cat=3
split_feature=31 23 27 1 21 37 31 2 37 30 21 30 35 21
split_gain=0.165654 0.351386 0.369727 0.606749 0.358235 0.381602 0.296475 0.263041 0.35827 0.432172 0.574195 0.446168 0.429938 0.61738
threshold=1.0823369463999704 134.50000000000003 18.333043981481485 22.500000000000004 135.20000000000002 0 1.1144551101072844 1.0000000180025095e-35 1 91.500000000000014 48.666666666666679 318.05000000000007 2 11.500000000000002
decision_type=8 2 2 2 2 9 8 2 9 2 2 2 1 2
left_child=1 2 4 -4 5 -1 -2 8 12 10 -10 -11 13 -8
right_child=6 -3 3 -5 -6 -7 7 -9 9 11 -12 -13 -14 -15
leaf_value=0.0013718363692896674 0.0015972004793627867 -0.0016559834594954738 -0.00080632140490171657 0.0022693058910177445 -0.0013725414007383107 -0.00032508815261325419 0.0021763097546239085 -0.00046172381405071983 0.00049529146600506399 -4.1871127301343308e-05 0.0027881753682628819 0.0014846222926600283 -0.0011222991198497321 -0.00027170390432434646
leaf_weight=126 107 156 102 133 253 966 106 934 1001 3242 109 182 431 740
leaf_count=126 107 156 102 133 253 966 106 934 1001 3242 109 182 431 740
internal_value=-3.58911e-05 -0.000297655 -0.000163542 0.000934353 -0.000355367 -0.000119704 3.04287e-05 5.57404e-06 8.06827e-05 0.000205579 0.000720449 3.92684e-05 -0.000361543 3.46121e-05
internal_weight=8588 1736 1580 235 1345 1092 6852 6745 5811 4534 1110 3424 1277 846
internal_count=8588 1736 1580 235 1345 1092 6852 6745 5811 4534 1110 3424 1277 846
cat_boundaries=0 1 2 3
cat_threshold=2148532224 3475243680 26
is_linear=0
shrinkage=0.03


Tree=266
num_leaves=15
num_cat=1
split_feature=24 38 30 30 24 28 27 28 38 5 37 23 24 29
split_gain=0.205027 0.213472 0.480022 0.646521 0.535011 0.503676 0.614988 0.612539 0.393876 0.369389 0.330613 0.288465 0.275977 0.324628
threshold=673.12316666666027 1.7446931160039603 205.07500000000002 242.05000000000004 64.012000000000157 4.1058854166666672 27.999623842592595 0.89800347222222232 1.7220814537618903 0.45800000000000007 0 17.500000000000004 533.18250000001296 4.5000000000000009
decision_type=10 2 2 2 10 2 2 2 2 2 9 2 10 2
left_child=1 8 5 -4 -5 6 7 9 10 -3 11 -1 13 -12
right_child=-2 2 3 4 -6 -7 -8 -9 -10 -11 12 -13 -14 -15
leaf_value=-0.0019943654829141042 -0.0011027926937818278 -0.00011871554485953094 0.002086809631437063 0.0012795598123318934 -0.0013417640531566822 0.001089632715837195 -0.0028693962773275257 -0.0023741892467252909 0.0013552160142349635 -0.0017689039361555063 1.8548137892663121e-05 -1.8197326697409155e-05 -0.0011727384189255312 0.0011662504653289138
leaf_weight=142 173 954 156 116 177 145 115 150 194 140 5572 125 167 231
leaf_count=142 173 954 156 116 177 145 115 150 194 140 5572 125 167 231
internal_value=-8.05158e-05 -5.94216e-05 -0.000334119 0.000526679 -0.00030397 -0.000591099 -0.000770427 -0.00057639 2.4e-05 -0.000329891 -1.74071e-05 -0.00103059 2.95831e-05 6.42347e-05
internal_weight=8557 8384 1953 449 293 1504 1359 1244 6431 1094 6237 267 5970 5803
internal_count=8557 8384 1953 449 293 1504 1359 1244 6431 1094 6237 267 5970 5803
cat_boundaries=0 1
cat_threshold=3674640
is_linear=0
shrinkage=0.03


Tree=267
num_leaves=15
num_cat=0
split_feature=22 31 24 31 7 24 0 23 5 30 28 13 1 1
split_gain=0.575622 0.315274 0.245616 0.400587 0.383374 0.286589 0.567878 0.23724 0.210102 0.310993 0.401909 0.278346 0.485501 0.401199
threshold=10353.798000000001 1.091356184798808 403.83366666667052 1.16811088898138 1.0000000180025095e-35 533.18250000001296 6.5000000000000009 167.50000000000003 0.045000000000000005 262.77500000000003 16.781001157407413 0.50000000000000011 45.500000000000007 41.500000000000007
decision_type=2 10 10 8 2 10 2 2 2 2 2 2 2 2
left_child=2 -2 8 -4 -5 6 -6 -7 -1 10 11 12 -10 -13
right_child=1 -3 3 4 5 7 -8 -9 9 -11 -12 13 -14 -15
leaf_value=0.00010120683461663937 -0.00033688028275425877 -0.0024513419727400804 0.0021573975082920414 0.0018386902443902648 -0.00086737355193446401 -6.7831256619378831e-05 0.0017510817666854044 -0.0018534121378629563 -0.0010375502313824093 0.00070694530849388837 -0.0020689460578203005 0.0018541435382558986 -6.1028576796740821e-05 -0.00011346864221231041
leaf_weight=4701 124 130 116 115 134 179 168 107 705 291 114 126 1309 359
leaf_count=4701 124 130 116 115 134 179 168 107 705 291 114 126 1309 359
internal_value=-1.19937e-05 -0.00141909 3.04329e-05 0.000524059 0.000254546 -5.52776e-05 0.000589251 -0.000735863 -2.27269e-05 -0.000223351 -0.000326955 -0.000247488 -0.00040286 0.000397705
internal_weight=8678 254 8424 819 703 588 302 286 7605 2904 2613 2499 2014 485
internal_count=8678 254 8424 819 703 588 302 286 7605 2904 2613 2499 2014 485
is_linear=0
shrinkage=0.03


Tree=268
num_leaves=15
num_cat=3
split_feature=24 28 17 32 27 35 28 36 37 30 1 27 23 1
split_gain=0.424868 0.333771 0.400026 0.383057 0.341504 0.324705 0.30588 0.385302 0.456986 0.405353 0.288546 0.316997 0.176738 0.47073
threshold=15.979166666666389 15.638628472222225 1.0000000180025095e-35 10.500000000000002 29.616950231481486 0 8.7802893518518541 1 2 71.250000000000014 20.500000000000004 13.999797453703705 77.500000000000014 30.500000000000004
decision_type=8 2 2 2 2 1 2 9 9 2 2 2 2 2
left_child=5 12 3 -3 -5 6 7 -1 -9 10 -10 -12 -2 -14
right_child=1 2 -4 4 -6 -7 -8 8 9 -11 11 -13 13 -15
leaf_value=0.0014167476056438936 0.000231417272447026 0.00048135765246115619 0.00067443006963003422 -0.0023963241580141972 -0.00052191468318216975 -0.0017024036585807619 -0.0018359974529115466 -0.0021468748954388485 -0.0018048833638562689 0.0016765365637606009 0.0013626080161965645 -0.00083279913262027745 -0.00051175963576051344 0.00021770040838477525
leaf_weight=113 3683 108 156 196 158 195 107 103 105 100 101 143 1315 2018
leaf_count=113 3683 108 156 196 158 195 107 103 105 100 101 143 1315 2018
internal_value=-4.57373e-05 2.93059e-05 -0.000639069 -0.00108259 -0.00155972 -0.000638167 -0.000342858 -0.000107764 -0.000437585 -7.24611e-06 -0.000489913 7.59555e-05 8.81792e-05 -7.01004e-05
internal_weight=8601 7634 618 462 354 967 772 665 552 449 349 244 7016 3333
internal_count=8601 7634 618 462 354 967 772 665 552 449 349 244 7016 3333
cat_boundaries=0 1 2 3
cat_threshold=11 1 2550137088
is_linear=0
shrinkage=0.03


Tree=269
num_leaves=15
num_cat=2
split_feature=37 27 31 1 17 0 24 24 37 22 18 29 24 31
split_gain=0.221566 0.46201 0.271451 0.398226 0.273026 0.278993 0.234994 0.230135 0.212468 0.362547 0.280985 0.309731 0.225519 0.411179
threshold=0 12.99934027777778 5.3583467094703057 52.500000000000007 3.5000000000000004 17.500000000000004 82.384499999999989 67.346666666667446 1 316.55000000000007 1.0000000180025095e-35 2.5000000000000004 13.420333333333257 1.6619710735914739
decision_type=9 2 10 2 2 2 10 10 9 2 2 2 8 8
left_child=1 -1 4 -4 5 8 -5 -3 9 -2 12 -12 13 -10
right_child=2 7 3 6 -6 -7 -8 -9 10 -11 11 -13 -14 -15
leaf_value=-0.00091140531334094705 0.0018231746163719252 0.0025949483950354966 -0.0013175078770970381 -0.0006631535968839008 0.0014373863773237516 -0.0013580011077514241 0.00133938948523092 0.00057472510728985061 -0.0018880420147371912 -0.00011167914328481336 -0.0022572956870575947 -3.4695373316749163e-05 8.722745482833012e-06 0.00016766120599640997
leaf_weight=100 149 101 360 107 112 145 104 102 161 210 109 117 6481 192
leaf_count=100 149 101 360 107 112 145 104 102 161 210 109 117 6481 192
internal_value=-5.02306e-05 0.000733454 -7.98162e-05 -0.00071097 -3.29701e-05 -5.47417e-05 0.000323882 0.00157986 -2.92702e-05 0.00067263 -6.58213e-05 -0.00110666 -3.14972e-05 -0.000769926
internal_weight=8550 303 8247 571 7676 7564 211 203 7419 359 7060 226 6834 353
internal_count=8550 303 8247 571 7676 7564 211 203 7419 359 7060 226 6834 353
cat_boundaries=0 1 2
cat_threshold=1090528448 3670016
is_linear=0
shrinkage=0.03


Tree=270
num_leaves=15
num_cat=1
split_feature=31 31 37 28 17 25 31 30 17 5 31 23 23 31
split_gain=0.241875 0.364828 0.540581 0.522346 0.372479 0.282619 0.267716 0.234211 0.359675 0.227571 0.356909 0.668663 0.369134 0.288036
threshold=0.28611556982343506 1.0823369463999704 0 1.1896817129629633 1.0000000180025095e-35 0.32250000000000006 1.1144551101072844 31.165000000000003 1.0000000180025095e-35 0.40835000000000005 3.3396769637489592 115.50000000000001 79.500000000000014 2.308391608391609
decision_type=8 8 9 2 2 8 8 2 2 2 8 2 2 8
left_child=5 2 4 7 -2 -1 -3 -4 -9 13 12 -12 -11 -8
right_child=1 6 3 -5 -6 -7 9 8 -10 10 11 -13 -14 -15
leaf_value=-0.00029723055313051855 -0.00068113618119518694 0.0015096068023783364 -0.0003534592685306081 -0.0010726625378062154 -0.0022862917582895004 0.0016779550413094178 0.00015010174602548746 0.00038788482542054692 0.0024262388165983075 0.00083328944185931473 1.7562790035299258e-05 0.0032475674511266072 -0.00059031798785079762 -0.00027273290961574815
leaf_weight=111 433 110 189 272 186 158 3051 294 106 321 128 105 335 2763
leaf_count=111 433 110 189 272 186 158 3051 294 106 321 128 105 335 2763
internal_value=-2.24221e-05 -5.11398e-05 -0.000478061 1.45252e-05 -0.00114496 0.000862916 4.16011e-05 0.000516835 0.000928049 1.75103e-05 0.000464535 0.00147314 0.000106295 -5.08429e-05
internal_weight=8562 8293 1480 861 619 269 6813 589 400 6703 889 233 656 5814
internal_count=8562 8293 1480 861 619 269 6813 589 400 6703 889 233 656 5814
cat_boundaries=0 1
cat_threshold=12617863
is_linear=0
shrinkage=0.03


Tree=271
num_leaves=15
num_cat=3
split_feature=27 37 36 17 1 6 38 27 31 37 1 6 25 38
split_gain=0.223714 0.241642 0.468641 0.383135 0.279576 0.402376 0.2732 0.322699 0.281963 0.538316 0.381045 0.454242 0.457415 0.325085
threshold=6.9996585648148155 0 1 3.5000000000000004 111.50000000000001 1.0000000180025095e-35 1.1631210325998844 8.999971064814817 1.0823369463999704 2 47.500000000000007 1.0000000180025095e-35 0.22290322580645164 1.7404660920600847
decision_type=2 9 9 2 2 2 2 2 10 9 2 2 10 2
left_child=-1 2 4 6 5 -2 -3 -8 9 -9 13 -12 -13 -11
right_child=1 3 -4 -5 -6 -7 7 8 -10 10 11 12 -14 -15
leaf_value=-0.00090886812444831077 0.00044032560987398024 -0.00043337470531676738 0.0018710121850492622 0.0018348296206523577 0.0016122063686076589 -0.0013804249497554864 0.0012096229722151617 -0.0023453908828933805 0.00015618248228878461 0.0006118483086591305 -0.0018278129892294397 0.0016084201013847419 -0.00086659932158045889 -0.00092697719107589615
leaf_weight=204 370 1038 186 106 103 155 224 100 4924 580 216 102 197 157
leaf_count=204 370 1038 186 106 103 155 224 100 4924 580 216 102 197 157
internal_value=7.28288e-05 9.65065e-05 0.000584624 4.37055e-05 0.000180269 -9.72293e-05 1.85765e-05 9.07497e-05 5.08154e-05 -0.000332933 -0.000152244 -0.000779551 -2.22783e-05 0.000284039
internal_weight=8662 8458 814 7644 628 525 7538 6500 6276 1352 1252 515 299 737
internal_count=8662 8458 814 7644 628 525 7538 6500 6276 1352 1252 515 299 737
cat_boundaries=0 1 2 3
cat_threshold=1227109508 20 32849
is_linear=0
shrinkage=0.03


Tree=272
num_leaves=15
num_cat=2
split_feature=30 35 37 26 23 23 38 27 29 26 24 24 13 30
split_gain=0.366051 0.272412 0.441931 0.45901 0.467843 0.780841 0.765559 0.441993 0.432257 1.04275 0.507629 0.346029 0.330028 0.319026
threshold=249.05000000000004 0 1 0.051315789473684217 134.50000000000003 162.50000000000003 1.8838478768404128 22.999924768518522 3.5000000000000004 1.0000000180025095e-35 182.81433333333351 283.30766666666727 1.0000000180025095e-35 37.250000000000007
decision_type=2 1 9 8 2 2 2 2 2 10 8 10 2 2
left_child=1 2 -1 4 6 7 8 -6 10 -10 -4 -7 -12 -5
right_child=-2 -3 3 13 5 11 -8 -9 9 -11 12 -13 -14 -15
leaf_value=0.0018526521287098223 -0.00052248399851872671 -0.00012305323987017323 0.00052050485899603476 -0.0019841932234521665 0.0038335425382041758 0.0012898085306930756 -0.0016890391455146516 0.0012906412944618253 0.003554905477274013 -0.00051170837195936298 -0.0017476172612915779 -0.00094657778943085347 -0.00015804038863068958 -0.00021975959691917523
leaf_weight=137 1158 3871 1259 128 102 105 191 155 114 113 145 153 621 330
leaf_count=137 1158 3871 1259 128 102 105 191 155 114 113 145 153 621 330
internal_value=-2.63915e-05 5.09893e-05 0.000240279 0.000170395 0.000307732 0.00112946 0.000134506 0.00229989 0.000289167 0.00153056 0.000150009 -3.64206e-05 -0.000458939 -0.000712876
internal_weight=8582 7424 3553 3416 2958 515 2443 257 2252 227 2025 258 766 458
internal_count=8582 7424 3553 3416 2958 515 2443 257 2252 227 2025 258 766 458
cat_boundaries=0 1 2
cat_threshold=24 168296448
is_linear=0
shrinkage=0.03


Tree=273
num_leaves=15
num_cat=0
split_feature=28 24 1 31 31 30 31 24 24 31 25 24 30 24
split_gain=0.225756 0.189256 0.313617 0.246684 0.210737 0.442482 1.01757 0.509607 0.756811 0.405441 1.04333 0.326724 0.274931 0.273102
threshold=25.087922453703708 468.26983333333635 20.500000000000004 2.1326743243938995 1.5004810776138553 53.500000000000007 1.7614762638217427 234.50883333332607 179.81983333332701 1.9617718730540388 0.47913043478260875 3.2871666666666903 28.165000000000003 384.59266666667077
decision_type=2 10 2 8 10 2 10 10 10 10 10 8 2 10
left_child=1 4 -3 -4 11 6 -6 8 -7 10 -9 -1 -8 -11
right_child=-2 2 3 -5 5 7 12 9 -10 13 -12 -13 -14 -15
leaf_value=-0.0013382257002366069 -0.0011627112988451993 -0.001722696952877895 0.0011563076132373644 -0.00057648894851571758 0.0033289944701141022 2.8146216919067047e-05 -0.00040488180142409842 3.9679611355743621e-05 -0.0012841257931049494 0.00057534710529204139 0.0037525860705726038 -9.9864699280414462e-05 0.00094393171562791084 -0.00076878459107082684
leaf_weight=205 161 153 101 276 122 2525 261 165 469 522 116 2966 284 184
leaf_count=205 161 153 101 276 122 2525 261 165 469 522 116 2966 284 184
internal_value=-5.00061e-05 -2.8549e-05 -0.000577163 -0.000112265 8.63806e-06 0.00013728 0.000852383 1.7467e-05 -0.000177417 0.000608634 0.00157241 -0.000179923 0.000297986 0.000225035
internal_weight=8510 8349 530 377 7819 4648 667 3981 2994 987 281 3171 545 706
internal_count=8510 8349 530 377 7819 4648 667 3981 2994 987 281 3171 545 706
is_linear=0
shrinkage=0.03


Tree=274
num_leaves=15
num_cat=0
split_feature=30 27 28 27 30 31 32 31 31 31 31 30 30 21
split_gain=0.155198 0.656509 0.355827 0.292346 0.189876 0.436476 0.220713 0.176904 0.29399 0.268267 0.357922 0.183404 0.295472 0.250365
threshold=309.12500000000006 29.579843750000002 10.284861111111114 30.999247685185189 277.02500000000003 3.3691925433176455 33.500000000000007 9.8538461538461561 6.3930205949656758 5.3583467094703057 4.6669339748730296 260.75000000000006 253.72500000000002 94.083333333333357
decision_type=2 2 2 2 2 10 2 10 10 10 10 2 2 2
left_child=3 2 -2 4 6 -6 7 8 9 10 11 12 -1 -13
right_child=1 -3 -4 -5 5 -7 -8 -9 -10 -11 -12 13 -14 -15
leaf_value=5.3023817312702858e-05 0.00086713991973566692 0.002554090221614941 -0.0011952831390333342 -0.0014973522248879277 -0.0017828419266170971 0.00057430301864559827 0.0012242733251269055 -0.0009192786148057941 0.0013320107460021973 -0.0011263251656611613 0.0018527355309723333 -0.00018115727844124195 -0.0014613884726689212 0.0018713202790316679
leaf_weight=6674 159 115 143 111 155 130 149 163 165 170 101 100 118 115
leaf_count=6674 159 115 143 111 155 130 149 163 165 170 101 100 118 115
internal_value=6.06108e-05 0.000625108 -0.000109438 3.17315e-05 5.28419e-05 -0.000707653 8.07905e-05 5.83899e-05 7.98006e-05 5.14117e-05 7.95793e-05 5.40207e-05 2.67134e-05 0.00091668
internal_weight=8568 417 302 8151 8040 285 7755 7606 7443 7278 7108 7007 6792 215
internal_count=8568 417 302 8151 8040 285 7755 7606 7443 7278 7108 7007 6792 215
is_linear=0
shrinkage=0.03


Tree=275
num_leaves=15
num_cat=2
split_feature=38 37 31 37 30 32 28 30 23 30 30 30 25 1
split_gain=0.257232 0.627426 0.532204 0.611884 0.587386 0.488462 0.535798 0.452567 0.48774 0.510165 0.471372 0.607292 0.423953 0.416411
threshold=1.674253511114981 0 0.64149109284001382 1 265.77500000000003 28.500000000000004 20.991348379629631 249.05000000000004 110.50000000000001 162.12500000000003 121.50000000000001 97.500000000000014 0.34891304347826091 64.500000000000014
decision_type=2 9 10 9 2 2 2 2 2 2 2 2 10 2
left_child=1 13 -2 12 7 6 -3 8 -5 10 11 -10 -4 -1
right_child=2 5 3 4 -6 -7 -8 -9 9 -11 -12 -13 -14 -15
leaf_value=-0.00060165881160265068 -0.0014335561140301162 0.00031041772725761454 0.0023111823875602566 -0.00086084053842406941 0.0013008378769478037 -0.00099030238704675075 0.0018332742761116793 -0.0023682654978973523 -0.00077148775783193811 0.0010354923401634727 -0.0014617632408921229 0.0019862236885530953 1.9937215739504453e-05 0.00039916818411698071
leaf_weight=1444 306 3517 150 830 189 242 221 105 177 353 229 121 141 505
leaf_count=1444 306 3517 150 830 189 242 221 105 177 353 229 121 141 505
internal_value=-9.60116e-06 9.9515e-05 -0.000258332 -0.000101636 -0.000289346 0.000315098 0.000400453 -0.000456529 -0.000339142 0.000152914 -0.000438262 0.000348254 0.00116109 -0.00034059
internal_weight=8530 5929 2601 2295 2004 3980 3738 1815 1710 880 527 298 291 1949
internal_count=8530 5929 2601 2295 2004 3980 3738 1815 1710 880 527 298 291 1949
cat_boundaries=0 1 2
cat_threshold=1232965988 2284847112
is_linear=0
shrinkage=0.03


Tree=276
num_leaves=15
num_cat=0
split_feature=17 6 17 27 24 23 23 38 31 22 2 24 31 26
split_gain=0.200142 0.253834 0.527405 0.500294 0.370576 0.413119 0.42608 0.328899 0.920807 0.326925 0.300757 0.414913 0.390143 0.432924
threshold=3.5000000000000004 1.0000000180025095e-35 1.5000000000000002 8.9101967592592608 973.2273333333527 195.50000000000003 174.00000000000003 1.9090387393945429 1.7085313261190753 1459.6446250000004 1.0000000180025095e-35 13.420333333333257 3.4211241418764309 1.0000000180025095e-35
decision_type=2 2 2 2 8 2 2 2 8 2 2 8 10 10
left_child=1 2 4 -3 5 6 -1 10 -9 -4 11 -5 -13 -14
right_child=-2 3 9 7 -6 -7 -8 8 -10 -11 -12 12 13 -15
leaf_value=0.00014011261567518536 0.0011988746935129165 0.0016438544958829878 -0.0017871410360908492 -0.001604584173092945 0.0019114520302596122 -0.0017402339925860415 0.0015981580158002039 -0.0010333011909990505 0.0020049792071360917 0.00021484789499790285 -0.0011675313807884805 -0.00032679315343757105 -0.00018831417940458301 0.001983114387979731
leaf_weight=4451 125 125 203 194 111 101 188 171 189 115 396 1858 184 150
leaf_count=4451 125 125 203 194 111 101 188 171 189 115 396 1858 184 150
internal_value=7.24355e-06 -1.04134e-05 0.000120414 -0.000217407 0.000198001 0.000157876 0.000199201 -0.000291454 0.000561796 -0.00106315 -0.000401868 -0.000274792 -0.000157101 0.000786878
internal_weight=8561 8436 5169 3267 4851 4740 4639 3142 360 318 2782 2386 2192 334
internal_count=8561 8436 5169 3267 4851 4740 4639 3142 360 318 2782 2386 2192 334
is_linear=0
shrinkage=0.03


Tree=277
num_leaves=15
num_cat=0
split_feature=23 27 38 17 27 27 1 1 7 21 21 31 25 31
split_gain=0.249424 0.478294 0.339095 0.697687 0.291085 0.387292 0.694835 0.336651 0.652237 0.585333 0.448632 0.377879 0.634549 0.30934
threshold=117.50000000000001 30.998709490740744 2.0264323780516458 1.0000000180025095e-35 30.554403935185189 29.853153935185187 32.500000000000007 72.500000000000014 1.0000000180025095e-35 64.791666666666671 40.833333333333336 2.2152717697949975 0.51925925925925942 1.548166151126823
decision_type=2 2 2 2 2 2 2 2 2 2 2 10 10 8
left_child=2 4 -1 -4 5 7 -7 8 9 10 -2 13 -13 -9
right_child=1 -3 3 -5 -6 6 -8 11 -10 -11 -12 12 -14 -15
leaf_value=-0.00011914852323661761 0.0018171044940700624 0.0021810597068504553 -0.00060020252635718146 0.0026349213786138422 -0.0013228499418158734 -0.00030646891730344469 0.0031235021539347094 -0.00032247610302088228 1.919743064845111e-06 0.0028220321365591623 -0.0010035736649297178 -0.0010138618206394188 0.0017168604182208785 -0.0025522606330923734
leaf_weight=6000 101 114 119 121 109 102 111 111 1075 161 102 177 135 113
leaf_count=6000 101 114 119 121 109 102 111 111 1075 161 102 177 135 113
internal_value=2.52116e-05 0.000284361 -7.49182e-05 0.00103084 0.000190228 0.000265606 0.00148098 0.00013453 0.000373575 0.00147118 0.000399818 -0.000507234 0.000167701 -0.00144732
internal_weight=8651 2411 6240 240 2297 2188 213 1975 1439 364 203 536 312 224
internal_count=8651 2411 6240 240 2297 2188 213 1975 1439 364 203 536 312 224
is_linear=0
shrinkage=0.03


Tree=278
num_leaves=15
num_cat=3
split_feature=5 30 37 30 35 28 23 27 21 7 1 0 37 1
split_gain=0.402872 0.256082 0.615472 0.612793 0.298638 0.355844 0.276054 0.273039 0.187202 0.516991 0.40738 0.638198 0.55218 0.393119
threshold=0.72080000000000011 30.165000000000003 0 33.250000000000007 1 6.8865509259259268 194.50000000000003 13.999739583333335 120.70833333333334 1.0000000180025095e-35 1.0000000180025095e-35 4.5000000000000009 2 7.5000000000000009
decision_type=2 2 9 2 1 2 2 2 2 2 2 2 9 2
left_child=1 2 7 -3 -4 -6 8 -1 10 -10 11 -5 -13 -12
right_child=-2 3 4 6 5 -7 -8 -9 9 -11 13 12 -14 -15
leaf_value=-0.00052088725905566704 0.0014725533122625415 0.0021221429184399092 0.0015077749924091374 -0.00074071924320812663 -0.00046965535741282501 0.001283872074000244 -0.001307684243709611 -0.002190195047825744 0.0011716195895121648 -0.00050628051479545519 -0.001122230018895664 -0.00020941188207565785 0.0021804314027402002 0.00012421711256243881
leaf_weight=159 176 131 103 155 579 127 132 198 195 1084 239 127 296 4829
leaf_count=159 176 131 103 155 579 127 132 198 195 1084 239 127 296 4829
internal_value=5.21191e-05 2.21938e-05 -0.000390206 8.90911e-05 7.50914e-05 -0.000152065 5.13513e-05 -0.0014073 7.72564e-05 -0.000250463 0.000151495 0.000906075 0.00150951 6.54364e-05
internal_weight=8530 8354 1166 7188 809 706 7057 357 6925 1279 5646 578 423 5068
internal_count=8530 8354 1166 7188 809 706 7057 357 6925 1279 5646 578 423 5068
cat_boundaries=0 1 2 3
cat_threshold=544756290 8 1077968928
is_linear=0
shrinkage=0.03


Tree=279
num_leaves=15
num_cat=1
split_feature=27 31 37 13 32 23 22 38 17 24 30 38 30 27
split_gain=0.259198 0.425427 0.261115 0.624144 0.583635 0.471762 0.202357 0.414476 0.416045 0.569373 0.342776 0.234577 0.298758 0.233694
threshold=6.9996585648148155 0.1106014271151886 0 0.50000000000000011 6.5000000000000009 32.500000000000007 6785.2500000000009 1.3293958961496439 1.0000000180025095e-35 150.92599999999581 180.25000000000003 1.8312435880311198 118.50000000000001 30.201909722222226
decision_type=2 8 9 2 2 2 2 2 2 10 2 2 2 2
left_child=-1 -2 3 4 5 -3 13 -8 9 11 -10 12 -9 -4
right_child=1 2 6 -5 -6 -7 7 8 10 -11 -12 -13 -14 -15
leaf_value=-0.0010921468288593349 0.0018514399028897873 2.9896500278222704e-06 5.8646230841123052e-05 0.0024080811746057069 -0.0012243739103100131 0.0022693940346975249 -0.0018622278013208414 0.00030518611183885582 -1.9088966148230461e-05 0.0023513451870530843 -0.0023928620064146921 0.00096906486810185001 -0.0019425270923686465 -0.00060915815510088575
leaf_weight=189 114 224 6267 134 189 131 160 109 109 102 110 100 104 510
leaf_count=189 114 224 6267 134 189 131 160 109 109 102 110 100 104 510
internal_value=6.48788e-06 3.13165e-05 6.16268e-06 0.000565751 0.000122341 0.000839325 -4.4638e-05 -0.000497816 -0.000153485 0.000404786 -0.0012114 -0.000229556 -0.000792289 8.39092e-06
internal_weight=8552 8363 8249 678 544 355 7571 794 634 415 219 313 213 6777
internal_count=8552 8363 8249 678 544 355 7571 794 634 415 219 313 213 6777
cat_boundaries=0 1
cat_threshold=1227370504
is_linear=0
shrinkage=0.03


Tree=280
num_leaves=15
num_cat=1
split_feature=27 37 13 27 24 27 1 1 1 18 24 24 1 27
split_gain=0.264003 0.323828 0.574267 0.240522 0.452565 0.39493 0.563236 0.337941 0.326039 0.278906 0.49368 0.291196 0.302877 0.409051
threshold=6.9996585648148155 0 1.0000000180025095e-35 30.512980324074078 194.20583333333272 29.616950231481486 27.500000000000004 32.500000000000007 53.500000000000007 1.0000000180025095e-35 170.43233333333259 25.289333333333637 98.500000000000014 13.99992476851852
decision_type=2 9 2 2 10 2 2 2 2 2 8 8 2 2
left_child=-1 2 -2 5 -5 9 -7 -6 -8 11 -11 12 13 -3
right_child=1 3 -4 4 7 6 8 -9 -10 10 -12 -13 -14 -15
leaf_value=-0.0010360217071840323 0.0026302561102519656 -0.00016015176444837806 -0.00035765784138159173 -0.00164287163541983 0.0014566230844457499 -0.00021747404767977281 0.0031762311638290569 -0.00066771319763411481 0.00085575909428169117 0.00056937190263557267 -0.0020811629585199515 0.0001495579327893883 0.00059634670165090425 -0.0014932777515024923
leaf_weight=199 121 605 111 214 113 187 110 167 108 111 147 5841 232 315
leaf_count=199 121 605 111 214 113 187 110 167 108 111 147 5841 232 315
internal_value=4.393e-05 6.95695e-05 0.00115108 3.73249e-05 -0.000604219 7.8769e-05 0.000990469 0.000189608 0.00202664 2.78466e-05 -0.000940817 6.35844e-05 -0.000372328 -0.000616603
internal_weight=8581 8382 232 8150 494 7656 405 280 218 7251 258 6993 1152 920
internal_count=8581 8382 232 8150 494 7656 405 280 218 7251 258 6993 1152 920
cat_boundaries=0 1
cat_threshold=152043584
is_linear=0
shrinkage=0.03


Tree=281
num_leaves=15
num_cat=0
split_feature=2 25 31 31 31 38 38 24 24 28 23 38 27 38
split_gain=0.223819 0.432202 0.395291 0.300343 0.623546 0.347738 0.465005 0.537426 0.6823 0.426102 0.459275 0.43597 0.402012 0.424309
threshold=1.0000000180025095e-35 0.45972972972972981 1.0004392299048519 1.7149703331811961 1.783196239717979 1.395328548669158 1.4734066723957471 261.88483333332584 133.91550000000618 20.070428240740743 163.50000000000003 1.3538264972589615 25.874230324074077 1.3095588702673588
decision_type=2 10 10 8 8 2 2 8 10 2 2 2 2 2
left_child=3 2 -2 -1 -5 9 7 8 -7 10 11 12 13 -6
right_child=1 -3 -4 4 5 6 -8 -9 -10 -11 -12 -13 -14 -15
leaf_value=-0.00010658970129020088 0.0013621772275509197 -0.0010125450944800714 -0.00028069200700207148 0.0020037373587256297 0.00065938737318620361 -0.00041404026575879123 0.00015310670662962539 0.00035362133762211937 -0.0037449947465211151 0.0020791830517181724 0.0017539989150248722 0.0015075627286076326 -0.0010622203236229277 -0.0010653383880228986
leaf_weight=3312 179 496 500 180 591 121 2016 157 102 148 191 186 271 164
leaf_count=3312 179 496 500 180 591 121 2016 157 102 148 191 186 271 164
internal_value=4.54217e-05 -0.000339352 0.000152406 0.000106197 0.000276963 0.000198215 -2.83417e-05 -0.000990973 -0.00193762 0.000548201 0.000386701 0.000171227 -7.10324e-05 0.000284745
internal_weight=8614 1175 679 7439 4127 3947 2396 380 223 1551 1403 1212 1026 755
internal_count=8614 1175 679 7439 4127 3947 2396 380 223 1551 1403 1212 1026 755
is_linear=0
shrinkage=0.03


Tree=282
num_leaves=15
num_cat=0
split_feature=31 17 30 0 27 32 27 38 38 30 26 22 31 17
split_gain=0.25822 0.272307 0.245729 0.240591 0.225799 0.45868 0.345971 0.257013 0.543925 0.438669 0.873709 0.403392 0.557311 0.359402
threshold=0.1106014271151886 3.5000000000000004 387.75000000000006 13.500000000000002 21.280138888888892 6.5000000000000009 20.999826388888895 1.5879594129614791 1.4870774733782286 259.62500000000006 1.0000000180025095e-35 5324.3125000000009 2.4757543249946594 1.0000000180025095e-35
decision_type=8 2 2 2 2 2 2 2 2 2 10 2 10 2
left_child=-1 2 3 4 6 -6 -2 8 -7 11 -11 12 -9 -10
right_child=1 -3 -4 -5 5 7 -8 9 13 10 -12 -13 -14 -15
leaf_value=0.0013516115836321937 3.4511123113724173e-05 0.0013628164771180905 0.0014058043471408437 -0.00067531892622152553 -0.001771356459564699 -0.00022249514787701013 0.0017423350922122528 -1.0125389963877005e-05 0.0020874136045375574 -0.0013337786601941015 0.0025110726377664547 -0.0027422544762562466 -0.0025093600058868322 -0.00012615474957406066
leaf_weight=121 5188 122 101 574 173 1130 109 305 175 110 103 106 109 106
leaf_count=121 5188 122 101 574 173 1130 109 305 175 110 103 106 109 106
internal_value=-2.44001e-05 -4.41953e-05 -6.49041e-05 -8.30455e-05 -3.83955e-05 -0.000285413 6.96542e-05 -0.000165512 7.123e-05 -0.000621231 0.000525469 -0.00109094 -0.000668136 0.0012524
internal_weight=8532 8411 8289 8188 7614 2317 5297 2144 1411 733 213 520 414 281
internal_count=8532 8411 8289 8188 7614 2317 5297 2144 1411 733 213 520 414 281
is_linear=0
shrinkage=0.03


Tree=283
num_leaves=15
num_cat=0
split_feature=24 25 32 22 23 38 38 32 21 25 19 27 38 38
split_gain=0.264831 0.502527 0.20472 0.517878 0.396002 0.328636 0.463991 0.291536 0.281886 0.200422 0.28496 0.243547 0.331354 0.610362
threshold=533.18250000001296 0.51925925925925942 26.500000000000004 1391.0015000000005 190.50000000000003 1.4088524247188714 1.3095588702673588 30.500000000000004 115.93333333333335 0.46863636363636368 1.0000000180025095e-35 27.791093750000005 1.3819814147696705 1.400545796532952
decision_type=10 10 2 2 2 2 2 2 2 8 2 2 2 2
left_child=2 -2 4 5 9 6 7 -4 -5 11 -11 12 -1 -14
right_child=1 -3 3 8 -6 -7 -8 -9 -10 10 -12 -13 13 -15
leaf_value=0.00050749227796112017 0.00050883770051379025 -0.001683317646928236 -0.00081962780711710846 -0.0025243946179536922 0.0014409111791482084 0.0010310824082959674 -0.002097485636341359 0.0012870159741396492 -0.00040860871264475931 0.00023466878074828145 0.0015221646092099233 -0.00050544097122417629 -0.0023477926781365218 -7.2143577990618756e-06
leaf_weight=1167 168 214 113 126 204 218 107 124 103 2276 166 757 104 2798
leaf_count=1167 168 214 113 126 204 218 107 124 103 2276 166 757 104 2798
internal_value=5.30262e-05 -0.000719228 8.87276e-05 -0.000370219 0.000137313 0.000119781 -0.000457729 0.000282582 -0.00157275 0.000100723 0.000322189 -1.1341e-05 8.05818e-05 -9.10945e-05
internal_weight=8645 382 8263 791 7472 562 344 237 229 7268 2442 4826 4069 2902
internal_count=8645 382 8263 791 7472 562 344 237 229 7268 2442 4826 4069 2902
is_linear=0
shrinkage=0.03


Tree=284
num_leaves=15
num_cat=1
split_feature=24 28 1 1 24 1 21 1 24 31 31 37 32 23
split_gain=0.212146 0.165232 0.739957 0.615116 0.257626 0.334933 0.532337 0.700796 0.426147 0.445276 0.586786 0.420514 0.455922 0.368725
threshold=770.65416666668386 20.991348379629631 50.500000000000007 23.500000000000004 179.81983333332701 38.500000000000007 54.166666666666679 10.500000000000002 239.57016666666433 1.6235054850240356 2.3393548387096779 0 18.500000000000004 115.50000000000001
decision_type=10 2 2 2 10 2 2 2 10 10 10 9 2 2
left_child=1 4 3 -3 -1 6 -6 13 -9 -10 -11 12 -7 -8
right_child=-2 2 -4 -5 5 11 7 8 9 10 -12 -13 -14 -15
leaf_value=8.0686355916737969e-05 0.0012591513060803009 6.2822617928031825e-05 -0.0013897209192255458 0.0033739472353173528 -0.0017343694335401787 0.0027343686197751336 6.8130150810296163e-05 -0.0021602216083556414 -0.0021776620485336306 0.0011196550437811725 -0.0013297721673734485 -0.0001906560967840079 5.7726883999842758e-06 0.0019473933066630987
leaf_weight=5655 121 100 103 102 291 105 339 183 104 202 156 883 116 130
leaf_count=5655 121 100 103 102 291 105 339 183 104 202 156 883 116 130
internal_value=1.1866e-05 -5.95447e-06 0.000679618 0.00173478 -3.15669e-05 -0.000284573 -0.000591826 -0.00029337 -0.000934995 -0.000449677 5.23069e-05 0.000106451 0.00124579 0.000589035
internal_weight=8590 8469 305 202 8164 2509 1405 1114 645 462 358 1104 221 469
internal_count=8590 8469 305 202 8164 2509 1405 1114 645 462 358 1104 221 469
cat_boundaries=0 1
cat_threshold=1279262720
is_linear=0
shrinkage=0.03


Tree=285
num_leaves=15
num_cat=1
split_feature=23 23 37 32 1 32 1 27 27 21 27 27 28 31
split_gain=0.260735 0.628788 0.485025 0.502932 0.330166 0.611864 0.532473 0.886012 0.573206 0.715614 0.516579 0.779284 0.586693 0.641821
threshold=74.500000000000014 77.500000000000014 0 8.5000000000000018 1.0000000180025095e-35 18.500000000000004 22.500000000000004 11.479016203703706 25.874230324074077 65.90000000000002 26.353443287037042 30.585781250000004 10.562239583333335 1.9843471045975791
decision_type=2 2 9 2 2 2 2 2 2 2 2 2 2 10
left_child=2 -2 3 -1 5 -3 8 -8 9 -6 -9 12 13 -12
right_child=1 4 -4 -5 6 -7 7 10 -10 -11 11 -13 -14 -15
leaf_value=-0.002126356121644535 0.0023733083560812072 0.0027749323791042492 -1.6005646484547986e-05 -0.00014971561255996794 -0.00067885009106248616 -0.00036291444945770005 0.0028956802821734785 -0.00014707126299243209 -0.0014537213437313982 0.0015854088431074013 0.002278701788948961 -0.00085688656335390222 0.0023107804480106244 -1.2331194919865853e-05
leaf_weight=213 117 116 3932 254 387 108 112 1717 374 186 149 228 258 421
leaf_count=213 117 116 3932 254 387 108 112 1717 374 186 149 228 258 421
internal_value=3.52029e-05 0.000205079 -0.000125946 -0.00102923 0.000142534 0.00126204 7.7093e-05 0.000279702 -0.000540149 5.6145e-05 0.000174044 0.000696161 0.00112381 0.000586553
internal_weight=8572 4173 4399 467 4056 224 3832 2885 947 573 2773 1056 828 570
internal_count=8572 4173 4399 467 4056 224 3832 2885 947 573 2773 1056 828 570
cat_boundaries=0 1
cat_threshold=268437520
is_linear=0
shrinkage=0.03


Tree=286
num_leaves=15
num_cat=1
split_feature=1 37 1 24 24 31 25 25 25 23 23 31 31 24
split_gain=0.242667 0.515173 0.38566 0.331566 0.333817 0.41044 0.327319 0.532486 0.685146 0.241996 0.622364 0.3858 0.552753 0.505753
threshold=72.500000000000014 0 80.500000000000014 403.83366666667052 72.609166666669793 2.7397474403805018 0.22290322580645164 0.49489795918367352 0.56205128205128219 111.50000000000001 98.500000000000014 1.1353641777370593 2.0575120277345413 328.26683333333648
decision_type=2 9 2 10 10 10 10 10 10 2 2 8 10 10
left_child=9 6 -3 4 5 -4 -2 -8 -9 10 -1 -11 13 -13
right_child=1 2 3 -5 -6 -7 7 8 -10 11 -12 12 -14 -15
leaf_value=8.3344434025677303e-05 0.0015648785792711942 -0.0018360616635392502 -0.00057433857361906954 0.00098243734922113905 -0.0012401858577727027 0.0012595317457453346 -0.00097876542362338695 0.0029214862084016202 -0.00023646813601738324 -0.00081901525380089879 -0.0012012167975904676 0.00085573433185539519 0.00016388238954863821 0.0031249814197759737
leaf_weight=4239 166 198 463 137 419 144 244 100 162 217 369 450 1226 110
leaf_count=4239 166 198 463 137 419 144 244 100 162 217 369 450 1226 110
internal_value=1.20004e-05 -0.000274638 -0.000607681 -0.000403775 -0.000588873 -0.000139285 0.000402921 2.96878e-05 0.000968858 0.000100147 -1.95208e-05 0.000375448 0.000520576 0.00130148
internal_weight=8644 2033 1361 1163 1026 607 672 506 262 6611 4608 2003 1786 560
internal_count=8644 2033 1361 1163 1026 607 672 506 262 6611 4608 2003 1786 560
cat_boundaries=0 1
cat_threshold=2355396893
is_linear=0
shrinkage=0.03


Tree=287
num_leaves=15
num_cat=1
split_feature=24 5 27 35 24 24 26 21 1 24 24 27 27 25
split_gain=0.201189 0.353667 0.246038 0.26639 0.151119 0.195892 0.187811 0.161404 0.146411 0.257365 0.566608 0.332053 0.579893 0.31625
threshold=7.486666666665756 0.28990000000000005 17.003738425925928 0 10.720666666667677 17.86833333333605 0.15142857142857144 59.166666666666679 35.500000000000007 415.33983333332935 323.01733333333749 29.5983275462963 24.683640046296301 0.47913043478260875
decision_type=8 2 2 1 8 8 10 2 2 10 8 2 2 10
left_child=1 2 3 -1 -2 7 8 -6 -7 10 -10 12 -11 -12
right_child=4 -3 -4 -5 5 6 -8 -9 9 11 13 -13 -14 -15
leaf_value=0.00044852444792424696 0.00080068939300624402 -0.0019755148804019183 0.0010208034394395963 -0.0011941623838989026 -0.00029627794180722797 -0.00021237928168045555 0.0011141667548328453 -0.0017284263191303534 0.0001143459911779666 0.0018419815721673839 -0.0023338479726389052 0.0020209732323598403 -0.001017580000417573 -0.0005239625353072034
leaf_weight=136 176 137 107 235 187 3661 121 114 2955 109 125 130 154 285
leaf_count=136 176 137 107 235 187 3661 121 114 2955 109 125 130 154 285
internal_value=-0.000108794 -0.000631715 -0.000246567 -0.00061209 -6.86793e-05 -8.81933e-05 -5.82333e-05 -0.000838686 -7.73545e-05 5.4185e-05 -3.06591e-05 0.000780649 0.000167561 -0.00107576
internal_weight=8632 615 478 371 8017 7841 7540 301 7419 3758 3365 393 263 410
internal_count=8632 615 478 371 8017 7841 7540 301 7419 3758 3365 393 263 410
cat_boundaries=0 1
cat_threshold=10
is_linear=0
shrinkage=0.03


Tree=288
num_leaves=15
num_cat=1
split_feature=25 30 5 22 11 11 35 13 22 5 5 27 0 21
split_gain=0.206072 0.374721 0.163625 0.146981 0.419331 0.400323 0.376648 0.357497 0.390059 0.430061 0.390523 0.635935 0.298123 0.799201
threshold=0.91827956989247317 45.050000000000004 0.72080000000000011 1380.1940000000002 1.0000000180025095e-35 1.0000000180025095e-35 0 0.50000000000000011 3478.5500000000006 0.10265000000000002 0.15470000000000003 13.999820601851853 4.5000000000000009 91.916666666666671
decision_type=10 2 2 2 2 2 1 2 2 2 2 2 2 2
left_child=2 -2 3 5 6 -1 7 8 10 -10 11 -5 13 -8
right_child=1 -3 -4 4 -6 -7 12 -9 9 -11 -12 -13 -14 -15
leaf_value=-5.2731806612769904e-05 -0.0021562888912553257 0.00032006049711206879 0.00089363859275870614 -0.002219910953932887 0.0020129486102876916 -0.0014671790497649976 0.0024129034792398718 0.0021988198639331224 0.0021949251443201491 -0.00026108099448987664 0.0014379363066221299 0.00046183784398810064 -0.00020600266786273148 -0.00045987155566042516
leaf_weight=4278 109 111 190 138 105 188 148 116 173 102 104 188 2347 212
leaf_count=4278 109 111 190 138 105 188 148 116 173 102 104 188 2347 212
internal_value=-6.42545e-07 -0.000906858 2.34095e-05 2.9942e-06 0.000144692 -0.000112274 8.90892e-05 0.000647627 0.000401582 0.00128397 -0.000162737 -0.000673381 -8.23965e-05 0.000721158
internal_weight=8509 220 8289 8099 3633 4466 3528 821 705 275 430 326 2707 360
internal_count=8509 220 8289 8099 3633 4466 3528 821 705 275 430 326 2707 360
cat_boundaries=0 1
cat_threshold=22
is_linear=0
shrinkage=0.03


Tree=289
num_leaves=15
num_cat=2
split_feature=37 27 31 30 31 31 21 21 24 38 1 6 35 1
split_gain=0.259684 0.249525 0.275913 0.228142 0.164613 0.169144 0.33973 0.443689 0.376667 0.317609 0.327753 0.227303 0.724076 0.502573
threshold=0 11.041359953703706 1.5004810776138553 25.250000000000004 0.1106014271151886 0.62923872590659724 98.950000000000017 64.791666666666671 54.945166666667397 1.6140261555670661 47.500000000000007 2.5000000000000004 1 78.500000000000014
decision_type=9 2 8 2 8 10 2 2 10 2 2 2 1 2
left_child=1 -1 3 -3 -2 6 7 8 9 10 -6 -7 -13 -14
right_child=4 2 -4 -5 5 11 -8 -9 -10 -11 -12 12 13 -15
leaf_value=-0.0018255670817670206 0.0011971519847662703 -4.5285560634164578e-05 0.00071900034326524156 -0.0018849930745095777 0.0017057943409781728 -1.198078621007499e-05 -0.0013434477585988426 0.0016343883772452291 -0.0020545992777120359 -0.0011151612937966412 -0.00043279741434358024 -0.00040508350711371304 0.0034264372428879138 0.00076276579721888996
leaf_weight=131 103 126 146 117 128 6506 248 117 101 148 130 305 102 170
leaf_count=131 103 126 146 117 128 6506 248 117 101 148 130 305 102 170
internal_value=-3.68305e-05 -0.000680048 -0.000311764 -0.000931071 5.51477e-06 -9.90742e-06 -0.000404165 -3.08605e-05 -0.000415149 -7.30507e-06 0.000628209 3.86303e-05 0.000609299 0.00169917
internal_weight=8578 520 389 243 8058 7955 872 624 507 406 258 7083 577 272
internal_count=8578 520 389 243 8058 7955 872 624 507 406 258 7083 577 272
cat_boundaries=0 1 2
cat_threshold=1074339863 19
is_linear=0
shrinkage=0.03


Tree=290
num_leaves=15
num_cat=0
split_feature=23 17 28 23 29 1 21 5 28 21 38 25 27 1
split_gain=0.238166 0.389332 1.48516 0.520591 0.557615 0.362188 0.483713 0.416411 0.361321 0.358139 0.321174 0.940268 0.444269 0.423173
threshold=74.500000000000014 1.0000000180025095e-35 13.914479166666668 103.50000000000001 2.5000000000000004 20.500000000000004 74.166666666666671 0.23305000000000003 15.638628472222225 6.166666666666667 1.2886957191617412 0.5594117647058825 13.999982638888889 80.500000000000014
decision_type=2 2 2 2 2 2 2 2 2 2 2 10 2 2
left_child=8 9 3 4 -3 -5 -7 -8 -1 -2 11 -11 -12 -14
right_child=1 2 -4 5 -6 6 7 -9 -10 10 12 -13 13 -15
leaf_value=-0.00010852489119540562 0.002074736681897775 -0.0011404118045068505 0.0024944505191677687 -0.0023934447726234793 0.0014985899601391605 -0.0016035094602222257 0.00098137303255498411 -0.0011240400449417892 -0.0015649509126373197 -0.0014309340927015136 2.1410159179632739e-05 0.0010624112137765139 0.00060978440707102656 0.0021978320577957975
leaf_weight=4281 104 123 152 150 174 317 186 155 159 318 1127 238 938 180
leaf_count=4281 104 123 152 150 174 317 186 155 159 318 1127 238 938 180
internal_value=-7.8465e-06 0.000155196 -0.000285903 -0.000668358 0.00040567 -0.00106314 -0.000759883 2.43671e-05 -0.000160681 0.000346061 0.000281876 -0.000363639 0.000441745 0.000865463
internal_weight=8602 4162 1257 1105 297 808 658 341 4440 2905 2801 556 2245 1118
internal_count=8602 4162 1257 1105 297 808 658 341 4440 2905 2801 556 2245 1118
is_linear=0
shrinkage=0.03


Tree=291
num_leaves=15
num_cat=3
split_feature=28 31 24 1 37 37 1 0 28 37 1 30 30 30
split_gain=0.245601 0.222948 0.336688 0.21048 0.42597 0.413204 0.398178 0.334606 0.497532 0.442187 0.459711 0.443989 0.508238 0.427934
threshold=26.983998842592595 39.044334975369473 2.6950000000000736 35.500000000000007 0 1 52.500000000000007 3.5000000000000004 1.6925868055555557 2 33.500000000000007 111.50000000000001 264.02500000000003 222.10000000000002
decision_type=2 8 10 2 9 9 2 2 2 9 2 2 2 2
left_child=1 3 -3 4 -1 6 -5 8 -6 10 11 -9 13 -13
right_child=-2 2 -4 5 7 -7 -8 9 -10 -11 -12 12 -14 -15
leaf_value=0.001584718042718939 -0.0014438099378021433 -0.00023021752926370671 -0.0022779415739414346 0.00060499114110072858 -0.0022521003569357183 0.00021863790723421089 -0.0012245033035888692 0.00053899758820285051 0.00037638289297599559 -0.0010007618356723384 -0.0016785217933083542 -0.00018706012828129741 0.00079772286683520556 -0.0013595014145220176
leaf_weight=107 120 254 101 151 172 3617 368 1038 104 494 147 1164 350 369
leaf_count=107 120 254 101 151 172 3617 368 1038 104 494 147 1164 350 369
internal_value=-9.61561e-05 -7.69861e-05 -0.000812809 -4.46612e-05 -0.000201431 0.000104869 -0.000679137 -0.000254692 -0.00126166 -0.000177383 -4.14081e-05 4.08382e-05 -0.000233771 -0.000469272
internal_weight=8556 8436 355 8081 3945 4136 519 3838 276 3562 3068 2921 1883 1533
internal_count=8556 8436 355 8081 3945 4136 519 3838 276 3562 3068 2921 1883 1533
cat_boundaries=0 1 2 3
cat_threshold=1052697 9962392 2514520324
is_linear=0
shrinkage=0.03


Tree=292
num_leaves=15
num_cat=1
split_feature=32 22 30 23 27 1 7 23 37 23 23 23 23 38
split_gain=0.244706 0.593621 0.388275 0.256085 0.255612 0.263728 0.602059 0.258164 0.247364 0.25677 0.480063 0.722918 0.358222 0.284146
threshold=26.500000000000004 1642.0350000000003 247.55000000000004 69.500000000000014 30.998680555555559 156.50000000000003 1.0000000180025095e-35 65.500000000000014 0 57.500000000000007 45.500000000000007 50.500000000000007 62.500000000000007 2.0753355868670531
decision_type=2 2 2 2 2 2 2 2 9 2 2 2 2 2
left_child=4 2 3 -2 5 8 -7 -8 -1 10 -10 -12 -11 -14
right_child=1 -3 -4 -5 -6 6 7 -9 9 12 11 -13 13 -15
leaf_value=-0.00060158233266283622 -0.00011888587862035042 -0.0018137269768519454 0.0010532749520747789 -0.0018500377226388081 0.0011983422774805644 -0.0004829094204652522 0.000837745971597649 0.0029619000298239718 0.00012677711774532348 -0.0012598461245891357 0.0028876368308112959 0.00011001168721579794 1.9140118434087081e-05 -0.0014758210233609998
leaf_weight=555 333 219 210 100 176 175 102 104 2162 224 151 191 3778 118
leaf_count=555 333 219 210 100 176 175 102 104 2162 224 151 191 3778 118
internal_value=1.47102e-05 -0.000464746 -5.29554e-06 -0.00051869 6.81346e-05 4.18229e-05 0.000810967 0.00191013 1.00327e-06 5.23208e-05 0.000291988 0.00133639 -9.32138e-05 -2.61385e-05
internal_weight=8598 862 643 433 7736 7560 381 206 7179 6624 2504 342 4120 3896
internal_count=8598 862 643 433 7736 7560 381 206 7179 6624 2504 342 4120 3896
cat_boundaries=0 1
cat_threshold=67900041
is_linear=0
shrinkage=0.03


Tree=293
num_leaves=15
num_cat=0
split_feature=21 17 32 31 21 25 0 28 5 22 30 5 17 32
split_gain=0.194053 0.606594 0.534343 1.00793 0.362584 0.263401 0.298578 0.258874 0.309147 0.445877 0.245705 0.27868 0.472726 0.408605
threshold=114.53333333333335 1.0000000180025095e-35 20.500000000000004 1.200840336134454 117.96666666666668 0.42052631578947369 7.5000000000000009 1.3800347222222225 0.085150000000000017 6861.0000000000009 327.65000000000003 0.15470000000000003 1.5000000000000002 2.5000000000000004
decision_type=2 2 2 10 2 8 2 2 2 2 2 2 2 2
left_child=10 4 3 -3 -2 7 -7 8 9 -6 11 12 -1 -13
right_child=1 2 -4 -5 5 6 -8 -9 -10 -11 -12 13 -14 -15
leaf_value=0.00011164966887150166 0.0014956191381763505 0.00021050541532496289 -0.00035192150105204842 0.0036486048556214788 -0.0012408872193191199 -0.0020665574186425452 -3.0134236201261863e-06 -0.00057387116640563915 0.0017137013517542561 0.0014148544869196484 0.0010925695029342726 0.00048184634564466856 -0.0010597534102914201 -0.00055243045900175709
leaf_weight=4164 115 155 135 152 132 137 117 351 134 100 155 415 335 2003
leaf_count=4164 115 155 135 152 132 137 117 351 134 100 155 415 335 2003
internal_value=-2.24633e-05 0.000284115 0.00122106 0.00191276 -9.72184e-05 -0.000285865 -0.00111603 8.22251e-06 0.00056646 -9.6171e-05 -8.87036e-05 -0.000115174 2.44258e-05 -0.000374918
internal_weight=8600 1528 442 307 1086 971 254 717 366 232 7072 6917 4499 2418
internal_count=8600 1528 442 307 1086 971 254 717 366 232 7072 6917 4499 2418
is_linear=0
shrinkage=0.03


Tree=294
num_leaves=15
num_cat=3
split_feature=28 1 37 22 24 24 24 27 0 37 21 21 23 37
split_gain=0.377534 0.531769 0.769307 0.894321 0.687053 0.500341 0.917059 0.491102 0.525365 0.480233 0.422509 0.440629 0.410118 0.384495
threshold=0.93167824074074079 18.500000000000004 0 643.20000000000016 3.2871666666666903 159.31983333333397 88.281833333336408 30.619351851851857 7.5000000000000009 1 59.833333333333336 118.83333333333336 161.50000000000003 2
decision_type=2 2 9 2 10 10 8 2 2 9 2 2 2 9
left_child=1 5 3 4 -3 6 -1 13 -9 -4 -7 -12 -11 -2
right_child=7 2 9 -5 -6 10 -8 8 -10 12 11 -13 -14 -15
leaf_value=0.00062428195342135605 0.00067017040662532357 -0.0014701937416767966 -0.00098802735028174983 0.0035029771535967785 0.0013462306805953294 -0.001696593094683202 0.003096887329132849 0.0023190993195748885 -0.00049539819203108274 9.9652816192583924e-05 0.00095075050445575461 -0.0012074756730337333 -0.0013394123330766048 -0.00041815168021294409
leaf_weight=671 313 119 576 108 226 111 169 135 107 2073 320 116 195 3252
leaf_count=671 313 119 576 108 226 111 169 135 107 2073 320 116 195 3252
internal_value=-1.12271e-05 0.000169117 -3.82082e-05 0.00109636 0.000374768 0.000661945 0.00112175 -0.000233117 0.00107467 -0.000222 -4.41478e-05 0.000376544 -2.39706e-05 -0.000321892
internal_weight=8491 4684 3297 453 345 1387 840 3807 242 2844 547 436 2268 3565
internal_count=8491 4684 3297 453 345 1387 840 3807 242 2844 547 436 2268 3565
cat_boundaries=0 1 2 3
cat_threshold=136614272 75497535 8388637
is_linear=0
shrinkage=0.03


Tree=295
num_leaves=15
num_cat=1
split_feature=28 0 26 7 28 23 30 36 28 25 21 25 28 28
split_gain=0.215086 0.516809 1.09977 0.395023 0.376914 0.268947 0.296924 0.253438 0.242701 0.497276 0.388915 0.233128 0.322497 0.551185
threshold=9.0992534722222249 4.5000000000000009 1.0000000180025095e-35 1.5000000000000002 9.7827835648148156 24.500000000000004 64.050000000000011 0 6.9605208333333346 0.53518821603927991 61.583333333333336 0.57409090909090921 1.0000000180025095e-35 4.2106828703703707
decision_type=2 2 10 2 2 2 2 9 2 8 2 10 2 2
left_child=8 2 -2 4 -3 -6 -7 -8 11 10 -10 -1 -13 -14
right_child=1 3 -4 -5 5 6 7 -9 9 -11 -12 12 13 -15
leaf_value=0.00018085379821791445 -0.00090028525783424876 -0.0020340726293950791 0.0033856011824953611 -0.0020075390984297531 -0.0014152308996551884 0.0014360071923874783 -0.0014426940902598014 3.6041876002498963e-05 0.0012283335557543567 0.0021353913515128869 -0.00059600842436669725 5.5708393801190092e-05 -0.0021646700203869374 0.00029799924597258943
leaf_weight=5373 113 101 103 130 130 120 109 848 186 165 242 692 186 146
leaf_count=5373 113 101 103 130 130 120 109 848 186 165 242 692 186 146
internal_value=8.28181e-05 -0.00022482 0.00114345 -0.000430346 -0.000273591 -0.000126277 2.93075e-05 -0.000147081 0.000155613 0.000736215 0.000196813 0.000101791 -0.000313057 -0.00108169
internal_weight=8644 1654 216 1438 1308 1207 1077 957 6990 593 428 6397 1024 332
internal_count=8644 1654 216 1438 1308 1207 1077 957 6990 593 428 6397 1024 332
cat_boundaries=0 1
cat_threshold=1
is_linear=0
shrinkage=0.03


Tree=296
num_leaves=15
num_cat=5
split_feature=37 38 36 28 31 36 36 38 0 28 31 26 35 30
split_gain=0.304412 0.473961 0.68497 0.552317 0.811438 0.368788 0.347398 0.367076 0.367629 0.31434 0.27088 0.263928 0.414986 0.407068
threshold=0 1.9035276088006865 1 0.8725925925925927 1.6951526799060435 2 3 1.5368410093463665 7.5000000000000009 2.1521759259259263 6.3930205949656758 0.04083333333333334 4 92.500000000000014
decision_type=9 2 9 2 8 9 9 2 2 2 8 8 1 2
left_child=6 5 -3 4 -4 9 7 -1 -9 -2 -7 -8 -13 -14
right_child=1 2 3 -5 -6 10 11 8 -10 -11 -12 12 13 -15
leaf_value=-0.0018405213208669529 -0.0018333887750751627 -0.0015645515670962796 0.00045181271482450775 -0.0007498588972458881 0.0036660529051576393 -0.00041081679002045909 7.3917174766939545e-05 0.0011388091977731492 -0.0012306514940466609 -0.00015326555557548997 0.00088420869322690344 -0.00094880880645628889 0.0018631761495380354 0.00025778973865010204
leaf_weight=168 302 103 170 105 121 1497 4867 122 114 150 161 109 277 292
leaf_count=168 302 103 170 105 121 1497 4867 122 114 150 161 109 277 292
internal_value=-3.00051e-05 -0.000299518 0.000530804 0.00108785 0.00178832 -0.000497303 8.85474e-05 -0.000750162 -5.7608e-06 -0.00124821 -0.000283354 0.000150895 0.000705702 0.00102137
internal_weight=8558 2609 499 396 291 2110 5949 404 236 452 1658 5545 678 569
internal_count=8558 2609 499 396 291 2110 5949 404 236 452 1658 5545 678 569
cat_boundaries=0 1 2 3 4 5
cat_threshold=2345950672 48 36 1 16
is_linear=0
shrinkage=0.03


Tree=297
num_leaves=15
num_cat=2
split_feature=31 31 31 37 31 31 31 30 31 36 1 27 13 0
split_gain=0.276528 0.639027 0.456145 0.219335 0.403541 0.877399 0.708718 0.568501 1.22547 0.540181 1.00224 0.47398 0.445256 0.361904
threshold=5.1020956475013444 5.6826250000000007 4.6669339748730296 0 2.6228785436617055 1.8322390932420876 1.5004810776138553 71.250000000000014 3.6569070953420728 1 58.500000000000007 13.986660879629632 1.0000000180025095e-35 8.5000000000000018
decision_type=10 10 10 9 8 10 10 2 10 9 2 2 2 2
left_child=2 -2 3 4 5 6 9 11 -9 13 -11 -6 -7 -1
right_child=1 -3 -4 -5 7 12 -8 8 -10 10 -12 -13 -14 -15
leaf_value=0.00032219674918516596 -0.0025773772051591016 -0.00013058031081140359 0.0018439292952713844 -3.3898961689280964e-05 0.0014338553338078782 -0.00040034949260119056 0.0022899944388729905 0.0042575344766082705 -8.5939770337733386e-05 0.0028184033839328102 -0.00072528102052785506 -0.00087041639379021099 -0.0028426450253977295 -0.0013564164849667578
leaf_weight=223 116 559 130 6024 150 156 161 120 114 151 137 173 118 240
leaf_count=223 116 559 130 6024 150 156 161 120 114 151 137 173 118 240
internal_value=3.17458e-05 -0.000551067 8.15621e-05 5.20645e-05 0.000347365 3.65327e-05 0.000483788 0.00101545 0.00214148 9.65717e-05 0.00109468 0.000199679 -0.00145214 -0.000536343
internal_weight=8572 675 7897 7767 1743 1186 912 557 234 751 288 323 274 463
internal_count=8572 675 7897 7767 1743 1186 912 557 234 751 288 323 274 463
cat_boundaries=0 1 2
cat_threshold=942723136 52
is_linear=0
shrinkage=0.03


Tree=298
num_leaves=15
num_cat=1
split_feature=24 23 5 5 23 23 17 20 36 24 23 23 26 21
split_gain=0.24898 0.748579 0.368043 0.242393 0.505485 0.36694 0.344597 0.361629 0.516139 0.338971 0.292068 0.523958 0.527948 0.507962
threshold=533.18250000001296 167.50000000000003 0.074150000000000008 0.045000000000000005 181.50000000000003 143.50000000000003 1.5000000000000002 1.0000000180025095e-35 0 1.0000000180025095e-35 74.500000000000014 50.500000000000007 0.06186224489795919 60.750000000000007
decision_type=10 2 2 2 2 2 2 2 9 8 2 2 10 2
left_child=3 2 -2 6 5 -5 9 8 -8 -1 11 -11 -13 -12
right_child=1 -3 -4 4 -6 -7 7 -9 -10 10 13 12 -14 -15
leaf_value=0.0018279238013128021 -0.00069591348954049803 -0.0025862190089761634 0.0016297776652034373 -0.00013556638215522814 0.0013552243417542288 -0.001199293092082016 0.0014665748109315743 -0.0021950149780937604 -0.0011531410612646055 0.00026323486752446415 -4.8375455081772637e-05 -0.0011015446144486431 0.0009838554258199616 0.00089511377388834014
leaf_weight=119 158 130 100 2649 187 328 103 105 159 1751 938 573 135 1135
leaf_count=119 158 130 100 2649 187 328 103 105 159 1751 938 573 135 1135
internal_value=1.26936e-05 -0.000729858 0.000205517 4.79063e-05 -0.00015773 -0.000252766 0.000177566 -0.000707451 -0.00011129 0.000247401 0.0002059 -1.52258e-05 -0.000703905 0.0004682
internal_weight=8570 388 258 8182 3164 2977 5018 367 262 4651 4532 2459 708 2073
internal_count=8570 388 258 8182 3164 2977 5018 367 262 4651 4532 2459 708 2073
cat_boundaries=0 1
cat_threshold=36
is_linear=0
shrinkage=0.03


Tree=299
num_leaves=15
num_cat=1
split_feature=27 28 1 1 31 38 26 22 37 31 38 31 1 31
split_gain=0.274189 0.21769 0.366324 0.400564 0.446951 0.199646 0.46962 0.630147 0.435272 0.46569 0.661543 0.490668 0.560918 0.565793
threshold=31.139942129629635 15.638628472222225 71.500000000000014 23.500000000000004 2.2152717697949975 1.7446931160039603 0.06186224489795919 218.10000000000002 0 1.3814177727516221 1.8451663867716344 1.9617718730540388 66.500000000000014 2.7397474403805018
decision_type=2 2 2 2 10 2 8 2 9 8 2 8 2 10
left_child=1 5 3 -3 -5 6 -1 -8 -7 10 -10 -11 -13 -14
right_child=-2 2 -4 4 -6 8 7 -9 9 11 -12 12 13 -15
leaf_value=9.9171587581733777e-06 -0.0014705003354564968 -0.0012492174600840604 -0.0020398741517177162 -0.00086607344870297405 0.0017242474807299794 0.0007567479532883249 -0.00017812168519343554 0.0021578411586656745 -0.0026784001239842626 0.0007118920627193165 -0.00029849101223243844 -0.0012247646273256258 -0.001091002486542695 0.0014575310634264852
leaf_weight=5480 123 186 126 106 138 306 197 220 183 391 247 487 135 187
leaf_count=5480 123 186 126 106 138 306 197 220 183 391 247 487 135 187
internal_value=-6.43452e-05 -4.37281e-05 -0.000617331 -0.000200493 0.000598944 -3.01272e-06 8.37682e-05 0.00105428 -0.000267345 -0.00046141 -0.00131134 -0.000160698 -0.000582432 0.000389047
internal_weight=8512 8389 556 430 244 7833 5897 417 1936 1630 430 1200 809 322
internal_count=8512 8389 556 430 244 7833 5897 417 1936 1630 430 1200 809 322
cat_boundaries=0 1
cat_threshold=2151157760
is_linear=0
shrinkage=0.03


Tree=300
num_leaves=15
num_cat=3
split_feature=37 27 31 31 31 28 1 27 30 30 35 38 32 37
split_gain=0.191358 0.408936 0.475441 0.864536 0.669021 0.562548 0.499294 0.559668 0.407537 0.398997 0.353954 0.321677 0.319737 0.278594
threshold=0 17.423611111111114 2.6228785436617055 1.8322390932420876 1.5126086035176944 2.0469849537037041 52.500000000000007 13.999484953703705 18.250000000000004 344.20000000000005 1 1.674253511114981 4.5000000000000009 2
decision_type=9 2 10 8 10 2 2 2 2 2 1 2 2 9
left_child=1 2 3 4 5 8 10 -8 -1 -2 11 -4 -10 -5
right_child=9 -3 6 13 -6 -7 7 -9 12 -11 -12 -13 -14 -15
leaf_value=0.0010203787147226493 -7.4721194131869791e-05 0.001894338587611747 0.0016415960937183325 -8.6972926406022634e-05 0.0022096997379730319 0.0017707891475607746 0.0032678933126942043 0.00061741141916033535 -8.5657072997157821e-05 0.0017638526989624855 -0.001131997658761118 -0.00055211519817821672 -0.0017783141154905024 -0.0020073650523813233
leaf_weight=123 6484 134 151 107 142 122 124 170 196 108 130 100 206 233
leaf_count=123 6484 134 151 107 142 122 124 170 196 108 130 100 206 233
internal_value=3.26433e-05 0.000293862 0.000176608 -0.000199971 0.000344992 -6.42637e-05 0.000806472 0.0017353 -0.000490695 -4.45314e-05 8.97371e-05 0.000738197 -0.000953039 -0.0014646
internal_weight=8530 1938 1804 1129 789 647 675 294 525 6592 381 251 402 340
internal_count=8530 1938 1804 1129 789 647 675 294 525 6592 381 251 402 340
cat_boundaries=0 1 2 3
cat_threshold=1496318181 25 1073742048
is_linear=0
shrinkage=0.03


Tree=301
num_leaves=15
num_cat=3
split_feature=31 24 1 7 23 31 31 37 1 1 37 1 24 36
split_gain=0.196429 0.240017 0.294519 0.641724 0.251082 0.274988 0.608816 0.338344 0.305647 0.323147 0.230361 0.639979 0.161786 0.269564
threshold=0.1106014271151886 22.589500000000992 98.500000000000014 1.0000000180025095e-35 137.00000000000003 1.5004810776138553 1.8322390932420876 0 54.500000000000007 34.500000000000007 1 33.500000000000007 28.082333333333086 2
decision_type=8 8 2 2 2 10 10 9 2 2 9 2 8 9
left_child=-1 2 4 -4 5 8 -7 -8 9 -2 11 -3 13 -12
right_child=1 10 3 -5 -6 6 7 -9 -10 -11 12 -13 -14 -15
leaf_value=0.0012092682057880753 -0.0010390744530089685 -0.00077112241454844208 -0.00089968386854833132 0.0021492643292187205 -0.00196153441099644 0.0021731107846484519 0.00062752055528910897 -0.0013012629348892145 -0.0020550631739299843 0.00098966592183227049 0.0015342982759780088 0.0023003020657658153 1.9272956714238767e-05 -0.00025731945417402624
leaf_weight=126 230 106 130 119 108 100 135 185 148 102 157 144 6639 139
leaf_count=126 230 106 130 119 108 100 135 185 148 102 157 144 6639 139
internal_value=3.35008e-05 1.59521e-05 -0.00036649 0.000557444 -0.000594723 -0.000430706 0.000129894 -0.000508612 -0.00092123 -0.000415787 8.28594e-05 0.000959633 4.9797e-05 0.000736105
internal_weight=8568 8442 1257 249 1008 900 420 320 480 332 7185 250 6935 296
internal_count=8568 8442 1257 249 1008 900 420 320 480 332 7185 250 6935 296
cat_boundaries=0 1 2 3
cat_threshold=297795584 167772416 20
is_linear=0
shrinkage=0.03


Tree=302
num_leaves=15
num_cat=2
split_feature=27 37 0 7 27 22 38 38 38 2 25 25 23 37
split_gain=0.352392 0.329239 0.328629 0.49252 0.422991 0.345729 0.308691 0.297114 0.211609 0.236865 0.350215 0.323271 0.481688 0.753232
threshold=12.999375000000002 0 6.5000000000000009 1.0000000180025095e-35 11.333229166666669 280.4500000000001 1.5996014894837869 1.4870774733782286 0.86209474721110635 1.0000000180025095e-35 0.61769230769230787 0.30384615384615393 137.00000000000003 1
decision_type=2 9 2 2 2 2 2 2 2 2 10 8 2 9
left_child=1 6 7 4 -4 -5 -1 -3 -2 -10 11 -11 13 -13
right_child=8 2 3 5 -6 -7 -8 -9 9 10 -12 12 -14 -15
leaf_value=-0.0019946508182642551 -0.0010409933553118982 -0.00019607494389988582 0.0025972323936915369 0.00064438388042617587 0.0002200513359220034 -0.0011209458920037848 -7.0926583403806117e-06 -0.0019748253101457116 0.00023109448271643675 -0.0011334620189423171 -0.0018053230308627678 0.0028690270055470265 -0.00081178244005423029 5.3107393925911657e-05
leaf_weight=195 134 226 118 169 157 244 110 135 6142 195 118 111 240 304
leaf_count=195 134 226 118 169 157 244 110 135 6142 195 118 111 240 304
internal_value=5.70594e-05 -0.000387179 -0.000127009 0.000256412 0.00124008 -0.000398571 -0.00123726 -0.000861259 0.000140093 0.000162353 -0.000273815 -6.12058e-05 0.000258016 0.000876694
internal_weight=8598 1354 1049 688 275 413 305 361 7244 7110 968 850 655 415
internal_count=8598 1354 1049 688 275 413 305 361 7244 7110 968 850 655 415
cat_boundaries=0 1 2
cat_threshold=1212688408 276824064
is_linear=0
shrinkage=0.03


Tree=303
num_leaves=15
num_cat=1
split_feature=38 24 27 37 23 1 30 31 30 24 27 30 23 4
split_gain=0.246472 0.270391 0.54088 0.66862 0.407898 0.465548 0.574042 0.959117 0.42385 0.370699 0.33688 0.327543 0.322034 0.311869
threshold=0.97146067725200058 45.290999999999777 17.423611111111114 0 164.50000000000003 24.500000000000004 100.50000000000001 1.5201026298909559 39.500000000000007 58.034000000003658 13.999797453703705 21.250000000000004 66.500000000000014 1.0000000180025095e-35
decision_type=2 10 2 9 2 2 2 10 2 10 2 2 2 2
left_child=-1 2 3 -2 5 6 7 -5 11 -3 12 -7 -10 -11
right_child=1 9 -4 4 -6 8 -8 -9 10 13 -12 -13 -14 -15
leaf_value=-0.00080388084748689 -0.0014029584827674729 -0.00085151363921758558 0.0018797053683777044 0.00063136427500718969 0.002136892185332505 1.2056372573506602e-05 -0.00024151057684794071 0.0038378187209168716 0.00057116309441987358 -7.0779234071391806e-06 0.0013598435364894192 -0.001771249988030544 -0.00061443363226966799 0.0014539294632074111
leaf_weight=299 202 467 188 260 111 181 225 124 435 5065 208 190 392 135
leaf_count=299 202 467 188 260 111 181 225 124 435 5065 208 190 392 135
internal_value=4.21316e-05 7.30442e-05 0.000331855 0.000206857 0.000364695 0.000268881 0.000961748 0.00166678 -3.12304e-05 -4.1861e-05 0.000280624 -0.000901227 9.18738e-06 3.08521e-05
internal_weight=8482 8183 2516 2328 2126 2015 609 384 1406 5667 1035 371 827 5200
internal_count=8482 8183 2516 2328 2126 2015 609 384 1406 5667 1035 371 827 5200
cat_boundaries=0 1
cat_threshold=2105346
is_linear=0
shrinkage=0.03


Tree=304
num_leaves=15
num_cat=1
split_feature=30 30 36 30 13 32 1 31 1 31 30 29 24 24
split_gain=0.351726 1.1878 0.458342 0.346379 0.901721 0.525515 0.470773 0.656308 0.450315 0.423418 0.373234 0.36763 0.343078 0.434544
threshold=194.10000000000002 199.10000000000002 0 142.42500000000004 0.50000000000000011 14.500000000000002 45.500000000000007 1.821574542623589 72.500000000000014 2.8525735171920967 121.50000000000001 2.5000000000000004 384.59266666667077 290.64533333333651
decision_type=2 2 9 2 2 2 2 8 2 10 2 2 10 10
left_child=3 -2 12 10 6 -6 7 -5 -8 11 -1 -9 13 -3
right_child=1 2 -4 4 5 -7 8 9 -10 -11 -12 -13 -14 -15
leaf_value=9.214654756641545e-05 -0.0031762175311920264 -1.229773000723238e-05 -0.0012047189517237348 -0.0013490421979292333 0.0034353852489342291 0.00068207747066104454 0.001996080615292268 0.0021443067931150102 -4.5681017626525536e-05 -0.00098226775200792424 -0.00072164306667380244 -0.00019475138224661352 -0.00064619690508829623 0.0012838690133523069
leaf_weight=4360 124 1090 312 304 135 116 198 153 191 114 574 100 509 296
leaf_count=4360 124 1090 312 304 135 116 198 153 191 114 574 100 509 296
internal_value=-4.73587e-06 -0.000319204 -0.000158683 0.000112642 0.000546082 0.00216294 0.000163222 -0.000318157 0.00099357 0.000535764 -2.52618e-06 0.00121978 1.97934e-05 0.000264517
internal_weight=8576 2331 2207 6245 1311 251 1060 671 389 367 4934 253 1895 1386
internal_count=8576 2331 2207 6245 1311 251 1060 671 389 367 4934 253 1895 1386
cat_boundaries=0 1
cat_threshold=38
is_linear=0
shrinkage=0.03


Tree=305
num_leaves=15
num_cat=2
split_feature=37 36 32 17 28 28 27 28 21 30 32 31 31 31
split_gain=0.244041 0.440072 0.313557 0.432132 0.301779 0.333284 0.30866 0.288536 0.245853 0.277096 0.395026 0.329795 0.471101 0.430022
threshold=0 1 28.500000000000004 1.0000000180025095e-35 21.930173611111112 17.665509259259263 29.99902777777778 10.284861111111114 208.16666666666671 277.02500000000003 20.500000000000004 1.5201026298909559 1.4192386392701852 1.8048797023563459
decision_type=9 9 2 2 2 2 2 2 2 2 2 10 10 10
left_child=1 -1 4 7 5 8 -6 -4 9 11 -11 12 -2 -13
right_child=2 -3 3 -5 6 -7 -8 -9 -10 10 -12 13 -14 -15
leaf_value=0.0013568770119840382 0.00011924970325232727 -0.00023992325184381635 0.0011598294591675263 -0.0023105781295643594 0.002404457165560286 -0.0011367145798724602 0.00022758074093428326 -0.0011024737879866734 0.0015468207844590754 0.00035963632127330189 -0.0018073639774072059 0.0014716176660551307 -0.0014526727420437198 0.00031122051777672299
leaf_weight=153 1771 3395 103 107 112 171 123 100 121 155 148 349 190 1629
leaf_count=153 1771 3395 103 107 112 171 123 100 121 155 148 349 190 1629
internal_value=2.32183e-05 -0.000167445 0.00015643 -0.000767796 0.000216836 0.000162505 0.00126507 4.53944e-05 0.000213425 0.000175391 -0.000698832 0.000242639 -3.30528e-05 0.000515962
internal_weight=8627 3548 5079 310 4769 4534 235 203 4363 4242 303 3939 1961 1978
internal_count=8627 3548 5079 310 4769 4534 235 203 4363 4242 303 3939 1961 1978
cat_boundaries=0 1 2
cat_threshold=1958748272 4
is_linear=0
shrinkage=0.03


Tree=306
num_leaves=15
num_cat=1
split_feature=30 31 30 28 22 26 23 21 28 26 1 7 37 22
split_gain=0.197208 0.830209 0.442037 0.377115 0.348487 0.306369 0.305706 0.302968 0.300624 0.293644 0.23404 0.267021 0.223838 0.246667
threshold=260.75000000000006 1.821574542623589 249.05000000000004 5.0256886574074082 3720.1325000000002 0.039230769230769243 189.00000000000003 70.433333333333351 8.9363541666666695 1.0000000180025095e-35 168.50000000000003 1.0000000180025095e-35 0 6402.0500000000002
decision_type=2 10 2 2 2 10 2 2 2 10 2 2 9 2
left_child=2 -2 6 -4 5 7 10 -3 -9 -6 12 -12 -1 -14
right_child=1 4 3 -5 9 -7 -8 8 -10 -11 11 -13 13 -15
leaf_value=-0.0001120286954912459 0.0028400332800450579 0.0023893399702007265 -0.0026643775252159683 -0.00021475961153027452 -0.0016230502875231496 -0.00055549620360796973 -0.0010031978090556202 0.001370417402114031 -0.00061939982591535561 0.00019578124772398227 -0.0017434219167689266 4.4851405249739237e-05 0.00036377342121842577 -0.00021911982506453721
leaf_weight=2981 113 106 104 124 154 155 259 157 121 166 138 165 2966 838
leaf_count=2981 113 106 104 124 154 155 259 157 121 166 138 165 2966 838
internal_value=2.03997e-05 0.000422685 -3.12203e-05 -0.00133213 0.000104687 0.000570271 9.15091e-06 0.00102468 0.000504346 -0.000679531 4.61428e-05 -0.00076961 8.25721e-05 0.000234748
internal_weight=8547 972 7575 228 859 539 7347 384 278 320 7088 303 6785 3804
internal_count=8547 972 7575 228 859 539 7347 384 278 320 7088 303 6785 3804
cat_boundaries=0 1
cat_threshold=618496685
is_linear=0
shrinkage=0.03


Tree=307
num_leaves=15
num_cat=2
split_feature=38 1 27 37 1 38 37 27 21 13 32 28 28 22
split_gain=0.220444 0.234312 0.15389 0.453526 0.212326 0.171874 0.403873 0.186971 0.210992 1.47362 0.748628 0.218473 0.941864 0.366846
threshold=0.98725786372330604 280.50000000000006 6.9996585648148155 0 41.500000000000007 1.0866750510711922 1 30.999247685185189 182.54166666666669 1.0000000180025095e-35 13.500000000000002 8.4320428240740757 7.9728298611111121 3586.807875
decision_type=2 2 2 9 2 2 9 2 2 2 2 2 2 2
left_child=-1 2 -2 4 -4 6 -5 8 11 -10 -11 12 -7 -13
right_child=1 -3 3 5 -6 7 -8 -9 9 10 -12 13 -14 -15
leaf_value=-0.00073348781074028091 -0.00079659195932058177 0.0014899243727916538 0.0024430703038408209 -0.00077082977522098062 0.00057281725701461184 1.4915984141627629e-06 0.0015165359672509975 -0.0012616049480527849 -0.0020900716168831125 0.00057885471252724528 0.0040517582153292864 -0.00010480694160591168 0.0028565459476425836 -0.0012801504602234094
leaf_weight=333 195 101 101 102 119 5491 187 106 111 125 101 1079 106 307
leaf_count=333 195 101 101 102 119 5491 187 106 111 125 101 1079 106 307
internal_value=2.32348e-05 5.38494e-05 3.60089e-05 5.64698e-05 0.0013692 1.72391e-05 0.000735033 -1.06723e-05 7.44233e-06 0.000740613 0.0021309 -2.79405e-05 5.55627e-05 -0.000365146
internal_weight=8564 8231 8130 7935 220 7715 289 7426 7320 337 226 6983 5597 1386
internal_count=8564 8231 8130 7935 220 7715 289 7426 7320 337 226 6983 5597 1386
cat_boundaries=0 1 2
cat_threshold=150995136 71303168
is_linear=0
shrinkage=0.03


Tree=308
num_leaves=15
num_cat=4
split_feature=37 1 28 26 33 29 31 31 23 37 31 35 35 5
split_gain=0.223472 0.430063 0.31768 0.439523 0.369351 0.628301 0.430031 0.368683 0.359213 0.449629 0.449756 0.37409 0.357565 0.331147
threshold=0 101.50000000000001 1.6925868055555557 0.082553191489361716 1.0000000180025095e-35 2.5000000000000004 3.6862836919354938 6.3930205949656758 65.500000000000014 1 0.75391316586785995 2 3 0.085150000000000017
decision_type=9 2 2 10 2 2 10 10 2 9 10 1 1 2
left_child=1 -1 8 4 6 12 13 -8 9 10 -2 -12 -6 -4
right_child=2 -3 3 -5 5 -7 7 -9 -10 -11 11 -13 -14 -15
leaf_value=-0.00041054789687233403 0.0025602359864792795 0.0012542541194465252 0.00067289044062577555 0.0020166664838072155 0.00080614178781600093 0.0024701975197151923 -0.0012798484036375157 0.00040838022936769136 -0.00028465271910403379 -1.5313740611348976e-05 -0.00096095376421470905 0.001215227759204714 -0.001131947323801401 -0.0001512296988380903
leaf_weight=1499 137 154 1044 138 335 173 320 183 2309 1131 101 195 105 757
leaf_count=1499 137 154 1044 138 335 173 320 183 2309 1131 101 195 105 757
internal_value=5.86183e-05 -0.000253912 0.000133361 0.000362287 0.000284021 0.000938481 0.000109895 -0.000665642 -4.68701e-05 0.000304179 0.00111334 0.00048127 0.000336239 0.000326495
internal_weight=8581 1653 6928 3055 2917 613 2304 503 3873 1564 433 296 440 1801
internal_count=8581 1653 6928 3055 2917 613 2304 503 3873 1564 433 296 440 1801
cat_boundaries=0 1 2 3 4
cat_threshold=3439436032 11010562 20 17
is_linear=0
shrinkage=0.03


Tree=309
num_leaves=15
num_cat=1
split_feature=38 31 1 38 23 1 22 35 28 1 24 30 25 22
split_gain=0.239865 0.429334 0.538654 0.410853 0.36431 0.287573 0.787257 0.46334 0.57487 0.403314 0.40417 0.38852 0.625439 0.24096
threshold=1.7808593014450562 0.43729304635761596 4.5000000000000009 1.7640522733386785 154.50000000000003 62.500000000000007 393.00000000000006 0 0.83592013888888894 19.500000000000004 67.837000000001296 116.50000000000001 0.45972972972972981 7883.6000000000013
decision_type=2 8 2 2 2 2 2 1 2 2 10 2 10 2
left_child=3 -2 -3 13 5 6 -4 8 9 -8 -11 -7 -13 -1
right_child=1 2 4 -5 -6 11 7 -9 -10 10 -12 12 -14 -15
leaf_value=8.9033704421413896e-06 -0.0015793233234813668 0.0025455645297696923 0.0025200753993187188 -0.0016998981966504715 -0.00095161651787882442 0.00020517274005096831 -0.0015547354234796431 0.0010132781248563445 -0.0026926335756267817 -0.0009037740916634599 0.0014072013732640105 0.0032086685095813923 0.00027659317773834959 -0.00078382484129732089
leaf_weight=6328 100 103 107 136 183 262 135 186 105 117 163 140 123 365
leaf_count=6328 100 103 107 136 183 262 135 186 105 117 163 140 123 365
internal_value=1.23267e-05 0.000328522 0.000446 -6.74977e-05 0.000303821 0.000475528 0.0001221 -0.000241333 -0.000696195 -0.000207848 0.000441544 0.00102284 0.00183739 -3.43277e-05
internal_weight=8553 1724 1624 6829 1521 1338 813 706 520 415 280 525 263 6693
internal_count=8553 1724 1624 6829 1521 1338 813 706 520 415 280 525 263 6693
cat_boundaries=0 1
cat_threshold=25
is_linear=0
shrinkage=0.03


Tree=310
num_leaves=15
num_cat=2
split_feature=38 30 36 31 31 31 0 0 37 23 23 23 30 24
split_gain=0.274472 0.634918 0.582852 0.627753 0.550895 0.489306 0.367522 0.254691 0.240308 0.446497 0.329744 0.348621 0.328336 0.492877
threshold=1.8587381502079776 38.165000000000006 0 2.6228785436617055 2.7082911712623328 0.19843228538575877 8.5000000000000018 7.5000000000000009 1 125.50000000000001 76.500000000000014 103.50000000000001 117.50000000000001 46.346166666668147
decision_type=2 2 9 8 8 8 2 2 9 2 2 2 2 10
left_child=5 -2 4 7 6 -1 -3 -4 -7 10 12 -12 13 -10
right_child=1 2 3 -5 -6 8 -8 -9 9 -11 11 -13 -14 -15
leaf_value=0.0017166830646622232 -0.0024771523799159024 0.00024214324404795963 -0.0012594091877251965 0.0019186910450020257 -0.00290271399976887 -0.000187109177493851 -0.0018137025313917548 0.00036729753856927576 -0.00011595046039893413 0.0016685821113475996 -0.0020207033774667336 0.00012457031439593497 -0.00033674708476625861 0.0010041970591169204
leaf_weight=142 133 225 146 170 111 4761 120 213 690 168 132 141 699 725
leaf_count=142 133 225 146 170 111 4761 120 213 690 168 132 141 699 725
internal_value=-9.32149e-05 -0.000531562 -0.000268858 0.000409162 -0.00104155 -2.7504e-05 -0.000472934 -0.00029426 -6.13578e-05 0.000173023 6.84886e-05 -0.000912705 0.000195199 0.000457977
internal_weight=8576 1118 985 529 456 7458 345 359 7316 2555 2387 273 2114 1415
internal_count=8576 1118 985 529 456 7458 345 359 7316 2555 2387 273 2114 1415
cat_boundaries=0 1 2
cat_threshold=48 1936755080
is_linear=0
shrinkage=0.03


Tree=311
num_leaves=15
num_cat=2
split_feature=30 30 31 30 30 36 28 17 1 37 24 5 23 31
split_gain=0.273629 0.991438 0.51331 0.362342 0.458029 0.355428 0.327504 0.287873 0.299259 0.351387 0.32329 0.296867 0.399858 0.350475
threshold=222.10000000000002 213.07500000000002 1.5201026298909559 194.10000000000002 199.10000000000002 0 8.5183912037037057 2.5000000000000004 168.50000000000003 1 12.766833333337564 0.45800000000000007 125.50000000000001 1.5126086035176944
decision_type=2 2 10 2 2 9 2 2 2 9 10 2 2 10
left_child=1 3 -2 7 -5 -4 -6 8 9 11 -11 12 13 -1
right_child=2 -3 5 4 6 -7 -8 -9 -10 10 -12 -13 -14 -15
leaf_value=0.00045002791149702638 -0.0020596511930455483 0.0024678134062025713 -0.00037691832992629685 -0.0022781963312133616 0.00067507254298437716 0.001077064231476201 -0.0014382106613854621 0.0011597284213216467 -0.00099049464169762686 -0.001259561947138026 -3.8465962524960904e-05 -0.00077543443594886737 -0.00040889661049694213 0.0015934770465853448
leaf_weight=683 151 147 1483 140 165 159 110 198 264 205 4055 162 287 373
leaf_count=683 151 147 1483 140 165 159 110 198 264 205 4055 162 287 373
internal_value=-5.61652e-05 3.08901e-05 -0.000385791 -2.30436e-05 -0.000881358 -0.000231861 -0.000170241 3.4159e-05 -2.8061e-06 4.24237e-05 -9.69999e-05 0.000434827 0.000584053 0.000853917
internal_weight=8582 6789 1793 6642 415 1642 275 6227 6029 5765 4260 1505 1343 1056
internal_count=8582 6789 1793 6642 415 1642 275 6227 6029 5765 4260 1505 1343 1056
cat_boundaries=0 1 2
cat_threshold=49 322462794
is_linear=0
shrinkage=0.03


Tree=312
num_leaves=15
num_cat=1
split_feature=22 37 17 34 31 31 0 27 38 21 23 21 38 23
split_gain=0.433439 0.269813 0.349741 0.294093 0.227654 0.207497 0.204787 0.781721 0.618658 0.650031 0.434487 0.376777 0.245354 0.38156
threshold=14292.450000000003 0 3.5000000000000004 1.0000000180025095e-35 1.6406667080513999 1.6235054850240356 4.5000000000000009 29.999490740740743 1.5431886136165553 56.833333333333336 71.500000000000014 91.450000000000003 1.1631210325998844 96.500000000000014
decision_type=2 9 2 2 8 8 2 2 2 2 2 2 2 2
left_child=1 3 6 5 -5 -1 7 8 9 -3 -11 -10 13 -8
right_child=-2 2 -4 4 -6 -7 12 -9 11 10 -12 -13 -14 -15
leaf_value=0.00052622324386198489 -0.001857506807559644 0.00038209939929611907 0.0018551641814410686 -0.0023262150846060036 -0.00056815846902017874 -0.00048663228657670781 -6.3259319027719849e-05 -0.001957002004474807 0.00071327959392354905 0.0015362367748121659 0.004144774595619116 -0.0012413644965985143 0.00012361054313247811 -0.0015512908044478446
leaf_weight=310 106 208 105 103 186 441 637 101 224 130 103 147 5616 205
leaf_count=310 106 208 105 103 186 441 637 101 224 130 103 147 5616 205
internal_value=4.90333e-05 7.27643e-05 0.000135775 -0.00037786 -0.00119473 -6.85428e-05 0.000111467 0.000532022 0.000841617 0.00160113 0.00268937 -6.1202e-05 5.20108e-05 -0.000425547
internal_weight=8622 8516 7476 1040 289 751 7371 913 812 441 233 371 6458 842
internal_count=8622 8516 7476 1040 289 751 7371 913 812 441 233 371 6458 842
cat_boundaries=0 1
cat_threshold=1141498496
is_linear=0
shrinkage=0.03


Tree=313
num_leaves=15
num_cat=0
split_feature=5 20 24 27 24 32 31 1 38 30 21 30 21 31
split_gain=0.201308 0.166017 0.646326 0.698264 0.301062 0.462796 0.335835 0.528795 0.262706 0.452923 0.411018 0.351781 0.294151 0.244206
threshold=0.77500000000000013 1.0000000180025095e-35 352.12183333333195 18.354050925925929 297.18233333333814 13.500000000000002 0.97209623732310757 36.500000000000007 1.3511687767837717 253.72500000000002 87.225000000000009 170.12500000000003 94.083333333333357 1.9179829084725484
decision_type=2 2 8 2 8 2 8 2 2 2 2 2 2 10
left_child=1 4 3 -3 -1 6 -6 -8 10 11 -7 -10 -13 -9
right_child=-2 2 -4 -5 5 8 7 13 9 -11 -12 12 -14 -15
leaf_value=-6.3656086373102831e-05 0.0011273675149883031 -0.001209266981907708 -0.0025214215281640032 0.0014610853323110324 0.0011933548927380896 0.00084221766129901102 -0.0019200640954897877 -0.00074709964404343662 0.00064778966315705993 0.00011450102706165875 -0.0014352043692815639 0.0013652909586709292 0.0034001214755699036 0.0013289390281023621
leaf_weight=6495 143 183 114 170 101 210 183 101 168 255 108 124 132 103
leaf_count=6495 143 183 114 170 101 210 183 101 168 255 108 124 132 103
internal_value=1.11754e-05 -7.7207e-06 -0.000557502 7.67384e-05 2.44532e-05 0.00040982 -0.000347171 -0.00074922 0.000780343 0.00111361 6.87536e-05 0.00171448 0.0024145 0.000301096
internal_weight=8590 8447 467 353 7980 1485 488 387 997 679 318 424 256 204
internal_count=8590 8447 467 353 7980 1485 488 387 997 679 318 424 256 204
is_linear=0
shrinkage=0.03


Tree=314
num_leaves=15
num_cat=1
split_feature=25 31 36 24 31 38 28 38 24 25 17 21 29 7
split_gain=0.222017 0.26086 0.400696 0.260418 0.378205 0.68214 0.404274 0.49378 0.382184 0.316838 0.236908 0.309498 0.378166 0.369112
threshold=0.63484848484848488 6.564965103067685 0 17.86833333333605 1.5201026298909559 1.8919160521409377 0.83592013888888894 1.8673021221940382 9.0368333333314528 0.20937500000000003 1.0000000180025095e-35 44.166666666666679 1.0000000180025095e-35 1.0000000180025095e-35
decision_type=8 8 9 10 10 2 2 2 10 10 2 2 2 2
left_child=1 3 -3 4 6 8 7 9 -6 -1 11 12 13 -2
right_child=10 2 -4 -5 5 -7 -8 -9 -10 -11 -12 -13 -14 -15
leaf_value=-0.0010756817748603809 0.0021707933225668967 -0.00048280255847864533 0.001631001226650551 -7.8863424596796179e-06 0.00026856513753080284 0.0022036643786621942 -0.0027978555069250221 -0.0023213814967109458 -0.0018839206264519522 0.00098094484630715227 -0.00026610578584631759 0.0020816116342956032 -0.00051423475763461945 -9.9560267011742146e-05
leaf_weight=126 150 133 190 6413 185 105 102 115 124 145 274 132 209 113
leaf_count=126 150 133 190 6413 185 105 102 115 124 145 274 132 209 113
internal_value=1.37579e-05 -3.81764e-05 0.000796159 -7.50172e-05 -0.000552301 0.000114645 -0.00111811 -0.000674243 -0.000595216 2.47273e-05 0.000465551 0.000797461 0.000438334 0.00119532
internal_weight=8516 7638 323 7315 902 414 488 386 309 271 878 604 472 263
internal_count=8516 7638 323 7315 902 414 488 386 309 271 878 604 472 263
cat_boundaries=0 1
cat_threshold=36
is_linear=0
shrinkage=0.03


Tree=315
num_leaves=15
num_cat=1
split_feature=21 27 27 31 30 32 25 33 31 0 24 37 31 31
split_gain=0.233162 0.161858 0.152861 0.199487 0.453849 0.549885 0.437694 0.674408 0.324239 0.314456 0.321749 0.281634 0.31163 0.625926
threshold=210.14166666666671 30.999247685185189 6.9996585648148155 4.1843694096601078 28.165000000000003 25.500000000000004 0.64142857142857157 1.0000000180025095e-35 3.8148890660073529 11.500000000000002 3.7850000000000006 0 1.0004392299048519 1.3722167243938646
decision_type=2 2 2 10 2 2 8 2 10 2 10 9 8 10
left_child=1 2 -1 8 -5 6 7 -6 9 -4 -11 -12 -13 -14
right_child=-2 -3 3 4 5 -7 -8 -9 -10 10 11 12 13 -15
leaf_value=-0.00086403702310396027 0.0011049507412338449 -0.0011279082213832225 2.6047964723460876e-05 -0.001293210407162494 6.9143959677374391e-05 -0.0010227472562276357 0.0027565479464828966 0.0026731499437338264 -0.0015191256184057204 -0.0020075566746967557 0.00082711296276941613 -0.0016678889987064053 0.0016264873299466367 -0.00076060328201932553
leaf_weight=204 155 128 6082 123 381 140 112 117 139 119 146 182 126 459
leaf_count=204 155 128 6082 123 381 140 112 117 139 119 146 182 126 459
internal_value=-4.8081e-05 -6.92113e-05 -5.29432e-05 -3.2581e-05 0.000395861 0.000672868 0.00106203 0.000680928 -8.415e-05 -5.61121e-05 -0.000540315 -0.000349075 -0.000576236 -0.000246461
internal_weight=8613 8458 8330 8126 873 750 610 498 7253 7114 1032 913 767 585
internal_count=8613 8458 8330 8126 873 750 610 498 7253 7114 1032 913 767 585
cat_boundaries=0 1
cat_threshold=1679818753
is_linear=0
shrinkage=0.03


Tree=316
num_leaves=15
num_cat=2
split_feature=24 31 31 31 31 24 37 1 38 27 27 21 37 31
split_gain=0.171832 0.415324 0.24648 0.197594 0.276971 0.175318 0.339648 0.333087 0.294255 0.335487 0.635694 0.345233 0.291368 0.266129
threshold=3.2871666666666903 2.016441834019211 1.1025975288833789 11.800000000000002 8.173220338983052 45.290999999999777 0 168.50000000000003 1.8587381502079776 13.958015046296298 13.999658564814817 94.416666666666686 1 1.0823369463999704
decision_type=8 8 10 10 10 10 9 2 2 2 2 2 9 8
left_child=1 2 -1 4 5 6 -2 12 -7 -10 -11 -12 -8 -14
right_child=3 -3 -4 -5 -6 8 7 -9 9 10 11 -13 13 -15
leaf_value=-0.00030438731413253334 0.0018471654385671412 0.00077200692907975215 -0.0022535301136891715 -0.0011358004584258725 0.0015638446209464813 9.1207471928087639e-06 -0.0010147186028035848 -0.0013581078965216875 -0.0021932924826900046 0.0017158220755713381 -0.0019026475881093316 1.0093149390410293e-05 -0.00027762084835558198 0.00055282720730185915
leaf_weight=106 104 123 130 129 107 5159 142 122 111 103 175 165 456 1457
leaf_count=106 104 123 130 129 107 5159 142 122 111 103 175 165 456 1457
internal_value=1.05959e-06 -0.000641413 -0.00137807 2.90848e-05 4.76344e-05 2.73399e-05 0.000249682 0.000164128 -6.14335e-05 -0.000718454 -0.000348913 -0.000974406 0.000255298 0.000353029
internal_weight=8589 359 236 8230 8101 7994 2281 2177 5713 554 443 340 2055 1913
internal_count=8589 359 236 8230 8101 7994 2281 2177 5713 554 443 340 2055 1913
cat_boundaries=0 1 2
cat_threshold=1210089600 589859
is_linear=0
shrinkage=0.03


Tree=317
num_leaves=15
num_cat=0
split_feature=27 5 38 24 21 38 24 24 1 30 31 31 31 25
split_gain=0.292145 0.190513 0.1773 0.172719 0.421108 0.178863 0.194639 0.548318 0.683546 0.374342 0.624768 0.541031 0.456423 0.412066
threshold=30.998680555555559 0.15470000000000003 2.1192445318435138 1.8535000000000084 12.41666666666667 0.97146067725200058 116.65266666666663 99.208500000000086 30.500000000000004 37.250000000000007 0.98907071189679896 1.2585729879880547 1.1353641777370593 0.53923076923076929
decision_type=2 2 2 8 2 2 10 10 2 2 10 10 10 10
left_child=2 -2 3 4 -1 -5 7 -7 -9 13 -11 12 -12 -8
right_child=1 -3 -4 5 -6 6 9 8 -10 10 11 -13 -14 -15
leaf_value=0.00061651562224142255 0.0019556273774489659 0.00015221895823309996 -0.0010286379245702515 -0.00074825881788437092 -0.0019114413453296393 6.8237935171103252e-05 0.0019556433601560543 0.0032866843438982456 0.00011129511507945203 -0.0017198271683619892 0.00016521268902579321 -0.00025153858222388308 0.0027180927448297058 -0.00022864767336993935
leaf_weight=104 108 103 165 286 138 3932 153 110 137 239 160 2722 104 158
leaf_count=104 108 103 165 286 138 3932 153 110 137 239 160 2722 104 158
internal_value=-2.72574e-05 0.00107529 -5.4926e-05 -3.54353e-05 -0.000825047 -1.15525e-05 1.57577e-05 0.000154366 0.00152544 -0.000148055 -0.00024391 -0.000125778 0.00117089 0.000845939
internal_weight=8619 211 8408 8243 242 8001 7715 4179 247 3536 3225 2986 264 311
internal_count=8619 211 8408 8243 242 8001 7715 4179 247 3536 3225 2986 264 311
is_linear=0
shrinkage=0.03


Tree=318
num_leaves=15
num_cat=0
split_feature=38 10 30 5 31 26 31 32 38 31 1 38 16 31
split_gain=0.19387 0.200033 0.321894 0.196349 0.188728 0.476583 0.422967 0.346893 0.224585 0.59051 0.444101 0.39618 0.327073 0.234326
threshold=2.151563557723343 1.0000000180025095e-35 195.12500000000003 0.81665000000000021 6.3930205949656758 0.020869565217391309 5.3583467094703057 19.500000000000004 1.9221461371088242 1.6012326489300175 67.500000000000014 1.8838478768404128 1.0000000180025095e-35 0.1106014271151886
decision_type=2 2 2 2 10 8 10 2 2 8 2 2 2 8
left_child=1 2 -1 4 6 7 8 -6 11 12 -11 13 -10 -3
right_child=-2 3 -4 -5 5 -7 -8 -9 9 10 -12 -13 -14 -15
leaf_value=0.00012789738129490529 -0.001161729705888333 0.0014183227738420313 -0.0018721709474203477 0.001186423693526001 0.002562027062820054 -0.00052040575629913198 -0.0015115563498744576 0.00021440765540355281 0.00055730285398154094 0.000613690671493311 0.0031606552475085944 -0.0013942030179484976 -0.0016522175443635597 -3.0590456165153221e-05
leaf_weight=159 134 102 133 127 129 183 171 101 132 158 101 191 111 6638
leaf_count=159 134 102 133 127 129 183 171 101 132 158 101 191 111 6638
internal_value=-2.95845e-05 -1.16011e-05 -0.000783093 1.60604e-05 -2.47972e-06 0.000622088 -3.64022e-05 0.00153112 -2.46551e-06 0.000610273 0.00160691 -4.68451e-05 -0.000451984 -8.66328e-06
internal_weight=8570 8436 292 8144 8017 413 7604 230 7433 502 259 6931 243 6740
internal_count=8570 8436 292 8144 8017 413 7604 230 7433 502 259 6931 243 6740
is_linear=0
shrinkage=0.03


Tree=319
num_leaves=15
num_cat=1
split_feature=38 38 23 38 17 5 0 35 21 22 23 21 0 25
split_gain=0.239019 0.152364 0.379322 0.168821 0.384665 0.403822 0.427581 0.375137 0.512967 0.421715 0.422317 0.354994 0.354958 0.310874
threshold=2.151563557723343 2.0146308851687151 98.500000000000014 1.6827308558998098 1.5000000000000002 0.25465000000000004 4.5000000000000009 0 65.90000000000002 494.05000000000001 90.500000000000014 59.833333333333336 7.5000000000000009 0.32250000000000006
decision_type=2 2 2 2 2 2 2 1 2 2 2 2 2 8
left_child=1 3 -3 -1 5 6 -5 8 13 -9 -11 -12 -13 -8
right_child=-2 2 -4 4 -6 -7 7 9 -10 10 11 12 -14 -15
leaf_value=-1.0348110093288527e-05 -0.0013809089996213988 0.0018788057036887287 -0.00055866363038408699 -0.0014061519463295833 -0.0015247190837196054 -0.00092403117448110867 -0.00064221188247598634 0.0013124763781478912 0.0027651190271197786 -0.001557401594582009 -0.0010024579774214658 -0.00049879678848968904 0.0015070194340146639 0.0014146029584805983
leaf_weight=6032 127 118 112 156 215 493 138 158 112 203 181 138 187 127
leaf_count=6032 127 118 112 156 215 493 138 158 112 203 181 138 187 127
internal_value=-8.91977e-05 -6.95983e-05 0.000691864 -9.11138e-05 -0.000322223 -0.000185648 7.43682e-05 0.000260028 0.00103546 -8.80815e-05 -0.000401437 6.23197e-05 0.000655319 0.000343507
internal_weight=8497 8370 230 8140 2108 1893 1400 1244 377 867 709 506 325 265
internal_count=8497 8370 230 8140 2108 1893 1400 1244 377 867 709 506 325 265
cat_boundaries=0 1
cat_threshold=22
is_linear=0
shrinkage=0.03


Tree=320
num_leaves=15
num_cat=2
split_feature=37 38 38 24 38 38 38 27 37 31 27 32 30 30
split_gain=0.191363 0.653516 0.431135 0.177563 0.311394 0.27538 0.1736 0.277657 0.437045 0.526724 0.390932 0.467561 0.389624 0.295654
threshold=0 1.5958471275654438 1.3819814147696705 533.18250000001296 1.5996014894837869 1.4063984530183327 1.1460463583065057 18.333043981481485 1 1.4919352507587804 20.413738425925931 13.500000000000002 171.25000000000003 194.10000000000002
decision_type=9 2 2 10 2 2 2 2 9 8 2 2 2 2
left_child=1 2 -1 6 5 -5 -2 8 9 -8 12 13 -9 -12
right_child=3 -3 -4 4 -6 -7 7 10 -10 -11 11 -13 -14 -15
leaf_value=-0.00020314068022373325 -0.0003233985898294505 0.001235795770374931 -0.002243023432656041 -0.00037973952582379908 0.00061847707792185244 -0.0024535733946366234 -0.0023572641759304902 0.002945553987451336 5.8290731583869554e-05 7.4162532575428473e-05 5.5318856645591453e-05 0.00055555834395321297 0.00031691253935344199 -0.0012996529979785829
leaf_weight=187 937 132 186 136 120 100 156 102 4187 165 414 1455 101 223
leaf_count=187 937 132 186 136 120 100 156 102 4187 165 414 1455 101 223
internal_value=-6.37746e-06 -0.000567116 -0.00122035 2.92638e-05 -0.0006258 -0.00125848 5.94311e-05 0.00011216 -2.45897e-05 -0.00107401 0.000380772 0.000258803 0.00163771 -0.000419028
internal_weight=8601 505 373 8096 356 236 7740 6803 4508 321 2295 2092 203 637
internal_count=8601 505 373 8096 356 236 7740 6803 4508 321 2295 2092 203 637
cat_boundaries=0 1 2
cat_threshold=134287709 35654656
is_linear=0
shrinkage=0.03


Tree=321
num_leaves=15
num_cat=3
split_feature=31 31 25 38 37 1 37 25 24 38 31 36 31 31
split_gain=0.195987 0.51519 0.249184 0.376032 0.239834 0.23883 0.380228 0.286025 0.238191 0.298515 0.363991 0.599721 0.370011 0.376282
threshold=2.308391608391609 2.3685450375054251 0.22290322580645164 2.0022764427057713 0 76.500000000000014 1 0.22290322580645164 9.0368333333314528 1.0866750510711922 4.1843694096601078 2 2.4757543249946594 2.6228785436617055
decision_type=8 8 10 2 9 2 9 10 8 2 10 9 8 8
left_child=5 -2 -3 4 -4 -1 -7 -8 -6 -10 12 -12 -11 -14
right_child=1 2 3 -5 8 6 7 -9 9 10 11 -13 13 -15
leaf_value=0.00021864728802151331 -0.0019937020329655044 -0.0011353631286447684 -0.00091081231886511378 0.0017500577614082077 0.0012651601986314251 -0.00082660176334894368 0.0014105961097366348 -0.00011155354813416744 0.0010689405324083815 0.0010766976545598819 0.0019233954553413441 -0.0001357845966460093 -0.0018255972462614661 -0.00036838948917716828
leaf_weight=4292 135 196 281 103 127 553 147 455 191 137 167 455 183 1241
leaf_count=4292 135 196 281 103 127 553 147 455 191 137 167 455 183 1241
internal_value=5.95438e-06 -0.00017975 -0.000100268 -2.99461e-05 -9.58484e-05 0.000115597 -0.000267339 0.000255884 -6.38761e-07 -6.83569e-05 -0.000167864 0.000445822 -0.000412395 -0.000555657
internal_weight=8663 3216 3081 2885 2782 5447 1155 602 2501 2374 2183 622 1561 1424
internal_count=8663 3216 3081 2885 2782 5447 1155 602 2501 2374 2183 622 1561 1424
cat_boundaries=0 1 2 3
cat_threshold=3758137352 948963456 20
is_linear=0
shrinkage=0.03


Tree=322
num_leaves=15
num_cat=3
split_feature=1 37 25 37 13 38 1 38 37 23 23 38 22 25
split_gain=0.198393 0.429037 0.445852 0.343024 0.581102 0.341818 0.326234 0.289401 0.32663 0.320321 0.759233 0.395308 0.351109 0.321761
threshold=12.500000000000002 0 0.17000000000000001 1 0.50000000000000011 1.1926849918059739 13.500000000000002 1.9221461371088242 2 138.50000000000003 126.50000000000001 1.6311989265759981 90.850000000000009 0.46863636363636368
decision_type=2 9 8 9 2 2 2 2 9 2 2 2 2 8
left_child=1 -1 -3 -4 5 -5 -2 8 -8 10 13 -12 -11 -10
right_child=6 2 3 4 -6 -7 7 -9 9 12 11 -13 -14 -15
leaf_value=-0.00093935462628283667 -0.0017574022831485688 0.0022246384330117338 -0.00027217554941808464 -0.00031018536701380713 -0.0011437572355811984 0.0013650816506757689 -0.0010627859623393587 0.00058249358924850189 -0.00024428622532335641 0.0012093037432758138 0.0026660866218995538 0.00048090964129324768 -0.00064505426335007921 0.00030204031929018652
leaf_weight=218 103 119 548 136 130 565 302 583 2764 100 141 158 1134 1495
leaf_count=218 103 119 548 136 130 565 302 583 2764 100 141 158 1134 1495
internal_value=-8.97379e-06 0.000279186 0.000459719 0.000310749 0.000690128 0.00104007 -8.19062e-05 -5.60598e-05 -0.000117149 -6.58938e-05 5.00757e-05 0.00151138 -0.000494782 -5.25139e-05
internal_weight=8496 1716 1498 1379 831 701 6780 6677 6094 5792 4558 299 1234 4259
internal_count=8496 1716 1498 1379 831 701 6780 6677 6094 5792 4558 299 1234 4259
cat_boundaries=0 1 2 3
cat_threshold=1210056740 2257616896 69468184
is_linear=0
shrinkage=0.03


Tree=323
num_leaves=15
num_cat=0
split_feature=30 6 31 1 32 30 22 5 27 30 32 31 27 27
split_gain=0.170364 0.165988 0.561136 0.523969 0.485343 0.317302 0.260097 0.339383 0.207389 0.249548 0.427809 0.263027 0.260812 0.568227
threshold=387.75000000000006 2.5000000000000004 0.66943681318681325 65.500000000000014 8.5000000000000018 189.10000000000002 7883.6000000000013 0.31010000000000004 30.998709490740744 296.02500000000003 23.500000000000004 11.800000000000002 28.365295138888893 28.116521990740743
decision_type=2 2 10 2 2 2 2 2 2 2 2 10 2 2
left_child=1 6 -3 -4 -5 -6 8 -8 9 11 -11 12 13 -1
right_child=-2 2 3 4 5 -7 7 -9 -10 10 -12 -13 -14 -15
leaf_value=4.6137446156840031e-05 0.0011771439405802255 -0.0015504742747839164 0.0025063547177151552 0.0017184316295173923 -0.0014733275692757652 0.00049858696599740801 -0.00033860525552303661 -0.0022464189271089955 0.0010327227775705978 0.00037105221343018224 -0.0019077169688710247 -0.0015250501902209189 -0.00047728017539823387 0.0021494201114953702
leaf_weight=5691 107 109 126 148 133 164 453 103 165 134 166 101 838 118
leaf_count=5691 107 109 126 148 133 164 453 103 165 134 166 101 838 118
internal_value=-1.24152e-05 -2.748e-05 0.000421974 0.000798501 0.000314929 -0.000384459 -6.68196e-05 -0.000692031 -1.86263e-05 -4.32394e-05 -0.000889867 -5.60034e-06 1.74874e-05 8.88621e-05
internal_weight=8556 8449 680 571 445 297 7769 556 7213 7048 300 6748 6647 5809
internal_count=8556 8449 680 571 445 297 7769 556 7213 7048 300 6748 6647 5809
is_linear=0
shrinkage=0.03


Tree=324
num_leaves=15
num_cat=3
split_feature=20 31 23 37 38 5 0 23 22 37 26 7 38 35
split_gain=0.201062 0.350894 0.406001 0.260483 0.489135 0.422386 0.45355 0.297104 0.439417 0.265331 0.221677 0.194065 0.162844 0.395583
threshold=1.0000000180025095e-35 1.1451224889862892 133.50000000000003 0 1.5919057552441671 0.11435000000000002 6.5000000000000009 96.500000000000014 415.77812499999999 1 1.0000000180025095e-35 1.5000000000000002 1.674253511114981 2
decision_type=2 10 2 9 2 2 2 2 2 9 8 2 2 1
left_child=3 -2 10 4 7 6 -6 9 -9 -1 -3 -11 -5 -14
right_child=1 2 -4 12 5 -7 -8 8 -10 11 -12 -13 13 -15
leaf_value=-0.00091260176568462603 -0.0020348973930738607 -0.00025497848374514084 -0.001642207889101253 0.00011296418617672426 0.0035396331745805669 0.00011967205462094984 0.0010742609509582985 0.00022420772736390622 -0.0022789901140022953 0.00061611857055413651 0.0015837114614849859 -0.00059151819131597323 0.0011293499649197469 -0.00033955204697865585
leaf_weight=132 109 126 104 3920 103 190 193 156 106 1003 111 136 171 1913
leaf_count=132 109 126 104 3920 103 190 193 156 106 1003 111 136 171 1913
internal_value=6.3889e-05 -0.000553175 -7.95453e-05 9.84993e-05 0.000392305 0.00122356 0.00193214 0.000131334 -0.000788536 0.000320953 0.00060618 0.000467816 -9.52217e-07 -0.000215233
internal_weight=8473 450 341 8023 2019 486 296 1533 262 1271 237 1139 6004 2084
internal_count=8473 450 341 8023 2019 486 296 1533 262 1271 237 1139 6004 2084
cat_boundaries=0 1 2 3
cat_threshold=1215848466 137363456 4
is_linear=0
shrinkage=0.03


Tree=325
num_leaves=15
num_cat=1
split_feature=37 38 32 31 23 1 1 24 26 25 30 25 28 24
split_gain=0.222153 0.445343 0.679407 0.583457 0.260459 0.520481 0.189791 0.278657 0.40328 0.29228 0.358181 0.401022 0.42805 0.287199
threshold=0 2.0583589362611492 7.5000000000000009 3.0984761025167402 67.500000000000014 29.500000000000004 72.500000000000014 63.82650000000141 0.05634920634920635 0.56205128205128219 76.500000000000014 0.47913043478260875 8.0571180555555575 27.530000000000005
decision_type=9 2 2 10 2 2 2 8 10 8 2 10 2 10
left_child=1 2 3 4 5 -1 -2 13 9 10 -9 -12 -13 -8
right_child=6 -3 -4 -5 -6 -7 7 8 -10 -11 11 12 -14 -15
leaf_value=0.0022978869327218146 2.272352401228732e-05 0.002337597585003823 -0.001627171566751339 0.0024595342885050187 -0.00087918428133945074 -0.00027312013665119146 -0.00051541537098786865 0.0015237780599876851 -0.0021701692039941384 -0.0012446176723364013 -0.001213668141438283 -0.00048993580178330104 0.0019863516061683181 0.00064687256890146852
leaf_weight=111 5924 100 146 127 147 196 358 106 136 271 265 169 100 411
leaf_count=111 5924 100 146 127 147 196 358 106 136 271 265 169 100 411
internal_value=-9.32561e-06 0.000455015 0.000202321 0.000662056 0.000159237 0.000656462 -5.94503e-05 -0.000327838 -0.000646323 -0.000418833 -6.9165e-05 -0.000385367 0.000430617 0.000105781
internal_weight=8567 827 727 581 454 307 7740 1816 1047 911 640 534 269 769
internal_count=8567 827 727 581 454 307 7740 1816 1047 911 640 534 269 769
cat_boundaries=0 1
cat_threshold=153883715
is_linear=0
shrinkage=0.03


Tree=326
num_leaves=15
num_cat=0
split_feature=24 30 30 32 28 22 0 31 31 28 24 7 24 25
split_gain=0.146674 0.267716 0.533269 0.28749 0.240768 0.372181 0.702788 0.241294 0.977429 0.876486 0.356618 0.406425 0.520438 0.475022
threshold=426.55816666666891 289.02500000000003 264.02500000000003 6.5000000000000009 16.781001157407413 1349.3500000000001 6.5000000000000009 1.8048797023563459 1.7085313261190753 1.0043287037037041 116.65266666666663 1.0000000180025095e-35 58.034000000003658 0.34891304347826091
decision_type=8 2 2 2 2 2 2 10 10 2 10 2 10 10
left_child=4 2 3 -2 7 -6 -7 8 -1 -10 11 12 -9 -13
right_child=1 -3 -4 -5 5 6 -8 10 9 -11 -12 13 -14 -15
leaf_value=5.1459452062230141e-05 -0.0007217631531555367 0.0018373138093076057 -0.001804585239649616 0.00081110529879155065 -0.0019670337055888499 0.001435844039526553 -0.0014140729770358454 -0.00091704838378568959 0.0037529215618399441 0.00027386292575910272 -0.00049948390098476575 0.0014086180025157679 0.00082006819992747212 5.1460188150716875e-05
leaf_weight=3562 138 101 104 545 142 143 171 533 126 135 1558 348 219 697
leaf_count=3562 138 101 104 545 142 143 171 533 126 135 1558 348 219 697
internal_value=1.83476e-05 0.000383267 0.000196661 0.00050139 -2.41004e-05 -0.000692543 -0.000116181 1.83641e-05 0.000181307 0.00195341 -0.000167309 0.000120687 -0.000411159 0.000503413
internal_weight=8522 888 787 683 7634 456 314 7178 3823 261 3355 1797 752 1045
internal_count=8522 888 787 683 7634 456 314 7178 3823 261 3355 1797 752 1045
is_linear=0
shrinkage=0.03


Tree=327
num_leaves=15
num_cat=1
split_feature=37 7 1 1 24 24 22 17 22 31 31 38 38 23
split_gain=0.28694 0.336479 0.771773 0.51477 0.394516 0.663004 0.307774 0.398936 0.283291 0.321555 0.546921 0.247755 0.490855 0.438929
threshold=0 1.0000000180025095e-35 101.50000000000001 117.50000000000001 7.486666666665756 49.605666666665861 6347.2600000000002 1.0000000180025095e-35 55.100000000000009 4.1843694096601078 1.783196239717979 1.8732391241147028 1.7846742758659311 57.500000000000007
decision_type=9 2 2 2 8 10 2 2 2 8 10 2 2 2
left_child=1 2 4 6 -1 -6 8 -8 -3 10 -10 12 -2 -14
right_child=11 3 -4 -5 5 -7 7 -9 9 -11 -12 -13 13 -15
leaf_value=-0.00091662630516414843 -9.491162463052062e-05 -0.00032419160156335191 -0.0016726050917735419 0.0025390899727784654 0.0016157746986453906 -0.0008430107888032464 -0.0013030138161605153 0.0011109646414821544 0.0019313891322850446 0.002672840299752368 -0.00096493469921406358 -0.00073467647486671591 0.0027057356973775744 0.00040933783480833315
leaf_weight=144 5928 122 204 127 329 141 158 101 142 113 100 479 101 290
leaf_count=144 5928 122 204 127 329 141 158 101 142 113 100 479 101 290
internal_value=1.01427e-05 0.000359881 -7.39368e-05 0.000775248 0.000457217 0.000878139 0.000470889 -0.000361655 0.000922942 0.00135153 0.000734561 -7.67566e-05 -2.70057e-05 0.00100253
internal_weight=8479 1681 818 863 614 470 736 259 477 355 242 6798 6319 391
internal_count=8479 1681 818 863 614 470 736 259 477 355 242 6798 6319 391
cat_boundaries=0 1
cat_threshold=304108616
is_linear=0
shrinkage=0.03


Tree=328
num_leaves=15
num_cat=3
split_feature=27 31 37 27 38 28 24 31 24 37 30 37 38 38
split_gain=0.160132 0.217052 0.195971 0.396838 0.363994 0.493469 0.414706 0.296314 0.271494 0.197794 0.178709 0.212089 0.141572 0.594787
threshold=6.9993692129629634 0.1106014271151886 0 6.9999710648148161 1.395328548669158 2.1058738425925934 58.034000000003658 2.292361087676754 80.781166666666635 1 111.50000000000001 2 1.4803169272060004 1.6079303973233694
decision_type=2 8 9 2 2 2 10 8 10 9 2 9 2 2
left_child=-1 -2 4 -4 5 6 -3 10 -7 -5 11 -6 -11 -14
right_child=1 2 3 9 7 8 -8 -9 -10 12 -12 -13 13 -15
leaf_value=-0.0011759341058010856 0.0012324875125505647 -9.9396489231902001e-05 0.0018942681790357178 -0.0010962267056276122 -0.0011022775433666538 -0.0014705162705527014 0.0025336936691861696 -0.0021922624052592345 0.00031377067789435388 -0.00012657966867892691 -0.0012451766497177275 0.00048093945669727711 0.00080268292644550688 -6.9325772533029251e-05
leaf_weight=108 124 102 101 135 110 154 114 124 153 3107 205 199 936 2840
leaf_count=108 124 102 101 135 110 154 114 124 153 3107 205 199 936 2840
internal_value=-2.81097e-05 -1.3359e-05 -3.20166e-05 2.71442e-05 -0.000391638 0.000191683 0.00129029 -0.000875954 -0.000581279 3.12072e-07 -0.000558401 -0.000102773 2.33778e-05 0.000146829
internal_weight=8512 8404 8280 7119 1161 523 216 638 307 7018 514 309 6883 3776
internal_count=8512 8404 8280 7119 1161 523 216 638 307 7018 514 309 6883 3776
cat_boundaries=0 1 2 3
cat_threshold=2148012067 134217856 35
is_linear=0
shrinkage=0.03


Tree=329
num_leaves=15
num_cat=2
split_feature=37 21 33 14 21 14 25 0 31 37 1 31 31 30
split_gain=0.198824 0.256467 0.339705 0.267805 0.239501 0.425278 0.3509 0.290677 0.447634 0.421485 0.251341 0.280908 0.56023 0.503365
threshold=0 161.50000000000003 1.0000000180025095e-35 2.5000000000000004 63.500000000000007 2.5000000000000004 0.48542159180457056 5.5000000000000009 1.9179829084725484 1 111.50000000000001 1.821574542623589 1.5004810776138553 196.30000000000004
decision_type=9 2 2 2 2 2 10 2 10 9 2 10 10 2
left_child=-1 4 3 -3 5 6 -2 8 -7 -9 11 12 -6 -13
right_child=1 2 -4 -5 10 7 -8 9 -10 -11 -12 13 -14 -15
leaf_value=0.00013589661661955139 -0.00095934476837095887 0.00051683557718142602 -0.0021668787983745879 -0.0011343976934144622 0.00031514607849097705 0.0024970053802594637 5.8543206919362211e-06 0.0011900390145595673 -0.00025870499098382425 -0.00040802609111821321 0.0016648286150302738 0.0022642245937087055 -0.0013134269915532231 -0.00052039468516279193
leaf_weight=4290 871 171 123 183 774 113 555 183 100 635 104 135 252 103
leaf_count=4290 871 171 123 183 774 113 555 183 100 635 104 135 252 103
internal_value=-8.47109e-06 -0.000152398 -0.000808683 -0.000336768 -7.09535e-05 -0.000248086 -0.000583689 0.000216093 0.00120324 -4.09527e-05 0.000247187 0.000130545 -8.48543e-05 0.00105912
internal_weight=8592 4302 477 354 3825 2457 1426 1031 213 818 1368 1264 1026 238
internal_count=8592 4302 477 354 3825 2457 1426 1031 213 818 1368 1264 1026 238
cat_boundaries=0 1 2
cat_threshold=270073572 10485762
is_linear=0
shrinkage=0.03


Tree=330
num_leaves=15
num_cat=1
split_feature=31 31 31 36 31 0 27 27 24 21 27 28 21 13
split_gain=0.155396 0.188218 0.176547 0.359898 0.29491 0.28262 0.195306 0.266262 0.298178 0.262709 0.254199 0.15179 0.167925 0.453434
threshold=8.173220338983052 11.800000000000002 5.1020956475013444 0 4.6669339748730296 8.5000000000000018 30.998680555555559 29.99912615740741 410.06833333333145 103.63333333333334 29.624641203703707 21.930173611111112 117.96666666666668 1.0000000180025095e-35
decision_type=10 10 10 9 10 2 2 2 10 2 2 2 2 2
left_child=2 -2 4 -4 6 -5 7 10 9 -9 11 12 -1 -14
right_child=1 -3 3 5 -6 -7 -8 8 -10 -11 -12 -13 13 -15
leaf_value=6.157960303716041e-05 0.0016140978670898395 -2.3972461402246898e-05 0.00087853426374925468 -0.0018153508418135413 0.0014948269320231658 -2.7630764412443471e-05 0.001082596538930712 -0.0018594359248982073 0.00075168582757169583 -0.00026866161102009423 0.0013234261405805493 0.0010947739752414432 -0.0011425597864651569 0.00011064135228958109
leaf_weight=5740 121 132 109 196 123 134 151 192 101 182 136 115 405 725
leaf_count=5740 121 132 109 196 123 134 151 192 101 182 136 115 405 725
internal_value=2.7021e-05 0.000759452 4.71927e-06 -0.000580787 3.73797e-05 -0.00105739 1.42396e-05 -6.99812e-06 -0.000694711 -0.00108532 3.88752e-05 1.38646e-05 -4.22923e-06 -0.000338515
internal_weight=8562 253 8309 439 7870 330 7747 7596 475 374 7121 6985 6870 1130
internal_count=8562 253 8309 439 7870 330 7747 7596 475 374 7121 6985 6870 1130
cat_boundaries=0 1
cat_threshold=16
is_linear=0
shrinkage=0.03


Tree=331
num_leaves=15
num_cat=1
split_feature=16 38 35 27 38 28 25 1 23 31 31 5 22 17
split_gain=0.134584 0.286842 0.554898 0.649916 0.809961 0.537905 0.411182 0.353898 0.938898 0.318852 0.77635 0.30557 0.6999 0.463939
threshold=1.0000000180025095e-35 1.400545796532952 0 27.999803240740743 1.306585163855835 15.638628472222225 0.37750000000000006 3.5000000000000004 82.500000000000014 1.1144551101072844 1.0004392299048519 0.28990000000000005 1304.9540000000002 1.5000000000000002
decision_type=2 2 1 2 2 2 10 2 2 10 10 2 2 2
left_child=-1 2 3 6 -5 7 -2 8 -3 10 -9 13 -13 -11
right_child=1 5 -4 4 -6 -7 -8 9 -10 11 -12 12 -14 -15
leaf_value=-0.00010004857413710568 0.0017665874605466213 -0.00026410020821594055 -9.8880534149147712e-05 0.00080984668449891179 0.0040649242586312953 -0.0018636558392484271 -1.8641312584558196e-05 -7.6144802266093857e-06 0.0032354849891057837 -0.00030264207559024299 0.0027782038942054245 -0.00088821255528261957 0.0012994620780925803 -0.0019878490752376177
leaf_weight=3920 154 188 899 167 117 140 472 459 109 1088 112 237 296 170
leaf_count=3920 154 188 899 167 117 140 472 459 109 1088 112 237 296 170
internal_value=2.91649e-05 0.000139086 0.000433507 0.000950105 0.00215085 -5.11988e-05 0.000420536 4.42295e-05 0.00102026 -7.84973e-05 0.000538816 -0.000275307 0.000326706 -0.000530373
internal_weight=8528 4608 1809 910 284 2799 626 2659 297 2362 571 1791 533 1258
internal_count=8528 4608 1809 910 284 2799 626 2659 297 2362 571 1791 533 1258
cat_boundaries=0 1
cat_threshold=24
is_linear=0
shrinkage=0.03


Tree=332
num_leaves=15
num_cat=2
split_feature=17 38 38 37 28 35 32 24 28 22 0 21 1 13
split_gain=0.220106 0.201832 0.576892 0.404244 0.421111 0.646784 0.402962 0.389202 0.536158 0.57225 0.352742 0.334147 0.294025 0.29342
threshold=3.5000000000000004 1.4803169272060004 1.395328548669158 0 0.67822337962962975 1 1.0000000180025095e-35 347.48466666666519 2.1521759259259263 1443.4020000000003 3.5000000000000004 23.500000000000004 25.500000000000004 0.50000000000000011
decision_type=2 2 2 9 2 1 2 8 2 2 2 2 2 2
left_child=1 2 3 -1 5 -5 -3 8 9 11 -8 -4 -6 -14
right_child=-2 6 7 4 12 -7 10 -9 -10 -11 -12 -13 13 -15
leaf_value=-0.0010569125614800633 0.0012955938599094054 -0.0011327338647353111 0.00028524819724334524 0.0022822543720139171 -0.00050324982956244239 0.00030021165512037916 -0.0010389444183374007 0.00052079593814042017 -0.0021498907488062789 0.0012945921776467838 0.00031170460067137917 -0.0018300091660206727 3.1129506264830777e-05 0.0012935392240214407
leaf_weight=250 129 198 100 178 818 749 182 164 270 122 3972 205 1072 196
leaf_count=250 129 198 100 178 818 749 182 164 270 122 3972 205 1072 196
internal_value=6.57152e-05 4.69972e-05 -0.000103388 7.88763e-05 0.000176041 0.000708656 0.000189504 -0.000794131 -0.00110353 -0.000441889 0.000252528 -0.00113648 -5.98053e-05 0.000226265
internal_weight=8605 8476 4124 3263 3013 927 4352 861 697 427 4154 305 2086 1268
internal_count=8605 8476 4124 3263 3013 927 4352 861 697 427 4154 305 2086 1268
cat_boundaries=0 1 2
cat_threshold=1077494020 8
is_linear=0
shrinkage=0.03


Tree=333
num_leaves=15
num_cat=0
split_feature=23 13 32 38 32 22 30 38 28 28 28 22 25 38
split_gain=0.13575 0.619364 0.648881 0.81478 0.38104 0.354041 0.262628 0.220898 0.336943 0.319863 0.201249 0.246122 0.231619 0.566601
threshold=158.50000000000003 1.0000000180025095e-35 16.500000000000004 1.5431886136165553 24.500000000000004 1461.1986250000002 360.75000000000006 0.98725786372330604 20.991348379629631 17.665509259259263 12.781886574074077 2921.2000000000003 0.51925925925925942 1.8451663867716344
decision_type=2 2 2 2 2 2 2 2 2 2 2 2 8 2
left_child=6 5 -3 4 -4 -2 7 -1 9 10 12 -12 -9 -14
right_child=1 2 3 -5 -6 -7 -8 8 -10 -11 11 -13 13 -15
leaf_value=-0.00080305988405553273 0.0025065719522214653 -0.0012678393278754531 0.002980135559565692 -0.0015399309232360817 0.00053664908448662304 0.00045059698966041107 -0.0012568080051008749 6.1834404002530124e-05 0.001291629322922899 -0.0016028965354249205 0.00013637905627119298 0.0019296264078785988 -0.0001920047592610456 -0.0023082512665948854
leaf_weight=323 145 286 107 103 124 157 162 4841 177 115 204 104 1533 123
leaf_count=323 145 286 107 103 124 157 162 4841 177 115 204 104 1533 123
internal_value=-2.00753e-05 0.000323645 -0.000219026 0.00067906 0.00166848 0.00143774 -6.1873e-05 -3.57842e-05 -8.63758e-07 -3.39232e-05 -7.40858e-06 0.000741891 -4.29303e-05 -0.00034919
internal_weight=8504 922 620 334 231 302 7582 7420 7097 6920 6805 308 6497 1656
internal_count=8504 922 620 334 231 302 7582 7420 7097 6920 6805 308 6497 1656
is_linear=0
shrinkage=0.03


Tree=334
num_leaves=15
num_cat=1
split_feature=37 27 1 28 16 1 30 21 31 21 22 21 32 31
split_gain=0.27351 0.251074 0.234024 0.766618 0.433184 0.429656 0.290998 0.279998 0.20338 0.307946 0.287598 0.280207 0.274732 0.194512
threshold=0 31.328431712962963 18.500000000000004 6.9361747685185202 1.0000000180025095e-35 31.500000000000004 116.50000000000001 58.558333333333337 2.5394102990033227 59.833333333333336 494.05000000000001 79.533333333333346 1.5000000000000002 1.4083069847657375
decision_type=9 2 2 2 2 2 2 2 10 2 2 2 2 10
left_child=2 -2 3 4 -1 7 8 -4 9 10 12 -11 -7 -6
right_child=1 -3 5 -5 13 6 -8 -9 -10 11 -12 -13 -14 -15
leaf_value=0.0018588897207344765 0.00010157600303053087 -0.001377166713987078 -0.00081306547686713895 -0.0020914182608994915 -0.0008189563508436159 0.00074107367923475554 0.0011894947199790659 -0.0028086005084597592 -0.0013424187536757598 -0.0020498765555021234 0.00126016139720931 -5.6969636629912114e-05 -0.0011611236165986532 0.00055246377027698705
leaf_weight=167 6527 105 149 117 149 121 107 110 188 128 161 126 157 248
leaf_count=167 6527 105 149 117 149 121 107 110 188 128 161 126 157 248
internal_value=-1.34796e-05 7.80464e-05 -0.000327022 0.000118539 0.000576988 -0.000572971 -0.000287856 -0.00166059 -0.000467284 -0.000229874 0.000251161 -0.00106127 -0.000333189 3.77494e-05
internal_weight=8560 6632 1928 681 564 1247 988 259 881 693 439 254 278 397
internal_count=8560 6632 1928 681 564 1247 988 259 881 693 439 254 278 397
cat_boundaries=0 1
cat_threshold=629158823
is_linear=0
shrinkage=0.03


Tree=335
num_leaves=15
num_cat=1
split_feature=37 27 1 1 7 0 0 24 30 30 1 24 21 1
split_gain=0.217469 0.27009 0.216383 0.379865 0.822849 0.389673 0.424202 0.315486 0.203139 0.489259 0.346677 0.15644 0.220332 0.187203
threshold=0 18.333043981481485 33.500000000000007 98.500000000000014 1.0000000180025095e-35 8.5000000000000018 6.5000000000000009 36.430833333333148 71.250000000000014 132.37500000000003 16.500000000000004 13.420333333333257 32.500000000000007 222.50000000000003
decision_type=9 2 2 2 2 2 2 10 2 2 2 8 2 2
left_child=1 2 8 5 -5 6 -4 -7 10 -10 -1 12 -2 -13
right_child=11 -3 3 4 -6 7 -8 -9 9 -11 -12 13 -14 -15
leaf_value=-0.00066047615707852619 -0.0011880235197380155 0.0018427049767758164 -0.0011378658330067992 -0.00062820165007210834 0.0025727142457489987 -0.00037158920540241526 0.0012306089248548058 -0.0022485343604736652 0.0029888009799644349 0.00035830255567894449 0.0015247100178884076 -1.0006541475449523e-05 0.00050673743044026194 0.0011226534128967506
leaf_weight=173 223 105 107 153 137 200 187 135 100 175 105 6586 100 134
leaf_count=173 223 105 107 153 137 200 187 135 100 175 105 6586 100 134
internal_value=5.31352e-05 0.000370352 0.000267843 -1.43099e-05 0.000883955 -0.000428454 0.000368613 -0.00112797 0.000736736 0.00131485 0.000164864 -1.83926e-05 -0.00066333 1.25792e-05
internal_weight=8620 1577 1472 919 290 629 294 335 553 275 278 7043 323 6720
internal_count=8620 1577 1472 919 290 629 294 335 553 275 278 7043 323 6720
cat_boundaries=0 1
cat_threshold=1345851728
is_linear=0
shrinkage=0.03


Tree=336
num_leaves=15
num_cat=3
split_feature=27 37 33 0 1 38 25 31 30 25 35 36 30 32
split_gain=0.202484 0.299557 0.48253 0.269665 0.706662 0.456643 0.267551 0.257228 0.467932 0.236552 0.41277 0.270061 0.394839 0.262905
threshold=17.423611111111114 0 1.0000000180025095e-35 9.5000000000000018 32.500000000000007 1.4734066723957471 0.47913043478260875 1.591693015234263 32.165000000000006 0.29772727272727278 1 2 167.50000000000003 6.5000000000000009
decision_type=2 9 2 2 2 2 10 10 2 10 1 9 2 2
left_child=1 2 7 9 -5 -6 -7 8 -1 10 -2 13 -13 -11
right_child=3 -3 -4 4 5 6 -8 -9 -10 11 -12 12 -14 -15
leaf_value=-0.00064129346911123806 0.0018148877595718571 -3.4189210352841266e-05 0.00058780172667144957 -0.00063310735001736735 0.00043128099535146128 0.0013724774962991749 0.0034793075738060804 -0.00020096473036306526 -0.0030214968353221325 -0.0013023021228422047 -0.00053984895098255952 0.000290178980754592 -0.0020883156923087731 0.00016124839300503066
leaf_weight=156 156 4960 174 220 199 109 108 136 142 118 110 116 137 1730
leaf_count=156 156 4960 174 220 199 109 108 136 142 118 110 116 137 1730
internal_value=-4.99624e-06 -0.000112081 -0.000734867 0.000193555 0.000741991 0.00146921 0.00242104 -0.00128209 -0.00177548 4.61931e-05 0.000889058 -6.0519e-05 -0.000959842 6.74317e-05
internal_weight=8571 5568 608 3003 636 416 217 434 298 2367 266 2101 253 1848
internal_count=8571 5568 608 3003 636 416 217 434 298 2367 266 2101 253 1848
cat_boundaries=0 1 2 3
cat_threshold=3418242 8 32
is_linear=0
shrinkage=0.03


Tree=337
num_leaves=15
num_cat=2
split_feature=37 31 31 26 38 1 1 30 38 5 1 1 1 35
split_gain=0.228188 0.292983 0.720933 0.336011 0.36266 0.281626 0.307883 0.301137 0.485602 0.437252 0.298181 0.30837 0.548724 0.417028
threshold=0 2.4757543249946594 2.3685450375054251 0.04083333333333334 1.8451663867716344 65.500000000000014 58.500000000000007 27.165000000000003 1.8360033260205799 0.11435000000000002 53.500000000000007 42.500000000000007 46.500000000000007 1
decision_type=9 8 10 8 2 2 2 2 2 2 2 2 2 1
left_child=-1 2 5 4 -3 6 10 -7 9 -9 11 13 -13 -2
right_child=1 3 -4 -5 -6 7 -8 8 -10 -11 -12 12 -14 -15
leaf_value=0.00017866205783891246 -0.0014602128833264161 -0.00012890863626076037 0.0023646576629712869 -0.0015410096093626334 -0.0016598684028572132 0.00079517710357200069 0.0015100317107124338 -0.00028138462704108944 0.00053766636995715086 -0.0022606996047155313 -0.0015235635453729696 0.0025003678772953296 -0.00018104949832503799 0.0001110909692896683
leaf_weight=3821 158 1371 116 219 155 119 134 176 160 234 106 126 151 1589
leaf_count=3821 158 1371 116 219 155 119 134 176 160 234 106 126 151 1589
internal_value=5.82033e-06 -0.000131467 4.47373e-05 -0.000442117 -0.000284412 -4.6394e-05 0.000115227 -0.000577467 -0.000864036 -0.00141104 2.74783e-05 0.000108709 0.00103866 -3.87414e-05
internal_weight=8635 4814 3069 1745 1526 2953 2264 689 570 410 2130 2024 277 1747
internal_count=8635 4814 3069 1745 1526 2953 2264 689 570 410 2130 2024 277 1747
cat_boundaries=0 1 2
cat_threshold=2672623776 2
is_linear=0
shrinkage=0.03


Tree=338
num_leaves=15
num_cat=1
split_feature=1 1 36 38 21 31 26 24 30 22 30 1 1 22
split_gain=0.206975 0.426352 0.413882 0.694274 0.560511 0.530372 0.470508 0.429444 0.347318 0.433014 0.349554 0.39066 0.451131 0.549435
threshold=29.500000000000004 35.500000000000007 0 1.7728246679076609 108.25000000000001 2.4757543249946594 1.0000000180025095e-35 199.9661666666577 170.12500000000003 1349.3500000000001 111.50000000000001 5.5000000000000009 20.500000000000004 166.55000000000004
decision_type=2 2 9 2 2 10 10 10 2 2 2 2 2 2
left_child=2 -2 4 -4 5 8 -6 -8 10 -10 11 -1 13 -13
right_child=1 -3 3 -5 6 -7 7 -9 9 -11 -12 12 -14 -15
leaf_value=-0.00029053582145547073 -0.00092270337762372361 -5.0978906073270095e-05 0.00038918293903143731 0.0029408046874906057 -0.0020753220964827811 -0.00041729339711914188 -0.0013843444341868493 0.0013488162508206989 0.00031498009654148138 0.0028756817745692704 -0.00054804228537519786 0.003263363466087737 7.4288395990151916e-06 0.0008843735416272753
leaf_weight=310 570 4425 580 115 201 903 105 102 123 115 324 126 255 285
leaf_count=310 570 4425 580 115 201 903 105 102 123 115 324 126 255 285
internal_value=-2.60449e-05 -0.000150455 0.000149302 0.000799885 -1.21699e-05 0.000159821 -0.00104146 -3.75696e-05 0.00049866 0.00155229 0.000305764 0.000589199 0.000998686 0.0016137
internal_weight=8539 4995 3544 695 2849 2441 408 207 1538 238 1300 976 666 411
internal_count=8539 4995 3544 695 2849 2441 408 207 1538 238 1300 976 666 411
cat_boundaries=0 1
cat_threshold=49
is_linear=0
shrinkage=0.03


Tree=339
num_leaves=15
num_cat=2
split_feature=1 1 1 27 37 13 37 38 38 34 1 1 6 32
split_gain=0.165075 0.136531 0.158484 0.179692 0.344164 0.446323 0.302993 0.265384 0.261055 0.224157 0.220062 0.216508 0.546045 0.309142
threshold=222.50000000000003 167.50000000000003 146.50000000000003 13.999947916666668 0 1.0000000180025095e-35 1 1.6672024527999298 1.5727816242986541 1.0000000180025095e-35 11.500000000000002 85.500000000000014 2.5000000000000004 19.500000000000004
decision_type=2 2 2 2 9 2 9 2 2 2 2 2 2 2
left_child=1 2 3 6 11 8 9 -7 -6 -1 -11 12 -5 -13
right_child=-2 -3 -4 4 5 7 -8 -9 -10 10 -12 13 -14 -15
leaf_value=0.00061098682403623182 0.00084948388422921377 -0.00082660598801014647 0.0010364075405024258 -4.9809773899023767e-06 0.00063577219804881329 0.00072422760350858428 -0.00030858501626086012 -0.0011975817852474461 0.0025818169268313792 -0.0014456869621709404 0.00014452653663159397 8.0694051280590719e-05 0.0019565858690757929 -0.0016720807585888396
leaf_weight=666 193 193 126 2726 109 171 3291 104 144 108 285 207 134 161
leaf_count=666 193 193 126 2726 109 171 3291 104 144 108 285 207 134 161
internal_value=-1.80071e-05 -3.78796e-05 -1.93878e-05 -3.57991e-05 0.000116208 0.000818541 -0.00016705 -2.56577e-06 0.0017434 0.000273127 -0.000292479 -1.20351e-06 8.69246e-05 -0.000686145
internal_weight=8618 8425 8232 8106 3756 528 4350 275 253 1059 393 3228 2860 368
internal_count=8618 8425 8232 8106 3756 528 4350 275 253 1059 393 3228 2860 368
cat_boundaries=0 1 2
cat_threshold=2758346752 3775440264
is_linear=0
shrinkage=0.03


Tree=340
num_leaves=15
num_cat=0
split_feature=30 30 38 24 26 17 24 24 24 0 38 24 38 30
split_gain=0.215645 0.614069 0.548073 0.303262 0.720665 0.301689 0.439136 0.410213 0.508682 0.449278 0.338792 0.296056 0.313761 0.285331
threshold=194.10000000000002 199.10000000000002 2.1192445318435138 403.83366666667052 1.0000000180025095e-35 1.5000000000000002 244.63599999999747 252.39966666666822 297.18233333333814 6.5000000000000009 1.6786480902716281 172.41716666666329 1.6707306250190983 243.55000000000004
decision_type=2 2 2 10 10 2 10 10 10 2 2 10 2 2
left_child=2 -2 3 -1 -5 7 -7 11 -9 13 -11 12 -3 -10
right_child=1 5 -4 4 -6 6 -8 8 9 10 -12 -13 -14 -15
leaf_value=7.1378896736684603e-05 -0.002233537359975446 9.3882204137264269e-05 -0.0020350187734260949 0.0023563732654746511 -0.00050164924950913943 0.0023004504079249398 -0.00026032893128855072 0.0019528444929580605 -0.0019705719384275231 7.5682014987433615e-05 0.0021097895626919073 -0.0013058077628816923 -0.0012493016199892869 -0.00015979396319962318
leaf_weight=5806 133 555 108 170 149 107 138 133 130 259 103 382 218 197
leaf_count=5806 133 555 108 170 149 107 138 133 130 259 103 382 218 197
internal_value=-8.90001e-06 -0.000253467 8.35042e-05 0.000120859 0.00102143 -0.000134948 0.000858052 -0.000258006 0.000254239 -7.36485e-05 0.000654447 -0.000622564 -0.00028492 -0.000879675
internal_weight=8588 2355 6233 6125 319 2222 245 1977 822 689 362 1155 773 327
internal_count=8588 2355 6233 6125 319 2222 245 1977 822 689 362 1155 773 327
is_linear=0
shrinkage=0.03


Tree=341
num_leaves=15
num_cat=2
split_feature=1 1 31 32 37 30 17 31 22 17 32 5 37 38
split_gain=0.296394 0.420163 0.41519 0.38018 0.321588 0.354398 0.479532 0.842691 0.55592 0.447326 0.345658 0.709976 0.318895 0.360731
threshold=12.500000000000002 13.500000000000002 4.5592757481182318 1.5000000000000002 0 179.02500000000003 1.5000000000000002 2.2152717697949975 10236.604000000001 1.5000000000000002 13.500000000000002 0.23305000000000003 1 1.4900192924647027
decision_type=2 2 10 2 9 2 2 10 2 2 2 2 9 2
left_child=2 -2 3 -1 -3 9 8 -8 -7 10 -6 -12 13 -5
right_child=1 4 -4 12 5 6 7 -9 -10 -11 11 -13 -14 -15
leaf_value=0.0020002429916425365 -0.0018255788937573674 -0.00026682095797198545 -0.0010776228948961943 0.00057420352536013421 0.00041644024404429456 -0.00014322875518141661 0.0032438586274678312 -0.00030089476453140374 -0.0023497874498337405 -0.00075745550624560563 0.0026621829549580613 -0.00038130675866903562 0.00016466647692700811 0.0027030165950528277
leaf_weight=152 113 2317 150 221 1733 1795 101 150 109 254 185 110 1082 106
leaf_count=152 113 2317 150 221 1733 1795 101 150 109 254 185 110 1082 106
internal_value=7.66584e-05 -1.13663e-05 0.00042994 0.000574806 1.8987e-05 0.000168457 -0.000107066 0.00112548 -0.00026955 0.000429385 0.000578033 0.00152732 0.000421032 0.00122676
internal_weight=8578 6867 1711 1561 6754 4437 2155 251 1904 2282 2028 295 1409 327
internal_count=8578 6867 1711 1561 6754 4437 2155 251 1904 2282 2028 295 1409 327
cat_boundaries=0 1 2
cat_threshold=650125467 275775522
is_linear=0
shrinkage=0.03


Tree=342
num_leaves=15
num_cat=3
split_feature=17 37 28 1 37 7 17 2 22 1 24 27 5 37
split_gain=0.20134 0.215932 0.307932 0.365248 0.371025 0.399324 0.371508 0.28567 0.350244 0.34892 0.538146 0.37715 0.298466 0.399409
threshold=3.5000000000000004 0 1.0800810185185188 110.50000000000001 1 1.0000000180025095e-35 1.0000000180025095e-35 1.0000000180025095e-35 1566.7500000000002 23.500000000000004 149.85466666666619 7.0089004629629637 0.21825000000000003 2
decision_type=2 9 2 2 9 2 2 2 2 2 10 2 2 9
left_child=1 2 7 4 6 -6 -4 9 -9 11 12 -1 13 -11
right_child=-2 -3 3 -5 5 -7 -8 8 -10 10 -12 -13 -14 -15
leaf_value=-0.0014482806681704798 0.0012352121125773659 -7.2926875368937438e-05 0.00053363784516833896 0.001446180924022984 7.1768195984423551e-06 -0.0023410504225523563 -0.0012985597101019333 0.00075782126004146481 -0.0013686380992899805 0.00097311073752031295 0.0027160728440325404 0.00049161815338833695 0.0016245973072764506 -0.00080899547301380647
leaf_weight=113 126 5889 388 108 113 154 134 131 149 275 147 447 218 179
leaf_count=113 126 5889 388 108 113 154 134 131 149 275 147 447 218 179
internal_value=4.48336e-05 2.70731e-05 0.000256753 -0.000190054 -0.000414026 -0.00129859 6.21137e-05 0.000499883 -0.000373759 0.000677273 0.00107187 0.000100174 0.0007122 0.000274089
internal_weight=8571 8445 2556 897 789 267 522 1659 280 1379 819 560 672 454
internal_count=8571 8445 2556 897 789 267 522 1659 280 1379 819 560 672 454
cat_boundaries=0 1 2 3
cat_threshold=2099811169 1879048225 271089664
is_linear=0
shrinkage=0.03


Tree=343
num_leaves=15
num_cat=3
split_feature=31 28 37 38 27 32 35 38 30 38 26 30 6 35
split_gain=0.220625 0.252867 0.222239 0.416369 0.736518 0.360579 0.239701 0.201821 0.556837 0.461334 0.312604 0.311416 0.295684 0.705957
threshold=0.28611556982343506 0.67822337962962975 0 1.5631424906428346 13.999369212962966 6.5000000000000009 1 1.674253511114981 265.77500000000003 1.7031924317150851 0.06186224489795919 242.05000000000004 2.5000000000000004 2
decision_type=8 2 9 2 2 2 1 2 2 2 10 2 2 1
left_child=1 -1 3 -2 -5 -6 -7 10 9 -9 12 -11 -4 -14
right_child=2 -3 7 4 5 6 -8 8 -10 11 -12 -13 13 -15
leaf_value=0.0001684126624968485 4.5966198418511493e-05 0.0020914783967004038 -8.5231647050443713e-05 0.0028488343145406862 0.0013629306201295485 0.00045138247568384242 -0.0014607003064373053 -0.0020071605010525671 0.00119845625187736 -0.00022073119213428371 0.0011579109073019535 -0.0018350139545357746 -0.0008372477505628655 0.002230097955567235
leaf_weight=160 1693 100 3435 143 173 121 101 160 200 1661 218 115 113 149
leaf_count=160 1693 100 3435 143 173 121 101 160 200 1661 218 115 113 149
internal_value=4.75557e-05 0.000908053 2.05418e-05 0.000275763 0.00100402 0.000336153 -0.000463994 -7.38917e-05 -0.000308575 -0.00046426 5.39612e-05 -0.00032526 -1.11351e-05 0.000960321
internal_weight=8542 260 8282 2231 538 395 222 6051 2136 1936 3915 1776 3697 262
internal_count=8542 260 8282 2231 538 395 222 6051 2136 1936 3915 1776 3697 262
cat_boundaries=0 1 2 3
cat_threshold=1232634856 22 19
is_linear=0
shrinkage=0.03


Tree=344
num_leaves=15
num_cat=1
split_feature=23 13 22 26 28 28 0 38 38 24 28 28 28 37
split_gain=0.220005 0.401949 0.561018 0.343934 0.482544 0.55077 0.309771 0.281569 0.578562 0.243472 0.179846 0.309617 0.374951 0.14945
threshold=149.50000000000003 1.0000000180025095e-35 1461.1986250000002 0.05634920634920635 14.450526620370374 4.402997685185186 8.5000000000000018 1.7479928734993464 1.5061164559111848 189.69133333333465 20.991348379629631 17.665509259259263 14.749137731481484 0
decision_type=2 2 2 10 2 2 2 2 2 10 2 2 2 9
left_child=10 2 -2 4 5 7 -4 8 -3 -7 11 12 13 -1
right_child=1 3 6 -5 -6 9 -8 -9 -10 -11 -12 -13 -14 -15
leaf_value=7.7696931724308921e-05 0.0017583147448569977 -0.00017716249236636024 0.00053630357416113836 -0.0024584042340849003 -0.0020247575307201426 0.0021194298281567167 -0.0015976210737414659 0.00028125198436014 -0.0030966152336636401 6.0513602530531519e-05 0.00086388223332024231 -0.0015255007582468791 0.0014555868960429933 -0.00020480651260926797
leaf_weight=3842 154 139 120 101 165 100 125 126 109 107 204 124 153 2988
leaf_count=3842 154 139 120 101 165 100 125 126 109 107 204 124 153 2988
internal_value=-7.71529e-05 -0.000445626 0.000339434 -0.000815448 -0.000593011 -0.000186404 -0.000552433 -0.00087358 -0.00146031 0.00105516 -1.43546e-05 -3.95636e-05 -1.31772e-05 -4.60793e-05
internal_weight=8557 1246 399 847 746 581 245 374 248 207 7311 7107 6983 6830
internal_count=8557 1246 399 847 746 581 245 374 248 207 7311 7107 6983 6830
cat_boundaries=0 1
cat_threshold=3692879361
is_linear=0
shrinkage=0.03


Tree=345
num_leaves=15
num_cat=5
split_feature=37 30 30 25 23 38 38 37 35 36 27 28 31 36
split_gain=0.200491 0.249296 0.65459 0.3476 0.231992 0.204679 0.366761 0.507294 0.47767 0.378162 0.837458 0.329367 0.94177 0.468932
threshold=0 45.050000000000004 49.500000000000007 0.61769230769230787 74.500000000000014 1.2680662299516168 1.5727816242986541 1 2 3 16.020740740740745 2.1058738425925934 1.839223276723277 4
decision_type=9 2 2 10 2 2 2 9 1 9 2 2 8 9
left_child=1 3 -3 4 -1 -2 8 -8 -7 10 -9 13 -13 -11
right_child=5 2 -4 -5 -6 6 7 9 -10 11 -12 12 -14 -15
leaf_value=-0.00049957526636690958 0.0011384762767006026 0.0023287974140516273 -3.2983361966098939e-05 -0.0017305271202449461 0.00087985800507714667 1.8418809679377414e-05 0.0021253039517955103 0.0034431110693634867 -0.0018419053864717069 -0.00089197825543580595 -0.00014727650818680108 0.0029218071965064381 -7.543826455899112e-05 0.0004120600630638513
leaf_weight=568 214 108 4786 174 136 541 131 102 152 496 137 127 367 480
leaf_count=568 214 108 4786 174 136 541 131 102 152 496 137 127 367 480
internal_value=3.62104e-05 -6.42612e-05 1.9136e-05 -0.000529852 -0.000233094 0.000246657 0.000172286 0.000393826 -0.000415931 0.000247221 0.0013294 6.34812e-05 0.000695109 -0.000255565
internal_weight=8519 5772 4894 878 704 2747 2533 1840 693 1709 239 1470 494 976
internal_count=8519 5772 4894 878 704 2747 2533 1840 693 1709 239 1470 494 976
cat_boundaries=0 1 2 3 4 5
cat_threshold=3863799820 135266306 25 4 48
is_linear=0
shrinkage=0.03


Tree=346
num_leaves=15
num_cat=4
split_feature=5 27 37 37 31 31 13 24 24 37 24 27 24 37
split_gain=0.173965 0.504543 0.401487 0.389874 0.343591 0.367441 0.335972 0.317216 0.71317 0.490112 0.44313 0.608229 0.386714 0.411985
threshold=0.11435000000000002 6.9996585648148155 0 1 7.7898305084745774 5.1020956475013444 1.0000000180025095e-35 82.384499999999989 116.65266666666663 2 55.387666666666668 18.142488425925929 48.29916666666665 3
decision_type=2 2 9 9 8 10 2 8 8 9 10 2 10 9
left_child=1 -1 -2 6 5 -4 -3 10 9 -9 11 12 13 -5
right_child=2 3 4 7 -6 -7 -8 8 -10 -11 -12 -13 -14 -15
leaf_value=-0.0016021512361782553 -0.0013347020022730981 0.001939418855038115 -7.3029363958992483e-05 -0.00090487825613758371 0.0014927143383829387 -0.0017431360264562237 0.00023965512857004696 0.0023970485399227724 0.00011195203632309326 -0.00011529032917724562 -0.0008354256570004639 0.0019110294508914957 0.0014923757898062467 0.00017497726700526495
leaf_weight=152 239 198 2703 516 120 124 222 214 2239 109 666 149 125 801
leaf_count=152 239 198 2703 516 120 124 222 214 2239 109 666 149 125 801
internal_value=-2.14102e-06 0.000101725 -0.000177891 0.00015116 -7.92768e-05 -0.000146285 0.00101676 7.34557e-05 0.000302061 0.00161987 -0.000185717 8.62545e-05 -0.000102297 -0.000253652
internal_weight=8577 5391 3186 5239 2947 2827 420 4819 2562 323 2257 1591 1442 1317
internal_count=8577 5391 3186 5239 2947 2827 420 4819 2562 323 2257 1591 1442 1317
cat_boundaries=0 1 2 3 4
cat_threshold=1593349 169345172 2424309762 2174754819
is_linear=0
shrinkage=0.03


Tree=347
num_leaves=15
num_cat=1
split_feature=37 25 38 0 24 31 31 38 31 27 33 22 22 21
split_gain=0.199663 0.338735 0.410813 0.216862 0.289207 0.267437 0.410311 0.202478 0.198486 0.303934 0.150293 0.558768 0.883418 0.370311
threshold=0 0.56205128205128219 2.0146308851687151 5.5000000000000009 67.837000000001296 2.6781286894923264 1.5201026298909559 2.0928937732388158 0.66943681318681325 13.999971064814817 1.0000000180025095e-35 1619.2460000000001 3841.1500000000005 140.16666666666671
decision_type=9 8 2 2 10 10 10 2 10 2 2 2 2 2
left_child=1 2 3 -1 5 6 8 10 -5 -10 -2 -12 -13 -14
right_child=7 -3 -4 4 -6 -7 -8 -9 9 -11 11 12 13 -15
leaf_value=0.00067224265793974932 -3.4217022759496078e-05 -0.001847539186423931 0.0015021374043253425 -9.3304588808678084e-05 0.00086363355569275357 -0.0021689891941995094 0.00087899302772283965 -0.0012606860712509264 -0.00075680540231901994 -0.0026984812985836534 -0.00012434279070005914 0.00257406664569155 0.00085486273945347281 -0.0012491115654104806
leaf_weight=139 5739 130 111 152 105 112 136 110 217 109 985 214 208 118
leaf_count=139 5739 130 111 152 105 112 136 110 217 109 985 214 208 118
internal_value=-4.21089e-05 -0.000397418 -0.000226704 -0.00042454 -0.000607997 -0.000820836 -0.000574919 1.67581e-05 -0.000988585 -0.00140602 3.61257e-05 0.000300845 0.00107642 9.33015e-05
internal_weight=8585 1211 1081 970 831 726 614 7374 478 326 7264 1525 540 326
internal_count=8585 1211 1081 970 831 726 614 7374 478 326 7264 1525 540 326
cat_boundaries=0 1
cat_threshold=590938665
is_linear=0
shrinkage=0.03


Tree=348
num_leaves=15
num_cat=4
split_feature=1 37 35 38 24 23 24 24 30 23 37 24 1 35
split_gain=0.198034 0.268453 0.286535 0.703536 0.258555 0.225502 0.577757 0.445809 0.385191 0.401639 0.518329 0.449717 0.263983 0.212751
threshold=168.50000000000003 0 1 1.7772362101009602 53.943333333333584 102.50000000000001 90.152000000001735 45.290999999999777 86.500000000000014 67.500000000000014 2 68.355666666666664 33.500000000000007 3
decision_type=2 9 1 2 10 2 10 10 2 2 9 10 2 1
left_child=1 5 3 -3 -2 8 7 -7 9 10 11 -1 -11 -9
right_child=4 2 -4 -5 -6 6 -8 13 -10 12 -12 -13 -14 -15
leaf_value=0.0024827369755273093 -0.0014784480951139857 -0.00037900734066699998 9.021643328056749e-05 0.0030435078990365795 8.1017297242992901e-05 0.0011371260292108068 0.0021885229587102323 -0.00015666457221249309 -0.0019967583129231995 -0.0019371169276490687 -0.000596243197720138 7.2155790211742411e-05 -7.422466797935259e-05 -0.0020593780130937897
leaf_weight=118 181 115 6367 102 203 119 107 117 141 187 430 170 108 102
leaf_count=118 181 115 6367 102 203 119 107 117 141 187 430 170 108 102
internal_value=1.17935e-05 4.3039e-05 0.000127716 0.00117556 -0.000654043 -0.000304521 0.000267288 -0.000340913 -0.000527658 -0.000323173 5.97248e-05 0.00102426 -0.00125511 -0.00114405
internal_weight=8567 8183 6584 217 384 1599 445 338 1154 1013 718 288 295 219
internal_count=8567 8183 6584 217 384 1599 445 338 1154 1013 718 288 295 219
cat_boundaries=0 1 2 3 4
cat_threshold=1216913955 4 8421378 20
is_linear=0
shrinkage=0.03


Tree=349
num_leaves=15
num_cat=0
split_feature=29 17 27 32 32 32 27 22 1 20 1 30 30 38
split_gain=0.347023 0.236364 0.200794 0.457823 0.3424 0.530331 0.465634 0.433818 0.393065 0.312451 0.300044 0.297879 0.343101 0.295568
threshold=5.5000000000000009 3.5000000000000004 24.683640046296301 6.5000000000000009 29.500000000000004 25.500000000000004 26.973952546296299 1891.5441250000001 7.5000000000000009 1.0000000180025095e-35 20.500000000000004 171.25000000000003 200.60000000000002 1.6558230709568942
decision_type=2 2 2 2 2 2 2 2 2 2 2 2 2 2
left_child=1 2 9 -4 5 6 -5 8 -8 -1 -10 -12 -13 -9
right_child=-2 -3 3 4 -6 -7 7 13 10 -11 11 12 -14 -15
leaf_value=8.3142138511481091e-05 0.0013549496378494469 0.0012737659748733763 -0.0018216511867684879 -0.0019029019782935981 -0.001427459965412647 0.0014490705731090802 0.001156775857825243 0.00087906341401817784 -0.002173252045261418 -0.0010416131999076029 0.00093104301852699688 -0.0022855627091944611 -0.00034582355224174597 -0.0004968360742681067
leaf_weight=5891 167 124 164 136 177 191 102 484 124 231 101 114 293 198
leaf_count=5891 167 124 164 136 177 191 102 484 124 231 101 114 293 198
internal_value=9.09002e-07 -2.62368e-05 -4.5881e-05 -0.000300229 -0.000170274 -4.26083e-05 -0.000226185 -6.51441e-05 -0.000571304 4.0702e-05 -0.000850203 -0.000527254 -0.000889141 0.000479609
internal_weight=8497 8330 8206 2084 1920 1743 1552 1416 734 6122 632 508 407 682
internal_count=8497 8330 8206 2084 1920 1743 1552 1416 734 6122 632 508 407 682
is_linear=0
shrinkage=0.03


Tree=350
num_leaves=15
num_cat=2
split_feature=37 0 5 31 30 32 23 27 35 22 31 33 23 27
split_gain=0.18607 0.303545 0.438176 0.340137 0.305226 0.477108 0.296666 0.45947 0.278331 0.365711 0.655839 0.362844 0.383633 0.341965
threshold=0 10.500000000000002 0.23305000000000003 0.38701972467639206 117.50000000000001 5.5000000000000009 101.50000000000001 13.99941550925926 1 532.75000000000011 0.83747257569109268 1.0000000180025095e-35 28.500000000000004 13.957795138888892
decision_type=9 2 2 10 2 2 2 2 1 2 10 2 2 2
left_child=1 3 6 -1 8 -6 7 -3 9 13 -11 12 -10 -5
right_child=-2 2 -4 4 5 -7 -8 -9 11 10 -12 -13 -14 -15
leaf_value=-0.0014259943470324287 -7.7127506824008091e-05 0.0013908751516262003 0.0026835260662890505 -0.0010144515893864248 -0.0019092045433849016 0.00012029284093296155 0.0017275576285984632 -0.0012038104433717356 0.0011794063163402138 0.00034203119205776603 0.0032299242162757286 0.0015989495561542836 -0.00073960228802213718 0.001359047162701551
leaf_weight=128 6217 105 100 119 141 400 112 148 122 150 134 110 405 101
leaf_count=128 6217 105 100 119 141 400 112 148 122 150 134 110 405 101
internal_value=7.85771e-06 0.000239388 0.000924123 6.47976e-05 0.000178247 -0.000408652 0.000442094 -0.000126965 0.000456522 0.000974044 0.00170463 3.12722e-05 -0.000295354 7.52001e-05
internal_weight=8492 2275 465 1810 1682 541 365 253 1141 504 284 637 527 220
internal_count=8492 2275 465 1810 1682 541 365 253 1141 504 284 637 527 220
cat_boundaries=0 1 2
cat_threshold=3380609239 24
is_linear=0
shrinkage=0.03


Tree=351
num_leaves=15
num_cat=1
split_feature=24 31 31 30 30 1 21 13 24 25 23 27 24 37
split_gain=0.173649 0.443731 0.441745 0.335058 0.391956 0.332909 0.153951 0.553983 0.439424 0.368832 0.336164 0.202811 0.326985 0.320958
threshold=415.33983333332935 1.16811088898138 3.50347924244396 273.5750000000001 192.22500000000002 34.500000000000007 150.85000000000002 1.0000000180025095e-35 53.570333333333231 0.40833333333333338 25.500000000000004 13.999623842592593 306.33566666667008 0
decision_type=10 8 10 2 2 2 2 2 10 10 2 2 10 9
left_child=6 -2 3 4 -3 -6 11 10 -9 -10 -8 12 13 -1
right_child=1 2 -4 -5 5 -7 7 8 9 -11 -12 -13 -14 -15
leaf_value=-0.0010645806864298629 0.0022196922492383865 -0.0012257389727958732 0.0014643547196833259 -0.0018476832430194881 -0.00050903036999807227 0.0017607082457871263 -0.0023118278443896765 0.001778937042563637 0.00046707961535561951 -0.0016662063290714285 -0.00027467392439055923 0.00013895694493413287 -0.001746776797843832 -2.3291515311426781e-05
leaf_weight=285 107 132 166 103 100 139 173 119 186 120 126 3939 116 2769
leaf_count=285 107 132 166 103 100 139 173 119 186 120 126 3939 116 2769
internal_value=-5.55551e-06 0.000431481 0.000132515 -0.00033391 8.63554e-05 0.000811027 -4.72338e-05 -0.000463991 0.00023206 -0.000369503 -0.00145336 -4.79014e-06 -0.000183408 -0.000124027
internal_weight=8580 747 640 474 371 239 7833 724 425 306 299 7109 3170 3054
internal_count=8580 747 640 474 371 239 7833 724 425 306 299 7109 3170 3054
cat_boundaries=0 1
cat_threshold=1075884033
is_linear=0
shrinkage=0.03


Tree=352
num_leaves=15
num_cat=3
split_feature=27 31 31 37 1 1 28 28 37 37 5 26 25 17
split_gain=0.198866 0.168576 0.462238 0.489045 0.456763 0.399314 0.392161 0.534507 0.342868 0.339292 0.292005 0.417626 0.41501 0.269054
threshold=6.9996585648148155 1.4192386392701852 1.6316860465116281 0 19.500000000000004 136.50000000000003 0.93167824074074079 2.0469849537037041 1 2 0.085150000000000017 0.047727272727272736 0.33666666666666673 1.0000000180025095e-35
decision_type=2 8 10 9 2 2 2 2 9 9 2 8 10 2
left_child=-1 5 3 -3 -5 6 8 -8 -2 -4 11 12 -9 -10
right_child=1 2 9 4 -6 -7 7 10 13 -11 -12 -13 -14 -15
leaf_value=-0.00094263679145261097 -0.0012268893359578213 -0.001557506181202618 0.0015965548497098054 0.0012399683917437697 -0.00062117061240174866 0.0015156960689462721 -0.002275161954329617 -0.0011488842358812689 0.0007712145722080689 1.8506811918873373e-05 -0.00091206662991046255 0.0016903405575673482 0.0010034339680531558 -7.0043849445431387e-05
leaf_weight=193 102 339 116 159 468 200 118 192 1070 4608 258 144 139 503
leaf_count=193 102 339 116 159 468 200 118 192 1070 4608 258 144 139 503
internal_value=9.5008e-06 3.13357e-05 -6.15979e-05 -0.000659547 -0.000146865 0.000225317 0.000123149 -0.000401271 0.000389586 6.06754e-05 -9.96079e-05 0.000341685 -0.000245041 0.000499032
internal_weight=8609 8416 5690 966 627 2726 2526 851 1675 4724 733 475 331 1573
internal_count=8609 8416 5690 966 627 2726 2526 851 1675 4724 733 475 331 1573
cat_boundaries=0 1 2 3
cat_threshold=205523014 33554481 134217747
is_linear=0
shrinkage=0.03


Tree=353
num_leaves=15
num_cat=0
split_feature=31 31 32 38 27 28 0 31 31 1 1 27 24 24
split_gain=0.244527 0.309951 0.254023 0.296303 0.442273 0.215252 0.203352 0.418626 0.539535 0.689494 0.512844 0.489812 1.02162 0.50652
threshold=0.62923872590659724 0.6909759149202378 6.5000000000000009 1.6672024527999298 13.999427083333336 0.53105902777777791 5.5000000000000009 2.2583927231807954 3.1562859952622087 10.500000000000002 5.5000000000000009 14.020572916666667 100.57766666666519 75.343166666665937
decision_type=8 8 2 2 2 2 2 10 10 2 2 2 10 10
left_child=2 -2 3 4 -1 -6 7 10 9 -9 -3 13 -13 -12
right_child=1 6 -4 -5 5 -7 -8 8 -10 -11 11 12 -14 -15
leaf_value=-0.00079535120868426249 0.0017580570020712912 -0.00057817272197525221 -0.0014202996908453524 -0.0011400829436882447 0.00015380526440484185 0.0019864265896831056 -1.0560659406578268e-05 0.00094555084644406488 0.00071681166861798404 -0.0017510120567503307 -0.00031532115488817246 0.0044213953517493795 0.00094490086507131247 0.0016592317219992464
leaf_weight=188 100 226 187 190 105 128 5812 122 313 284 327 100 318 182
leaf_count=188 100 226 187 190 105 128 5812 122 313 284 327 100 318 182
internal_value=4.73496e-05 9.86228e-05 -0.000452789 -0.000156677 0.00028714 0.00116057 7.70269e-05 0.00034896 -0.000219149 -0.000940715 0.000703227 0.00101563 0.0017766 0.000390708
internal_weight=8582 7784 798 611 421 233 7684 1872 719 406 1153 927 418 509
internal_count=8582 7784 798 611 421 233 7684 1872 719 406 1153 927 418 509
is_linear=0
shrinkage=0.03


Tree=354
num_leaves=15
num_cat=1
split_feature=37 28 28 27 24 23 26 22 30 28 30 14 30 30
split_gain=0.308039 0.305411 0.52973 0.361446 0.407792 0.373994 0.454099 0.394818 0.345213 0.314321 0.25338 0.224407 0.274852 0.228916
threshold=0 7.1530671296296306 3.0785185185185191 20.999826388888895 3.7850000000000006 67.500000000000014 0.039230769230769243 2751.3490000000006 92.500000000000014 11.00162615740741 13.250000000000002 1.5000000000000002 54.750000000000007 38.165000000000006
decision_type=9 2 2 2 8 2 10 2 2 2 2 2 2 2
left_child=10 2 3 4 -2 6 11 8 -7 -3 -1 -6 13 -13
right_child=1 9 -4 -5 5 7 -8 -9 -10 -11 -12 12 -14 -15
leaf_value=0.00082767744968064274 -0.0016684674682613477 -0.0022319872207984684 0.0013471641554497183 0.0012933215159976568 0.00078876697796193831 -0.00084581490067850255 0.0014379754652056084 0.00075219364544110644 -0.0028074620463453704 -0.00032450814791865502 -3.3365805223680915e-05 -0.00084301680302965116 -0.0013349925293757755 0.0010798362777323315
leaf_weight=324 241 155 168 104 133 361 177 105 104 156 6071 109 232 114
leaf_count=324 241 155 168 104 133 361 177 105 104 156 6071 109 232 114
internal_value=-9.46531e-05 -0.000403534 -0.000259028 -0.000419648 -0.000532686 -0.00032765 0.00010578 -0.000909359 -0.00128455 -0.00127518 1.02426e-05 -0.000295238 -0.000612101 0.000139966
internal_weight=8554 2159 1848 1680 1576 1335 765 570 465 311 6395 588 455 223
internal_count=8554 2159 1848 1680 1576 1335 765 570 465 311 6395 588 455 223
cat_boundaries=0 1
cat_threshold=4199561517
is_linear=0
shrinkage=0.03


Tree=355
num_leaves=15
num_cat=2
split_feature=0 38 21 1 27 17 29 4 21 1 13 1 36 36
split_gain=0.286573 0.28292 0.448749 0.331713 0.309023 0.243755 0.257465 0.25815 0.235678 0.535977 0.482824 0.858692 0.550621 0.549383
threshold=19.500000000000004 1.1631210325998844 102.35000000000001 21.500000000000004 13.999971064814817 2.5000000000000004 5.5000000000000009 1.0000000180025095e-35 98.950000000000017 135.50000000000003 1.0000000180025095e-35 37.500000000000007 0 1
decision_type=2 2 2 2 2 2 2 2 2 2 2 2 9 9
left_child=1 2 3 4 -1 6 7 8 -3 10 12 -12 -10 -13
right_child=-2 5 -4 -5 -6 -7 -8 -9 9 -11 11 13 -14 -15
leaf_value=-0.00026869196751254311 -0.0016410751281378483 -4.7027997986352543e-05 -0.0017303274047537052 0.0002168760258560792 -0.0022479287495391557 -0.00087339038811396472 0.0012984071912448087 -0.0010340258475469509 1.7223940002233052e-05 0.0024366149913652665 -0.00014477013552737118 0.0032096946291630957 -0.0023908020993724513 0.00084639204564944718
leaf_weight=191 103 5015 214 586 113 266 146 201 326 105 692 118 107 377
leaf_count=191 103 5015 214 586 113 266 146 201 326 105 692 118 107 377
internal_value=-6.82109e-05 -4.90545e-05 -0.000496863 -0.000200277 -0.0010044 1.81807e-05 5.16445e-05 2.54195e-05 5.70143e-05 0.000359491 0.000224862 0.00053767 -0.000632648 0.00149171
internal_weight=8560 8457 1104 890 304 7353 7087 6941 6740 1725 1620 1187 433 495
internal_count=8560 8457 1104 890 304 7353 7087 6941 6740 1725 1620 1187 433 495
cat_boundaries=0 1 2
cat_threshold=36 19
is_linear=0
shrinkage=0.03


Tree=356
num_leaves=15
num_cat=1
split_feature=27 21 37 28 23 21 1 23 1 28 13 1 27 27
split_gain=0.260445 0.230165 0.433484 0.32945 0.471655 0.562525 0.659818 0.416654 0.512829 0.413999 0.491882 0.370584 0.297442 0.48528
threshold=6.9996585648148155 17.166666666666668 0 7.2364699074074084 159.50000000000003 86.083333333333357 53.500000000000007 137.00000000000003 39.500000000000007 8.4320428240740757 0.50000000000000011 2.5000000000000004 30.619351851851857 28.281006944444449
decision_type=2 2 9 2 2 2 2 2 2 2 2 2 2 2
left_child=-1 2 -2 11 7 6 -6 9 -9 -5 12 -3 13 -11
right_child=1 3 -4 4 5 -7 -8 8 -10 10 -12 -13 -14 -15
leaf_value=-0.0010380575232707039 0.0022110979836674986 0.00057698665712318934 0.00026736466388900478 0.0015880343844706659 0.0039584208257000229 -0.00034161334095353428 0.00060285234917850736 -0.0025903377196352397 0.00038180315929751556 2.6731268033082629e-05 0.0016684015017869305 -0.00020331227149141407 0.001364986036586462 -0.0017471664630105358
leaf_weight=194 106 621 1035 200 107 110 104 105 104 737 158 4646 107 171
leaf_count=194 106 621 1035 200 107 110 104 105 104 737 158 4646 107 171
internal_value=4.8538e-05 7.39019e-05 0.000469661 1.09227e-05 0.000349236 0.00139773 0.00230449 0.000136489 -0.00111138 0.000326441 0.000111335 -0.000111312 -0.000131045 -0.00030734
internal_weight=8505 8311 1141 7170 1903 321 211 1582 209 1373 1173 5267 1015 908
internal_count=8505 8311 1141 7170 1903 321 211 1582 209 1373 1173 5267 1015 908
cat_boundaries=0 1
cat_threshold=402653186
is_linear=0
shrinkage=0.03


Tree=357
num_leaves=15
num_cat=1
split_feature=37 1 1 30 31 22 38 31 24 22 38 21 38 38
split_gain=0.225995 0.618677 0.274569 0.457411 0.229403 0.269415 0.196133 0.593864 0.575528 0.3513 0.343723 0.410025 0.715246 0.517475
threshold=0 97.500000000000014 20.500000000000004 36.250000000000007 0.82038299253489144 75.46250000000002 1.9090387393945429 1.200840336134454 17.324833333333959 3652.6060000000002 1.6480686289562863 104.66666666666667 1.4803169272060004 1.5762844250625376
decision_type=9 2 2 2 10 2 2 8 8 2 2 2 2 2
left_child=1 2 3 -1 -4 -6 10 -8 -9 -10 11 12 -2 -13
right_child=6 -3 4 -5 5 -7 7 8 9 -11 -12 13 -14 -15
leaf_value=0.0013280253179086571 7.2514176576814725e-05 0.0013828458228307041 -0.002377036144299825 -0.0011163913059717744 -0.0018805752546244929 -8.2176477679535325e-05 -0.00075916810060909739 0.002995719787681342 -0.00011280394236567972 0.0016518385420082149 -0.00030352752937049112 -7.3363320759911805e-05 0.001006534560369227 -0.0019170695178026842
leaf_weight=121 2761 141 121 160 129 179 223 112 259 167 1942 1076 1007 157
leaf_count=121 2761 141 121 160 129 179 223 112 259 167 1942 1076 1007 157
internal_value=3.38298e-05 -0.000427265 -0.000792756 -6.38133e-05 -0.00127022 -0.000835402 8.52074e-05 0.000542532 0.00108208 0.000578969 3.52042e-05 0.000166741 0.000322132 -0.000308126
internal_weight=8555 851 710 281 429 308 7704 761 538 426 6943 5001 3768 1233
internal_count=8555 851 710 281 429 308 7704 761 538 426 6943 5001 3768 1233
cat_boundaries=0 1
cat_threshold=134845085
is_linear=0
shrinkage=0.03


Tree=358
num_leaves=15
num_cat=1
split_feature=6 30 1 1 30 30 35 27 0 24 30 23 1 30
split_gain=0.245883 0.570009 0.792944 0.839178 0.315635 0.694568 0.532712 0.373546 0.464061 0.654738 0.577243 0.520712 0.340014 0.484167
threshold=2.5000000000000004 70.250000000000014 74.500000000000014 139.50000000000003 194.10000000000002 205.07500000000002 0 30.998709490740744 6.5000000000000009 107.82050000000076 223.82500000000002 113.50000000000001 42.500000000000007 247.55000000000004
decision_type=2 2 2 2 2 2 1 2 2 10 2 2 2 2
left_child=4 -2 -3 -4 -1 -6 7 8 9 -7 -10 -12 13 -11
right_child=1 2 3 -5 5 6 -8 -9 10 12 11 -13 -14 -15
leaf_value=1.6359966687639269e-05 -0.00081477215839549893 0.0029706182439113034 -0.0011273312409651804 0.0019548656758210008 -0.0019393779377173239 0.0010109359698357626 0.0013234051063725511 0.0013582963753679695 0.0017494995146647423 -0.0022149461831746562 -0.0013971908681436461 0.00022091194450873369 -0.0026036200657535086 -0.00010472464537849195
leaf_weight=5733 205 140 176 145 238 112 173 104 136 172 282 490 174 227
leaf_count=5733 205 140 176 145 238 112 173 104 136 172 282 490 174 227
internal_value=-5.20522e-05 0.000501357 0.00108662 0.000264938 -9.90577e-05 -0.000412952 -0.00021868 -0.000381438 -0.000497412 -0.00108693 -5.26752e-05 -0.000370157 -0.00149699 -0.00101439
internal_weight=8507 666 461 321 7841 2108 1870 1697 1593 685 908 772 573 399
internal_count=8507 666 461 321 7841 2108 1870 1697 1593 685 908 772 573 399
cat_boundaries=0 1
cat_threshold=9
is_linear=0
shrinkage=0.03


Tree=359
num_leaves=15
num_cat=3
split_feature=24 38 37 37 1 23 31 38 1 38 22 37 23 24
split_gain=0.180724 0.316898 0.291828 0.270204 0.728219 0.653457 0.205621 0.151652 0.391334 0.497283 0.498956 0.460829 0.550021 0.312392
threshold=7.486666666665756 1.6707306250190983 0 1 31.500000000000004 41.500000000000007 1.200840336134454 1.3891284655285505 7.5000000000000009 1.4900192924647027 5678.2500000000009 2 78.500000000000014 343.21749999999776
decision_type=8 2 9 9 2 2 8 2 2 2 2 9 2 8
left_child=1 2 -1 4 5 -2 -3 -5 11 10 13 -9 -13 -10
right_child=3 6 -4 7 -6 -7 -8 8 9 -11 -12 12 -14 -15
leaf_value=-5.8964966923337086e-05 0.0011349544168525768 -0.00090401501421417507 -0.002024429982624231 0.00010719527699964672 0.0020803180996881564 -0.0022144348012043697 0.00077525385698037485 0.0022629100803094795 -0.0016166232487330131 -0.00010974146670155198 0.0010065899188123127 -0.00088534961858143402 0.0012944955961586284 -7.8008080907766858e-05
leaf_weight=122 109 105 168 2924 192 101 175 107 508 3360 101 225 194 155
leaf_count=122 109 105 168 2924 192 101 175 107 508 3360 101 225 194 155
internal_value=-5.82945e-05 -0.000574358 -0.00126942 -2.14143e-05 0.000726877 -0.000475942 0.000145528 -6.20087e-05 -0.00016854 -0.000266829 -0.000957684 0.00060207 0.000121045 -0.00125692
internal_weight=8546 570 290 7976 402 210 280 7574 4650 4124 764 526 419 663
internal_count=8546 570 290 7976 402 210 280 7574 4650 4124 764 526 419 663
cat_boundaries=0 1 2 3
cat_threshold=39321600 136320368 1409810434
is_linear=0
shrinkage=0.03


Tree=360
num_leaves=15
num_cat=1
split_feature=37 38 22 38 38 23 25 38 23 38 13 22 26 32
split_gain=0.221411 0.314811 0.427871 0.346553 0.286714 0.744919 0.67868 0.468941 0.337428 0.274785 0.348129 0.439266 0.362429 0.326997
threshold=0 1.8732391241147028 3083.9500000000007 1.9160984674185728 1.7808593014450562 54.500000000000007 0.47913043478260875 1.7404660920600847 100.50000000000001 2.0583589362611492 1.0000000180025095e-35 8658.0000000000018 0.04083333333333334 1.5000000000000002
decision_type=9 2 2 2 2 2 10 2 2 2 2 2 10 2
left_child=1 4 3 -3 7 -6 -7 -1 -9 10 11 13 -12 -2
right_child=9 2 -4 -5 5 6 -8 8 -10 -11 12 -13 -14 -15
leaf_value=0.00013588958943988011 -0.00079992842358517506 -0.0026149160756628862 0.00071627301811989579 -0.00056797624835579663 0.002926267840218945 -0.00077244843732403052 0.0020627286112908506 -0.0024125342470544733 -3.1212115323742721e-05 0.00080001219006155993 -0.00042008158740737024 -0.0016991313216194047 -0.0016816970486453918 0.00062705692898388956
leaf_weight=5198 188 111 143 226 117 232 113 114 101 197 813 113 274 625
leaf_count=5198 188 111 143 226 117 232 113 114 101 197 813 113 274 625
internal_value=-1.0152e-05 7.98484e-05 -0.000658732 -0.00124219 0.000140328 0.000857692 0.000156175 7.91008e-05 -0.00129387 -0.000268102 -0.000373964 5.34797e-05 -0.000738097 0.000297078
internal_weight=8565 6355 480 337 5875 462 345 5413 215 2210 2013 926 1087 813
internal_count=8565 6355 480 337 5875 462 345 5413 215 2210 2013 926 1087 813
cat_boundaries=0 1
cat_threshold=3939260832
is_linear=0
shrinkage=0.03


Tree=361
num_leaves=15
num_cat=2
split_feature=27 37 5 38 23 35 23 23 30 5 38 30 30 38
split_gain=0.266142 0.210148 0.318576 0.180845 0.41779 0.412601 0.790944 0.39612 0.42264 0.305313 0.332575 0.351834 0.293686 0.303931
threshold=31.139942129629635 0 0.11435000000000002 1.3819814147696705 95.500000000000014 1 67.500000000000014 152.50000000000003 207.10000000000002 0.28175000000000006 1.3293958961496439 106.50000000000001 275.27500000000003 1.2525543601075786
decision_type=2 9 2 2 2 1 2 2 2 2 2 2 2 2
left_child=1 2 -1 4 5 6 9 12 -9 10 11 -3 13 -6
right_child=-2 3 -4 -5 7 -7 -8 8 -10 -11 -12 -13 -14 -15
leaf_value=-0.00013916542164224666 -0.0014431627628579736 -0.0005748431100341167 -0.0022273485944140701 -0.00012418335512273058 -0.0013250488380595327 5.2777831849244062e-05 0.0027324066520811562 -0.00077666725418941277 0.0013393712943177232 -0.00088360599663108591 0.0021089558880997912 0.001225135668073287 -0.0023769938170124078 0.00031467858469113707
leaf_weight=192 125 193 100 5320 219 1241 173 153 191 125 126 198 100 190
leaf_count=192 125 193 100 5320 219 1241 173 153 191 125 126 198 100 190
internal_value=-6.89302e-05 -4.87707e-05 -0.000826009 -2.01627e-05 0.000170002 0.000401576 0.000920747 -0.000388167 0.000398226 0.0004469 0.000768589 0.000336655 -0.000919639 -0.000563317
internal_weight=8646 8521 292 8229 2909 2056 815 853 344 642 517 391 509 409
internal_count=8646 8521 292 8229 2909 2056 815 853 344 642 517 391 509 409
cat_boundaries=0 1 2
cat_threshold=18362384 24
is_linear=0
shrinkage=0.03


Tree=362
num_leaves=15
num_cat=2
split_feature=23 20 37 24 1 30 13 32 30 31 31 22 5 35
split_gain=0.193527 0.157438 0.782136 0.613434 0.316008 0.219092 0.330862 0.565664 0.27781 0.246952 0.432439 0.341536 0.399029 0.394453
threshold=207.50000000000003 1.0000000180025095e-35 0 328.26683333333648 51.500000000000007 289.02500000000003 1.0000000180025095e-35 30.500000000000004 275.27500000000003 3.6862836919354938 4.1843694096601078 1725.48125 0.26970000000000005 1
decision_type=2 2 9 10 2 2 2 2 2 10 10 2 2 1
left_child=1 5 -3 4 -4 8 -7 -8 9 -1 -11 12 13 -12
right_child=-2 2 3 -5 -6 6 7 -9 -10 10 11 -13 -14 -15
leaf_value=0.00011403152262691698 -0.0011875421849328045 -0.0026860191881353654 9.4587076208171468e-05 -0.001672811728612696 0.0022407474460963716 -0.00052406517753441782 0.0020535020687683196 -0.00049625678868385167 -0.0013017509421065663 -0.0019329542858819576 0.0013983306777816708 0.00093166428697723127 -0.0021689082702151803 -0.00071363314444335461
leaf_weight=6452 118 102 146 111 107 145 229 119 139 144 104 196 107 254
leaf_count=6452 118 102 146 111 107 145 229 119 139 144 104 196 107 254
internal_value=1.88974e-05 3.59363e-05 -0.000499885 0.000181518 0.00100225 6.7587e-05 0.000679935 0.0011816 2.67694e-05 5.22157e-05 -0.000443232 -0.000118694 -0.000561425 -8.09761e-05
internal_weight=8473 8355 466 364 253 7889 493 348 7396 7257 805 661 465 358
internal_count=8473 8355 466 364 253 7889 493 348 7396 7257 805 661 465 358
cat_boundaries=0 1 2
cat_threshold=278937600 18
is_linear=0
shrinkage=0.03


Tree=363
num_leaves=15
num_cat=2
split_feature=30 32 30 22 28 38 38 35 38 24 31 28 28 35
split_gain=0.232493 0.521577 0.25791 0.233559 0.419517 0.307977 0.71452 0.551639 0.495385 0.43454 0.405144 0.398663 0.292251 0.277365
threshold=324.57500000000005 30.500000000000004 296.02500000000003 1711.7312500000005 20.991348379629631 1.2455941970795092 1.4373918070380183 0 1.3293958961496439 38.196499999999808 3.0695184816355225 6.0645370370370379 10.160497685185186 1
decision_type=2 2 2 2 2 2 2 1 2 10 10 2 2 1
left_child=2 -2 3 13 5 11 8 9 -7 10 -8 -5 -9 -1
right_child=1 -3 -4 4 -6 6 7 12 -10 -11 -12 -13 -14 -15
leaf_value=-0.0008782321800106101 0.0018102193681478001 -0.00069628169142355717 -0.0010359855864854044 0.0004934378182386151 0.0020073477075570017 0.00013502702536061405 -0.00074639901036529675 -0.000230673503462765 0.002166825640739666 0.0013551837153100046 0.0014497652137652039 -0.0014638560844311564 -0.0018746428614167597 -4.9851516875575084e-05
leaf_weight=384 188 124 219 162 114 180 252 1076 270 393 108 222 107 4796
leaf_count=384 188 124 219 162 114 180 252 1076 270 393 108 222 107 4796
internal_value=1.01124e-05 0.000814046 -2.01698e-05 7.41744e-06 0.000223795 0.000150392 0.000277295 2.7003e-05 0.00135411 0.000656709 -8.75497e-05 -0.000638123 -0.000376187 -0.000113052
internal_weight=8595 312 8283 8064 2884 2770 2386 1936 450 753 360 384 1183 5180
internal_count=8595 312 8283 8064 2884 2770 2386 1936 450 753 360 384 1183 5180
cat_boundaries=0 1 2
cat_threshold=21 4
is_linear=0
shrinkage=0.03


Tree=364
num_leaves=15
num_cat=0
split_feature=23 27 5 30 30 30 22 0 38 27 5 38 28 1
split_gain=0.172383 0.172728 0.15679 0.187977 0.449157 0.33964 0.28998 0.356336 0.342893 0.304405 0.38902 0.227203 0.15264 0.40661
threshold=203.00000000000003 30.998680555555559 0.81665000000000021 253.72500000000002 260.75000000000006 246.05000000000004 1391.0015000000005 6.5000000000000009 1.862865261706796 26.973952546296299 0.10265000000000002 1.3601234430892697 6.3179513888888899 18.500000000000004
decision_type=2 2 2 2 2 2 2 2 2 2 2 2 2 2
left_child=1 2 3 5 -5 12 7 -6 9 10 -8 -11 -1 -14
right_child=-2 -3 -4 4 6 -7 8 -9 -10 11 -12 -13 13 -15
leaf_value=-2.8515636003215317e-05 -0.00096806912773754429 0.0010190384952319701 0.0010450891819000787 -0.0021347243510382737 -0.0004935798697988502 0.0016655306856171424 -0.00055686996927586929 0.0017135421168775512 0.0011269049281720073 -0.0010841660614965892 -0.0029646212842547276 0.00063061648860457343 -0.00048230168938611024 0.00059041507535260909
leaf_weight=5324 150 165 137 114 122 119 146 143 100 123 103 160 434 1190
leaf_count=5324 150 165 137 114 122 119 146 143 100 123 103 160 434 1190
internal_value=3.99535e-05 5.79968e-05 3.86941e-05 2.1626e-05 -0.00036099 7.63628e-05 -0.000135566 0.000697433 -0.000484845 -0.000787806 -0.00155285 -0.000114678 4.91448e-05 0.000303741
internal_weight=8530 8380 8215 8078 1011 7067 897 265 632 532 249 283 6948 1624
internal_count=8530 8380 8215 8078 1011 7067 897 265 632 532 249 283 6948 1624
is_linear=0
shrinkage=0.03


Tree=365
num_leaves=15
num_cat=1
split_feature=27 27 24 31 21 38 37 12 38 28 31 38 30 30
split_gain=0.251544 0.796349 0.419949 0.336124 0.290315 0.376555 0.227501 0.23464 0.417176 0.34974 0.227722 0.359321 0.356873 0.286111
threshold=29.624641203703707 29.99902777777778 186.69383333333363 2.0784133602125912 115.93333333333335 1.4231692147213142 0 1.0000000180025095e-35 1.6209031945423489 0.89800347222222232 1.5126086035176944 1.498919085927511 45.050000000000004 33.250000000000007
decision_type=2 2 10 10 2 2 9 2 2 2 10 2 2 2
left_child=6 -2 3 -3 5 -4 10 -8 9 -9 12 -12 13 -1
right_child=1 2 4 -5 -6 -7 7 8 -10 -11 11 -13 -14 -15
leaf_value=6.5046248547493161e-05 0.0026556409328834215 -0.0022282810199207494 0.0013317569606378673 -1.2124693310263273e-05 0.001659061095401115 -0.00080202902367328415 -0.00020890548466191732 0.0025403093906903734 -0.00064862250036020191 0.00021993201063014568 0.00014896771883399321 0.0024470330506699369 0.0012327063368235947 -0.0017253354179449256
leaf_weight=272 124 105 125 149 153 184 6524 114 157 120 145 106 157 114
leaf_count=272 124 105 125 149 153 184 6524 114 157 120 145 106 157 114
internal_value=-5.69616e-05 0.000436019 5.16153e-05 -0.000928252 0.00059033 6.1153e-05 -0.000110679 -0.000165884 0.000547707 0.00135037 0.000367568 0.00111947 2.67758e-05 -0.000463719
internal_weight=8549 840 716 254 462 309 7709 6915 391 234 794 251 543 386
internal_count=8549 840 716 254 462 309 7709 6915 391 234 794 251 543 386
cat_boundaries=0 1
cat_threshold=134766926
is_linear=0
shrinkage=0.03


Tree=366
num_leaves=15
num_cat=5
split_feature=38 31 23 22 31 35 17 37 32 37 23 16 35 37
split_gain=0.223311 0.515581 0.493655 0.493937 0.406492 0.334621 0.24499 0.193116 0.272943 0.23013 0.227928 0.287357 0.221509 0.350735
threshold=1.9090387393945429 1.200840336134454 79.500000000000014 3819.7015000000001 0.40720431576072119 0 1.0000000180025095e-35 1 6.5000000000000009 2 176.50000000000003 1.0000000180025095e-35 3 4
decision_type=2 8 2 2 8 1 2 9 2 9 2 2 1 9
left_child=4 6 -3 -4 5 -1 -2 8 9 -6 12 -12 -9 -14
right_child=1 2 3 -5 7 -7 -8 10 -10 -11 11 -13 13 -15
leaf_value=0.0019371606716576703 -0.0016256063751608875 0.0021807187417289243 -0.00077658270642606776 0.0015102418811322792 0.00087533955571416299 6.5963246117187847e-05 0.00035216960042495937 8.9091333674955062e-05 -0.0016015965863286207 -0.00054566304345351102 0.00019153368599232167 -0.0013340717473582355 -1.7890341216070267e-05 -0.00090192785010502572
leaf_weight=148 126 192 184 158 118 202 102 4302 180 526 186 276 1257 588
leaf_count=148 126 192 184 158 118 202 102 4302 180 526 186 276 1257 588
internal_value=-3.66975e-05 0.000453438 0.000963343 0.000279904 -8.46846e-05 0.000914445 -0.000740812 -0.000131731 -0.000562014 -0.000280174 -7.71169e-05 -0.000719867 -2.89341e-05 -0.000302976
internal_weight=8545 762 534 342 7783 350 228 7433 824 644 6609 462 6147 1845
internal_count=8545 762 534 342 7783 350 228 7433 824 644 6609 462 6147 1845
cat_boundaries=0 1 2 3 4 5
cat_threshold=1 540283015 2097157 26 1455424008
is_linear=0
shrinkage=0.03


Tree=367
num_leaves=15
num_cat=1
split_feature=25 24 24 0 38 36 31 31 38 30 31 24 27 32
split_gain=0.175059 0.460254 0.353086 0.30501 0.401816 0.477135 0.481643 0.457221 0.400779 0.352587 0.327228 0.312686 0.318192 0.290031
threshold=0.3418750000000001 210.44716666666702 18.804166666666863 4.5000000000000009 1.8130030962212562 0 1.6696380125571664 1.1144551101072844 1.7479928734993464 180.25000000000003 1.5201026298909559 86.438000000000699 17.003738425925928 3.5000000000000004
decision_type=8 10 8 2 2 9 8 10 2 2 10 10 2 2
left_child=1 3 -2 -1 8 6 7 -6 9 11 -11 12 13 -5
right_child=2 -3 -4 4 5 -7 -8 -9 -10 10 -12 -13 -14 -15
leaf_value=0.0010742451817296989 -0.00090245936424079756 -0.0013749033490854218 -9.2748069055635247e-05 -0.00085242238474893381 0.0022130917959613723 -0.00037855726981965394 0.0032127318526052424 -0.00058372426677394558 -0.0015488956075047477 -0.002061450652951418 9.2387985968962313e-05 0.0010356531536509063 0.0014703131991585618 0.00020783533944734303
leaf_weight=328 535 174 5154 380 100 185 107 111 159 129 125 321 114 597
leaf_count=328 535 174 5154 380 100 185 107 111 159 129 125 321 114 597
internal_value=-7.29776e-05 0.000119839 -0.000168894 0.000217762 9.70893e-05 0.000847832 0.00152524 0.000741781 -0.000109828 2.75144e-05 -0.00100149 0.000212619 -2.95391e-05 -0.000204547
internal_weight=8519 2830 5689 2656 2328 503 318 211 1825 1666 254 1412 1091 977
internal_count=8519 2830 5689 2656 2328 503 318 211 1825 1666 254 1412 1091 977
cat_boundaries=0 1
cat_threshold=7
is_linear=0
shrinkage=0.03


Tree=368
num_leaves=15
num_cat=1
split_feature=37 22 21 1 30 22 27 24 38 32 22 21 30 1
split_gain=0.250239 0.16938 0.174325 0.250292 0.147082 0.140777 0.127786 0.415293 0.396076 0.443315 0.311507 0.472482 0.294598 0.26037
threshold=0 1914.0000000000002 27.500000000000004 51.500000000000007 163.02500000000003 14292.450000000003 29.165914351851857 197.88933333333119 1.7640522733386785 27.500000000000004 1900.9126250000002 85.791666666666686 333.55000000000007 20.500000000000004
decision_type=9 2 2 2 2 2 2 10 2 2 2 2 2 2
left_child=1 2 3 -1 -4 6 12 13 9 10 11 -9 -2 -8
right_child=5 -3 4 -5 -6 -7 7 8 -10 -11 -12 -13 -14 -15
leaf_value=0.00029725633323702839 5.0570057508157679e-05 0.00059567694185086732 -0.002027407145191638 -0.0012354140481221731 -0.0005122582663234336 -0.0010511630658498583 -0.0017781720462240627 0.0026242709954801412 -0.00061110196483627681 -0.00066465807866563308 0.0026169017485378511 0.00015956685247199077 -0.0013860898281497353 5.1867593711346e-05
leaf_weight=235 6622 104 131 162 103 102 100 105 146 101 157 210 131 233
leaf_count=235 6622 104 131 162 103 102 100 105 146 101 157 210 131 233
internal_value=6.62136e-06 -0.000519039 -0.00071099 -0.000328166 -0.00136048 5.607e-05 7.06118e-05 0.000378163 0.00078381 0.00113923 0.00152524 0.000981135 2.27006e-05 -0.000497694
internal_weight=8642 735 631 397 234 7907 7805 1052 719 573 472 315 6753 333
internal_count=8642 735 631 397 234 7907 7805 1052 719 573 472 315 6753 333
cat_boundaries=0 1
cat_threshold=67970937
is_linear=0
shrinkage=0.03


Tree=369
num_leaves=15
num_cat=2
split_feature=27 27 37 36 30 24 17 21 30 30 21 30 27 26
split_gain=0.258975 0.252093 0.201964 0.27297 0.443471 0.269103 0.226539 0.203211 0.246206 0.370318 0.305524 0.26308 0.209004 0.250297
threshold=30.998680555555559 31.328431712962963 0 1 30.165000000000003 82.384499999999989 1.0000000180025095e-35 17.166666666666668 162.12500000000003 138.16500000000002 30.166666666666668 200.60000000000002 13.999890046296299 0.020869565217391309
decision_type=2 2 9 9 2 8 2 2 2 2 2 2 2 8
left_child=2 -2 3 5 -5 7 -7 -1 9 10 -9 -10 13 -12
right_child=1 -3 -4 4 -6 6 -8 8 11 -11 12 -13 -14 -15
leaf_value=0.0010363571064869973 0.0021035544697951989 1.4739432193052308e-05 -0.00010461668850861492 -0.00038351410886869553 0.0021341659089860817 0.00094786905873693724 -0.00025213025315706409 -0.0017571773851689483 0.0017755736678838729 -0.00196089587179729 -0.0014136382584222294 -0.0001812815591822275 0.00083331412591394923 4.8501385470497144e-05
leaf_weight=121 104 104 5981 103 162 479 201 105 100 130 141 162 189 417
leaf_count=121 104 104 5981 103 162 479 201 105 100 130 141 162 189 417
internal_value=1.36128e-05 0.00105915 -1.2617e-05 0.000225065 0.00111357 0.00010507 0.000593163 -0.000137313 -0.000251473 -0.000469472 -0.000241907 0.00056561 -2.89177e-05 -0.000320964
internal_weight=8499 208 8291 2310 265 2045 680 1365 1244 982 852 262 747 558
internal_count=8499 208 8291 2310 265 2045 680 1365 1244 982 852 262 747 558
cat_boundaries=0 1 2
cat_threshold=412378897 49
is_linear=0
shrinkage=0.03


Tree=370
num_leaves=15
num_cat=3
split_feature=27 31 37 24 1 37 13 31 5 38 35 5 1 31
split_gain=0.30992 0.256006 0.426524 0.255845 0.351202 0.290215 0.247444 0.149643 0.122936 0.377432 0.288562 0.165468 0.524504 0.387172
threshold=6.9996585648148155 8.173220338983052 0 3.2871666666666903 28.500000000000004 1 1.0000000180025095e-35 1.783196239717979 0.56350000000000011 1.6827308558998098 2 0.34055000000000007 89.500000000000014 1.8762045512381398
decision_type=2 10 9 8 2 9 2 8 2 2 1 2 2 10
left_child=-1 3 -3 4 -2 6 -5 -6 11 10 -10 -7 13 -13
right_child=1 2 -4 5 7 8 -8 -9 9 -11 -12 12 -14 -15
leaf_value=-0.0011940286454552298 0.00057588741381693143 0.0023496733584263559 -0.00012874692442597119 0.0018785500000565863 -0.00078344275881178096 -2.4332554809400828e-06 8.2628384955895647e-05 -0.0023270659213420002 0.0012558245810720583 -0.0019531900627565344 -0.00079468150685694237 -0.00071583459421215815 0.001812354094017604 0.00083618562104461214
leaf_weight=184 115 104 144 146 130 6392 131 100 105 113 124 309 194 272
leaf_count=184 115 104 144 146 130 6392 131 100 105 113 124 309 194 272
internal_value=2.38952e-05 5.06404e-05 0.00100014 2.168e-05 -0.00077776 5.71035e-05 0.000993354 -0.00145458 2.12149e-05 -0.000534439 0.000165644 4.77596e-05 0.000461737 1.07566e-05
internal_weight=8563 8379 248 8131 345 7786 277 230 7509 342 229 7167 775 581
internal_count=8563 8379 248 8131 345 7786 277 230 7509 342 229 7167 775 581
cat_boundaries=0 1 2 3
cat_threshold=153094272 137633857 8
is_linear=0
shrinkage=0.03


Tree=371
num_leaves=15
num_cat=2
split_feature=37 30 25 11 22 31 36 38 38 1 14 31 31 24
split_gain=0.284731 0.244103 0.330778 0.233831 0.290171 0.294082 0.20604 0.354025 0.374179 0.402836 0.358915 0.427234 0.341047 0.313292
threshold=0 15.250000000000002 0.56205128205128219 1.0000000180025095e-35 5597.8500000000013 3.2948938677315356 1 1.3186753866994663 1.4063984530183327 18.500000000000004 1.5000000000000002 1.0527308838133072 1.4759870837675764 92.285999999998026
decision_type=9 2 10 2 2 8 9 2 2 2 2 10 10 10
left_child=1 2 -1 4 5 6 7 -2 -9 12 -11 -12 -10 -8
right_child=3 -3 -4 -5 -6 -7 13 8 9 10 11 -13 -14 -15
leaf_value=0.001844232952344322 0.00027892424125234861 6.9235894796417364e-05 -0.00027077965928973361 -0.00163133094938738 -0.0015040664850926862 -0.00093751868807150627 0.00015380826499147087 -0.001374129749061708 -0.00029384292222769747 0.00090303360497125899 0.00036672937787791835 -0.001626107540920838 0.0019223216718195803 0.0019238690607511122
leaf_weight=164 864 4947 112 105 145 359 596 332 124 111 141 309 126 106
leaf_count=164 864 4947 112 105 145 359 596 332 124 111 141 309 126 106
internal_value=-2.05688e-05 0.000117454 0.000985967 -0.000237474 -0.000192663 -0.000130683 -2.37602e-05 -0.000178466 -0.000525771 -0.000178478 -0.000624816 -0.00100169 0.000823104 0.000415168
internal_weight=8541 5223 276 3318 3213 3068 2709 2007 1143 811 561 450 250 702
internal_count=8541 5223 276 3318 3213 3068 2709 2007 1143 811 561 450 250 702
cat_boundaries=0 1 2
cat_threshold=3104857521 17
is_linear=0
shrinkage=0.03


Tree=372
num_leaves=15
num_cat=2
split_feature=31 37 17 24 24 31 37 31 21 26 27 6 22 31
split_gain=0.209418 0.366517 0.496088 0.657895 0.519952 0.400391 0.341863 0.323603 0.267459 0.265956 0.410063 0.354152 0.331896 0.268386
threshold=1.5126086035176944 0 1.0000000180025095e-35 174.82500000000351 157.05049999999582 1.302478580171359 1 1.7085313261190753 46.500000000000007 0.02355875831485588 13.418373842592596 1.5000000000000002 6978.2500000000009 1.7085313261190753
decision_type=10 9 2 10 10 8 9 10 2 8 2 2 2 10
left_child=1 2 3 8 -4 -5 9 -8 -1 -2 -11 12 13 -12
right_child=6 -3 4 5 -6 -7 7 -9 -10 10 11 -13 -14 -15
leaf_value=-0.00032128531469425073 0.00018758427512735915 5.9926346080784089e-05 -0.00062509883641505282 0.0017966394900168115 -0.0029458797791204619 -0.00054445301305831352 0.0022802589763551411 0.00048730125552563954 -0.0018390381018767452 -0.0020723271126091175 -0.0014933459791936911 0.0010270586361405141 -0.001880072149459836 4.3519193752396432e-05
leaf_weight=288 3127 2309 229 185 140 102 104 703 164 111 120 188 119 692
leaf_count=288 3127 2309 229 185 140 102 104 703 164 111 120 188 119 692
internal_value=2.59468e-05 -0.000156245 -0.000601842 -0.000158712 -0.00150561 0.000964614 0.000146503 0.000709571 -0.000871974 4.049e-05 -0.000333135 -0.000160615 -0.000400446 -0.000183604
internal_weight=8581 3417 1108 739 369 287 5164 807 452 4357 1230 1119 931 812
internal_count=8581 3417 1108 739 369 287 5164 807 452 4357 1230 1119 931 812
cat_boundaries=0 1 2
cat_threshold=1779468665 2497722628
is_linear=0
shrinkage=0.03


Tree=373
num_leaves=15
num_cat=3
split_feature=1 37 37 14 30 30 16 22 32 25 36 32 27 24
split_gain=0.18592 0.67073 0.33188 0.461392 0.426533 0.456569 0.457498 0.586881 0.39282 0.268081 0.33953 0.377067 0.262964 0.563073
threshold=32.500000000000007 0 1 2.5000000000000004 142.42500000000004 181.10000000000002 1.0000000180025095e-35 1923.4803750000003 14.500000000000002 0.11000000000000001 2 4.5000000000000009 29.616950231481486 318.34849999999631
decision_type=2 9 9 2 2 2 2 2 2 10 9 2 2 10
left_child=1 -1 3 -2 9 6 7 -6 -8 -4 11 -11 13 -7
right_child=2 -3 4 -5 5 12 8 -9 -10 10 -12 -13 -14 -15
leaf_value=0.0021029039382916771 -6.6720382020919738e-05 0.00010010495110531899 0.0010389594955123819 0.002278569600734514 0.0015502376640506553 0.00011833993148502488 0.0030543993737082928 -0.0015727506154666422 0.0007616160090501402 -0.00068405189647756772 -0.00035234335793572422 -0.0028586836667681063 0.00059462188486454788 -0.0013158688455816158
leaf_weight=147 193 3719 106 124 104 800 120 113 153 203 1986 111 371 356
leaf_count=147 193 3719 106 124 104 800 120 113 153 203 1986 111 371 356
internal_value=2.75593e-05 0.000181957 -9.83696e-05 0.000824665 -0.000166013 0.000155373 0.000952161 -7.60189e-05 0.00176943 -0.000436128 -0.00050411 -0.00140795 -0.00010031 -0.000323337
internal_weight=8606 3866 4740 317 4423 2017 490 217 273 2406 2300 314 1527 1156
internal_count=8606 3866 4740 317 4423 2017 490 217 273 2406 2300 314 1527 1156
cat_boundaries=0 1 2 3
cat_threshold=2097177 134779264 32
is_linear=0
shrinkage=0.03


Tree=374
num_leaves=15
num_cat=1
split_feature=37 31 31 24 23 25 17 24 1 38 22 38 1 25
split_gain=0.240849 0.262537 0.404233 0.31706 0.432714 0.432245 0.399812 0.609878 0.280604 0.242671 0.356179 0.268138 0.338216 0.191497
threshold=0 0.98907071189679896 1.1025975288833789 6.2545000000001165 58.500000000000007 0.29772727272727278 1.0000000180025095e-35 191.71016666666679 31.500000000000004 2.0583589362611492 8792.1860000000015 1.9160984674185728 34.500000000000007 0.46863636363636368
decision_type=9 8 8 10 2 10 2 10 2 2 2 2 2 8
left_child=-1 3 8 -2 5 -5 7 -6 -3 10 11 13 -13 -4
right_child=1 2 9 4 6 -7 -8 -9 -10 -11 -12 12 -14 -15
leaf_value=-0.00020697853305097589 -0.0019326239610493827 0.00044450951455574897 -4.0167723331425454e-05 0.001993414109390705 -0.001294758295840692 -0.00050657190221290176 -0.0024122319346759468 0.0016153995352662885 0.002649913065113833 -0.0012134071562659779 -0.0014268197346245868 6.4796928474503869e-06 0.0023366244445641002 0.00035509547933814512
leaf_weight=2739 104 108 2004 133 172 117 100 104 100 114 120 106 119 2454
leaf_count=2739 104 108 2004 133 172 117 100 104 100 114 120 106 119 2454
internal_value=2.47921e-05 0.000133341 0.000209386 -0.000398709 -0.000143874 0.000823421 -0.000787021 -0.000198177 0.0015048 0.000154587 0.000187057 0.000228412 0.00123887 0.000177413
internal_weight=8594 5855 5125 730 626 250 376 276 208 4917 4803 4683 225 4458
internal_count=8594 5855 5125 730 626 250 376 276 208 4917 4803 4683 225 4458
cat_boundaries=0 1
cat_threshold=3523253207
is_linear=0
shrinkage=0.03


Tree=375
num_leaves=15
num_cat=0
split_feature=31 1 32 1 38 21 38 1 38 22 1 24 1 1
split_gain=0.204038 0.447707 0.421645 0.343735 0.256017 0.41019 0.526928 0.32848 0.284973 0.487806 0.305876 0.289412 0.384322 0.378015
threshold=2.3393548387096779 97.500000000000014 23.500000000000004 155.50000000000003 1.6707306250190983 92.708333333333343 1.6279459121781568 65.500000000000014 1.2756013216036213 1711.7312500000005 37.500000000000007 384.59266666667077 2.5000000000000004 22.500000000000004
decision_type=10 2 2 2 2 2 2 2 2 2 2 10 2 2
left_child=-1 4 3 -3 5 6 8 -6 9 10 -2 12 -10 -14
right_child=1 2 -4 -5 7 -7 -8 -9 11 -11 -12 -13 13 -15
leaf_value=8.0783369083693298e-05 -0.00065993967096752331 0.0020972138903672488 -0.00083402521663304902 -6.9352823775261637e-05 -0.0011992157915955322 -0.0018073856579621859 0.0019708855467562248 0.00021585598436913139 0.0013762839552523061 0.0021507935517648649 0.00098161287099803583 -0.0016099211040063429 -0.001727670640811058 -7.6557652998699579e-05
leaf_weight=5696 296 183 115 103 572 128 109 199 110 108 156 177 175 435
leaf_count=5696 296 183 115 103 572 128 109 199 110 108 156 177 175 435
internal_value=-2.3099e-05 -0.000229559 0.000700085 0.00131695 -0.000380791 -0.00017453 -4.10652e-05 -0.000833977 -0.000191582 0.00033942 -9.33861e-05 -0.000523088 -0.000255908 -0.000550238
internal_weight=8562 2866 401 286 2465 1694 1566 771 1457 560 452 897 720 610
internal_count=8562 2866 401 286 2465 1694 1566 771 1457 560 452 897 720 610
is_linear=0
shrinkage=0.03


Tree=376
num_leaves=15
num_cat=3
split_feature=23 30 23 31 32 37 1 38 38 38 37 38 37 0
split_gain=0.221638 0.284144 0.242832 0.200859 0.179063 0.386674 0.388862 0.953328 0.59153 0.376327 0.409332 0.375326 0.348468 0.297787
threshold=195.50000000000003 333.55000000000007 182.50000000000003 4.8694037915972448 3.5000000000000004 0 27.500000000000004 1.6590352575833585 1.6402695526308433 1.3819814147696705 1 1.2565792163963028 2 12.500000000000002
decision_type=2 2 2 10 2 9 2 2 2 2 9 2 9 2
left_child=1 2 4 -2 9 6 8 -8 -6 10 -1 -12 -11 -14
right_child=3 -3 -4 -5 5 -7 7 -9 -10 12 11 -13 13 -15
leaf_value=-0.00031792520963888919 -0.0017390284200401738 -0.0010447662067145681 0.0010721643747188287 6.8062420684145762e-05 -0.0011286493456501461 3.3313437020146767e-05 0.0037659736078287671 -0.0001580290184911648 0.0017343291555507443 -0.0015287393263594211 0.00022244589781333313 0.0027780712568772218 -6.2178955614685446e-05 -0.0014317883508793855
leaf_weight=249 124 218 205 100 146 5560 114 109 117 227 101 106 989 167
leaf_count=249 124 218 205 100 146 5560 114 109 117 227 101 106 989 167
internal_value=-1.09331e-06 2.40136e-05 5.28139e-05 -0.000932291 2.6312e-05 0.000105158 0.000907721 0.00184796 0.000144995 -0.000232906 0.000514474 0.00146056 -0.000479331 -0.000257808
internal_weight=8532 8308 8090 224 7885 6046 486 223 263 1839 456 207 1383 1156
internal_count=8532 8308 8090 224 7885 6046 486 223 263 1839 456 207 1383 1156
cat_boundaries=0 1 2 3
cat_threshold=1216352258 46145810 1077942403
is_linear=0
shrinkage=0.03


Tree=377
num_leaves=15
num_cat=0
split_feature=27 31 31 28 0 30 1 26 23 31 27 31 30 31
split_gain=0.16866 0.142876 0.590857 0.292285 0.255326 0.403491 0.253981 0.229899 0.206536 0.285764 0.266229 0.806034 0.456272 0.436046
threshold=31.139942129629635 1.8048797023563459 1.7743207489569555 15.785370370370371 4.5000000000000009 160.02500000000003 6.5000000000000009 0.031754032258064523 134.50000000000003 1.4812770183432644 18.333043981481485 1.1025975288833789 154.75000000000003 1.5201026298909559
decision_type=2 8 10 2 2 2 2 8 2 10 2 10 2 10
left_child=1 2 3 4 5 6 -1 -8 10 -10 12 -12 -6 -13
right_child=-2 -3 -4 -5 8 -7 7 -9 9 -11 11 13 -14 -15
leaf_value=-0.00079642068152123489 -0.0011124814864888321 -9.685877956489758e-05 0.0023821039925566697 -0.0012600454682544569 0.00010722990995991302 0.0024806779254897267 6.465636575690229e-05 0.0018411451812340494 -7.408722864188762e-05 -0.0020082305018469921 0.0023608635129273264 -0.00078388627706411874 -0.0013784083467565805 0.0011524401523520754
leaf_weight=121 120 4440 104 139 2115 100 146 119 220 100 181 265 204 173
leaf_count=121 120 4440 104 139 2115 100 146 119 220 100 181 265 204 173
internal_value=4.29519e-06 2.0198e-05 0.000150555 9.07862e-05 0.000140937 0.000782381 0.000342407 0.0008624 4.52524e-05 -0.000678507 0.000124083 0.000676831 -2.34601e-05 -1.90815e-05
internal_weight=8547 8427 3987 3883 3744 486 386 265 3258 320 2938 619 2319 438
internal_count=8547 8427 3987 3883 3744 486 386 265 3258 320 2938 619 2319 438
is_linear=0
shrinkage=0.03


Tree=378
num_leaves=15
num_cat=1
split_feature=38 27 38 13 38 38 30 26 38 17 6 27 1 37
split_gain=0.273384 0.154559 0.342556 0.421868 0.303101 0.346712 0.52159 0.311275 0.296188 0.337286 0.289626 0.25897 0.217427 0.481698
threshold=2.151563557723343 28.280746527777783 1.8732391241147028 1.0000000180025095e-35 1.1672344706531776 1.3985624559654004 200.60000000000002 0.039230769230769243 1.6209031945423489 1.0000000180025095e-35 1.0000000180025095e-35 27.999803240740743 29.500000000000004 0
decision_type=2 2 2 2 2 2 2 10 2 2 2 2 2 9
left_child=1 11 3 10 -5 6 -6 8 9 -7 -3 12 13 -1
right_child=-2 2 -4 4 5 7 -8 -9 -10 -11 -12 -13 -14 -15
leaf_value=-0.00067769993438269018 -0.0013558202099445606 -0.00026396946323611848 -0.001893424020008663 -0.0011638950039771622 0.0029140239823609586 -0.0011981482350903964 0.00022776624406871726 -0.0014374947902422558 0.0011003923726888994 0.00096685158813904432 -0.0024077204106164709 0.0013830545335280272 -4.8264539181714004e-05 0.00044585583605796732
leaf_weight=390 124 122 103 134 105 169 171 115 225 105 106 143 4054 2487
leaf_count=390 124 122 103 134 105 169 171 115 225 105 106 143 4054 2487
internal_value=4.25622e-05 6.3134e-05 -0.00023039 -9.35745e-05 0.000166277 0.00036655 0.00124971 -3.04418e-05 0.000293829 -0.000368495 -0.00126063 0.000119357 9.32849e-05 0.000292743
internal_weight=8553 8429 1355 1252 1024 890 276 614 499 274 228 7074 6931 2877
internal_count=8553 8429 1355 1252 1024 890 276 614 499 274 228 7074 6931 2877
cat_boundaries=0 1
cat_threshold=771756160
is_linear=0
shrinkage=0.03


Tree=379
num_leaves=15
num_cat=1
split_feature=28 1 7 37 6 1 27 24 1 27 23 17 28 26
split_gain=0.180723 0.171994 0.478942 0.542564 0.207004 0.422103 0.530622 0.193853 0.36764 0.327758 0.234466 0.413577 0.250592 0.209705
threshold=27.590653935185188 168.50000000000003 1.0000000180025095e-35 0 2.5000000000000004 74.500000000000014 13.999913194444447 410.06833333333145 27.500000000000004 28.281006944444449 172.50000000000003 1.0000000180025095e-35 20.991348379629631 1.0000000180025095e-35
decision_type=2 2 2 9 2 2 2 10 2 2 2 2 2 10
left_child=1 4 -3 -4 7 -6 -7 10 13 -10 12 -12 -1 -9
right_child=-2 2 3 -5 5 6 -8 8 9 -11 11 -13 -14 -15
leaf_value=-3.9270503578483907e-05 -0.0012394017789887988 -0.0018313026622155245 -0.0012377499957644455 0.0016604805199383961 0.0016934288649601071 0.0012416912238942843 -0.001237788192832461 -0.00048474950945913615 0.0010518334778299666 -0.00079770632423626785 0.0014430635655729158 -0.00064958645390185313 0.0012348465511409737 -0.0021875950393316257
leaf_weight=6423 108 167 101 113 198 146 166 124 170 175 257 127 142 137
leaf_count=6423 108 167 101 113 198 146 166 124 170 175 257 127 142 137
internal_value=-1.99712e-05 -4.37822e-06 -0.000627241 0.000312378 2.50465e-05 0.000610025 -7.7519e-05 -1.44425e-05 -0.000529037 0.000113661 3.04337e-05 0.000750963 -1.17115e-05 -0.00137858
internal_weight=8554 8446 381 214 8065 510 312 7555 606 345 6949 384 6565 261
internal_count=8554 8446 381 214 8065 510 312 7555 606 345 6949 384 6565 261
cat_boundaries=0 1
cat_threshold=35653632
is_linear=0
shrinkage=0.03


Tree=380
num_leaves=15
num_cat=1
split_feature=24 27 31 27 31 37 24 32 38 30 30 22 13 25
split_gain=0.204391 0.401426 0.520215 0.320323 0.288777 0.25405 0.34189 0.375979 0.508605 0.365399 0.728245 0.618718 0.355652 0.396789
threshold=426.55816666666891 29.616950231481486 3.3691925433176455 30.343460648148152 2.1097505018640668 0 362.38183333334752 16.500000000000004 1.211948608547325 179.02500000000003 130.50000000000003 1774.8968750000001 1.0000000180025095e-35 0.51925925925925942
decision_type=10 2 10 2 8 9 10 2 2 2 2 2 2 10
left_child=5 2 4 -3 -2 -1 7 9 -9 10 -7 -11 -10 -14
right_child=1 3 -4 -5 -6 6 -8 8 12 11 -12 -13 13 -15
leaf_value=9.7798340257663761e-05 0.00028846622648994304 0.0024698504255905463 0.0014597950263960727 0.0002114138512406498 -0.0014795972874098633 -0.00042037401630581282 -0.0012705323690127388 -0.00098100583946128203 -0.00096614791416666575 -0.0026929840502128294 0.0012613433811996659 -9.8160626502552374e-05 0.0003898637476652909 0.0018726163450532307
leaf_weight=3889 151 130 146 100 185 2007 272 219 108 153 262 180 494 242
leaf_count=3889 151 130 146 100 185 2007 272 219 108 153 262 180 494 242
internal_value=-2.99153e-05 0.00045672 -3.53465e-05 0.00148792 -0.000685021 -7.41888e-05 -0.000243708 -0.000168167 0.000307226 -0.000362381 -0.000226187 -0.00129038 0.000641495 0.000877399
internal_weight=8538 712 482 230 336 7826 3937 3665 1063 2602 2269 333 844 736
internal_count=8538 712 482 230 336 7826 3937 3665 1063 2602 2269 333 844 736
cat_boundaries=0 1
cat_threshold=2505106654
is_linear=0
shrinkage=0.03


Tree=381
num_leaves=15
num_cat=1
split_feature=25 1 31 27 29 38 32 31 31 31 1 37 1 25
split_gain=0.223619 0.371216 0.368157 0.728656 0.383094 0.313047 0.403477 0.2855 0.36611 0.313202 0.302313 0.280702 0.572891 0.334345
threshold=0.36181818181818187 152.50000000000003 2.0297841757511592 17.003738425925928 1.5000000000000002 1.3846331676639978 6.5000000000000009 1.0741549409671685 0.83747257569109268 1.16811088898138 52.500000000000007 0 65.500000000000014 0.33666666666666673
decision_type=10 2 10 2 2 2 2 8 10 8 2 9 2 8
left_child=1 2 11 4 5 -4 -7 8 10 -9 -2 12 -1 -13
right_child=7 -3 3 -5 -6 6 -8 9 -10 -11 -12 13 -14 -15
leaf_value=-5.5832691048586589e-05 0.00047256375393132721 0.00155252842371903 0.00089785241828549921 0.0030388038878861284 0.0011864783326187504 0.00031879133019934998 -0.0022172676229845444 0.0014941071719322509 -0.0017766395913239455 -6.4461838570852451e-05 -0.0012352784717108542 0.00010511269403901207 -0.0017559643330977495 0.0017432825419306755
leaf_weight=925 239 176 123 105 269 110 116 119 198 4668 153 1089 221 125
leaf_count=925 239 176 123 105 269 110 116 119 198 4668 153 1089 221 125
internal_value=1.63858e-05 0.000212472 0.000135972 0.000728267 0.0003357 -0.000320058 -0.000982903 -0.000102462 -0.000725135 -2.57174e-05 -0.000194018 -4.54811e-05 -0.000380375 0.000271551
internal_weight=8636 3259 3083 723 618 349 226 5377 590 4787 392 2360 1146 1214
internal_count=8636 3259 3083 723 618 349 226 5377 590 4787 392 2360 1146 1214
cat_boundaries=0 1
cat_threshold=216532995
is_linear=0
shrinkage=0.03


Tree=382
num_leaves=15
num_cat=2
split_feature=30 30 37 7 1 28 37 0 30 38 38 27 1 38
split_gain=0.223514 0.261761 0.23169 0.265349 0.687993 0.398626 0.381557 0.361808 0.355021 0.446411 0.252957 0.242675 0.20136 0.162278
threshold=387.75000000000006 333.55000000000007 0 1.0000000180025095e-35 97.500000000000014 1.1232986111111114 1 6.5000000000000009 72.500000000000014 1.5324871415736629 1.2957554572201195 12.999716435185187 41.500000000000007 0.99992301308194964
decision_type=2 2 9 2 2 2 9 2 2 2 2 2 2 2
left_child=1 2 13 6 5 11 7 -4 9 -8 -7 -5 -9 -1
right_child=-2 -3 3 4 -6 10 8 12 -10 -11 -12 -13 -14 -15
leaf_value=-0.00081111509918690863 0.001353977093727074 -0.0013175311561725619 0.0011265406277054316 -0.001133710945799738 0.0021047617151911946 -0.00041972024403022306 -0.00087081988990256516 0.0002934868499869481 -0.0001303574904808816 -0.0035799974880905616 -0.0024870006288634614 0.00046251406601150439 -0.0013013457487900987 0.00011722286805629829
leaf_weight=174 110 135 143 107 126 114 111 114 112 108 100 431 190 6508
leaf_count=174 110 135 143 107 126 114 111 114 112 108 100 431 190 6508
internal_value=1.03586e-05 -7.08482e-06 1.41325e-05 -0.00030247 5.31757e-05 -0.000290574 -0.000707717 -0.000115324 -0.00146012 -0.00220685 -0.00138574 0.000145049 -0.000703284 9.29098e-05
internal_weight=8583 8473 8338 1656 878 752 778 447 331 219 214 538 304 6682
internal_count=8583 8473 8338 1656 878 752 778 447 331 219 214 538 304 6682
cat_boundaries=0 1 2
cat_threshold=4040231846 134795272
is_linear=0
shrinkage=0.03


Tree=383
num_leaves=15
num_cat=1
split_feature=22 31 33 25 38 31 37 24 22 38 22 25 31 31
split_gain=0.507504 0.447491 0.237397 0.391603 0.50737 0.352144 0.636789 0.404625 0.408609 0.395248 0.36265 0.335553 0.393721 0.329622
threshold=10820.35 1.0611799304874792 1.0000000180025095e-35 0.63484848484848488 1.5189112462845002 3.4211241418764309 0 33.871666666665995 6331.4577500000005 1.3254496541994423 802.43712500000004 0.45972972972972981 1.2808240993126334 3.6862836919354938
decision_type=2 10 2 8 2 10 9 8 2 2 2 10 8 8
left_child=2 -2 3 13 -5 7 -7 11 9 10 -9 12 -4 -1
right_child=1 -3 5 4 -6 6 -8 8 -10 -11 -12 -13 -14 -15
leaf_value=-1.1024926867426022e-05 -0.00013544147452100729 -0.0028540234244428574 0.00034830233193933961 0.0001502384550782357 0.0020669403510434285 0.0025085779763953371 -0.00044996380582921391 0.00015361785877083018 -0.001725938627118012 -0.00028928187882932009 0.0020803682310889435 -0.00026741664291838181 0.002856365572119695 -0.00068011986375998592
leaf_weight=5220 117 102 100 429 175 157 109 221 120 721 146 108 129 759
leaf_count=5220 117 102 100 429 175 157 109 221 120 721 146 108 129 759
internal_value=2.4063e-05 -0.00140163 6.12594e-05 -2.24205e-05 0.000705574 0.000365437 0.00137363 0.000191857 -6.45708e-05 0.000118668 0.000920118 0.00111104 0.00176114 -9.59627e-05
internal_weight=8613 219 8394 6583 604 1811 266 1545 1208 1088 367 337 229 5979
internal_count=8613 219 8394 6583 604 1811 266 1545 1208 1088 367 337 229 5979
cat_boundaries=0 1
cat_threshold=402655232
is_linear=0
shrinkage=0.03


Tree=384
num_leaves=15
num_cat=2
split_feature=5 31 37 27 0 23 32 4 31 22 22 30 37 14
split_gain=0.242623 0.710336 0.322839 0.270042 0.316925 0.27937 0.256107 0.225411 0.2936 0.18117 0.259822 0.23425 0.206332 0.507215
threshold=0.45800000000000007 1.3336077947028957 0 13.999484953703705 5.5000000000000009 104.50000000000001 3.5000000000000004 1.0000000180025095e-35 2.0058608930058344 12726.200000000003 9756.2500000000018 153.10000000000002 1 2.5000000000000004
decision_type=2 8 9 2 2 2 2 2 10 2 2 2 9 2
left_child=7 6 -3 -4 -5 -6 -2 9 -9 10 12 -12 13 -1
right_child=1 2 3 4 5 -7 -8 8 -10 -11 11 -13 -14 -15
leaf_value=-1.3575714146905181e-05 -0.00041659184935819002 0.0014267359632565036 -0.0013523871454526669 0.0014946761534194027 -0.0012001563003011179 0.00046045695740207465 -0.002222621358468698 -7.0345143192551205e-05 0.0021740372187923638 -0.0012326055661062982 0.0020820074106034422 8.746876224666555e-05 -3.6060837124959152e-05 0.0020974036972841309
leaf_weight=349 106 121 144 116 169 198 212 108 102 102 105 107 6495 145
leaf_count=349 106 121 144 116 169 198 212 108 102 102 105 107 6495 145
internal_value=-9.35549e-06 -0.000432898 7.2039e-05 -0.000208818 0.000127798 -0.00030424 -0.00162061 5.07399e-05 0.00101978 2.28747e-05 4.06582e-05 0.00107533 9.27312e-06 0.000594019
internal_weight=8579 1066 748 627 483 367 318 7513 210 7303 7201 212 6989 494
internal_count=8579 1066 748 627 483 367 318 7513 210 7303 7201 212 6989 494
cat_boundaries=0 1 2
cat_threshold=2290089984 3679266
is_linear=0
shrinkage=0.03


Tree=385
num_leaves=15
num_cat=2
split_feature=37 31 0 31 5 31 17 38 7 21 37 1 38 1
split_gain=0.170824 0.263653 0.395948 0.455927 0.316444 0.375268 0.429739 0.346059 0.115521 0.454221 0.362856 0.543247 0.630083 0.344677
threshold=0 1.5201026298909559 7.5000000000000009 3.6569070953420728 0.36600000000000005 1.200840336134454 1.0000000180025095e-35 1.3870340210409522 1.0000000180025095e-35 123.12500000000001 1 117.50000000000001 1.7479928734993464 12.500000000000002
decision_type=9 10 2 10 2 10 2 2 2 2 9 2 2 2
left_child=1 4 -3 -4 5 6 7 -1 9 13 -10 12 -12 -2
right_child=8 2 3 -5 -6 -7 -8 -9 10 -11 11 -13 -14 -15
leaf_value=0.00024970555779979612 0.0013027745408482655 -0.00010855628223845939 0.0028777093757721491 0.00020845714984185033 -0.0014732061165328746 -0.0013301342028543489 -0.00059129379860944648 0.0023420223787527631 -0.00018003465014290672 0.0011791858416289795 0.00057081931371282587 0.0021260319434275683 -0.00075492599242910118 -0.00044966817391575595
leaf_weight=137 106 191 134 101 116 109 164 148 3370 185 1140 143 450 2146
leaf_count=137 106 191 134 101 116 109 164 148 3370 185 1140 143 450 2146
internal_value=-2.87394e-05 0.000318841 0.000905946 0.0017305 -4.7507e-05 0.000248875 0.000632198 0.00133624 -7.97645e-05 -0.000249793 1.27822e-06 0.000352863 0.000195608 -0.000367182
internal_weight=8640 1100 426 235 674 558 449 285 7540 2437 5103 1733 1590 2252
internal_count=8640 1100 426 235 674 558 449 285 7540 2437 5103 1733 1590 2252
cat_boundaries=0 1 2
cat_threshold=186147240 3758393862
is_linear=0
shrinkage=0.03


Tree=386
num_leaves=15
num_cat=3
split_feature=22 31 38 38 22 36 5 32 38 35 27 37 26 1
split_gain=0.152974 0.332189 0.396229 0.542609 0.324743 0.239844 0.376153 0.239713 0.165674 0.213225 0.401466 0.384471 0.596551 0.455098
threshold=6402.0500000000002 1.8322390932420876 1.3293958961496439 1.4734066723957471 5742.3000000000002 0 0.28175000000000006 8.5000000000000018 2.0583589362611492 1 27.957916666666673 2 0.054093567251461992 35.500000000000007
decision_type=2 10 2 2 2 9 2 2 2 1 2 9 10 2
left_child=4 2 -2 -4 8 6 -5 -3 9 11 -11 12 13 -1
right_child=1 7 3 5 -6 -7 -8 -9 -10 10 -12 -13 -14 -15
leaf_value=0.00094068881386594877 -0.0013210241995083407 -3.2803233147465754e-05 0.0022856190466872331 0.00016966442562406882 0.0015027061982122673 0.0012088911737400021 -0.0019021370634654206 -0.0017792040925860419 -0.00094127774701058243 7.3324180755587681e-06 -0.0011574344925994063 0.00010971565917466536 -0.00030450518322072977 0.0032430208821642736
leaf_weight=217 155 112 110 300 143 100 107 192 146 3141 291 3196 201 120
leaf_count=217 155 112 110 300 143 100 107 192 146 3141 291 3196 201 120
internal_value=3.85933e-05 -0.000295793 3.49845e-05 0.000375635 8.68562e-05 -3.876e-05 -0.000366018 -0.00113579 5.91666e-05 7.95496e-05 -9.11628e-05 0.000236067 0.000970961 0.00176051
internal_weight=8531 1076 772 617 7455 507 407 304 7312 7166 3432 3734 538 337
internal_count=8531 1076 772 617 7455 507 407 304 7312 7166 3432 3734 538 337
cat_boundaries=0 1 2 3
cat_threshold=37 24 715161602
is_linear=0
shrinkage=0.03


Tree=387
num_leaves=15
num_cat=2
split_feature=21 32 36 38 38 21 28 38 5 5 21 38 33 37
split_gain=0.200191 0.312211 0.286315 0.37496 0.682856 0.423703 0.424123 0.347978 0.414289 0.72642 0.308324 0.283347 0.279831 0.540995
threshold=84.38333333333334 26.500000000000004 0 1.5395705944273608 1.492905217101079 88.325000000000003 2.1521759259259263 1.6870475438773418 0.13810000000000003 0.43650000000000005 117.96666666666668 1.7031924317150851 1.0000000180025095e-35 1
decision_type=2 2 9 2 2 2 2 2 2 2 2 2 2 9
left_child=1 12 3 4 5 -2 -7 -5 10 -10 -9 -4 -1 -14
right_child=2 -3 11 7 -6 6 -8 8 9 -11 -12 -13 13 -15
leaf_value=-0.00014259239330539377 0.0016373863266808857 -0.0008858443277095458 0.00010304548004882988 -0.00089761432002660973 0.0022383002311961646 0.00062615562982483832 -0.00045865285843685555 0.00047771632553713614 0.0021005830052308739 -0.00093103937831726222 -0.0012315507195386531 0.0021047908335210795 0.0022519507263600827 0.00015957129941537377
leaf_weight=3937 167 406 116 485 167 593 716 166 192 113 222 141 115 1056
leaf_count=3937 167 406 116 485 167 593 716 166 192 113 222 141 115 1056
internal_value=2.30562e-05 -8.51364e-05 0.000216875 0.000126744 0.000420058 0.000214335 3.27844e-05 -0.000281275 0.000150074 0.000977392 -0.000500266 0.00115629 -2.14936e-05 0.000385651
internal_weight=8592 5514 3078 2821 1643 1476 1309 1178 693 305 388 257 5108 1171
internal_count=8592 5514 3078 2821 1643 1476 1309 1178 693 305 388 257 5108 1171
cat_boundaries=0 1 2
cat_threshold=52 203948034
is_linear=0
shrinkage=0.03


Tree=388
num_leaves=15
num_cat=0
split_feature=31 23 32 32 32 23 28 21 28 5 38 28 30 5
split_gain=0.171788 0.239961 0.211859 0.202598 0.638602 0.344732 0.282996 0.178416 0.288751 0.782036 0.742855 0.525408 0.519204 0.245022
threshold=5.1020956475013444 153.50000000000003 19.500000000000004 6.5000000000000009 3.5000000000000004 50.500000000000007 7.0445023148148156 120.70833333333334 1.0525115740740743 0.23305000000000003 1.7124926774937785 4.2601851851851862 222.10000000000002 0.085150000000000017
decision_type=8 2 2 2 2 2 2 2 2 2 2 2 2 2
left_child=7 3 -3 4 -2 -5 -7 -1 9 12 -11 -10 -9 -13
right_child=1 2 -4 5 -6 6 -8 8 11 10 -12 13 -14 -15
leaf_value=0.00013517981893976076 -0.0011289762510787115 0.0013958205974355725 -0.00047365394005556452 -9.0329069716846562e-05 0.0018995799356619418 -0.0027646799775634385 -0.00080090929403619766 0.00024670299993143703 -0.0022475356380363886 -5.7843086811212395e-05 0.0033681480075559906 0.00032486014702207236 -0.0018026681445466155 -0.0010987637483049185
leaf_weight=6260 160 116 103 217 103 122 144 294 153 117 111 285 179 176
leaf_count=6260 160 116 103 217 103 122 144 294 153 117 111 285 179 176
internal_value=2.04252e-05 -0.000356553 0.00051657 -0.000612872 5.71123e-05 -0.000977688 -0.00170159 6.84495e-05 -0.000249217 0.000166833 0.00161007 -0.000724219 -0.000528852 -0.000218649
internal_weight=8540 965 219 746 263 483 266 7575 1315 701 228 614 473 461
internal_count=8540 965 219 746 263 483 266 7575 1315 701 228 614 473 461
is_linear=0
shrinkage=0.03


Tree=389
num_leaves=15
num_cat=0
split_feature=24 38 24 24 22 31 31 31 27 7 25 24 22 22
split_gain=0.227397 0.496958 0.401509 0.415688 0.363898 0.357648 0.350029 0.440803 0.43872 0.37928 0.413648 0.698563 0.471693 0.398471
threshold=195.64700000000801 1.0678897422188507 82.384499999999989 50.714166666665996 356.05000000000007 1.0611799304874792 3.4625129264125198 2.9393877551020409 29.99902777777778 1.0000000180025095e-35 0.52250000000000008 116.65266666666663 3478.5500000000006 5324.3125000000009
decision_type=8 2 10 10 2 10 8 10 2 2 8 10 2 2
left_child=2 -2 3 -1 -5 -6 7 8 9 -4 11 12 -11 -13
right_child=1 -3 6 4 5 -7 -8 -9 -10 10 -12 13 -14 -15
leaf_value=0.0001633938495609657 0.0015274203518461683 -0.00030884225239584195 -1.4455356819316935e-05 0.00026651813421364631 -0.001888623033722107 -0.00048779358516769987 -0.00043854630665643321 0.0025326882847277275 -0.001134346767626434 0.0013891677044095378 -0.000686075175278044 0.0011767458115190643 0.0040982280220592986 -0.00069890821073546677
leaf_weight=2674 140 2525 453 393 217 672 310 106 130 122 108 407 110 136
leaf_count=2674 140 2525 453 393 217 672 310 106 130 122 108 407 110 136
internal_value=1.72426e-05 -0.000212378 0.000122063 -4.95378e-05 -0.000493671 -0.000829728 0.00048277 0.000664455 0.000529371 0.00069126 0.00105331 0.0012957 0.00267364 0.000706969
internal_weight=8503 2665 5838 3956 1282 889 1882 1572 1466 1336 883 775 232 543
internal_count=8503 2665 5838 3956 1282 889 1882 1572 1466 1336 883 775 232 543
is_linear=0
shrinkage=0.03


Tree=390
num_leaves=15
num_cat=3
split_feature=31 37 38 38 31 31 31 27 37 1 31 31 31 37
split_gain=0.20128 0.164109 0.427882 0.315745 0.186127 0.1856 0.189216 0.106887 0.262628 0.294421 0.285527 0.357606 0.43103 0.149015
threshold=0.1106014271151886 0 1.5879594129614791 1.3293958961496439 9.8538461538461561 6.564965103067685 5.8168299319727899 12.998234953703706 1 1.0000000180025095e-35 2.1893384847854218 1.3881787869164817 0.71691003666217534 2
decision_type=8 9 2 2 10 10 10 2 9 2 10 8 10 9
left_child=-1 2 3 -2 5 6 7 8 -3 -10 11 12 -11 -9
right_child=1 4 -4 -5 -6 -7 -8 13 9 10 -12 -13 -14 -15
leaf_value=0.0011911546159535647 0.0011855316887398794 -0.0011319223013927402 0.0020340090634140997 -0.00090072002752191003 -0.0011228730193251976 0.00092440997396924483 -0.0012854964622851896 0.00097109113633632666 -0.0013734067924506962 0.0012207311614258016 -0.00090735252150982019 0.0017752130704556967 -0.0010381016212261535 -3.5986896126669713e-05
leaf_weight=120 106 268 122 170 150 170 115 125 125 141 151 154 165 6458
leaf_count=120 106 268 122 170 150 170 115 125 125 141 151 154 165 6458
internal_value=-2.88395e-05 -4.62266e-05 0.000540914 -9.94784e-05 -7.59363e-05 -5.60835e-05 -7.77252e-05 -5.94184e-05 -0.00034775 -4.62023e-05 0.000224564 0.000596129 2.73309e-06 -1.54437e-05
internal_weight=8540 8420 398 276 8022 7872 7702 7587 1004 736 611 460 306 6583
internal_count=8540 8420 398 276 8022 7872 7702 7587 1004 736 611 460 306 6583
cat_boundaries=0 1 2 3
cat_threshold=152313944 1346895878 1073741858
is_linear=0
shrinkage=0.03


Tree=391
num_leaves=15
num_cat=0
split_feature=30 24 27 24 30 27 30 27 23 21 30 5 23 24
split_gain=0.279158 0.277609 0.44742 0.400125 0.710141 0.316778 0.337233 0.315902 0.288595 0.266915 0.380485 0.251144 0.551232 0.347083
threshold=387.75000000000006 179.81983333332701 30.998784722222226 266.8349999999968 83.500000000000014 29.99902777777778 217.50000000000003 28.07513888888889 22.500000000000004 73.333333333333357 178.10000000000002 0.42265000000000003 125.50000000000001 374.13583333332093
decision_type=2 8 2 8 2 2 2 2 2 2 2 2 2 8
left_child=1 5 3 4 8 7 -7 -1 -3 -6 -11 13 -13 -5
right_child=-2 2 -4 11 9 6 -8 -9 -10 10 -12 12 -14 -15
leaf_value=0.00013190573231418854 0.0015215163114057346 -0.00049230760493478519 0.0017080600238495586 0.00038495756497689622 -0.0021264646491815742 -0.0022522957253557465 0.00011726249281175273 0.0014856810493511148 0.0016336435216228263 0.00019576426337837322 -0.0013905588862956869 -0.00024316653330189341 0.0025379978354966031 -0.00054529157152267266
leaf_weight=5099 110 103 103 592 203 102 115 160 130 202 417 170 103 925
leaf_count=5099 110 103 103 592 203 102 115 160 130 202 417 170 103 925
internal_value=1.999e-05 3.83205e-07 -0.000234335 -0.000304657 -0.000768081 0.000126743 -0.000996539 0.000173093 0.000693845 -0.00118247 -0.00087289 -3.1522e-05 0.000806137 -0.000182268
internal_weight=8534 8424 2948 2845 1055 5476 217 5259 233 822 619 1790 273 1517
internal_count=8534 8424 2948 2845 1055 5476 217 5259 233 822 619 1790 273 1517
is_linear=0
shrinkage=0.03


Tree=392
num_leaves=15
num_cat=3
split_feature=37 0 5 36 1 32 21 31 32 28 31 37 31 24
split_gain=0.176466 0.250223 0.328176 0.27904 0.435773 0.587892 0.584957 0.354483 0.46559 0.285918 0.25573 0.252232 0.259545 0.443143
threshold=0 8.5000000000000018 0.63070000000000015 1 33.500000000000007 24.500000000000004 101.00000000000001 2.4177913468856578 2.5000000000000004 8.0082060185185195 3.2302347516243981 2 5.3583467094703057 343.21749999999776
decision_type=9 2 2 9 2 2 2 8 2 2 10 9 10 10
left_child=-1 2 11 -3 9 6 7 8 -6 -5 -9 -2 13 -13
right_child=1 3 -4 4 5 -7 -8 10 -10 -11 -12 12 -14 -15
leaf_value=-0.00029036553362030187 0.00067016376923465242 -2.4014177774329824e-05 -0.001309502344062951 0.00035510354352891405 0.0017873457029231206 -0.00088038969691461107 0.0029719393103567987 0.0028722143275663253 -0.00069640873653453684 -0.0014354079908304612 0.00077340118128072042 -0.00022006861316019484 -0.0013142600312886468 0.00060084278397266823
leaf_weight=1758 406 1216 189 251 107 122 159 105 186 118 104 2988 154 738
leaf_count=1758 406 1216 189 251 107 122 159 105 186 118 104 2988 154 738
internal_value=-2.31881e-05 4.58085e-05 -8.60887e-05 0.000295259 0.000627034 0.00103303 0.00138619 0.000883925 0.000210628 -0.000217472 0.00182783 -3.21397e-05 -0.000107079 -5.74726e-05
internal_weight=8601 6843 4475 2368 1152 783 661 502 293 369 209 4286 3880 3726
internal_count=8601 6843 4475 2368 1152 783 661 502 293 369 209 4286 3880 3726
cat_boundaries=0 1 2 3
cat_threshold=1393103827 20 3178536
is_linear=0
shrinkage=0.03


Tree=393
num_leaves=15
num_cat=2
split_feature=28 38 30 31 37 31 31 36 32 31 31 24 30 1
split_gain=0.202752 0.184582 0.193362 0.342913 0.149752 0.299673 0.47845 0.388032 0.197002 0.427538 0.376283 0.697582 0.491645 0.456955
threshold=25.616458333333338 2.0928937732388158 314.05000000000007 3.6569070953420728 0 1.5126086035176944 1.9617718730540388 1 2.5000000000000004 3.6569070953420728 1.1800279787006078 102.23433333333175 107.30000000000001 39.500000000000007
decision_type=2 2 2 10 9 10 10 9 2 8 10 10 2 2
left_child=1 2 4 -4 5 7 -7 -1 9 10 11 -6 13 -12
right_child=-2 -3 3 -5 8 6 -8 -9 -10 -11 12 -13 -14 -15
leaf_value=0.00076306918546557422 0.0010775366218993441 0.00088187521539503043 -0.0019084021323963821 0.00015165086844635584 -0.00060240209564751078 0.001519824559461664 -0.00044248724169760771 -0.0011296228411568638 -4.2222899056423401e-05 -0.00097102545360368145 0.0033992307736420498 0.0018457399937707169 -0.00030125304162133444 0.00077843296058425625
leaf_weight=115 150 193 137 155 337 165 347 512 5801 167 130 152 101 111
leaf_count=115 150 193 137 155 337 165 347 512 5801 167 130 152 101 111
internal_value=-1.57282e-05 -3.51975e-05 -5.67036e-05 -0.000814881 -2.8814e-05 -0.000345563 0.000189898 -0.000788325 2.47211e-05 0.000414089 0.000692446 0.000158575 0.00145579 0.00219214
internal_weight=8573 8423 8230 292 7938 1139 512 627 6799 998 831 489 342 241
internal_count=8573 8423 8230 292 7938 1139 512 627 6799 998 831 489 342 241
cat_boundaries=0 1 2
cat_threshold=1613333267 1
is_linear=0
shrinkage=0.03


Tree=394
num_leaves=15
num_cat=1
split_feature=28 25 6 31 36 30 25 28 23 30 28 28 22 17
split_gain=0.320305 0.169631 0.663222 0.431454 0.404597 0.360914 0.526367 0.31473 0.280081 0.229816 0.223661 0.301123 0.211174 0.23206
threshold=26.983998842592595 0.24695121951219515 2.5000000000000004 1.6316860465116281 0 78.500000000000014 0.21937500000000001 8.1934085648148152 58.500000000000007 71.250000000000014 20.991348379629631 17.017407407407411 10928.000000000002 1.0000000180025095e-35
decision_type=2 10 2 10 9 2 10 2 2 2 2 2 2 2
left_child=1 2 3 4 7 -5 -7 8 -1 -10 11 12 13 -3
right_child=-2 10 -4 5 -6 6 -8 -9 9 -11 -12 -13 -14 -15
leaf_value=0.00018024264149166979 -0.0014768082252703606 0.000135934876875455 0.0025676243257830322 0.0024548367966901632 0.0012505460234242493 -0.0010033491899069968 0.0017302458710886919 -0.001781845055473339 -0.0018915026803733781 -7.8002729410813606e-06 0.0010518759282468449 -0.0011470107208570522 0.0013149276351880118 -0.00026727491367079415
leaf_weight=764 117 4373 115 121 175 118 137 111 124 110 189 198 115 1819
leaf_count=764 117 4373 115 121 175 118 137 111 124 110 189 198 115 1819
internal_value=8.21366e-05 0.000103674 0.00036441 0.000211778 -4.99476e-05 0.00110554 0.000465288 -0.000264061 -9.78948e-05 -0.001006 3.45359e-05 4.97751e-06 4.11427e-05 1.74855e-05
internal_weight=8586 8469 1775 1660 1284 376 255 1109 998 234 6694 6505 6307 6192
internal_count=8586 8469 1775 1660 1284 376 255 1109 998 234 6694 6505 6307 6192
cat_boundaries=0 1
cat_threshold=21
is_linear=0
shrinkage=0.03


Tree=395
num_leaves=15
num_cat=3
split_feature=30 37 1 5 37 17 23 30 36 25 25 28 25 0
split_gain=0.233709 0.416173 0.289718 0.31361 0.458433 0.356011 0.44719 0.372336 0.25009 0.652608 0.428222 0.33813 0.315507 0.409378
threshold=11.250000000000002 0 242.50000000000003 0.15470000000000003 1 1.5000000000000002 40.500000000000007 162.12500000000003 2 0.17000000000000001 0.40833333333333338 0.71781828703703721 0.19000000000000003 6.5000000000000009
decision_type=2 9 2 2 9 2 2 2 9 8 10 2 10 2
left_child=1 -1 3 5 -5 8 -7 -8 12 -10 11 -11 13 -2
right_child=2 -3 -4 4 -6 6 7 -9 9 10 -12 -13 -14 -15
leaf_value=0.00019648011402426821 0.00056434442613111882 -0.0015399714598970603 0.0012600682267598254 -0.0016216231834032047 -0.00021928976259900354 0.00090034041264392794 -0.0024804888322371346 -0.00035204449144272216 0.0021045924105152639 -0.0010994333257378242 0.0012566070230947874 0.00059333770275550926 0.00010949223632622073 -0.0016680828668556742
leaf_weight=237 115 254 148 220 2538 103 145 151 199 255 209 182 3590 207
leaf_count=237 115 254 148 220 2538 103 145 151 199 255 209 182 3590 207
internal_value=-9.37203e-05 -0.000729169 -5.50196e-05 -7.96131e-05 -0.000337826 5.85077e-05 -0.000802242 -0.00139469 0.000130704 0.000595411 0.000139726 -0.000394435 2.87312e-05 -0.000870787
internal_weight=8553 491 8062 7914 2758 5156 399 296 4757 845 646 437 3912 322
internal_count=8553 491 8062 7914 2758 5156 399 296 4757 845 646 437 3912 322
cat_boundaries=0 1 2 3
cat_threshold=314575169 35164196 49
is_linear=0
shrinkage=0.03


Tree=396
num_leaves=15
num_cat=1
split_feature=28 1 28 32 30 30 23 6 32 23 23 36 22 0
split_gain=0.250259 0.505629 0.279433 0.167299 0.289698 0.565649 0.666923 0.4853 0.48011 0.287062 0.601721 0.278166 0.415488 0.424477
threshold=20.991348379629631 48.500000000000007 17.665509259259263 13.500000000000002 110.50000000000001 98.500000000000014 68.500000000000014 2.5000000000000004 1.5000000000000002 182.50000000000003 147.50000000000003 0 6402.0500000000002 8.5000000000000018
decision_type=2 2 2 2 2 2 2 2 2 2 2 9 2 2
left_child=2 -2 3 4 5 9 -7 8 -6 10 -1 12 13 -10
right_child=1 -3 -4 -5 7 6 -8 -9 11 -11 -12 -13 -14 -15
leaf_value=-7.9555171983765845e-05 0.001767552729206727 -0.0007148565056268126 -0.001199276294673788 0.00014926758850637373 -0.0025799985003458069 0.00022805051434409746 0.0031909683993352313 0.0014233229709706002 -0.00016001803137741816 0.0012174606102708936 -0.0023406147979337468 -0.00081191439301981098 -0.00098526627601237793 0.0021076563481190131
leaf_weight=2862 192 120 187 3034 105 196 105 112 179 142 110 805 197 127
leaf_count=2862 192 120 187 3034 105 196 105 112 179 142 110 805 197 127
internal_value=-2.10777e-05 0.00081278 -5.29566e-05 -2.6074e-05 -0.000133764 1.97583e-05 0.00126163 -0.000477552 -0.000628223 -0.000100281 -0.000163242 -0.000471543 8.75861e-05 0.000781141
internal_weight=8473 312 8161 7974 4940 3415 301 1525 1413 3114 2972 1308 503 306
internal_count=8473 312 8161 7974 4940 3415 301 1525 1413 3114 2972 1308 503 306
cat_boundaries=0 1
cat_threshold=20
is_linear=0
shrinkage=0.03


Tree=397
num_leaves=15
num_cat=1
split_feature=28 38 38 38 0 25 37 24 24 5 25 1 38 23
split_gain=0.249982 0.199207 0.404129 0.38151 0.377301 0.377201 0.306511 0.303122 0.487103 0.30107 0.274956 0.250867 0.652133 0.279312
threshold=25.616458333333338 1.492905217101079 1.5061164559111848 1.4259038098912853 3.5000000000000004 0.17000000000000001 0 323.01733333333749 159.31983333333397 0.58570000000000011 0.13339920948616604 2.5000000000000004 1.6279459121781568 147.50000000000003
decision_type=2 2 2 2 2 8 9 8 10 2 10 2 2 2
left_child=1 3 -3 5 -4 10 -7 8 -5 -8 -1 12 -6 -13
right_child=-2 2 4 7 11 6 9 -9 -10 -11 -12 13 -14 -15
leaf_value=8.7523282156325873e-05 0.0011983066026063562 0.0017903575971778931 -0.0012872036672965882 -0.00053477218618575972 -0.00076821416548530875 -0.00081389243053210799 -8.1574304298205044e-05 0.00042092565097846091 -0.0024891268208231724 0.0015632816440092237 0.0022184728292955289 0.00017277824930785133 0.0022806799103790051 -0.00050224733462841151
leaf_weight=110 149 124 181 345 108 510 2706 133 172 104 108 3040 152 674
leaf_count=110 149 124 181 345 108 510 2706 133 172 104 108 3040 152 674
internal_value=-1.98245e-05 -4.12608e-05 0.000102699 -0.000188348 5.2333e-05 -6.56191e-05 -0.000144995 -0.000856374 -0.00118496 -2.06237e-05 0.00114322 0.000113344 0.00101422 5.02776e-05
internal_weight=8616 8467 4279 4188 4155 3538 3320 650 517 2810 218 3974 260 3714
internal_count=8616 8467 4279 4188 4155 3538 3320 650 517 2810 218 3974 260 3714
cat_boundaries=0 1
cat_threshold=1211146646
is_linear=0
shrinkage=0.03


Tree=398
num_leaves=15
num_cat=1
split_feature=37 31 31 38 28 31 31 33 22 7 31 38 31 31
split_gain=0.230737 0.281625 0.798082 0.477327 0.420281 0.665359 0.484512 0.492036 0.339902 0.369062 0.468086 0.227222 0.21436 0.151809
threshold=0 0.98907071189679896 1.1353641777370593 1.7640522733386785 3.0785185185185191 2.1326743243938995 1.3979820057947443 1.0000000180025095e-35 2103.7500000000005 1.0000000180025095e-35 2.3685450375054251 1.5324871415736629 2.4965495079846103 3.7558696440645338
decision_type=9 8 8 2 2 8 8 2 2 2 10 2 8 8
left_child=1 3 -3 11 6 -6 -4 8 9 10 -8 -1 -11 -2
right_child=13 2 4 -5 5 -7 7 -9 -10 12 -12 -13 -14 -15
leaf_value=-0.00044124732492491599 -1.9895886927750619e-05 0.0031278875729301944 -0.0017096192228578499 -0.001902955777477473 0.0028713227146803292 -0.00038908628330100328 -0.0027862882878387221 0.0021061065471976209 0.0014231130341067909 0.0013785449232553593 4.0509866990355981e-05 0.0013181047042307909 -0.00051168742018790252 -0.00038724581402863962
leaf_weight=147 5813 100 127 124 129 100 103 114 110 107 108 120 109 1226
leaf_count=147 5813 100 127 124 129 100 103 114 110 107 108 120 109 1226
internal_value=-1.17325e-05 0.000325105 0.000571739 -0.000364852 0.000317901 0.00144756 -1.46084e-05 0.000316062 -6.39475e-05 -0.000447031 -0.0013394 0.000349473 0.000424678 -8.37591e-05
internal_weight=8537 1498 1107 391 1007 229 778 651 537 427 211 267 216 7039
internal_count=8537 1498 1107 391 1007 229 778 651 537 427 211 267 216 7039
cat_boundaries=0 1
cat_threshold=1218715729
is_linear=0
shrinkage=0.03


Tree=399
num_leaves=15
num_cat=0
split_feature=23 24 28 25 23 28 28 21 25 33 38 21 17 25
split_gain=0.150714 0.642852 0.402608 0.406056 0.829777 0.278727 0.186328 0.187647 0.19129 0.324502 0.528632 0.612655 0.319436 0.171164
threshold=167.50000000000003 500.30483333333518 0.53105902777777791 0.51925925925925942 195.50000000000003 20.991348379629631 17.665509259259263 210.14166666666671 0.62481481481481493 1.0000000180025095e-35 1.4121559034127904 3.1666666666666674 1.0000000180025095e-35 0.54027027027027041
decision_type=2 10 2 10 2 2 2 2 8 2 2 2 2 10
left_child=5 2 -2 -4 -5 6 7 8 13 10 -10 -12 -11 -1
right_child=1 -3 3 4 -6 -7 -8 -9 9 12 11 -13 -14 -15
leaf_value=-6.3684638388888031e-06 -0.0010824404979322218 -0.0021996292526529604 -0.00053234143980911803 0.0033218536450294778 -0.00035650276964971502 0.0010372161110892562 -0.0010726217510628288 0.001113230171502928 -6.1404600706951247e-05 0.00046248184207626835 0.00033586809710145759 0.0033564391202875413 -0.0017040431124041788 -0.0005029825187946996
leaf_weight=5870 198 147 168 107 114 237 145 137 255 149 117 125 104 699
leaf_count=5870 198 147 168 107 114 237 145 137 255 149 117 125 104 699
internal_value=-1.44176e-05 -0.000425484 1.88083e-05 0.000579341 0.00142442 2.40773e-05 -7.51252e-06 1.32011e-05 -7.38968e-06 0.00044651 0.000891737 0.00189608 -0.000428105 -5.92126e-05
internal_weight=8572 734 587 389 221 7838 7601 7456 7319 750 497 242 253 6569
internal_count=8572 734 587 389 221 7838 7601 7456 7319 750 497 242 253 6569
is_linear=0
shrinkage=0.03


end of trees

feature_importances:
predicted_log=585
commitment_to_velocity_ratio=580
project_key=526
sprint_committed_points=436
description_length=412
mean_cycle_time_hours=371
sprint_length_days=329
history_sprints=291
days_into_sprint=222
velocity_variance=213
historical_spillover_rate=204
wip_at_commitment=197
team_velocity_rolling=192
title_length=170
issue_type=164
priority_level=119
ambiguity_score=105
linked_issue_count=87
reopen_rate=75
traceability_coverage_pct=66
in_progress_at_commitment=50
missing_info_flag_count=42
parallel_sprints=37
description_has_code=27
vague_term_count=26
unlinked_artifact_count=14
mentions_tests=13
invest_independent=9
has_epic=9
dep_in_degree=7
invest_valuable=5
blocker_count=5
added_mid_sprint=5
invest_testable=4
dep_out_degree=3

parameters:
[boosting: gbdt]
[objective: regression]
[metric: l2]
[tree_learner: serial]
[device_type: cpu]
[data_sample_strategy: bagging]
[data: ]
[valid: ]
[num_iterations: 400]
[learning_rate: 0.03]
[num_leaves: 15]
[num_threads: 16]
[seed: 42]
[deterministic: 0]
[force_col_wise: 0]
[force_row_wise: 0]
[histogram_pool_size: -1]
[max_depth: -1]
[min_data_in_leaf: 100]
[min_sum_hessian_in_leaf: 0.001]
[bagging_fraction: 0.8]
[pos_bagging_fraction: 1]
[neg_bagging_fraction: 1]
[bagging_freq: 1]
[bagging_seed: 400]
[bagging_by_query: 0]
[feature_fraction: 0.8]
[feature_fraction_bynode: 1]
[feature_fraction_seed: 30056]
[extra_trees: 0]
[extra_seed: 12879]
[early_stopping_round: 0]
[early_stopping_min_delta: 0]
[first_metric_only: 0]
[max_delta_step: 0]
[lambda_l1: 0]
[lambda_l2: 0]
[linear_lambda: 0]
[min_gain_to_split: 0]
[drop_rate: 0.1]
[max_drop: 50]
[skip_drop: 0.5]
[xgboost_dart_mode: 0]
[uniform_drop: 0]
[drop_seed: 17869]
[top_rate: 0.2]
[other_rate: 0.1]
[min_data_per_group: 100]
[max_cat_threshold: 32]
[cat_l2: 10]
[cat_smooth: 10]
[max_cat_to_onehot: 4]
[top_k: 20]
[monotone_constraints: ]
[monotone_constraints_method: basic]
[monotone_penalty: 0]
[feature_contri: ]
[forcedsplits_filename: ]
[refit_decay_rate: 0.9]
[cegb_tradeoff: 1]
[cegb_penalty_split: 0]
[cegb_penalty_feature_lazy: ]
[cegb_penalty_feature_coupled: ]
[path_smooth: 0]
[interaction_constraints: ]
[verbosity: -1]
[saved_feature_importance_type: 0]
[use_quantized_grad: 0]
[num_grad_quant_bins: 4]
[quant_train_renew_leaf: 0]
[stochastic_rounding: 1]
[linear_tree: 0]
[max_bin: 255]
[max_bin_by_feature: ]
[min_data_in_bin: 3]
[bin_construct_sample_cnt: 200000]
[data_random_seed: 175]
[is_enable_sparse: 1]
[enable_bundle: 1]
[use_missing: 1]
[zero_as_missing: 0]
[feature_pre_filter: 1]
[pre_partition: 0]
[two_round: 0]
[header: 0]
[label_column: ]
[weight_column: ]
[group_column: ]
[ignore_column: ]
[categorical_feature: 35,36,37]
[forcedbins_filename: ]
[precise_float_parser: 0]
[parser_config_file: ]
[objective_seed: 16083]
[num_class: 1]
[is_unbalance: 0]
[scale_pos_weight: 1]
[sigmoid: 1]
[boost_from_average: 1]
[reg_sqrt: 0]
[alpha: 0.9]
[fair_c: 1]
[poisson_max_delta_step: 0.7]
[tweedie_variance_power: 1.5]
[lambdarank_truncation_level: 30]
[lambdarank_norm: 1]
[label_gain: ]
[lambdarank_position_bias_regularization: 0]
[eval_at: ]
[multi_error_top_k: 1]
[auc_mu_weights: ]
[num_machines: 1]
[local_listen_port: 12400]
[time_out: 120]
[machine_list_filename: ]
[machines: ]
[gpu_platform_id: -1]
[gpu_device_id: -1]
[gpu_device_id_list: ]
[gpu_use_dp: 0]
[num_gpu: 1]

end of parameters

pandas_categorical:[["Bug", "Improvement", "New Feature", "Story", "Task"], ["high", "highest", "low", "lowest", "medium", "unknown"], ["ALOY", "APIKIT", "BE", "CLI", "CLOV", "COMPASS", "CONFCLOUD", "CONFSERVER", "CWD", "CXX", "DAEMON", "DM", "FAB", "FE", "INDY", "IS", "JAVA", "JRACLOUD", "JRASERVER", "JSWCLOUD", "JSWSERVER", "MDL", "MESOS", "MULE", "MXNET", "NEXUS", "STL", "TIDOC", "TIMOB", "TISTUD", "USERGRID", "XD"]]
