tree
version=v4
num_class=1
num_tree_per_iteration=1
label_index=0
max_feature_idx=38
objective=regression
feature_names=title_length description_length description_has_code user_story_format mentions_tests ambiguity_score vague_term_count missing_info_flag_count has_acceptance_criteria ac_completeness_score invest_independent invest_valuable invest_testable traceability_coverage_pct unlinked_artifact_count has_linked_tests has_epic linked_issue_count blocker_count dep_out_degree dep_in_degree team_velocity_rolling velocity_variance history_sprints mean_cycle_time_hours historical_spillover_rate reopen_rate sprint_length_days days_into_sprint parallel_sprints sprint_committed_points commitment_to_velocity_ratio wip_at_commitment in_progress_at_commitment added_mid_sprint issue_type priority_level project_key predicted_log
feature_infos=[1:41] [0:5310] [0:1] [0:1] [0:1] [0:1] [0:39] [0:3] [0:1] [0:1] [0:1] [0:1] [0:1] [0:1] [0:3] [0:1] [0:1] [0:16] [0:5] [0:8] [0:11] [0:2369] [0:9085228.3000000007] [4:362] [0:2125.1356666666734] [0:1] [0:0.26000000000000001] [1.1390509259259258:61.040497685185187] [0:58.908530092592592] [0:13] [0:744] [0:162] [0:46] [0:1] [0:1] -1:3:0:1:4:2 -1:4:5:2:0:1 -1:11:22:28:31:23:29:21:26:25:14:15:27:1:7:5:30:2:19:20:0:3:8:12:4:13:9:24:6:18:16:10 [0.61707800626754761:3.1753649711608887]
tree_sizes=1422 1517 1501 1519 1523 1497 1524 1504 1521 1497 1493 1529 1501 1516 1488 1505 1536 1496 1504 1521 1512 1518 1510 1517 1515 1520 1522 1523 1530 1507 1516 1522 1519 1519 1533 1516 1501 1531 1522 1541 1512 1522 1514 1530 1542 1531 1543 1534 1512 1539 1545 1523 1544 1533 1532 1514 1528 1543 1552 1539 1530 1541 1513 1532 1526 1517 1556 1539 1532 1543 1522 1528 1500 1548 1535 1546 1522 1543 1532 1551 1535 1555 1505 1516 1543 1518 1533 1520 1539 1519 1545 1536 1532 1517 1512 1534 1536 1523 1520 1557 1534 1553 1543 1530 1531 1530 1526 1516 1530 1525 1548 1530 1540 1517 1519 1563 1529 1537 1535 1516 1555 1520 1547 1531 1542 1546 1526 1557 1534 1549 1548 1543 1528 1546 1526 1538 1546 1552 1540 1549 1534 1534 1553 1528 1540 1552 1524 1559 1552 1522 1551 1540 1526 1528 1537 1542 1536 1539 1530 1554 1517 1528 1532 1527 1527 1548 1527 1521 1550 1551 1549 1548 1544 1534 1535 1544 1538 1544 1555 1529 1537 1533 1530 1546 1532 1520 1540 1517 1555 1551 1534 1520 1518 1545 1513 1525 1534 1535 1520 1545 1549 1530 1532 1536 1546 1534 1551 1551 1550 1552 1534 1524 1548 1552 1542 1558 1551 1556 1519 1541 1548 1520 1544 1536 1538 1544 1524 1539 1552 1534 1545 1525 1518 1536 1542 1538 1520 1511 1554 1553 1543 1552 1539 1564 1528 1549 1532 1543 1527 1544 1547 1533 1531 1551 1545 1544 1539 1523 1523 1555 1549 1550 1543 1518 1530 1561 1558 1521 1516 1572 1547 1513 1517 1541 1516 1551 1532 1541 1513 1543 1546 1520 1518 1524 1557 1566 1543 1523 1530 1540 1514 1568 1539 1529 1547 1522 1525 1532 1531 1567 1547 1506 1540 1549 1538 1550 1535 1515 1547 1539 1551 1541 1540 1540 1527 1546 1519 1518 1527 1523 1550 1549 1550 1541 1549 1547 1526 1532 1558 1557 1524 1541 1538 1515 1544 1524 1506 1548 1517 1532 1548 1539 1561 1546 1520 1505 1541 1555 1540 1531 1540 1560 1539 1537 1557 1517 1533 1553 1512 1568 1515 1537 1556 1537 1541 1547 1512 1522 1534 1554 1538 1540 1557 1534 1537 1544 1548 1541 1519 1547 1546 1532 1543 1523 1544 1556 1551 1541 1557 1544 1552 1520 1544 1557 1532 1554 1548 1518 1531 1512

Tree=0
num_leaves=15
num_cat=3
split_feature=36 24 35 38 29 1 35 28 29 31 32 24 38 38
split_gain=23.7997 16.2396 6.5966 4.20427 3.56388 2.46057 2.27981 2.08258 1.53763 1.49663 1.3792 1.74395 1.29006 1.58264
threshold=0 1.0000000180025095e-35 1 1.4738720655441286 1.5000000000000002 1.0000000180025095e-35 2 2.265405092592593 1.5000000000000002 0.87253384912959397 12.500000000000002 149.85466666666619 1.7399903535842898 1.1398414969444277
decision_type=9 8 1 2 2 2 1 2 2 10 2 10 2 2
left_child=1 -1 4 8 7 -6 9 -3 -2 -5 11 -8 13 -7
right_child=3 2 -4 6 5 12 10 -9 -10 -11 -12 -13 -14 -15
leaf_value=0.38510128597412391 0.37223306644120308 0.37628408021614018 0.37366089159300403 0.37557808197671122 0.38042368068734256 0.37468660726379022 0.37500343686454801 0.37336810788756847 0.37599972194288345 0.37251619087076981 0.37334491392747726 0.37808848440191356 0.37588086999333015 0.37792696110145019
leaf_weight=195 1840 668 728 179 229 151 940 329 103 728 331 200 536 1335
leaf_count=195 1840 668 728 179 229 151 940 329 103 728 331 200 536 1335
internal_value=0.37503 0.376645 0.376234 0.373472 0.37681 0.377476 0.374314 0.375322 0.372433 0.373141 0.37505 0.375545 0.377143 0.377598
internal_weight=8492 4171 3976 4321 3248 2251 2378 997 1943 907 1471 1140 2022 1486
internal_count=8492 4171 3976 4321 3248 2251 2378 997 1943 907 1471 1140 2022 1486
cat_boundaries=0 1 2 3
cat_threshold=36 26 1
is_linear=0
shrinkage=1


Tree=1
num_leaves=15
num_cat=3
split_feature=37 24 37 1 25 35 38 38 31 23 38 25 38 30
split_gain=45.848 9.19108 5.87876 4.37755 3.90766 2.0743 1.70396 1.44421 1.37055 1.26981 1.15377 0.975854 1.00565 0.92272
threshold=0 1.0000000180025095e-35 1 1.0000000180025095e-35 0.34891304347826091 2 1.0479021668434145 0.94390049576759349 7.4976562500000012 125.50000000000001 1.5592587590217593 0.22290322580645164 2.0847059488296513 53.500000000000007
decision_type=9 10 9 2 10 1 2 2 8 2 2 10 2 2
left_child=1 4 5 10 -1 11 -5 -4 13 -7 -3 -2 -13 -8
right_child=2 3 7 6 -6 9 8 -9 -10 -11 -12 12 -14 -15
leaf_value=0.012600873486790806 0.0011005899266745484 0.0034682875889120624 -0.0057321412177183308 -0.0015972610316204285 0.0049448393173515794 -0.0010340280564595376 0.0030127404166320664 -0.0027570621121627359 0.0053078535361743371 -0.0033660488894976747 0.007160854480908291 -0.0011708658566632496 0.0020135382769567857 0.0015329720559297726
leaf_weight=100 483 140 156 133 150 598 446 2504 101 324 167 565 106 2534
leaf_count=100 483 140 156 133 150 598 446 2504 101 324 167 565 106 2534
internal_value=-2.21275e-05 0.00244251 -0.00198554 0.00205434 0.00800725 -0.000779227 0.00172741 -0.00292056 0.00187093 -0.00183364 0.00547695 7.17189e-05 -0.000667815 0.00175444
internal_weight=8507 3771 4736 3521 250 2076 3214 2660 3081 922 307 1154 671 2980
internal_count=8507 3771 4736 3521 250 2076 3214 2660 3081 922 307 1154 671 2980
cat_boundaries=0 1 2 3
cat_threshold=163056704 2415996986 14
is_linear=0
shrinkage=0.03


Tree=2
num_leaves=15
num_cat=4
split_feature=37 37 23 37 1 38 38 35 38 23 38 23 31 27
split_gain=46.3621 9.67006 6.59247 4.71274 3.18441 2.09168 2.03267 1.90512 1.56703 1.40514 1.10581 1.30812 1.72304 1.34202
threshold=0 1 17.500000000000004 2 1.0000000180025095e-35 1.0652156472206118 1.7399903535842898 3 0.94390049576759349 76.500000000000014 1.3322983384132387 71.500000000000014 2.4757543249946594 27.165231481481488
decision_type=9 9 2 9 2 2 2 1 2 2 2 2 8 2
left_child=1 2 -1 7 9 -6 10 -2 -5 -3 -7 -12 -13 -14
right_child=3 4 -4 8 5 6 -8 -9 -10 -11 11 12 13 -15
leaf_value=0.0032890374425772603 -0.0020162810331493543 0.0023613090531186764 0.012277023872115421 -0.0056355312539057593 -0.0016436063402572704 0.0012689437126168722 0.00077344083759716309 -0.00011123811964242817 -0.0025928442617284501 0.0064543273316865621 0.0012127614429722244 0.0043019456757150965 0.00045755028040730391 0.0033925470760647926
leaf_weight=143 755 122 151 162 155 542 951 1252 2554 198 349 685 256 310
leaf_count=143 755 122 151 162 155 542 951 1252 2554 198 349 685 256 310
internal_value=4.42331e-05 0.00247873 0.00764527 -0.00194758 0.00203284 0.00175722 0.00192765 -0.000834327 -0.00276415 0.00489386 0.00244009 0.00283682 0.00328989 0.00206506
internal_weight=8585 3862 294 4723 3568 3248 3093 2007 2716 320 2142 1600 1251 566
internal_count=8585 3862 294 4723 3568 3248 3093 2007 2716 320 2142 1600 1251 566
cat_boundaries=0 1 2 3 4
cat_threshold=163056704 2097152 2415931442 1
is_linear=0
shrinkage=0.03


Tree=3
num_leaves=15
num_cat=3
split_feature=37 24 37 25 38 1 2 37 28 30 17 38 23 23
split_gain=42.1877 9.81839 4.21587 3.14353 2.51871 2.44685 1.65337 1.37829 1.9068 1.761 1.30773 1.29595 0.981142 0.979178
threshold=0 1.0000000180025095e-35 1 0.34891304347826091 1.210679352283478 2.5000000000000004 1.0000000180025095e-35 2 1.1472222222222224 39.500000000000007 1.0000000180025095e-35 0.94390049576759349 127.50000000000001 121.50000000000001
decision_type=9 10 9 10 2 2 2 9 2 2 2 2 2 2
left_child=1 3 6 -1 10 13 -2 8 -7 -9 -3 -4 -8 -6
right_child=2 4 11 -5 5 7 12 9 -10 -11 -12 -13 -14 -15
leaf_value=0.012266394313325872 -0.00041319647626728332 -0.0015264510689567859 -0.0053697895203881404 0.0053226558046258043 0.0034442122966130174 0.0001823999469143482 -0.0011693147024008162 0.006090320266430845 0.0035548600129639871 0.002202777561365448 0.0020687483808171443 -0.0025267675927900207 -0.0038192219274457203 0.007106302998394572
leaf_weight=100 1617 264 153 142 159 667 276 111 195 1899 139 2538 231 112
leaf_count=100 1617 264 153 142 159 667 276 111 195 1899 139 2538 231 112
internal_value=-2.59328e-05 0.00233926 -0.00188759 0.00819197 0.00194644 0.00223274 -0.000877746 0.00197561 0.000934471 0.0024055 -0.000286419 -0.00267846 -0.00237667 0.0049577
internal_weight=8603 3788 4815 242 3546 3143 2124 2872 862 2010 403 2691 507 271
internal_count=8603 3788 4815 242 3546 3143 2124 2872 862 2010 403 2691 507 271
cat_boundaries=0 1 2 3
cat_threshold=146279424 2432774266 9961472
is_linear=0
shrinkage=0.03


Tree=4
num_leaves=15
num_cat=3
split_feature=37 24 37 1 38 23 38 37 2 38 23 24 28 23
split_gain=38.1075 9.15798 3.89905 2.84336 2.21841 1.88438 1.43378 2.47433 1.42541 1.3318 1.27547 1.13307 1.05695 0.957183
threshold=0 1.0000000180025095e-35 1 1.0000000180025095e-35 1.2188034653663637 17.500000000000004 1.7399903535842898 2 1.0000000180025095e-35 0.94390049576759349 125.50000000000001 573.08966666666458 1.0043287037037041 125.50000000000001
decision_type=9 10 9 2 2 2 2 9 2 2 2 10 2 2
left_child=1 5 8 10 -5 -1 11 -8 12 -4 -3 -6 -2 -10
right_child=2 3 9 4 6 -7 7 -9 13 -11 -12 -13 -14 -15
leaf_value=0.0048710409067441807 0.00050718109690161932 0.0032318609623024066 -0.0051191396096461938 -0.00044626383926239327 0.0026806830927535419 0.010121074687450198 0.0051740313891385642 0.00049523638543701274 -0.00084596064739619913 -0.0022831882280085407 0.0074543008232875818 -2.1324888136740283e-05 -0.0010978044859906071 -0.003474255616430384
leaf_weight=108 811 164 158 387 1723 143 106 887 267 2626 106 152 678 234
leaf_count=108 811 164 158 387 1723 143 106 887 267 2626 106 152 678 234
internal_value=7.07067e-05 0.0023193 -0.0017091 0.0019312 0.0016858 0.0078621 0.0019735 0.00105178 -0.000685917 -0.00243539 0.00488956 0.00246164 -0.000223632 -0.00207355
internal_weight=8550 3776 4774 3525 3255 251 2868 993 1990 2784 270 1875 1489 501
internal_count=8550 3776 4774 3525 3255 251 2868 993 1990 2784 270 1875 1489 501
cat_boundaries=0 1 2 3
cat_threshold=146279488 2432708634 137363456
is_linear=0
shrinkage=0.03


Tree=5
num_leaves=15
num_cat=4
split_feature=37 24 37 25 38 35 35 27 25 23 30 5 38 30
split_gain=37.0266 9.3875 4.07037 4.06053 2.90947 2.04623 1.155 1.04977 1.09973 0.867721 0.839812 1.02608 0.981796 1.64606
threshold=0 1.0000000180025095e-35 1 0.34891304347826091 1.1341892480850222 2 3 29.165914351851857 0.62481481481481493 125.50000000000001 298.60000000000008 0.074150000000000008 1.6905941963195803 182.10000000000002
decision_type=9 10 9 10 2 1 1 2 8 2 2 2 2 2
left_child=1 3 5 -1 -3 9 -4 8 -6 -2 11 12 13 -9
right_child=2 4 6 -5 7 -7 -8 10 -10 -11 -12 -13 -14 -15
leaf_value=0.012481220131601658 -0.0010064426807313721 -0.0011386838362105476 -0.0019212989777648844 0.0046681974500379694 0.0015737437290124535 0.00010078021854552594 -0.0032161725366678749 0.0073988428775272853 0.0044872428530191143 -0.0030310710889340084 0.0054673146045974728 0.0013911428587518276 0.0011819122327599396 0.002953186113030676
leaf_weight=101 427 277 1582 147 2241 1166 1221 108 123 344 103 361 121 245
leaf_count=101 427 277 1582 147 2241 1166 1221 108 123 344 103 361 121 245
internal_value=8.09129e-06 0.00219991 -0.00176247 0.00785011 0.00181454 -0.000695389 -0.00249478 0.00206228 0.00172533 -0.00188533 0.00291146 0.00259619 0.00351396 0.00431333
internal_weight=8567 3827 4740 248 3579 1937 2803 3302 2364 771 938 835 474 353
internal_count=8567 3827 4740 248 3579 1937 2803 3302 2364 771 938 835 474 353
cat_boundaries=0 1 2 3 4
cat_threshold=146279488 2432774162 1 26
is_linear=0
shrinkage=0.03


Tree=6
num_leaves=15
num_cat=3
split_feature=37 37 25 1 37 25 23 38 38 38 38 38 23 0
split_gain=35.6046 9.89711 7.33709 4.33809 2.81208 1.92617 1.33168 1.29251 1.4293 1.14177 1.02477 0.998761 0.865181 0.863048
threshold=0 1 0.34891304347826091 1.0000000180025095e-35 2 0.22290322580645164 114.50000000000001 1.7399903535842898 1.1341892480850222 2.1002669334411626 0.94390049576759349 1.7370213866233828 19.500000000000004 13.500000000000002
decision_type=9 9 10 2 9 8 2 2 2 2 2 2 2 2
left_child=1 2 -1 6 5 12 -3 8 -5 -7 -6 -12 -2 -10
right_child=4 3 -4 7 10 9 -8 -9 13 -11 11 -13 -14 -15
leaf_value=0.013824147024554097 0.0023168067219327044 0.0032503965266359835 0.0040030144065877488 -0.00032484346139831236 -0.004813937146480804 -0.0016457481085878057 0.0072536069401671031 0.00043570411161021659 0.0021838352129318686 0.0015371973942900593 -0.0021129678769126518 -0.0043898179762837811 -0.00025583755483942091 -0.00036996750932876164
leaf_weight=108 178 158 187 263 156 1667 142 938 1914 108 2100 189 347 127
leaf_count=108 178 158 187 263 156 1667 142 938 1914 108 2100 189 347 127
internal_value=-3.54619e-06 0.00214226 0.00734941 0.00168911 -0.00173958 -0.000975683 0.00514525 0.0013745 0.0017567 -0.00145208 -0.00245128 -0.00230096 0.000616411 0.00202493
internal_weight=8582 3837 295 3542 4745 2300 300 3242 2304 1775 2445 2289 525 2041
internal_count=8582 3837 295 3542 4745 2300 300 3242 2304 1775 2445 2289 525 2041
cat_boundaries=0 1 2 3
cat_threshold=163056704 2097152 3489689634
is_linear=0
shrinkage=0.03


Tree=7
num_leaves=15
num_cat=5
split_feature=37 37 25 37 38 7 25 38 38 37 22 21 35 21
split_gain=30.3379 8.30101 5.61988 3.54855 2.82862 2.52761 1.67005 1.45079 1.43569 1.23809 0.966868 1.00062 0.918169 0.900238
threshold=0 1 0.34891304347826091 2 1.210679352283478 1.5000000000000002 0.22290322580645164 2.1002669334411626 1.6598359346389773 3 124.65000000000002 35.166666666666679 4 101.95833333333336
decision_type=9 9 10 9 2 2 10 2 2 9 2 2 1 2
left_child=1 2 -1 12 -3 8 -5 -8 10 13 -6 -12 -2 -10
right_child=3 4 -4 6 5 -7 7 -9 9 -11 11 -13 -14 -15
leaf_value=0.01257140086605012 -0.001446794936306436 -0.00088312508138461217 0.0037659619235566682 0.00060037467990781677 -0.00056978810025611895 0.0042290655034492421 -0.001522409708364971 0.0019503637460654537 -0.00010419890760106119 0.0033368753222414336 0.004877714507719723 0.0020786481915647873 -0.0028482145847578259 0.0018026686537143445
leaf_weight=104 650 399 175 554 112 343 1624 116 827 138 126 1310 1799 305
leaf_count=104 650 399 175 554 112 343 1624 116 827 138 126 1310 1799 305
internal_value=-8.44643e-05 0.00189555 0.00680439 -0.00168753 0.00149286 0.00179749 -0.000830531 -0.00129089 0.00150153 0.000753936 0.00211486 0.00232425 -0.00248365 0.000405991
internal_weight=8582 3839 279 4743 3560 3161 2294 1740 2818 1270 1548 1436 2449 1132
internal_count=8582 3839 279 4743 3560 3161 2294 1740 2818 1270 1548 1436 2449 1132
cat_boundaries=0 1 2 3 4 5
cat_threshold=163059712 2097152 1715504005 8394752 24
is_linear=0
shrinkage=0.03


Tree=8
num_leaves=15
num_cat=3
split_feature=37 37 25 37 25 1 38 23 38 0 33 31 27 38
split_gain=32.0294 7.45357 5.1548 2.58262 2.20495 2.13835 1.63622 1.45454 1.35391 0.968816 0.9523 1.08004 0.979191 1.11754
threshold=0 1 0.34891304347826091 2 0.24695121951219515 1.0000000180025095e-35 2.0847059488296513 114.50000000000001 1.0479021668434145 11.500000000000002 1.0000000180025095e-35 3.2948938677315356 27.165231481481488 1.210679352283478
decision_type=9 9 10 9 10 2 2 2 2 2 2 8 2 2
left_child=1 2 -1 -2 -5 7 9 -3 -7 -6 12 -12 -10 -14
right_child=3 5 -4 4 6 8 -8 -9 10 -11 11 -13 13 -15
leaf_value=0.011620585983382316 -0.002931132422070055 0.0022461521527951671 0.0035348043909814372 0.00021515197412046635 -0.0015444898387720213 -0.0014929098922678891 0.0020379658253597359 0.0063059199779178865 0.00073316855830852102 -0.0031366955434099573 0.0020273895071265449 0.0054437935084118098 -0.00064500193896136523 0.0022180216192257737
leaf_weight=118 1105 189 178 725 2347 139 105 137 1345 403 435 103 138 1107
leaf_count=118 1105 189 178 725 2347 139 105 137 1345 403 435 103 138 1107
internal_value=1.04004e-05 0.00202011 0.00653733 -0.00165863 -0.00125878 0.00163086 -0.00163748 0.00395225 0.00140421 -0.00177782 0.00153295 0.00268146 0.00129438 0.00190067
internal_weight=8574 3889 296 4685 3580 3593 2855 326 3267 2750 3128 538 2590 1245
internal_count=8574 3889 296 4685 3580 3593 2855 326 3267 2750 3128 538 2590 1245
cat_boundaries=0 1 2 3
cat_threshold=163068992 2098176 637535109
is_linear=0
shrinkage=0.03


Tree=9
num_leaves=15
num_cat=5
split_feature=37 37 38 1 37 38 22 38 37 38 22 21 35 0
split_gain=30.7105 6.95732 3.48082 3.14421 2.7905 1.37906 1.32977 1.2938 1.06543 0.985008 0.905836 1.31093 0.90764 0.876683
threshold=0 1 1.8200269937515261 1.0000000180025095e-35 2 1.1398414969444277 1725.48125 1.7399903535842898 3 2.0029230117797856 124.65000000000002 46.500000000000007 4 11.500000000000002
decision_type=9 9 2 2 9 2 2 2 9 2 2 2 1 2
left_child=1 2 -1 6 -2 -5 -3 10 -6 13 -7 -12 -13 -10
right_child=4 3 -4 5 8 7 -8 -9 9 -11 11 12 -14 -15
leaf_value=0.0021644608437234657 -0.0029263008144422504 0.0063326216611520585 0.0090825413693411024 -0.00071095164267815389 -0.0002893620167506506 -0.00047537276761431711 0.0022647769703572399 0.00062088317800186046 -0.0014408902278062572 0.00048416266630367532 0.0039467954677506424 7.3646957224065609e-06 0.0020783109130337318 -0.0030263312023979102
leaf_weight=101 1136 168 186 269 878 128 127 949 2135 206 301 232 1337 368
leaf_count=101 1136 168 186 269 878 128 127 949 2135 206 301 232 1337 368
internal_value=-1.34843e-05 0.00199208 0.00642412 0.00161258 -0.00162703 0.00134527 0.00458138 0.00153296 -0.00120856 -0.00150432 0.00196617 0.00213329 0.00178538 -0.00167399
internal_weight=8521 3798 287 3511 4723 3216 295 2947 3587 2709 1998 1870 1569 2503
internal_count=8521 3798 287 3511 4723 3216 295 2947 3587 2709 1998 1870 1569 2503
cat_boundaries=0 1 2 3 4 5
cat_threshold=163056704 2097152 1711276932 2147495936 1
is_linear=0
shrinkage=0.03


Tree=10
num_leaves=15
num_cat=5
split_feature=37 24 37 38 1 35 37 38 38 38 22 37 1 30
split_gain=29.8545 6.55497 3.42628 1.83622 1.75673 1.73925 1.55592 1.81419 1.30169 1.80939 1.18098 1.01229 0.774769 0.880542
threshold=0 1.0000000180025095e-35 1 1.9682257175445559 1.0000000180025095e-35 2 3 1.5980411171913149 1.1940937638282778 1.7399903535842898 1725.48125 4 53.500000000000007 111.50000000000001
decision_type=9 10 9 2 2 1 9 2 2 2 2 9 2 2
left_child=1 3 5 -1 10 -2 8 -8 -6 -10 -3 -4 -11 -14
right_child=2 4 11 -5 6 -7 7 -9 9 12 -12 -13 13 -15
leaf_value=0.0042169311521977832 -0.0016365968949430543 0.0057467086179061764 -0.0031769561185235884 0.0093198472462339144 -0.00046531532727631147 0.00018530557925620949 0.0011986115853927148 0.0063834289901245102 0.0020917185564596208 0.0010882781823449289 0.001869425540449671 -0.0018248297689209927 -0.0028346108234033854 0.0004569317204445586
leaf_weight=130 781 155 746 124 326 1169 114 130 1796 585 130 2025 116 198
leaf_count=130 781 155 746 124 326 1169 114 130 1796 585 130 2025 116 198
internal_value=7.22661e-05 0.00204705 -0.00152006 0.00670812 0.00171932 -0.000549017 0.00152215 0.00380507 0.0013208 0.00154175 0.00397812 -0.00219896 0.000443048 -0.000759052
internal_weight=8525 3804 4721 254 3550 1950 3265 244 3021 2695 285 2771 899 314
internal_count=8525 3804 4721 254 3550 1950 3265 244 3021 2695 285 2771 899 314
cat_boundaries=0 1 2 3 4 5
cat_threshold=146279488 2432774170 1 9963520 570425988
is_linear=0
shrinkage=0.03


Tree=11
num_leaves=15
num_cat=1
split_feature=27 24 23 38 35 7 33 29 22 27 27 25 38 38
split_gain=14.2706 8.81761 4.42653 2.61822 2.22134 1.90776 1.82013 1.78901 1.67144 1.27584 1.27284 0.88901 0.86151 0.978651
threshold=13.999994212962966 1.0000000180025095e-35 17.500000000000004 1.205659866333008 0 1.5000000000000002 1.0000000180025095e-35 1.5000000000000002 1774.8968750000001 29.616950231481486 30.512980324074078 0.22290322580645164 1.3708519339561465 1.4053131937980654
decision_type=2 8 2 2 1 2 2 2 2 2 2 10 2 2
left_child=4 2 -2 6 7 9 -3 12 -7 -5 -11 -6 -1 -14
right_child=1 3 -4 5 11 8 -8 -9 -10 10 -12 -13 13 -15
leaf_value=-0.0017362183500369902 0.0029066897582859523 -0.0017516396319402511 0.011680795691208914 0.00061952291911369212 -0.00048480862332239574 0.0054651656697875675 0.0026814556606661747 0.00092257903697221379 0.0014381582637084647 0.0037411521277200001 0.00097568620401524146 -0.002136477426466677 0.0019790280865895193 -0.0007753211417307178
leaf_weight=836 103 456 104 1882 347 173 102 558 200 269 338 1895 129 1161
leaf_count=836 103 456 104 1882 347 173 102 558 200 269 338 1895 129 1161
internal_value=-0.000125597 0.0013025 0.00731494 0.000938585 -0.0011771 0.0013051 -0.000941289 -0.000587057 0.00330591 0.00100526 0.00220124 -0.00187249 -0.000986045 -0.000499886
internal_weight=8553 3627 207 3420 4926 2862 558 2684 373 2489 607 2242 2126 1290
internal_count=8553 3627 207 3420 4926 2862 558 2684 373 2489 607 2242 2126 1290
cat_boundaries=0 1
cat_threshold=26
is_linear=0
shrinkage=0.03


Tree=12
num_leaves=15
num_cat=5
split_feature=37 37 23 35 38 37 1 31 23 38 37 31 22 30
split_gain=25.2477 7.49008 3.61382 2.31322 1.94428 1.92937 1.87313 1.11312 1.03245 0.916877 0.827079 0.803891 0.791681 0.89929
threshold=0 1 17.500000000000004 2 1.057650148868561 3 1.0000000180025095e-35 7.1358333333333341 117.50000000000001 1.7399903535842898 4 2.4757543249946594 183.10000000000005 54.750000000000007
decision_type=9 9 2 1 2 9 2 8 2 2 9 10 2 2
left_child=1 2 -1 10 -3 -5 8 9 -6 12 -2 -11 -8 -14
right_child=3 4 -4 5 6 -7 7 -9 -10 11 -12 -13 13 -15
leaf_value=0.0031124573871731268 -0.0037306520272627 -0.0019219820043040209 0.0098205255985479144 -0.0015556066630913045 0.0022508136373478919 -6.7768603225940963e-06 -0.0008118050806287273 0.0043165931477318559 0.0058886923375856973 0.0010224502755476063 -0.0019559010113989342 -0.0010049865091045656 0.0037017072450887907 0.0015664902658751631
leaf_weight=137 322 146 153 1760 150 1235 111 113 132 684 1434 237 199 1645
leaf_count=137 322 146 153 1760 150 1235 111 113 132 684 1434 237 199 1645
internal_value=1.31076e-05 0.00186592 0.00642982 -0.00143347 0.00146095 -0.000919089 0.00161641 0.0013959 0.00395365 0.00128115 -0.00230062 0.000500732 0.0016488 0.00179692
internal_weight=8458 3707 290 4751 3417 2995 3271 2989 282 2876 1756 921 1955 1844
internal_count=8458 3707 290 4751 3417 2995 3271 2989 282 2876 1756 921 1955 1844
cat_boundaries=0 1 2 3 4 5
cat_threshold=146278464 2097152 1 1715519525 570425344
is_linear=0
shrinkage=0.03


Tree=13
num_leaves=15
num_cat=4
split_feature=37 37 25 37 1 37 38 38 23 24 24 30 25 38
split_gain=21.7285 7.52597 3.51171 1.68082 2.39917 1.52053 1.19917 0.986585 0.9416 0.779733 0.736271 0.796109 0.73286 0.71638
threshold=0 1 0.34891304347826091 2 2.5000000000000004 3 2.1002669334411626 1.057650148868561 130.50000000000003 120.45833333333286 583.68516666666449 309.12500000000006 0.37750000000000006 1.7399903535842898
decision_type=9 9 10 9 2 9 2 2 2 10 10 2 10 2
left_child=1 2 -1 9 8 -2 12 -6 -5 13 11 -9 -7 -3
right_child=5 3 -4 4 7 6 -8 10 -10 -11 -12 -13 -14 -15
leaf_value=0.010370331025712295 -0.0030209715506667907 0.0010550592289766932 0.0036217690409948628 0.0027306436432424832 -0.0011754218514734448 -0.00062773608420684467 0.0015471846645525773 0.0013426079191308222 0.006215924682370054 -0.0010430420732138776 -0.00043605231832543722 0.0035958581472483558 -0.0017650520740704657 -0.00040075581136401887
leaf_weight=109 647 971 191 185 149 648 119 1972 112 319 192 152 2393 443
leaf_count=109 647 971 191 185 149 648 119 1972 112 319 192 152 2393 443
internal_value=4.85949e-06 0.00134714 0.00587782 0.00103238 0.00149231 -0.00168488 -0.00140266 0.0011908 0.00404496 0.000295007 0.00134304 0.00150386 -0.0015227 0.000598959
internal_weight=8602 4795 300 4495 2762 3807 3160 2465 297 1733 2316 2124 3041 1414
internal_count=8602 4795 300 4495 2762 3807 3160 2465 297 1733 2316 2124 3041 1414
cat_boundaries=0 1 2 3 4
cat_threshold=2310543426 2097152 2172649474 570425860
is_linear=0
shrinkage=0.03


Tree=14
num_leaves=15
num_cat=4
split_feature=27 24 22 38 35 36 24 36 28 31 38 1 36 27
split_gain=15.5971 9.70574 3.13876 2.80213 2.04604 1.72685 1.95581 1.49816 1.30405 1.05041 1.02351 1.0487 0.861074 0.79933
threshold=13.999994212962966 2.6950000000000736 10928.000000000002 1.1940937638282778 0 1 32.396333333334191 2 2.5324884259259264 0.43729304635761596 1.7187352180480959 1.0000000180025095e-35 3 7.9998495370370373
decision_type=2 8 2 2 1 9 8 9 2 8 2 2 9 2
left_child=4 2 -2 12 9 10 -7 -6 13 -1 11 -5 -3 -9
right_child=1 3 -4 5 7 6 -8 8 -10 -11 -12 -13 -14 -15
leaf_value=0.00057882802355559019 0.010738400484345132 -0.00025863486252351972 0.0035948557815514504 0.0049437594861467546 -0.0010693692663643439 0.0028508926048745626 -0.00048781044070146494 0.0033387319671738941 -0.0014247977096507067 -0.0021090350897069099 0.0009014997911694759 0.0021292518753162144 -0.003238588170985364 0.00057710430966424395
leaf_weight=142 124 438 100 131 2110 209 646 111 276 1667 590 1317 101 628
leaf_count=142 124 438 100 131 2110 209 646 111 276 1667 590 1317 101 628
internal_value=1.38876e-05 0.00149895 0.00754932 0.00110405 -0.00108651 0.00147406 0.000324521 -0.000614764 0.000331489 -0.00188761 0.00194519 0.00238388 -0.000881914 0.000991909
internal_weight=8590 3656 224 3432 4934 2893 855 3125 1015 1809 2038 1448 539 739
internal_count=8590 3656 224 3432 4934 2893 855 3125 1015 1809 2038 1448 539 739
cat_boundaries=0 1 2 3 4
cat_threshold=1 34 48 36
is_linear=0
shrinkage=0.03


Tree=15
num_leaves=15
num_cat=4
split_feature=37 37 38 30 37 1 25 38 35 38 1 38 31 22
split_gain=22.3436 5.05616 3.93991 3.14025 2.59311 1.77816 1.3482 1.25424 1.1092 1.1071 1.10007 1.02539 1.09638 0.964704
threshold=0 1 1.7505692243576052 40.250000000000007 2 1.0000000180025095e-35 0.22290322580645164 1.8392061591148379 3 1.5592587590217593 45.500000000000007 1.057650148868561 4.8694037915972448 1891.5441250000001
decision_type=9 9 2 2 9 2 10 2 1 2 2 2 10 2
left_child=1 2 -1 -4 6 9 10 11 -6 -3 -2 -7 13 -13
right_child=4 5 3 -5 8 7 -8 -9 -10 -11 -12 12 -14 -15
leaf_value=0.0015320789242832689 -0.00030890384133090264 0.001420166887571746 0.01133736036018247 0.0046208828979764464 -0.0013136363043297528 -0.00097849318758144841 -0.00096658557625796523 -9.8294244012019281e-05 -0.002579269154581823 0.0052594522567879819 0.0024327923419977049 0.00093313186674236171 0.0038259810009268948 0.0022451420325180836
leaf_weight=192 340 116 101 165 1387 148 1573 585 1276 162 215 1392 183 791
leaf_count=192 340 116 101 165 1387 148 1573 585 1276 162 215 1392 183 791
internal_value=6.22079e-05 0.00176622 0.00470444 0.00717112 -0.00130275 0.00135501 -0.00051563 0.00115284 -0.00192746 0.00365745 0.000753195 0.00144398 0.00159551 0.00140853
internal_weight=8626 3835 458 266 4791 3377 2128 3099 2663 278 555 2514 2366 2183
internal_count=8626 3835 458 266 4791 3377 2128 3099 2663 278 555 2514 2366 2183
cat_boundaries=0 1 2 3 4
cat_threshold=146279488 136315904 2432724994 26
is_linear=0
shrinkage=0.03


Tree=16
num_leaves=15
num_cat=2
split_feature=37 24 27 37 38 25 1 25 28 38 31 1 1 27
split_gain=20.2852 5.12865 2.32221 2.18254 1.78169 1.54328 1.50638 1.11686 1.02024 0.925335 0.848918 1.02648 0.923478 0.732843
threshold=0 1.0000000180025095e-35 17.003738425925928 1 1.0652156472206118 0.22290322580645164 1.0000000180025095e-35 0.62481481481481493 1.2354513888888892 0.94390049576759349 2.6397879858657247 55.500000000000007 67.500000000000014 29.165914351851857
decision_type=9 10 2 9 2 10 2 8 2 2 10 2 2 2
left_child=1 2 -1 5 -3 8 13 -8 -2 -5 11 -7 -12 -6
right_child=3 4 -4 9 6 10 7 -9 -10 -11 12 -13 -14 -15
leaf_value=0.0026339838742042675 0.0018744089883693958 -0.0016450051356426787 0.0083645773350330497 -0.0040425140002988422 0.0023671384018517155 -0.00072367687991513113 0.0012145302062313991 0.0038035375872213185 -0.00076456988053310508 -0.0016827783191724847 -0.00099224954430083526 -0.0026221617264696913 0.0016252672762269726 0.0054599709780124052
leaf_weight=116 336 166 141 159 170 639 2947 158 217 2519 321 428 195 116
leaf_count=116 336 166 141 159 170 639 2947 158 217 2519 321 428 195 116
internal_value=4.9112e-05 0.00168092 0.00577801 -0.00124463 0.00138962 -0.000523024 0.00153817 0.00134627 0.00083886 -0.0018161 -0.00100208 -0.00148521 -3.07168e-06 0.00362157
internal_weight=8628 3814 257 4814 3557 2136 3391 3105 553 2678 1583 1067 516 286
internal_count=8628 3814 257 4814 3557 2136 3391 3105 553 2678 1583 1067 516 286
cat_boundaries=0 1 2
cat_threshold=163056640 2416013378
is_linear=0
shrinkage=0.03


Tree=17
num_leaves=15
num_cat=5
split_feature=37 37 38 23 35 37 37 38 27 24 7 14 22 28
split_gain=19.7606 4.7134 4.35565 2.39442 2.16711 1.26326 1.11433 1.02655 1.1615 1.35456 1.16247 0.764598 1.50493 0.800685
threshold=0 1 1.7505692243576052 39.500000000000007 2 3 4 1.0479021668434145 29.165914351851857 174.82500000000351 1.5000000000000002 2.5000000000000004 517.25000000000011 1.177337962962963
decision_type=9 9 2 2 1 9 9 2 2 10 2 2 2 2
left_child=1 2 -1 -4 5 -2 -6 -3 11 -10 -11 13 -13 -9
right_child=4 7 3 -5 6 -7 -8 8 9 10 -12 12 -14 -15
leaf_value=0.0010760194615784819 0.00023712862557349196 -0.0013009702289799373 0.0043464865421501365 0.0099228937175550019 -0.0031271573798367963 -0.0012360402728007101 -0.0015527819665491827 0.00010918036118702434 0.00025502364867157024 0.0022264567426846585 0.0052702487017787661 0.0042729299551462303 0.00088124533449472089 0.0014772681155187323
leaf_weight=202 930 143 154 126 542 1190 2013 1081 253 602 139 166 405 598
leaf_count=202 930 143 154 126 542 1190 2013 1081 253 602 139 166 405 598
internal_value=3.30033e-06 0.00158701 0.00434349 0.00685587 -0.00130797 -0.000591712 -0.00189765 0.00118311 0.00129626 0.00215031 0.00279742 0.000918952 0.00186727 0.000596444
internal_weight=8544 3869 482 280 4675 2120 2555 3387 3244 994 741 2250 571 1679
internal_count=8544 3869 482 280 4675 2120 2555 3387 3244 994 741 2250 571 1679
cat_boundaries=0 1 2 3 4 5
cat_threshold=163060800 136314880 28 2449473538 570425728
is_linear=0
shrinkage=0.03


Tree=18
num_leaves=15
num_cat=4
split_feature=37 24 25 1 37 25 30 35 26 1 22 32 25 35
split_gain=17.2844 4.08564 2.25402 2.25287 2.24978 1.34655 1.21357 1.71756 1.58531 1.10968 0.973212 1.1492 0.966872 0.8811
threshold=0 1.0000000180025095e-35 0.34891304347826091 1.0000000180025095e-35 1 0.22290322580645164 36.250000000000007 2 0.05634920634920635 45.500000000000007 1900.9126250000002 9.5000000000000018 0.17000000000000001 3
decision_type=9 10 10 2 9 10 2 1 10 2 2 2 8 1
left_child=1 2 -1 -3 13 9 8 -8 -5 -6 -9 -12 -11 -2
right_child=4 3 -4 6 5 -7 7 10 -10 12 11 -13 -14 -15
leaf_value=0.0086231289098708374 -0.001264377692366055 0.0038750269509798198 0.002851626272469559 0.0047567076785510337 -0.00028737717933710583 -0.00092362518846985915 0.0012992375106150268 -0.0010477235470166878 0.00042563704449180377 0.00028910260140786276 0.002671671780387816 -0.0012636235010259867 0.0042695168281334031 -0.00241982147606821
leaf_weight=103 1400 273 149 171 347 1643 2128 549 137 102 170 110 119 1170
leaf_count=103 1400 273 149 171 347 1643 2128 549 137 102 170 110 119 1170
internal_value=4.96843e-06 0.0015159 0.00521061 0.00125702 -0.00119345 -0.000486121 0.00103812 0.000851456 0.00283022 0.000770847 -0.00030991 0.00112566 0.0024324 -0.00179774
internal_weight=8571 3790 252 3538 4781 2211 3265 2957 308 568 829 280 221 2570
internal_count=8571 3790 252 3538 4781 2211 3265 2957 308 568 829 280 221 2570
cat_boundaries=0 1 2 3 4
cat_threshold=146278464 642040709 10 26
is_linear=0
shrinkage=0.03


Tree=19
num_leaves=15
num_cat=1
split_feature=27 24 22 38 25 1 22 38 27 31 1 28 35 38
split_gain=10.0453 5.206 3.13167 2.29517 2.25463 1.18455 1.46055 1.06351 0.976826 1.01181 0.810571 0.860701 0.744249 0.734571
threshold=13.999994212962966 2.6950000000000736 1498.6875000000002 1.2667399048805239 0.22290322580645164 10.500000000000002 1642.0350000000003 1.0652156472206118 27.999803240740743 0.85584415584415596 14.500000000000002 3.9322685185185189 0 1.5521233081817629
decision_type=2 8 2 2 10 2 2 2 2 8 2 2 1 2
left_child=4 2 -2 -3 10 6 -5 -6 9 -7 -1 -12 -9 -10
right_child=1 3 -4 5 7 8 -8 12 13 -11 11 -13 -14 -15
leaf_value=0.0021764425817300298 0.0093984059401388664 -0.00059345738227486609 0.0021224052735811304 0.0049229706843483996 -0.0027858919823817939 0.002690292933454983 0.0013382297328048893 -0.00067143130547960201 0.0026344010227219174 0.000128969934093697 -0.00057411266227243741 0.0021493693697799479 -0.0015340062090482781 0.00098065725520111763
leaf_weight=197 105 748 108 167 353 159 264 2068 437 1093 515 131 1675 541
leaf_count=197 105 748 108 167 353 159 264 2068 437 1093 515 131 1675 541
internal_value=-4.09685e-05 0.00115905 0.00570917 0.000874747 -0.000920995 0.00128746 0.00272721 -0.00121178 0.00100919 0.00045425 0.000491884 -2.18276e-05 -0.00106333 0.0017196
internal_weight=8561 3622 213 3409 4939 2661 431 4096 2230 1252 843 646 3743 978
internal_count=8561 3622 213 3409 4939 2661 431 4096 2230 1252 843 646 3743 978
cat_boundaries=0 1
cat_threshold=26
is_linear=0
shrinkage=0.03


Tree=20
num_leaves=15
num_cat=4
split_feature=37 37 25 37 1 23 37 30 31 13 1 21 21 31
split_gain=15.2965 4.43373 4.67158 1.20356 1.41481 1.22137 0.9926 0.825549 0.740012 1.47848 1.12225 0.733999 0.695746 0.984622
threshold=0 1 0.34891304347826091 2 1.0000000180025095e-35 126.50000000000001 3 179.02500000000003 1.9505869062052248 1.0000000180025095e-35 25.500000000000004 76.500000000000014 156.37500000000003 2.5394102990033227
decision_type=9 9 10 9 2 2 9 2 10 2 2 2 2 8
left_child=1 2 -1 12 5 -5 -2 8 9 -6 -10 -11 13 -3
right_child=6 3 -4 4 7 -7 -8 -9 10 11 -12 -13 -14 -15
leaf_value=0.0099561408256816381 -0.0022178413101699287 0.0010615240924849833 0.002024520086821786 0.0018110975975911888 0.0035249158118137295 0.0057910277600690648 -0.0010899351556899969 0.0007189569740581142 0.00112830268585313 -0.0017006287281401457 0.005457778838463127 0.0011907146132353068 -0.00083072808342390199 -0.00093942344529123021
leaf_weight=104 973 1003 187 191 178 109 2860 1739 103 123 113 221 387 284
leaf_count=104 973 1003 187 191 178 109 2860 1739 103 123 113 221 387 284
internal_value=2.61167e-05 0.00116418 0.00469775 0.000923151 0.00130669 0.00325714 -0.00138128 0.00107574 0.00191646 0.00130537 0.00339326 0.000156891 0.00028291 0.000619979
internal_weight=8575 4742 291 4451 2777 300 3833 2477 738 522 216 344 1674 1287
internal_count=8575 4742 291 4451 2777 300 3833 2477 738 522 216 344 1674 1287
cat_boundaries=0 1 2 3 4
cat_threshold=2310552640 2097152 2155884544 637534340
is_linear=0
shrinkage=0.03


Tree=21
num_leaves=15
num_cat=4
split_feature=37 24 25 37 1 25 23 38 37 36 38 1 24 22
split_gain=15.0224 4.34917 2.33265 1.73117 1.42138 1.32586 1.10693 0.888654 0.762736 1.0653 0.881061 0.76003 0.708792 0.81451
threshold=0 1.0000000180025095e-35 0.34891304347826091 1 3.5000000000000004 0.45972972972972981 73.500000000000014 0.89275550842285167 2 3 1.0652156472206118 82.500000000000014 362.38183333334752 1900.9126250000002
decision_type=9 10 10 9 2 10 2 2 9 9 2 2 10 2
left_child=1 2 -1 5 6 -2 -3 -5 -6 -10 -11 12 13 -12
right_child=3 4 -4 7 8 -7 -8 -9 9 10 11 -13 -14 -15
leaf_value=0.0085305376408108119 -4.2332425231656033e-05 0.00061985733742143825 0.0027080050598276414 -0.0043805407254763366 0.0028203011179153531 -0.0016434191864743175 0.0043285866966577555 -0.0015748770081444256 -0.000451299689258556 -0.0012333175283780898 0.0011545159722164749 4.8907654954476922e-05 0.00053164404684358344 0.0025852362427651902
leaf_weight=107 1525 112 147 106 172 670 205 2449 511 144 823 439 573 634
leaf_count=107 1525 112 147 106 172 670 205 2449 511 144 823 439 573 634
internal_value=-2.35989e-05 0.00136278 0.0051608 -0.0011527 0.00109955 -0.000528638 0.00301825 -0.00168468 0.000915012 0.000798527 0.00104373 0.00118077 0.00142554 0.00177708
internal_weight=8617 3867 254 4750 3613 2195 317 2555 3296 3124 2613 2469 2030 1457
internal_count=8617 3867 254 4750 3613 2195 317 2555 3296 3124 2613 2469 2030 1457
cat_boundaries=0 1 2 3 4
cat_threshold=146283584 2432720930 134218752 17
is_linear=0
shrinkage=0.03


Tree=22
num_leaves=15
num_cat=3
split_feature=24 35 25 35 23 23 25 23 24 30 31 35 30 32
split_gain=7.20547 5.39515 2.01518 1.58044 1.57551 1.46345 1.45306 2.31684 1.09366 1.3433 1.18625 1.0791 1.73774 0.803942
threshold=1.0000000180025095e-35 0 0.24195121951219514 1 24.500000000000004 68.500000000000014 0.19000000000000003 17.500000000000004 86.438000000000699 181.10000000000002 1.9398048454894361 2 213.07500000000002 14.500000000000002
decision_type=8 1 10 1 2 2 10 2 10 2 10 1 2 2
left_child=3 5 4 -1 -3 6 7 -2 -7 10 -10 12 13 -4
right_child=1 2 11 -5 -6 8 -8 -9 9 -11 -12 -13 -14 -15
leaf_value=0.0072592483622872309 0.0048294257064658589 -0.0022166520433829109 -8.7240260077287395e-05 0.0020072323712691498 0.00093072913576685364 -0.00065345634983598501 -0.00067564361189250625 -0.00015576735194190405 0.0020803153057021725 0.0011702776276011114 0.0057755090325892003 -0.0014675145551327085 0.0027742292586863584 -0.0014121373420700135
leaf_weight=128 129 170 834 126 906 220 830 240 259 1432 112 2229 137 815
leaf_count=128 129 170 834 126 906 220 830 240 259 1432 112 2229 137 815
internal_value=4.13665e-05 -0.000110715 -0.000718082 0.00501874 0.000433466 0.000848565 2.07069e-05 0.00158702 0.00134342 0.00158708 0.00319585 -0.00102848 -0.0004697 -0.000742056
internal_weight=8567 8313 5091 254 1076 3222 1199 369 2023 1803 371 4015 1786 1649
internal_count=8567 8313 5091 254 1076 3222 1199 369 2023 1803 371 4015 1786 1649
cat_boundaries=0 1 2 3
cat_threshold=8 18 18
is_linear=0
shrinkage=0.03


Tree=23
num_leaves=15
num_cat=3
split_feature=27 24 36 25 35 38 36 29 1 32 38 0 26 25
split_gain=7.07598 6.52811 2.2864 1.74958 1.36457 1.27351 1.25203 1.46043 1.10332 1.07082 0.826798 0.810749 0.788338 0.717978
threshold=15.333049768518519 13.420333333333257 0 0.22290322580645164 1 1.1940937638282778 2 1.5000000000000002 1.0000000180025095e-35 8.5000000000000018 1.7267118096351626 6.5000000000000009 0.054093567251461992 0.36181818181818187
decision_type=2 8 9 10 1 2 9 2 2 2 2 2 8 8
left_child=3 9 5 -1 6 -3 12 -8 -7 -2 -10 -12 -5 -4
right_child=1 2 13 4 -6 8 7 -9 10 -11 11 -13 -14 -15
leaf_value=0.00038976838088638577 0.0084402227860709434 -0.00057321329213249619 -0.00011897087933484223 -0.00065899488954999105 -0.0015553948936205511 0.0035730574734811555 -0.00018113162624572776 0.0031755067886648234 0.0016097323135419218 0.0040824311423827619 -0.0010076124154556965 0.0014246999328181211 -0.0025750540899981498 -0.0021336742055204339
leaf_weight=1006 101 329 469 1449 2067 197 454 157 1276 102 256 238 223 241
leaf_count=1006 101 329 469 1449 2067 197 454 157 1276 102 256 238 223 241
internal_value=-7.02787e-05 0.00104372 0.000692096 -0.000737724 -0.000998472 0.00114937 -0.000485303 0.000670404 0.00144334 0.00625059 0.0012063 0.00016423 -0.000909109 -0.000791684
internal_weight=8565 3209 3006 5356 4350 2296 2283 611 1967 203 1770 494 1672 710
internal_count=8565 3209 3006 5356 4350 2296 2283 611 1967 203 1770 494 1672 710
cat_boundaries=0 1 2 3
cat_threshold=34 26 50
is_linear=0
shrinkage=0.03


Tree=24
num_leaves=15
num_cat=3
split_feature=37 37 23 27 37 1 33 38 38 23 29 30 22 22
split_gain=10.8549 2.11228 2.42505 3.16762 1.46378 1.13105 0.871476 1.0692 1.50118 1.14696 1.04104 1.18942 0.834204 1.22682
threshold=0 1 30.500000000000004 15.333049768518519 2 1.0000000180025095e-35 1.0000000180025095e-35 1.210679352283478 1.6598359346389773 170.50000000000003 1.0000000180025095e-35 250.60000000000002 1619.2460000000001 3586.807875
decision_type=9 9 2 2 9 2 2 2 2 2 2 2 2 2
left_child=1 2 -1 -4 -2 -3 7 -7 9 10 -9 -12 -8 -14
right_child=4 5 3 -5 -6 6 12 8 -10 -11 11 -13 13 -15
leaf_value=8.6835080278049932e-05 -0.0023117635156006361 0.0026002585098683843 0.0023560100833106955 0.0087262681481661275 -0.00082048468774519273 -0.0012264622601166288 0.00071098521146991073 -0.00014851149077171004 -0.00019137210145667329 -0.00070249906060884573 0.002910033443237326 0.00055234737139115656 0.0054801922049982667 0.0011118977810145312
leaf_weight=166 701 296 201 108 3930 306 292 217 1045 210 612 281 107 126
leaf_count=166 701 296 201 108 3930 306 292 217 1045 210 612 281 107 126
internal_value=-6.52574e-05 0.00108506 0.0029493 0.00458251 -0.00105072 0.000823781 0.000661829 0.0004422 0.000658103 0.0013306 0.00171525 0.00216814 0.00177921 0.00311794
internal_weight=8598 3967 475 309 4631 3492 3196 2671 2365 1320 1110 893 525 233
internal_count=8598 3967 475 309 4631 3492 3196 2671 2365 1320 1110 893 525 233
cat_boundaries=0 1 2 3
cat_threshold=163060738 136315904 570425476
is_linear=0
shrinkage=0.03


Tree=25
num_leaves=15
num_cat=4
split_feature=37 24 35 37 23 26 38 31 1 23 38 38 35 30
split_gain=13.8344 3.78121 2.13724 1.72954 1.02596 1.49768 0.991803 1.14681 1.25381 1.90116 0.932431 0.793415 0.727503 0.744214
threshold=0 1.0000000180025095e-35 1 2 19.500000000000004 1.0000000180025095e-35 1.057650148868561 7.1358333333333341 1.0000000180025095e-35 117.50000000000001 2.1002669334411626 0.94390049576759349 3 62.500000000000007
decision_type=9 10 1 9 2 10 2 10 2 2 2 2 1 2
left_child=1 2 -1 4 5 -2 -3 8 9 -8 12 -5 -6 -14
right_child=3 6 -4 11 10 -7 7 -9 -10 -11 -12 -13 13 -15
leaf_value=0.0077763844051017862 -0.0011110066789078901 -0.001232699583600855 0.0017754363081529474 -0.0036119378228405756 0.00078947690187901407 0.0025657698337021723 0.00070705636156306254 0.004204483275767416 0.00092177232997400782 0.0056184521490441905 0.0019404531360949849 -0.0014789913539100064 -7.9561742330022321e-06 -0.0015969343834304351
leaf_weight=113 181 159 132 168 187 222 152 110 3173 133 107 2388 356 1041
leaf_count=113 181 159 132 168 187 222 152 110 3173 133 107 2388 356 1041
internal_value=2.11549e-05 0.00131959 0.00493309 -0.00108846 -0.000443715 0.000914414 0.00108559 0.0011889 0.00109298 0.00299904 -0.000770009 -0.00161287 -0.000953102 -0.00118354
internal_weight=8622 3972 245 4650 2094 403 3727 3568 3458 285 1691 2556 1584 1397
internal_count=8622 3972 245 4650 2094 403 3727 3568 3458 285 1691 2556 1584 1397
cat_boundaries=0 1 2 3 4
cat_threshold=146279490 18 2432790560 2
is_linear=0
shrinkage=0.03


Tree=26
num_leaves=15
num_cat=3
split_feature=37 37 38 30 37 38 2 38 27 1 0 38 38 28
split_gain=11.4158 4.2621 2.79284 1.8766 1.49453 1.17163 1.1088 1.05606 0.921738 0.95523 1.35877 0.949445 0.731234 0.707292
threshold=0 1 1.9682257175445559 60.500000000000007 2 1.6138998270034792 1.0000000180025095e-35 1.0479021668434145 27.165231481481488 17.500000000000004 10.500000000000002 1.6391403675079348 1.4874330759048464 0.96294560185185196
decision_type=9 9 2 2 9 2 2 2 2 2 2 2 2 2
left_child=1 2 3 5 6 -1 -2 -3 9 10 -9 12 13 -11
right_child=4 7 -4 -5 -6 -7 -8 8 -10 11 -12 -13 -14 -15
leaf_value=0.0016213688117684797 -0.00043599392268038535 -0.001813113452220326 0.0070993590044887049 -0.00044837960111413226 -0.0019180636883569747 0.0060525051128833777 -0.0017649749896527097 0.0021009704303501134 0.0013011852614727103 -0.0022580406621385079 -0.0016638242379607012 -0.0010483641722756501 0.0019968974081290836 0.00077690746829600871
leaf_weight=100 2443 144 152 141 1423 116 735 429 1698 104 108 572 228 206
leaf_count=100 2443 144 152 141 1423 116 735 429 1698 104 108 572 228 206
internal_value=-9.0718e-05 0.00108056 0.00362256 0.00224371 -0.00110843 0.00400105 -0.000741026 0.000700424 0.000810724 0.000305075 0.00134381 -0.000197446 0.000707248 -0.000241269
internal_weight=8599 3998 509 357 4601 216 3178 3489 3345 1647 537 1110 538 310
internal_count=8599 3998 509 357 4601 216 3178 3489 3345 1647 537 1110 538 310
cat_boundaries=0 1 2 3
cat_threshold=163060802 136315968 3493945361
is_linear=0
shrinkage=0.03


Tree=27
num_leaves=15
num_cat=2
split_feature=37 37 38 38 27 38 30 38 17 13 21 38 29 38
split_gain=10.7219 3.17368 2.73825 1.17437 1.65672 1.14219 1.10448 0.898307 0.845219 0.844019 1.4816 1.06585 1.05429 0.775412
threshold=0 1 1.848034203052521 1.2667399048805239 29.165914351851857 0.89275550842285167 289.02500000000003 2.1168247461318974 1.0000000180025095e-35 1.0000000180025095e-35 50.500000000000007 1.5355764627456667 1.0000000180025095e-35 1.6834616065025332
decision_type=9 9 2 2 2 2 2 2 2 2 2 2 2 2
left_child=1 2 -1 8 9 -2 13 -7 -3 10 11 -5 -13 -6
right_child=5 3 -4 4 6 7 -8 -9 -10 -11 -12 12 -14 -15
leaf_value=0.00062287009559398475 -0.0042703547254566423 -0.00068397363001425826 0.0063108933264588666 0.00072468125582155255 0.0024476887023623718 -0.0011556189268426573 0.0047368087199731517 0.0014532829492307471 0.001511187312511645 0.00033299372519491867 0.00036670624699542922 0.0059396603994250194 0.0019923401783363747 0.00035142816391760051
leaf_weight=129 103 698 186 135 462 3464 130 123 204 1976 491 127 117 242
leaf_count=129 103 698 186 135 462 3464 130 123 204 1976 491 127 117 242
internal_value=6.70633e-05 0.000986352 0.003859 0.000780891 0.00102038 -0.00115247 0.00219624 -0.00106616 -0.000187507 0.000675798 0.0014544 0.00286352 0.00404689 0.0017271
internal_weight=8587 4897 315 4582 3680 3690 834 3587 902 2846 870 379 244 704
internal_count=8587 4897 315 4582 3680 3690 834 3587 902 2846 870 379 244 704
cat_boundaries=0 1 2
cat_threshold=2310552658 2098176
is_linear=0
shrinkage=0.03


Tree=28
num_leaves=15
num_cat=1
split_feature=27 24 38 25 38 1 28 32 36 1 23 38 25 0
split_gain=6.17758 5.87268 2.37491 1.67631 1.06503 0.809209 1.21843 0.831968 0.780967 1.33489 0.71664 0.712987 0.689806 0.670633
threshold=15.333049768518519 13.420333333333257 1.102532744407654 0.22290322580645164 2.01169764995575 14.500000000000002 6.794155092592594 3.5000000000000004 0 1.0000000180025095e-35 125.50000000000001 1.0652156472206118 0.37750000000000006 16.500000000000004
decision_type=2 8 2 10 2 2 2 2 9 2 2 2 10 2
left_child=3 4 -3 5 -2 7 -7 -1 9 10 -4 -5 -10 -13
right_child=1 2 8 11 -6 6 -8 -9 12 -11 -12 13 -14 -15
leaf_value=0.0039611837020438198 0.0038059096376291744 -0.0018692562192715028 0.0017772006448358297 -0.0021705655147246012 0.0081734662280883632 -0.00048802220807176203 0.0029876667636978839 0.00035473012861551802 0.00072365446187834049 0.00098868848156479384 0.0052992074800998837 -0.00072449219203111353 -0.0014042366397322959 -0.0030303288210565462
leaf_weight=106 101 296 105 370 100 670 105 126 410 1883 103 3816 206 117
leaf_count=106 101 296 105 370 100 670 105 126 410 1883 103 3816 206 117
internal_value=-2.59589e-05 0.00101436 0.000682068 -0.000653674 0.00597882 0.000448174 -1.71224e-05 0.00200251 0.000961046 0.00123471 0.00352127 -0.000911531 1.1862e-05 -0.000793087
internal_weight=8514 3204 3003 5310 201 1007 775 232 2707 2091 208 4303 616 3933
internal_count=8514 3204 3003 5310 201 1007 775 232 2707 2091 208 4303 616 3933
cat_boundaries=0 1
cat_threshold=34
is_linear=0
shrinkage=0.03


Tree=29
num_leaves=15
num_cat=4
split_feature=37 37 35 1 38 37 32 30 38 38 23 23 27 26
split_gain=9.57529 1.86663 4.24995 1.67184 1.35057 1.14341 1.0062 1.26757 1.0195 1.53049 1.06354 1.45352 1.0491 1.08832
threshold=0 1 2 2.5000000000000004 2.1168247461318974 3 29.500000000000004 304.85000000000008 1.6315168738365176 1.2667399048805239 66.500000000000014 137.00000000000003 30.512980324074078 1.0000000180025095e-35
decision_type=9 9 1 2 2 9 2 2 2 2 2 2 2 10
left_child=1 2 -1 -3 5 -2 7 8 9 -5 -11 12 13 -12
right_child=4 3 -4 6 -6 -7 -8 -9 -10 10 11 -13 -14 -15
leaf_value=0.0062899888583226125 -0.0019445543507630603 0.0029199302304470168 0.00038420293518241674 -0.00029491336762309494 0.0023547317627817389 -0.00070498211814543988 -0.0012121876900829196 0.0040733839066277415 0.00010273207933739992 -0.00012408982555481415 0.0065018356959047037 0.00083759886607616581 0.00088385028199809311 0.0030489960369132884
leaf_weight=190 825 339 259 421 115 3686 229 106 1273 206 113 380 128 301
leaf_count=190 825 339 259 421 115 3686 229 106 1273 206 113 380 128 301
internal_value=7.13805e-05 0.00115558 0.0029659 0.000915281 -0.000853866 -0.000937556 0.000702921 0.000852702 0.000731727 0.00124865 0.00182475 0.00226017 0.00325754 0.00399144
internal_weight=8571 3945 449 3496 4626 4511 3157 2928 2822 1549 1128 922 542 414
internal_count=8571 3945 449 3496 4626 4511 3157 2928 2822 1549 1128 922 542 414
cat_boundaries=0 1 2 3 4
cat_threshold=163059784 136314880 26 637534976
is_linear=0
shrinkage=0.03


Tree=30
num_leaves=15
num_cat=3
split_feature=37 21 37 38 1 32 36 38 38 23 1 30 21 0
split_gain=8.42857 2.08605 1.43543 1.22022 1.12766 0.864779 0.784312 2.17328 1.22179 0.79696 0.820548 1.03067 0.941893 0.875956
threshold=0 4.7500000000000009 1 1.210679352283478 1.0000000180025095e-35 26.500000000000004 2 1.8350701928138735 1.7399903535842898 71.500000000000014 27.500000000000004 228.05000000000004 54.166666666666679 6.5000000000000009
decision_type=9 2 9 2 2 2 9 2 2 2 2 2 2 2
left_child=1 -1 -2 -3 -5 6 7 -6 9 -8 11 12 -11 -14
right_child=2 3 -4 4 5 -7 8 -9 -10 10 -12 -13 13 -15
leaf_value=0.0051056986804538908 -0.00056000601777002866 -0.00068299585802664945 -0.0017340154036725294 0.0029375261321794447 0.00049095888087141335 -0.00058089730440190888 7.1752212390515806e-05 0.0056343037074431772 -1.4134016065800766e-07 -0.00069271996183929458 0.0023687191105035386 -0.0014675858043592873 0.0047520544342828453 0.00087678122853573697
leaf_weight=109 3423 394 1301 271 181 311 316 125 868 101 753 133 106 104
leaf_count=109 3423 394 1301 271 181 311 316 125 868 101 753 133 106 104
internal_value=-4.28279e-05 0.0010132 -0.000886311 0.000894187 0.00108428 0.000916757 0.0010901 0.00250997 0.000893327 0.00141181 0.00176558 0.000742679 0.0016879 0.00283287
internal_weight=8496 3772 4724 3663 3269 2998 2687 306 2381 1513 1197 444 311 210
internal_count=8496 3772 4724 3663 3269 2998 2687 306 2381 1513 1197 444 311 210
cat_boundaries=0 1 2 3
cat_threshold=163056640 3493884019 4
is_linear=0
shrinkage=0.03


Tree=31
num_leaves=15
num_cat=1
split_feature=27 38 30 27 35 33 27 38 27 38 24 23 23 31
split_gain=4.65184 2.47212 1.90059 2.50541 1.11098 1.0299 0.89366 0.890307 0.83387 0.808442 1.10425 0.714688 0.706724 1.26072
threshold=13.999994212962966 1.2020130753517153 40.250000000000007 17.003738425925928 0 1.0000000180025095e-35 27.999803240740743 1.7153424620628359 28.365295138888893 1.9379359483718874 38.196499999999808 110.50000000000001 94.500000000000014 2.3393548387096779
decision_type=2 2 2 2 1 2 2 2 2 2 10 2 2 10
left_child=4 5 3 -3 -1 -2 9 8 -8 12 -11 -9 -4 -14
right_child=1 2 6 -5 -6 -7 7 11 -10 10 -12 -13 13 -15
leaf_value=-0.00018615998411703618 -0.001659394140681877 0.0010198761804883058 -0.00061454048673213139 0.0064037346260303061 -0.0010913500415484531 0.0016814074624905034 0.0044295431444471749 -0.001022444664449722 0.001650243794725589 0.0043866797774513759 -2.7920946380512297e-05 0.0016402121978070111 0.0023993178611108508 -0.0002335550559774216
leaf_weight=2700 447 180 613 137 2239 102 111 192 779 101 103 172 267 423
leaf_count=2700 447 180 613 137 2239 102 111 192 779 101 103 172 267 423
internal_value=2.31446e-09 0.000815815 0.00114659 0.00334665 -0.000599097 -0.0010387 0.000893993 0.00148567 0.00199688 0.000401652 0.00215774 0.000235734 0.000126716 0.000785252
internal_weight=8566 3627 3078 317 4939 549 2761 1254 890 1507 204 364 1303 690
internal_count=8566 3627 3078 317 4939 549 2761 1254 890 1507 204 364 1303 690
cat_boundaries=0 1
cat_threshold=26
is_linear=0
shrinkage=0.03


Tree=32
num_leaves=15
num_cat=4
split_feature=37 37 38 1 37 25 21 0 33 28 1 38 1 35
split_gain=8.60325 1.84834 2.08857 1.34998 1.33208 1.10683 1.29294 1.0747 0.909766 1.08225 0.875552 0.989579 0.6906 0.690295
threshold=0 1 1.9379359483718874 1.0000000180025095e-35 2 0.24695121951219515 123.66666666666667 11.500000000000002 1.0000000180025095e-35 9.0120312500000015 50.500000000000007 1.2188034653663637 35.500000000000007 3
decision_type=9 9 2 2 9 10 2 2 2 2 2 2 2 1
left_child=1 2 -1 -3 13 6 -6 -7 10 -10 11 -5 -13 -2
right_child=4 3 -4 8 5 7 -8 -9 9 -11 -12 12 -14 -15
leaf_value=0.0009223754598293453 -2.7169505501742319e-05 0.0029357319429929537 0.005896035218641597 -0.00094814926008316303 0.0021317434934595872 -0.00050698379315084093 -0.00043517932165922633 -0.0021301904681484199 0.001230873445007516 0.0046557112376777324 -0.00019805965600991896 0.00084733529239678588 0.0023674627848879839 -0.001938593269358118
leaf_weight=150 213 275 154 222 284 2323 467 436 467 101 979 1173 349 1056
leaf_count=150 213 275 154 222 284 2323 467 436 467 101 979 1173 349 1056
internal_value=6.21571e-05 0.00111198 0.00333231 0.000913912 -0.000788661 -0.000484176 0.000535534 -0.000763496 0.000747744 0.00183987 0.000519934 0.000922981 0.00119591 -0.00162048
internal_weight=8649 3870 304 3566 4779 3510 751 2759 3291 568 2723 1744 1522 1269
internal_count=8649 3870 304 3566 4779 3510 751 2759 3291 568 2723 1744 1522 1269
cat_boundaries=0 1 2 3 4
cat_threshold=146278480 2097152 637830020 24
is_linear=0
shrinkage=0.03


Tree=33
num_leaves=15
num_cat=2
split_feature=24 35 35 23 30 23 24 21 25 27 21 38 26 1
split_gain=4.03808 3.47005 2.57235 1.24904 1.44423 1.02511 0.915654 0.962318 0.839918 1.06083 0.952598 0.9355 0.886353 0.811487
threshold=1.0000000180025095e-35 0 1 126.50000000000001 216.20000000000002 137.00000000000003 88.281833333336408 79.533333333333346 0.24195121951219514 28.270839120370372 128.03333333333336 1.7267118096351626 1.0000000180025095e-35 20.500000000000004
decision_type=8 1 1 2 2 2 10 2 8 2 2 2 10 2
left_child=2 3 -1 8 6 -6 -5 -8 10 -10 13 12 -11 -2
right_child=1 -3 -4 4 5 -7 7 -9 9 11 -12 -13 -14 -15
leaf_value=0.0064808464742666713 0.0034124366221151181 -0.00078686702661187732 0.00042890143382095998 0.00053711750448201198 0.0027504188476465989 -0.00010697824251513232 0.0055527148843838234 0.0021221698317011551 -0.00056108256083044889 0.0032188909521555309 -0.00034194939648399925 -0.00087691292619066581 0.00059972523066701485 0.00090069301735830342
leaf_weight=127 175 3970 133 128 141 569 127 175 1681 177 315 210 339 342
leaf_count=127 175 3970 133 128 141 569 127 175 1681 177 315 210 339 342
internal_value=-3.10186e-05 -0.000145676 0.0036508 0.000436428 0.00129146 0.000460477 0.00266355 0.00356482 0.000136838 -0.000147188 0.000958533 0.000811155 0.00149816 0.0017509
internal_weight=8609 8349 260 4379 1140 710 430 302 3239 2407 832 726 516 517
internal_count=8609 8349 260 4379 1140 710 430 302 3239 2407 832 726 516 517
cat_boundaries=0 1 2
cat_threshold=24 18
is_linear=0
shrinkage=0.03


Tree=34
num_leaves=15
num_cat=2
split_feature=27 30 35 38 35 25 38 13 30 26 30 38 38 5
split_gain=3.8539 4.02314 1.58367 1.04498 1.09771 0.979867 0.971356 0.866824 0.809556 0.795919 0.893826 0.720219 0.681656 0.67919
threshold=17.003738425925928 40.250000000000007 0 2.075095653533936 1 0.17000000000000001 1.3708519339561465 1.0000000180025095e-35 103.50000000000001 0.051315789473684217 171.25000000000003 1.6391403675079348 1.4225578308105471 0.29705000000000004
decision_type=2 2 1 2 1 10 2 2 2 8 2 2 2 2
left_child=2 -2 6 4 -3 11 -1 8 13 10 12 -4 -9 -8
right_child=1 3 5 -5 -6 -7 7 9 -10 -11 -12 -13 -14 -15
leaf_value=-0.00085494660299486344 0.0052921660052963355 -0.0011011728064446637 0.002404548305352334 0.0035365023095334778 0.00068343960029083591 -0.0012456083158134401 0.0025906703034049286 0.0020904241161557235 -0.00032368804848321325 -0.0013669452563549046 0.0026798748237862519 -0.0010362331292708405 -0.00029420682721824039 -0.00021910650981590152
leaf_weight=901 172 347 121 103 2435 2254 343 123 205 335 126 100 878 100
leaf_count=901 172 347 121 103 2435 2254 343 123 205 335 126 100 878 100
internal_value=-1.86466e-05 0.000834937 -0.000494295 0.000569203 0.000459343 -0.00105444 -3.0264e-05 0.000321744 0.00123508 -8.30738e-05 0.000298556 0.000847634 -1.19024e-06 0.00195641
internal_weight=8543 3057 5486 2885 2782 2475 3011 2110 648 1462 1127 221 1001 443
internal_count=8543 3057 5486 2885 2782 2475 3011 2110 648 1462 1127 221 1001 443
cat_boundaries=0 1 2
cat_threshold=26 17
is_linear=0
shrinkage=0.03


Tree=35
num_leaves=15
num_cat=5
split_feature=37 37 28 27 24 1 37 37 23 1 32 28 25 35
split_gain=7.22424 1.72188 1.88428 2.65948 1.25097 0.804065 0.946397 0.81914 0.769903 1.81541 0.905489 1.28247 1.26596 1.10336
threshold=0 1 1.1472222222222224 15.333049768518519 8.2841666666674438 20.500000000000004 2 3 72.500000000000014 1.0000000180025095e-35 30.500000000000004 0.53105902777777791 0.30384615384615393 4
decision_type=9 9 2 2 10 2 9 9 2 2 2 2 10 1
left_child=1 2 3 4 -1 6 -2 -7 -3 -10 11 -11 -13 -14
right_child=5 8 -4 -5 -6 7 -8 -9 9 10 -12 12 13 -15
leaf_value=-0.00078950195501630114 -0.00090005976655264171 4.9070987712479022e-05 -0.00088806171363341754 0.0064758195829757994 0.0033198270207240939 -0.0019858246446337849 0.0010339874747541866 -0.00086259948908916611 0.0036520863574167543 0.00010127782926136484 -0.0014130824678876836 0.0042684966649096882 -0.0012498260974112495 0.0015355457160331622
leaf_weight=117 644 1556 122 155 155 881 340 1905 198 1134 175 133 143 922
leaf_count=117 644 1556 122 155 155 881 340 1905 198 1134 175 133 143 922
internal_value=1.68137e-05 0.000786774 0.00235708 0.00333947 0.00155221 -0.000965077 -0.00023043 -0.00122801 0.000579406 0.000886613 0.000668199 0.000824384 0.00150886 0.00116423
internal_weight=8580 4810 549 427 272 3770 984 2786 4261 2705 2507 2332 1198 1065
internal_count=8580 4810 549 427 272 3770 984 2786 4261 2705 2507 2332 1198 1065
cat_boundaries=0 1 2 3 4 5
cat_threshold=2310548546 136840192 641761312 637555221 1
is_linear=0
shrinkage=0.03


Tree=36
num_leaves=15
num_cat=3
split_feature=37 31 23 23 35 38 38 38 21 35 38 30 30 31
split_gain=7.20629 2.95776 1.70901 1.65231 1.45521 1.41981 1.27138 1.1503 1.1322 1.1027 1.07914 0.756466 0.736993 0.874152
threshold=0 7.7898305084745774 54.500000000000007 32.500000000000007 1 1.6462908983230593 2.1002669334411626 1.6598359346389773 102.35000000000001 2 1.2495102882385256 265.77500000000003 191.12500000000003 1.9505869062052248
decision_type=9 8 2 2 1 2 2 2 2 1 2 2 2 10
left_child=1 2 3 5 7 -1 9 8 12 -2 -10 -9 13 -4
right_child=6 -3 4 -5 -6 -7 -8 11 10 -11 -12 -13 -14 -15
leaf_value=-0.0014809284241862535 -0.0003098270306438581 0.0047572216791320508 0.0018201477365477733 0.004569334134359929 -0.00080327955970203207 0.0025604246257346359 0.0020555966397149683 -0.00025882929166257942 -0.0024960784370417072 -0.0012815224101435107 0.00089801799188915054 0.0018717157459076168 0.0013213976135112121 0.0048504447403509808
leaf_weight=124 1732 173 216 190 626 212 134 953 106 2754 412 178 638 142
leaf_count=124 1732 173 216 190 626 212 134 953 106 2754 412 178 638 142
internal_value=-1.74701e-05 0.000918676 0.000746202 0.00233336 0.000490976 0.00106897 -0.000822116 0.000797313 0.00134106 -0.000909908 0.000203473 7.6482e-05 0.0019327 0.00302211
internal_weight=8590 3970 3797 526 3271 336 4620 2645 1514 4486 518 1131 996 358
internal_count=8590 3970 3797 526 3271 336 4620 2645 1514 4486 518 1131 996 358
cat_boundaries=0 1 2 3
cat_threshold=146287682 26 24
is_linear=0
shrinkage=0.03


Tree=37
num_leaves=15
num_cat=3
split_feature=37 37 30 38 38 38 27 37 10 27 24 30 38 25
split_gain=8.15374 2.98593 2.49436 1.68162 1.29231 1.26122 1.09102 0.558364 0.497925 0.480425 0.73381 0.50808 0.436516 0.479795
threshold=0 1 40.250000000000007 1.8866107463836672 2.1002669334411626 1.1398414969444277 29.116319444444446 2 1.0000000180025095e-35 30.512980324074078 194.20583333333272 179.02500000000003 0.93009933829307567 0.36181818181818187
decision_type=9 9 2 2 2 2 2 9 2 2 10 2 2 8
left_child=1 2 -1 -4 7 -3 8 -2 -7 11 -11 -8 -9 -14
right_child=4 5 3 -5 -6 6 9 12 -10 10 -12 -13 13 -15
leaf_value=0.0060206972590246951 -0.0022032594993940569 -0.00098640375279372304 -0.00048937677146454234 0.0042008410635380406 0.0018695503936165055 -0.00151960965192474 0.0038769593461247995 -0.0027299532242977876 0.00052858043665744345 -0.00058386402554521906 0.0019098360703873958 0.0016989458238647784 -0.0002625279495709055 -0.0011457758645726495
leaf_weight=172 409 423 167 117 132 111 127 128 2839 181 257 400 719 2405
leaf_count=172 409 423 167 117 132 111 127 128 2839 181 257 400 719 2405
internal_value=-6.17447e-06 0.000815393 0.00310157 0.00144286 -0.00104396 0.000568495 0.000737947 -0.00115186 0.000451513 0.00161358 0.000879334 0.00222382 -0.00100974 -0.000942493
internal_weight=8587 4794 456 284 3793 4338 3915 3661 2950 965 438 527 3252 3124
internal_count=8587 4794 456 284 3793 4338 3915 3661 2950 965 438 527 3252 3124
cat_boundaries=0 1 2 3
cat_threshold=2293767242 136315904 536871428
is_linear=0
shrinkage=0.03


Tree=38
num_leaves=15
num_cat=4
split_feature=37 37 38 1 37 0 38 24 21 30 36 38 38 23
split_gain=5.88366 1.77319 2.02793 1.39944 0.893275 0.810289 0.823902 0.825776 0.639566 0.625639 0.585759 0.608846 0.616504 1.11059
threshold=0 1 1.7505692243576052 44.500000000000007 2 11.500000000000002 1.5384399294853213 27.198500000000063 14.833333333333334 125.37500000000001 3 1.0322678685188296 1.7399903535842898 76.500000000000014
decision_type=9 9 2 2 9 2 2 8 2 2 9 2 2 2
left_child=1 2 8 -4 -2 6 -6 9 -1 -8 -3 -12 13 -13
right_child=4 10 3 -5 5 -7 7 -9 -10 -11 11 12 -14 -15
leaf_value=0.0018349170176312326 -0.0018403714890598492 -0.0010092657817404741 0.0063022713160800527 0.0020412809858580344 -0.00093475942959089222 -0.0018938482854008484 0.00062532640056675657 0.00071700518000322624 -0.0015413707998745581 -0.0023221948200672303 -0.0011495230423923979 0.00019136977239934643 -5.3942684529713315e-05 0.0013306047017740965
leaf_weight=100 773 223 133 145 1449 427 104 724 102 172 183 1390 940 1727
leaf_count=100 773 223 133 145 1449 427 104 724 102 172 183 1390 940 1727
internal_value=-2.2257e-05 0.000651765 0.00236829 0.00407981 -0.000934524 -0.00068552 -0.000477639 0.000184728 0.000130059 -0.00121153 0.000462269 0.000541856 0.000619485 0.000822572
internal_weight=8592 4943 480 278 3649 2876 2449 1000 202 276 4463 4240 4057 3117
internal_count=8592 4943 480 278 3649 2876 2449 1000 202 276 4463 4240 4057 3117
cat_boundaries=0 1 2 3 4
cat_threshold=2310548594 136314880 570425477 1
is_linear=0
shrinkage=0.03


Tree=39
num_leaves=15
num_cat=2
split_feature=37 37 25 38 31 23 1 33 6 22 38 25 38 28
split_gain=6.4093 1.9251 2.17318 0.968705 0.828632 0.748259 1.8816 0.944164 0.919119 0.859443 0.844294 1.2913 0.594919 1.27026
threshold=0 1 0.34891304347826091 2.0479260683059697 2.9393877551020409 76.500000000000014 1.0000000180025095e-35 1.0000000180025095e-35 2.5000000000000004 1619.2460000000001 1.7399903535842898 0.42678571428571432 1.4116935133934023 0.53105902777777791
decision_type=9 9 10 2 8 2 2 2 2 2 2 10 2 2
left_child=1 2 -1 -2 -4 8 -7 10 -3 -9 11 12 -8 -14
right_child=3 5 4 -5 -6 6 7 9 -10 -11 -12 -13 13 -15
leaf_value=0.0050445511319412613 -0.0010138714327515546 -0.00017103349070402281 -0.0003385434957356426 0.0012282293039095166 0.0028834205046296118 0.0037536423696926044 0.00013763240757805196 0.00051770237841839459 0.0026460182056429662 0.0033250826420902595 -0.00063710311625240243 0.00016693362725213551 0.00081395252846154693 0.0045671729043325676
leaf_weight=192 3683 1504 179 182 120 186 103 190 112 203 554 1041 157 168
leaf_count=192 3683 1504 179 182 120 186 103 190 112 203 554 1041 157 168
internal_value=-1.84965e-06 0.000740558 0.00250292 -0.000905949 0.000954552 0.000529973 0.000846121 0.000622281 2.42077e-05 0.00196783 0.000360887 0.000737256 0.00212442 0.00275408
internal_weight=8574 4709 491 3865 299 4218 2602 2416 1616 393 2023 1469 428 325
internal_count=8574 4709 491 3865 299 4218 2602 2416 1616 393 2023 1469 428 325
cat_boundaries=0 1 2
cat_threshold=2310548544 136315904
is_linear=0
shrinkage=0.03


Tree=40
num_leaves=15
num_cat=3
split_feature=37 30 27 35 13 30 32 23 35 1 30 23 21 13
split_gain=5.94071 1.96644 3.00799 1.26813 1.14898 1.08578 1.33209 0.964887 0.962874 0.71953 0.741139 0.713784 0.66398 0.704189
threshold=0 45.050000000000004 17.003738425925928 1 1.0000000180025095e-35 309.12500000000006 29.500000000000004 186.50000000000003 2 38.500000000000007 167.50000000000003 44.500000000000007 88.500000000000014 0.50000000000000011
decision_type=9 2 2 1 2 2 2 2 1 2 2 2 2 2
left_child=1 2 4 5 -1 7 -7 12 -2 10 -5 -6 13 -3
right_child=8 3 -4 9 11 6 -8 -9 -10 -11 -12 -13 -14 -15
leaf_value=0.0027686803464371805 -0.00035082944722738906 0.00094540715009440543 0.0065656041682537062 0.0015329381564500406 -0.0020051684213158128 0.0049615480450958737 0.00060618001916624888 -0.001542122630426147 -0.0012128017824754652 -0.0016048970376034625 -0.0016445579186386179 0.0014681911215467273 0.00031728693643951069 0.0027768322330979393
leaf_weight=234 2668 862 126 191 107 123 130 167 2102 334 101 106 1152 242
leaf_count=234 2668 862 126 191 107 123 130 167 2102 334 101 106 1152 242
internal_value=-2.43034e-05 0.000847067 0.00247158 0.00056773 0.00131755 0.000850331 0.00272361 0.00065824 -0.000732418 -0.000643624 0.000433873 -0.000276642 0.000821121 0.00134686
internal_weight=8645 3875 573 3302 447 2676 253 2423 4770 626 292 213 2256 1104
internal_count=8645 3875 573 3302 447 2676 253 2423 4770 626 292 213 2256 1104
cat_boundaries=0 1 2 3
cat_threshold=163056704 26 26
is_linear=0
shrinkage=0.03


Tree=41
num_leaves=15
num_cat=4
split_feature=37 37 38 35 38 2 31 37 25 23 6 31 21 31
split_gain=4.95218 2.23122 2.4129 1.55267 1.29861 0.802385 0.715668 0.709754 0.582551 0.504516 0.911741 0.693139 0.998884 1.28819
threshold=0 1 1.6138998270034792 2 2.1002669334411626 1.0000000180025095e-35 0.35714348202647267 3 0.65500000000000014 115.50000000000001 2.5000000000000004 2.292361087676754 90.00833333333334 1.9733563969785732
decision_type=9 9 2 1 2 2 8 9 10 2 2 8 2 10
left_child=1 2 -1 -4 7 6 -3 -2 9 10 11 12 13 -8
right_child=4 5 3 -5 -6 -7 8 -9 -10 -11 -12 -13 -14 -15
leaf_value=-0.0010037085752026373 -0.001758071485232987 0.0028638073954712845 0.0061126385114092857 0.0017112000972320813 0.0021821232967270203 -0.0010380072181469925 0.00057816019459931668 -0.00071773163437873204 0.0026781581422693811 0.00081576736121398484 0.0023844344299647452 -0.0010508837370012106 -0.000388831069837404 0.0042612811719998714
leaf_weight=119 756 114 153 179 124 321 588 2901 103 1512 148 482 946 100
leaf_count=119 756 114 153 179 124 321 588 2901 103 1512 148 482 946 100
internal_value=-2.54966e-05 0.000617282 0.00260376 0.00397523 -0.000834982 0.000404067 0.000521009 -0.000939568 0.000452156 0.000391436 0.000108049 -5.11691e-05 0.000243728 0.0011135
internal_weight=8546 4765 451 332 3781 4314 3993 3657 3879 3776 2264 2116 1634 688
internal_count=8546 4765 451 332 3781 4314 3993 3657 3879 3776 2264 2116 1634 688
cat_boundaries=0 1 2 3 4
cat_threshold=2310547538 136314880 26 1644232716
is_linear=0
shrinkage=0.03


Tree=42
num_leaves=15
num_cat=3
split_feature=37 30 27 35 30 32 23 13 0 30 37 38 22 23
split_gain=4.81321 1.37221 2.76012 1.21099 1.1582 1.23327 1.03975 0.963558 1.02946 0.875886 0.798747 0.727101 1.8477 0.868611
threshold=0 40.250000000000007 17.003738425925928 1 309.12500000000006 29.500000000000004 186.50000000000003 1.0000000180025095e-35 10.500000000000002 275.27500000000003 2 1.6356540322303774 404.00000000000006 71.500000000000014
decision_type=9 2 2 1 2 2 2 2 2 2 9 2 2 2
left_child=1 2 7 4 6 -6 9 -1 -9 11 -2 13 -13 -3
right_child=10 3 -4 -5 5 -7 -8 8 -10 -11 -12 12 -14 -15
leaf_value=0.0026163487818506408 -0.0013930344220163533 -0.00027105257128520559 0.0060970040169993278 -0.0005829735531577005 0.0048738060093351772 0.00067641321691640081 -0.0017899556577727377 0.0014428796830067698 -0.002346843913620846 -0.00081098371999400825 -0.00043257523538367261 0.0042625885116257386 2.249721030559896e-05 0.0020406595759044051
leaf_weight=204 990 180 124 673 126 126 149 156 110 268 3709 103 907 781
leaf_count=204 990 180 124 673 126 126 149 156 110 268 3709 103 907 781
internal_value=8.88278e-06 0.000785863 0.00211566 0.000549812 0.000837622 0.00277511 0.000636671 0.00106526 -0.000124299 0.000798157 -0.000637456 0.00101695 0.000454903 0.00160766
internal_weight=8606 3907 594 3313 2640 252 2388 470 266 2239 4699 1971 1010 961
internal_count=8606 3907 594 3313 2640 252 2388 470 266 2239 4699 1971 1010 961
cat_boundaries=0 1 2 3
cat_threshold=163068992 26 637534852
is_linear=0
shrinkage=0.03


Tree=43
num_leaves=15
num_cat=3
split_feature=37 21 30 27 35 17 27 23 37 14 30 0 31 28
split_gain=4.45427 1.18652 0.958394 2.05946 0.953136 1.05176 1.03715 0.882245 0.852713 0.813669 0.66362 0.649138 0.516035 0.516313
threshold=0 5.0833333333333348 40.250000000000007 16.020740740740745 1 1.0000000180025095e-35 14.999583333333335 57.500000000000007 2 2.5000000000000004 327.65000000000003 13.500000000000002 3.2948938677315356 1.8669155092592595
decision_type=9 2 2 2 1 2 2 2 9 2 2 2 10 2
left_child=1 -1 3 9 5 6 -4 -6 11 -3 12 -2 13 -9
right_child=8 2 4 -5 7 -7 -8 10 -10 -11 -12 -13 -14 -15
leaf_value=0.0031713463576637548 -4.5853721023028754e-05 -0.00053870324014547119 0.00047534375150841993 0.0057418487554590685 0.0028523469379870222 0.0012694302927993705 -0.0029409914252978018 0.00023747658022569732 -0.0010071188880957009 0.002347182719672115 0.0025334087201432944 -0.0019384306009614174 -0.00049819836646703818 0.0012277456510741672
leaf_weight=176 2078 181 127 100 160 160 216 1154 2414 171 144 177 435 804
leaf_count=176 2078 181 127 100 160 160 216 1154 2414 171 144 177 435 804
internal_value=5.93283e-06 0.000763432 0.000649479 0.00194258 0.000466828 -0.000724711 -0.00167605 0.000689186 -0.00061544 0.000863247 0.000555479 -0.000193548 0.000436456 0.000644104
internal_weight=8497 3828 3652 452 3200 503 343 2697 4669 352 2537 2255 2393 1958
internal_count=8497 3828 3652 452 3200 503 343 2697 4669 352 2537 2255 2393 1958
cat_boundaries=0 1 2 3
cat_threshold=163060800 1 2415943994
is_linear=0
shrinkage=0.03


Tree=44
num_leaves=15
num_cat=1
split_feature=37 30 27 31 13 0 38 17 38 38 32 27 23 23
split_gain=5.27834 1.51447 2.20148 0.935988 0.905032 1.11177 0.738105 0.8444 0.708559 0.598592 0.543545 0.968605 0.601114 1.01619
threshold=0 45.050000000000004 17.003738425925928 8.173220338983052 1.0000000180025095e-35 9.5000000000000018 1.1726688742637636 1.0000000180025095e-35 2.1002669334411626 0.93009933829307567 26.500000000000004 28.116521990740743 19.500000000000004 76.500000000000014
decision_type=9 2 2 8 2 2 2 2 2 2 2 2 2 2
left_child=1 2 4 6 -1 -6 7 -3 9 -2 12 -12 -8 -14
right_child=8 3 -4 -5 5 -7 10 -9 -10 -11 11 -13 13 -15
leaf_value=0.0025384519134488514 -0.0027246258200587662 -0.0013766316417472395 0.0057042972372472285 0.0031481297656719104 0.0017538309231027961 -0.0024783763084745051 0.0019565059209188732 0.0017116082556707429 0.0013764037492322077 -0.00075283694437605663 -0.0019661295921909378 0.0011607032250841648 -0.000183247502045171 0.0010182118039077008
leaf_weight=229 144 352 125 120 125 101 325 103 136 3671 190 168 981 1789
leaf_count=229 144 352 125 120 125 101 325 103 136 3671 190 168 981 1789
internal_value=5.41005e-05 0.00074315 0.00217803 0.000538384 0.00120927 -0.000137554 0.000458248 -0.000677536 -0.000749513 -0.000827264 0.00060791 -0.000498789 0.000735922 0.000592713
internal_weight=8559 4608 580 4028 455 226 3908 455 3951 3815 3453 358 3095 2770
internal_count=8559 4608 580 4028 455 226 3908 455 3951 3815 3453 358 3095 2770
cat_boundaries=0 1
cat_threshold=2310540288
is_linear=0
shrinkage=0.03


Tree=45
num_leaves=15
num_cat=3
split_feature=37 30 27 37 25 13 0 38 2 32 35 24 27 30
split_gain=3.94039 1.54442 3.24698 1.1433 1.07421 0.991607 0.8932 0.785754 0.652496 0.625333 1.18744 1.43638 0.894966 0.824514
threshold=0 40.250000000000007 17.003738425925928 1 0.62481481481481493 1.0000000180025095e-35 10.500000000000002 1.0479021668434145 1.0000000180025095e-35 12.500000000000002 2 583.68516666666449 27.165231481481488 261.52500000000003
decision_type=9 2 2 9 8 2 2 2 2 2 1 10 2 2
left_child=1 2 5 -2 7 -1 -7 -3 -5 -9 11 12 13 -11
right_child=3 4 -4 8 -6 6 -8 9 -10 10 -12 -13 -14 -15
leaf_value=0.0025084890314307222 -0.0014212880801338184 -0.0019891320231438772 0.0065138608355220159 -0.00010601441868047827 0.0028446457897397604 0.0012644979190081357 -0.0024058712803973602 -4.0110752095440858e-05 -0.001116224796509503 0.00095045617011066126 0.0036581819823011757 -0.0023903857844098553 0.0013242811894660198 -0.0018056272285269898
leaf_weight=211 1057 123 122 2948 165 140 104 1296 715 207 115 132 1075 185
leaf_count=211 1057 123 122 2948 165 140 104 1296 715 207 115 132 1075 185
internal_value=2.61109e-05 0.000733994 0.00216777 -0.000555422 0.000485375 0.00100244 -0.000299922 0.000361124 -0.000302377 0.000457164 0.000833167 0.00060334 0.000876827 -0.000350246
internal_weight=8595 3875 577 4720 3298 455 244 3133 3663 3010 1714 1599 1467 392
internal_count=8595 3875 577 4720 3298 455 244 3133 3663 3010 1714 1599 1467 392
cat_boundaries=0 1 2 3
cat_threshold=163064896 637599877 9
is_linear=0
shrinkage=0.03


Tree=46
num_leaves=15
num_cat=1
split_feature=36 24 38 38 2 21 30 38 22 31 38 1 38 24
split_gain=1.81466 1.16825 1.08918 0.776757 1.00101 0.729664 1.07398 0.68703 0.640109 0.707012 0.680292 0.5386 0.524768 0.513627
threshold=0 1.0000000180025095e-35 1.9238586425781252 1.5283996462821963 1.0000000180025095e-35 20.250000000000004 25.250000000000004 1.0322678685188296 3841.1500000000005 2.0058608930058344 1.6276851892471316 8.5000000000000018 1.2237524390220644 68.355666666666664
decision_type=9 8 2 2 2 2 2 2 2 10 2 2 2 10
left_child=3 2 -2 -1 11 -3 -7 -8 -9 12 -11 -5 -10 -14
right_child=1 5 -4 4 -6 6 7 8 9 10 -12 -13 13 -15
leaf_value=-0.00090093854930330737 0.00042735865176881397 -0.0010409519987149257 0.0048227848635404372 0.0019183619147709881 -0.0013242528655531686 0.0034195914108525304 -0.0015931141599271955 0.00062616569263537118 -0.0018406443240121006 -0.00024948261905370688 -0.0035631396873470615 9.0603072608092634e-05 -0.00093121882293913094 0.0010237879073632795
leaf_weight=2151 103 354 100 162 451 102 165 2643 100 123 102 1391 165 453
leaf_count=2151 103 354 100 162 451 102 165 2643 100 123 102 1391 165 453
internal_value=-5.46094e-05 0.000368919 0.00259259 -0.000503806 -8.00572e-05 0.000262498 0.000382254 0.00029966 0.000386751 -0.00028427 -0.00175167 0.000281264 0.000175572 0.00050182
internal_weight=8565 4410 203 4155 2004 4207 3853 3751 3586 943 225 1553 718 618
internal_count=8565 4410 203 4155 2004 4207 3853 3751 3586 943 225 1553 718 618
cat_boundaries=0 1
cat_threshold=17
is_linear=0
shrinkage=0.03


Tree=47
num_leaves=15
num_cat=1
split_feature=35 24 27 38 38 1 27 38 25 1 32 32 30 24
split_gain=2.20171 2.66187 1.09366 0.911112 1.52383 0.86554 0.876768 0.679667 0.63131 0.552849 1.06571 0.543937 0.526169 0.50151
threshold=0 1.0000000180025095e-35 27.999803240740743 1.3021481037139895 1.7153424620628359 10.500000000000002 30.512980324074078 1.9682257175445559 0.24195121951219514 58.500000000000007 5.5000000000000009 18.500000000000004 242.05000000000004 231.02700000000507
decision_type=1 8 2 2 2 2 2 2 8 2 2 2 2 10
left_child=1 -1 8 11 5 -5 -7 12 9 -3 -11 -4 -2 -8
right_child=7 2 3 4 -6 6 13 -9 -10 10 -12 -13 -14 -15
leaf_value=0.0045588431932354484 -0.00071566114992643111 0.00021410877943188618 0.001044270876366882 0.0044487342095320542 -0.0002170764648899817 0.0025139330565893594 -0.0014308465005364269 0.00076642831005371793 -0.00024215573470904908 -3.470694079033242e-05 0.0037880215079903359 -0.0015882508838744383 -0.0022383007869038797 0.0015589150274172424
leaf_weight=130 2430 812 118 123 368 390 100 259 3107 137 126 176 223 102
leaf_count=130 2430 812 118 123 368 390 100 259 3107 137 126 176 223 102
internal_value=-2.85628e-05 0.000314796 0.000216113 0.000949427 0.00135149 0.00215882 0.00168304 -0.000698047 -2.53433e-05 0.000601295 0.00179671 -0.000531661 -0.000843648 7.88351e-05
internal_weight=8601 5689 5559 1377 1083 715 592 2912 4182 1075 263 294 2653 202
internal_count=8601 5689 5559 1377 1083 715 592 2912 4182 1075 263 294 2653 202
cat_boundaries=0 1
cat_threshold=26
is_linear=0
shrinkage=0.03


Tree=48
num_leaves=15
num_cat=5
split_feature=37 30 30 31 35 24 36 32 13 23 17 35 30 37
split_gain=3.84667 1.698 1.4046 1.00848 0.864103 0.65084 0.614693 0.609602 0.911821 0.909485 0.885055 0.594701 0.632617 0.552052
threshold=0 40.250000000000007 30.165000000000003 7.4976562500000012 1 27.530000000000005 2 8.5000000000000018 1.0000000180025095e-35 81.500000000000014 1.0000000180025095e-35 3 171.25000000000003 4
decision_type=9 2 2 8 1 10 9 2 2 2 2 1 2 9
left_child=1 2 -1 4 5 -3 7 8 -7 10 -9 12 -2 -13
right_child=11 3 -4 -5 -6 6 -8 9 -10 -11 -12 13 -14 -15
leaf_value=0.0011736958450074457 -0.00041402346929643409 0.0022830883538138055 0.0045728110507461091 0.0028037423362993466 -0.00067092978048140261 0.0018253893928158503 -0.0004340557769511907 0.0011004146756067013 -0.0011258723642510761 0.00055717857031497935 0.0044187550868727667 -0.001697931371609862 0.0019086937412717622 -0.00069244719239884025
leaf_weight=372 1421 171 155 147 708 128 651 195 357 1613 115 723 114 1680
leaf_count=372 1421 171 155 147 708 128 651 195 357 1613 115 723 114 1680
internal_value=-1.79012e-05 0.000569559 0.00217344 0.000364039 0.000272968 0.000480456 0.000381258 0.000600984 -0.000346983 0.000843196 0.00233141 -0.000705561 -0.000239959 -0.00100075
internal_weight=8550 4612 527 4085 3938 3230 3059 2408 485 1923 310 3938 1535 2403
internal_count=8550 4612 527 4085 3938 3230 3059 2408 485 1923 310 3938 1535 2403
cat_boundaries=0 1 2 3 4 5
cat_threshold=2309503040 26 50 28 637534984
is_linear=0
shrinkage=0.03


Tree=49
num_leaves=15
num_cat=2
split_feature=37 31 37 30 27 14 24 38 31 23 38 38 17 22
split_gain=3.47689 1.67534 0.783016 0.773671 1.6975 0.809234 0.702524 0.568188 0.567914 0.563011 0.702265 0.602317 1.24832 0.651961
threshold=0 7.7898305084745774 1 44.500000000000007 14.041267361111112 2.5000000000000004 33.179500000000054 1.6462908983230593 1.0004392299048519 57.500000000000007 1.7370213866233828 1.3021481037139895 1.0000000180025095e-35 2274.3996250000005
decision_type=9 8 9 2 2 2 10 2 10 2 2 2 2 2
left_child=1 3 -2 4 5 6 -1 -7 -5 -10 11 12 -11 -13
right_child=2 -3 -4 8 -6 7 -8 -9 9 10 -12 13 -14 -15
leaf_value=-0.0020531212399865304 -0.0011430068264194609 0.003498032005579286 -0.00026229802909372396 -0.0010070222862767148 0.0043334424735090669 0.00051659563628571293 0.0011428972197101773 0.0035476861111210464 0.0020786228491924703 -0.0011616833610933299 -0.0003537408629561028 0.00054123875275626562 0.0018730246934042635 0.0019035141849689716
leaf_weight=129 1246 185 3361 244 149 116 119 107 190 362 805 863 184 499
leaf_count=129 1246 185 3361 244 149 116 119 107 190 362 805 863 184 499
internal_value=5.71549e-05 0.000708988 -0.000502453 0.000573899 0.00154252 0.000659617 -0.000519548 0.00197098 0.000383067 0.000499906 0.000389343 0.000702856 -0.000138998 0.00104034
internal_weight=8559 3952 4607 3767 620 471 248 223 3147 2903 2713 1908 546 1362
internal_count=8559 3952 4607 3767 620 471 248 223 3147 2903 2713 1908 546 1362
cat_boundaries=0 1 2
cat_threshold=146291778 1711571460
is_linear=0
shrinkage=0.03


Tree=50
num_leaves=15
num_cat=1
split_feature=35 24 31 38 27 27 30 10 38 1 32 31 38 38
split_gain=2.66369 3.0178 1.023 0.993478 0.841547 1.06678 0.820516 0.663703 0.642826 0.759932 0.964968 0.690181 0.629867 0.628201
threshold=0 1.0000000180025095e-35 0.40720431576072119 2.1002669334411626 29.165914351851857 29.99902777777778 260.75000000000006 1.0000000180025095e-35 1.3781748414039614 20.500000000000004 3.5000000000000004 3.6862836919354938 1.7399903535842898 1.6798974275588991
decision_type=1 8 8 2 2 2 2 2 2 2 2 10 2 2
left_child=1 -1 -2 -4 7 -6 13 -3 -9 -10 -11 12 -12 -7
right_child=2 4 3 -5 5 6 -8 8 9 10 11 -13 -14 -15
leaf_value=0.0049895950202781319 0.0013103363718559491 -0.0016828684066422283 -0.0010210363626519208 0.0019685521894895757 0.0025163547973670133 0.00052935147288279537 0.0024067526968262558 -0.00035447194811909444 0.0011202617979037546 -0.0011674195374243872 0.00059989223695732603 0.0020985696667468095 -0.00084164087533472891 -0.0017428652914823033
leaf_weight=124 201 183 2628 104 309 347 140 1452 940 433 967 196 380 160
leaf_count=124 201 183 2628 104 309 347 140 1452 940 433 967 196 380 160
internal_value=-2.10946e-05 0.000360667 -0.000752693 -0.000907231 0.000257093 0.00106624 0.000373681 8.71209e-05 0.000161276 0.000418088 8.40583e-05 0.000435251 0.000193224 -0.000187719
internal_weight=8564 5631 2933 2732 5507 956 647 4551 4368 2916 1976 1543 1347 507
internal_count=8564 5631 2933 2732 5507 956 647 4551 4368 2916 1976 1543 1347 507
cat_boundaries=0 1
cat_threshold=26
is_linear=0
shrinkage=0.03


Tree=51
num_leaves=15
num_cat=3
split_feature=37 35 37 32 1 38 1 31 32 1 32 22 1 25
split_gain=2.65144 1.1338 2.74694 0.970264 0.886678 0.796738 0.752592 0.731917 1.16718 0.725573 0.916423 0.814478 0.711022 0.679806
threshold=0 1 2 4.5000000000000009 42.500000000000007 1.0322678685188296 121.50000000000001 4.6669339748730296 19.500000000000004 10.500000000000002 7.5000000000000009 2934.4500000000007 22.500000000000004 0.28285714285714292
decision_type=9 1 9 2 2 2 2 10 2 2 2 2 2 10
left_child=-1 2 -2 4 -3 -4 -5 9 -9 11 -11 -7 -12 -6
right_child=1 3 5 6 13 7 -8 8 -10 10 12 -13 -14 -15
leaf_value=-0.00071282340196481963 0.0041335478891814997 0.0016311737964766703 -0.0019831259866446458 -0.0012077124795113515 0.0012190364111480969 0.0021201545157959649 0.0012840307571570432 0.0043396091978637882 0.00037988107073056934 -0.00053175915869409153 -0.00052285264803616041 1.2576984849797398e-05 0.00093814093549032091 -0.0010868369612892692
leaf_weight=2720 190 370 111 813 175 443 126 118 155 894 377 263 1464 336
leaf_count=2720 190 370 111 813 175 443 126 118 155 894 377 263 1464 336
internal_value=5.92171e-05 0.000419608 0.000700871 -0.000201308 0.0005127 0.000520025 -0.000873357 0.000596236 0.00209141 0.000477613 0.000256282 0.00133504 0.000638959 -0.000297154
internal_weight=8555 5835 4015 1820 881 3825 939 3714 273 3441 2735 706 1841 511
internal_count=8555 5835 4015 1820 881 3825 939 3714 273 3441 2735 706 1841 511
cat_boundaries=0 1 2 3
cat_threshold=1715852069 26 136314880
is_linear=0
shrinkage=0.03


Tree=52
num_leaves=15
num_cat=1
split_feature=36 38 1 27 31 38 27 38 1 24 27 24 24 24
split_gain=1.91257 0.821557 1.06741 1.16566 1.0404 0.86343 0.844097 0.802887 0.821594 0.999389 0.803546 0.902898 0.738795 0.687541
threshold=0 1.5283996462821963 20.500000000000004 16.020740740740745 2.663388135598137 1.6685470938682558 13.99935763888889 1.0479021668434145 31.500000000000004 37.187333333332795 18.999762731481486 122.76233333333396 75.343166666665937 100.57766666666519
decision_type=9 2 2 2 10 2 2 2 2 10 2 10 10 10
left_child=7 -2 -3 4 5 -4 -6 -1 9 -9 -10 12 -12 -11
right_child=1 2 3 -5 6 -7 -8 8 10 13 11 -13 -14 -15
leaf_value=-0.0011457560486812144 -0.00079480948947147209 0.0013210567619670057 0.00026985690427292424 0.0027658825956999315 0.0024160051397565338 -0.0015791955656242085 -0.00029257790614691204 0.0026168835171110796 -0.00051479575334548026 -0.00035718792477235827 0.00097690994500002851 0.00027809830311781758 0.0041645707966285351 0.0011373739956381482
leaf_weight=250 2238 453 323 103 162 767 287 316 833 372 171 1087 106 1085
leaf_count=250 2238 453 323 103 162 767 287 316 833 372 171 1087 106 1085
internal_value=4.81143e-05 -0.000394224 3.18226e-05 -0.000323855 -0.000530641 -0.00103127 0.000684684 0.000502042 0.000607072 0.00108749 0.000219374 0.000667734 0.00219674 0.000755784
internal_weight=8553 4333 2095 1642 1539 1090 449 4220 3970 1773 2197 1364 277 1457
internal_count=8553 4333 2095 1642 1539 1090 449 4220 3970 1773 2197 1364 277 1457
cat_boundaries=0 1
cat_threshold=36
is_linear=0
shrinkage=0.03


Tree=53
num_leaves=15
num_cat=2
split_feature=37 30 30 1 37 26 7 30 13 31 23 31 31 31
split_gain=2.57765 1.18653 1.08756 1.45465 0.56603 0.495203 0.44916 0.865797 0.607654 0.495826 0.482149 0.499291 1.10299 0.971533
threshold=0 44.500000000000007 30.165000000000003 28.500000000000004 1 0.030776515151515155 1.0000000180025095e-35 160.02500000000003 1.0000000180025095e-35 1.6619710735914739 186.50000000000003 1.1353641777370593 1.302478580171359 1.4812770183432644
decision_type=9 2 2 2 9 10 2 2 2 10 2 8 10 10
left_child=1 2 3 -1 -2 -4 7 8 -3 -10 11 -8 -13 -14
right_child=4 6 5 -5 -6 -7 10 -9 9 -11 -12 12 13 -15
leaf_value=0.0028889641313192744 -0.0012261557828216738 0.0019148619140325841 0.0050294364162820201 -0.0007328846070075607 -0.00032865017158501165 0.002094742537010461 -0.0010338788958398578 0.0024875524410713332 0.0004893161062624286 -0.0019545277289205023 -0.0013322248706177328 0.0033458518621416506 -0.0022372243489238311 0.00043531856821938422
leaf_weight=180 751 137 103 224 3938 104 236 238 188 124 181 110 131 1869
leaf_count=180 751 137 103 224 3938 104 236 238 188 124 181 110 131 1869
internal_value=-3.69153e-06 0.000573451 0.0017868 0.00088081 -0.0004747 0.003555 0.000344572 0.00102475 0.000249368 -0.000481955 0.000159656 0.000274758 0.000421127 0.000260267
internal_weight=8514 3825 611 404 4689 207 3214 687 449 312 2527 2346 2110 2000
internal_count=8514 3825 611 404 4689 207 3214 687 449 312 2527 2346 2110 2000
cat_boundaries=0 1 2
cat_threshold=163056664 570688132
is_linear=0
shrinkage=0.03


Tree=54
num_leaves=15
num_cat=3
split_feature=37 21 30 1 25 1 35 16 37 1 30 0 0 22
split_gain=2.58853 1.14679 0.847167 0.611271 0.807292 0.750993 0.687711 0.495434 0.659552 0.954043 0.457243 0.450857 0.466019 0.729863
threshold=0 6.166666666666667 18.250000000000004 47.500000000000007 0.61769230769230787 37.500000000000007 1 1.0000000180025095e-35 2 67.500000000000014 130.50000000000003 11.500000000000002 6.5000000000000009 1333.0312500000002
decision_type=9 2 2 2 10 2 1 2 9 2 2 2 2 2
left_child=1 -1 -3 4 5 -4 10 -2 9 -9 -5 12 13 -8
right_child=7 2 3 6 -6 -7 11 8 -10 -11 -12 -13 -14 -15
leaf_value=0.0030728324434553451 -0.00080712890701321437 0.0025706442764315469 0.00023733335909968364 0.00014089800573008387 0.0029717774018531711 0.001793521215893628 -0.003036766183413878 8.4940891605531129e-05 -0.00047580193466341527 0.0033952852183788576 0.0028259129903046415 -0.0020064847839925929 0.00027359630758278176 -0.0001672118774281857
leaf_weight=151 2667 156 1840 133 123 329 119 338 1500 102 100 159 551 242
leaf_count=151 2667 156 1840 133 123 329 119 338 1500 102 100 159 551 242
internal_value=-5.96387e-05 0.000508183 0.000406322 0.000312431 0.000607457 0.00047338 -0.000206127 -0.00054062 -0.000177027 0.000833398 0.00124004 -0.000527401 -0.000275317 -0.00111313
internal_weight=8510 3903 3752 3596 2292 2169 1304 4607 1940 440 233 1071 912 361
internal_count=8510 3903 3752 3596 2292 2169 1304 4607 1940 440 233 1071 912 361
cat_boundaries=0 1 2 3
cat_threshold=146287618 18 3489660928
is_linear=0
shrinkage=0.03


Tree=55
num_leaves=15
num_cat=3
split_feature=37 37 28 30 13 22 28 28 30 28 30 1 30 37
split_gain=3.00678 0.940443 1.425 1.18996 1.14577 1.47879 0.593898 0.932216 0.542252 1.14722 1.4134 0.673336 0.826746 0.699754
threshold=0 1 1.177337962962963 71.250000000000014 1.0000000180025095e-35 218.10000000000002 20.991348379629631 15.448998842592594 170.12500000000003 5.4417650462962976 181.10000000000002 21.500000000000004 49.500000000000007 2
decision_type=9 9 2 2 2 2 2 2 2 2 2 2 2 9
left_child=8 2 3 4 -2 -6 7 -3 11 10 -10 12 13 -1
right_child=1 6 -4 -5 5 -7 -8 -9 9 -11 -12 -13 -14 -15
leaf_value=-0.00020612499514396674 0.0032898183104935926 0.000344312527625432 -0.0013217073517537961 0.0049960550766263625 -0.0025715129118123389 0.0023193704285312537 0.0016319507939448364 -0.0014690727840054902 0.0037896189884817099 -0.0012313421938275962 -0.00052993559402858277 -0.001120646478800232 -0.00069128433914784578 0.003165571356996555
leaf_weight=117 179 3900 124 112 103 121 289 273 132 258 141 2100 571 100
leaf_count=117 179 3900 124 112 103 121 289 273 132 258 141 2100 571 100
internal_value=1.12082e-05 0.000472259 0.00154133 0.00226061 0.00150039 7.04375e-05 0.000316055 0.00022568 -0.000676064 0.000203056 0.00155864 -0.000840044 -9.22441e-05 0.00148403
internal_weight=8520 5101 639 515 403 224 4462 4173 3419 531 273 2888 788 217
internal_count=8520 5101 639 515 403 224 4462 4173 3419 531 273 2888 788 217
cat_boundaries=0 1 2 3
cat_threshold=910475829 137887808 33587232
is_linear=0
shrinkage=0.03


Tree=56
num_leaves=15
num_cat=2
split_feature=37 21 38 31 1 35 30 32 22 22 26 6 31 25
split_gain=2.40793 1.17022 0.689391 0.699634 0.72152 0.591561 1.06449 0.756028 0.765378 0.825958 0.70789 0.693145 0.599064 1.06228
threshold=0 6.166666666666667 2.1168247461318974 0.23920529801324505 18.500000000000004 1 212.12500000000003 1.5000000000000002 3586.807875 1946.8125000000002 0.05634920634920635 2.5000000000000004 2.2583927231807954 0.45972972972972981
decision_type=9 2 2 8 2 1 2 2 2 2 10 2 10 10
left_child=1 -1 3 -2 -5 6 10 -7 9 12 -3 -10 -9 -14
right_child=2 5 -4 4 -6 7 -8 8 11 -11 -12 -13 13 -15
leaf_value=0.0030967431742771477 0.0016443579886747043 0.0014180998344703849 0.0017561008597297939 6.5804090972309678e-05 -0.00089364433304634351 0.0020816803891211748 0.0037013767219852569 0.00073154011400838577 -0.00068808642665149492 0.001565431977751764 -0.00070137127008314964 0.0018769122443672342 -0.0020213347256183623 0.00025811624410011043
leaf_weight=152 124 413 118 950 2740 195 127 919 1074 494 216 104 250 697
leaf_count=152 124 413 118 950 2740 195 127 919 1074 494 216 104 250 697
internal_value=4.45948e-05 0.000506829 -0.000501002 -0.000572148 -0.000646632 0.000420262 0.00118049 0.000262438 0.00016291 0.000474653 0.000690269 -0.000461635 0.000185884 -0.00034364
internal_weight=8573 4641 3932 3814 3690 4489 756 3733 3538 2360 629 1178 1866 947
internal_count=8573 4641 3932 3814 3690 4489 756 3733 3538 2360 629 1178 1866 947
cat_boundaries=0 1 2
cat_threshold=2310539328 18
is_linear=0
shrinkage=0.03


Tree=57
num_leaves=15
num_cat=1
split_feature=35 38 27 30 32 38 30 27 27 27 38 38 1 38
split_gain=1.6328 1.10769 0.748936 1.87143 0.831967 0.64335 0.62173 1.23511 0.55997 0.603923 0.563413 0.590393 0.545257 0.532225
threshold=0 1.1452581882476809 17.003738425925928 44.500000000000007 4.5000000000000009 1.9682257175445559 107.30000000000001 16.020740740740745 22.041406250000005 26.353443287037042 1.6905941963195803 1.3107824921607973 44.500000000000007 1.7305040359497073
decision_type=1 2 2 2 2 2 2 2 2 2 2 2 2 2
left_child=1 -1 -3 -4 -5 6 7 13 12 -10 11 -11 -6 -2
right_child=5 2 3 4 8 -7 -8 -9 9 10 -12 -13 -14 -15
leaf_value=-0.0010928265983985914 -0.00030433951385091352 7.7191206058528503e-05 0.0047361219850818783 -0.0020139256204143325 0.00096622155828933617 0.00080119029407253923 -0.0013043069635768623 0.002779891314725059 -0.00061264924152322757 -8.3162187365815043e-05 -6.6717604659061175e-05 0.0015741338695307689 0.0036927074402403788 -0.001739399164280822
leaf_weight=485 1175 2825 104 103 175 268 1057 105 327 253 464 822 106 290
leaf_count=485 1175 2825 104 103 175 268 1057 105 327 253 464 822 106 290
internal_value=-1.85515e-05 0.000277633 0.000406509 0.000801717 0.000619861 -0.000596926 -0.00074183 -0.000363144 0.000746214 0.000558202 0.000806979 0.00118409 0.00199472 -0.000588413
internal_weight=8559 5664 5179 2354 2250 2895 2627 1570 2147 1866 1539 1075 281 1465
internal_count=8559 5664 5179 2354 2250 2895 2627 1570 2147 1866 1539 1075 281 1465
cat_boundaries=0 1
cat_threshold=26
is_linear=0
shrinkage=0.03


Tree=58
num_leaves=15
num_cat=1
split_feature=35 24 27 31 28 31 2 24 22 31 25 31 23 1
split_gain=1.59853 1.89912 0.637912 0.671029 0.754944 0.658838 0.635985 0.624647 0.571935 0.556269 0.68757 0.470415 0.471487 0.448238
threshold=0 1.0000000180025095e-35 30.998680555555559 3.3691925433176455 2.1946817129629634 2.308391608391609 1.0000000180025095e-35 102.23433333333175 8658.0000000000018 0.48064734522197577 0.43223443223443231 2.3685450375054251 171.50000000000003 207.50000000000003
decision_type=1 8 2 10 2 8 2 10 2 10 10 8 2 2
left_child=1 -1 3 5 7 6 8 -5 -3 10 -2 -7 -13 -11
right_child=9 2 -4 4 -6 11 -8 -9 -10 13 -12 12 -14 -15
leaf_value=0.0038738252171420288 0.00173784740320005 0.00046705839917758683 0.0020336689934102366 0.00052948171825169818 0.00020777271694502652 -0.0024225306957830779 -0.0016901300842857355 0.0032432100514331996 -0.0011748841309043414 -0.00075582936655534865 -0.0011976941667684658 -0.00014618673986257474 -0.0021173322172434693 0.0012634039244126274
leaf_weight=133 197 2980 174 129 434 108 142 187 204 2511 113 1042 122 103
leaf_count=133 197 2980 174 129 434 108 142 187 204 2511 113 1042 122 103
internal_value=3.65052e-05 0.000330789 0.000246052 0.000187891 0.00101994 5.21715e-05 0.000274251 0.00213539 0.000361859 -0.00053195 0.000667795 -0.000528518 -0.000352784 -0.000676265
internal_weight=8579 5655 5522 5348 750 4598 3326 316 3184 2924 310 1272 1164 2614
internal_count=8579 5655 5522 5348 750 4598 3326 316 3184 2924 310 1272 1164 2614
cat_boundaries=0 1
cat_threshold=26
is_linear=0
shrinkage=0.03


Tree=59
num_leaves=15
num_cat=2
split_feature=37 37 38 23 24 38 0 25 28 21 0 24 7 38
split_gain=2.11362 1.28726 1.42462 0.91271 0.673214 0.455417 0.408555 1.24719 0.504869 0.740803 0.49893 0.433959 0.503482 1.38195
threshold=0 1 1.6971997022628786 34.500000000000007 13.420333333333257 1.0322678685188296 4.5000000000000009 0.21937500000000001 0.53105902777777791 83.15000000000002 13.500000000000002 25.644333333333275 1.0000000180025095e-35 1.6138998270034792
decision_type=9 9 2 2 8 2 2 10 2 2 2 10 2 2
left_child=1 2 -1 -4 -2 -3 7 -7 9 -9 11 -8 13 -13
right_child=4 5 3 -5 -6 6 10 8 -10 -11 -12 12 -14 -15
leaf_value=-7.9048005561344319e-05 -0.0018037961616672574 -0.0012258821219534109 0.0013030910810325727 0.0046626349794260131 -0.00041522094486022635 0.0025085268190596253 0.0020050849569062785 -0.0035841448666155337 2.8834015836919397e-05 -0.00052236002637073397 -0.00082215165560641738 0.002909248065548091 0.00026181313174268253 -1.7452783072861818e-05
leaf_weight=200 346 183 129 167 3423 110 171 125 235 165 264 254 2447 339
leaf_count=200 346 183 129 167 3423 110 171 125 235 165 264 254 2447 339
internal_value=-1.06082e-05 0.000407299 0.00183982 0.00319851 -0.000541258 0.000237899 0.000303654 -0.000396053 -0.00100463 -0.00184209 0.000431514 0.000534587 0.000451871 0.00123614
internal_weight=8558 4789 496 296 3769 4293 4110 635 525 290 3475 3211 3040 593
internal_count=8558 4789 496 296 3769 4293 4110 635 525 290 3475 3211 3040 593
cat_boundaries=0 1 2
cat_threshold=2310548546 136315968
is_linear=0
shrinkage=0.03


Tree=60
num_leaves=15
num_cat=2
split_feature=37 30 22 31 30 38 35 30 5 31 31 30 33 31
split_gain=2.31295 1.10693 1.45926 0.994635 1.04426 0.83657 0.738464 0.953112 0.815296 0.771257 0.82951 0.702969 0.626768 0.593862
threshold=0 40.250000000000007 1424.0562500000003 1.466287878787879 26.165000000000003 2.1002669334411626 1 309.12500000000006 0.36600000000000005 2.4757543249946594 1.0823369463999704 25.250000000000004 1.0000000180025095e-35 0.98907071189679896
decision_type=9 2 2 8 2 2 1 2 2 10 8 2 2 8
left_child=1 2 3 11 -5 -2 7 9 13 10 -3 -1 -11 -8
right_child=5 6 -4 4 -6 -7 8 -9 -10 12 -12 -13 -14 -15
leaf_value=0.0011828146029866354 -0.00061739512526061001 -0.00045269652412637852 0.004853813758728882 0.0006268742444507521 0.0047667855824021473 0.0017966488608829815 -0.0029046976040275293 0.0020927203628886958 0.0016487206939028531 -0.00074758430299263481 0.00094975162850153411 -0.0014924282820608754 0.0013292791552850561 -0.00055578327619181444
leaf_weight=204 3605 492 104 116 104 134 118 298 127 783 1661 156 157 541
leaf_count=204 3605 492 104 116 104 134 118 298 127 783 1661 156 157 541
internal_value=3.07571e-05 0.000461809 0.00158148 0.000994722 0.00258392 -0.000529463 0.000279563 0.000470973 -0.000545283 0.000316246 0.000629266 2.35427e-05 -0.000400704 -0.000976378
internal_weight=8600 4861 684 580 220 3739 4177 3391 786 3093 2153 360 940 659
internal_count=8600 4861 684 580 220 3739 4177 3391 786 3093 2153 360 940 659
cat_boundaries=0 1 2
cat_threshold=2310552642 26
is_linear=0
shrinkage=0.03


Tree=61
num_leaves=15
num_cat=1
split_feature=2 38 36 38 30 14 14 0 30 22 23 10 32 30
split_gain=1.39479 1.27438 0.822999 2.13234 0.88839 0.804268 0.732226 0.724167 0.71058 0.661482 0.608638 0.565221 0.573285 0.705701
threshold=1.0000000180025095e-35 1.3781748414039614 0 1.9593561291694643 107.30000000000001 1.5000000000000002 2.5000000000000004 9.5000000000000018 142.42500000000004 4649.0500000000011 11.500000000000002 1.0000000180025095e-35 8.5000000000000018 110.50000000000001
decision_type=2 2 9 2 2 2 2 2 2 2 2 2 2 2
left_child=1 5 10 4 6 8 7 -4 -1 -6 -3 -12 13 -13
right_child=-2 2 3 -5 9 -7 -8 -9 -10 -11 11 12 -14 -15
leaf_value=-0.00056335748151762981 -0.00097263618375545869 -0.0017349740512112393 0.0020272251794536018 0.0048904082905061137 0.0007371277611462339 -0.00064477094018775818 0.0031915910981986069 -0.0013918560804566369 0.002038812478601288 -0.0021352833078385125 -0.0011920339680771435 0.00036088469372196275 0.00077416376421424779 -0.00099707414349153021
leaf_weight=173 1131 133 126 127 155 2032 155 100 208 135 209 1468 1935 450
leaf_count=173 1131 133 126 127 155 2032 155 100 208 135 209 1468 1935 450
internal_value=8.62323e-06 0.000158475 0.000432051 0.00130942 0.000651167 -0.00040761 0.00160352 0.000514357 0.00085725 -0.000600029 0.000261407 0.000327417 0.000409837 4.22812e-05
internal_weight=8537 7406 4993 798 671 2413 381 226 381 290 4195 4062 3853 1918
internal_count=8537 7406 4993 798 671 2413 381 226 381 290 4195 4062 3853 1918
cat_boundaries=0 1
cat_threshold=49
is_linear=0
shrinkage=0.03


Tree=62
num_leaves=15
num_cat=5
split_feature=37 21 37 35 32 28 13 35 1 1 26 25 28 37
split_gain=1.96054 0.942983 0.949927 0.883064 0.806868 0.887591 1.17965 0.793447 0.72405 0.670668 0.666252 0.542486 0.537977 0.97507
threshold=0 69.916666666666671 1 2 21.500000000000004 0.53105902777777791 1.0000000180025095e-35 3 38.500000000000007 1.0000000180025095e-35 1.0000000180025095e-35 0.40833333333333338 0.89800347222222232 4
decision_type=9 2 9 1 2 2 2 1 2 2 10 10 2 9
left_child=1 2 -1 4 5 6 8 12 -4 10 -3 -7 13 -2
right_child=7 9 3 -5 -6 11 -8 -9 -10 -11 -12 -13 -14 -15
leaf_value=0.0033082098395257075 -0.00050751435143482474 0.0035287715120720536 0.004396078653311741 -0.00050650665062619787 -0.00060063009605008249 0.0042846560500353782 -0.00039266152364190576 -0.0007651743292102208 0.00081269982486437673 3.010833113728802e-07 8.2933730831932231e-05 0.001815471452300099 -0.00055927354270766754 0.0011146391099560308
leaf_weight=151 595 101 102 329 167 143 279 2487 101 2220 101 182 882 739
leaf_count=151 595 101 102 329 167 143 279 2487 101 2220 101 182 882 739
internal_value=1.32897e-05 0.000512124 0.00111737 0.000831714 0.0012843 0.00169027 0.000873299 -0.000398069 0.00261322 0.000150888 0.00180585 0.00290191 1.55163e-05 0.000395666
internal_weight=8579 3876 1454 1303 974 807 482 4703 203 2422 202 325 2216 1334
internal_count=8579 3876 1454 1303 974 807 482 4703 203 2422 202 325 2216 1334
cat_boundaries=0 1 2 3 4 5
cat_threshold=162015320 2097152 11 28 1074839590
is_linear=0
shrinkage=0.03


Tree=63
num_leaves=15
num_cat=3
split_feature=37 2 23 0 37 23 38 1 37 30 31 31 23 31
split_gain=1.44793 1.1074 0.795877 0.651789 0.858277 1.11746 0.589465 0.466263 0.724596 0.716241 0.660444 1.07426 0.8221 0.646276
threshold=0 1.0000000180025095e-35 135.50000000000003 17.500000000000004 1 17.500000000000004 1.1726688742637636 12.500000000000002 2 52.500000000000007 4.2896428047626047 5.1020956475013444 167.50000000000003 2.0058608930058344
decision_type=9 2 2 2 9 2 2 2 9 2 10 10 2 10
left_child=-1 3 -3 4 5 -2 -6 8 13 -10 12 -12 -9 -8
right_child=1 2 -4 -5 6 -7 7 10 9 -11 11 -13 -14 -15
leaf_value=-0.00099789962523554325 5.7303657189809852e-05 -0.00029512088594309315 -0.0021968342426623003 -0.0019396041626459919 -0.00067167138382359692 0.0035072787409538729 0.00063667773826351726 0.00015739533246001089 0.0033372281179459683 0.00095026483523742266 0.0035515077276012069 0.00029304379933915026 -0.0015617922000884493 -0.002039611495565623
leaf_weight=1243 168 695 277 120 616 170 239 3437 138 628 130 304 270 123
leaf_count=1243 168 695 277 120 616 170 239 3437 138 628 130 304 270 123
internal_value=-5.56176e-05 0.000105719 -0.00083707 0.000250359 0.000292588 0.00174099 0.000206092 0.000309103 0.000849821 0.0013625 0.000161812 0.00126908 3.2178e-05 -0.000265339
internal_weight=8558 7315 972 6343 6223 338 5885 5269 1128 766 4141 434 3707 362
internal_count=8558 7315 972 6343 6223 338 5885 5269 1128 766 4141 434 3707 362
cat_boundaries=0 1 2 3
cat_threshold=1711604613 3155008 2281754656
is_linear=0
shrinkage=0.03


Tree=64
num_leaves=15
num_cat=4
split_feature=37 37 0 30 37 1 23 24 2 30 36 25 13 0
split_gain=1.69563 0.874662 1.38248 0.961494 0.839847 0.637899 1.00835 0.835287 0.480251 0.461812 0.425788 0.500101 1.54368 0.665508
threshold=0 1 6.5000000000000009 45.050000000000004 2 1.0000000180025095e-35 121.50000000000001 164.70933333333156 1.0000000180025095e-35 25.250000000000004 3 0.52250000000000008 0.50000000000000011 7.5000000000000009
decision_type=9 9 2 2 9 2 2 10 2 2 9 10 2 2
left_child=1 2 -1 -4 -2 6 7 -3 9 -7 -6 12 -12 -14
right_child=4 5 3 -5 10 8 -8 -9 -10 -11 11 -13 13 -15
leaf_value=0.0042252355411320046 -0.0012143098860478915 0.0023698825615458192 0.0026360968861263243 -0.00071368595363197789 -0.0017364675335612937 0.001633318200393921 0.0037191381752636516 -0.0012957597163131855 -0.0011080992425096851 0.0001480333662965748 -0.00014153009752438568 -0.00064282908287561721 0.00082975959006235218 0.00401595195972408
leaf_weight=136 928 100 128 194 146 202 120 127 255 2799 2016 1145 118 118
leaf_count=136 928 100 128 194 146 202 120 127 255 2799 2016 1145 118 118
internal_value=-1.23594e-05 0.00043086 0.00165299 0.000617905 -0.00041497 0.000271363 0.00149488 0.000319061 0.000141803 0.000248009 -0.000202775 -0.000131955 0.000127207 0.00242286
internal_weight=8532 4061 458 322 4471 3603 347 227 3256 3001 3543 3397 2252 236
internal_count=8532 4061 458 322 4471 3603 347 227 3256 3001 3543 3397 2252 236
cat_boundaries=0 1 2 3 4
cat_threshold=1236806738 136315904 637534724 32
is_linear=0
shrinkage=0.03


Tree=65
num_leaves=15
num_cat=2
split_feature=37 33 31 36 38 21 38 38 27 29 38 21 0 7
split_gain=1.40748 0.889058 2.11866 1.08372 1.52454 1.07872 0.631175 0.627433 0.719466 0.565493 0.713389 0.559111 0.811971 0.65693
threshold=0 1.0000000180025095e-35 3.5561282932416955 1 1.7994787693023684 150.85000000000002 0.93009933829307567 1.210679352283478 28.241336805555559 1.5000000000000002 1.6391403675079348 114.03333333333335 6.5000000000000009 1.5000000000000002
decision_type=9 2 8 9 2 2 2 2 2 2 2 2 2 2
left_child=1 3 5 7 -5 9 -2 -1 -9 -3 -11 13 -13 -10
right_child=6 2 -4 4 -6 -7 -8 8 11 10 -12 12 -14 -15
leaf_value=-0.001221104399136128 -0.0021614452272101683 0.0029118488848508964 0.0052444042271553451 2.2644038592243028e-06 0.0038738037078853761 -0.0019264468182686022 -0.00025491800006328778 -0.00020470958718126782 -3.2170112134440837e-05 0.0018505747422673984 -0.00097170783810517081 0.000368165225865633 0.003543312563072447 0.0023651015153154731
leaf_weight=314 162 143 110 197 171 113 4427 1565 604 190 140 147 143 124
leaf_count=314 162 143 110 197 171 113 4427 1565 604 190 140 147 143 124
internal_value=3.5814e-05 0.00044948 0.00142408 0.000243101 0.00175362 0.000706956 -0.000321521 4.5015e-05 0.000199104 0.00133608 0.000653243 0.000819898 0.00193384 0.000376156
internal_weight=8550 3961 696 3265 368 586 4589 2897 2583 473 330 1018 290 728
internal_count=8550 3961 696 3265 368 586 4589 2897 2583 473 330 1018 290 728
cat_boundaries=0 1 2
cat_threshold=163056706 49
is_linear=0
shrinkage=0.03


Tree=66
num_leaves=15
num_cat=1
split_feature=37 31 38 31 23 38 17 1 27 30 13 29 29 24
split_gain=2.01463 0.857934 0.460643 0.45234 0.647094 0.571282 0.543489 0.486679 0.48258 1.06368 0.685651 0.646097 0.596574 0.564737
threshold=0 8.173220338983052 0.89275550842285167 0.98907071189679896 186.50000000000003 1.2020130753517153 1.0000000180025095e-35 55.500000000000007 13.958015046296298 82.500000000000014 1.0000000180025095e-35 1.5000000000000002 1.0000000180025095e-35 182.81433333333351
decision_type=9 8 2 10 2 2 2 2 2 2 2 2 2 10
left_child=1 3 -2 7 5 6 -5 -1 12 10 -10 -11 -7 -13
right_child=2 -3 -4 4 -6 8 -8 -9 9 11 -12 13 -14 -15
leaf_value=0.00015634703444843384 -0.0024247799595713475 0.0024739931867582797 -0.0004334035455911833 -0.0015067448753139821 -0.0014074961880161877 0.0010047794618247574 0.0010404013102623968 -0.0017844730712035122 0.0044030079324688526 -0.0010747150257705755 0.001411805418655434 0.0015370858424590828 -0.00149898870161078 0.00043729314251048367
leaf_weight=368 107 179 4555 212 155 161 117 170 113 181 177 628 183 1270
leaf_count=368 107 179 4555 212 155 161 117 170 113 181 177 628 183 1270
internal_value=-5.73037e-05 0.000443978 -0.000478083 0.000347878 0.000483312 0.000579655 -0.000600921 -0.000456923 0.000722821 0.000875288 0.00257734 0.000637869 -0.000327167 0.000801187
internal_weight=8576 3914 4662 3735 3197 3042 329 538 2713 2369 290 2079 344 1898
internal_count=8576 3914 4662 3735 3197 3042 329 538 2713 2369 290 2079 344 1898
cat_boundaries=0 1
cat_threshold=145235026
is_linear=0
shrinkage=0.03


Tree=67
num_leaves=15
num_cat=2
split_feature=37 21 0 30 26 35 1 21 0 21 38 25 28 21
split_gain=1.30064 1.02733 0.826712 0.815583 0.627241 0.559425 0.781252 0.839591 0.599981 0.705899 0.525591 0.516862 0.544971 0.897675
threshold=0 5.0833333333333348 13.500000000000002 40.250000000000007 1.0000000180025095e-35 1 121.50000000000001 33.166666666666679 7.5000000000000009 153.0916666666667 0.89275550842285167 0.24695121951219515 6.5698668981481489 91.916666666666671
decision_type=9 2 2 2 10 1 2 2 2 2 2 10 2 2
left_child=1 -1 3 4 -3 6 7 -5 9 11 -2 -7 -13 -14
right_child=10 2 -4 5 -6 8 -8 -9 -10 -11 -12 12 13 -15
leaf_value=0.0026237548978274893 -0.0025349653386769607 0.0031821367403285367 -0.0012401514863345905 0.0016026227624070914 0.00080155402350723501 0.0011779844504004964 0.0017738134936946092 -0.0012195217223387495 0.00089874766687566914 0.0019071968485589817 -0.00041061309627864884 -0.00078925690199209398 0.0012842709991753151 -0.0014377586802748858
leaf_weight=162 108 135 336 110 380 225 119 690 1134 163 3558 953 347 159
leaf_count=162 108 135 336 110 380 225 119 690 1134 163 3558 953 347 159
internal_value=-4.50312e-05 0.000273901 0.000194352 0.000303524 0.00142559 0.000155353 -0.000488803 -0.000831477 0.000354389 2.20878e-05 -0.000471909 -0.000160378 -0.000366774 0.00042893
internal_weight=8579 4913 4751 4415 515 3900 919 800 2981 1847 3666 1684 1459 506
internal_count=8579 4913 4751 4415 515 3900 919 800 2981 1847 3666 1684 1459 506
cat_boundaries=0 1 2
cat_threshold=431492171 1
is_linear=0
shrinkage=0.03


Tree=68
num_leaves=15
num_cat=2
split_feature=37 21 38 31 31 1 35 1 32 1 23 26 28 23
split_gain=1.54268 0.630741 1.05126 0.615717 0.951518 0.773712 0.578613 1.04195 0.786425 0.58841 0.426935 0.412965 0.407304 0.40563
threshold=0 35.500000000000007 1.9682257175445559 1.3979820057947443 2.1603571428571429 84.500000000000014 1 44.500000000000007 7.5000000000000009 121.50000000000001 96.500000000000014 0.039230769230769243 7.5324016203703712 18.500000000000004
decision_type=9 2 2 10 10 2 1 2 2 2 2 10 2 2
left_child=10 2 3 -2 -5 12 7 8 -3 11 -1 -9 -6 -8
right_child=1 6 -4 4 5 -7 13 9 -10 -11 -12 -13 -14 -15
leaf_value=-0.0004965672776881296 -0.00053054281204426793 0.0018780073664367565 0.0032904350714967911 0.0031767088511637787 -0.00061261700245189728 0.0026527891136132755 0.0012733962995804507 -0.0027711133790619081 -0.0007483173470333867 0.00039296470380061538 -0.0018166381632909179 -0.00096549779297722691 0.0014418565038328941 0.00017042030928831608
leaf_weight=2482 331 213 142 148 337 117 330 228 198 134 242 228 117 3310
leaf_count=2482 331 213 142 148 337 117 330 228 198 134 242 228 117 3310
internal_value=-2.34696e-05 0.000251802 0.000867791 0.000540157 0.00103307 0.000477446 9.41329e-05 -0.000541485 0.000612771 -0.00135473 -0.000611597 -0.00186831 -8.31602e-05 0.000269675
internal_weight=8557 5833 1192 1050 719 571 4641 1001 411 590 2724 456 454 3640
internal_count=8557 5833 1192 1050 719 571 4641 1001 411 590 2724 456 454 3640
cat_boundaries=0 1 2
cat_threshold=1716372005 1
is_linear=0
shrinkage=0.03


Tree=69
num_leaves=15
num_cat=1
split_feature=38 27 30 0 30 36 27 23 5 32 28 25 7 1
split_gain=1.01957 1.07399 1.6727 0.737478 0.582175 0.855563 0.624022 0.944295 0.80167 0.473743 0.512519 0.606546 0.458397 0.547521
threshold=0.94390049576759349 17.003738425925928 40.250000000000007 11.500000000000002 180.25000000000003 0 21.280138888888892 73.500000000000014 0.054100000000000002 9.5000000000000018 14.642100694444446 0.53923076923076929 1.0000000180025095e-35 1.0000000180025095e-35
decision_type=2 2 2 2 2 9 2 2 2 2 2 10 2 2
left_child=-1 3 -3 -2 6 9 -4 -8 -9 -6 12 -12 -11 -14
right_child=1 2 4 -5 5 -7 7 8 -10 10 11 -13 13 -15
leaf_value=-0.0019445502224869626 -4.7498196475253613e-05 0.0035991136549703225 0.0027988494195044038 -0.00098046151989493414 -0.0015224134831044536 -0.0024757739068071885 -0.0007761363902770936 0.0029321626215900111 -0.0001149927261409897 0.002293082259543654 -0.0011458929145411621 0.0013430528490068153 0.0022811633684056199 0.0002502120794234377
leaf_weight=238 4409 149 150 922 130 101 246 191 131 135 348 118 133 1174
leaf_count=238 4409 149 150 922 130 101 246 191 131 135 348 118 133 1174
internal_value=-8.43948e-06 4.68315e-05 0.000500279 -0.000208855 0.000338667 9.05538e-05 0.00107782 0.000623327 0.00169248 0.000228762 0.000349276 -0.000515645 0.000628786 0.000456881
internal_weight=8575 8337 3006 5331 2857 2139 718 568 322 2038 1908 466 1442 1307
internal_count=8575 8337 3006 5331 2857 2139 718 568 322 2038 1908 466 1442 1307
cat_boundaries=0 1
cat_threshold=36
is_linear=0
shrinkage=0.03


Tree=70
num_leaves=15
num_cat=3
split_feature=37 31 36 5 35 27 21 31 31 23 32 27 31 29
split_gain=1.50284 1.00552 0.664392 0.495221 0.463692 1.39824 0.737202 0.912665 0.743698 0.633406 0.57031 0.535897 0.496132 0.556599
threshold=0 0.1799720450492425 1 0.72080000000000011 2 13.999820601851853 156.37500000000003 2.3393548387096779 2.2263297191155131 30.500000000000004 4.5000000000000009 25.409369212962968 3.6569070953420728 2.5000000000000004
decision_type=9 10 9 2 1 2 2 10 10 2 2 2 10 2
left_child=2 -2 -1 4 5 -3 7 8 -6 -8 -7 -12 13 -9
right_child=1 3 -4 -5 6 10 9 12 -10 -11 11 -13 -14 -15
leaf_value=-0.0004084709451490535 0.0027927570771830884 -0.00033021733332590968 -0.0018545040494816712 0.0020836534452926153 0.00042259091720906979 0.00060256885970470884 -0.0016775799616305582 -0.0019819063321615108 0.0027283013740347492 0.00062217120258137586 0.004041114379277652 0.0012456775199309966 0.00034832968850969336 -0.0003492162299343783
leaf_weight=3229 138 478 307 122 1868 152 383 271 135 150 154 103 480 613
leaf_count=3229 138 478 307 122 1868 152 383 271 135 150 154 103 480 613
internal_value=-6.55203e-05 0.000266671 -0.000538893 0.000196202 0.000148099 0.000762969 6.28265e-06 0.000170405 0.000577993 -0.00103037 0.00205923 0.00292076 -0.000428129 -0.000849735
internal_weight=8583 5047 3536 4909 4787 887 3900 3367 2003 533 409 257 1364 884
internal_count=8583 5047 3536 4909 4787 887 3900 3367 2003 533 409 257 1364 884
cat_boundaries=0 1 2 3
cat_threshold=927056526 21 18
is_linear=0
shrinkage=0.03


Tree=71
num_leaves=15
num_cat=3
split_feature=37 35 32 1 32 31 37 30 38 38 31 1 29 34
split_gain=1.60927 1.90044 0.862536 0.585349 1.00914 0.858345 0.706032 0.573897 0.564712 1.20891 1.14884 0.579016 0.512002 0.458214
threshold=0 1 6.5000000000000009 21.500000000000004 6.5000000000000009 2.6950646800153701 2 212.12500000000003 1.7399903535842898 1.8591763377189638 2.6228785436617055 54.500000000000007 1.0000000180025095e-35 1.0000000180025095e-35
decision_type=9 1 2 2 2 8 9 2 2 2 10 2 2 2
left_child=1 2 -1 4 5 12 -5 -4 -8 -10 11 -11 13 -2
right_child=3 -3 7 6 -6 -7 8 -9 9 10 -12 -13 -14 -15
leaf_value=0.0043724684915635607 0.0016424093137566861 0.00022638486451644833 -0.00025864928332383478 -0.0014644341718355594 -0.00049877916565669754 -0.0011671144432352425 -0.00012409361897864043 0.0027549246659751719 -0.0025930327520313455 0.00044572068797599495 0.0019435709088662957 -0.0020531905248520029 0.0025829220600387228 -0.00079643572880221255
leaf_weight=143 182 2923 103 641 974 130 2218 127 292 133 159 224 239 112
leaf_count=143 182 2923 103 641 974 130 2218 127 292 133 159 224 239 112
internal_value=-3.20201e-05 0.000487745 0.00247649 -0.000355261 0.000115761 0.00101857 -0.000566501 0.00140537 -0.000370228 -0.00105046 -0.000177531 -0.00112222 0.00155166 0.000713325
internal_weight=8600 3296 373 5304 1637 663 3667 230 3026 808 516 357 533 294
internal_count=8600 3296 373 5304 1637 663 3667 230 3026 808 516 357 533 294
cat_boundaries=0 1 2 3
cat_threshold=154676314 18 537154309
is_linear=0
shrinkage=0.03


Tree=72
num_leaves=15
num_cat=3
split_feature=37 37 38 0 32 38 1 21 1 23 35 32 28 27
split_gain=1.60171 0.507587 2.16922 1.165 0.48149 0.450629 0.81082 1.47738 0.797529 0.568526 0.689556 0.501595 0.517626 0.885663
threshold=0 1 1.6059498786926272 6.5000000000000009 6.5000000000000009 1.7153424620628359 18.500000000000004 101.95833333333336 40.500000000000007 133.50000000000003 2 30.500000000000004 20.991348379629631 29.999218750000001
decision_type=9 9 2 2 2 2 2 2 2 2 1 2 2 2
left_child=-1 2 -2 -4 -5 11 9 -8 -9 10 -7 12 -3 -14
right_child=1 5 3 4 -6 6 7 8 -10 -11 -12 -13 13 -15
leaf_value=-0.00050301289895512513 -0.0016754240851573562 0.0003646379724323495 0.0045962853300046506 0.0023932067874453161 0.0001080949415123408 -0.00123017883550664 -0.0017393822933366009 -0.0010499373614944725 0.0022676298510900857 0.0028107266155726249 0.0018334409393737741 -0.0012900163102849067 0.003665949830438121 1.3192177938743809e-05
leaf_weight=3482 179 2928 132 168 164 139 532 107 167 101 109 152 118 121
leaf_count=3482 179 2928 132 168 164 139 532 107 167 101 109 152 118 121
internal_value=-7.48976e-06 0.00033004 0.0011127 0.00221228 0.00126442 0.000215326 -0.000294575 -0.000817618 0.000972084 0.00091337 0.000140657 0.000393418 0.000474215 0.00181665
internal_weight=8599 5117 643 464 332 4474 1155 806 274 349 248 3319 3167 239
internal_count=8599 5117 643 464 332 4474 1155 806 274 349 248 3319 3167 239
cat_boundaries=0 1 2 3
cat_threshold=927318884 137887744 8
is_linear=0
shrinkage=0.03


Tree=73
num_leaves=15
num_cat=1
split_feature=27 24 35 0 24 32 30 38 38 21 38 32 30 38
split_gain=0.911475 1.48226 0.541237 0.490153 0.799322 0.475679 0.715576 0.560517 0.458861 0.418022 0.440864 0.880701 0.585911 0.513488
threshold=18.142488425925929 29.284500000000993 0 11.500000000000002 3.7850000000000006 29.500000000000004 309.12500000000006 1.5830990672111513 0.91361844539642345 59.166666666666679 1.6798974275588991 8.5000000000000018 277.02500000000003 1.2626175284385683
decision_type=2 8 1 2 10 2 2 2 2 2 2 2 2 2
left_child=3 -2 5 8 -5 6 9 -7 -1 -3 12 -12 13 -11
right_child=1 2 -4 4 -6 7 -8 -9 -10 10 11 -13 -14 -15
leaf_value=-0.0020874660475320127 0.0031794047728180884 -0.0011144680237968362 -0.00085784221846190313 -0.0031321298148888612 -0.00054632401085356452 -0.0022218486270055089 0.0026002227107528595 0.00073808457846798073 -9.0709938999920762e-05 5.1455890866449079e-06 -0.0026216502072768182 0.00037224735128578776 -0.0010804300317646598 0.0014130173564288423
leaf_weight=106 162 155 352 124 813 129 140 104 4536 321 108 488 132 852
leaf_count=106 162 155 352 124 813 129 140 104 4536 321 108 488 132 852
internal_value=-3.73008e-05 0.000389874 0.000227377 -0.000262642 -0.000888522 0.000386583 0.000524924 -0.000900677 -0.000136306 0.00038361 0.000505757 -0.000170271 0.000814502 0.00102774
internal_weight=8522 2943 2781 5579 937 2429 2196 233 4642 2056 1901 596 1305 1173
internal_count=8522 2943 2781 5579 937 2429 2196 233 4642 2056 1901 596 1305 1173
cat_boundaries=0 1
cat_threshold=14
is_linear=0
shrinkage=0.03


Tree=74
num_leaves=15
num_cat=2
split_feature=37 36 38 1 33 38 24 28 38 28 25 24 30 32
split_gain=1.22759 0.894728 2.25411 1.14641 1.06348 0.79701 0.873281 0.769693 0.691262 0.622252 1.0233 0.520154 0.856441 1.01713
threshold=0 1 1.7569611668586733 56.500000000000007 1.0000000180025095e-35 1.210679352283478 99.208500000000086 7.0445023148148156 1.7337163090705874 1.0000000180025095e-35 0.24695121951219515 170.43233333333259 50.500000000000007 8.5000000000000018
decision_type=9 9 2 2 2 2 10 2 2 2 10 10 2 2
left_child=1 4 -3 -4 5 -1 9 -6 -2 -7 -11 -8 -13 -14
right_child=8 2 3 -5 7 6 11 -9 -10 10 -12 12 13 -15
leaf_value=-0.0014824724054887386 -0.00029729508554834222 -0.00039530655467575509 0.0048465185660858303 0.0008240736505715177 0.00061172514060890768 -0.0009978895769648334 0.0016064148519824711 0.0027235561043660087 -0.0018506742673011364 0.002304900331094999 -0.00044408307272001031 0.002832364799068521 -0.001931923330310233 0.00041154018107123635
leaf_weight=322 3256 291 176 100 641 838 327 205 280 162 492 110 194 1184
leaf_count=322 3256 291 176 100 641 838 327 205 280 162 492 110 194 1184
internal_value=8.77469e-06 0.000309076 0.00142177 0.00338911 0.000165238 -5.76893e-05 8.10407e-05 0.00112346 -0.000419115 -0.000456653 0.000236858 0.000523046 0.000284967 8.16186e-05
internal_weight=8578 5042 567 276 4475 3629 3307 846 3536 1492 654 1815 1488 1378
internal_count=8578 5042 567 276 4475 3629 3307 846 3536 1492 654 1815 1488 1378
cat_boundaries=0 1 2
cat_threshold=414727466 49
is_linear=0
shrinkage=0.03


Tree=75
num_leaves=15
num_cat=2
split_feature=37 2 0 23 22 28 22 37 38 22 31 38 31 31
split_gain=1.03462 0.599137 0.685779 0.624587 0.58803 0.513238 0.507387 0.918161 1.15994 0.981583 0.86738 0.626434 0.789652 0.7011
threshold=0 1.0000000180025095e-35 16.500000000000004 135.50000000000003 855.05000000000007 1.1896817129629633 6444.0500000000002 1 1.6138998270034792 288.4500000000001 2.4757543249946594 1.6798974275588991 0.42250525472925637 0.62923872590659724
decision_type=9 2 2 2 2 2 2 9 2 2 10 2 8 10
left_child=-1 2 6 4 -3 -5 7 8 -2 -10 -11 12 -9 -13
right_child=1 3 -4 5 -6 -7 -8 11 9 10 -12 13 -14 -15
leaf_value=-0.00075670738400300899 -0.00074291484691314845 -0.0012262806526735382 -0.0020901500555160252 -0.0035247779197271653 0.00060031046502295629 -0.00081257756690057107 -0.00043804952927180589 0.0030442574853077531 0.0042921623913654986 -2.5759718774520241e-05 0.0029842776982113716 -0.0025494519869358207 0.00033650678809041799 -0.00013973831076988133
leaf_weight=1562 166 262 115 101 402 166 832 100 139 194 155 121 3158 1066
leaf_count=1562 166 262 115 101 402 166 832 100 139 194 155 121 3158 1066
internal_value=-6.14472e-05 9.51547e-05 0.000204383 -0.000613159 -0.000120423 -0.00183854 0.000248873 0.000360957 0.00140189 0.0021602 0.00131108 0.000204191 0.000419618 -0.000385379
internal_weight=8539 6977 6046 931 664 267 5931 5099 654 488 349 4445 3258 1187
internal_count=8539 6977 6046 931 664 267 5931 5099 654 488 349 4445 3258 1187
cat_boundaries=0 1 2
cat_threshold=655197071 405798976
is_linear=0
shrinkage=0.03


Tree=76
num_leaves=15
num_cat=4
split_feature=37 22 35 25 32 28 6 37 22 14 28 37 38 24
split_gain=1.07267 0.575276 0.670344 0.933808 0.669883 0.910521 0.581503 0.559263 0.582498 0.911878 0.827665 0.792478 0.69793 0.654516
threshold=0 6402.0500000000002 1 0.17000000000000001 30.500000000000004 8.6778009259259274 1.5000000000000002 2 1891.5441250000001 2.5000000000000004 19.802771990740744 3 1.7994787693023684 170.43233333333259
decision_type=9 2 1 10 2 2 2 9 2 2 2 9 2 10
left_child=1 4 -3 -4 7 -6 -5 -1 9 11 13 -9 -11 -10
right_child=-2 2 3 6 5 -7 -8 8 10 12 -12 -13 -14 -15
leaf_value=0.0021814569164971911 -0.00043321399969665738 0.0012692251279214886 0.0019726069163060883 -0.0014597419084352442 0.00053783515940729278 -0.0032182355325536 0.0006919485780931807 0.00026496921109223803 0.0012814797446823679 0.00053917291436435288 0.0032545548797427342 -0.0010190711691477632 0.0026154914654378013 -1.8026743592336881e-05
leaf_weight=163 2809 180 103 625 130 105 138 1148 777 803 124 682 178 633
leaf_count=163 2809 180 103 625 130 105 138 1148 777 803 124 682 178 633
internal_value=4.69483e-05 0.000280202 -0.000356136 -0.000700538 0.000421128 -0.00114041 -0.00107058 0.00050253 0.000433528 0.000177926 0.000904735 -0.000217685 0.000915916 0.000698084
internal_weight=8598 5789 1046 866 4743 235 763 4508 4345 2811 1534 1830 981 1410
internal_count=8598 5789 1046 866 4743 235 763 4508 4345 2811 1534 1830 981 1410
cat_boundaries=0 1 2 3 4
cat_threshold=2562210899 6 2097152 2147497984
is_linear=0
shrinkage=0.03


Tree=77
num_leaves=15
num_cat=1
split_feature=38 27 23 27 24 0 21 22 1 37 38 1 38 38
split_gain=1.02199 0.759443 0.888409 0.699716 0.666625 0.656109 0.592993 0.439793 0.837695 0.573238 0.980522 0.917929 0.616991 0.375879
threshold=2.1859767436981206 29.165914351851857 180.50000000000003 29.99902777777778 318.34849999999631 5.5000000000000009 112.43333333333335 10085.200000000003 32.500000000000007 0 1.7267118096351626 22.500000000000004 0.93009933829307567 1.7370213866233828
decision_type=2 2 2 2 10 2 2 2 2 9 2 2 2 2
left_child=1 7 3 5 -5 -3 -6 9 -9 10 11 -1 -11 -14
right_child=-2 2 -4 4 6 -7 -8 8 -10 12 -12 -13 13 -15
leaf_value=-0.0024366020571573504 0.0023067749424851226 0.0034333356135202763 0.0030276286214206164 -0.0009828639437987367 -0.00048317846748082392 0.00054238398678500322 0.0027053196310012971 0.00060438269026855996 -0.0029214106913256857 -0.0019455034620494639 0.0025479793006112587 0.0011915810146288445 -3.0415916605732673e-06 -0.00054020274778068258
leaf_weight=105 170 107 131 377 104 208 106 107 140 173 194 156 4953 1536
leaf_count=105 170 107 131 377 104 208 106 107 140 173 194 156 4953 1536
internal_value=3.91757e-06 -4.27045e-05 0.000719047 0.000383765 -0.000228324 0.00152439 0.00112625 -0.000149561 -0.00139404 -0.00010637 0.000912584 -0.000268033 -0.000177067 -0.000130192
internal_weight=8567 8397 1033 902 587 315 210 7364 247 7117 455 261 6662 6489
internal_count=8567 8397 1033 902 587 315 210 7364 247 7117 455 261 6662 6489
cat_boundaries=0 1
cat_threshold=136840512
is_linear=0
shrinkage=0.03


Tree=78
num_leaves=15
num_cat=1
split_feature=35 24 38 31 27 30 24 24 28 30 1 1 24 1
split_gain=0.73485 0.973495 0.58235 0.774106 0.533131 0.858608 0.770436 0.663212 0.708368 1.2453 1.09579 0.616156 0.533234 0.515953
threshold=0 1.0000000180025095e-35 1.9836898446083071 0.40720431576072119 29.165914351851857 309.12500000000006 174.82500000000351 185.87033333333386 15.638628472222225 170.12500000000003 55.500000000000007 10.500000000000002 192.58433333333423 23.500000000000004
decision_type=1 8 2 8 2 2 10 8 2 2 2 2 8 2
left_child=1 -1 3 -2 7 6 -6 8 9 -3 -11 -8 -9 -13
right_child=2 4 -4 -5 5 -7 11 12 -10 10 -12 13 -14 -15
leaf_value=0.0028903280873195962 0.001509558711288264 6.7024519785478277e-05 0.001030604950567067 -0.00064343639266363831 -0.0010044892390419491 0.0033576368216129662 0.002801763980104999 -0.0024811529799824879 -0.0021170005876074527 0.00069861416564559811 0.0035554598454821283 -0.0012394789457134522 -0.00032066204051937647 0.0010406051850441374
leaf_weight=119 160 2204 240 2479 233 104 136 110 106 352 184 115 1574 400
leaf_count=119 160 2204 240 2479 233 104 136 110 106 352 184 115 1574 400
internal_value=6.27323e-06 0.000205353 -0.000382902 -0.000512902 0.000147821 0.000779241 0.0004759 1.01077e-05 0.000289331 0.000382423 0.00167932 0.00100575 -0.000461787 0.00053146
internal_weight=8516 5637 2879 2639 5518 988 884 4530 2846 2740 536 651 1684 515
internal_count=8516 5637 2879 2639 5518 988 884 4530 2846 2740 536 651 1684 515
cat_boundaries=0 1
cat_threshold=26
is_linear=0
shrinkage=0.03


Tree=79
num_leaves=15
num_cat=2
split_feature=37 2 31 28 23 29 37 5 32 38 28 22 1 23
split_gain=0.869708 0.774243 0.656147 0.506803 0.452768 0.682422 0.467152 0.39637 0.408956 0.472178 0.660483 0.545653 0.544524 0.716268
threshold=0 1.0000000180025095e-35 8.173220338983052 9.0712905092592617 135.50000000000003 1.5000000000000002 1 0.81665000000000021 27.500000000000004 1.2020130753517153 6.7577430555555562 6785.2500000000009 17.500000000000004 16.500000000000004
decision_type=9 2 10 2 2 2 9 2 2 2 2 2 2 2
left_child=3 2 7 -1 6 -6 -3 8 9 -2 12 -12 13 -11
right_child=1 4 -4 -5 5 -7 -8 -9 -10 10 11 -13 -14 -15
leaf_value=-0.00047581395130276839 -0.00049921248202782365 -0.00089398556213448536 0.0024253451224930975 -0.002349009077631302 0.00017905421277699882 -0.0027270703964224234 0.00064937772691325759 0.0020739765317343613 -0.00056597111994294736 0.0031474659697134765 0.0012989806469147719 -0.00072398616446425084 -4.5445824873034897e-05 0.00050623766034687417
leaf_weight=1429 628 387 124 143 119 187 309 102 583 104 920 138 2571 829
leaf_count=1429 628 387 124 143 119 187 309 102 583 104 920 138 2571 829
internal_value=-6.77963e-06 0.000136603 0.000265734 -0.000642128 -0.000635145 -0.00159691 -0.0002123 0.000220153 0.000187399 0.000272026 0.000378193 0.00103512 0.000179842 0.000800651
internal_weight=8573 7001 5999 1572 1002 306 696 5875 5773 5190 4562 1058 3504 933
internal_count=8573 7001 5999 1572 1002 306 696 5875 5773 5190 4562 1058 3504 933
cat_boundaries=0 1 2
cat_threshold=1728418606 12584960
is_linear=0
shrinkage=0.03


Tree=80
num_leaves=15
num_cat=3
split_feature=37 0 37 25 31 17 37 31 28 0 38 38 1 33
split_gain=0.84034 0.757844 1.15107 0.867953 0.979386 0.780658 0.489106 0.406603 0.381317 0.4929 0.662526 0.360223 0.343257 0.284607
threshold=0 11.500000000000002 1 0.17000000000000001 1.0004392299048519 1.0000000180025095e-35 2 3.7558696440645338 3.8016782407407415 15.500000000000002 1.5051677823066714 1.057650148868561 236.50000000000003 1.0000000180025095e-35
decision_type=9 2 9 10 8 2 9 10 2 2 2 2 2 2
left_child=-1 2 5 -3 -5 -2 -6 8 9 10 -8 -4 13 -13
right_child=1 3 11 4 6 -7 7 -9 -10 -11 -12 12 -14 -15
leaf_value=-0.00076066234396280827 0.00072931974785975543 0.0017904318583150129 -0.00088933290929717928 -0.0031539380404252654 0.001209190440323849 0.0036535059989505434 0.00200971961338073 0.0007195985430258051 -0.002316480919683242 -0.0022415308645075379 -0.0011688847646776897 4.0632698743532144e-05 0.0018966454166457853 0.00056649112152002648
leaf_weight=1168 195 117 298 152 117 142 100 122 182 116 144 4491 103 1167
leaf_count=1168 195 117 298 152 117 142 100 122 182 116 144 4491 103 1167
internal_value=-1.6097e-05 0.000101583 0.000224347 -0.000645261 -0.000950702 0.00190494 -0.000521903 -0.000832602 -0.00119735 -0.00063157 0.000133822 0.000127519 0.000180339 0.000149094
internal_weight=8614 7446 6396 1050 933 337 781 664 542 360 244 6059 5761 5658
internal_count=8614 7446 6396 1050 933 337 781 664 542 360 244 6059 5761 5658
cat_boundaries=0 1 2 3
cat_threshold=637600676 20451328 2155872256
is_linear=0
shrinkage=0.03


Tree=81
num_leaves=15
num_cat=1
split_feature=37 0 30 27 38 25 24 23 1 21 24 25 38 28
split_gain=0.647201 0.60279 0.525389 0.935051 0.557364 0.412134 0.416417 0.403564 0.400675 0.435086 0.389108 0.559269 0.607716 0.617691
threshold=0 11.500000000000002 40.250000000000007 13.999994212962966 1.6720877289772036 0.30384615384615393 61.543500000000357 53.500000000000007 40.500000000000007 25.500000000000004 328.26683333333648 0.34891304347826091 2.1168247461318974 6.4242476851851862
decision_type=9 2 2 2 2 10 10 2 2 2 8 10 2 2
left_child=-1 2 3 8 -5 6 7 -3 9 -2 11 -4 13 -13
right_child=1 5 10 4 -6 -7 -8 -9 -10 -11 -12 12 -14 -15
leaf_value=-0.00082774611221511716 0.0016259568895199855 0.0018628716574818362 0.00037807428608909317 0.0041359869178939756 0.0011353909834288058 -0.0010511239374675655 -0.0013107450078323946 -0.00058691802084224652 -0.00067041391154245926 -0.00043368143306994069 0.00053374776112105745 -0.00074336273245991576 0.0019006017195675263 0.00016542477752229558
leaf_weight=793 251 151 1677 104 120 668 113 101 247 146 1269 1742 108 1097
leaf_count=793 251 151 1677 104 120 668 113 101 247 146 1269 1742 108 1097
internal_value=-1.67906e-05 6.66965e-05 0.000169908 0.00085898 0.00252852 -0.00060818 0.000202468 0.000881012 0.000278269 0.000868508 6.84125e-05 -5.92931e-05 -0.000308178 -0.000392204
internal_weight=8587 7794 6761 868 224 1033 365 252 644 397 5893 4624 2947 2839
internal_count=8587 7794 6761 868 224 1033 365 252 644 397 5893 4624 2947 2839
cat_boundaries=0 1
cat_threshold=570425989
is_linear=0
shrinkage=0.03


Tree=82
num_leaves=15
num_cat=5
split_feature=37 35 36 38 21 37 7 37 24 30 38 22 32 0
split_gain=1.00951 0.823326 1.1149 2.36951 0.860197 0.920016 0.821581 1.12403 0.78362 0.732004 0.673353 0.556368 0.554513 0.50905
threshold=0 1 2 1.7337163090705874 45.833333333333336 3 1.0000000180025095e-35 4 27.198500000000063 175.10000000000002 1.3184446692466738 6402.0500000000002 1.5000000000000002 7.5000000000000009
decision_type=9 1 9 2 2 9 2 9 10 2 2 2 2 2
left_child=-1 2 9 -4 6 11 -3 10 -7 -2 -8 -6 -10 -9
right_child=1 4 3 -5 5 8 7 13 12 -11 -12 -13 -14 -15
leaf_value=-0.00048012923427124946 5.7586134590234032e-05 -0.00080123412980898513 -0.00083108164710084915 0.0050894584654666043 0.00011018237710231915 0.0026104578230995682 -0.0017599198788117902 0.0010103923656060942 0.0020197016112959115 0.0020916020714235963 0.00092583108824426184 -0.002127804232167439 -0.00017058468286694088 0.0033670896624419678
leaf_weight=2725 849 223 101 153 144 100 117 128 108 196 298 327 2829 232
leaf_count=2725 849 223 101 153 144 100 117 128 108 196 298 327 2829 232
internal_value=-4.81715e-06 0.000218755 0.000881278 0.00263162 2.62335e-05 -0.000194794 0.000803414 0.00126514 -1.1193e-06 0.000434924 0.000164675 -0.00141357 -9.0043e-05 0.0024608
internal_weight=8530 5805 1299 254 4506 3508 998 775 3037 1045 415 471 2937 360
internal_count=8530 5805 1299 254 4506 3508 998 775 3037 1045 415 471 2937 360
cat_boundaries=0 1 2 3 4 5
cat_threshold=658829878 22 49 270532608 1075317128
is_linear=0
shrinkage=0.03


Tree=83
num_leaves=15
num_cat=4
split_feature=2 37 35 5 31 31 38 37 31 5 32 36 31 38
split_gain=0.783025 0.827621 1.08199 1.00184 0.627519 0.581914 0.749276 0.694122 0.550485 1.10998 0.73487 0.588595 0.627486 0.748803
threshold=1.0000000180025095e-35 0 1 0.28175000000000006 2.6050267885282072 2.5394102990033227 1.6391403675079348 2 3.6569070953420728 0.31010000000000004 22.500000000000004 3 2.4757543249946594 1.2449980378150942
decision_type=2 9 1 2 8 10 2 9 8 2 2 9 10 2
left_child=1 2 3 4 -1 -3 7 -7 11 10 -10 -4 13 -13
right_child=-2 5 8 -5 -6 6 -8 -9 9 -11 -12 12 -14 -15
leaf_value=0.0016155899600897928 -0.00070665488644069941 8.3096042481480632e-06 -0.0015772009362012424 -0.00040528746318159388 0.0042648865576231159 0.0016355262322014005 -0.0024452297460637608 -0.00089030191125379727 0.0011346413415808118 0.003187692156882865 -0.001562160717726532 -0.0014435136098899933 -0.00061999096490576602 0.00071076179823522496
leaf_weight=193 1166 3217 173 128 138 117 209 424 283 163 134 161 621 1481
leaf_count=193 1166 3217 173 128 138 117 209 424 283 163 134 161 621 1481
internal_value=1.62041e-05 0.00012946 0.000466699 0.00180914 0.00272013 -0.000166709 -0.000919643 -0.000330276 0.000257091 0.00108857 0.000268043 6.01767e-05 0.000191473 0.000499533
internal_weight=8608 7442 3475 459 331 3967 750 541 3016 580 417 2436 2263 1642
internal_count=8608 7442 3475 459 331 3967 750 541 3016 580 417 2436 2263 1642
cat_boundaries=0 1 2 3 4
cat_threshold=422054218 18 41947296 16
is_linear=0
shrinkage=0.03


Tree=84
num_leaves=15
num_cat=2
split_feature=37 0 30 33 25 35 31 23 31 23 30 30 32 27
split_gain=0.861358 0.659387 0.635696 0.751859 0.58614 0.535314 0.635772 0.666832 0.51206 0.471545 0.928383 0.834937 1.12909 1.00522
threshold=0 11.500000000000002 62.500000000000007 1.0000000180025095e-35 0.52250000000000008 1 7.7898305084745774 186.50000000000003 0.90590936756487583 111.50000000000001 264.02500000000003 244.62500000000003 9.5000000000000018 22.999924768518522
decision_type=9 2 2 2 8 1 8 2 8 2 2 2 2 2
left_child=-1 2 3 -2 -5 6 7 9 -7 10 -4 12 -11 -14
right_child=1 -3 5 4 -6 8 -8 -9 -10 11 -12 -13 13 -15
leaf_value=-0.0007131056549767547 0.00041906113145684403 -0.00060217140169581515 -0.00016964480522080647 0.0037054669286319336 0.00096817984457330528 -0.0023471686555875822 0.0025956368664545671 -0.0018407910756456354 -0.00021924554892159163 -0.00012472004695341754 0.0021659824335640908 4.2953289223212083e-06 0.0048098775777308377 0.0015236495937867721
leaf_weight=1336 815 1001 1849 129 155 109 105 135 1536 234 167 652 119 283
leaf_count=1336 815 1001 1849 129 155 109 105 135 1536 234 167 652 119 283
internal_value=-1.58079e-05 0.000112823 0.000226824 0.000882264 0.00221153 8.80059e-05 0.000295235 0.000225857 -0.000358068 0.0003103 2.38323e-05 0.000758683 0.00153205 0.00249644
internal_weight=8625 7289 6288 1099 284 5189 3544 3439 1645 3304 2016 1288 636 402
internal_count=8625 7289 6288 1099 284 5189 3544 3439 1645 3304 2016 1288 636 402
cat_boundaries=0 1 2
cat_threshold=1644200886 14
is_linear=0
shrinkage=0.03


Tree=85
num_leaves=15
num_cat=4
split_feature=37 25 37 35 31 26 5 28 23 32 36 38 31 24
split_gain=0.856749 0.528278 0.656698 0.619681 0.65527 0.580347 0.667719 0.503905 0.523662 0.747072 0.474455 0.54909 0.457937 0.416901
threshold=0 0.24695121951219515 1 2 2.6228785436617055 0.05634920634920635 0.45800000000000007 13.841597222222225 83.500000000000014 17.500000000000004 3 2.1002669334411626 3.2302347516243981 199.9661666666577
decision_type=9 10 9 1 10 10 2 2 2 2 9 2 8 10
left_child=1 2 -1 4 -3 6 7 -5 -9 -10 11 -2 -8 -7
right_child=10 3 -4 5 -6 13 12 8 9 -11 -12 -13 -14 -15
leaf_value=0.0029919884381173498 -0.00026829849787550475 0.00040715544902473642 0.00060557397494197078 0.00017791533929312876 0.0034229400882716562 -0.0016968526619899141 0.0007047741379621116 -0.0028120966079672252 0.001772038989001885 -0.0012251701896694317 -0.0014337183487664093 0.0018164957060391809 0.0030373338595641279 0.00037430277611926474
leaf_weight=106 3120 178 1235 2050 102 281 303 102 104 267 294 118 101 127
leaf_count=106 3120 178 1235 2050 102 281 303 102 104 267 294 118 101 127
internal_value=5.7744e-05 0.000311866 0.000821037 0.000123849 0.00145384 7.80339e-06 0.00015558 -2.57375e-05 -0.000908377 -0.000384982 -0.000298869 -0.000191732 0.00128791 -0.00105215
internal_weight=8488 4956 1341 3615 280 3335 2927 2523 473 371 3532 3238 404 408
internal_count=8488 4956 1341 3615 280 3335 2927 2523 473 371 3532 3238 404 408
cat_boundaries=0 1 2 3 4
cat_threshold=2310802914 2098178 2 21
is_linear=0
shrinkage=0.03


Tree=86
num_leaves=15
num_cat=1
split_feature=27 24 25 5 27 25 23 32 30 31 31 32 36 31
split_gain=0.565545 1.19102 0.548045 0.542331 0.403378 0.387475 0.611285 0.724749 0.538902 0.746751 0.573015 0.614953 0.467428 0.45534
threshold=17.003738425925928 29.284500000000993 0.65500000000000014 0.5192500000000001 19.7819212962963 0.24695121951219515 106.50000000000001 3.5000000000000004 81.500000000000014 1.5201026298909559 0.55936451399967002 3.5000000000000004 0 1.0741549409671685
decision_type=2 10 10 2 2 10 2 2 2 10 10 2 9 10
left_child=5 4 3 -3 -2 6 8 -8 9 10 11 -1 -12 -10
right_child=1 2 -4 -5 -6 -7 7 -9 13 -11 12 -13 -14 -15
leaf_value=-0.00037415560710162498 0.0011760963994004812 -3.03464529100088e-05 0.0022200078277091959 0.0016954124595969916 0.0037168027937563284 -0.00032369453222717132 -0.0001942347684467677 0.0032509434421605916 0.00020279340704855458 0.0027641710711366219 0.0003474623532134241 0.0028307197209183886 -0.0017749542899526142 -0.0016883475893654019
leaf_weight=103 114 2581 112 175 111 4146 100 122 213 111 200 113 164 248
leaf_count=103 114 2581 112 175 111 4146 100 122 213 111 200 113 164 248
internal_value=2.96925e-06 0.000327725 0.000162836 7.92355e-05 0.00242951 -0.000179 0.000257611 0.00169906 -2.01683e-05 0.000509814 7.83765e-05 0.00130247 -0.000648008 -0.000814567
internal_weight=8613 3093 2868 2756 225 5520 1374 222 1152 691 580 216 364 461
internal_count=8613 3093 2868 2756 225 5520 1374 222 1152 691 580 216 364 461
cat_boundaries=0 1
cat_threshold=50
is_linear=0
shrinkage=0.03


Tree=87
num_leaves=15
num_cat=3
split_feature=37 22 0 24 30 14 37 38 0 38 36 0 30 30
split_gain=0.789019 0.453318 0.622276 0.507674 0.478145 0.471742 1.33027 1.57261 0.762164 0.579168 1.12137 0.582508 0.768713 1.15933
threshold=0 6402.0500000000002 8.5000000000000018 95.611666666665712 104.50000000000001 2.5000000000000004 1 1.6102866530418398 14.500000000000002 2.01169764995575 2 8.5000000000000018 135.50000000000003 179.02500000000003
decision_type=9 2 2 10 2 2 9 2 2 2 9 2 2 2
left_child=-1 5 4 -4 -3 8 7 -7 9 11 -11 -2 -13 -14
right_child=1 2 3 -5 -6 6 -8 -9 -10 10 -12 12 13 -15
leaf_value=-0.00038528503782758787 -0.00012291260158184167 0.0016730813206133482 -0.0018577493731802524 0.00048235312725022509 -0.00020120421431164194 0.00064074370840252646 0.00041762281016300909 0.0056209237220334919 -0.0019337989926508097 0.0035121289798852933 -0.00036422009598974085 -0.00022152595839354799 0.004424215075188192 0.00084442560965128767
leaf_weight=2517 2119 163 304 115 493 121 1300 108 148 126 136 391 101 420
leaf_count=2517 2119 163 304 115 493 121 1300 108 148 126 136 391 101 420
internal_value=6.01496e-05 0.000245849 -0.000312341 -0.00121548 0.00026451 0.000367079 0.000805543 0.00286439 0.000172249 0.000266902 0.00162013 0.000149929 0.000783868 0.0015384
internal_weight=8562 6045 1075 419 656 4970 1529 229 3441 3293 262 3031 912 521
internal_count=8562 6045 1075 419 656 4970 1529 229 3441 3293 262 3031 912 521
cat_boundaries=0 1 2 3
cat_threshold=1715569317 137363522 5
is_linear=0
shrinkage=0.03


Tree=88
num_leaves=15
num_cat=3
split_feature=35 37 23 1 30 37 26 30 26 30 28 23 32 23
split_gain=0.755987 1.00358 0.722357 1.11027 0.663368 0.613352 0.537349 0.524898 0.567352 0.670274 0.648707 0.708564 0.790508 1.1765
threshold=0 1 126.50000000000001 72.500000000000014 311.72500000000008 2 0.086031452358926938 264.02500000000003 0.054093567251461992 194.10000000000002 0.89800347222222232 33.500000000000007 15.500000000000002 74.500000000000014
decision_type=1 9 2 2 2 9 8 2 8 2 2 2 2 2
left_child=1 -1 7 4 -4 -2 -7 8 9 10 -3 -12 13 -13
right_child=5 2 3 -5 -6 6 -8 -9 -10 -11 11 12 -14 -15
leaf_value=0.0022160587964674843 -0.0011169642389855831 0.00054978838766105858 0.00080802870372263 -0.001115274978711712 0.003142626250523679 -0.00028497477709947235 0.0018604565389152314 0.0010620482395614472 -0.0010264132430668239 -0.00095145704090970049 -0.0015900234804764666 -0.00034343397667763767 -0.00076694208190056636 0.0034953387279063465
leaf_weight=192 871 1499 1001 259 123 1966 111 304 669 615 324 169 394 125
leaf_count=192 871 1499 1001 259 123 1966 111 304 669 615 324 169 394 125
internal_value=-6.34325e-05 0.000139142 6.24976e-05 0.000655476 0.00106351 -0.000452263 -0.000169502 -0.000137421 -0.000233504 -6.38129e-05 0.000153591 -0.000433267 0.000111485 0.0012887
internal_weight=8622 5674 5482 1383 1124 2948 2077 4099 3795 3126 2511 1012 688 294
internal_count=8622 5674 5482 1383 1124 2948 2077 4099 3795 3126 2511 1012 688 294
cat_boundaries=0 1 2 3
cat_threshold=26 136314880 2734721044
is_linear=0
shrinkage=0.03


Tree=89
num_leaves=15
num_cat=3
split_feature=37 32 28 37 38 24 31 38 30 31 36 24 1 31
split_gain=0.971506 0.480786 0.490294 0.484869 1.36875 0.582919 1.77706 0.552089 0.659568 0.547876 0.516298 1.06676 0.847813 0.835487
threshold=0 26.500000000000004 7.7874305555555567 1 1.594687879085541 3.2871666666666903 1.200840336134454 1.7229353785514834 264.02500000000003 0.35714348202647267 2 25.644333333333275 21.500000000000004 2.6228785436617055
decision_type=9 2 2 9 2 10 8 2 2 8 9 10 2 10
left_child=1 3 -3 4 -1 6 -6 9 10 -5 11 -9 -12 -14
right_child=-2 2 -4 7 5 -7 -8 8 -10 -11 12 -13 13 -15
leaf_value=-0.0013473684255009646 -0.00046075246905545066 0.00029028631685456879 -0.0016710714517818978 0.0025687933594786693 -0.0017802620931989819 0.003367618556414338 0.0034582672251963231 -0.003758334284738719 0.0019655431484754539 0.00036453322006337665 0.0022126406220952049 -0.00050444501563955807 -0.0011173020750197731 0.0014316506179127685
leaf_weight=145 2758 225 234 105 107 173 128 103 114 3031 150 758 377 167
leaf_count=145 2758 225 234 105 107 173 128 103 114 3031 150 758 377 167
internal_value=2.01716e-06 0.00022184 -0.000709622 0.000302049 0.0011357 0.002046 0.00107306 0.000203318 -0.000237056 0.000438337 -0.000398533 -0.000883442 0.000212726 -0.000334811
internal_weight=8575 5817 459 5358 553 408 235 4805 1669 3136 1555 861 694 544
internal_count=8575 5817 459 5358 553 408 235 4805 1669 3136 1555 861 694 544
cat_boundaries=0 1 2 3
cat_threshold=3652725842 136840192 48
is_linear=0
shrinkage=0.03


Tree=90
num_leaves=15
num_cat=3
split_feature=37 31 35 32 17 25 38 32 31 37 38 19 26 22
split_gain=0.725788 0.801902 0.805888 0.841324 0.595585 0.543846 0.515647 0.468815 0.409196 0.751889 0.564183 0.488678 0.546924 0.599447
threshold=0 7.4976562500000012 1 4.5000000000000009 1.0000000180025095e-35 0.58411764705882363 0.91361844539642345 30.500000000000004 0.98907071189679896 2 1.7370213866233828 1.0000000180025095e-35 1.0000000180025095e-35 2274.3996250000005
decision_type=9 8 1 2 2 8 2 2 10 9 2 2 8 2
left_child=1 2 7 -4 -5 -3 -2 8 -1 -10 11 12 -11 -14
right_child=6 5 3 4 -6 -7 -8 -9 9 10 -12 -13 13 -15
leaf_value=-0.00066248435043303716 -0.0020747714290001358 0.0036663410428840471 0.0013230124031216636 -0.0024830453585400771 0.0001001230055516324 0.00064150797358403602 -0.00016266369001117885 -0.00092765342784987301 0.0030473014449372009 0.0013960252919220249 -0.00033028267187612802 0.0026563390000678951 -0.00047811697473491919 0.0013723586890271782
leaf_weight=212 130 106 116 239 121 108 5378 200 109 562 467 126 470 237
leaf_count=212 130 106 116 239 121 108 5378 200 109 562 467 126 470 237
internal_value=-1.4294e-06 0.000367259 0.000235867 -0.000880378 -0.00161481 0.00213979 -0.000207417 0.000460597 0.000589894 0.0007246 0.000569208 0.000874408 0.000697479 0.000142198
internal_weight=8581 3073 2859 476 360 214 5508 2383 2183 1971 1862 1395 1269 707
internal_count=8581 3073 2859 476 360 214 5508 2383 2183 1971 1862 1395 1269 707
cat_boundaries=0 1 2 3
cat_threshold=137378880 26 136314880
is_linear=0
shrinkage=0.03


Tree=91
num_leaves=15
num_cat=3
split_feature=37 17 10 23 28 36 21 25 30 35 24 23 23 30
split_gain=0.857699 0.449205 0.480873 0.618946 0.492374 0.835174 0.993329 0.843027 0.810212 1.03132 0.759307 0.791884 0.642044 0.587756
threshold=0 3.5000000000000004 1.0000000180025095e-35 82.500000000000014 0.93167824074074079 1 13.41666666666667 0.58411764705882363 30.165000000000003 2 32.396333333334191 170.50000000000003 71.500000000000014 167.50000000000003
decision_type=9 2 2 2 2 9 2 10 2 1 10 2 2 2
left_child=-1 2 3 -2 5 6 7 -4 -7 -10 -8 13 -6 -12
right_child=1 -3 4 -5 12 8 10 -9 9 -11 11 -13 -14 -15
leaf_value=-0.00070495778368460374 0.00051547032582627164 0.0021075287661146335 0.0039866691548377277 -0.0024202987189645207 -0.00069524678904962084 -0.00071083970572466827 -0.0011741007382452891 0.00069204978191494807 0.0042868021070852028 0.0010927048236877726 -8.1346289953216903e-05 -0.0020056214754938751 0.00018022589370628083 0.00099928842409922718
leaf_weight=1333 113 101 101 151 1144 140 444 227 114 444 1117 137 2211 762
leaf_count=1333 113 101 101 151 1144 140 444 227 114 444 1117 137 2211 762
internal_value=-8.85254e-06 0.000120727 9.26539e-05 -0.0011637 0.000141138 0.000390822 0.000155208 0.00170655 0.00131092 0.00184167 -5.10069e-05 0.000196341 -0.000118296 0.000356889
internal_weight=8539 7206 7105 264 6841 3486 2788 328 698 558 2460 2016 3355 1879
internal_count=8539 7206 7105 264 6841 3486 2788 328 698 558 2460 2016 3355 1879
cat_boundaries=0 1 2 3
cat_threshold=638951965 49 18
is_linear=0
shrinkage=0.03


Tree=92
num_leaves=15
num_cat=3
split_feature=37 21 33 26 13 38 0 28 32 31 31 38 35 37
split_gain=0.97219 0.766228 0.688998 1.37288 0.939586 1.2589 1.04506 0.567115 0.626827 0.479446 0.75912 0.828304 0.47691 0.458047
threshold=0 72.833333333333357 1.0000000180025095e-35 0.02355875831485588 1.0000000180025095e-35 1.545025169849396 11.500000000000002 0.83592013888888894 19.500000000000004 2.0058608930058344 2.7397474403805018 1.9379359483718874 1 2
decision_type=9 2 2 10 2 2 2 2 2 10 10 2 1 9
left_child=1 2 4 -4 5 -1 7 -6 -9 -2 -11 13 -7 -12
right_child=9 -3 3 -5 6 12 -8 8 -10 10 11 -13 -14 -15
leaf_value=-0.00025122875979758573 -5.3169588770366403e-05 2.0897756695170831e-05 0.0041689799665331709 7.3941702355298543e-05 -0.00032306765657814593 0.0042163985459261876 -0.0027004525084858354 0.0028194864788515998 -7.6570564958424573e-05 -0.0014399450526793654 4.6252870080057302e-05 0.0021714066064046802 0.0013570069490201971 -0.0013478225097181111
leaf_weight=185 3020 2377 152 143 399 132 115 143 127 702 579 121 138 327
leaf_count=185 3020 2377 152 143 399 132 115 143 127 702 579 121 138 327
internal_value=7.54969e-06 0.000357314 0.000880934 0.00218393 0.000570698 0.00165514 -5.86657e-05 0.000395453 0.00145727 -0.000280657 -0.000679627 -0.000159915 0.00296135 -0.000471273
internal_weight=8660 3911 1534 295 1239 455 784 669 270 4749 1729 1027 270 906
internal_count=8660 3911 1534 295 1239 455 784 669 270 4749 1729 1027 270 906
cat_boundaries=0 1 2 3
cat_threshold=146287688 10 322961456
is_linear=0
shrinkage=0.03


Tree=93
num_leaves=15
num_cat=0
split_feature=38 0 38 38 38 23 1 28 33 23 22 25 24 25
split_gain=0.51787 0.540781 0.47775 0.378476 0.416774 0.649762 0.410475 0.32146 0.298264 1.48122 0.984361 0.903342 0.831821 0.435511
threshold=0.94390049576759349 11.500000000000002 1.9238586425781252 1.6685470938682558 1.3674493432044985 102.50000000000001 51.500000000000007 1.735422453703704 1.0000000180025095e-35 30.500000000000004 1461.1986250000002 0.45972972972972981 27.198500000000063 0.22290322580645164
decision_type=2 2 2 2 2 2 2 2 2 2 2 10 8 10
left_child=-1 8 3 4 7 -6 -5 -3 13 -10 12 -12 -11 -2
right_child=1 2 -4 6 5 -7 -8 -9 9 10 11 -13 -14 -15
leaf_value=-0.0013796496569610586 0.00060495145661290043 -0.0001264342128896438 0.0011693477576955047 -0.00032161959506430592 -0.00052318966692175965 0.0020413652051473035 -0.002425269761677546 -0.0020532867258060829 -0.001240727801361693 0.0027564379025114185 0.000940062416168595 0.0038914685729053286 1.5237031328033792e-05 -0.00010395723794847258
leaf_weight=246 937 138 128 139 308 125 209 179 347 116 210 168 706 4653
leaf_count=246 937 138 128 139 308 125 209 179 347 116 210 168 706 4653
internal_value=-2.29973e-05 1.6909e-05 -0.000565145 -0.000767345 -0.000387944 0.000217155 -0.00158502 -0.00121447 0.000116895 0.000485554 0.000984737 0.0022518 0.000402073 1.48706e-05
internal_weight=8609 8363 1226 1098 750 433 348 317 7137 1547 1200 378 822 5590
internal_count=8609 8363 1226 1098 750 433 348 317 7137 1547 1200 378 822 5590
is_linear=0
shrinkage=0.03


Tree=94
num_leaves=15
num_cat=4
split_feature=37 30 26 31 30 6 30 21 30 30 35 36 35 5
split_gain=0.556779 0.969206 0.953336 0.720067 0.644693 0.602509 1.06651 0.649159 0.435067 0.729949 0.442556 0.423201 0.479162 0.637345
threshold=0 40.250000000000007 0.05634920634920635 0.62923872590659724 30.165000000000003 2.5000000000000004 254.60000000000002 90.416666666666671 170.12500000000003 181.10000000000002 1 2 3 0.11940000000000002
decision_type=9 2 10 8 2 2 2 2 2 2 1 9 1 2
left_child=1 2 4 -3 -1 11 7 -7 10 -10 -2 -5 -13 -14
right_child=8 3 -4 5 -6 6 -8 -9 9 -11 -12 12 13 -15
leaf_value=0.0014902630421208245 -0.00081315748352025813 -0.0015250663030593685 -0.0003884145992554047 -0.0012071070357536275 0.0043320422850215345 0.00099878497845668976 -0.0010106837530232345 0.0043268405509713503 0.0022074266314868712 -0.00021539487991770163 -0.00011218041338761056 0.0012280335443077283 0.00033185613759726567 -0.00059325622391624212
leaf_weight=223 1353 241 165 215 106 106 108 105 162 362 2029 317 1977 1014
leaf_count=223 1353 241 165 215 106 106 108 105 162 362 2029 317 1977 1014
internal_value=-7.31137e-06 0.000217008 0.00147254 6.56332e-05 0.00240585 0.000165414 0.0014139 0.00265493 -0.00027003 0.000533645 -0.000395349 5.23661e-05 0.000137458 1.81665e-05
internal_weight=8483 4577 494 4083 329 3842 319 211 3906 524 3382 3523 3308 2991
internal_count=8483 4577 494 4083 329 3842 319 211 3906 524 3382 3523 3308 2991
cat_boundaries=0 1 2 3 4
cat_threshold=2293238849 1 1 2
is_linear=0
shrinkage=0.03


Tree=95
num_leaves=15
num_cat=2
split_feature=37 38 31 2 31 31 38 38 37 0 38 31 31 0
split_gain=0.864429 1.23486 1.92097 0.50097 0.47845 0.44395 0.51577 0.481242 0.353238 0.413343 0.647524 0.958523 0.680337 0.425644
threshold=0 1.7505692243576052 1.200840336134454 1.0000000180025095e-35 3.3691925433176455 0.35714348202647267 0.93009933829307567 1.5318058729171755 1 11.500000000000002 1.5355764627456667 1.2808240993126334 1.9843471045975791 9.5000000000000018
decision_type=9 2 8 2 8 8 2 2 9 2 2 8 8 2
left_child=1 4 -3 5 -1 7 -7 -2 -8 13 11 -11 -13 -10
right_child=3 2 -4 -5 -6 6 8 -9 9 10 -12 12 -14 -15
leaf_value=-0.0018339258191514421 0.002754219535653751 -0.00015895536649622954 0.0047998080402836558 -0.00061331206569515328 0.0010257944242226531 -0.0018070511749358367 -0.00051330299927437818 -0.00010306550791428889 0.00012798387114277385 -0.0039223885335959493 0.00037327009012369674 0.0014452215911382263 -0.0016862475539713819 0.00092190305919821931
leaf_weight=110 113 128 156 1143 101 136 837 100 4368 100 360 102 161 706
leaf_count=110 113 128 156 1143 101 136 837 100 4368 100 360 102 161 706
internal_value=4.38044e-05 0.00124811 0.00256487 -3.10545e-05 -0.000465055 6.42068e-05 2.17778e-05 0.00141277 5.92696e-05 0.00014258 -0.000528264 -0.00142235 -0.000471761 0.00023845
internal_weight=8621 495 284 8126 211 6983 6770 213 6634 5797 723 363 263 5074
internal_count=8621 495 284 8126 211 6983 6770 213 6634 5797 723 363 263 5074
cat_boundaries=0 1 2
cat_threshold=136314944 621019527
is_linear=0
shrinkage=0.03


Tree=96
num_leaves=15
num_cat=2
split_feature=35 24 38 27 36 30 22 27 38 24 23 28 26 32
split_gain=0.47423 0.48513 0.409337 0.92936 0.897662 0.707893 0.500163 0.484186 0.684621 0.601308 0.785138 0.730848 0.855928 0.669935
threshold=0 1.0000000180025095e-35 1.7153424620628359 13.999473379629633 1 265.77500000000003 906.93750000000011 27.999803240740743 1.2402464151382449 185.87033333333386 134.50000000000003 0.89800347222222232 0.054093567251461992 3.5000000000000004
decision_type=1 8 2 2 9 2 2 2 2 10 2 2 8 2
left_child=1 -1 7 4 -4 6 -5 9 -9 10 11 12 13 -3
right_child=-2 2 3 5 -6 -7 -8 8 -10 -11 -12 -13 -14 -15
leaf_value=0.0019418317689666187 -0.00032717168399771748 0.0031534513517974239 -0.00067015553941018879 0.00018365021866759487 0.0022352123198047208 0.0010817468109552506 -0.0014807107153861872 -0.00070980005980253327 0.0012266175620362439 -0.0005805856598767033 0.0023827781691957428 -0.00044155213311974228 -0.0011437697729158381 0.00076404914746677701
leaf_weight=132 2894 122 170 211 204 157 707 207 797 906 157 923 187 786
leaf_count=132 2894 122 170 211 204 157 707 207 797 906 157 923 187 786
internal_value=-1.53923e-05 0.000144177 0.000101559 -0.000331657 0.000956437 -0.000779794 -0.00109816 0.000255226 0.000827376 6.87802e-05 0.000339275 0.00018029 0.000704455 0.00108509
internal_weight=8560 5666 5534 1449 374 1075 918 4085 1004 3081 2175 2018 1095 908
internal_count=8560 5666 5534 1449 374 1075 918 4085 1004 3081 2175 2018 1095 908
cat_boundaries=0 1 2
cat_threshold=26 48
is_linear=0
shrinkage=0.03


Tree=97
num_leaves=15
num_cat=0
split_feature=1 23 32 38 31 22 38 21 31 31 30 27 38 25
split_gain=0.566627 0.876761 0.847303 0.539117 1.39005 0.575341 0.509152 0.529078 0.48298 0.46947 0.462166 0.440969 0.597585 0.519167
threshold=14.500000000000002 144.50000000000003 5.5000000000000009 1.9379359483718874 2.6228785436617055 10353.798000000001 1.7153424620628359 24.833333333333339 2.5647058434165593 1.4919352507587804 198.60000000000002 13.999832175925928 1.3815985321998598 0.33666666666666673
decision_type=2 2 2 2 8 2 2 2 10 8 2 2 2 10
left_child=1 2 8 5 10 6 -2 -8 9 -1 -5 -4 13 -13
right_child=3 -3 11 4 -6 -7 7 -9 -10 -11 -12 12 -14 -15
leaf_value=0.00092775823449600333 -8.7150995841927601e-05 0.0022890594644687282 -0.00092572433611126919 -0.00064856940306765075 0.0028127583830141797 -0.0024747218533552116 -0.0020593872470101703 -0.00047522576924888672 -0.0004937961624245944 0.0030188275516111326 0.0016159173339146586 0.00092268302934158828 0.0011038926066206252 -0.0016721252803032468
leaf_weight=298 4571 199 521 412 188 105 233 1022 127 143 101 109 343 191
leaf_count=298 4571 199 521 412 188 105 233 1022 127 143 101 109 343 191
internal_value=-4.90986e-05 0.000403161 0.000186479 -0.00018078 0.000605985 -0.00027377 -0.000234103 -0.000769337 0.00113636 0.00160581 -0.000202735 -0.000277037 0.000248572 -0.000729345
internal_weight=8563 1931 1732 6632 701 5931 5826 1255 568 441 513 1164 643 300
internal_count=8563 1931 1732 6632 701 5931 5826 1255 568 441 513 1164 643 300
is_linear=0
shrinkage=0.03


Tree=98
num_leaves=15
num_cat=3
split_feature=38 37 36 17 30 27 31 1 31 1 37 31 31 38
split_gain=0.564129 0.491437 0.39453 0.33843 0.332948 1.12732 0.578737 0.557783 0.484102 0.49979 0.911153 0.509958 0.637445 0.48126
threshold=1.0479021668434145 0 1 2.5000000000000004 40.250000000000007 17.003738425925928 0.62923872590659724 40.500000000000007 0.87253384912959397 113.50000000000001 2 1.1353641777370593 1.2190404267189183 1.5632852315902712
decision_type=2 9 9 2 2 2 8 2 8 2 9 8 8 2
left_child=-1 2 3 -2 5 7 -6 -3 -8 11 -11 13 -13 -10
right_child=1 4 -4 -5 6 -7 8 -9 9 10 -12 12 -14 -15
leaf_value=-0.00098677236121800659 -0.00022361997461570413 0.0011525473438570386 -0.0012701399198908803 0.0014583712844094927 -0.0014263740041010717 0.0032966350900408411 0.0016205513024478524 -0.00066929834710350536 9.5635597955312247e-05 6.204598120683313e-05 0.0034244112679568521 0.002296569507472731 3.017474413957347e-05 -0.0023570659846140476
leaf_weight=535 2780 304 310 112 211 133 201 301 136 218 102 116 3006 153
leaf_count=535 2780 304 310 112 211 133 201 301 136 218 102 116 3006 153
internal_value=-4.33275e-05 1.91175e-05 -0.000269231 -0.000157935 0.000208403 0.000795892 0.000104255 0.000246141 0.000186392 0.00010913 0.00124275 2.78003e-06 0.000114384 -0.00120285
internal_weight=8618 8083 3202 2892 4881 738 4143 605 3932 3731 320 3411 3122 289
internal_count=8618 8083 3202 2892 4881 738 4143 605 3932 3731 320 3411 3122 289
cat_boundaries=0 1 2 3
cat_threshold=894730423 21 18432
is_linear=0
shrinkage=0.03


Tree=99
num_leaves=15
num_cat=1
split_feature=38 2 38 37 5 22 5 38 30 30 30 24 24 1
split_gain=0.493995 0.519824 0.472734 0.506412 0.749824 0.669896 0.475056 0.543065 0.449183 0.852801 0.728483 0.471798 1.09223 0.657632
threshold=0.91361844539642345 1.0000000180025095e-35 2.1859767436981206 0 0.81665000000000021 3301.6500000000005 0.23305000000000003 1.8200269937515261 181.10000000000002 175.10000000000002 205.07500000000002 252.39966666666822 384.59266666667077 49.500000000000007
decision_type=2 2 2 9 2 2 2 2 2 2 2 10 10 2
left_child=-1 2 3 5 8 6 7 -2 9 -5 -10 -12 13 -13
right_child=1 -3 -4 4 -6 -7 -8 -9 10 -11 11 12 -14 -15
leaf_value=-0.0015871981663727445 -0.00013151279320209968 -0.00056239670019840322 0.0017310740719577926 0.00031336287110488438 0.0027928048023137973 -0.0026377002223479475 -0.0011733417299376533 0.002046164598513354 -0.0011876481978994743 0.0029110239913304318 -0.00033896919855951085 0.0028691756693221141 -0.0002704262468511967 0.00011432962893642549
leaf_weight=171 993 1113 163 3153 101 110 350 115 475 118 894 230 482 118
leaf_count=171 993 1113 163 3153 101 110 350 115 475 118 894 230 482 118
internal_value=9.10767e-06 4.1546e-05 0.000133601 9.71273e-05 0.00023105 -0.000377757 -0.000209844 9.45097e-05 0.000184172 0.000407072 -0.000147392 0.000139221 0.000654284 0.00193506
internal_weight=8586 8415 7302 7139 5571 1568 1458 1108 5470 3271 2199 1724 830 348
internal_count=8586 8415 7302 7139 5571 1568 1458 1108 5470 3271 2199 1724 830 348
cat_boundaries=0 1
cat_threshold=1680654501
is_linear=0
shrinkage=0.03


Tree=100
num_leaves=15
num_cat=1
split_feature=37 27 24 14 38 31 38 30 38 21 21 23 29 28
split_gain=0.627918 1.12993 1.06435 1.21336 1.08308 0.706177 0.452377 0.66607 0.573689 0.518948 0.780489 0.613939 0.50512 0.536995
threshold=0 17.423611111111114 3.2871666666666903 2.5000000000000004 1.594687879085541 1.200840336134454 1.7370213866233828 160.02500000000003 1.0479021668434145 64.791666666666671 91.916666666666671 139.50000000000003 3.5000000000000004 8.2618865740740759
decision_type=9 2 10 2 2 8 2 2 2 2 2 2 2 2
left_child=1 2 5 -4 -5 -1 8 9 -2 11 -11 -8 13 -9
right_child=6 -3 3 4 -6 -7 7 12 -10 10 -12 -13 -14 -15
leaf_value=-0.0030848764268492507 -0.00083609953979922841 0.0033901918503000737 -0.00053734763110936667 0.00065784989273038892 0.0048773703603073957 0.00024383572876453399 -0.0010408977429582598 0.0011696141392725347 0.00017797931820338878 0.00078221381931384162 -0.0018756206205114722 -0.0035178013441857889 -0.0012289398072193127 -0.0011581650803158742
leaf_weight=106 553 132 182 109 110 125 569 438 5453 295 150 107 158 112
leaf_count=106 553 132 182 109 110 125 569 438 5453 295 150 107 158 112
internal_value=3.93887e-05 0.000854531 0.000338452 0.00127287 0.00277724 -0.00128363 -4.11349e-05 -0.000454271 8.46084e-05 -0.000909247 -0.000113685 -0.00143295 0.000266107 0.000695594
internal_weight=8599 764 632 401 219 231 7835 1829 6006 1121 445 676 708 550
internal_count=8599 764 632 401 219 231 7835 1829 6006 1121 445 676 708 550
cat_boundaries=0 1
cat_threshold=137888770
is_linear=0
shrinkage=0.03


Tree=101
num_leaves=15
num_cat=1
split_feature=0 26 24 37 21 38 27 21 21 30 30 1 21 27
split_gain=0.496389 0.538524 0.610046 0.53005 0.542409 0.914023 0.834801 0.824405 0.643934 0.522576 0.530143 0.518349 0.510966 0.49173
threshold=11.500000000000002 0.022474747474747477 68.355666666666664 0 35.500000000000007 2.0479260683059697 13.999994212962966 59.833333333333336 62.500000000000007 48.500000000000007 99.500000000000014 40.500000000000007 57.833333333333336 11.999635416666669
decision_type=2 10 10 9 2 2 2 2 2 2 2 2 2 2
left_child=3 9 -3 -1 5 6 -5 12 -9 -2 -11 -8 -6 -10
right_child=1 2 -4 4 7 -7 11 8 13 10 -12 -13 -14 -15
leaf_value=-0.00053482276933007394 0.0014437076515993789 -0.00065426980095954594 -0.0028325406016949449 0.00010058466233126965 -0.00044838814968588384 0.003463674407126382 0.0036666224806850669 0.0024417812545054957 0.0016900091445228706 -0.0021202769074411157 6.755240944005168e-05 0.00067083617480581301 -0.0023689306236829764 8.1476595752139492e-05
leaf_weight=1178 163 393 164 957 1022 100 106 115 180 135 381 102 142 3438
leaf_count=1178 163 393 164 957 1022 100 106 115 180 135 381 102 142 3438
internal_value=-4.80426e-05 -0.00060424 -0.00129563 4.56168e-05 0.000157193 0.000711237 0.000474976 1.43929e-05 0.00023175 -3.70774e-05 -0.000504845 0.00219753 -0.000682681 0.000161503
internal_weight=8576 1236 557 7340 6162 1265 1165 4897 3733 679 516 208 1164 3618
internal_count=8576 1236 557 7340 6162 1265 1165 4897 3733 679 516 208 1164 3618
cat_boundaries=0 1
cat_threshold=1678082806
is_linear=0
shrinkage=0.03


Tree=102
num_leaves=15
num_cat=1
split_feature=35 38 1 25 1 31 29 22 21 23 28 27 22 31
split_gain=0.53409 0.51011 0.4816 0.508915 0.724908 0.437024 0.426521 0.350832 0.381585 0.338993 1.14378 0.465586 0.681484 0.453726
threshold=0 2.1168247461318974 217.50000000000003 0.43223443223443231 38.500000000000007 0.87253384912959397 1.0000000180025095e-35 563.95000000000016 76.500000000000014 14.500000000000002 2.0209432870370372 11.06232638888889 457.10000000000008 1.1912860821249494
decision_type=1 2 2 10 2 10 2 2 2 2 2 2 2 10
left_child=9 2 3 4 5 -2 -5 -7 -9 10 13 12 -11 -1
right_child=1 -3 -4 6 -6 7 -8 8 -10 11 -12 -13 -14 -15
leaf_value=0.0013641001482115392 0.0022504509543948589 0.0017091339047145201 0.0016126273473484828 -0.00029842009275577429 -0.00064029280720000648 -0.00066397266273702594 -0.0014301835651077208 0.0019034572071568283 -0.00043195556917056006 0.00013899224839406088 -0.0025914764345124825 0.00018702022866451612 0.0030953470674474374 -0.00053384656716997801
leaf_weight=201 129 107 103 534 913 202 683 162 103 160 169 4720 125 260
leaf_count=201 129 107 103 534 913 202 683 162 103 160 169 4720 125 260
internal_value=4.38576e-06 -0.000323057 -0.000401062 -0.000477148 -0.000109034 0.000704789 -0.000933584 0.000277829 0.000995731 0.000175255 -0.000480279 0.00025812 0.00143564 0.000293675
internal_weight=8571 2936 2829 2726 1509 596 1217 467 265 5635 630 5005 285 461
internal_count=8571 2936 2829 2726 1509 596 1217 467 265 5635 630 5005 285 461
cat_boundaries=0 1
cat_threshold=26
is_linear=0
shrinkage=0.03


Tree=103
num_leaves=15
num_cat=2
split_feature=32 35 37 31 5 31 6 32 21 23 1 30 30 1
split_gain=0.501396 0.492839 0.774047 0.620333 0.550919 0.53079 0.74308 0.536183 0.53002 0.468408 0.787901 0.914221 0.884098 0.740872
threshold=23.500000000000004 0 1 4.6669339748730296 0.085150000000000017 2.1229755687037861 2.5000000000000004 10.500000000000002 27.166666666666668 143.50000000000003 42.500000000000007 121.50000000000001 144.50000000000003 17.500000000000004
decision_type=2 1 9 10 2 8 2 2 2 2 2 2 2 2
left_child=1 2 -1 4 9 6 7 -6 -5 10 11 13 -12 -4
right_child=-2 -3 3 8 5 -7 -8 -9 -10 -11 12 -13 -14 -15
leaf_value=0.0025627770100760719 -0.00051352172322511398 -0.00013814542082825123 0.001398487616501542 0.00027626763161235645 -0.0010232873928200186 -0.0011429760062660001 0.0021475372016837779 0.00081260324873117006 0.0032579349166917382 0.0016691158668598247 0.00026738266782005033 -0.00082595842066803015 0.003269167335540685 -0.00051476161596941347
leaf_weight=128 1391 3638 487 103 364 462 137 236 112 254 207 675 154 291
leaf_count=128 1391 3638 487 103 364 462 137 236 112 254 207 675 154 291
internal_value=8.18394e-06 0.000108307 0.000356067 0.000267841 0.000165888 -0.000345742 0.000154017 -0.00030117 0.00182951 0.000462525 0.000293575 -1.80689e-05 0.00154792 0.000682864
internal_weight=8639 7248 3610 3482 3267 1199 737 600 215 2068 1814 1453 361 778
internal_count=8639 7248 3610 3482 3267 1199 737 600 215 2068 1814 1453 361 778
cat_boundaries=0 1 2
cat_threshold=24 169869312
is_linear=0
shrinkage=0.03


Tree=104
num_leaves=15
num_cat=3
split_feature=17 2 36 37 22 37 28 22 30 30 25 30 31 21
split_gain=0.453212 0.474566 0.418801 0.39008 0.356986 0.596738 0.474512 0.596603 0.306303 0.615359 0.9667 0.540757 0.69532 0.650285
threshold=3.5000000000000004 1.0000000180025095e-35 0 1 1443.4020000000003 2 1.9757060185185187 5742.3000000000002 181.10000000000002 169.12500000000003 0.45972972972972981 199.10000000000002 1.793377120963328 150.85000000000002
decision_type=2 2 9 9 2 9 2 2 2 2 10 2 10 2
left_child=1 3 -3 -1 5 -4 -6 -8 9 -5 -11 -10 13 -13
right_child=-2 2 4 8 6 -7 7 -9 11 10 -12 12 -14 -15
leaf_value=-0.00064742817297320165 0.0017376631468014661 0.0010855549680709373 0.001638189106697923 0.00015545057138115087 -0.0023881590070156779 -0.0007693659144383557 -0.0017343201290431817 0.0012863202611217274 -0.0012144595250231213 0.0027730128196146488 -0.00071198111764199379 0.0030934279294836282 -0.00025253045977441781 0.00038449016486677851
leaf_weight=673 129 110 106 3967 232 458 143 100 375 202 111 112 1568 277
leaf_count=673 129 110 106 3967 232 458 143 100 375 202 111 112 1568 277
internal_value=-2.70771e-05 -5.40693e-05 -0.00062071 3.5302e-05 -0.000804063 -0.000301478 -0.00141774 -0.000491258 0.000105613 0.000256493 0.00153712 -0.00017085 2.91262e-05 0.00116444
internal_weight=8563 8434 1149 7285 1039 564 475 243 6612 4280 313 2332 1957 389
internal_count=8563 8434 1149 7285 1039 564 475 243 6612 4280 313 2332 1957 389
cat_boundaries=0 1 2 3
cat_threshold=4 570688293 268435473
is_linear=0
shrinkage=0.03


Tree=105
num_leaves=15
num_cat=2
split_feature=37 28 27 13 17 1 28 25 0 37 22 31 0 22
split_gain=0.482521 1.05315 1.44601 0.684684 0.506907 0.319466 0.638733 0.723656 0.78804 0.731613 0.479096 0.523581 0.445031 0.528253
threshold=0 1.1472222222222224 17.003738425925928 1.0000000180025095e-35 3.5000000000000004 12.500000000000002 2.6342824074074076 0.19000000000000003 4.5000000000000009 1 1382.0940000000001 2.1326743243938995 6.5000000000000009 1226.2728750000001
decision_type=9 2 2 2 2 2 2 8 2 9 2 10 2 2
left_child=1 2 3 -1 5 6 7 -2 -9 -10 -8 -12 -11 -14
right_child=4 -3 -4 -5 -6 -7 10 8 9 12 11 -13 13 -15
leaf_value=0.0017226660114045863 0.0031780239500077715 -0.0016172142754866008 0.0043243255417910395 -0.00081198541267011107 0.001955376951465089 -0.00015549992961065633 -0.0013197658723396615 -0.0010411260160462308 -0.00029347702091706267 0.002788021960720108 -0.00058572388021275394 0.0021101391002438618 0.0021103296903077595 -0.00071777300556173684
leaf_weight=208 101 126 120 178 114 6312 297 225 257 203 175 103 137 105
leaf_count=208 101 126 120 178 114 6312 297 225 257 203 175 103 137 105
internal_value=3.24774e-05 0.00082388 0.00144802 0.000553837 -3.08054e-05 -5.94513e-05 0.000318751 0.000766621 0.00050389 0.000999087 -0.000481961 0.000413103 0.00171366 0.00088326
internal_weight=8661 632 506 386 8029 7915 1603 1028 927 702 575 278 445 242
internal_count=8661 632 506 386 8029 7915 1603 1028 927 702 575 278 445 242
cat_boundaries=0 1 2
cat_threshold=137887744 3246424096
is_linear=0
shrinkage=0.03


Tree=106
num_leaves=15
num_cat=3
split_feature=35 30 37 1 25 31 32 37 0 31 1 30 32 23
split_gain=0.513236 0.759365 0.677584 0.981175 0.575696 0.573964 0.514833 0.477833 0.994184 0.73472 0.385672 0.644678 0.999249 0.496771
threshold=0 324.57500000000005 1 36.500000000000007 0.43223443223443231 4.5592757481182318 25.500000000000004 2 6.5000000000000009 1.3336077947028957 12.500000000000002 113.50000000000001 10.500000000000002 76.500000000000014
decision_type=1 2 9 2 10 10 2 9 2 8 2 2 2 2
left_child=1 7 -2 4 -4 -5 -3 8 -1 -10 11 13 -13 -9
right_child=2 6 3 5 -6 -7 -8 10 9 -11 -12 12 -14 -15
leaf_value=0.0026691748495591252 -0.00079963176796779296 0.0033962181133135932 0.0018617326642280411 -0.00086740396336483234 -0.00027016078877638565 0.0012441142313282855 0.00052403400551062076 0.00072652189709382917 -0.0021820827569386252 0.0012615813971383542 -0.00018450009869183082 -0.0021340506717828769 0.00052082984349734868 0.0029490071396214949
leaf_weight=185 1560 102 342 696 171 139 125 412 102 123 3821 175 471 116
leaf_count=185 1560 102 342 696 171 139 125 412 102 123 3821 175 471 116
internal_value=-5.25856e-05 0.000114606 -0.000375493 0.000117624 0.0011511 -0.000515906 0.00181462 4.34206e-05 0.00101524 -0.000299546 -3.83039e-05 0.000437192 -0.000198372 0.0012148
internal_weight=8540 5632 2908 1348 513 835 227 5405 410 225 4995 1174 646 528
internal_count=8540 5632 2908 1348 513 835 227 5405 410 225 4995 1174 646 528
cat_boundaries=0 1 2 3
cat_threshold=26 727754766 169902346
is_linear=0
shrinkage=0.03


Tree=107
num_leaves=15
num_cat=3
split_feature=38 31 37 31 38 17 22 36 31 31 38 36 0 31
split_gain=0.497704 0.988375 0.704457 0.591325 0.561714 0.556442 0.568912 0.429219 0.400903 0.845417 0.712737 0.396734 0.653664 0.583384
threshold=1.9379359483718874 2.6228785436617055 0 3.7558696440645338 1.9741714596748354 1.5000000000000002 7883.6000000000013 1 0.98907071189679896 1.783196239717979 2.0847059488296513 2 10.500000000000002 1.7497993579454256
decision_type=2 8 9 10 2 2 2 9 10 10 2 9 2 8
left_child=2 4 5 -3 -2 6 11 -4 -6 10 -10 -1 13 -13
right_child=1 3 7 -5 8 -7 -8 -9 9 -11 -12 12 -14 -15
leaf_value=-0.00072922543780237715 0.0017590802168695322 0.0040300696054565727 -0.0010409376021473179 0.00092660859372222513 -0.0018446900479288564 -0.0024473378536640669 -0.002253264481859172 7.5610764848705396e-05 -0.00039391870144754647 -0.001714291674257577 0.0030092254346060863 0.0023337700812390257 -0.001064558248303468 4.5417819827318536e-05
leaf_weight=932 131 101 318 122 135 144 153 5594 116 145 106 164 226 258
leaf_count=932 131 101 318 122 135 144 153 5594 116 145 106 164 226 258
internal_value=-7.19184e-05 0.00061472 -0.000147379 0.00233221 9.66412e-06 -0.00065195 -0.000506529 1.38965e-05 -0.000446857 6.73325e-05 0.00123101 -0.000337383 0.000233839 0.00093473
internal_weight=8645 856 7789 223 633 1877 1733 5912 502 367 222 1580 648 422
internal_count=8645 856 7789 223 633 1877 1733 5912 502 367 222 1580 648 422
cat_boundaries=0 1 2 3
cat_threshold=1948259215 1 48
is_linear=0
shrinkage=0.03


Tree=108
num_leaves=15
num_cat=2
split_feature=37 35 0 38 29 30 21 5 31 32 22 31 24 23
split_gain=0.691863 0.856393 0.95121 0.613205 0.617622 0.80169 0.588604 0.558085 0.520309 0.434499 0.549248 0.458207 0.474747 0.655972
threshold=0 1 8.5000000000000018 1.7399903535842898 1.5000000000000002 49.500000000000007 65.90000000000002 0.61250000000000016 1.8322390932420876 26.500000000000004 1391.0015000000005 7.7898305084745774 7.486666666665756 50.500000000000007
decision_type=9 1 2 2 2 2 2 2 10 2 2 10 10 2
left_child=1 2 8 4 -2 -6 -5 9 -1 11 -11 12 -3 -14
right_child=3 7 -4 6 5 -7 -8 -9 -10 10 -12 -13 13 -15
leaf_value=0.0035963771463813337 -0.00020508369996661969 -0.0011322049968767651 -0.00029275039183227598 -0.0017382135576375856 -0.00044720256628241132 0.0027750534697347697 9.3141783886934593e-05 0.0019247295030848993 0.0012509574979480546 0.00052466757924374578 -0.0017599178860952479 0.0019959215082457102 0.002001922386742848 9.2396132249956552e-05
leaf_weight=164 3468 258 185 435 131 148 248 149 177 154 246 119 173 2526
leaf_count=164 3468 258 185 435 131 148 248 149 177 154 246 119 173 2526
internal_value=1.45335e-05 0.00029244 0.00141244 -0.000245975 -9.58382e-05 0.00126209 -0.00107324 0.000126485 0.00237896 4.9767e-05 -0.000880352 0.000170719 9.72663e-05 0.000214793
internal_weight=8581 4151 526 4430 3747 279 683 3625 341 3476 400 3076 2957 2699
internal_count=8581 4151 526 4430 3747 279 683 3625 341 3476 400 3076 2957 2699
cat_boundaries=0 1 2
cat_threshold=423111755 18
is_linear=0
shrinkage=0.03


Tree=109
num_leaves=15
num_cat=3
split_feature=31 37 0 22 32 30 22 38 37 30 22 35 38 22
split_gain=0.393795 0.764955 0.81154 0.578254 0.53398 0.603886 0.518442 0.501581 0.48283 0.446931 0.421455 0.471792 0.416298 0.751058
threshold=2.308391608391609 0 7.5000000000000009 1443.4020000000003 31.500000000000004 289.02500000000003 1946.8125000000002 1.4087955355644228 1 204.07500000000002 1891.5441250000001 2 2.1168247461318974 10928.000000000002
decision_type=10 9 2 2 2 2 2 2 9 2 2 1 2 2
left_child=8 -2 4 7 5 6 -3 -4 -1 -8 -5 -12 13 -10
right_child=1 2 3 10 -6 -7 9 -9 12 -11 11 -13 -14 -15
leaf_value=-0.0003556964686167703 -0.0010873367739099059 -0.0011295223711738872 8.6716910135810793e-05 -0.0015568040805295682 -0.0026252479492548373 0.001379267691316692 0.0020340324411777283 0.0020447477729592703 0.00031901853016704299 -0.0005274129003877393 0.0014290286432951688 -0.00056996190737923556 0.0020138211652636529 -0.0023119006373395678
leaf_weight=1270 753 604 184 130 101 156 101 327 4167 156 195 214 125 100
leaf_count=1270 753 604 184 130 101 156 101 327 4167 156 195 214 125 100
internal_value=1.20455e-05 -0.000270869 1.76439e-05 0.000616651 -0.000544772 -0.000338156 -0.000649327 0.0013397 0.000158 0.000479225 -6.88407e-05 0.000404106 0.000306653 0.000257361
internal_weight=8583 2921 2168 1050 1118 1017 861 511 5662 257 539 409 4392 4267
internal_count=8583 2921 2168 1050 1118 1017 861 511 5662 257 539 409 4392 4267
cat_boundaries=0 1 2 3
cat_threshold=3829445130 974455733 24
is_linear=0
shrinkage=0.03


Tree=110
num_leaves=15
num_cat=3
split_feature=31 35 38 24 37 22 5 33 27 31 5 17 37 31
split_gain=0.565563 0.623412 0.754979 0.603454 0.46959 0.476057 0.436702 0.474175 0.491552 0.487751 0.420801 0.418947 0.403033 0.394268
threshold=0.1106014271151886 0 1.9836898446083071 3.2871666666666903 1 32.250000000000007 0.34055000000000007 1.0000000180025095e-35 13.999484953703705 4.1197106291250618 0.11940000000000002 1.0000000180025095e-35 2 1.5126086035176944
decision_type=8 1 2 8 9 2 2 2 2 8 2 2 9 8
left_child=-1 4 3 -3 -2 -6 7 8 -5 10 -10 -4 -9 -7
right_child=1 2 11 6 5 13 -8 12 9 -11 -12 -13 -14 -15
leaf_value=0.0021051252871427846 -0.00022113921960007171 -0.0027822643647189525 0.00011969964648055475 -0.0014282560733771123 0.0023267712425877108 -0.00020784468208496495 0.0006437313018375977 -0.0011446038962520185 0.000313041495336886 -0.0017468537387411714 -0.0012542156113181035 0.0026786809872898559 0.00073557648310936463 0.00049498985495601336
leaf_weight=115 1840 102 129 693 108 983 301 131 622 194 205 104 371 2668
leaf_count=115 1840 102 129 693 108 983 301 131 622 194 205 104 371 2668
internal_value=1.54545e-05 -1.29815e-05 -0.00037324 -0.000520136 0.000170887 0.000362858 -0.000428464 -0.000574101 -0.000811595 -0.000393038 -7.54563e-05 0.00126191 0.000236784 0.000305758
internal_weight=8566 8451 2852 2619 5599 3759 2517 2216 1714 1021 827 233 502 3651
internal_count=8566 8451 2852 2619 5599 3759 2517 2216 1714 1021 827 233 502 3651
cat_boundaries=0 1 2 3
cat_threshold=26 3833614853 2720006272
is_linear=0
shrinkage=0.03


Tree=111
num_leaves=15
num_cat=2
split_feature=27 24 24 37 31 35 1 23 24 27 27 30 0 1
split_gain=0.432998 0.908358 0.606293 0.545964 0.506763 0.967084 0.400023 0.923715 0.445486 0.401595 0.621123 0.575617 0.513872 0.471018
threshold=17.003738425925928 32.396333333334191 7.486666666665756 0 1.2508030341587599 1 1.0000000180025095e-35 129.50000000000003 573.08966666666458 30.512980324074078 29.527251157407409 260.75000000000006 5.5000000000000009 30.500000000000004
decision_type=2 8 8 9 8 1 2 2 10 2 2 2 2 2
left_child=2 -2 4 -4 -1 -6 7 -3 9 10 -8 -11 -12 -14
right_child=1 6 3 -5 5 -7 8 -9 -10 11 12 -13 13 -15
leaf_value=-0.0024536660223648966 0.0022029368343142171 0.00016435111246508068 0.0017882404787212037 -3.7045159361995532e-05 0.0018981591573085735 -0.0016082834842825204 9.7191479082830886e-05 0.0035766030882266073 -0.0012558469417280737 -0.0013559514429513522 0.0028556985573838269 0.0011194407663840267 -0.00088365175426852974 0.0016054959520031902
leaf_weight=165 225 238 142 4956 101 187 1448 102 203 292 144 119 110 181
leaf_count=165 225 238 142 4956 101 187 1448 102 203 292 144 119 110 181
internal_value=8.17521e-05 0.00036815 -7.62286e-05 1.72315e-05 -0.00112802 -0.000368528 0.000222635 0.00118803 9.11837e-05 0.000210385 0.000395829 -0.000639232 0.00138992 0.000664581
internal_weight=8613 3062 5551 5098 453 288 2837 340 2497 2294 1883 411 435 291
internal_count=8613 3062 5551 5098 453 288 2837 340 2497 2294 1883 411 435 291
cat_boundaries=0 1 2
cat_threshold=1573968 10
is_linear=0
shrinkage=0.03


Tree=112
num_leaves=15
num_cat=3
split_feature=33 23 37 31 31 30 35 31 30 25 7 24 37 21
split_gain=0.494015 1.10409 0.994329 0.958947 0.938921 0.668547 0.560094 0.533317 0.49873 0.486574 0.667197 0.694794 0.616979 0.568109
threshold=1.0000000180025095e-35 26.500000000000004 0 3.4211241418764309 5.3583467094703057 64.050000000000011 1 1.9505869062052248 270.87500000000006 0.36181818181818187 1.0000000180025095e-35 68.355666666666664 2 44.500000000000007
decision_type=2 2 9 8 10 2 1 8 2 10 2 10 9 2
left_child=6 -2 7 5 -5 -4 -1 -3 9 10 11 -8 13 -12
right_child=1 2 3 4 -6 -7 8 -9 -10 -11 12 -13 -14 -15
leaf_value=0.00020552327548948733 -0.00096745102300860775 0.00077661597766810872 0.0025882734905676975 0.0051498003361079084 0.0012471476376671856 0.00035234249352588841 -9.5769171003308706e-05 -0.00091469880484185183 0.0012446826312535293 -0.0007674538284370095 0.0027432316930153995 -0.0022339465143898173 -0.00048703210261135982 0.00051404429611253322
leaf_weight=3426 377 354 163 113 109 460 495 319 169 1717 162 189 279 282
leaf_count=3426 377 354 163 113 109 460 495 319 169 1717 162 189 279 282
internal_value=5.78173e-05 0.000485613 0.000846486 0.00152261 0.00323363 0.000937345 -6.28365e-05 -2.46953e-05 -0.000341622 -0.00042853 -1.49324e-05 -0.000686581 0.000620487 0.00129816
internal_weight=8614 1895 1518 845 222 623 6719 673 3293 3124 1407 684 723 444
internal_count=8614 1895 1518 845 222 623 6719 673 3293 3124 1407 684 723 444
cat_boundaries=0 1 2 3
cat_threshold=2722119808 24 362809349
is_linear=0
shrinkage=0.03


Tree=113
num_leaves=15
num_cat=4
split_feature=35 37 31 38 37 5 32 31 31 37 22 38 30 30
split_gain=0.367303 0.743668 1.24218 1.15399 0.579636 0.51052 0.56669 0.448086 0.482506 0.417625 0.618254 0.406741 0.377202 0.368252
threshold=0 1 1.034847013113162 1.7453325390815737 2 0.36035 9.5000000000000018 0.40720431576072119 0.66943681318681325 3 2683.2500000000005 1.7637137174606325 14.250000000000002 30.165000000000003
decision_type=1 9 8 2 9 2 2 8 10 9 2 2 2 2
left_child=1 2 -1 -4 -2 7 -7 -6 -9 10 11 -3 -11 -14
right_child=4 9 3 -5 5 6 -8 8 -10 12 -12 -13 13 -15
leaf_value=-0.001103137941035028 -0.0007327462502306056 -0.00029579001229861995 0.0010126510079996004 0.0051955150574555286 0.0017904091322879221 0.0027725027114975935 -0.00022805672636864207 -0.0019622582891647973 -2.8519661849601287e-05 0.0019866958717780969 0.0017430733844056863 -0.0017298097731784368 -0.0010580462988895865 0.00027746629080521859
leaf_weight=108 1115 744 142 102 110 129 101 127 1357 111 109 234 195 3947
leaf_count=108 1115 744 142 102 110 129 101 127 1357 111 109 234 195 3947
internal_value=7.51283e-05 0.000215559 0.00153204 0.00276123 -0.000196909 0.000132855 0.00145487 -5.70659e-05 -0.000194008 0.000126078 -0.000396398 -0.000638899 0.000260231 0.000214592
internal_weight=8631 5692 352 244 2939 1824 230 1594 1484 5340 1087 978 4253 4142
internal_count=8631 5692 352 244 2939 1824 230 1594 1484 5340 1087 978 4253 4142
cat_boundaries=0 1 2 3 4
cat_threshold=26 169902080 723822860 1149325837
is_linear=0
shrinkage=0.03


Tree=114
num_leaves=15
num_cat=0
split_feature=31 22 16 17 27 25 0 0 1 24 1 21 24 31
split_gain=0.526744 0.39235 0.460636 0.441539 0.299895 0.523605 0.466874 0.507149 0.671159 0.430334 0.45635 0.448034 0.449275 0.422836
threshold=0.1106014271151886 9979.5000000000018 1.0000000180025095e-35 3.5000000000000004 13.999890046296299 0.29288856304985345 11.500000000000002 9.5000000000000018 33.500000000000007 328.26683333333648 43.500000000000007 90.416666666666671 397.60983333333633 3.050351864883885
decision_type=8 2 2 2 2 8 2 2 2 8 2 2 10 8
left_child=-1 3 -3 4 -2 -6 7 9 -9 -7 11 -11 -13 -12
right_child=1 2 -4 -5 5 6 -8 8 -10 10 13 12 -14 -15
leaf_value=0.001891361927613616 -0.00023308873631677112 -0.0019591351790629284 0.00040858823930491403 0.0018239963174748576 0.0008141901721233541 -0.00036468377136948665 -0.00113719168584057 -0.00081472440173142933 0.0019167884027779991 0.0020842796360777717 0.00038615337684194543 0.0016443408182444605 -0.00091529561621977616 -0.001993160999400995
leaf_weight=125 4160 204 116 114 806 1596 316 116 268 217 201 111 139 101
leaf_count=125 4160 204 116 114 806 1596 316 116 268 217 201 111 139 101
internal_value=-4.18659e-05 -7.04133e-05 -0.00110084 -2.99301e-05 -5.62466e-05 0.000133798 -4.51239e-05 8.04103e-05 0.00109164 -8.37815e-05 0.000499209 0.0010869 0.000221183 -0.000409578
internal_weight=8590 8465 320 8145 8031 3871 3065 2749 384 2365 769 467 250 302
internal_count=8590 8465 320 8145 8031 3871 3065 2749 384 2365 769 467 250 302
is_linear=0
shrinkage=0.03


Tree=115
num_leaves=15
num_cat=1
split_feature=28 28 32 27 24 1 24 37 21 31 28 27 31 25
split_gain=0.409505 0.596085 0.504175 0.387949 1.40577 0.391236 0.650153 0.389362 0.367762 0.478333 0.322465 0.308095 0.821837 0.622016
threshold=15.638628472222225 20.991348379629631 22.500000000000004 18.142488425925929 30.971166666667418 1.0000000180025095e-35 239.57016666666433 0 103.63333333333334 0.58245581906418831 1.2354513888888892 13.999334490740742 1.0823369463999704 0.24695121951219515
decision_type=2 2 2 2 10 2 10 9 2 10 2 2 8 10
left_child=3 -2 -3 7 -5 6 -6 8 9 -1 -11 12 -9 -13
right_child=1 2 -4 4 5 -7 -8 11 -10 10 -12 13 -14 -15
leaf_value=0.0015019584014761384 -0.001710568804570072 0.001128508138547962 -0.0013214069227078218 0.0031232242920139638 -0.00012399903034357112 5.3575817454496723e-06 0.0026633585089085891 -0.00065292913155622686 -0.0019353874843488104 -0.00097181106437998479 0.00051094345646475025 0.00062649668455573169 0.00082864463664901564 -0.00040405030497355339
leaf_weight=106 306 189 126 154 163 1955 140 494 164 603 169 687 1060 2265
leaf_count=106 306 189 126 154 163 1955 140 494 164 603 169 687 1060 2265
internal_value=-2.55608e-05 -0.000767542 0.000148542 3.23249e-05 0.000349962 0.00016082 0.00116389 -0.000105768 -0.000625331 -0.000387751 -0.000647218 1.5732e-05 0.000357668 -0.000164218
internal_weight=8581 621 315 7960 2412 2258 303 5548 1042 878 772 4506 1554 2952
internal_count=8581 621 315 7960 2412 2258 303 5548 1042 878 772 4506 1554 2952
cat_boundaries=0 1
cat_threshold=1679821092
is_linear=0
shrinkage=0.03


Tree=116
num_leaves=15
num_cat=3
split_feature=0 30 37 37 1 37 28 23 32 0 1 30 30 30
split_gain=0.462573 0.518342 0.494409 0.376455 0.442633 0.357863 0.327161 0.733392 0.712764 0.566285 0.330473 0.795868 0.793247 0.714693
threshold=13.500000000000002 30.165000000000003 0 1 21.500000000000004 2 15.638628472222225 78.500000000000014 27.500000000000004 6.5000000000000009 12.500000000000002 259.62500000000006 113.50000000000001 97.500000000000014
decision_type=2 2 9 9 2 9 2 2 2 2 2 2 2 2
left_child=2 -2 -1 4 -4 -3 10 -8 9 -9 11 12 13 -5
right_child=1 5 3 6 -6 -7 7 8 -10 -11 -12 -13 -14 -15
leaf_value=0.0020606099354284527 -0.0022623483138494728 -0.00089399318355687059 0.00084860694552050305 0.00061035800841234133 -0.0010452093520229135 0.00083577451372422783 -0.0024305309136529308 0.0020150153020249322 -0.0020360444360656921 -0.00043385957965316871 7.3231248801945372e-05 0.0028947007534145261 -0.00041682558050773526 0.0030958353915260038
leaf_weight=103 156 275 142 578 510 164 142 161 112 180 5179 123 614 127
leaf_count=103 156 275 142 578 510 164 142 161 112 180 5179 123 614 127
internal_value=2.99434e-05 -0.000776957 9.0175e-05 6.16826e-05 -0.000623194 -0.000249119 0.000124341 -0.000549327 4.03659e-05 0.000722354 0.000185069 0.000586737 0.000371514 0.0010581
internal_weight=8566 595 7971 7868 652 439 7216 595 453 341 6621 1442 1319 705
internal_count=8566 595 7971 7868 652 439 7216 595 453 341 6621 1442 1319 705
cat_boundaries=0 1 2 3
cat_threshold=18351104 536871101 811616256
is_linear=0
shrinkage=0.03


Tree=117
num_leaves=15
num_cat=4
split_feature=37 17 38 38 36 5 37 32 28 23 25 30 25 37
split_gain=0.290434 0.485073 0.282633 0.378903 0.895116 1.2171 0.740634 0.843732 0.701413 0.818059 0.658355 0.810062 0.860723 0.495037
threshold=0 1.0000000180025095e-35 1.057650148868561 1.7370213866233828 1 0.060650000000000003 2 29.500000000000004 1.8669155092592595 17.500000000000004 0.53923076923076929 182.10000000000002 0.19000000000000003 3
decision_type=9 2 2 2 9 2 9 2 2 2 10 2 8 9
left_child=1 -1 -2 6 -5 -6 8 -8 10 -10 11 12 -4 -14
right_child=2 -3 3 4 5 -7 7 -9 9 -11 -12 -13 13 -15
leaf_value=-6.6960114235808322e-05 -0.0006562105270172989 -0.0023750795676981606 0.0028348593339919607 -0.00054624280382924812 0.0027250428492915256 -0.00091332373579673795 0.0006305406826762987 -0.0014722835604620516 -0.0026295913315050631 -0.00041036169133132393 -0.00078039283699023719 -0.001813452912835242 -0.0012846113532418157 0.0008038849845372056
leaf_weight=231 551 127 172 1843 191 146 2788 183 182 837 419 109 113 630
leaf_count=231 551 127 172 1843 191 146 2788 183 182 837 419 109 113 630
internal_value=-3.72964e-05 -0.000861693 -9.01383e-08 4.73972e-05 -0.00028672 0.00111567 0.000181462 0.000499336 -0.000203331 -0.00080673 0.000221361 0.000631258 0.000922486 0.000479784
internal_weight=8522 358 8164 7613 2180 337 5433 2971 2462 1019 1443 1024 915 743
internal_count=8522 358 8164 7613 2180 337 5433 2971 2462 1019 1443 1024 915 743
cat_boundaries=0 1 2 3 4
cat_threshold=262605 49 3313012768 1075314688
is_linear=0
shrinkage=0.03


Tree=118
num_leaves=15
num_cat=2
split_feature=25 25 1 0 30 30 35 0 37 38 24 38 38 30
split_gain=0.381082 0.617722 0.983903 0.622884 0.516005 0.503365 0.466131 0.414015 0.381721 0.560837 0.486261 0.403584 0.64272 0.620179
threshold=0.22290322580645164 0.20937500000000003 58.500000000000007 6.5000000000000009 47.050000000000004 117.50000000000001 0 17.500000000000004 1 1.6207413077354433 194.20583333333272 1.6598359346389773 1.3781748414039614 160.02500000000003
decision_type=10 8 2 2 2 2 1 2 9 2 10 2 2 2
left_child=1 3 -3 4 -1 -6 -5 8 9 10 -2 12 -10 -13
right_child=7 2 -4 6 5 -7 -8 -9 11 -11 -12 13 -14 -15
leaf_value=-0.00082552441181614987 0.0012197155334121945 0.00043990270375624435 0.0040339403713122012 0.00017580680968119885 0.0026872564972993934 0.00018872911241132675 -0.0013210660766231493 -0.0019823446608405282 -0.00032511197718564582 0.0023868400020938779 -0.0015304361995762197 -0.00098266871935262273 0.0003969971128126975 4.3115339431744508e-05
leaf_weight=100 126 218 100 475 177 123 299 107 2412 135 107 1116 2054 1011
leaf_count=100 126 218 100 475 177 123 299 107 2412 135 107 1116 2054 1011
internal_value=-3.84476e-05 0.000397222 0.0015701 7.95251e-05 0.00104076 0.00166286 -0.000417239 -0.000130414 -0.000101947 0.000825796 -4.32297e-05 -0.000154749 7e-06 -0.000495096
internal_weight=8560 1492 318 1174 400 300 774 7068 6961 368 233 6593 4466 2127
internal_count=8560 1492 318 1174 400 300 774 7068 6961 368 233 6593 4466 2127
cat_boundaries=0 1 2
cat_threshold=14 135270738
is_linear=0
shrinkage=0.03


Tree=119
num_leaves=15
num_cat=3
split_feature=31 37 30 32 23 28 36 35 30 24 24 0 5 32
split_gain=0.307164 0.452248 0.394091 0.64081 0.501658 0.553668 0.340345 0.560351 0.462467 0.660553 0.729912 0.54233 0.372335 0.37105
threshold=2.292361087676754 0 327.65000000000003 29.500000000000004 181.50000000000003 2.1946817129629634 1 2 173.37500000000003 244.63599999999747 179.81983333332701 8.5000000000000018 0.15110000000000004 22.500000000000004
decision_type=10 9 2 2 2 2 9 1 2 10 10 2 2 2
left_child=-1 2 3 4 6 -6 -2 8 12 10 11 -10 -8 -11
right_child=1 -3 -4 -5 5 -7 7 -9 9 13 -12 -13 -14 -15
leaf_value=0.00017192315744020845 0.0011077391002523042 -0.00079367064869236795 0.0014326196899483296 -0.0024048089555820779 -0.0028698291118655884 7.6311695676772521e-06 0.00044271818787954676 -0.0016081149430184284 -0.0011860546040168003 0.0001220288610384437 -0.0031079523815565461 0.0013122640191204481 0.0027361804413875298 0.0020396017550747074
leaf_weight=5599 311 833 166 102 105 141 162 157 201 262 103 128 105 139
leaf_count=5599 311 833 166 102 105 141 162 157 201 262 103 128 105 139
internal_value=4.19051e-05 -0.000207828 3.02326e-05 -9.11108e-05 3.89869e-05 -0.00122055 0.000236593 1.215e-05 0.00025581 -9.01201e-05 -0.000904042 -0.000214064 0.00134464 0.000786724
internal_weight=8514 2915 2082 1916 1814 246 1568 1257 1100 833 432 329 267 401
internal_count=8514 2915 2082 1916 1814 246 1568 1257 1100 833 432 329 267 401
cat_boundaries=0 1 2 3
cat_threshold=461379640 20 11
is_linear=0
shrinkage=0.03


Tree=120
num_leaves=15
num_cat=2
split_feature=37 0 38 23 24 28 27 38 24 27 37 28 38 23
split_gain=0.629484 0.601976 0.586092 1.30394 0.482092 0.855491 0.572931 0.554664 0.59873 0.530555 0.568574 0.642427 0.492982 0.742948
threshold=0 11.500000000000002 1.7637137174606325 119.50000000000001 179.81983333332701 20.464664351851855 29.165914351851857 1.057650148868561 164.70933333333156 30.512980324074078 1 14.642100694444446 1.3405699729919436 93.500000000000014
decision_type=9 2 2 2 10 2 2 2 10 2 9 2 2 2
left_child=2 4 3 -1 7 6 12 -2 9 10 11 -9 13 -6
right_child=1 -3 -4 -5 5 -7 -8 8 -10 -11 -12 -13 -14 -15
leaf_value=-0.00044462080525945434 -0.00067430417602599968 -0.00061544773570949786 -0.0013230269119269512 0.0027729033844755779 0.0019170003081540456 0.0017188877132111582 0.00049911188845377919 0.001773184022611134 0.0023777870688209079 -0.0015132722446057748 0.00033219065228891239 -0.00078762773810220614 -0.00094630484303562744 -0.00071276293932854336
leaf_weight=1321 347 857 545 124 155 211 595 550 160 114 2143 105 1060 257
leaf_count=1321 347 857 545 124 155 211 595 550 160 114 2143 105 1060 257
internal_value=-1.63574e-05 0.000125654 -0.000482277 -0.000168515 0.000237359 -0.000100734 -0.000286481 0.000462622 0.000591045 0.000492872 0.000574609 0.00134218 -0.000604027 0.00027659
internal_weight=8544 6554 1990 1445 5697 2278 2067 3419 3072 2912 2798 655 1472 412
internal_count=8544 6554 1990 1445 5697 2278 2067 3419 3072 2912 2798 655 1472 412
cat_boundaries=0 1 2
cat_threshold=1686655540 36710720
is_linear=0
shrinkage=0.03


Tree=121
num_leaves=15
num_cat=0
split_feature=38 25 21 13 5 26 21 0 24 31 22 32 2 23
split_gain=0.284341 0.260116 0.73621 0.678846 0.79069 0.719656 0.50115 0.452908 0.329483 0.539655 0.31556 0.501726 0.292083 0.508713
threshold=0.86533108353614818 0.24195121951219514 50.500000000000007 1.0000000180025095e-35 0.10265000000000002 0.020869565217391309 26.833333333333339 17.500000000000004 39.46533333333501 1.0823369463999704 3478.5500000000006 6.5000000000000009 1.0000000180025095e-35 137.00000000000003
decision_type=2 10 2 2 2 8 2 2 10 10 2 2 2 2
left_child=-1 2 3 6 5 -5 -2 12 9 -4 -10 -12 -3 -14
right_child=1 7 8 4 -6 -7 -8 -9 10 -11 11 -13 13 -15
leaf_value=-0.0015570460223952437 0.0010109979180851951 7.1662667205175148e-05 -0.00039466568546968074 0.003345309951470699 -0.0015303443280208738 9.3201136782388141e-05 0.0037045114583790645 -0.0020052678382265956 -0.0010444136144316541 0.0018248567843509365 0.0013923878004964165 -0.00099520787814511881 -4.727202449331561e-05 -0.00157649357109228
leaf_weight=101 120 5640 221 100 128 158 129 104 397 178 162 155 662 278
leaf_count=101 120 5640 221 100 128 158 129 104 397 178 162 155 662 278
internal_value=2.52741e-05 4.42274e-05 0.000370054 0.00118516 0.000397339 0.00135371 0.00240643 -4.09829e-05 -9.49858e-05 0.000595497 -0.000480844 0.000224951 -9.93645e-06 -0.000499531
internal_weight=8533 8432 1748 635 386 258 249 6684 1113 399 714 317 6580 940
internal_count=8533 8432 1748 635 386 258 249 6684 1113 399 714 317 6580 940
is_linear=0
shrinkage=0.03


Tree=122
num_leaves=15
num_cat=3
split_feature=26 0 24 37 17 24 25 37 36 32 30 16 1 25
split_gain=0.331672 0.356548 0.656665 0.597217 0.491185 0.624686 0.511373 0.450383 0.579767 0.533727 0.524877 0.566734 0.473022 0.4585
threshold=0.23000000000000001 11.500000000000002 3.7850000000000006 0 3.5000000000000004 533.18250000001296 0.49489795918367352 1 2 1.0000000180025095e-35 123.50000000000001 1.0000000180025095e-35 83.500000000000014 0.43223443223443231
decision_type=8 2 10 9 2 10 10 9 9 2 2 2 2 10
left_child=1 4 -3 -4 5 7 -7 8 -1 -9 12 -12 13 -10
right_child=-2 2 3 -5 -6 6 -8 9 10 -11 11 -13 -14 -15
leaf_value=-0.0011089428873457556 0.0016446545604350312 -0.0024111154495277537 0.0011833910115630081 -0.00061590051157263046 0.0020255142520395441 0.00019223605639972658 -0.0022303441673575432 0.0015806642095299924 0.0026644744469548863 -0.00010715876283071866 -0.00044480498085009318 0.0020070804879069328 -0.00014770978702393573 0.00064598083083148834
leaf_weight=151 105 147 197 840 109 129 200 174 279 5453 371 110 127 159
leaf_count=151 105 147 197 840 109 129 200 174 279 5453 371 110 127 159
internal_value=-3.10528e-05 -5.18851e-05 -0.000534618 -0.000268615 2.68199e-05 -3.63693e-06 -0.00128046 5.79214e-05 0.000583725 -5.48698e-05 0.000836266 0.000115917 0.00146432 0.00193173
internal_weight=8551 8446 1184 1037 7262 7153 329 6824 1197 5627 1046 481 565 438
internal_count=8551 8446 1184 1037 7262 7153 329 6824 1197 5627 1046 481 565 438
cat_boundaries=0 1 2 3
cat_threshold=1151336576 406335808 34
is_linear=0
shrinkage=0.03


Tree=123
num_leaves=15
num_cat=4
split_feature=25 37 37 14 5 27 35 0 0 37 30 27 24 24
split_gain=0.356438 0.628077 0.361308 0.430422 0.667973 0.418111 0.486924 0.428543 0.384622 0.422076 0.350393 0.400197 0.425739 0.384453
threshold=0.24195121951219514 0 1 1.5000000000000002 0.10265000000000002 13.99941550925926 2 12.500000000000002 6.5000000000000009 3 309.12500000000006 30.512980324074078 194.20583333333272 275.2264999999968
decision_type=10 9 9 2 2 2 1 2 2 9 2 2 10 10
left_child=1 -1 10 4 -4 8 7 -7 -5 -10 11 -2 -13 -14
right_child=2 -3 3 5 -6 6 -8 -9 9 -11 -12 12 13 -15
leaf_value=0.0025478174936454574 9.5520004567056457e-05 0.00022066987186742507 -0.00053776757832726138 -0.00091200399518685967 0.0025354434465861306 -0.00035907843683859349 -0.0020453933821153367 -0.0021580935258295061 0.0021187286453953542 3.0647999290040282e-05 0.0012255756286989657 -0.0018555310657697173 0.0013610837101620042 -0.00098338556950611439
leaf_weight=102 3737 1641 153 268 109 963 249 136 102 405 218 206 106 155
leaf_count=102 3737 1641 153 268 109 963 249 136 102 405 218 206 106 155
internal_value=-1.00514e-05 0.000372738 -0.000108068 -0.000404746 0.000740782 -0.000548022 -0.000867248 -0.000576459 7.22511e-06 0.000493129 5.27402e-05 -7.9522e-06 -0.000835951 -3.12256e-05
internal_weight=8550 1743 6807 2385 262 2123 1348 1099 775 507 4422 4204 467 261
internal_count=8550 1743 6807 2385 262 2123 1348 1099 775 507 4422 4204 467 261
cat_boundaries=0 1 2 3 4
cat_threshold=2098178 1246255834 7 9437216
is_linear=0
shrinkage=0.03


Tree=124
num_leaves=15
num_cat=1
split_feature=33 21 37 22 28 21 16 0 31 25 38 31 28 21
split_gain=0.319586 0.837942 0.876565 0.858007 0.678398 0.643143 1.36093 0.524558 0.442726 0.46444 0.611516 0.442042 0.426011 0.378438
threshold=1.0000000180025095e-35 155.35833333333338 0 1725.48125 0.71781828703703721 182.54166666666669 1.0000000180025095e-35 6.5000000000000009 5.1020956475013444 0.62481481481481493 1.3745623230934145 6.0013333333333341 1.8198611111111114 91.450000000000003
decision_type=2 2 9 2 2 2 2 2 8 8 2 8 2 2
left_child=5 2 -2 7 -5 8 -7 12 9 -1 -11 -10 -4 -9
right_child=1 -3 3 4 -6 6 -8 13 11 10 -12 -13 -14 -15
leaf_value=-0.0001811912296454517 0.0023929595330739583 -0.0016701379335559482 -0.0018712371831319881 0.00036786073389324687 0.0028819759082857914 -0.0011552638786442176 0.0032719022951616375 1.7126375275911297e-05 -0.0024379198615181101 -0.00021021549629071599 0.002417899232633336 -0.00054029014027221064 0.00019122841630169019 0.0019394000348660889
leaf_weight=5408 186 176 233 222 171 111 143 629 138 174 147 554 147 108
leaf_count=5408 186 176 233 222 171 111 143 629 138 174 147 554 147 108
internal_value=-4.62426e-05 0.00030016 0.000504624 0.000254489 0.00146179 -0.000143391 0.0013372 -0.000168004 -0.00020196 -0.000115383 0.000993314 -0.000918719 -0.00107339 0.000298816
internal_weight=8547 1872 1696 1510 393 6675 254 1117 6421 5729 321 692 380 737
internal_count=8547 1872 1696 1510 393 6675 254 1117 6421 5729 321 692 380 737
cat_boundaries=0 1
cat_threshold=144703490
is_linear=0
shrinkage=0.03


Tree=125
num_leaves=15
num_cat=1
split_feature=24 30 22 1 37 31 31 1 38 24 1 25 30 27
split_gain=0.317393 0.573585 0.618176 0.545137 0.395079 0.520861 0.511033 0.442502 0.494767 0.482454 0.427913 0.379914 0.425373 0.448046
threshold=468.26983333333635 258.77500000000003 1349.3500000000001 29.500000000000004 0 8.173220338983052 2.308391608391609 2.5000000000000004 1.3064406514167788 180.65499999999597 100.50000000000001 0.7129411764705883 296.02500000000003 30.512980324074078
decision_type=10 2 2 2 9 10 8 2 2 8 2 8 2 2
left_child=4 2 -2 -4 6 7 10 8 -6 -10 -1 12 13 -9
right_child=1 -3 3 -5 5 -7 -8 11 9 -11 -12 -13 -14 -15
leaf_value=-0.00024326819068654906 -0.0030951753459047783 0.00064621459541376667 -0.0021546427558309265 0.00071378003188368418 -0.00065632960789567118 0.0019110409624408932 -0.0011072891457455166 0.00010981095458964867 0.003345719922733094 0.0007534430944360792 0.0013095838081232311 0.0011714610594316143 -0.0010997349424037438 -0.0010269056394898663
leaf_weight=1417 129 180 105 138 107 144 581 4383 105 168 180 243 321 336
leaf_count=1417 129 180 105 138 107 144 581 4383 105 168 180 243 321 336
internal_value=-4.82913e-05 -0.000744012 -0.0014167 -0.000525662 -1.96372e-07 0.000129062 -0.00034384 8.39772e-05 0.00107277 0.00175047 -6.82442e-05 1.28547e-05 -4.30067e-05 2.8875e-05
internal_weight=8537 552 372 243 7985 5807 2178 5663 380 273 1597 5283 5040 4719
internal_count=8537 552 372 243 7985 5807 2178 5663 380 273 1597 5283 5040 4719
cat_boundaries=0 1
cat_threshold=3825504957
is_linear=0
shrinkage=0.03


Tree=126
num_leaves=15
num_cat=0
split_feature=28 28 32 21 38 28 32 23 7 21 25 29 13 25
split_gain=0.348412 0.59226 0.492698 0.452593 0.329638 0.333633 0.662142 0.619548 0.52301 0.810405 0.49128 0.486097 0.44192 0.377086
threshold=20.991348379629631 15.638628472222225 20.500000000000004 86.083333333333357 1.1452581882476809 4.1058854166666672 23.500000000000004 170.50000000000003 1.5000000000000002 120.05833333333335 0.47913043478260875 2.5000000000000004 1.0000000180025095e-35 0.4497297297297298
decision_type=2 2 2 2 2 2 2 2 2 2 10 2 2 8
left_child=1 4 -2 -3 -1 7 11 8 -6 -10 -8 -7 -9 -13
right_child=2 3 -4 -5 5 6 10 12 9 -11 -12 13 -14 -15
leaf_value=-0.00054025944565918986 0.0022913209362292386 -0.00016724883584781007 -0.00012034640280692558 -0.0025257421778077447 -6.3928354516172185e-05 0.00038576238810229542 -0.0025056294960784722 0.0003130183615721762 0.0017967411190624196 -0.0010362640417934882 -5.3691476515013542e-05 0.0029093506653556848 -0.0020991611035100911 0.00093282346889896972
leaf_weight=882 141 144 166 149 4461 1108 100 100 326 126 278 134 216 247
leaf_count=882 141 144 166 149 4461 1108 100 100 326 126 278 134 216 247
internal_value=-5.10219e-06 -4.19375e-05 0.000987292 -0.00136662 6.71272e-06 7.46988e-05 0.000418959 -4.82182e-05 3.45988e-05 0.00100701 -0.000702352 0.000703617 -0.00133581 0.00162798
internal_weight=8578 8271 307 293 7978 7096 1867 5229 4913 452 378 1489 316 381
internal_count=8578 8271 307 293 7978 7096 1867 5229 4913 452 378 1489 316 381
is_linear=0
shrinkage=0.03


Tree=127
num_leaves=15
num_cat=1
split_feature=25 37 13 0 25 21 21 30 30 27 5 28 2 25
split_gain=0.315409 0.620175 0.754503 0.607114 0.550828 0.518149 0.516157 0.633008 0.503401 0.470372 0.441087 0.435787 0.415208 0.378438
threshold=0.24195121951219514 0 0.50000000000000011 6.5000000000000009 0.20937500000000003 155.35833333333338 63.166666666666679 85.500000000000014 327.65000000000003 30.512980324074078 0.15470000000000003 2.6342824074074076 1.0000000180025095e-35 0.19000000000000003
decision_type=10 9 2 2 8 2 2 2 2 2 2 2 2 10
left_child=3 5 10 6 13 8 -1 -8 9 12 -3 -9 -2 -5
right_child=1 2 -4 4 -6 -7 7 11 -10 -11 -12 -13 -14 -15
leaf_value=0.0021901375694796141 0.00016157722790858129 -0.00051491179778133194 0.001603577971559829 -0.00016171673077333253 0.00089147353361323958 0.0015807840535381195 -0.001341543458497579 0.0026362680988753899 0.0016424154986604544 -0.0010385509051149711 -0.0017362953245558983 -6.2917117097908079e-05 -0.0005987509198472871 -0.00180378035036847
leaf_weight=247 3846 997 124 600 380 194 122 114 163 400 363 102 777 160
leaf_count=247 3846 997 124 600 380 194 122 114 163 400 363 102 777 160
internal_value=-5.93646e-07 -9.17303e-05 -0.000632395 0.000362051 -4.11184e-05 5.84716e-05 0.00114771 0.000385943 1.63708e-06 -5.16074e-05 -0.000840913 0.00136165 3.37868e-05 -0.000507414
internal_weight=8589 6864 1484 1725 1140 5380 585 338 5186 5023 1360 216 4623 760
internal_count=8589 6864 1484 1725 1140 5380 585 338 5186 5023 1360 216 4623 760
cat_boundaries=0 1
cat_threshold=507537896
is_linear=0
shrinkage=0.03


Tree=128
num_leaves=15
num_cat=2
split_feature=31 38 31 31 37 35 1 27 38 28 0 38 1 21
split_gain=0.343288 0.882756 0.763165 0.499569 0.558329 0.749073 0.586554 1.32689 0.827532 0.677763 0.581065 0.568147 0.475083 1.15164
threshold=2.4757543249946594 2.0029230117797856 2.4177913468856578 2.546372464368829 0 1 27.500000000000004 13.999322916666669 1.7337163090705874 11.637245370370371 5.5000000000000009 1.6138998270034792 12.500000000000002 119.50000000000001
decision_type=8 2 10 8 9 1 2 2 2 2 2 2 2 2
left_child=2 3 12 -2 5 -5 9 -8 11 10 -7 -9 13 -1
right_child=1 -3 -4 4 -6 6 7 8 -10 -11 -12 -13 -14 -15
leaf_value=0.0012497170294675682 -0.0022006079522376596 0.0018976748996953432 0.0027795208292081949 0.0019202558291532721 -0.00082390797714812351 0.0014390151996273679 0.0035567635587118204 -4.0702142384268924e-05 -0.0017334310648497192 -0.0026202795427564744 -0.00095826124514030971 0.0020588457784465244 1.7892229146581668e-05 -0.00092859267678561507
leaf_weight=867 122 171 102 170 925 127 103 461 200 148 321 155 4381 292
leaf_count=867 122 171 102 170 925 127 103 461 200 148 321 155 4381 292
internal_value=7.17311e-05 -0.000193355 0.000208127 -0.000324236 -0.000236528 9.02747e-05 -0.000126315 0.000348224 -5.67755e-05 -0.000860148 -0.000278676 0.000487593 0.000160784 0.000700911
internal_weight=8545 2903 5642 2732 2610 1685 1515 919 816 596 448 616 5540 1159
internal_count=8545 2903 5642 2732 2610 1685 1515 919 816 596 448 616 5540 1159
cat_boundaries=0 1 2
cat_threshold=461408880 2
is_linear=0
shrinkage=0.03


Tree=129
num_leaves=15
num_cat=2
split_feature=38 24 31 31 28 37 1 31 17 25 25 30 37 28
split_gain=0.476528 0.389674 0.570329 0.426474 0.919872 0.336091 1.2502 0.331353 0.600172 0.478948 0.648183 0.471404 0.412091 0.902766
threshold=2.1859767436981206 1.8535000000000084 1.9617718730540388 0.35714348202647267 2.0469849537037041 0 27.500000000000004 1.0823369463999704 1.5000000000000002 0.24195121951219514 0.20937500000000003 134.50000000000003 1 1.0000000180025095e-35
decision_type=2 8 8 8 2 9 2 10 2 10 8 2 9 2
left_child=1 2 -1 4 -3 6 -5 8 11 10 -9 12 13 -7
right_child=-2 3 -4 5 -6 7 -8 9 -10 -11 -12 -13 -14 -15
leaf_value=-0.0027029114130299346 0.0015826893088885876 -0.00012298677262307249 0.00038255591047927734 -0.00098915145882139252 0.0033966190435547523 0.0013768484658936446 0.0033174649131699251 1.9688115193997318e-05 -0.002290567588364093 -7.3337714945494672e-05 0.0017598925004476767 -0.0021666772864810235 -0.00057097094759516224 -0.0011425210570688454
leaf_weight=117 169 187 100 126 104 369 117 484 146 5315 320 109 749 196
leaf_count=117 169 187 100 126 104 369 117 484 146 5315 320 109 749 196
internal_value=5.381e-06 -2.62063e-05 -0.00128104 6.91196e-06 0.00113488 -3.44748e-05 0.00104154 -6.97493e-05 -0.000458786 2.98913e-05 0.000712307 -0.000270845 -0.00011358 0.000494127
internal_weight=8608 8439 217 8222 291 7931 243 7688 1569 6119 804 1423 1314 565
internal_count=8608 8439 217 8222 291 7931 243 7688 1569 6119 804 1423 1314 565
cat_boundaries=0 1 2
cat_threshold=135266368 2217230354
is_linear=0
shrinkage=0.03


Tree=130
num_leaves=15
num_cat=1
split_feature=37 33 21 31 28 5 0 25 22 25 5 27 23 31
split_gain=0.402321 0.452094 0.775892 0.72803 0.862224 0.625165 0.471996 0.541005 0.609617 0.541364 0.507632 0.592612 0.484081 0.552667
threshold=0 1.0000000180025095e-35 150.85000000000002 1.16811088898138 1.0800810185185188 0.15470000000000003 14.500000000000002 0.39791666666666675 1650.9240000000002 0.61769230769230787 0.054100000000000002 13.999716435185187 137.00000000000003 4.1843694096601078
decision_type=9 2 2 10 2 2 2 10 2 10 2 2 2 10
left_child=1 6 3 -3 5 -5 7 10 9 -9 11 -1 -10 -14
right_child=-2 2 -4 4 -6 -7 -8 8 12 -11 -12 -13 13 -15
leaf_value=0.00023901994039425667 -0.00014012758857208867 0.0035776497851798517 -0.0014172426921625931 -0.001241737720605574 0.0021807421827387172 0.0016887565717566757 -0.0014992028750575983 0.00023337512582855804 1.6313479054956956e-05 0.0023531216555420539 -0.00015268694410884849 0.0022696277549053394 -0.0017504033778719271 0.000614781185630304
leaf_weight=223 4437 108 108 190 247 100 154 1125 666 120 285 308 392 115
leaf_count=223 4437 108 108 190 247 100 154 1125 666 120 285 308 392 115
internal_value=5.82942e-05 0.000270584 0.000936139 0.00133019 0.000878191 -0.000231222 0.00012346 0.000200729 -2.46782e-05 0.000437688 0.000868665 0.00141685 -0.000515425 -0.00121392
internal_weight=8578 4141 753 645 537 290 3388 3234 2418 1245 816 531 1173 507
internal_count=8578 4141 753 645 537 290 3388 3234 2418 1245 816 531 1173 507
cat_boundaries=0 1
cat_threshold=1496329290
is_linear=0
shrinkage=0.03


Tree=131
num_leaves=15
num_cat=1
split_feature=38 14 1 25 37 38 5 0 30 38 1 22 38 26
split_gain=0.437792 1.12789 0.679757 0.689165 0.561602 0.515278 0.414994 0.38884 0.393697 0.330434 0.923912 1.11995 0.528934 0.706044
threshold=1.9379359483718874 1.5000000000000002 111.50000000000001 0.37750000000000006 0 2.075095653533936 0.91665000000000008 9.5000000000000018 48.500000000000007 1.7399903535842898 17.500000000000004 1274.8447500000002 1.5384399294853213 1.0000000180025095e-35
decision_type=2 2 2 10 9 2 2 2 2 2 2 2 2 8
left_child=4 -2 3 5 7 -3 9 8 -1 12 11 -11 -6 -14
right_child=1 2 -4 -5 6 -7 -8 -9 -10 10 -12 -13 13 -15
leaf_value=0.0011492735512393455 0.0028089650695469104 0.0016618978730955367 0.002340447550179918 -0.001492606991843786 -0.00011227190402641114 -0.00096755847308991694 0.0018552641334691057 -0.0019570310985025196 -0.0013490493756160139 0.0031391319739291581 -0.00098552679884971253 -0.00077793146201231051 0.0013550507481156205 6.0779787952577096e-05
leaf_weight=104 174 177 101 250 4392 108 107 232 125 123 847 141 585 1079
leaf_count=104 174 177 101 250 4392 108 107 232 125 123 847 141 585 1079
internal_value=5.13749e-06 0.000668707 8.31652e-05 -0.000342976 -6.43508e-05 0.000665472 7.39269e-07 -0.00106823 -0.00021444 -2.69469e-05 -0.000502535 0.00104706 6.03018e-05 0.000515797
internal_weight=8545 810 636 535 7735 285 7274 461 229 7167 1111 264 6056 1664
internal_count=8545 810 636 535 7735 285 7274 461 229 7167 1111 264 6056 1664
cat_boundaries=0 1
cat_threshold=555745288
is_linear=0
shrinkage=0.03


Tree=132
num_leaves=15
num_cat=4
split_feature=35 30 37 0 37 27 0 38 27 27 37 30 30 30
split_gain=0.273117 0.679435 0.528839 1.61979 0.496183 0.775524 0.418162 0.57507 0.393043 1.74913 0.574198 0.517977 0.510292 0.819855
threshold=0 304.85000000000008 1 6.5000000000000009 2 17.423611111111114 3.5000000000000004 1.6138998270034792 13.999334490740742 13.957795138888892 3 38.165000000000006 110.50000000000001 83.500000000000014
decision_type=1 2 9 2 9 2 2 2 2 2 9 2 2 2
left_child=2 4 3 -1 -2 -6 7 -4 9 -8 -10 -12 13 -13
right_child=1 -3 6 -5 5 -7 8 -9 10 -11 11 12 -14 -15
leaf_value=0.0041640237279252368 -0.00067395542899110334 -0.0026079219158793104 -2.3841055184935354e-05 -0.00040219588909001851 -2.2490014519072637e-05 0.0022018622039808203 0.00016559458844784527 -0.0025702981005616171 0.00020474519735313998 0.0036453850853984671 -0.0020736816204278857 -0.00067181457184948201 -0.0010769633349310983 0.0022412334990764217
leaf_weight=116 964 103 224 176 1680 154 935 124 3020 151 185 215 372 146
leaf_count=116 964 103 224 176 1680 154 935 124 3020 151 185 215 372 146
internal_value=2.2022e-05 -0.000214272 0.000143173 0.00136503 -0.000126922 0.000163397 7.43447e-05 -0.000931199 0.000144144 0.000649433 4.79849e-06 -0.000648148 -0.000297204 0.000506316
internal_weight=8565 2901 5664 292 2798 1834 5372 348 5024 1086 3938 918 733 361
internal_count=8565 2901 5664 292 2798 1834 5372 348 5024 1086 3938 918 733 361
cat_boundaries=0 1 2 3 4
cat_threshold=26 136347656 721463838 3259500546
is_linear=0
shrinkage=0.03


Tree=133
num_leaves=15
num_cat=3
split_feature=0 37 0 27 30 1 27 38 24 30 37 23 37 1
split_gain=0.407256 0.790035 0.385068 0.376099 0.921737 0.445435 0.466646 0.521903 0.469047 0.413344 0.548058 0.498611 0.490718 0.490222
threshold=11.500000000000002 0 17.500000000000004 29.165914351851857 289.02500000000003 1.0000000180025095e-35 29.999218750000001 1.5703465938568117 194.20583333333272 121.50000000000001 1 186.50000000000003 2 21.500000000000004
decision_type=2 9 2 2 2 2 2 2 10 2 9 2 9 2
left_child=3 2 -2 9 5 -5 7 -7 -8 10 -1 12 -11 -12
right_child=1 -3 -4 4 -6 6 8 -9 -10 11 13 -13 -14 -15
leaf_value=0.00084784583849045801 -0.00094435535771250016 0.00026272264791105815 -0.0029314039848478777 0.0020892859881743789 0.0027708635635208339 -0.00024464852021859458 -0.0017648718680720776 0.0026424391557184905 0.0001483465120585147 -3.3099931895086573e-05 0.00056443804006237118 -0.001951121421582436 -0.0011784332758882118 -0.00030426025896432025
leaf_weight=858 535 593 105 100 150 123 184 104 309 2368 868 154 383 1791
leaf_count=858 535 593 105 100 150 123 184 104 309 2368 868 154 383 1791
internal_value=-2.61565e-05 -0.000530905 -0.00125081 5.80366e-05 0.000608642 0.000213114 -4.74659e-05 0.00107807 -0.000565715 -2.51287e-05 0.000193612 -0.000289951 -0.00019696 -2.06062e-05
internal_weight=8625 1233 640 7392 970 820 720 227 493 6422 3517 2905 2751 2659
internal_count=8625 1233 640 7392 970 820 720 227 493 6422 3517 2905 2751 2659
cat_boundaries=0 1 2 3
cat_threshold=276305922 2503475200 2554333184
is_linear=0
shrinkage=0.03


Tree=134
num_leaves=15
num_cat=4
split_feature=22 0 37 1 27 30 30 27 37 5 23 5 35 37
split_gain=0.375523 0.278177 0.825114 0.490361 0.49871 0.926713 0.41775 0.415385 0.317966 0.380571 0.634868 0.598726 0.507897 0.451799
threshold=14292.450000000003 5.5000000000000009 0 115.50000000000001 11.312019675925928 49.500000000000007 74.250000000000014 8.9101967592592608 1 0.15470000000000003 13.500000000000002 0.31010000000000004 2 3
decision_type=2 2 9 2 2 2 2 2 9 2 2 2 1 9
left_child=1 2 -1 4 7 -6 -7 -4 -3 10 -10 12 -11 -13
right_child=-2 8 3 -5 5 6 -8 -9 9 11 -12 13 -14 -15
leaf_value=0.0026235902001958905 -0.0017892624637506041 -0.00043958626076771981 -6.855752750431211e-05 0.0020351662681860646 0.0021096211581183508 -0.001570619432372041 0.00013118352712544653 -0.002680999633756656 0.002235254575648079 0.00086263547172648431 0.00016462783863702566 -0.0014152915489018683 -0.0013765985178689607 0.00031470349634185271
leaf_weight=122 104 1588 117 119 206 145 1240 103 140 105 2771 145 543 1095
leaf_count=122 104 1588 117 119 206 145 1240 103 140 105 2771 145 543 1095
internal_value=2.42804e-06 2.45084e-05 0.000328384 0.00016883 4.71262e-05 0.00023225 -4.69836e-05 -0.00129166 -7.31201e-05 4.89583e-05 0.000264211 -0.000282669 -0.00102169 0.00010353
internal_weight=8543 8439 2052 1930 1811 1591 1385 220 6387 4799 2911 1888 648 1240
internal_count=8543 8439 2052 1930 1811 1591 1385 220 6387 4799 2911 1888 648 1240
cat_boundaries=0 1 2 3 4
cat_threshold=169869312 2936017539 2 2637840
is_linear=0
shrinkage=0.03


Tree=135
num_leaves=15
num_cat=2
split_feature=2 27 22 37 28 5 23 37 13 22 22 31 24 22
split_gain=0.452859 0.501439 0.353602 0.484767 0.351027 0.349347 0.378678 0.321003 0.602523 0.872903 0.479371 0.453245 0.503074 0.597968
threshold=1.0000000180025095e-35 11.66547453703704 1443.4020000000003 0 25.616458333333338 0.23305000000000003 135.50000000000003 1 0.50000000000000011 1095.0500000000004 698.6912500000002 1.1585652028159574 46.346166666668147 102.42400000000002
decision_type=2 2 2 9 2 2 2 9 2 2 2 8 10 2
left_child=4 -2 3 -3 7 6 -4 8 10 -10 11 -1 13 -13
right_child=1 2 5 -5 -6 -7 -8 -9 9 -11 -12 12 -14 -15
leaf_value=-0.0006219806801527739 0.0013751139273543071 0.0015566124639391139 0.00011859560387493416 -0.00061553838316379399 0.0016278835722962463 -0.0026839188532903789 -0.0018304488052903747 -2.4624297111772451e-05 0.00049973594229086303 0.0038990541748268512 -0.00031230429026886798 0.00058873986103704246 0.00025915098245340312 0.0031918426751153454
leaf_weight=180 115 104 183 485 137 124 176 5386 200 103 824 154 330 164
leaf_count=180 115 104 183 485 137 124 176 5386 200 103 824 154 330 164
internal_value=3.68942e-05 -0.000507465 -0.000709421 -0.000216023 0.000123302 -0.0013111 -0.000836925 9.52227e-05 0.00042336 0.00165528 0.000199971 0.000709772 0.0010797 0.00193122
internal_weight=8665 1187 1072 589 7478 483 359 7341 1955 303 1652 828 648 318
internal_count=8665 1187 1072 589 7478 483 359 7341 1955 303 1652 828 648 318
cat_boundaries=0 1 2
cat_threshold=268443650 293089624
is_linear=0
shrinkage=0.03


Tree=136
num_leaves=15
num_cat=2
split_feature=37 1 27 37 38 32 31 21 13 21 38 21 26 30
split_gain=0.398995 0.363985 0.454478 0.429437 0.399016 0.309377 0.31215 0.264372 0.789729 0.817139 0.515224 0.403397 0.369214 0.418217
threshold=0 152.50000000000003 30.998709490740744 1 1.3981046676635744 6.5000000000000009 0.98907071189679896 118.83333333333336 1.0000000180025095e-35 173.63333333333335 1.5703465938568117 115.93333333333335 1.0000000180025095e-35 222.10000000000002
decision_type=9 2 2 9 2 2 8 2 2 2 2 2 10 2
left_child=5 2 7 -3 -5 6 -1 11 10 12 -9 -2 -10 -14
right_child=1 3 -4 4 -6 -7 -8 8 9 -11 -12 -13 13 -15
leaf_value=0.0010075093597948454 -1.2592548042005363e-05 -0.00028102578597680964 0.001467404649667423 0.00027721814138137484 0.0026429289586194968 -0.0018900417740671679 -0.00072214461037131174 -0.00087345324332795181 -0.0013440992949633962 0.0015192787701054475 -0.003215630755962237 0.0018294632624527181 0.0014558817957731661 -0.00075208429233997219
leaf_weight=116 5821 184 179 110 154 156 493 319 270 250 115 109 132 186
leaf_count=116 5821 184 179 110 154 156 493 319 270 250 115 109 132 186
internal_value=-3.97322e-05 2.45611e-05 -2.5803e-05 0.00085488 0.00159673 -0.000689023 -0.000392687 -6.29155e-05 -0.000455368 8.25795e-05 -0.00149408 2.12665e-05 -0.000528262 0.00016443
internal_weight=8594 7829 7381 448 264 765 609 7202 1272 838 434 5930 588 318
internal_count=8594 7829 7381 448 264 765 609 7202 1272 838 434 5930 588 318
cat_boundaries=0 1 2
cat_threshold=1627390502 268453888
is_linear=0
shrinkage=0.03


Tree=137
num_leaves=15
num_cat=1
split_feature=2 33 21 21 25 1 37 25 23 22 13 21 31 28
split_gain=0.276929 0.432827 0.511471 0.320537 0.406462 0.360073 0.238566 0.297035 1.0347 0.35697 0.548006 0.937898 0.89047 0.956209
threshold=1.0000000180025095e-35 1.0000000180025095e-35 62.500000000000007 55.833333333333336 0.42678571428571432 45.500000000000007 0 0.19000000000000003 19.500000000000004 4649.0500000000011 1.0000000180025095e-35 161.50000000000003 1.783196239717979 4.3569618055555557
decision_type=2 2 2 2 10 2 9 10 2 2 2 2 10 2
left_child=6 3 -3 4 5 -2 -1 8 -8 -9 11 -11 13 -12
right_child=1 2 -4 -5 -6 -7 7 9 -10 10 12 -13 -14 -15
leaf_value=-0.0004036320664627574 0.0019464277907577782 -0.00041969258946483024 0.0022596957833749876 -0.0013130920809231205 -0.0011626468337554898 -0.00029174763813799988 0.0028528868669274983 0.00017483667847533276 0.00013792969455723168 -0.00031086098396917804 4.7762073715660279e-05 -0.0035774454001783217 -0.0014247051822209539 0.0033835976792692718
leaf_weight=796 106 160 107 432 216 166 159 4886 615 240 286 118 223 106
leaf_count=796 106 160 107 432 216 166 159 4886 615 240 286 118 223 106
internal_value=1.61754e-05 -0.000409317 0.00065407 -0.000717931 -0.000191067 0.000580482 8.41603e-05 0.000143091 0.000695653 7.03395e-05 -0.000454402 -0.00138756 8.88001e-05 0.000949799
internal_weight=8616 1187 267 920 488 272 7429 6633 774 5859 973 358 615 392
internal_count=8616 1187 267 920 488 272 7429 6633 774 5859 973 358 615 392
cat_boundaries=0 1
cat_threshold=604836385
is_linear=0
shrinkage=0.03


Tree=138
num_leaves=15
num_cat=2
split_feature=0 37 37 33 23 23 28 22 0 31 22 24 38 5
split_gain=0.415169 0.596243 0.475956 0.419082 0.733237 0.699479 0.819689 0.465785 0.649325 0.93822 0.624498 0.524727 0.507348 0.394761
threshold=11.500000000000002 0 1 1.0000000180025095e-35 42.500000000000007 19.500000000000004 2.6342824074074076 1619.2460000000001 6.5000000000000009 2.1736188001355781 5988.4640000000018 50.714166666665996 1.6834616065025332 0.10265000000000002
decision_type=2 9 9 2 2 2 2 2 2 10 2 10 2 2
left_child=2 -2 -1 5 13 6 -4 8 9 -6 12 -10 -9 -5
right_child=1 -3 3 4 7 -7 -8 10 11 -11 -12 -13 -14 -15
leaf_value=-0.00045013014513448475 -0.00094260724501599299 0.00054153933397987312 0.0025587305526506266 0.00018743571892565372 0.0008611931740729646 -6.6490684957630459e-05 -0.00055850171266490071 0.0040847325240543414 0.0031289512602882962 -0.0026706711019770326 7.4071764732555793e-05 0.0006939561613042779 0.001237668443704024 -0.0019149195206516261
leaf_weight=1348 883 330 201 232 176 4278 122 129 111 110 108 282 100 123
leaf_count=1348 883 330 201 232 176 4278 122 129 111 110 108 282 100 123
internal_value=-2.80943e-05 -0.000542147 5.70896e-05 0.000172045 0.000632715 3.5149e-05 0.00138132 0.00104282 0.000590288 -0.000497216 0.00195459 0.0013817 0.00284147 -0.000540986
internal_weight=8533 1213 7320 5972 1371 4601 323 1016 679 286 337 393 229 355
internal_count=8533 1213 7320 5972 1371 4601 323 1016 679 286 337 393 229 355
cat_boundaries=0 1 2
cat_threshold=2960681216 1713669060
is_linear=0
shrinkage=0.03


Tree=139
num_leaves=15
num_cat=1
split_feature=37 26 24 30 24 38 0 7 25 22 38 28 24 38
split_gain=0.307606 0.329831 0.43099 0.403547 0.232441 0.428323 0.261882 0.495372 0.393911 0.389835 0.478783 0.646412 0.32717 0.396419
threshold=0 0.07571428571428572 54.945166666667397 87.500000000000014 573.08966666666458 1.5703465938568117 11.500000000000002 1.0000000180025095e-35 0.34891304347826091 248.95000000000002 1.2188034653663637 0.783269675925926 30.971166666667418 1.6685470938682558
decision_type=9 8 10 2 8 2 2 2 10 2 2 2 10 2
left_child=1 4 3 -3 6 -6 9 8 -8 10 -1 -12 -9 -14
right_child=-2 2 -4 -5 5 -7 7 12 -10 -11 11 -13 13 -15
leaf_value=-0.00012759707812139918 -0.00035132415552984153 0.0023422343110155106 -0.00031591729543431371 0.00010576162766665221 -0.0019282191397602825 0.00057105531489166125 -0.00019672751693945863 0.0012762225188780575 -0.0025478426592488741 6.1540882779715169e-05 0.00055231918414785084 0.0033104051360351148 0.00022220492952786569 -0.0018900634713370254
leaf_weight=233 1746 197 183 115 144 108 115 150 145 4644 190 128 286 111
leaf_count=233 1746 197 183 115 144 108 115 150 145 4644 190 128 286 111
internal_value=2.43901e-06 9.43401e-05 0.000839939 0.00151789 3.54773e-05 -0.000857102 7.29531e-05 -0.000429831 -0.00150793 0.000151056 0.000905522 0.00166249 8.26087e-05 -0.000368379
internal_weight=8495 6749 495 312 6254 252 6002 807 260 5195 551 318 547 397
internal_count=8495 6749 495 312 6254 252 6002 807 260 5195 551 318 547 397
cat_boundaries=0 1
cat_threshold=2482511170
is_linear=0
shrinkage=0.03


Tree=140
num_leaves=15
num_cat=2
split_feature=8 37 32 1 33 27 22 22 0 22 21 32 37 21
split_gain=0.327724 0.41778 0.792132 0.353686 0.277605 0.469258 0.467997 1.2595 0.671367 0.648283 0.346483 0.377462 0.321799 0.443365
threshold=1.0000000180025095e-35 0 6.5000000000000009 26.500000000000004 1.0000000180025095e-35 6.9996585648148155 1619.2460000000001 2305.2523750000005 6.5000000000000009 900.53750000000014 86.083333333333357 19.500000000000004 1 24.500000000000004
decision_type=2 9 2 2 2 2 2 2 2 2 2 2 9 2
left_child=1 2 -1 -4 5 -3 8 -8 9 -6 11 12 -10 -14
right_child=-2 4 3 -5 6 -7 7 -9 10 -11 -12 -13 13 -15
leaf_value=0.0026641497916231553 -0.001310785993903897 -0.0021494555385673745 0.0012965919604225051 -0.00080759233982383226 -0.00021353350336025673 -9.7800483733626484e-05 0.0038421662048069138 0.00029390201727285748 0.0018089490260999222 -0.0028035334123327855 0.0019351384116522965 -0.0012175602419301867 -0.0011234443122906522 0.0010700024005532412
leaf_weight=153 172 102 118 184 276 6141 113 443 129 127 125 132 151 184
leaf_count=153 172 102 118 184 276 6141 113 443 129 127 125 132 151 184
internal_value=-1.45074e-05 1.21051e-05 0.000886055 1.45724e-05 -3.91528e-05 -0.000131321 0.000303118 0.00101504 -4.90439e-05 -0.00102974 0.00049911 0.00019793 0.000600613 7.89575e-05
internal_weight=8550 8378 455 302 7923 6243 1680 556 1124 403 721 596 464 335
internal_count=8550 8378 455 302 7923 6243 1680 556 1124 403 721 596 464 335
cat_boundaries=0 1 2
cat_threshold=2114624 411041824
is_linear=0
shrinkage=0.03


Tree=141
num_leaves=15
num_cat=2
split_feature=26 38 27 37 0 32 31 32 5 22 31 35 30 27
split_gain=0.407983 0.34489 0.341685 0.459474 0.52017 0.557224 0.384723 0.770312 0.486244 0.380371 0.312785 0.312041 0.483037 0.680392
threshold=0.23000000000000001 0.98565864562988292 13.999959490740741 0 7.5000000000000009 2.5000000000000004 4.1197106291250618 22.500000000000004 0.069050000000000014 650.11983333333342 6.564965103067685 1 277.02500000000003 26.973952546296299
decision_type=8 2 2 9 2 2 8 2 2 2 10 1 2 2
left_child=1 -1 3 4 5 -3 11 8 -8 -7 -5 -4 -13 -14
right_child=-2 2 6 10 -6 9 7 -9 -10 -11 -12 12 13 -15
leaf_value=-0.00097567457602126524 0.0018642443659316215 0.00031603849742095917 0.00084554768964655274 -7.515664462403038e-05 7.8608907256440245e-07 -0.0034750836959218903 0.0031988117189596611 -0.00061971682766822484 0.00060851582330009293 -0.0012759506671882971 0.001417909460853188 0.00016588403345223828 -0.0022748412260292792 0.00016056894955853625
leaf_weight=325 105 100 454 3504 339 131 149 151 116 154 131 2488 188 229
leaf_count=325 105 100 454 3504 339 131 149 151 116 154 131 2488 188 229
internal_value=5.71858e-06 -1.7351e-05 2.09396e-05 -0.000160006 -0.000844499 -0.00161072 0.000229877 0.00109047 0.00206495 -0.00228678 -2.12902e-05 0.000123297 7.48529e-06 -0.00093741
internal_weight=8564 8459 8134 4359 724 385 3775 416 265 285 3635 3359 2905 417
internal_count=8564 8459 8134 4359 724 385 3775 416 265 285 3635 3359 2905 417
cat_boundaries=0 1 2
cat_threshold=740296708 6
is_linear=0
shrinkage=0.03


Tree=142
num_leaves=15
num_cat=2
split_feature=33 22 37 22 22 30 24 30 30 24 37 38 38 38
split_gain=0.287915 0.663594 0.68071 0.627558 0.625811 0.609987 0.42933 0.582305 0.45758 0.452856 0.39246 0.827345 0.560985 0.582449
threshold=1.0000000180025095e-35 6331.4577500000005 0 1619.2460000000001 2305.2523750000005 153.10000000000002 533.18250000001296 330.27500000000003 254.60000000000002 3.2871666666666903 1 1.594687879085541 1.7370213866233828 1.3708519339561465
decision_type=2 2 9 2 2 2 10 2 2 8 9 2 2 2
left_child=6 2 -2 -4 -5 -3 7 9 -8 -1 11 -11 13 -12
right_child=1 5 3 4 -6 -7 8 -9 -10 10 12 -13 -14 -15
leaf_value=-0.0013895613467016534 0.0022722638847036776 0.00057771099032834174 3.0928651408154752e-05 0.0033779075525598515 0.00058076660886279506 -0.0023641868194701943 -0.00032507603548748311 0.0016970956093626392 -0.0027316002877416615 -0.0008188098935175374 -0.00026625062523999768 0.0026639886097594473 -0.00057010558757463511 0.00043213640084395667
leaf_weight=220 180 114 1154 109 212 143 212 176 107 107 1970 144 1432 2365
leaf_count=220 180 114 1154 109 212 143 212 176 107 107 1970 144 1432 2365
internal_value=3.41705e-05 0.000359057 0.000579297 0.000354886 0.00153057 -0.00105922 -5.80889e-05 -4.66407e-06 -0.00113228 -5.26778e-05 -3.80536e-06 0.00113411 -5.52021e-05 0.000114761
internal_weight=8645 1912 1655 1475 321 257 6733 6414 319 6238 6018 251 5767 4335
internal_count=8645 1912 1655 1475 321 257 6733 6414 319 6238 6018 251 5767 4335
cat_boundaries=0 1 2
cat_threshold=144703490 137887809
is_linear=0
shrinkage=0.03


Tree=143
num_leaves=15
num_cat=2
split_feature=28 28 1 21 1 38 28 30 37 27 35 29 21 30
split_gain=0.36011 0.522107 0.400548 0.391328 0.390422 0.333725 0.374552 0.392684 0.40968 0.800329 0.858748 0.472258 0.395319 0.338551
threshold=20.991348379629631 15.638628472222225 55.500000000000007 86.083333333333357 22.500000000000004 0.93009933829307567 14.217910879629631 360.75000000000006 0 17.423611111111114 1 1.0000000180025095e-35 190.00000000000003 318.05000000000007
decision_type=2 2 2 2 2 2 2 2 9 2 1 2 2 2
left_child=1 5 4 -3 -2 -1 7 8 9 10 -7 -12 13 -10
right_child=2 3 -4 -5 -6 6 -8 -9 12 -11 11 -13 -14 -15
leaf_value=-0.0011981721031071118 0.00047583285986226709 -1.419338642408813e-05 -0.00042500521671539596 -0.0021863567076531865 0.0030525080887283279 0.0022319036364266327 0.0017540809695587921 -0.0017703379905673071 -1.4211648170209039e-05 0.0032747247175295619 0.00038811936891653526 -0.0020558553059319301 0.0018017834230775293 0.0016487704285723988
leaf_weight=181 102 137 109 164 110 135 122 102 6769 104 177 119 113 112
leaf_count=181 102 137 109 164 110 135 122 102 6769 104 177 119 113 112
internal_value=6.71278e-05 2.87019e-05 0.00105291 -0.0011977 0.00181279 7.5229e-05 0.000104958 7.85924e-05 0.000103641 0.000895867 0.000342637 -0.000574999 4.16998e-05 1.28562e-05
internal_weight=8556 8235 321 301 212 7934 7753 7631 7529 535 431 296 6994 6881
internal_count=8556 8235 321 301 212 7934 7753 7631 7529 535 431 296 6994 6881
cat_boundaries=0 1 2
cat_threshold=169870080 10
is_linear=0
shrinkage=0.03


Tree=144
num_leaves=15
num_cat=1
split_feature=32 28 5 24 22 38 37 31 38 24 17 38 31 38
split_gain=0.349996 0.602814 0.502468 0.482297 0.459876 0.400779 0.387561 0.909781 1.12079 0.689197 0.416399 0.408567 0.496927 0.527755
threshold=26.500000000000004 10.354369212962965 0.15470000000000003 393.43833333332799 1391.0015000000005 1.5086140632629397 0 1.200840336134454 1.6971997022628786 7.486666666665756 3.5000000000000004 1.057650148868561 4.2896428047626047 1.7153424620628359
decision_type=2 2 2 8 2 2 9 8 2 8 2 2 10 2
left_child=6 3 -3 4 5 -2 7 -1 -9 -8 11 -11 13 -13
right_child=1 2 -4 -5 -6 -7 9 8 -10 10 -12 12 -14 -15
leaf_value=-0.00084395460031820428 -0.00046110519881258143 -0.0031486948909345874 -0.0003231916720313685 0.0018615469152675358 -0.00197086920647687 0.0016623120407207226 -0.001518738444674229 3.6014468096715365e-05 0.0035457003833315169 -0.00075744157632183973 0.0020317984666675328 0.00024646383100388917 0.0010137971787669571 -0.00038554051766131456
leaf_weight=171 317 123 105 100 129 107 242 158 170 485 100 4136 543 1669
leaf_count=171 317 123 105 100 129 107 242 158 170 485 100 4136 543 1669
internal_value=4.68981e-05 -0.000519427 -0.00184748 -5.5728e-05 -0.000402432 7.47572e-05 0.000111914 0.000911873 0.00185506 5.49318e-05 0.000109941 8.18147e-05 0.000145936 6.47558e-05
internal_weight=8555 881 228 653 553 424 7674 499 328 7175 6933 6833 6348 5805
internal_count=8555 881 228 653 553 424 7674 499 328 7175 6933 6833 6348 5805
cat_boundaries=0 1
cat_threshold=153093128
is_linear=0
shrinkage=0.03


Tree=145
num_leaves=15
num_cat=1
split_feature=31 31 32 0 1 28 1 37 28 1 0 38 38 24
split_gain=0.403914 0.523256 0.52374 0.526939 0.454489 0.584923 0.746429 0.565121 0.518559 0.430363 0.391361 0.636298 0.481598 0.413308
threshold=2.308391608391609 1.0133141338059373 6.5000000000000009 4.5000000000000009 26.500000000000004 14.217910879629631 48.500000000000007 0 11.637245370370371 1.0000000180025095e-35 6.5000000000000009 1.7370213866233828 1.9440869092941286 19.162500000003494
decision_type=10 8 2 2 2 2 2 9 2 2 2 2 2 8
left_child=1 2 3 -1 8 7 -7 -6 9 -2 11 -9 13 -12
right_child=4 -3 -4 -5 5 6 -8 10 -10 -11 12 -13 -14 -15
leaf_value=0.0018419481941205245 0.00071568672193947813 0.00037860648522140838 -0.0010576915487402537 -0.00014367303317553128 0.0019102334132926032 0.0033803049578460505 9.8119561826136029e-05 -0.00033754282696135045 -0.0020800771850053275 -0.00081453969326652164 -0.0016320634366342832 -0.0028448539748950319 0.0016933092250815728 3.727721317048768e-05
leaf_weight=138 226 4084 508 937 100 101 163 310 207 617 161 129 131 781
leaf_count=138 226 4084 508 937 100 101 163 310 207 617 161 129 131 781
internal_value=5.13403e-05 0.000199133 -0.000263891 0.000111225 -0.000234901 4.48189e-05 0.0013538 -0.000169556 -0.000734668 -0.000404301 -0.000317641 -0.00107432 -1.10207e-05 -0.000248035
internal_weight=8593 5667 1583 1075 2926 1876 264 1612 1050 843 1512 439 1073 942
internal_count=8593 5667 1583 1075 2926 1876 264 1612 1050 843 1512 439 1073 942
cat_boundaries=0 1
cat_threshold=167804960
is_linear=0
shrinkage=0.03


Tree=146
num_leaves=15
num_cat=4
split_feature=0 37 1 21 37 21 31 35 23 23 1 27 32 37
split_gain=0.410029 0.679002 0.662525 0.64381 0.444784 0.476496 0.602226 0.399529 0.378172 0.526176 0.375439 0.370891 0.359811 0.501021
threshold=11.500000000000002 0 40.500000000000007 97.833333333333357 1 125.83333333333336 0.89374728614850207 2 101.50000000000001 59.500000000000007 46.500000000000007 13.999959490740741 8.5000000000000018 3
decision_type=2 9 2 2 9 2 10 1 2 2 2 2 2 9
left_child=4 2 11 -4 5 6 10 -8 9 -3 -1 -2 13 -6
right_child=1 8 3 -5 12 -7 7 -9 -10 -11 -12 -13 -14 -15
leaf_value=0.0034726826215470295 -0.001077552581282592 0.00072843695508683433 -0.0010551069541712465 0.001409442366513593 -0.0013823410777747968 -0.00031412086650881059 0.0014944720784645855 0.00016917898497508931 0.0019374450837868614 -0.0019095295077189802 0.00090495425262762338 -0.0030965157563743345 5.8941982028217042e-05 -0.00019230334228196322
leaf_weight=103 158 213 344 132 404 604 249 1019 109 100 102 170 3371 1427
leaf_count=103 158 213 344 132 404 604 249 1019 109 100 102 170 3371 1427
internal_value=-6.19289e-05 -0.000569483 -0.00107318 -0.000371661 2.35582e-05 0.000393587 0.000686453 0.00044255 0.000405985 -0.000114364 0.00219508 -0.00212397 -0.0001247 -0.000463478
internal_weight=8505 1226 804 476 7279 2077 1473 1268 422 313 205 328 5202 1831
internal_count=8505 1226 804 476 7279 2077 1473 1268 422 313 205 328 5202 1831
cat_boundaries=0 1 2 3 4
cat_threshold=2423805954 2570592530 18 4212740
is_linear=0
shrinkage=0.03


Tree=147
num_leaves=15
num_cat=2
split_feature=2 30 31 26 22 28 37 37 30 29 22 30 31 1
split_gain=0.33058 0.36192 0.459736 0.413923 0.415402 0.421248 0.39193 0.382927 0.406294 0.736359 0.820391 0.413443 0.410429 0.376069
threshold=1.0000000180025095e-35 309.12500000000006 3.6569070953420728 1.0000000180025095e-35 5081.2375000000002 0.83592013888888894 0 1 244.62500000000003 2.5000000000000004 1980.7027500000002 121.50000000000001 2.308391608391609 42.500000000000007
decision_type=2 2 10 10 2 2 9 9 2 2 2 2 8 2
left_child=1 3 -3 4 7 -6 -5 -1 9 11 12 -9 -11 -8
right_child=-2 2 -4 6 5 -7 13 8 -10 10 -12 -13 -14 -15
leaf_value=-0.0012326578654335381 -0.00044690007995858556 2.7779007844453182e-05 0.0021810070432986255 -0.00040869775654236632 -7.5664983700732659e-05 -0.0022530213086249524 0.0001299753496266686 0.00024145237824332963 -0.0010552505164921873 0.0015280206857146475 0.0032762260365582921 -0.00066050575359242656 -0.00091876811441034072 0.00079932883471468558
leaf_weight=232 1178 193 166 651 151 170 1891 1251 285 127 131 721 120 1258
leaf_count=232 1178 193 166 651 151 170 1891 1251 285 127 131 721 120 1258
internal_value=1.96464e-05 9.44513e-05 0.00102342 4.67266e-05 -0.000205353 -0.00122878 0.000258208 -9.07657e-05 1.43962e-05 0.000144181 0.00135712 -8.83203e-05 0.000339297 0.000396119
internal_weight=8525 7347 359 6988 3188 321 3800 2867 2635 2350 378 1972 247 3149
internal_count=8525 7347 359 6988 3188 321 3800 2867 2635 2350 378 1972 247 3149
cat_boundaries=0 1 2
cat_threshold=571506821 1753223680
is_linear=0
shrinkage=0.03


Tree=148
num_leaves=15
num_cat=1
split_feature=22 37 30 1 2 27 1 22 30 30 23 33 1 23
split_gain=0.223832 0.398593 0.715871 0.376482 0.255108 0.377836 0.342601 0.30192 0.586399 0.791775 0.402519 0.652317 0.741953 0.533657
threshold=9979.5000000000018 0 30.165000000000003 36.500000000000007 1.0000000180025095e-35 13.958206018518521 49.500000000000007 1619.2460000000001 49.500000000000007 70.250000000000014 114.50000000000001 1.0000000180025095e-35 70.500000000000014 139.50000000000003
decision_type=2 9 2 2 2 2 2 2 2 2 2 2 2 2
left_child=1 2 -1 -2 7 6 -6 -3 -9 -10 -11 12 13 -12
right_child=3 4 -4 -5 5 -7 -8 8 9 10 11 -13 -14 -15
leaf_value=-0.00029599512037821116 0.00030667185532052486 -0.00013360858064941818 0.002739367447188635 -0.0017170581164327068 0.0019245469890171081 -0.00076464386309664913 -0.00041503583763314537 0.0023551007812747204 -0.0023179058136136503 -5.7750649638763425e-05 0.0018629741930873227 0.0025449210719671101 -0.0011590402899854793 0.00012808682384499132
leaf_weight=150 151 4303 131 183 100 860 129 117 109 1255 294 154 203 349
leaf_count=150 151 4303 131 183 100 860 129 117 109 1255 294 154 203 349
internal_value=-4.09502e-05 -9.7708e-06 0.00108061 -0.000802138 -4.99973e-05 -0.000476289 0.000606616 1.83593e-05 0.00028193 0.000179323 0.000300032 0.000749049 0.000422141 0.000921332
internal_weight=8488 8154 281 334 7873 1089 229 6784 2481 2364 2255 1000 846 643
internal_count=8488 8154 281 334 7873 1089 229 6784 2481 2364 2255 1000 846 643
cat_boundaries=0 1
cat_threshold=3154944
is_linear=0
shrinkage=0.03


Tree=149
num_leaves=15
num_cat=0
split_feature=22 17 33 23 28 17 21 30 1 21 38 1 38 38
split_gain=0.330971 0.638146 0.248755 0.701979 0.505957 0.606638 0.460255 0.467344 0.454498 0.602017 0.422633 0.96283 1.10311 1.02499
threshold=10820.35 1.0000000180025095e-35 1.0000000180025095e-35 26.500000000000004 14.217910879629631 1.0000000180025095e-35 148.50000000000003 265.77500000000003 97.500000000000014 18.083333333333339 1.7370213866233828 18.500000000000004 1.8591763377189638 1.8656589388847353
decision_type=2 2 2 2 2 2 2 2 2 2 2 2 2 2
left_child=2 -2 6 -4 5 8 10 -8 9 -5 -1 13 -13 -12
right_child=1 -3 3 4 -6 -7 7 -9 -10 -11 11 12 -14 -15
leaf_value=-3.0878617597479137e-05 -0.0026473915959340059 0.00058540088657755413 -0.00097300419495701318 0.0023884542673097355 0.0025500478546342086 -0.00041977070836970418 0.00023238691163575176 0.0022295101130054922 0.0025094294766422809 0.0001891783200441116 0.0023378100874449975 -0.0020632924300705668 -0.00022690171322442557 -0.00078872606581153006
leaf_weight=4368 122 100 322 138 108 496 458 137 133 595 182 518 682 196
leaf_count=4368 122 100 322 138 108 496 458 137 133 595 182 518 682 196
internal_value=-4.79569e-05 -0.00119118 -1.75002e-05 0.000295655 0.000573552 0.000416825 -0.000103294 0.000692229 0.000895984 0.00060323 -0.000182899 -0.000603702 -0.00101961 0.000716643
internal_weight=8555 222 8333 1792 1470 1362 6541 595 866 733 5946 1578 1200 378
internal_count=8555 222 8333 1792 1470 1362 6541 595 866 733 5946 1578 1200 378
is_linear=0
shrinkage=0.03


Tree=150
num_leaves=15
num_cat=1
split_feature=28 28 22 37 31 31 0 24 24 22 0 25 1 28
split_gain=0.307171 0.625944 0.401281 0.310852 0.61886 0.579504 0.469423 0.625297 0.733805 0.473089 0.705176 0.489304 0.457371 1.05721
threshold=15.638628472222225 20.991348379629631 1980.7027500000002 0 2.6950646800153701 8.173220338983052 11.500000000000002 179.81983333332701 160.28399999999795 6785.2500000000009 9.5000000000000018 0.24695121951219515 20.500000000000004 6.9361747685185202
decision_type=2 2 2 9 10 8 2 10 10 2 2 10 2 2
left_child=3 -2 -3 5 12 6 7 8 9 10 11 -1 13 -5
right_child=1 2 -4 4 -6 -7 -8 -9 -10 -11 -12 -13 -14 -15
leaf_value=0.0016812206872966775 -0.0016020907455583243 -0.00064163405934967879 0.0014579378142593516 0.0011671933843441992 -0.0011508154844174143 0.001908173281699419 -0.0005710353845476394 -0.00012480875715023348 0.0025674024819976318 -0.00028468611532343698 0.0019693267507075989 0.00018954212856969158 -0.00025435209563701275 -0.0020062482598483
leaf_weight=235 292 182 149 604 470 180 659 1902 159 578 324 1254 1465 112
leaf_count=235 292 182 149 604 470 180 659 1902 159 578 324 1254 1465 112
internal_value=5.18034e-05 -0.000589655 0.00030349 0.000102122 -0.000162805 0.000234725 0.000176248 0.000286864 0.000593923 0.000462688 0.000700957 0.000424965 4.93623e-05 0.000670789
internal_weight=8565 623 331 7942 2651 5291 5111 4452 2550 2391 1813 1489 2181 716
internal_count=8565 623 331 7942 2651 5291 5111 4452 2550 2391 1813 1489 2181 716
cat_boundaries=0 1
cat_threshold=2557480056
is_linear=0
shrinkage=0.03


Tree=151
num_leaves=15
num_cat=3
split_feature=38 23 31 21 37 32 5 37 4 38 37 1 21 13
split_gain=0.307804 1.53657 0.538282 0.469826 0.39124 0.598854 0.341192 0.337008 0.279748 0.310346 0.300163 0.374592 0.356148 0.630581
threshold=2.1002669334411626 79.500000000000014 0.35714348202647267 75.958333333333357 0 6.5000000000000009 0.81665000000000021 1 1.0000000180025095e-35 1.5703465938568117 2 131.50000000000003 125.83333333333336 1.0000000180025095e-35
decision_type=2 2 8 2 9 2 2 9 2 2 9 2 2 2
left_child=2 -2 3 -1 5 7 8 -4 10 -10 -6 12 13 -12
right_child=1 -3 4 -5 6 -7 -8 -9 9 -11 11 -13 -14 -15
leaf_value=0.00037874619061916076 0.0032286174062141019 -0.0011254837937478442 0.0012500942560635801 0.0028655997922510971 -0.00018269512920145961 -0.0022058350555032736 0.0016083627905518936 -0.00056917460186554024 0.002260130998842856 -8.5887341013196671e-05 0.00095149980173428786 0.001715765598079694 -0.0006545731301751095 -0.00016156491674847301
leaf_weight=196 142 150 104 105 4473 181 120 465 102 101 801 144 417 1070
leaf_count=196 142 150 104 105 4473 181 120 465 102 101 801 144 417 1070
internal_value=3.46389e-05 0.000991922 8.75593e-07 0.00124625 -4.6111e-05 -0.000693557 2.19992e-05 -0.000224688 -4.75146e-06 0.0010929 -3.70213e-05 0.000230708 0.000138252 0.000314953
internal_weight=8571 292 8279 301 7978 750 7228 569 7108 203 6905 2432 2288 1871
internal_count=8571 292 8279 301 7978 750 7228 569 7108 203 6905 2432 2288 1871
cat_boundaries=0 1 2 3
cat_threshold=538968965 2097156 373303328
is_linear=0
shrinkage=0.03


Tree=152
num_leaves=15
num_cat=0
split_feature=38 24 1 1 27 17 18 31 23 1 30 5 22 38
split_gain=0.398102 0.315124 0.726569 0.687497 0.400947 0.34478 0.350837 0.317475 0.260952 0.502087 0.466573 0.680605 0.599107 0.429541
threshold=2.1859767436981206 7.486666666665756 32.500000000000007 69.500000000000014 13.999901620370371 3.5000000000000004 1.0000000180025095e-35 2.3393548387096779 124.50000000000001 1.0000000180025095e-35 54.750000000000007 0.38195000000000007 1382.0940000000001 1.5521233081817629
decision_type=2 8 2 2 2 2 2 8 2 2 2 2 2 2
left_child=1 2 4 -4 -1 6 8 -8 10 -10 11 12 13 -3
right_child=-2 5 3 -5 -6 -7 7 -9 9 -11 -12 -13 -14 -15
leaf_value=-0.00064078534663831056 0.001492722450218155 1.462565889557888e-05 -0.0031495768803385242 -0.00028374711708814093 0.0019328053474043294 0.0017978721010663053 -0.00011815884543466382 -0.0022477977648044799 0.0022857246933600459 0.00025771197511122721 -0.00019362728331135258 -0.0012022302495898463 0.0026658887718231648 0.0011640381447811433
leaf_weight=111 168 752 144 158 107 102 144 112 117 1803 4049 203 122 479
leaf_count=111 168 752 144 158 107 102 144 112 117 1803 4049 203 122 479
internal_value=4.67332e-05 1.78237e-05 -0.000697477 -0.00165024 0.000622399 6.50083e-05 4.22925e-05 -0.00104988 7.9448e-05 0.000381294 -2.39498e-05 0.000417583 0.000660614 0.000461879
internal_weight=8571 8403 520 302 218 7883 7781 256 7525 1920 5605 1556 1353 1231
internal_count=8571 8403 520 302 218 7883 7781 256 7525 1920 5605 1556 1353 1231
is_linear=0
shrinkage=0.03


Tree=153
num_leaves=15
num_cat=3
split_feature=35 30 30 33 30 30 22 22 32 37 27 30 37 38
split_gain=0.360438 0.650977 0.498033 0.438508 0.398407 0.479513 0.452113 0.349375 0.34687 0.331864 0.562045 0.35154 0.316519 0.4068
threshold=0 309.12500000000006 304.85000000000008 1.0000000180025095e-35 275.27500000000003 267.02500000000003 1459.6446250000004 3863.9765000000002 22.500000000000004 1 15.36295138888889 52.500000000000007 2 1.594687879085541
decision_type=1 2 2 2 2 2 2 2 2 9 2 2 9 2
left_child=1 4 3 9 5 12 -6 -5 -3 -2 11 -11 13 -1
right_child=2 8 -4 7 6 -7 -8 -9 -10 10 -12 -13 -14 -15
leaf_value=0.00019522542726701578 -0.00058198957239947221 0.0026372203606234448 -0.0023195645272498953 0.00017883183518264381 0.00053039710867988806 0.0021645480376734794 -0.001989335925764443 0.0019485919874932731 0.00057007569778867837 0.00031506523439152676 0.0022841855456970411 -0.0016048859648109446 2.7795413707468251e-05 0.0018691405472875859
leaf_weight=370 1608 139 100 494 104 105 167 126 154 330 102 116 4364 202
leaf_count=370 1608 139 100 494 104 105 167 126 154 330 102 116 4364 202
internal_value=3.38408e-05 0.000173813 -0.000238724 -0.000164626 9.81921e-05 0.000158432 -0.00102235 0.000538493 0.00155073 -0.000366822 0.000270236 -0.000184294 0.000115757 0.000772852
internal_weight=8481 5605 2876 2776 5312 5041 271 620 293 2156 548 446 4936 572
internal_count=8481 5605 2876 2776 5312 5041 271 620 293 2156 548 446 4936 572
cat_boundaries=0 1 2 3
cat_threshold=26 969189444 1242075178
is_linear=0
shrinkage=0.03


Tree=154
num_leaves=15
num_cat=0
split_feature=18 23 31 23 23 33 38 31 38 32 38 31 32 4
split_gain=0.356274 0.52962 0.261603 0.388556 0.516555 0.391355 0.40026 0.79959 0.562762 0.476805 0.345809 0.335391 0.313348 0.530552
threshold=1.0000000180025095e-35 64.500000000000014 1.0133141338059373 11.500000000000002 19.500000000000004 1.0000000180025095e-35 1.7637137174606325 0.42250525472925637 1.9315544962882998 11.500000000000002 1.3981046676635744 0.95670914542728658 23.500000000000004 1.0000000180025095e-35
decision_type=2 2 10 2 2 2 2 8 2 2 2 8 2 2
left_child=2 -2 3 -1 10 6 7 -6 -8 11 -5 -9 13 -4
right_child=1 -3 12 4 5 -7 8 9 -10 -11 -12 -13 -14 -15
leaf_value=-0.0018662433944809347 0.00066201471656160513 -0.0019598805204249247 0.00014946852643412547 -2.7576522690723513e-05 0.0014749978702902965 0.00048465689667102549 -0.0029504119815343677 -0.00076360141937151889 -0.00021082448358757523 0.001018782142233455 0.0024369827098920586 -0.0025164804762489224 -0.00032509182040046486 0.0019602602969855071
leaf_weight=134 107 197 4992 101 173 351 144 412 127 106 104 129 1263 150
leaf_count=134 107 197 4992 101 173 351 144 412 127 106 104 129 1263 150
internal_value=-2.85825e-05 -0.00103704 8.86827e-06 -0.000312745 -0.000186353 -0.000386674 -0.000667001 -0.000336664 -0.00166655 -0.00082108 0.00122274 -0.00118157 9.82974e-05 0.000202292
internal_weight=8490 304 8186 1781 1647 1442 1091 820 271 647 205 541 6405 5142
internal_count=8490 304 8186 1781 1647 1442 1091 820 271 647 205 541 6405 5142
is_linear=0
shrinkage=0.03


Tree=155
num_leaves=15
num_cat=1
split_feature=24 1 21 31 31 17 10 32 38 24 23 37 24 30
split_gain=0.325397 0.608413 0.590177 0.454269 0.892031 0.375644 0.468877 0.343261 0.306431 0.331774 0.467301 0.371139 0.60506 0.48038
threshold=15.979166666666389 32.500000000000007 50.500000000000007 1.1585652028159574 1.8322390932420876 3.5000000000000004 1.0000000180025095e-35 1.5000000000000002 0.97216409444808971 533.18250000001296 167.50000000000003 0 283.30766666666727 45.050000000000004
decision_type=8 2 2 8 10 2 2 2 2 10 2 9 8 2
left_child=1 3 7 -1 -5 6 -2 -3 -8 11 -11 12 -10 -14
right_child=5 2 -4 4 -6 -7 8 -9 9 10 -12 -13 13 -15
leaf_value=-0.0012071539098138196 -0.0011791676110156362 -0.002028894826382546 -0.0026124715536466931 0.0029211226783190511 -0.00054518621320776798 0.0018882732076899091 -0.00095275609006057491 -1.9815189508231992e-05 0.0030957920191919102 6.2976394441317424e-06 -0.0023410146037809009 0.00012979526141420938 -0.0011707589871937706 0.001460374511172995
leaf_weight=108 267 101 168 127 141 102 240 316 102 231 114 6240 107 150
leaf_count=108 267 101 168 127 141 102 240 316 102 231 114 6240 107 150
internal_value=1.3874e-05 -0.000506073 -0.00111124 0.000435475 0.00109743 8.00291e-05 5.52753e-05 -0.000506427 0.000101154 0.00013758 -0.000769336 0.000184994 0.00110991 0.000364922
internal_weight=8514 961 585 376 268 7553 7451 417 7184 6944 345 6599 359 257
internal_count=8514 961 585 376 268 7553 7451 417 7184 6944 345 6599 359 257
cat_boundaries=0 1
cat_threshold=135283016
is_linear=0
shrinkage=0.03


Tree=156
num_leaves=15
num_cat=3
split_feature=25 21 37 28 13 32 32 27 27 37 35 27 1 1
split_gain=0.369021 0.521866 0.742767 0.57022 0.469036 0.308911 0.305753 0.271627 0.816516 0.520965 0.521076 0.618286 0.508794 0.969502
threshold=0.24195121951219514 123.66666666666667 0 1.1472222222222224 1.0000000180025095e-35 5.5000000000000009 5.5000000000000009 13.999334490740742 13.970746527777779 1 2 15.333049768518519 8.5000000000000018 22.500000000000004
decision_type=10 2 9 2 2 2 2 2 2 9 1 2 2 2
left_child=1 2 3 -1 5 -4 -3 8 -2 12 11 -11 -9 -14
right_child=7 6 4 -5 -6 -7 -8 9 -10 10 -12 -13 13 -15
leaf_value=-0.0003572166331327102 -3.3783498378527803e-05 -0.0019284685187369839 0.003789360477201745 0.0016005683888828282 0.00075966592356668848 0.0014761406544706607 -0.00010213820209769024 0.0006754484761697134 0.0023620357576915074 -0.00067963704887797943 -0.0015568868124493113 0.0013489549053850136 -0.0012869228379412754 1.9503828799123925e-05
leaf_weight=617 1301 110 107 171 263 101 330 665 142 818 473 162 635 2623
leaf_count=617 1301 110 107 171 263 101 330 665 142 818 473 162 635 2623
internal_value=-6.49207e-05 0.000330666 0.000641492 6.67851e-05 0.00156828 0.00266611 -0.000558721 -0.000163484 0.00020198 -0.00026158 -0.000744627 -0.000340821 -8.05655e-05 -0.000235125
internal_weight=8518 1699 1259 788 471 208 440 6819 1443 5376 1453 980 3923 3258
internal_count=8518 1699 1259 788 471 208 440 6819 1443 5376 1453 980 3923 3258
cat_boundaries=0 1 2 3
cat_threshold=697373184 1178643072 3
is_linear=0
shrinkage=0.03


Tree=157
num_leaves=15
num_cat=2
split_feature=37 32 1 0 23 23 23 38 1 1 37 21 38 1
split_gain=0.321339 0.653649 0.655689 0.429611 0.28598 0.310529 0.60814 0.83927 0.672909 0.383654 0.49895 0.516501 0.348664 0.528715
threshold=0 1.5000000000000002 17.500000000000004 9.5000000000000018 186.50000000000003 126.50000000000001 142.50000000000003 1.3815985321998598 82.500000000000014 43.500000000000007 1 156.37500000000003 1.7337163090705874 29.500000000000004
decision_type=9 2 2 2 2 2 2 2 2 2 9 2 2 2
left_child=-1 2 -2 -4 5 9 7 -7 -8 12 11 -11 13 -3
right_child=1 4 3 -5 -6 6 8 -9 -10 10 -12 -13 -14 -15
leaf_value=-0.00024304045358909348 0.003235873296056911 0.00016293186672570686 -0.00041091392044350771 0.0019251207881607116 -0.00096559982115008644 -0.00051494044940918681 0.00048952962377028873 0.0028713743307343031 -0.0021552973370140109 0.0024559610593891906 5.4428728700560032e-05 -3.2987889161714434e-06 -0.0012736193527411986 -0.00093196751274021098
leaf_weight=3184 113 1461 173 120 241 100 543 193 103 184 1162 132 275 545
leaf_count=3184 113 1461 173 120 241 100 543 193 103 184 1162 132 275 545
internal_value=-4.89774e-06 0.000137161 0.00129453 0.000545824 4.22997e-05 9.40034e-05 0.000582002 0.00171564 6.78312e-05 -2.7899e-05 0.000348614 0.00138485 -0.000271865 -0.000134536
internal_weight=8529 5345 406 293 4939 4698 939 293 646 3759 1478 316 2281 2006
internal_count=8529 5345 406 293 4939 4698 939 293 646 3759 1478 316 2281 2006
cat_boundaries=0 1 2
cat_threshold=1990787683 2281705472
is_linear=0
shrinkage=0.03


Tree=158
num_leaves=15
num_cat=2
split_feature=27 37 28 1 23 38 31 38 38 25 36 31 24 27
split_gain=0.399186 0.446941 1.03829 0.944753 1.02843 0.50116 0.447859 0.422623 0.417685 0.355889 0.32803 0.815439 1.05291 0.712612
threshold=6.9996585648148155 0 0.62855902777777783 47.500000000000007 34.500000000000007 1.7153424620628359 0.35714348202647267 1.7994787693023684 0.91361844539642345 0.54226190476190483 1 1.1353641777370593 335.07299999999589 13.99941550925926
decision_type=2 9 2 2 2 2 8 2 2 10 9 10 10 2
left_child=-1 2 3 4 -2 6 -3 -7 -8 10 13 -12 -13 -9
right_child=1 5 -4 -5 -6 7 8 9 -10 -11 11 12 -14 -15
leaf_value=-0.0013305375873195852 0.0011040072686992063 0.0015964338469903095 -0.00095138905633503524 9.5898682310758548e-05 0.0047957380257854709 -0.0010862622019772424 -0.0014470787170475885 0.0017223034474383374 0.00010897451117224573 -0.001716941702819895 -0.0027533446819497606 -0.00077329715128399471 0.0021906582981508311 -0.00032146169768489954
leaf_weight=198 160 177 227 238 118 626 160 252 5234 120 117 413 146 393
leaf_count=198 160 177 227 238 118 626 160 252 5234 120 117 413 146 393
internal_value=8.55007e-07 3.2309e-05 0.000729611 0.00148326 0.002671 -3.64298e-05 0.000111543 -0.000435425 6.28179e-05 -0.000152688 -1.05912e-05 -0.000468917 8.30748e-07 0.00046975
internal_weight=8579 8381 743 516 278 7638 5571 2067 5394 1441 1321 676 559 645
internal_count=8579 8381 743 516 278 7638 5571 2067 5394 1441 1321 676 559 645
cat_boundaries=0 1 2
cat_threshold=1227359440 7
is_linear=0
shrinkage=0.03


Tree=159
num_leaves=15
num_cat=2
split_feature=37 25 26 1 35 1 24 24 38 17 23 29 22 38
split_gain=0.407783 0.487364 0.465383 0.596986 0.423959 0.337887 0.317631 0.723304 0.351443 0.301369 0.271823 0.267905 0.250046 0.234926
threshold=0 0.17000000000000001 0.05634920634920635 158.50000000000003 1 38.500000000000007 113.25366666666393 86.438000000000699 1.2584024071693423 2.5000000000000004 70.500000000000014 1.0000000180025095e-35 266.40000000000003 1.3617329597473147
decision_type=9 10 8 2 1 2 10 10 2 2 2 2 2 2
left_child=1 -1 3 6 5 -4 7 -2 -8 13 12 -10 -6 -3
right_child=2 9 4 -5 10 -7 8 -9 11 -11 -12 -13 -14 -15
leaf_value=0.0022316068442685914 -0.00012723093858805955 -0.00018030712084690114 0.00097733819911135708 0.0018391910694911745 -0.0020995554726239507 -0.00075691421727864519 0.00025587869717313321 0.0018385294257995098 -0.0012996638445899691 -0.0010646644238263632 -0.0022910743229369139 0.00022385127840635294 -0.00032325861134488415 0.00031101884386798491
leaf_weight=101 1621 1212 162 142 104 269 295 188 517 184 196 130 227 3158
leaf_count=101 1621 1212 162 142 104 269 295 188 517 184 196 130 227 3158
internal_value=-1.87726e-05 0.000170023 -0.000246786 -5.76474e-05 -0.000820527 -0.000102678 -0.000155558 7.70604e-05 -0.000602273 0.000124674 -0.00137949 -0.000993548 -0.00088137 0.000174752
internal_weight=8506 4655 3851 2893 958 431 2751 1809 942 4554 527 647 331 4370
internal_count=8506 4655 3851 2893 958 431 2751 1809 942 4554 527 647 331 4370
cat_boundaries=0 1 2
cat_threshold=1597000712 5
is_linear=0
shrinkage=0.03


Tree=160
num_leaves=15
num_cat=0
split_feature=1 22 0 28 7 26 22 30 30 30 23 23 1 38
split_gain=0.23547 0.207399 0.591278 0.5873 0.584316 0.477669 0.39603 0.74627 0.564329 0.738423 0.564502 0.696071 0.679145 0.553538
threshold=280.50000000000006 6402.0500000000002 8.5000000000000018 10.354369212962965 1.0000000180025095e-35 1.0000000180025095e-35 1946.8125000000002 277.02500000000003 264.02500000000003 247.55000000000004 63.500000000000007 147.50000000000003 61.500000000000007 1.5776131153106692
decision_type=2 2 2 2 2 10 2 2 2 2 2 2 2 2
left_child=1 6 3 4 -3 -4 -1 8 9 10 -8 12 13 -12
right_child=-2 2 5 -5 -6 -7 7 -9 -10 -11 11 -13 -14 -15
leaf_value=-4.8416554741434015e-05 0.0013741902829196048 0.0022498813354531705 -2.5483388635844128e-05 -0.0019100545009923648 3.0762720967793615e-06 -0.0021264100503869169 -0.00013052476557483535 -0.00091917272906675543 0.0028568802372727622 -0.0018090331281825267 0.0039479739874179742 -4.8177131958679802e-06 -6.6521161848480699e-05 0.0016431659001511889
leaf_weight=5757 116 138 163 103 425 242 388 286 107 106 148 259 122 256
leaf_count=5757 116 138 163 103 425 242 388 286 107 106 148 259 122 256
internal_value=3.16819e-05 1.33606e-05 -0.000376928 0.000172756 0.000553803 -0.00128085 6.96264e-05 0.00047607 0.000763977 0.000588887 0.000805579 0.00126826 0.00189512 0.0024875
internal_weight=8616 8500 1071 666 563 405 7429 1672 1386 1279 1173 785 526 404
internal_count=8616 8500 1071 666 563 405 7429 1672 1386 1279 1173 785 526 404
is_linear=0
shrinkage=0.03


Tree=161
num_leaves=15
num_cat=1
split_feature=22 23 28 1 38 23 36 28 1 28 1 27 24 1
split_gain=0.3012 0.34225 0.339567 0.329997 0.415376 0.96272 0.413132 0.282096 0.49719 0.265081 0.65311 0.310385 0.261291 0.482603
threshold=6402.0500000000002 16.500000000000004 0.93167824074074079 14.500000000000002 1.6315168738365176 33.500000000000007 0 21.930173611111112 48.500000000000007 13.841597222222225 25.500000000000004 26.353443287037042 199.9661666666577 115.50000000000001
decision_type=2 2 2 2 2 2 9 2 2 2 2 2 8 2
left_child=7 2 -2 -3 5 -5 -6 9 -9 12 -11 -12 -1 -14
right_child=1 3 -4 4 6 -7 -8 8 -10 10 11 -13 13 -15
leaf_value=0.00019978030067397355 0.0017733394506669372 -0.0019778939152778939 -0.00063496826478512956 -0.0012864543553931932 -0.0024544694486918835 0.0023729467993724115 -0.000401993578078881 0.0020871918977244134 -0.00061591815011634028 -0.0024394204501846902 -0.0010045800805528414 0.0009719724060657124 -5.570715227650949e-05 -0.0016087535970455886
leaf_weight=4687 109 158 102 133 119 126 323 158 100 133 128 162 1894 199
leaf_count=4687 109 158 102 133 119 126 323 158 100 133 128 162 1894 199
internal_value=-2.72462e-06 -0.000473437 0.000609134 -0.000739354 -0.000460196 0.000493795 -0.00101921 6.47814e-05 0.00103947 2.98694e-05 -0.000698746 9.9563e-05 7.53273e-05 -0.000203369
internal_weight=8531 1070 211 859 701 259 442 7461 258 7203 423 290 6780 2093
internal_count=8531 1070 211 859 701 259 442 7461 258 7203 423 290 6780 2093
cat_boundaries=0 1
cat_threshold=32
is_linear=0
shrinkage=0.03


Tree=162
num_leaves=15
num_cat=0
split_feature=33 23 31 38 27 21 24 14 23 28 30 32 38 31
split_gain=0.369999 0.859502 0.404593 0.373245 0.503475 0.408315 0.412973 0.640025 0.533479 0.363936 0.537486 0.307312 0.297953 0.560627
threshold=1.0000000180025095e-35 26.500000000000004 7.7898305084745774 1.2020130753517153 28.270839120370372 190.00000000000003 15.979166666666389 2.5000000000000004 51.500000000000007 1.8669155092592595 29.165000000000003 7.5000000000000009 1.7337163090705874 0.40720431576072119
decision_type=2 2 8 2 2 2 8 2 2 2 2 2 2 8
left_child=3 11 -3 4 9 6 7 -5 -9 10 -1 -2 13 -8
right_child=1 2 -4 5 -6 -7 12 8 -10 -11 -12 -13 -14 -15
leaf_value=-0.00076701122765216302 7.4546257729579243e-05 0.00050978722350960052 0.0020515290373731726 -0.0017621007642598067 -0.0019843954432009247 0.0013740480310610822 0.0021179377704555555 0.0016058905037361702 -0.0012006721753430993 -0.0007431430259962886 0.0018212800127858407 -0.001649221834353244 -0.00033775338806887873 0.00010268353384785307
leaf_weight=141 163 1338 173 303 199 185 129 131 114 584 148 217 1424 3366
leaf_count=141 163 1338 173 303 199 185 129 131 114 584 148 217 1424 3366
internal_value=-5.17079e-06 0.000365563 0.000686307 -0.000109433 -0.000622658 -1.20907e-05 -5.89968e-05 -0.000840185 0.00029998 -0.00031225 0.00055848 -0.000909816 2.80313e-05 0.000177066
internal_weight=8615 1891 1511 6724 1072 5652 5467 548 245 873 289 380 4919 3495
internal_count=8615 1891 1511 6724 1072 5652 5467 548 245 873 289 380 4919 3495
is_linear=0
shrinkage=0.03


Tree=163
num_leaves=15
num_cat=2
split_feature=9 1 24 23 37 31 38 1 0 24 36 30 32 25
split_gain=0.371795 0.312546 0.289865 0.281186 0.256564 0.445314 0.33844 0.824577 0.645553 0.77266 0.720267 0.500081 0.371545 0.566286
threshold=1.0000000180025095e-35 251.50000000000003 910.07416666666734 45.500000000000007 0 9.8538461538461561 1.6138998270034792 16.500000000000004 5.5000000000000009 26.866833333333421 1 129.25000000000003 1.5000000000000002 0.49489795918367352
decision_type=2 2 8 2 9 8 2 2 2 10 9 2 2 10
left_child=1 2 4 -4 6 -6 7 -1 -8 10 11 -10 -11 -14
right_child=-2 -3 3 -5 5 -7 8 -9 9 12 -12 -13 13 -15
leaf_value=-0.0022632352373433864 -0.0013618575931588352 0.0014608337679445477 4.0382219923401966e-05 0.0022845504831162542 -4.4688195825825726e-05 -0.0018182894617247466 0.0022945607833564281 0.00052066370315064837 0.0012750355006643057 -0.00046774061672380719 -0.0023814876555136853 -0.0010566851559893359 0.0023525933670233909 1.905456496852225e-05
leaf_weight=140 170 140 101 100 6390 130 175 303 179 106 129 154 264 145
leaf_count=140 170 140 101 100 6390 130 175 303 179 106 129 154 264 145
internal_value=2.72198e-05 5.51459e-05 3.14811e-05 0.00115688 3.60606e-06 -7.99288e-05 0.000343426 -0.000359124 0.000616571 0.00031601 -0.000574729 0.000190967 0.00111508 0.0015253
internal_weight=8626 8456 8316 201 8115 6520 1595 443 1152 977 462 333 515 409
internal_count=8626 8456 8316 201 8115 6520 1595 443 1152 977 462 333 515 409
cat_boundaries=0 1 2
cat_threshold=1478493384 5
is_linear=0
shrinkage=0.03


Tree=164
num_leaves=15
num_cat=0
split_feature=33 23 31 30 22 28 21 30 21 24 13 31 27 23
split_gain=0.291044 0.865619 0.731949 0.432212 0.403137 0.37842 0.551643 0.39282 0.40644 0.351312 0.782363 0.439954 0.339464 0.315508
threshold=1.0000000180025095e-35 58.500000000000007 3.5964306480092683 83.500000000000014 4649.0500000000011 16.781001157407413 190.00000000000003 261.52500000000003 86.083333333333357 7.486666666665756 1.0000000180025095e-35 1.5380656807169777 13.999751157407408 19.500000000000004
decision_type=2 2 8 2 2 2 2 2 2 8 2 10 2 2
left_child=5 3 -3 -2 -5 6 9 8 -7 10 -1 -12 -4 -11
right_child=1 2 12 4 -6 7 -8 -9 -10 13 11 -13 -14 -15
leaf_value=0.0008220988616048201 0.00015758072275565032 0.00048356034300765582 0.0012736206120407244 -0.00038023023246742276 -0.002462175116636493 -0.00050044442330383584 0.0016452942112851804 0.00013755576155023578 -0.0028156759611675107 0.00051144952988609277 -0.003325807583770888 -0.00076167937424942488 0.003691975001191485 -0.00013374727424711897
leaf_weight=137 490 849 106 206 141 135 167 179 138 793 118 123 103 4879
leaf_count=137 490 849 106 206 141 135 167 179 138 793 118 123 103 4879
internal_value=-2.33155e-05 0.000304771 0.000875066 -0.000416105 -0.00122621 -0.000116541 -5.56078e-05 -0.000954648 -0.00167078 -0.000102558 -0.000988107 -0.00201714 0.00246544 -4.35426e-05
internal_weight=8564 1895 1058 837 347 6669 6217 452 273 6050 378 241 209 5672
internal_count=8564 1895 1058 837 347 6669 6217 452 273 6050 378 241 209 5672
is_linear=0
shrinkage=0.03


Tree=165
num_leaves=15
num_cat=3
split_feature=37 4 12 1 37 31 25 38 2 25 35 23 17 22
split_gain=0.347812 0.380631 0.372582 0.589116 0.616028 0.436632 0.372097 0.316963 0.258495 0.371207 0.34019 0.355088 0.296096 0.312104
threshold=0 1.0000000180025095e-35 1.0000000180025095e-35 97.500000000000014 1 2.1603571428571429 0.65500000000000014 1.287217974662781 1.0000000180025095e-35 0.61769230769230787 2 137.00000000000003 1.0000000180025095e-35 837.05000000000007
decision_type=9 2 2 2 9 10 10 2 2 10 1 2 2 2
left_child=1 8 3 5 -5 6 -2 -7 -1 10 11 12 13 -10
right_child=2 -3 -4 4 -6 7 -8 -9 9 -11 -12 -13 -14 -15
leaf_value=0.00023145238057998389 -0.00020681091155300079 0.0015468880988094801 -0.0016283080214923769 -0.00072225059515663547 0.0021507631253669078 0.00017409714213178685 0.0014087167399083364 -0.0015141654915431586 -0.00086085223785734597 -0.0019704429831795601 -0.0012257072382112586 -0.00092757676640415883 0.0019436414046480211 0.0010059017836312322
leaf_weight=4956 1426 180 161 102 178 136 141 379 140 108 175 170 122 190
leaf_count=4956 1426 180 161 102 178 136 141 379 140 108 175 170 122 190
internal_value=6.43171e-05 0.000187736 -0.000231023 -0.000136758 0.00115518 -0.000310507 -6.14444e-05 -0.00106833 0.000146315 -0.000319918 -9.6258e-05 0.000237402 0.00068081 0.000213946
internal_weight=8564 6041 2523 2362 280 2082 1567 515 5861 905 797 622 452 330
internal_count=8564 6041 2523 2362 280 2082 1567 515 5861 905 797 622 452 330
cat_boundaries=0 1 2 3
cat_threshold=334015816 1611661317 17
is_linear=0
shrinkage=0.03


Tree=166
num_leaves=15
num_cat=3
split_feature=32 28 31 38 38 22 1 28 28 27 36 1 37 37
split_gain=0.236302 0.52201 0.343509 0.278104 0.391533 0.419755 0.270524 0.269963 0.60115 0.269635 0.415972 0.329168 0.468887 0.329036
threshold=26.500000000000004 25.616458333333338 4.6669339748730296 1.1341892480850222 1.4905279874801638 1391.0015000000005 54.500000000000007 17.665509259259263 20.991348379629631 12.999375000000002 0 98.500000000000014 1 2
decision_type=2 2 10 2 2 2 2 2 2 2 9 2 9 9
left_child=1 7 3 -2 6 -6 -5 9 -9 10 -1 12 -12 -11
right_child=2 -3 -4 4 5 -7 -8 8 -10 13 11 -13 -14 -15
leaf_value=0.00074509454149670779 0.0011673001417791685 0.0021737532430680939 -0.0018202872154199415 -0.0017035070117873449 0.001589110129102862 -0.00084790768788464493 1.1328293191880442e-05 -0.0021493087295442821 0.0006101407474941677 -0.00086035125832683559 -0.00021548034300861177 0.00090092971420669852 -0.0016213409066076255 0.00022980248820710108
leaf_weight=268 117 107 135 225 138 118 131 150 135 251 569 121 343 5780
leaf_count=268 117 107 135 225 138 118 131 150 135 251 569 121 343 5780
internal_value=4.02766e-05 9.2908e-05 -0.000430238 -0.000172821 -0.000429021 0.000465797 -0.00107249 6.36773e-05 -0.000842201 9.88894e-05 -0.000292811 -0.000563839 -0.00076436 0.000183387
internal_weight=8588 7724 864 729 612 256 356 7617 285 7332 1301 1033 912 6031
internal_count=8588 7724 864 729 612 256 356 7617 285 7332 1301 1033 912 6031
cat_boundaries=0 1 2 3
cat_threshold=1 2692786210 536870970
is_linear=0
shrinkage=0.03


Tree=167
num_leaves=15
num_cat=0
split_feature=27 32 31 30 17 32 1 23 24 24 21 21 13 23
split_gain=0.275999 0.264778 0.42206 0.357268 0.338242 0.333775 0.37187 0.467857 0.283504 0.304033 0.632549 0.403188 0.431288 0.321679
threshold=6.9996585648148155 26.500000000000004 4.4993985565356862 327.65000000000003 3.5000000000000004 35.500000000000007 82.500000000000014 117.50000000000001 745.88416666666296 328.26683333333648 121.89166666666668 85.333333333333357 0.50000000000000011 126.50000000000001
decision_type=2 2 10 2 2 2 2 2 10 10 2 2 2 2
left_child=-1 3 5 4 8 6 7 -3 9 -2 11 -11 13 -13
right_child=1 2 -4 -5 -6 -7 -8 -9 -10 10 -12 12 -14 -15
leaf_value=-0.0011838823807222513 -9.7499511058717355e-05 -0.0010034685364484579 -0.0021370546114485478 0.0013980027985119152 0.0015923458576587069 0.0010357890013543048 -0.002066674975366601 0.00093369507212855748 -0.0015876004902123173 0.0007751257199545865 0.0021664937046154526 -0.00094645183323882522 -0.0022140770056284964 0.0013573948383447715
leaf_weight=197 6289 270 128 163 115 142 121 192 106 379 166 120 108 100
leaf_count=197 6289 270 128 163 115 142 121 192 106 379 166 120 108 100
internal_value=-7.39217e-05 -4.78874e-05 -0.000548881 8.74499e-06 -2.19267e-05 -0.000268486 -0.000586166 -0.000198414 -4.7469e-05 -2.46745e-05 0.000499949 0.000108653 -0.000661448 0.000100751
internal_weight=8596 8399 853 7546 7383 725 583 462 7268 7162 873 707 328 220
internal_count=8596 8399 853 7546 7383 725 583 462 7268 7162 873 707 328 220
is_linear=0
shrinkage=0.03


Tree=168
num_leaves=15
num_cat=3
split_feature=31 24 24 37 25 31 24 37 37 24 31 1 38 28
split_gain=0.232845 0.536346 0.531325 0.688408 0.555655 0.503157 0.590612 0.437764 0.410291 0.538886 0.628713 0.389464 0.711103 0.461287
threshold=2.3393548387096779 5.7378333333335476 26.342833333332095 0 0.4497297297297298 1.548166151126823 3.2871666666666903 1 2 23.301333333334192 1.7370912872960502 24.500000000000004 1.5384399294853213 20.070428240740743
decision_type=10 10 10 9 8 8 10 9 9 8 10 2 2 2
left_child=5 -2 -3 -4 -5 6 -1 -8 -7 10 -10 12 -6 -13
right_child=1 2 3 4 11 8 7 -9 9 -11 -12 13 -14 -15
leaf_value=-0.0018418068197768246 0.0018057906603146541 -0.001490291663630703 0.00081101938681473796 -0.0014379008067542628 -0.0014586522089469556 -0.00046600342055861294 0.0013060083411050763 -0.00012595107722189738 0.0037221276249004144 0.00044804426995052475 0.00042325306956523233 -2.8772741559057702e-05 0.00085722317575399908 0.0020179203954778908
leaf_weight=171 114 298 520 381 406 375 196 2848 103 1891 105 861 169 112
leaf_count=171 114 298 520 381 406 375 196 2848 103 1891 105 861 169 112
internal_value=1.02253e-05 -0.00021054 -0.000294217 -0.000148676 -0.000409463 0.000121248 -0.000126246 -2.9872e-05 0.00044287 0.000604586 0.00205683 -0.000158985 -0.000777986 0.000206818
internal_weight=8550 2861 2747 2449 1929 5689 3215 3044 2474 2099 208 1548 575 973
internal_count=8550 2861 2747 2449 1929 5689 3215 3044 2474 2099 208 1548 575 973
cat_boundaries=0 1 2 3
cat_threshold=310378544 203431936 1006665856
is_linear=0
shrinkage=0.03


Tree=169
num_leaves=15
num_cat=2
split_feature=37 17 33 36 27 31 31 31 31 32 26 23 31 0
split_gain=0.207135 0.357073 0.444469 0.357184 0.405685 0.306291 0.899327 0.549657 0.434073 0.368575 0.732742 0.574598 0.51953 0.37583
threshold=0 1.0000000180025095e-35 1.0000000180025095e-35 1 13.999334490740742 2.4757543249946594 2.4177913468856578 2.6050267885282072 2.308391608391609 1.5000000000000002 0.031754032258064523 70.500000000000014 1.0004392299048519 10.500000000000002
decision_type=9 2 2 9 2 10 8 10 10 2 10 2 10 2
left_child=1 2 -1 4 -3 6 8 -7 9 10 -2 -12 13 -11
right_child=5 3 -4 -5 -6 7 -8 -9 -10 12 11 -13 -14 -15
leaf_value=-0.0003459590919496622 0.0025270128978427679 0.0010770712909288704 0.0010237551591104771 -0.0015224652636563404 -0.0011559237588755003 -0.0018819212865420296 0.0025110912652143522 -0.00014992571144712658 -0.0013306990098883758 -0.00029327048873359769 0.0014331016094822967 -0.001690709401426889 0.00021997789451339112 -0.001835619218773761
leaf_weight=1000 164 138 271 365 156 183 139 1668 193 723 105 107 3175 177
leaf_count=1000 164 138 271 365 156 183 139 1668 193 723 105 107 3175 177
internal_value=-7.33179e-05 -0.000345945 -5.39114e-05 -0.000914435 -0.000104238 6.50807e-06 0.000133328 -0.00032116 6.21588e-05 0.000122555 0.00102128 -0.000143539 3.96296e-05 -0.000596599
internal_weight=8564 1930 1271 659 294 6634 4783 1851 4644 4451 376 212 4075 900
internal_count=8564 1930 1271 659 294 6634 4783 1851 4644 4451 376 212 4075 900
cat_boundaries=0 1 2
cat_threshold=957178564 1
is_linear=0
shrinkage=0.03


Tree=170
num_leaves=15
num_cat=1
split_feature=27 38 27 30 33 23 37 30 30 30 38 38 6 21
split_gain=0.532618 0.75037 0.755804 0.706702 0.447591 0.824943 0.564659 0.507889 0.474584 0.424096 0.970462 0.728268 0.641407 0.437999
threshold=27.999803240740743 1.1341892480850222 28.280746527777783 289.02500000000003 1.0000000180025095e-35 26.500000000000004 0 160.02500000000003 121.50000000000001 230.07500000000002 1.5192732214927676 1.6059498786926272 1.0000000180025095e-35 108.25000000000001
decision_type=2 2 2 2 2 2 9 2 2 2 2 2 2 2
left_child=4 -2 -3 9 -1 -6 -7 8 -8 10 12 -11 -4 -12
right_child=1 2 3 -5 5 6 7 -9 -10 11 13 -13 -14 -15
leaf_value=-0.00026868972675750613 -0.001317069428734375 0.0030513114648638294 0.0027936846996592575 0.00228041981981168 -0.00095543695268104467 0.0022709215294153665 0.00037098919725522085 0.0014698335501702557 -0.0014434447010426082 -0.0019048531831767248 -0.0010413361853612254 0.00087768171617591919 3.345645826835281e-05 0.0011795740805935131
leaf_weight=5430 184 115 215 174 371 159 686 297 160 188 273 154 117 113
leaf_count=5430 184 115 215 174 371 159 686 297 160 188 273 154 117 113
internal_value=-2.70509e-05 0.000480083 0.00072521 0.000508434 -0.000136503 0.000292532 0.000648137 0.000399036 2.78339e-05 0.000217561 0.000631704 -0.000651899 0.00182095 -0.000391173
internal_weight=8636 1533 1349 1234 7103 1673 1302 1143 846 1060 718 342 332 386
internal_count=8636 1533 1349 1234 7103 1673 1302 1143 846 1060 718 342 332 386
cat_boundaries=0 1
cat_threshold=2283798530
is_linear=0
shrinkage=0.03


Tree=171
num_leaves=15
num_cat=2
split_feature=27 27 31 31 37 24 28 5 24 26 37 31 31 31
split_gain=0.247489 0.461849 0.273654 0.467018 0.359298 0.413529 0.286886 0.281321 0.351565 0.29983 0.262853 0.699706 0.581192 0.419509
threshold=30.998680555555559 31.328431712962963 1.0133141338059373 0.95670914542728658 0 88.281833333336408 0.53105902777777791 0.21825000000000003 52.772333333333087 0.020869565217391309 1 1.0823369463999704 1.091356184798808 1.1800279787006078
decision_type=2 2 8 10 9 10 2 2 10 8 9 10 8 10
left_child=2 -2 3 4 5 7 -7 8 9 -1 11 -4 -12 -13
right_child=1 -3 10 -5 -6 6 -8 -9 -10 -11 12 13 -14 -15
leaf_value=-0.00015081858284006648 0.0024386415932490051 -0.00037527526178074855 -0.0021339002220415845 -0.0020682060619980221 -0.00073537519640619082 0.0025179489523254554 0.0002733721597870649 -0.0013275321050362739 -0.0011339472665553687 0.0017729483785087917 0.0024360001086879655 0.0013215131153202881 0.00023227964190699149 -5.3260917044826071e-05
leaf_weight=151 106 104 141 132 611 102 103 144 123 141 113 210 2300 4099
leaf_count=151 106 104 141 132 611 102 103 144 123 141 113 210 2300 4099
internal_value=2.78775e-05 0.00104508 2.3562e-06 -0.00036371 -0.000200078 0.000234574 0.00139019 -0.000185023 0.000211413 0.000778124 8.27382e-05 -5.4188e-05 0.000334095 1.3739e-05
internal_weight=8580 210 8370 1507 1375 764 205 559 415 292 6863 4450 2413 4309
internal_count=8580 210 8370 1507 1375 764 205 559 415 292 6863 4450 2413 4309
cat_boundaries=0 1 2
cat_threshold=2989531296 3780414119
is_linear=0
shrinkage=0.03


Tree=172
num_leaves=15
num_cat=1
split_feature=21 13 36 24 31 25 38 33 32 38 24 38 38 38
split_gain=0.272874 0.43857 0.582229 0.389181 0.436267 0.333674 0.513571 0.324167 0.354508 0.316843 0.298306 0.27918 0.658788 0.672252
threshold=129.92500000000004 1.0000000180025095e-35 0 53.570333333333231 1.3156234434667111 0.17000000000000001 1.4025022983551028 1.0000000180025095e-35 17.500000000000004 1.5663371086120608 7.486666666665756 1.7153424620628359 1.5384399294853213 1.5221717953681948
decision_type=2 2 9 10 10 10 2 2 2 2 8 2 2 2
left_child=5 3 7 -2 -5 6 -1 8 9 -3 -7 12 13 -12
right_child=1 2 -4 4 -6 10 -8 -9 -10 -11 11 -13 -14 -15
leaf_value=0.0025122564170360876 -0.0026714542272677764 0.0004558918884556208 0.0019743180442196519 -0.0015477141344132992 0.00089374164229188611 -0.00079317003854102394 0.00030214001095019182 -0.0017486816398368393 0.001152620259270311 -0.0018282241643234891 4.3321666735443345e-05 -0.0002810564602412305 0.00076441512108945059 -0.0021618318796796767
leaf_weight=119 119 105 105 174 106 396 462 121 152 114 3506 1662 1246 129
leaf_count=119 119 105 105 174 106 396 462 121 152 114 3506 1662 1246 129
internal_value=2.4006e-06 -0.00046422 5.04279e-05 -0.00123426 -0.000623449 6.4203e-05 0.000754814 -0.000392313 3.94862e-05 -0.0007331 6.37837e-06 5.47692e-05 0.000169119 -3.49355e-05
internal_weight=8516 996 597 399 280 7520 581 492 371 219 6939 6543 4881 3635
internal_count=8516 996 597 399 280 7520 581 492 371 219 6939 6543 4881 3635
cat_boundaries=0 1
cat_threshold=36
is_linear=0
shrinkage=0.03


Tree=173
num_leaves=15
num_cat=1
split_feature=1 26 25 6 23 38 24 1 36 30 38 31 38 24
split_gain=0.284614 0.264198 0.225252 0.39463 0.366603 0.312609 0.425088 0.54588 0.287125 0.276683 0.419645 0.36194 0.428882 0.320821
threshold=206.50000000000003 1.0000000180025095e-35 0.19000000000000003 3.5000000000000004 17.500000000000004 2.1367684602737431 7.486666666665756 33.500000000000007 0 57.050000000000004 1.6567754149436953 1.5201026298909559 1.5051677823066714 61.543500000000357
decision_type=2 10 10 2 2 2 8 2 9 2 2 10 2 10
left_child=2 -2 4 5 -1 6 7 -4 -8 10 -6 12 -11 -14
right_child=1 -3 3 -5 9 -7 8 -9 -10 11 -12 -13 13 -15
leaf_value=0.0016685380537819583 -1.4822766391279279e-05 0.0020102277775367839 0.00036154898035180706 -0.0012753614610939456 0.0022696415971315653 0.0012250505005604621 -0.0014236593042195093 -0.0019896075052261422 6.3340300300765063e-05 -0.0010429882669664822 -0.00017187995724099919 -0.0015602376717559771 0.0019458101102537374 -0.00026293741087155307
leaf_weight=184 106 128 152 220 121 187 109 214 6549 145 133 134 141 102
leaf_count=184 106 128 152 220 121 187 109 214 6549 145 133 134 141 102
internal_value=6.09238e-05 0.0010929 3.21452e-05 -2.37225e-05 0.000464596 1.44637e-05 -1.77658e-05 -0.00101317 3.69531e-05 0.000179125 0.000991207 -0.000216026 0.000248212 0.00101868
internal_weight=8625 234 8391 7431 960 7211 7024 366 6658 776 254 522 388 243
internal_count=8625 234 8391 7431 960 7211 7024 366 6658 776 254 522 388 243
cat_boundaries=0 1
cat_threshold=2
is_linear=0
shrinkage=0.03


Tree=174
num_leaves=15
num_cat=2
split_feature=31 1 7 28 23 31 31 37 0 7 32 37 1 38
split_gain=0.337232 0.263474 0.722776 0.685151 0.632919 0.344168 0.442415 0.315729 0.56071 0.590592 0.37735 0.314485 0.450103 0.387607
threshold=0.1106014271151886 12.500000000000002 1.0000000180025095e-35 0.62855902777777783 132.50000000000003 1.361581038887312 2.202466508891157 0 4.5000000000000009 1.5000000000000002 4.5000000000000009 1 119.50000000000001 2.0479260683059697
decision_type=8 2 2 2 2 10 10 9 2 2 2 9 2 2
left_child=-1 2 -2 7 5 -5 -7 10 -9 -10 -4 12 -3 -13
right_child=1 11 3 4 -6 6 -8 8 9 -11 -12 13 -14 -15
leaf_value=0.0014980629140393823 0.0026484357860560217 0.00013094793736265485 0.0028448027325128867 -0.0021237673356969103 0.0013221129576768726 0.00052201530628686612 -0.0015285295941362869 -0.0016720414029481679 -0.00031314631228039413 0.0019930607379281093 0.00074872993734989427 -0.00028999662082881787 0.0021899545717557578 0.00070586063270116511
leaf_weight=127 108 829 105 179 125 185 194 118 233 175 293 5455 108 376
leaf_count=127 108 829 105 179 125 185 194 118 233 175 293 5455 108 376
internal_value=-3.64019e-05 -5.93745e-05 0.00027276 0.0001131 -0.000607397 -0.00103963 -0.000527604 0.000645675 0.000146496 0.000676036 0.00126981 -0.000143537 0.000364383 -0.000225394
internal_weight=8610 8483 1715 1607 683 558 379 924 526 408 398 6768 937 5831
internal_count=8610 8483 1715 1607 683 558 379 924 526 408 398 6768 937 5831
cat_boundaries=0 1 2
cat_threshold=3561488386 2282001216
is_linear=0
shrinkage=0.03


Tree=175
num_leaves=15
num_cat=2
split_feature=37 38 32 10 35 38 2 21 28 21 26 27 30 31
split_gain=0.276677 0.79419 0.591763 0.446954 0.379079 0.313478 0.284944 0.415202 0.302866 0.371875 0.281447 0.41067 0.273163 0.267005
threshold=0 1.9682257175445559 6.5000000000000009 1.0000000180025095e-35 1 1.6598359346389773 1.0000000180025095e-35 33.166666666666679 6.0205844907407418 62.183333333333344 0.039230769230769243 13.999496527777781 110.50000000000001 8.173220338983052
decision_type=9 2 2 2 1 2 2 2 2 2 8 2 2 10
left_child=1 2 4 5 -1 -2 13 -8 9 -9 11 -6 -11 -5
right_child=3 -3 -4 6 10 -7 7 8 -10 12 -12 -13 -14 -15
leaf_value=0.0012076768692775924 -0.00035796972734980883 0.0016304301191631188 -0.0019753714549638653 0.00012641441444208803 -0.0011527366208444749 -0.0024900431055713923 0.00064857741674958645 -0.0022294113664255342 6.3478843840391867e-05 0.00053334585648565362 -0.0014781738999802957 0.0011888685859023378 -0.0012795537265508875 0.0013756323156729519
leaf_weight=113 161 137 276 6064 140 101 264 187 278 127 216 130 182 158
leaf_count=113 161 137 276 6064 140 101 264 187 278 127 216 130 182 158
internal_value=-2.55189e-05 -0.000488655 -0.000826027 3.73908e-05 -0.000296447 -0.00117988 8.13712e-05 -0.000378779 -0.000729195 -0.00117348 -0.000657491 -2.52971e-05 -0.000534446 0.000158137
internal_weight=8534 1012 875 7522 599 262 7260 1038 774 496 486 270 309 6222
internal_count=8534 1012 875 7522 599 262 7260 1038 774 496 486 270 309 6222
cat_boundaries=0 1 2
cat_threshold=1075880583 16
is_linear=0
shrinkage=0.03


Tree=176
num_leaves=15
num_cat=3
split_feature=25 6 0 21 37 31 27 0 0 37 31 31 37 31
split_gain=0.238992 0.633929 0.617756 0.602023 0.963105 0.416547 0.391005 0.587287 0.386781 0.355227 0.659148 1.08788 0.553967 0.424421
threshold=0.24195121951219514 2.5000000000000004 17.500000000000004 125.83333333333336 0 0.1799720450492425 12.999809027777781 7.5000000000000009 6.5000000000000009 1 1.2808240993126334 1.8510756265247286 2 1.0611799304874792
decision_type=10 2 2 2 9 8 2 2 2 9 8 8 9 10
left_child=1 3 5 4 8 -2 -5 -8 -1 10 13 12 -12 -7
right_child=2 -3 -4 6 -6 9 7 -9 -10 -11 11 -13 -14 -15
leaf_value=0.0032459786653998889 0.0019087129700230436 0.0024674828539570886 -0.002289777483172723 -0.0019994605228177182 1.0624872593087007e-05 -0.00088957531098692142 0.0014747391786358063 -0.0014670099156670444 0.0011125145852933392 6.3133659901375968e-05 0.0027960183238004296 -0.00074476263025038253 -2.0571797117519811e-05 -0.0031968132511140143
leaf_weight=128 100 118 109 155 905 210 116 129 190 5376 134 648 121 109
leaf_count=128 100 118 109 155 905 210 116 129 190 5376 134 648 121 109
internal_value=3.07724e-05 0.000344432 -4.94512e-05 0.000190076 0.000520511 -1.29932e-05 -0.000820227 -7.41818e-05 0.00191117 -4.21188e-05 -0.000501573 -9.15553e-05 0.00156836 -0.00167794
internal_weight=8548 1741 6807 1623 1223 6698 400 245 318 6598 1222 903 255 319
internal_count=8548 1741 6807 1623 1223 6698 400 245 318 6598 1222 903 255 319
cat_boundaries=0 1 2 3
cat_threshold=2418049026 2695106727 2686451714
is_linear=0
shrinkage=0.03


Tree=177
num_leaves=15
num_cat=2
split_feature=37 32 13 17 1 24 29 23 24 31 38 1 23 37
split_gain=0.291263 0.391917 0.506385 0.428149 0.353129 0.775187 0.581246 0.424035 0.40479 0.346642 0.290799 0.287954 0.321065 0.260297
threshold=0 3.5000000000000004 0.50000000000000011 1.0000000180025095e-35 31.500000000000004 26.866833333333421 1.5000000000000002 78.500000000000014 37.745500000001051 1.548166151126823 2.1859767436981206 68.500000000000014 127.50000000000001 1
decision_type=9 2 2 2 2 10 2 2 10 10 2 2 2 9
left_child=1 3 4 13 6 -6 7 -3 -7 -5 -2 12 -10 -1
right_child=10 2 -4 9 5 8 -8 -9 11 -11 -12 -13 -14 -15
leaf_value=0.00097814844702174934 0.00011295495098995861 -0.00045691506648186728 0.0020810674433596431 -0.0022261022438345075 -0.0012873540375093594 0.0025590327357909136 0.00079158233999264199 -0.0025058261464422972 0.0022990035292549203 -0.00032732289490052202 0.0017443627923494204 -0.00050281757417083915 4.1432915541174062e-05 -0.00047731876268090737
leaf_weight=121 5908 224 108 224 179 117 178 153 117 141 100 146 110 727
leaf_count=121 5908 224 108 224 179 117 178 153 117 141 100 146 110 727
internal_value=2.59961e-05 -0.000242438 0.000111874 -0.000633509 -6.18779e-05 0.000402242 -0.000621331 -0.00128844 0.00101946 -0.0014926 0.000139876 0.000536541 0.00120503 -0.000263734
internal_weight=8553 2545 1332 1213 1224 669 555 377 490 365 6008 373 227 848
internal_count=8553 2545 1332 1213 1224 669 555 377 490 365 6008 373 227 848
cat_boundaries=0 1 2
cat_threshold=1486193291 134250624
is_linear=0
shrinkage=0.03


Tree=178
num_leaves=15
num_cat=1
split_feature=27 25 22 37 33 22 22 25 30 26 32 32 6 0
split_gain=0.273702 0.278476 0.501082 0.467561 0.427777 0.53854 0.876083 0.4348 0.387009 0.640734 0.56765 0.447586 0.428603 0.372091
threshold=30.998709490740744 0.24195121951219514 102.42400000000002 0 1.0000000180025095e-35 1461.1986250000002 2305.2523750000005 0.47913043478260875 65.500000000000014 0.067972350230414758 5.5000000000000009 7.5000000000000009 1.0000000180025095e-35 6.5000000000000009
decision_type=2 10 2 9 2 2 2 10 2 8 2 2 2 2
left_child=1 2 -1 -3 -5 13 -7 -8 9 12 -10 -12 -4 -6
right_child=-2 3 8 4 5 6 7 -9 10 -11 11 -13 -14 -15
leaf_value=-0.0013055168964028047 0.0011065027319146171 -0.00067882509074548554 0.0012828286390621009 -0.00016867365348040603 -0.00071413086272654525 0.003695126286143898 -0.00066192724983385931 0.0019364962980465193 -0.00057747011918988101 0.0031394346836148886 0.0020818282895762583 0.00021239230286508183 -0.00072901172010460865 0.00052541475579941815
leaf_weight=161 189 1168 271 4133 337 109 136 101 527 111 170 358 147 617
leaf_count=161 189 1168 271 4133 337 109 136 101 527 111 170 358 147 617
internal_value=-2.24267e-05 -4.7992e-05 0.000289049 -0.00013709 -1.93417e-05 0.00045527 0.00146917 0.000445418 0.000451123 0.00111334 0.000119072 0.000814294 0.000575315 8.75459e-05
internal_weight=8535 8346 1745 6601 5433 1300 346 237 1584 529 1055 528 418 954
internal_count=8535 8346 1745 6601 5433 1300 346 237 1584 529 1055 528 418 954
cat_boundaries=0 1
cat_threshold=2695401477
is_linear=0
shrinkage=0.03


Tree=179
num_leaves=15
num_cat=3
split_feature=19 24 30 24 37 23 35 7 30 28 24 35 23 30
split_gain=0.313701 0.507219 0.514109 0.410263 0.400445 0.707977 0.370626 0.611173 0.359104 0.357701 0.388456 0.374424 0.341142 0.322838
threshold=1.0000000180025095e-35 53.570333333333231 166.25000000000003 7.486666666665756 0 96.500000000000014 1 1.0000000180025095e-35 249.05000000000004 6.3179513888888899 37.745500000001051 2 17.500000000000004 240.05000000000004
decision_type=2 8 2 8 9 2 1 2 2 2 10 1 2 2
left_child=3 -2 -3 6 5 9 -1 -8 13 10 -5 -11 -12 -6
right_child=1 2 -4 4 8 -7 7 -9 -10 11 12 -13 -14 -15
leaf_value=0.00081768139040962391 0.0010569730644912102 -0.0027121394030328789 -0.00040317756071617115 -0.0017314301651197115 0.00021072315813325362 -0.0019563002068471781 -0.0026381656490380599 -0.00035334662777284194 -0.00035710946826844316 -0.00033926385203403964 -0.0016915150801651178 0.0016666958957714747 0.000208416714856412 0.0015437634629280081
leaf_weight=102 102 146 214 169 5032 225 163 298 1038 159 102 166 512 169
leaf_count=102 102 146 214 169 5032 225 163 298 1038 159 102 166 512 169
internal_value=-5.00413e-05 -0.000810479 -0.00133959 -6.85485e-06 5.1238e-05 -0.000418914 -0.000788167 -0.00113656 0.000152116 -0.0001105 -0.000457774 0.000726163 -0.000107207 0.000254039
internal_weight=8597 462 360 8135 7572 1333 563 461 6239 1108 783 325 614 5201
internal_count=8597 462 360 8135 7572 1333 563 461 6239 1108 783 325 614 5201
cat_boundaries=0 1 2 3
cat_threshold=4465183 2 9
is_linear=0
shrinkage=0.03


Tree=180
num_leaves=15
num_cat=2
split_feature=9 24 32 1 37 1 26 31 29 37 32 23 1 22
split_gain=0.245431 0.304222 0.320318 0.338425 0.800344 0.679202 0.837891 0.537385 0.536568 0.455079 0.537358 0.508191 0.479807 0.416924
threshold=0.83335000000000015 973.2273333333527 19.500000000000004 35.500000000000007 0 46.500000000000007 0.02355875831485588 1.1912860821249494 3.5000000000000004 1 5.5000000000000009 174.00000000000003 2.5000000000000004 650.11983333333342
decision_type=2 8 2 2 9 2 8 10 2 9 2 2 2 2
left_child=1 2 3 9 5 13 7 -7 -9 10 -1 -11 -12 -5
right_child=-2 -3 -4 4 -6 6 -8 8 -10 11 12 -13 -14 -15
leaf_value=0.0023799696434605934 -0.0013488187260411091 0.0012491027573875294 -0.00029216728914567553 0.0010170378723322708 -1.1323376968055156e-05 -0.0012623820381017082 0.0022071600165958936 0.0011497247818953191 -0.0012697614761803051 -0.00034249236820439597 0.0014025351525967435 0.0015157364577254547 -0.0010317375073849873 0.0034646928333174841
leaf_weight=136 114 187 2125 114 2002 193 220 372 106 2458 136 140 157 139
leaf_count=136 114 187 2125 114 2002 193 220 372 106 2458 136 140 157 139
internal_value=3.39047e-05 5.24822e-05 2.55157e-05 0.000134875 0.000352762 0.000981432 0.000600492 7.37156e-05 0.000613186 -9.15776e-05 0.00080282 -0.000241428 9.81638e-05 0.0023618
internal_weight=8599 8485 8298 6173 3146 1144 891 671 478 3027 429 2598 293 253
internal_count=8599 8485 8298 6173 3146 1144 891 671 478 3027 429 2598 293 253
cat_boundaries=0 1 2
cat_threshold=1214815266 70779673
is_linear=0
shrinkage=0.03


Tree=181
num_leaves=15
num_cat=3
split_feature=38 1 24 31 21 1 13 37 37 34 5 38 24 37
split_gain=0.226874 0.241712 0.240436 0.416889 0.77083 0.585405 0.578125 0.675822 0.526628 0.470456 0.508503 0.40791 0.396452 0.517371
threshold=1.057650148868561 27.500000000000004 45.290999999999777 1.1585652028159574 114.53333333333335 42.500000000000007 1.0000000180025095e-35 0 1 1.0000000180025095e-35 0.085150000000000017 1.3981046676635744 28.479666666670241 2
decision_type=2 2 8 8 2 2 2 9 9 2 2 2 10 9
left_child=1 -1 3 5 6 -2 8 9 -5 10 -8 -9 13 -7
right_child=2 -3 -4 4 -6 12 7 11 -10 -11 -12 -13 -14 -15
leaf_value=-0.0012802166372584279 -0.0012388573400826464 -3.6417529747054417e-05 -2.0256508577559861e-05 0.0025688936501186087 0.0030446051977950773 0.0011613888103190972 -0.0006402670848420916 3.1850958325187952e-05 0.0005824877958404708 0.00041203016705255497 -0.0031963604609770357 0.0022691278261955565 0.0016979043599327696 -0.0016653405157301354
leaf_weight=232 310 357 5696 151 109 105 196 170 560 171 109 129 153 109
leaf_count=232 310 357 5696 151 109 105 196 170 560 171 109 129 153 109
internal_value=4.18243e-05 -0.000526335 8.38231e-05 0.000344755 0.000609508 -0.000278999 0.000430891 -0.000135879 0.00104868 -0.00083012 -0.00155376 0.000964829 0.000531781 -0.000301943
internal_weight=8557 589 7968 2272 1595 677 1486 775 711 476 305 299 367 214
internal_count=8557 589 7968 2272 1595 677 1486 775 711 476 305 299 367 214
cat_boundaries=0 1 2 3
cat_threshold=951582850 12058752 840957952
is_linear=0
shrinkage=0.03


Tree=182
num_leaves=15
num_cat=0
split_feature=21 38 24 31 21 31 23 17 28 1 24 24 31 1
split_gain=0.303381 0.319826 0.315003 0.268111 0.225965 0.178964 0.459202 0.494184 0.482747 0.636966 0.616323 0.513627 0.477757 0.380476
threshold=261.66666666666669 2.1859767436981206 1.8535000000000084 0.28611556982343506 42.333333333333336 1.0823369463999704 65.500000000000014 1.0000000180025095e-35 1.0000000180025095e-35 18.500000000000004 103.51366666666524 103.51366666666524 0.7723285486443382 37.500000000000007
decision_type=2 2 8 8 2 10 2 2 2 2 8 10 8 2
left_child=1 2 -1 4 -4 6 8 -8 9 10 -5 12 -11 -7
right_child=-2 -3 3 5 -6 13 7 -9 -10 11 -12 -13 -14 -15
leaf_value=-0.0012143522222692155 -0.0016403256349339342 0.0014460669254944861 9.4108254934596546e-05 0.003245532239756745 0.0021008732262076716 -0.00016429724677435612 -0.00043433510308834509 -0.002574404191740967 -0.0007755091257827415 0.00068581530121750688 0.00021748467381985391 0.0018226844534314798 -0.0013386185608434641 0.0003043771427842079
leaf_weight=191 101 138 101 122 101 3191 312 141 442 172 120 101 269 3048
leaf_count=191 101 138 101 122 101 3191 312 141 442 172 120 101 269 3048
internal_value=-5.86635e-06 1.36721e-05 -1.01121e-05 1.82142e-05 0.00109749 -9.31971e-06 -0.000284254 -0.00110045 1.73255e-05 0.000464306 0.00174402 -0.000107079 -0.000549043 6.46689e-05
internal_weight=8550 8449 8311 8120 202 7918 1679 453 1226 784 242 542 441 6239
internal_count=8550 8449 8311 8120 202 7918 1679 453 1226 784 242 542 441 6239
is_linear=0
shrinkage=0.03


Tree=183
num_leaves=15
num_cat=2
split_feature=37 31 37 31 38 38 9 21 5 23 21 28 19 26
split_gain=0.293505 0.243214 0.252848 0.241879 0.404851 0.210701 0.181961 0.312783 0.725008 0.353465 0.185412 0.212752 0.58139 0.547599
threshold=0 2.6050267885282072 1 1.7262355831286176 1.4116935133934023 1.7780700922012331 1.0000000180025095e-35 6.166666666666667 0.11940000000000002 44.500000000000007 9.9166666666666696 4.0796238425925937 1.0000000180025095e-35 0.04083333333333334
decision_type=9 8 9 10 2 2 2 2 2 2 2 2 2 8
left_child=1 3 -3 4 -1 -6 7 8 9 -2 -9 -12 13 -13
right_child=6 2 -4 -5 5 -7 -8 10 -10 -11 11 12 -14 -15
leaf_value=-0.0016918997202966628 0.00088405729193350682 9.1233984070330322e-05 -0.0016791397069018431 0.00080422348997672094 0.00048271919354139011 -0.0011032469945904963 -0.0011398095811008039 -0.0012193384570727015 -0.00069984015484806142 0.003296570141932794 -6.1389880892856683e-05 1.2915445658917392e-05 0.0025026667731992132 0.0012875240858876418
leaf_weight=168 114 113 221 180 289 102 109 102 144 105 4266 2157 102 353
leaf_count=168 114 113 221 180 289 102 109 102 144 105 4266 2157 102 353
internal_value=9.86596e-06 -0.000451675 -0.00112772 -0.000152239 -0.000460223 6.89889e-05 7.68254e-05 9.49898e-05 0.000953569 0.00204074 5.03388e-05 6.9168e-05 0.000282399 0.000192173
internal_weight=8525 1073 334 739 559 391 7452 7343 363 219 6980 6878 2612 2510
internal_count=8525 1073 334 739 559 391 7452 7343 363 219 6980 6878 2612 2510
cat_boundaries=0 1 2
cat_threshold=1627751387 33360
is_linear=0
shrinkage=0.03


Tree=184
num_leaves=15
num_cat=2
split_feature=38 37 1 22 1 35 23 0 24 25 5 38 30 23
split_gain=0.30779 0.651099 0.612102 1.55635 0.866337 0.582044 0.832014 0.590851 0.603283 0.574295 0.544485 0.523325 0.505323 0.413896
threshold=1.6598359346389773 0 17.500000000000004 878.75000000000011 31.500000000000004 1 31.500000000000004 6.5000000000000009 28.082333333333086 0.21937500000000001 0.21825000000000003 1.7994787693023684 125.37500000000001 111.50000000000001
decision_type=2 9 2 2 2 1 2 2 10 10 2 2 2 2
left_child=1 -1 3 -2 11 6 -6 10 -9 -7 -8 -4 -13 -10
right_child=2 -3 4 -5 5 9 7 8 13 -11 -12 12 -14 -15
leaf_value=0.0010948217284637966 0.0028268864123339957 -1.6036863666433676e-05 -0.002930415687325565 -0.00044131943033180775 0.0021353697760863916 -0.0028708495945996932 -0.0023782274669473537 -0.0015782279533966671 -6.6400788493763745e-05 -0.00053650112033545242 3.7777602414026595e-05 0.00065955507122063338 -0.002089812952001991 0.0017737650894344334
leaf_weight=513 187 5164 187 439 171 111 164 106 201 652 172 112 130 243
leaf_count=513 187 5164 187 439 171 111 164 106 201 652 172 112 130 243
internal_value=-4.18321e-05 8.62457e-05 -0.000294736 0.000534966 -0.00052568 -0.000239813 0.000217435 -0.000150277 0.000455248 -0.000864765 -0.00114146 -0.00173845 -0.000817378 0.000940717
internal_weight=8552 5677 2875 626 2249 1820 1057 886 550 763 336 429 242 444
internal_count=8552 5677 2875 626 2249 1820 1057 886 550 763 336 429 242 444
cat_boundaries=0 1 2
cat_threshold=276832321 14
is_linear=0
shrinkage=0.03


Tree=185
num_leaves=15
num_cat=4
split_feature=35 26 37 37 37 31 1 22 27 24 24 24 1 32
split_gain=0.295984 0.537175 0.84539 0.522903 0.421449 0.66111 0.523376 0.4246 0.413566 0.389862 0.386764 0.368101 0.366815 0.315382
threshold=0 0.054093567251461992 1 2 3 2.6050267885282072 31.500000000000004 280.4500000000001 17.423611111111114 7.486666666665756 26.342833333332095 15.200166666666847 31.500000000000004 1.5000000000000002
decision_type=1 8 9 9 9 10 2 2 2 8 8 10 2 2
left_child=1 4 -3 -2 10 7 -7 -6 9 -5 11 -1 -9 -12
right_child=3 2 -4 8 5 6 -8 12 -10 -11 13 -13 -14 -15
leaf_value=0.0003512027734840238 -0.000960011853850032 -0.0014422227718954427 0.00038359280978160948 -0.0015346604831131638 0.0014414229415425661 0.0008808528628045072 0.0037129137565974483 -0.0011149049333283347 0.00145682116656994 -2.1251793487312132e-05 0.0015486951759953241 0.0025684424089092127 0.00077410105691594355 -2.7709835168600037e-05
leaf_weight=185 720 462 439 167 197 126 110 209 156 1853 118 106 166 3566
leaf_count=185 720 462 439 167 197 126 110 209 156 1853 118 106 166 3566
internal_value=-1.83793e-05 0.000107397 -0.000564368 -0.000264698 0.000234166 0.000854345 0.00220088 0.000313717 -3.12918e-05 -0.00014637 0.000105686 0.00115886 -0.000278705 2.27831e-05
internal_weight=8580 5684 901 2896 4783 808 236 572 2176 2020 3975 291 375 3684
internal_count=8580 5684 901 2896 4783 808 236 572 2176 2020 3975 291 375 3684
cat_boundaries=0 1 2 3 4
cat_threshold=26 2424311811 2298783757 3294644244
is_linear=0
shrinkage=0.03


Tree=186
num_leaves=15
num_cat=2
split_feature=31 31 37 38 17 38 38 38 30 28 22 30 37 22
split_gain=0.18426 0.563107 0.547206 0.850633 0.874838 0.397819 0.611605 0.416494 0.325018 0.485468 0.295097 0.387178 0.369597 0.330579
threshold=2.4965495079846103 2.4177913468856578 0 2.0029230117797856 1.0000000180025095e-35 1.6567754149436953 1.5483998060226443 1.4087955355644228 39.500000000000007 1.8198611111111114 814.45000000000016 233.10000000000002 1 1443.4020000000003
decision_type=8 10 9 2 2 2 2 2 2 2 2 2 9 2
left_child=1 -1 3 4 8 6 7 10 -2 -10 12 -12 -4 -13
right_child=2 -3 5 -5 -6 -7 -8 -9 9 -11 11 13 -14 -15
leaf_value=0.00010305497708057116 0.0020718696612945136 0.0021311369219828131 -0.0019682840839593016 0.002987989511414939 -0.00153701186082706 -0.0010724468225588001 0.0012956693124611227 -0.0011777333698487033 -0.0012379446350845745 0.0012428009874341005 0.0016026050298763761 0.0011144963366627369 -1.0473400918551934e-06 -0.00090970719506760806
leaf_weight=5574 139 126 117 110 196 572 226 416 113 191 174 115 276 197
leaf_count=5574 139 126 117 110 196 572 226 416 113 191 174 115 276 197
internal_value=4.95006e-05 0.000147886 -0.000147825 0.000544007 0.000131804 -0.00039611 -0.000144365 -0.000395676 0.000870152 0.000320682 -2.55558e-05 0.000468741 -0.000636823 -0.000163607
internal_weight=8542 5700 2842 749 639 2093 1521 1295 443 304 879 486 393 312
internal_count=8542 5700 2842 749 639 2093 1521 1295 443 304 879 486 393 312
cat_boundaries=0 1 2
cat_threshold=320864504 2147526656
is_linear=0
shrinkage=0.03


Tree=187
num_leaves=15
num_cat=0
split_feature=24 1 30 32 1 30 30 27 30 1 30 30 13 24
split_gain=0.267397 0.352914 0.480458 0.400506 0.33878 0.463175 0.201057 0.193805 0.268525 0.902522 0.481132 0.547557 0.441383 0.63793
threshold=15.979166666666389 32.500000000000007 30.165000000000003 6.5000000000000009 81.500000000000014 55.500000000000007 49.500000000000007 6.9996585648148155 50.500000000000007 3.5000000000000004 58.500000000000007 62.500000000000007 1.0000000180025095e-35 107.82050000000076
decision_type=8 2 2 2 2 2 2 2 2 2 2 2 2 10
left_child=1 2 -1 -4 5 -3 -6 -2 9 -9 -10 -12 13 -11
right_child=7 4 3 -5 6 -7 -8 8 10 12 11 -13 -14 -15
leaf_value=-0.0011571478685280974 -0.00087932342412098052 -0.00045378106486000463 0.0023181494039435607 -8.8302034318370082e-05 -0.00080306834742819211 -0.0026754891026595775 0.00086729994068878715 0.0029456330965896525 -0.0012951565319244578 0.000195615310232909 0.0022193146379028733 2.2627981619091538e-05 -0.00022456111685530364 0.0024934248078036791
leaf_weight=140 189 173 117 133 156 165 111 121 245 344 104 5667 757 159
leaf_count=140 189 173 117 133 156 165 111 121 245 344 104 5667 757 159
internal_value=8.64951e-06 -0.000453758 0.000249945 0.00103792 -0.000907385 -0.00153834 -0.000108646 6.93002e-05 9.35384e-05 0.0004708 6.93619e-06 6.22148e-05 0.000233138 0.000921961
internal_weight=8581 995 390 250 605 338 267 7586 7397 1381 6016 5771 1260 503
internal_count=8581 995 390 250 605 338 267 7586 7397 1381 6016 5771 1260 503
is_linear=0
shrinkage=0.03


Tree=188
num_leaves=15
num_cat=1
split_feature=38 26 37 14 31 31 28 31 31 23 22 26 28 28
split_gain=0.298337 0.223765 0.257865 0.28426 0.279155 0.74628 0.40233 0.311551 0.274286 0.363265 0.25821 0.257027 0.22692 0.261855
threshold=0.86533108353614818 0.21000000000000005 0 1.5000000000000002 1.5201026298909559 1.783196239717979 0.93167824074074079 2.6950646800153701 1.2900987958515222 14.500000000000002 15.187500000000002 0.05634920634920635 26.983998842592595 6.3179513888888899
decision_type=2 8 9 2 8 8 2 10 10 2 2 10 2 2
left_child=-1 2 10 -4 6 -6 8 -7 9 -5 -2 -11 13 -12
right_child=1 -3 3 4 5 7 -8 -9 -10 11 12 -13 -14 -15
leaf_value=-0.001575977227443622 0.0012317608859822419 0.0013136698542317996 0.00072645602665622443 0.0012383329555386083 0.0020673224551436037 -2.7279765367180712e-05 -0.0025717110578286442 -0.0014590536091854359 -0.0017193026029427771 8.5862313630059354e-05 -6.1195533459792737e-05 -0.001967926599122215 -0.0012919880823794735 0.00034896860685002776
leaf_weight=108 168 117 187 113 117 370 118 217 142 120 4596 101 113 2015
leaf_count=108 168 117 187 113 117 370 118 217 142 120 4596 101 113 2015
internal_value=-9.15606e-06 1.07658e-05 -7.43157e-06 -0.000364624 -0.000524622 -0.000120499 -0.00100358 -0.000556573 -0.000614845 -0.000145286 6.99592e-05 -0.000852747 4.10355e-05 6.38205e-05
internal_weight=8602 8494 8377 1485 1298 704 594 587 476 334 6892 221 6724 6611
internal_count=8602 8494 8377 1485 1298 704 594 587 476 334 6892 221 6724 6611
cat_boundaries=0 1
cat_threshold=2598377716
is_linear=0
shrinkage=0.03


Tree=189
num_leaves=15
num_cat=2
split_feature=31 38 37 38 37 31 24 27 38 31 24 24 38 27
split_gain=0.209932 0.601428 0.51658 0.564763 0.467726 0.486266 0.386018 0.355221 0.520271 0.351407 0.287532 0.33045 0.307409 0.309566
threshold=2.4757543249946594 2.0029230117797856 0 1.8922039866447451 1 2.4004002287021158 563.21849999999165 11.312019675925928 1.2626175284385683 2.3393548387096779 25.289333333333637 48.29916666666665 1.6391403675079348 13.99935763888889
decision_type=8 2 9 2 9 10 10 2 2 10 10 10 2 2
left_child=4 2 3 6 -1 7 -2 8 -6 -9 -4 -12 13 -13
right_child=1 -3 10 -5 5 -7 -8 9 -10 -11 11 12 -14 -15
leaf_value=-0.00060620561565876633 0.00018882591599636407 0.001549626318985518 -0.0020719073254535161 -0.0022492192656096846 -0.00068866825386193454 0.0022374100438045229 -0.0013577994004436681 0.00011178196794330725 0.0017105016960023748 -0.0015408942925728107 0.00079193417353769842 0.00054840673110447815 -0.0023764047925483043 -0.0011684537855850066
leaf_weight=764 1678 161 169 101 115 102 159 4295 278 119 113 138 114 300
leaf_count=764 1678 161 169 101 115 102 159 4295 278 119 113 138 114 300
internal_value=-2.68509e-05 -0.000232919 -0.000336451 -6.47902e-05 7.96884e-05 0.000187289 5.49591e-05 0.000144177 0.00100845 6.72264e-05 -0.000955486 -0.000686132 -0.000988707 -0.000627525
internal_weight=8606 2933 2772 1938 5673 4909 1837 4807 393 4414 834 665 552 438
internal_count=8606 2933 2772 1938 5673 4909 1837 4807 393 4414 834 665 552 438
cat_boundaries=0 1 2
cat_threshold=453036784 302317604
is_linear=0
shrinkage=0.03


Tree=190
num_leaves=15
num_cat=0
split_feature=27 38 21 21 22 13 22 38 31 24 25 24 24 31
split_gain=0.311444 0.26129 0.315381 0.39984 0.341568 0.521669 0.410512 0.429561 0.640672 0.400053 0.484255 0.265935 0.792114 0.566184
threshold=6.9996585648148155 1.057650148868561 38.333333333333336 41.166666666666679 1650.9240000000002 1.0000000180025095e-35 1333.0312500000002 1.905056953430176 0.73226861167002022 22.589500000000992 0.40833333333333338 263.3524999999924 185.87033333333386 1.2585729879880547
decision_type=2 2 2 2 2 2 2 2 8 8 8 10 10 10
left_child=-1 -2 4 -4 6 -6 7 8 -3 10 -10 12 -5 -14
right_child=1 2 3 11 5 -7 -8 -9 9 -11 -12 -13 13 -15
leaf_value=-0.0011383445615576085 -0.00054028639489432596 0.0019857840798861368 -0.0012766556980245759 0.00012833151822423918 0.00018408516747107313 0.0030740036147513558 -0.0014280675099535773 0.0019777537384773796 -0.0016315946940727451 0.00034866720263079744 0.00060131910959248765 0.00040705877551374916 0.00069711589391916178 -0.0013476258755261191
leaf_weight=196 585 176 213 3285 121 105 117 144 230 1161 141 1386 152 615
leaf_count=196 585 176 213 3285 121 105 117 144 230 1161 141 1386 152 615
internal_value=4.38612e-05 7.13446e-05 0.000116948 -1.59325e-06 0.000422131 0.00152675 0.000295344 0.000404221 0.000271557 7.46226e-05 -0.000782967 4.83494e-05 -7.43483e-05 -0.00094241
internal_weight=8627 8431 7846 5651 2195 226 1969 1852 1708 1532 371 5438 4052 767
internal_count=8627 8431 7846 5651 2195 226 1969 1852 1708 1532 371 5438 4052 767
is_linear=0
shrinkage=0.03


Tree=191
num_leaves=15
num_cat=4
split_feature=37 38 5 0 37 24 7 38 26 30 30 17 36 35
split_gain=0.235366 0.642198 0.572406 0.666521 0.407598 0.395738 0.341972 0.241282 0.496787 0.642412 0.722404 0.883696 0.645054 0.510309
threshold=0 1.5980411171913149 0.11435000000000002 6.5000000000000009 1 6.5023333333351196 1.0000000180025095e-35 1.7187352180480959 1.0000000180025095e-35 162.12500000000003 222.10000000000002 1.0000000180025095e-35 2 3
decision_type=9 2 2 2 9 10 2 2 10 2 2 2 9 1
left_child=1 4 3 -3 -1 -5 -6 -2 -9 12 -11 -12 -10 -14
right_child=7 2 -4 5 6 -7 -8 8 9 10 11 -13 13 -15
leaf_value=-0.0015836336006641431 3.567171113990066e-05 0.0037257225117765555 -0.00014727062443181731 -0.00021067177433883996 0.0014220213625357365 0.0023234989321998111 -0.0004048222774652707 -0.00125953142206075 -0.0014141340831561283 0.0019255093343866951 0.001084528293547919 -0.0024473077897531558 -0.00057005133745331802 0.0011845637581173981
leaf_weight=150 5499 117 195 123 138 101 278 425 424 249 160 106 382 231
leaf_count=150 5499 117 195 123 138 101 278 425 424 249 160 106 382 231
internal_value=-5.9484e-06 0.000401321 0.00114917 0.00189053 -0.000299793 0.000931968 0.000196475 -6.643e-05 -0.000350761 -0.000101903 0.000764198 -0.000322895 -0.000532029 9.95501e-05
internal_weight=8578 1102 536 341 566 224 416 7476 1977 1552 515 266 1037 613
internal_count=8578 1102 536 341 566 224 416 7476 1977 1552 515 266 1037 613
cat_boundaries=0 1 2 3 4
cat_threshold=1211118762 137363456 48 9
is_linear=0
shrinkage=0.03


Tree=192
num_leaves=15
num_cat=0
split_feature=31 1 26 31 17 31 28 31 38 32 38 23 22 24
split_gain=0.213249 0.526599 0.332092 0.329819 0.341713 0.568864 0.430578 0.410517 0.367439 0.349556 0.313208 0.312056 0.318797 0.261522
threshold=5.1020956475013444 85.500000000000014 0.15142857142857144 4.6669339748730296 1.5000000000000002 1.1800279787006078 5.2386516203703719 1.7370912872960502 1.6276851892471316 33.500000000000007 1.4053131937980654 112.50000000000001 1349.3500000000001 172.41716666666329
decision_type=10 2 8 10 2 10 2 10 2 2 2 2 2 10
left_child=2 11 3 4 9 -6 7 -7 -9 13 -11 -2 -13 -1
right_child=1 -3 -4 -5 5 6 -8 8 -10 10 -12 12 -14 -15
leaf_value=0.00016256222750193609 -0.0014644417002144098 0.0012302879954493322 0.0014265735763340898 0.0015490560119102641 -0.001933194133253502 0.00090098525510960009 0.0016707398664370615 2.9069519336890738e-05 -0.00233264931274775 6.6820973150649108e-05 0.0023588986557375132 0.0011994291976090996 -0.0011387467061421861 -0.00023672754456153912
leaf_weight=4513 338 129 157 127 210 119 102 109 130 103 112 103 107 2194
leaf_count=4513 338 129 157 127 210 119 102 109 130 103 112 103 107 2194
internal_value=1.67253e-05 -0.000494208 6.06438e-05 3.28616e-05 7.49847e-06 -0.000639424 -4.87894e-05 -0.000538711 -0.00125555 7.01159e-05 0.00126083 -0.000900157 8.0729e-06 3.19462e-05
internal_weight=8553 677 7876 7719 7592 670 460 358 239 6922 215 548 210 6707
internal_count=8553 677 7876 7719 7592 670 460 358 239 6922 215 548 210 6707
is_linear=0
shrinkage=0.03


Tree=193
num_leaves=15
num_cat=1
split_feature=24 32 37 28 28 32 0 7 21 27 0 22 24 24
split_gain=0.313304 0.309729 0.244217 0.251583 0.707233 0.533558 0.752191 0.367158 0.650276 0.459628 0.44237 0.460542 0.326958 0.549401
threshold=533.18250000001296 15.500000000000002 0 8.3192303240740753 7.9362789351851868 22.500000000000004 4.5000000000000009 1.5000000000000002 120.05833333333335 30.512980324074078 4.5000000000000009 998.9652500000002 252.39966666666822 157.05049999999582
decision_type=10 2 9 2 2 2 2 2 2 2 2 2 10 10
left_child=2 -2 -1 4 7 6 -5 9 10 -4 -9 -12 13 -8
right_child=1 -3 3 5 -6 -7 12 8 -10 -11 11 -13 -14 -15
leaf_value=-0.00036252851355113395 8.647078083137447e-05 -0.0016145462444068731 0.00012628027043601439 0.0021242252573664363 0.0025950487915623009 -0.0011189208140272276 -3.0407692545462816e-05 -7.7172533557232886e-05 -0.000643962797788637 -0.0014193253733683377 0.0010954783464727069 0.0035305617632998506 0.0010310021974666078 -0.0019206930688132754
leaf_weight=1163 178 210 4558 146 109 437 676 108 175 180 157 126 168 174
leaf_count=1163 178 210 4558 146 109 437 676 108 175 180 157 126 168 174
internal_value=-1.22688e-06 -0.000834183 3.8297e-05 0.000105125 0.000202989 -0.000225096 0.000110472 0.000153831 0.000875994 6.75616e-05 0.00155628 0.00217965 -0.000178338 -0.00041736
internal_weight=8565 388 8177 7014 5413 1601 1164 5304 566 4738 391 283 1018 850
internal_count=8565 388 8177 7014 5413 1601 1164 5304 566 4738 391 283 1018 850
cat_boundaries=0 1
cat_threshold=620777622
is_linear=0
shrinkage=0.03


Tree=194
num_leaves=15
num_cat=0
split_feature=25 31 30 19 1 38 0 23 32 28 28 30 31 22
split_gain=0.234649 0.437491 0.762316 0.327186 0.307681 0.463954 0.29357 0.289548 0.703128 0.658683 0.752663 0.507425 0.311621 0.467565
threshold=0.36181818181818187 1.0823369463999704 25.250000000000004 1.0000000180025095e-35 51.500000000000007 1.6356540322303774 8.5000000000000018 90.500000000000014 3.5000000000000004 8.4320428240740757 1.8198611111111114 83.500000000000014 0.48064734522197577 1095.0500000000004
decision_type=10 8 2 2 2 2 2 2 2 2 2 2 8 2
left_child=3 2 6 7 5 -4 -2 12 11 10 -10 -9 13 -1
right_child=1 -3 4 -5 -6 -7 -8 8 9 -11 -12 -13 -14 -15
leaf_value=-2.9528721813754789e-05 0.0012625073702414132 -2.4186796816032201e-05 -0.0024365969958347737 -0.001433845798318595 -0.0029056584030245974 0.00037845754900070678 -0.0008471793832607789 0.0011373544061290366 0.0012210697962930707 -0.00046634571880881245 0.0043830096241068628 -0.0016173222489120002 -4.3720624527159891e-06 0.0025445923233400631
leaf_weight=145 144 4818 109 106 136 102 101 105 198 104 103 141 2192 113
leaf_count=145 144 4818 109 106 136 102 101 105 198 104 103 141 2192 113
internal_value=1.7797e-06 -0.000118753 -0.000888378 0.00020511 -0.00179296 -0.00107576 0.0003928 0.000261134 0.000823505 0.00159191 0.00230306 -0.000441546 0.000111704 0.0010979
internal_weight=8617 5410 592 3207 347 211 245 3101 651 405 301 246 2450 258
internal_count=8617 5410 592 3207 347 211 245 3101 651 405 301 246 2450 258
is_linear=0
shrinkage=0.03


Tree=195
num_leaves=15
num_cat=0
split_feature=31 1 38 30 25 5 22 22 22 13 27 21 30 29
split_gain=0.281507 0.555398 0.41339 0.378857 0.369081 0.525405 0.379157 0.331848 0.70017 1.00847 0.301888 0.296144 1.01682 0.438044
threshold=1.5126086035176944 65.500000000000014 1.8656589388847353 180.25000000000003 0.22290322580645164 0.15470000000000003 2488.8378750000002 4649.0500000000011 6785.2500000000009 1.0000000180025095e-35 20.999976851851855 9.0833333333333339 43.500000000000007 1.5000000000000002
decision_type=10 2 2 2 10 2 2 2 2 2 2 2 2 2
left_child=1 3 4 7 5 -3 -6 -1 -9 -10 -5 -2 -13 -14
right_child=11 2 -4 10 6 -7 -8 8 9 -11 -12 12 13 -15
leaf_value=1.8701270998424662e-05 -0.00058378930634914346 -0.00078515107789274856 -0.0020099212840551089 -0.0023098702410162234 -0.00050657503707603039 0.0020612017520599893 -0.002539631281289932 0.0028822667630820356 -0.0014383017065723971 0.002123999318224378 -0.00013078299075873061 0.0024200761629851225 -0.0001712391842837494 0.00042187969738558217
leaf_weight=1762 415 127 196 101 416 108 103 121 159 130 132 187 1989 2567
leaf_count=1762 415 127 196 101 416 108 103 121 159 130 132 187 1989 2567
internal_value=4.55611e-05 -0.000168343 -0.000782491 7.42518e-05 -0.000463424 0.00052296 -0.000910052 0.000197576 0.000966303 0.000164117 -0.00107537 0.000184694 0.000251934 0.000162943
internal_weight=8513 3355 950 2405 754 235 519 2172 410 289 233 5158 4743 4556
internal_count=8513 3355 950 2405 754 235 519 2172 410 289 233 5158 4743 4556
is_linear=0
shrinkage=0.03


Tree=196
num_leaves=15
num_cat=0
split_feature=25 0 25 31 32 4 21 21 13 23 32 22 24 24
split_gain=0.367829 0.748532 0.431035 0.703975 0.634531 0.404294 0.346494 0.358025 0.371995 0.721413 0.509109 0.947016 0.428663 0.43588
threshold=0.24195121951219514 4.5000000000000009 0.21937500000000001 1.0823369463999704 3.5000000000000004 1.0000000180025095e-35 59.833333333333336 78.166666666666671 1.0000000180025095e-35 97.500000000000014 8.5000000000000018 3884.0117500000001 24.597666666666047 95.695500000000052
decision_type=10 2 8 10 2 2 2 2 2 2 2 2 10 10
left_child=1 -1 -3 -4 -5 6 -2 -8 9 -9 11 -10 -12 -14
right_child=5 2 3 4 -6 -7 7 8 10 -11 12 -13 13 -15
leaf_value=0.0021551621369207681 -0.00029735661919611639 -0.00013263037177612625 -0.0004807820075855244 0.00026168397389766246 0.0029825049563078207 0.0013580415406993225 0.00074244266358808558 -0.0017187587538452086 -0.0024329112924203985 0.00046761382075278938 0.0019435892102394618 0.001180163710773483 -0.0010076007042677359 0.0003897091626207172
leaf_weight=207 3109 994 194 135 180 184 705 296 170 251 138 106 231 1543
leaf_count=207 3109 994 194 135 180 184 705 296 170 251 138 106 231 1543
internal_value=7.09359e-05 0.000463854 0.000230919 0.000940877 0.00181644 -2.88546e-05 -6.78207e-05 0.000139629 -1.57581e-05 -0.000715506 0.000159179 -0.00104528 0.000333044 0.00020776
internal_weight=8443 1710 1503 509 315 6733 6549 3440 2735 547 2188 276 1912 1774
internal_count=8443 1710 1503 509 315 6733 6549 3440 2735 547 2188 276 1912 1774
is_linear=0
shrinkage=0.03


Tree=197
num_leaves=15
num_cat=1
split_feature=28 28 1 22 32 25 35 26 25 1 30 30 22 32
split_gain=0.194896 0.478992 0.418216 0.357339 0.195212 0.19379 0.375221 0.817675 0.514747 0.332347 0.803507 0.682656 0.588909 0.617838
threshold=20.991348379629631 15.785370370370371 50.500000000000007 1980.7027500000002 15.500000000000002 0.51925925925925942 0 0.054093567251461992 0.34891304347826091 44.500000000000007 150.10000000000002 253.72500000000002 1410.5812500000002 10.500000000000002
decision_type=2 2 2 2 2 10 1 8 10 2 2 2 2 2
left_child=1 5 3 -2 -3 6 7 8 -1 -8 -11 12 -12 -14
right_child=2 4 -4 -5 -6 -7 9 -9 -10 10 11 -13 13 -15
leaf_value=0.0021982783420472257 0.00029760675893608228 -0.00026693146214284725 -0.0006938682100138603 0.0027905430802359029 -0.0018814980581787575 -0.00020465899701460817 -0.00018732234284245573 -0.00102926479315321 0.00037065758468266924 -0.00011886941643976616 0.0032209997489055812 -0.00032653573683083916 -0.00054217091141316783 0.0018809843117724284
leaf_weight=291 103 113 117 104 167 2234 2785 174 265 1441 152 226 145 273
leaf_count=291 103 113 117 104 167 2234 2785 174 265 1441 152 226 145 273
internal_value=1.80026e-05 -1.02886e-05 0.000739776 0.0015501 -0.00122991 3.24729e-05 0.000124572 0.000755177 0.0013272 3.13405e-05 0.000303709 0.0010687 0.00162191 0.00104042
internal_weight=8590 8266 324 207 280 7986 5752 730 556 5022 2237 796 570 418
internal_count=8590 8266 324 207 280 7986 5752 730 556 5022 2237 796 570 418
cat_boundaries=0 1
cat_threshold=16
is_linear=0
shrinkage=0.03


Tree=198
num_leaves=15
num_cat=0
split_feature=24 31 31 24 38 0 30 22 23 30 5 24 5 25
split_gain=0.226378 0.514297 0.852454 0.280211 0.337365 0.45786 0.351484 0.568962 0.485124 0.41382 0.468379 0.383597 0.297342 0.949109
threshold=3.2871666666666903 1.200840336134454 1.8322390932420876 45.290999999999777 2.075095653533936 4.5000000000000009 39.500000000000007 6402.0500000000002 21.500000000000004 24.165000000000003 0.23305000000000003 26.866833333333421 0.61250000000000016 0.4497297297297298
decision_type=8 8 10 10 2 2 2 2 2 2 2 10 2 8
left_child=1 -1 -3 4 5 -2 9 8 -8 10 -7 -9 -5 -14
right_child=3 2 -4 12 -6 6 7 11 -10 -11 -12 -13 13 -15
leaf_value=-0.0022481102040968837 0.0018402177133156278 0.0021796823436777816 -0.0015296458637784802 -8.0490438721349177e-05 -0.0012629233798125406 -0.00035573259824247074 0.0026175381596355387 -0.001664919744147674 0.00064355574085266727 -0.0012875249347811312 0.0020156828420170186 0.00047711854856836316 -0.0011347430278019946 0.0026519883981810004
leaf_weight=125 190 102 123 5659 111 262 126 152 1012 236 105 149 106 136
leaf_count=125 190 102 123 5659 111 262 126 152 1012 236 105 149 106 136
internal_value=4.20312e-05 -0.000705236 0.000151916 7.37566e-05 0.000351326 0.000431605 0.000300539 0.000555324 0.000862116 -0.000307481 0.000322738 -0.000604575 -3.64528e-05 0.000993337
internal_weight=8594 350 225 8244 2343 2232 2042 1439 1138 603 367 301 5901 242
internal_count=8594 350 225 8244 2343 2232 2042 1439 1138 603 367 301 5901 242
is_linear=0
shrinkage=0.03


Tree=199
num_leaves=15
num_cat=1
split_feature=37 38 0 24 1 38 27 31 21 30 16 1 31 31
split_gain=0.33946 0.549296 0.890933 0.586719 0.354643 0.295458 0.467142 0.818697 1.06528 0.468845 0.820996 0.441275 0.547671 0.41926
threshold=0 1.6138998270034792 6.5000000000000009 9.0368333333314528 9.5000000000000018 1.7370213866233828 22.397447916666671 1.6235054850240356 103.63333333333334 160.02500000000003 1.0000000180025095e-35 21.500000000000004 1.6809829120180766 0.35714348202647267
decision_type=9 2 2 10 2 2 2 10 2 2 2 2 8 8
left_child=1 4 -3 -4 -1 13 9 -8 -9 11 -11 12 -7 -2
right_child=5 2 3 -5 -6 6 7 8 -10 10 -12 -13 -14 -15
leaf_value=-0.0017869761502438053 0.0014053081003658008 0.0034400631823096302 -0.00058624880825388942 0.0020990771949054451 0.00031357477281104633 0.001603295677218146 -0.003268216117578522 -0.0018040337519971571 0.001419025275144332 -0.00031315379432431145 0.0030279036730967669 -0.00074125395308449066 -0.0011203580844001127 -2.0251208763817292e-05
leaf_weight=103 192 124 193 118 243 184 127 226 156 171 108 839 104 5637
leaf_count=103 192 124 193 118 243 184 127 226 156 171 108 839 104 5637
internal_value=-1.90557e-05 0.000573013 0.00128991 0.000432621 -0.000311734 -7.94045e-05 -0.000402802 -0.00118155 -0.000487811 -0.000120881 0.000980159 -0.000393454 0.000619754 2.67049e-05
internal_weight=8525 781 435 311 346 7744 1915 509 382 1406 279 1127 288 5829
internal_count=8525 781 435 311 346 7744 1915 509 382 1406 279 1127 288 5829
cat_boundaries=0 1
cat_threshold=1210590296
is_linear=0
shrinkage=0.03


Tree=200
num_leaves=15
num_cat=1
split_feature=32 38 23 0 38 38 38 36 30 24 23 38 23 23
split_gain=0.250796 0.470485 0.624533 0.382055 0.666625 0.338698 0.298642 0.577962 0.612797 0.652492 0.515597 0.763091 0.647433 0.601768
threshold=23.500000000000004 1.1398414969444277 164.50000000000003 5.5000000000000009 1.4025022983551028 1.7078948616981509 1.6598359346389773 0 259.62500000000006 24.597666666666047 72.500000000000014 1.364744305610657 85.500000000000014 115.50000000000001
decision_type=2 2 2 2 2 2 2 9 2 8 2 2 2 2
left_child=6 -2 3 -3 -5 -6 10 8 9 -8 -1 -12 -13 -14
right_child=1 2 -4 4 5 -7 7 -9 -10 -11 11 12 13 -15
leaf_value=-0.00010929024660464341 0.00081559620472876403 -0.001347023157139684 -0.0022651509988435448 -0.0010246598709987614 0.0013866856650162694 -0.00064176380897683111 -0.0024768852851358462 0.00020301288966414943 0.0015127154065621138 -0.00057159161680961639 -0.00015798546269476203 0.002667727231511232 -0.00030868091564479981 0.001325355696065111
leaf_weight=2616 227 261 187 313 278 101 191 1348 106 1057 796 188 320 554
leaf_count=2616 227 261 187 313 278 101 191 1348 106 1057 796 188 320 554
internal_value=-5.92216e-05 -0.000431642 -0.000679995 -0.000368952 -5.50137e-08 0.000846123 1.1723e-05 -0.000237312 -0.000672221 -0.000863187 0.000162124 0.000544266 0.00107062 0.000727081
internal_weight=8543 1367 1140 953 692 379 7176 2702 1354 1248 4474 1858 1062 874
internal_count=8543 1367 1140 953 692 379 7176 2702 1354 1248 4474 1858 1062 874
cat_boundaries=0 1
cat_threshold=48
is_linear=0
shrinkage=0.03


Tree=201
num_leaves=15
num_cat=0
split_feature=25 38 30 22 31 31 0 1 22 30 29 22 24 6
split_gain=0.214618 0.203601 0.207994 0.681321 0.726669 0.881501 0.541023 0.440349 0.388011 0.36715 0.637106 0.76956 0.537059 0.456874
threshold=0.070000000000000021 0.86533108353614818 50.500000000000007 1642.0350000000003 1.5201026298909559 1.8048797023563459 13.500000000000002 20.500000000000004 124.65000000000002 72.500000000000014 1.0000000180025095e-35 682.00000000000011 5.9314999999999065 2.5000000000000004
decision_type=10 2 2 2 10 10 2 2 2 2 2 2 10 2
left_child=-1 -2 3 4 6 -6 7 8 -3 10 -4 -12 -11 -14
right_child=1 2 9 -5 5 -7 -8 -9 -10 12 11 -13 13 -15
leaf_value=0.0012907946600868294 -0.0013243901732322924 0.0024868097530198422 -5.942781227384624e-05 0.0021735849480028265 0.0035589539712985513 0.00045223546470401013 -0.0018547155051722196 -0.00038630990284232596 0.00016813349017136535 0.0018026344584779275 -0.0039194115938923505 -0.00054642730910602392 -0.00010528308045670348 0.00086749498164403788
leaf_weight=119 102 101 501 160 103 407 167 778 182 149 102 151 5099 475
leaf_count=119 102 101 501 160 103 407 167 778 182 149 102 151 5099 475
internal_value=2.56113e-05 7.85063e-06 2.40761e-05 0.000300257 0.000127798 0.00107967 -0.000267523 -1.77012e-05 0.000995647 -5.6855e-05 -0.00067913 -0.00190629 2.51292e-05 -2.23858e-05
internal_weight=8596 8477 8375 1898 1738 510 1228 1061 283 6477 754 253 5723 5574
internal_count=8596 8477 8375 1898 1738 510 1228 1061 283 6477 754 253 5723 5574
is_linear=0
shrinkage=0.03


Tree=202
num_leaves=15
num_cat=2
split_feature=30 35 32 37 0 24 38 25 28 1 31 38 28 31
split_gain=0.237839 0.587561 0.328295 0.276532 0.368877 0.473707 0.466201 0.65872 0.362042 0.452832 0.68413 0.527249 0.305488 0.271886
threshold=309.12500000000006 0 30.500000000000004 1 6.5000000000000009 1.8535000000000084 1.7007286548614504 0.22290322580645164 1.0000000180025095e-35 41.500000000000007 0.64149109284001382 1.3911373019218447 3.4354398148148153 5.3583467094703057
decision_type=2 1 2 9 2 8 2 10 2 2 10 2 2 8
left_child=3 2 -2 4 6 -6 7 -1 9 11 -11 -7 -10 -5
right_child=1 -3 -4 13 5 8 -8 -9 12 10 -12 -13 -14 -15
leaf_value=0.0020121760293557419 0.0022943398402205531 -0.0010963901689819205 0.00022548229090477292 -3.6781456919872448e-05 -0.0016088530621491371 0.0015344210988596865 0.0025557930483682866 -0.00038045916670901881 -0.0016295790606540919 -0.00015799342238001133 0.0028832660007756202 -0.0010593198679790302 0.00015642098467131808 -0.00079124333420300702
leaf_weight=164 175 108 114 6011 140 114 128 281 131 114 160 185 252 463
leaf_count=164 175 108 114 6011 140 114 128 281 131 114 160 185 252 463
internal_value=3.32079e-05 0.000750228 0.00142881 -1.74932e-06 0.00034139 2.09534e-05 0.000960261 0.000501321 0.000259628 0.00073693 0.00161792 -7.04019e-05 -0.000454456 -9.05982e-05
internal_weight=8540 397 289 8143 1669 1096 573 445 956 573 274 299 383 6474
internal_count=8540 397 289 8143 1669 1096 573 445 956 573 274 299 383 6474
cat_boundaries=0 1 2
cat_threshold=10 3357824392
is_linear=0
shrinkage=0.03


Tree=203
num_leaves=15
num_cat=2
split_feature=26 24 27 5 24 22 27 37 1 24 30 27 24 36
split_gain=0.309864 0.249953 0.399078 0.42966 0.820136 0.469039 0.339664 0.565794 0.722797 0.450489 0.726916 0.447729 0.421445 0.428758
threshold=0.23000000000000001 179.81983333332701 30.998680555555559 0.45800000000000007 328.26683333333648 1240.1218750000005 29.99902777777778 0 104.50000000000001 95.611666666665712 252.12500000000003 17.003738425925928 116.65266666666663 1
decision_type=8 8 2 2 10 2 2 9 2 10 2 2 10 9
left_child=1 6 3 -3 5 -5 7 8 9 -1 12 -10 -11 -14
right_child=-2 2 -4 4 -6 -7 -8 -9 11 10 -12 -13 13 -15
leaf_value=-9.8980029580323303e-05 0.0015943019888260042 -0.00052400880902789097 0.0012337059689221635 -0.0019932092508593165 0.0020119888453162906 0.00074285939206472705 -0.0011359095041473481 -0.00010523197576129796 0.00084710718338610604 0.0033368175275075448 -0.00090507358524783126 0.0036859656265965895 0.0022226301936263387 -0.00028038507290148115
leaf_weight=815 101 2460 146 118 184 108 211 3743 100 107 124 100 122 118
leaf_count=815 101 2460 146 118 184 108 211 3743 100 107 124 100 122 118
internal_value=-5.75372e-05 -7.72671e-05 -0.000296321 -0.000374155 0.000524966 -0.000685707 4.41791e-05 9.17979e-05 0.000584857 0.000327869 0.00106647 0.00226654 0.001771 0.00107291
internal_weight=8557 8456 3016 2870 410 226 5440 5229 1486 1286 471 200 347 240
internal_count=8557 8456 3016 2870 410 226 5440 5229 1486 1286 471 200 347 240
cat_boundaries=0 1 2
cat_threshold=2149857472 48
is_linear=0
shrinkage=0.03


Tree=204
num_leaves=15
num_cat=1
split_feature=17 37 25 30 5 1 22 1 30 25 21 1 30 24
split_gain=0.200613 0.231374 0.449653 0.440822 0.486785 0.316307 0.555021 0.225507 0.217139 0.196049 0.210121 0.430969 0.580795 1.18368
threshold=3.5000000000000004 0 0.19000000000000003 71.250000000000014 0.25465000000000004 86.500000000000014 55.100000000000009 222.50000000000003 4.7500000000000009 0.090000000000000011 89.666666666666671 44.500000000000007 142.42500000000004 120.45833333333286
decision_type=2 9 10 2 2 2 2 2 2 10 2 2 2 10
left_child=1 2 -1 4 5 6 -4 8 -3 -10 -11 -12 -13 -14
right_child=-2 7 3 -5 -6 -7 -8 -9 9 10 11 12 13 -15
leaf_value=0.0022275251240052025 0.0012503242084146045 -0.0013039604035019875 -0.00059730411866136524 0.0016195552973202246 -0.0019742011496595839 -0.0011697224939006914 0.0019699656119191787 0.0010776469111662217 -0.0011240269120222561 9.0151689061928242e-05 -0.00056931787368631737 -0.0010378551330114509 0.0025420046981566376 -0.00017687775346347803
leaf_weight=116 119 125 144 153 111 103 160 159 148 4925 1467 226 216 433
leaf_count=116 119 125 144 153 111 103 160 159 148 4925 1467 226 216 433
internal_value=2.71087e-05 9.95547e-06 0.000496549 0.000204705 -0.000213195 0.000267079 0.00075389 -4.03772e-05 -6.40071e-05 -4.31043e-05 -2.10902e-05 -0.000255021 0.00027192 0.00072802
internal_weight=8605 8486 787 671 518 407 304 7699 7540 7415 7267 2342 875 649
internal_count=8605 8486 787 671 518 407 304 7699 7540 7415 7267 2342 875 649
cat_boundaries=0 1
cat_threshold=3683744
is_linear=0
shrinkage=0.03


Tree=205
num_leaves=15
num_cat=3
split_feature=37 1 1 37 24 22 0 30 38 32 22 33 37 31
split_gain=0.214863 0.23383 0.30467 0.156243 0.165898 0.159276 0.727254 0.623389 0.450407 0.472115 0.433585 0.346633 0.535112 0.858196
threshold=0 227.50000000000003 168.50000000000003 1 52.772333333333087 6402.0500000000002 8.5000000000000018 107.30000000000001 1.3507235050201418 12.500000000000002 5678.2500000000009 1.0000000180025095e-35 2 3.2302347516243981
decision_type=9 2 2 9 10 2 2 2 2 2 2 2 9 8
left_child=-1 2 3 4 -2 10 7 -7 -9 -10 11 -5 13 -13
right_child=1 -3 -4 5 -6 6 -8 8 9 -11 -12 12 -14 -15
leaf_value=-0.00064333842089068062 0.0015741050303463011 0.0011341832677237364 -0.0012177898669299685 -8.6682853578461935e-05 -4.2602457186399863e-06 0.0017919758048255817 -0.0013899883882104111 -0.0020715874371736651 -0.00071550665889602843 0.0014461680271891124 0.0015227667316830775 0.00039989837704127926 3.9469974235714214e-05 0.0032074088784419513
leaf_weight=431 124 171 177 5010 116 177 372 101 218 156 180 298 953 146
leaf_count=431 124 171 177 5010 116 177 372 101 218 156 180 298 953 146
internal_value=1.75579e-06 3.6407e-05 1.30692e-05 4.08188e-05 0.000778779 1.65035e-05 -0.000331547 0.000272348 -0.000293913 0.000186154 7.06358e-05 2.98392e-05 0.000447717 0.00129395
internal_weight=8630 8199 8028 7851 240 7611 1024 652 475 374 6587 6407 1397 444
internal_count=8630 8199 8028 7851 240 7611 1024 652 475 374 6587 6407 1397 444
cat_boundaries=0 1 2 3
cat_threshold=860805 1074791696 270534656
is_linear=0
shrinkage=0.03


Tree=206
num_leaves=15
num_cat=2
split_feature=24 24 31 31 31 21 23 5 38 38 37 32 38 37
split_gain=0.279262 0.253812 0.412362 0.508353 0.289281 0.279146 0.253605 0.234225 0.202744 0.246411 0.591911 0.741055 0.881397 0.484994
threshold=489.39266666665793 7.486666666665756 1.2190404267189183 1.813536575476046 3.5561282932416955 37.166666666666679 172.50000000000003 0.21825000000000003 0.98565864562988292 1.594687879085541 0 30.500000000000004 1.5086140632629397 1
decision_type=10 8 8 10 10 2 2 2 2 2 9 2 2 9
left_child=1 2 5 -4 -5 -1 7 -2 -3 10 11 12 -10 -11
right_child=6 8 3 4 -6 -7 -8 -9 9 13 -12 -13 -14 -15
leaf_value=-0.0027238941900112387 -0.00087932712317131229 -0.00064263566396766689 0.0013123431649458967 -0.0019527218101154031 0.00020381124021316116 -0.00052585728394870571 -0.0019122323242183295 0.00071900444039953105 0.00051575945323126282 0.0016038307487607408 5.2843975048443682e-06 -0.0017130940210555107 0.0022772052657720689 -0.00017003984716981659
leaf_weight=104 229 320 162 114 110 104 117 129 1112 136 2694 103 332 2789
leaf_count=104 229 320 162 114 110 104 117 129 1112 136 2694 103 332 2789
internal_value=7.25426e-06 4.88126e-05 -0.00054809 3.21465e-05 -0.00089371 -0.00162488 -0.000699675 -0.000303392 9.61757e-05 0.000129168 0.000275265 0.000740596 0.000920746 -8.26606e-05
internal_weight=8555 8080 594 386 224 208 475 358 7486 7166 4241 1547 1444 2925
internal_count=8555 8080 594 386 224 208 475 358 7486 7166 4241 1547 1444 2925
cat_boundaries=0 1 2
cat_threshold=578832448 1209532416
is_linear=0
shrinkage=0.03


Tree=207
num_leaves=15
num_cat=1
split_feature=22 31 37 5 23 24 31 31 1 1 13 31 6 28
split_gain=0.436214 0.647848 0.297431 0.657601 0.239233 0.433069 0.392622 0.462017 0.433585 0.636673 0.463553 0.417691 0.374849 0.452909
threshold=10085.200000000003 1.1025975288833789 0 0.23305000000000003 115.50000000000001 27.198500000000063 1.0741549409671685 0.7723285486443382 72.500000000000014 58.500000000000007 0.50000000000000011 1.5201026298909559 2.5000000000000004 1.2354513888888892
decision_type=2 10 9 2 2 10 10 8 2 2 2 10 2 2
left_child=2 -2 3 -1 12 -6 7 -7 9 10 11 -8 -4 -14
right_child=1 -3 4 -5 5 6 8 -9 -10 -11 -12 -13 13 -15
leaf_value=0.0016820120502919311 0.00019231482046236408 -0.002482835382756825 -0.00017536113713775644 -0.00094376966499723491 -0.00078111099787291484 0.00054492913163885215 0.0024345227300744646 -0.0022056895457904474 -0.00024926739298671604 0.0023871990230624673 -0.00056959227083840948 0.00060945682242231458 0.001677173153509864 -0.00041656385319947727
leaf_weight=274 173 154 4918 125 317 113 130 107 467 197 262 856 222 160
leaf_count=274 173 154 4918 125 317 113 130 107 467 197 262 856 222 160
internal_value=6.82551e-06 -0.00106754 4.99426e-05 0.000838387 8.25265e-06 0.000253481 0.000407312 -0.000792872 0.000545408 0.000802234 0.000552043 0.000850084 -0.000105046 0.000800215
internal_weight=8475 327 8148 399 7749 2449 2132 220 1912 1445 1248 986 5300 382
internal_count=8475 327 8148 399 7749 2449 2132 220 1912 1445 1248 986 5300 382
cat_boundaries=0 1
cat_threshold=18891776
is_linear=0
shrinkage=0.03


Tree=208
num_leaves=15
num_cat=1
split_feature=37 31 1 1 22 22 31 25 22 25 4 25 30 22
split_gain=0.366945 0.318618 0.405196 0.605557 0.486728 0.540008 0.324446 0.315373 0.30238 0.425023 0.295043 0.288705 0.331093 0.330978
threshold=0 2.546372464368829 45.500000000000007 29.500000000000004 449.2000000000001 2593.2500000000005 7.7898305084745774 0.24695121951219515 280.4500000000001 0.37750000000000006 1.0000000180025095e-35 0.68825910931174106 44.500000000000007 132.00000000000003
decision_type=9 8 2 2 2 2 10 8 2 10 2 10 2 2
left_child=10 2 3 8 -4 -6 11 -5 -2 -10 -1 13 -13 -3
right_child=1 6 4 7 5 -7 -8 -9 9 -11 -12 12 -14 -15
leaf_value=8.4617992997655002e-05 0.00084311807220162371 -0.0026589797137743375 -0.00062512026314327513 -0.0025971601892029864 0.0024445050976289336 0.00022485484633328104 0.00074772606530033132 -0.00046527993151587304 3.4230880833980423e-05 -0.0017498683189542939 0.0013311281177315819 -0.0015502792208322456 0.00067487379550894202 -0.00088250947511700365
leaf_weight=5895 244 156 217 150 167 241 101 107 502 158 176 105 141 239
leaf_count=5895 244 156 217 150 167 241 101 107 502 158 176 105 141 239
internal_value=-5.91731e-06 -0.000308899 -9.30359e-05 -0.000424577 0.000522834 0.00113339 -0.000832645 -0.00170957 -5.92638e-05 -0.000392872 0.000120556 -0.00108166 -0.000274887 -0.0015841
internal_weight=8599 2528 1786 1161 625 408 742 257 904 660 6071 641 246 395
internal_count=8599 2528 1786 1161 625 408 742 257 904 660 6071 641 246 395
cat_boundaries=0 1
cat_threshold=334269824
is_linear=0
shrinkage=0.03


Tree=209
num_leaves=15
num_cat=2
split_feature=23 31 0 31 22 17 37 38 0 31 37 31 31 38
split_gain=0.204182 0.417791 0.466711 0.294177 0.517212 0.266454 0.259158 0.357066 0.250672 0.377213 0.377029 0.310952 0.455727 0.361529
threshold=14.500000000000002 0.46316937957065346 12.500000000000002 0.28611556982343506 802.43712500000004 3.5000000000000004 0 1.5980411171913149 11.500000000000002 0.98907071189679896 1 2.3393548387096779 2.4177913468856578 2.0029230117797856
decision_type=2 10 2 8 2 2 9 2 2 8 9 10 10 2
left_child=1 -1 -3 4 -2 6 7 -5 11 -10 -11 -8 -13 -14
right_child=3 2 -4 5 -6 -7 8 -9 9 10 -12 12 13 -15
leaf_value=-0.0021777466243519533 -0.00018489640112183674 -0.00046358773901137402 0.0017205088508918003 0.00015113091062269094 0.0027340940566788806 0.0014159870735183356 0.00021016099880951489 0.0021322145950064429 -0.0019987698665465269 0.00082541747960882884 -0.00060095498884250246 -0.002002788606670595 -0.00023608502459000912 0.0013588348419643873
leaf_weight=106 119 644 102 249 101 125 3913 122 126 215 643 124 1928 137
leaf_count=106 119 644 102 249 101 125 3913 122 126 215 643 124 1928 137
internal_value=2.55898e-05 -0.000415375 -0.000164958 7.37444e-05 0.00115519 4.23652e-05 1.93395e-05 0.000781527 -2.16385e-05 -0.000466006 -0.000240915 4.9984e-05 -0.000236344 -0.000130272
internal_weight=8654 852 746 7802 220 7582 7457 371 7086 984 858 6102 2189 2065
internal_count=8654 852 746 7802 220 7582 7457 371 7086 984 858 6102 2189 2065
cat_boundaries=0 1 2
cat_threshold=1207963748 2189459584
is_linear=0
shrinkage=0.03


Tree=210
num_leaves=15
num_cat=1
split_feature=25 23 1 31 1 1 38 24 31 36 31 21 0 1
split_gain=0.278841 0.493938 0.383806 0.293211 0.500676 0.473606 0.478958 0.518687 0.683818 0.372338 0.318069 0.664298 0.55832 0.313412
threshold=0.19000000000000003 19.500000000000004 12.500000000000002 1.0133141338059373 46.500000000000007 4.5000000000000009 1.3574876785278323 71.978666666666115 0.85584415584415596 0 1.1912860821249494 42.833333333333336 7.5000000000000009 35.500000000000007
decision_type=8 2 2 10 2 2 2 8 8 9 10 2 2 2
left_child=1 -1 -3 4 5 -2 -7 -8 -9 -6 11 -5 -13 -12
right_child=3 2 -4 10 9 6 7 8 -10 -11 13 12 -14 -15
leaf_value=0.0019196699924325035 -0.0012357643256956314 0.0016109999259157726 -0.0001526628775981823 -0.00094958260995554151 -0.00048957656207702319 -0.00078228834563081977 -0.00021305842801546123 0.0037701858272258604 0.00040962754639225417 -0.0020360449719235727 -0.00025281578337770622 0.00049911581444030161 0.0032061334016034379 0.00018901605383207925
leaf_weight=177 183 135 626 128 410 171 151 108 110 222 2813 160 120 2971
leaf_count=177 183 135 626 128 410 171 151 108 110 222 2813 160 120 2971
internal_value=4.39717e-06 0.000492217 0.000160208 -5.62329e-05 -0.000455966 8.31965e-05 0.000530178 0.00113839 0.00207449 -0.00107276 3.12409e-05 0.000840804 0.00165927 -2.58652e-05
internal_weight=8485 938 761 7547 1355 723 540 369 218 632 6192 408 280 5784
internal_count=8485 938 761 7547 1355 723 540 369 218 632 6192 408 280 5784
cat_boundaries=0 1
cat_threshold=17
is_linear=0
shrinkage=0.03


Tree=211
num_leaves=15
num_cat=3
split_feature=5 37 38 23 37 30 23 24 1 1 31 27 35 27
split_gain=0.315424 0.162864 0.227198 0.181673 0.317159 0.317916 0.269961 0.268724 0.242376 0.456787 0.370177 0.353531 0.320499 0.201393
threshold=0.72080000000000011 0 0.98565864562988292 15.500000000000002 1 28.165000000000003 31.500000000000004 13.420333333333257 43.500000000000007 29.500000000000004 1.2712272492314391 13.999959490740741 2 6.9996585648148155
decision_type=2 9 2 2 9 2 2 8 2 2 8 2 1 2
left_child=1 -1 -3 8 5 6 -5 -6 9 11 -10 12 -4 -9
right_child=-2 2 3 4 7 -7 -8 13 10 -11 -12 -13 -14 -15
leaf_value=0.0010112356031313538 0.0013302441135558576 -0.00070380237166205346 -0.00010846207931856899 0.0011882728428786828 -0.00075422414798352968 0.0018277702704213108 -0.00097490024333819747 -0.001127928467633735 -0.00072778633103313809 -0.0024652954001234879 0.0016793945757471475 0.0008194059298553488 -0.0021510221218624345 0.00015562270271980705
leaf_weight=155 185 337 194 108 323 198 100 112 114 104 116 171 103 6215
leaf_count=155 185 337 194 108 323 198 100 112 114 104 116 171 103 6215
internal_value=0.000104996 7.78497e-05 5.88899e-05 9.16738e-05 0.000140305 0.000944091 0.000148286 8.96776e-05 -0.000336187 -0.000666895 0.00048627 -0.000267251 -0.000892902 0.000132901
internal_weight=8535 8350 8195 7858 7056 406 208 6650 802 572 230 468 297 6327
internal_count=8535 8350 8195 7858 7056 406 208 6650 802 572 230 468 297 6327
cat_boundaries=0 1 2 3
cat_threshold=1057800 35655988 13
is_linear=0
shrinkage=0.03


Tree=212
num_leaves=15
num_cat=1
split_feature=0 30 23 37 13 38 30 27 0 22 38 1 33 23
split_gain=0.254624 0.589177 0.576558 0.322316 0.411082 0.242209 0.477941 0.652727 0.429755 0.286506 0.334413 0.808439 0.418544 0.406373
threshold=13.500000000000002 37.250000000000007 54.500000000000007 0 1.0000000180025095e-35 1.7153424620628359 259.62500000000006 29.853153935185187 6.5000000000000009 10085.200000000003 1.8591763377189638 14.500000000000002 1.0000000180025095e-35 133.50000000000003
decision_type=2 2 2 9 2 2 2 2 2 2 2 2 2 2
left_child=3 -2 -3 4 -1 -5 7 9 -8 10 11 -7 -12 -13
right_child=1 2 -4 5 -6 6 8 -9 -10 -11 12 13 -14 -15
leaf_value=0.0023930688316506315 -0.0019220650521048514 0.0013737042061852248 -0.00088691439010290195 0.00013279678766747014 -4.0650833016115938e-05 0.0015875207698086231 -0.0003689489555604389 -0.002383428535142766 0.002138611882142464 -0.0017989334488969924 -5.4583797255777376e-05 -0.00064816294448817938 0.0016774201287480537 -0.0024715306136446694
leaf_weight=122 197 176 240 5594 128 123 113 139 135 101 771 466 150 144
leaf_count=122 197 176 240 5594 128 123 113 139 135 101 771 466 150 144
internal_value=1.86957e-05 -0.000570529 6.95012e-05 6.39242e-05 0.00110289 2.88855e-05 -0.000242352 -0.000404509 0.000996054 -0.000247774 -0.000153053 -0.000631213 0.000227502 -0.0010786
internal_weight=8599 613 416 7986 250 7736 2142 1894 248 1755 1654 733 921 610
internal_count=8599 613 416 7986 250 7736 2142 1894 248 1755 1654 733 921 610
cat_boundaries=0 1
cat_threshold=1581130
is_linear=0
shrinkage=0.03


Tree=213
num_leaves=15
num_cat=1
split_feature=37 31 38 30 38 30 30 31 27 38 24 30 27 27
split_gain=0.325926 0.423603 0.486371 0.299208 0.272319 0.424624 0.542753 0.304287 0.527684 0.334544 0.367634 0.283073 0.749713 0.550082
threshold=0 2.9865742244263793 2.0334141254425053 43.500000000000007 1.7337163090705874 264.02500000000003 242.05000000000004 3.1885887096774197 13.99935763888889 2.1367684602737431 328.26683333333648 182.10000000000002 29.11533564814815 30.624687500000004
decision_type=9 10 2 2 2 2 2 8 2 2 10 2 2 2
left_child=1 2 3 -1 11 6 7 9 -9 10 -6 12 -2 -14
right_child=4 -3 -4 -5 5 -7 -8 8 -10 -11 -12 -13 13 -15
leaf_value=0.00029178650830598437 6.0259590697358533e-05 0.0022734613624259326 0.0020149640711951203 -0.0017047707237635213 -0.00063637352388849842 0.0010024003224340656 -0.00257758565426488 0.0018656145764721762 -0.00063699813201657438 -0.0021538501955261124 0.00087830431007949463 -0.00028247237701816352 0.0033216914334293223 0.00029056482635849849
leaf_weight=204 3874 118 103 101 1145 180 109 135 173 112 165 1958 113 103
leaf_count=204 3874 118 103 101 1145 180 109 135 173 112 165 1958 113 103
internal_value=-3.89887e-05 0.000677523 0.000232559 -0.000369369 -8.64408e-05 -0.000388225 -0.000524338 -0.000394972 0.000459926 -0.00058014 -0.000445593 1.41607e-05 0.000156167 0.00187629
internal_weight=8593 526 408 305 8067 2019 1839 1730 308 1422 1310 6048 4090 216
internal_count=8593 526 408 305 8067 2019 1839 1730 308 1422 1310 6048 4090 216
cat_boundaries=0 1
cat_threshold=2098400
is_linear=0
shrinkage=0.03


Tree=214
num_leaves=15
num_cat=2
split_feature=33 30 37 21 38 26 38 24 22 31 37 31 30 32
split_gain=0.214018 0.405405 0.605044 0.384516 0.425238 0.392144 0.408583 0.362219 0.519409 0.531227 0.331861 0.326768 0.271088 0.392898
threshold=1.0000000180025095e-35 296.02500000000003 0 59.833333333333336 1.1884008049964907 0.06030303030303031 1.6944770812988283 38.196499999999808 1443.4020000000003 1.6316860465116281 1 1.9261208576998052 309.12500000000006 30.500000000000004
decision_type=2 2 9 2 2 8 2 10 2 10 9 10 2 2
left_child=12 2 -2 5 -5 6 10 -6 11 -10 -4 -9 -1 -14
right_child=1 -3 3 4 7 -7 -8 8 9 -11 -12 -13 13 -15
leaf_value=-0.00013836444179272689 0.0023579004553125 -0.0015071024815525235 -0.00082894265727429352 0.0024138298709835623 0.0017568160912135131 0.0014980092566355924 -0.0019065882938884896 2.7541191320287415e-05 -0.00014881641412406072 0.0024827081374782468 0.00052252342361717985 -0.0023368570715188979 0.0014791369392346083 -0.00069091865835760379
leaf_weight=6363 119 109 299 113 142 107 140 111 180 112 338 100 220 114
leaf_count=6363 119 109 299 113 142 107 140 111 180 112 338 100 220 114
internal_value=-1.54003e-05 0.00026836 0.000378255 0.000219091 0.000716198 -0.000204684 -0.00043916 0.000418784 4.10491e-05 0.000860535 -0.000116649 -0.00109303 -9.46345e-05 0.000738459
internal_weight=8567 1870 1761 1642 758 884 777 645 503 292 637 211 6697 334
internal_count=8567 1870 1761 1642 758 884 777 645 503 292 637 211 6697 334
cat_boundaries=0 1 2
cat_threshold=136839170 3258974208
is_linear=0
shrinkage=0.03


Tree=215
num_leaves=15
num_cat=1
split_feature=31 31 31 38 31 37 31 26 31 31 28 5 38 28
split_gain=0.284008 0.609823 0.479577 0.789444 0.405695 0.39734 0.683611 0.487383 0.351441 0.334078 0.310707 0.309634 0.306804 0.292304
threshold=2.4757543249946594 2.4177913468856578 2.6050267885282072 1.6059498786926272 2.6781286894923264 0 3.8148890660073529 0.020869565217391309 7.7898305084745774 3.6569070953420728 0.62855902777777783 0.15470000000000003 1.2316188216209414 12.337135416666667
decision_type=10 10 10 2 10 9 10 10 10 10 2 2 2 2
left_child=1 -1 3 -2 -4 6 -6 9 -8 12 -11 -9 -7 -12
right_child=2 -3 4 -5 5 7 8 11 -10 10 13 -13 -14 -15
leaf_value=9.4969797963555995e-05 0.00014804809628164066 0.0024460408772517105 0.0015851773034082726 -0.003369263867844475 0.0020386133112993395 0.00042059271082241765 -0.00066725133891842685 -0.0019967767751163257 0.0010785158963075704 0.0015288158465335971 -0.0011391760140110779 -0.00015108564856927841 -0.00098157171609280299 0.00068731843212963613
leaf_weight=5872 119 101 120 111 172 195 353 257 147 158 138 120 502 184
leaf_count=5872 119 101 120 111 172 195 353 257 147 158 138 120 502 184
internal_value=2.11703e-05 0.000134725 -0.00024213 -0.00154944 -0.000113963 -0.000205561 0.000401237 -0.000467533 -0.000153996 -0.000169856 0.000439194 -0.00140929 -0.000589288 -9.54649e-05
internal_weight=8549 5973 2576 230 2346 2226 672 1554 500 1177 480 377 697 322
internal_count=8549 5973 2576 230 2346 2226 672 1554 500 1177 480 377 697 322
cat_boundaries=0 1
cat_threshold=436244528
is_linear=0
shrinkage=0.03


Tree=216
num_leaves=15
num_cat=1
split_feature=22 17 32 23 24 28 22 33 31 0 27 37 30 31
split_gain=0.396034 0.492962 0.448957 0.432431 0.400661 0.460481 0.394119 0.493948 0.272103 0.458821 0.403509 0.472905 0.387181 0.663084
threshold=6402.0500000000002 3.5000000000000004 4.5000000000000009 105.50000000000001 533.18250000001296 8.6200173611111133 7451.8250000000016 1.0000000180025095e-35 1.0823369463999704 13.500000000000002 13.999473379629633 0 25.250000000000004 0.62923872590659724
decision_type=2 2 2 2 10 2 2 2 8 2 2 9 2 10
left_child=1 4 3 -2 8 -6 -4 -8 9 10 11 -1 -12 -14
right_child=2 -3 6 -5 5 -7 7 -9 -10 -11 12 -13 13 -15
leaf_value=0.00067313217548653481 0.0019229544149480906 0.0020966176212661794 -0.0018517649628581317 -0.00059673327230288684 -0.0017917688772043523 0.00045729951395928349 0.00012144291666771848 -0.0018490549178688592 0.00019102787049295612 -0.0021011555026103136 0.001359882020517598 -0.001372347080361341 -0.0018249393477955639 0.00064189066493763858
leaf_weight=140 116 108 254 130 216 132 409 159 5800 115 229 335 145 303
leaf_count=140 116 108 254 130 216 132 409 159 5800 115 229 335 145 303
internal_value=7.64919e-06 8.43951e-05 -0.00053295 0.000591412 5.5087e-05 -0.000938674 -0.000869438 -0.000430158 0.000104023 -0.000294265 -0.000113889 -0.000784189 0.00035641 -0.000156525
internal_weight=8591 7523 1068 246 7415 348 822 568 7067 1267 1152 475 677 448
internal_count=8591 7523 1068 246 7415 348 822 568 7067 1267 1152 475 677 448
cat_boundaries=0 1
cat_threshold=536872966
is_linear=0
shrinkage=0.03


Tree=217
num_leaves=15
num_cat=1
split_feature=37 23 32 28 28 20 22 27 22 32 25 31 25 1
split_gain=0.219978 0.421459 0.34705 0.476585 0.357948 0.410219 0.503813 0.555985 0.290656 0.465958 0.248597 0.254616 0.250769 0.590749
threshold=0 96.500000000000014 30.500000000000004 8.6778009259259274 25.616458333333338 1.0000000180025095e-35 3375.1000000000008 25.748020833333339 75.46250000000002 10.500000000000002 0.62481481481481493 6.7994275990099018 0.48957881024750333 23.500000000000004
decision_type=9 2 2 2 2 2 2 2 2 2 8 8 10 2
left_child=1 8 4 -4 5 10 7 -7 9 -1 12 -12 -2 -14
right_child=2 -3 3 -5 -6 6 -8 -9 -10 -11 11 -13 13 -15
leaf_value=-0.0019728493254821179 0.0002297487775778934 -0.0014432434764569896 0.00022379936863660435 -0.0025634494517902725 0.0017334519569844667 -0.0014765521148884936 -0.0026888672070978854 0.0015028898799894651 7.7726208022348636e-05 0.00014800527927271906 0.0014486409560777245 -0.00030383757352916838 -0.0011574605734869751 0.00019641859217323367
leaf_weight=177 4074 239 119 103 124 126 101 102 1522 197 252 106 431 887
leaf_count=177 4074 239 119 103 124 126 101 102 1522 197 252 106 431 887
internal_value=8.26523e-06 -0.000254859 9.59477e-05 -0.00106938 0.000137809 0.000105261 -0.000925004 -0.000143644 -0.000106402 -0.000855715 0.00016421 0.000929751 0.000113382 -0.000246314
internal_weight=8560 2135 6425 222 6203 6079 329 228 1896 374 5750 358 5392 1318
internal_count=8560 2135 6425 222 6203 6079 329 228 1896 374 5750 358 5392 1318
cat_boundaries=0 1
cat_threshold=542753321
is_linear=0
shrinkage=0.03


Tree=218
num_leaves=15
num_cat=0
split_feature=24 27 22 31 38 24 27 22 31 0 32 22 31 30
split_gain=0.320361 0.327519 0.334148 0.508171 0.323139 0.300217 0.446314 0.434445 0.363071 0.445404 0.448467 0.322086 0.293586 0.392315
threshold=15.979166666666389 17.423611111111114 288.4500000000001 1.6012326489300175 2.1610399484634404 45.290999999999777 13.999693287037038 597.00775000000021 1.091356184798808 5.5000000000000009 6.5000000000000009 1498.6875000000002 13.275000000000002 50.500000000000007
decision_type=8 2 2 10 2 10 2 2 8 2 2 2 8 2
left_child=1 2 -1 -4 5 6 8 -8 -2 -10 -11 -9 13 -7
right_child=4 -3 3 -5 -6 12 7 11 9 10 -12 -13 -14 -15
leaf_value=-9.9566413478443082e-05 -0.00084458265277488403 0.00096927664133117473 -0.0024340082490192632 -0.00035747235315517541 -0.0015426637742982391 0.0006037460194095425 7.6538279309958291e-05 0.0026167638761826844 0.0019249241075461514 -0.00068818601700288979 0.00083214525978841686 0.00086066229708699714 -0.0015428585460016487 -7.8714029920249796e-05
leaf_weight=409 278 119 194 234 109 900 229 187 144 340 359 189 109 4808
leaf_count=409 278 119 194 234 109 900 229 187 144 340 359 189 109 4808
internal_value=1.44106e-05 -0.000503373 -0.000712746 -0.00129871 7.90998e-05 0.000102535 0.000449988 0.00110666 9.55861e-05 0.00040563 9.26422e-05 0.00173404 -5.59948e-07 2.88918e-05
internal_weight=8608 956 837 428 7652 7543 1726 605 1121 843 699 376 5817 5708
internal_count=8608 956 837 428 7652 7543 1726 605 1121 843 699 376 5817 5708
is_linear=0
shrinkage=0.03


Tree=219
num_leaves=15
num_cat=2
split_feature=30 20 1 1 27 27 17 30 30 1 1 23 37 36
split_gain=0.172556 0.317942 0.261162 0.307395 0.199496 0.337943 0.516254 0.211559 0.398575 0.257876 0.437487 0.487268 0.393579 0.492155
threshold=242.05000000000004 1.0000000180025095e-35 108.50000000000001 81.500000000000014 30.62453125 29.624641203703707 1.0000000180025095e-35 234.55000000000004 225.05000000000004 72.500000000000014 66.500000000000014 68.500000000000014 0 1
decision_type=2 2 2 2 2 2 2 2 2 2 2 2 9 9
left_child=4 2 3 -2 5 7 -7 8 9 10 -1 -12 -11 -14
right_child=1 -3 -4 -5 -6 6 -8 -9 -10 12 11 -13 13 -15
leaf_value=1.4712880243336921e-05 -0.00025729123660771648 -0.0020005125719014085 0.00093530266795520823 -0.0019355199064786009 -0.00101831185258551 5.0009426698836599e-05 0.0026402822194439876 0.0011849591968348251 -0.0013828918258060176 -0.00081991882331502531 -0.00013444083070175515 0.0026116567490888491 -0.00018296634985132641 0.001947073387717338
leaf_weight=4634 994 103 144 109 179 193 108 123 202 808 108 126 673 104
leaf_count=4634 994 103 144 109 179 193 108 123 202 808 108 126 673 104
internal_value=-8.71425e-05 -0.000398584 -0.000266268 -0.000423136 -2.92139e-05 -4.20349e-06 0.00097941 -4.78842e-05 -7.067e-05 -2.95932e-05 7.86213e-05 0.00134423 -0.000361952 0.000123253
internal_weight=8608 1350 1247 1103 7258 7079 301 6778 6655 6453 4868 234 1585 777
internal_count=8608 1350 1247 1103 7258 7079 301 6778 6655 6453 4868 234 1585 777
cat_boundaries=0 1 2
cat_threshold=1888536641 22
is_linear=0
shrinkage=0.03


Tree=220
num_leaves=15
num_cat=2
split_feature=32 21 38 24 0 1 38 30 30 0 37 19 35 1
split_gain=0.277769 0.369193 0.338037 0.340083 0.441841 0.528107 0.331127 0.295551 0.650398 0.565 0.707936 0.339949 0.329879 0.401821
threshold=18.500000000000004 33.166666666666679 1.4874330759048464 365.66033333333684 8.5000000000000018 18.500000000000004 1.3443804979324343 30.165000000000003 33.250000000000007 5.5000000000000009 0 1.0000000180025095e-35 1 23.500000000000004
decision_type=2 2 2 10 2 2 2 2 2 2 9 2 1 2
left_child=7 -2 6 4 5 -4 -3 9 -9 -1 -11 12 -10 -14
right_child=1 2 3 -5 -6 -7 -8 8 11 10 -12 -13 13 -15
leaf_value=0.00099744684528559426 0.00090010795016389562 -0.00039988758828233287 0.0017657126072866958 -0.00087925715483521229 0.0016876406433560245 -0.00076363148382030236 -0.0013951853960001293 0.0022478171494409067 0.00056849437379926087 7.7154067264531144e-05 -0.0015276482000435882 -0.0010024850467467514 -0.00044758236305946381 0.00024417712529181977
leaf_weight=225 204 933 100 247 179 289 444 131 1286 540 451 237 1157 2179
leaf_count=225 204 933 100 247 179 289 444 131 1286 540 451 237 1157 2179
internal_value=-4.62305e-05 -0.000320594 -0.000434199 5.00527e-05 0.000454172 -0.000113414 -0.000720812 5.9695e-05 0.000161894 -0.000359692 -0.000667821 0.000105657 0.000162479 4.24661e-06
internal_weight=8602 2396 2192 815 568 389 1377 6206 4990 1216 991 4859 4622 3336
internal_count=8602 2396 2192 815 568 389 1377 6206 4990 1216 991 4859 4622 3336
cat_boundaries=0 1 2
cat_threshold=1396711909 18
is_linear=0
shrinkage=0.03


Tree=221
num_leaves=15
num_cat=4
split_feature=30 30 37 32 35 30 30 38 37 31 22 0 25 35
split_gain=0.235486 0.706231 0.435383 0.493824 0.609017 0.381742 0.620089 0.361708 0.556517 0.352056 0.320789 0.40986 0.547841 0.646667
threshold=30.165000000000003 33.250000000000007 0 2.5000000000000004 1 37.250000000000007 40.250000000000007 2.1859767436981206 2 1.3433035714285715 6402.0500000000002 8.5000000000000018 0.56205128205128219 3
decision_type=2 2 9 2 1 2 2 2 9 8 2 2 8 1
left_child=2 -2 9 4 -4 -3 -7 8 -8 -1 11 -10 13 -13
right_child=1 5 3 -5 -6 6 7 -9 10 -11 -12 12 -14 -15
leaf_value=-0.0027498071535647047 0.0022307938264842643 -0.0014618997757756852 0.0024387616943567988 -0.00094274953619366271 9.2873395148435114e-07 0.0021569621739854481 -0.0018608332807265168 0.0015221813655510658 -4.6822161610431268e-05 -0.00044787950791770549 -0.0004802552303479952 0.0013484612660663849 -0.00056284861201797993 0.00015797251851362078
leaf_weight=113 137 146 104 358 493 128 129 147 3794 127 870 763 370 899
leaf_count=113 137 146 104 358 493 128 129 147 3794 127 870 763 370 899
internal_value=3.36895e-05 9.69275e-05 -0.00035701 -6.11589e-05 0.000466476 5.65825e-05 8.78076e-05 4.98197e-05 1.81073e-05 -0.00147044 5.69994e-05 0.000137326 0.000481153 0.000713573
internal_weight=8578 7383 1195 955 597 7246 7100 6972 6825 240 6696 5826 2032 1662
internal_count=8578 7383 1195 955 597 7246 7100 6972 6825 240 6696 5826 2032 1662
cat_boundaries=0 1 2 3 4
cat_threshold=540557320 12 2097152 24
is_linear=0
shrinkage=0.03


Tree=222
num_leaves=15
num_cat=1
split_feature=24 30 21 37 1 23 13 17 10 38 24 25 38 23
split_gain=0.208644 0.537193 0.354207 0.288215 1.3765 0.27969 0.274751 0.226068 0.266412 0.407922 0.211214 0.24665 0.310767 0.68532
threshold=7.486666666665756 28.165000000000003 24.833333333333339 0 28.500000000000004 29.500000000000004 1.0000000180025095e-35 3.5000000000000004 1.0000000180025095e-35 1.6138998270034792 770.65416666668386 0.36181818181818187 1.5803703069686892 72.500000000000014
decision_type=8 2 2 9 2 2 2 2 2 2 10 10 2 2
left_child=1 5 -3 4 -2 -1 -4 8 9 -5 11 12 13 -10
right_child=3 2 6 7 -6 -7 -8 -9 10 -11 -12 -13 -14 -15
leaf_value=-0.00065154603729928727 -0.001104160518635337 0.001609785469594903 -0.0016729590950533748 0.00019912116400096132 0.0034215931326616552 -0.0028732958499637275 0.00029222604619820464 0.0013716719927584849 0.00029516523519050982 -0.0022696657989130856 0.0014273033086617942 -9.4043890886263951e-05 -7.7501043988333269e-05 0.002141127890175943
leaf_weight=103 123 108 100 129 119 101 178 114 1205 113 100 4593 1242 213
leaf_count=103 123 108 100 129 119 101 178 114 1205 113 100 4593 1242 213
internal_value=3.799e-05 -0.00050633 0.000151754 7.8381e-05 0.00107682 -0.00175153 -0.000414675 4.55823e-05 2.57379e-05 -0.00095366 5.79715e-05 3.9092e-05 0.000268977 0.00057245
internal_weight=8541 590 386 7951 242 204 278 7709 7595 242 7353 7253 2660 1418
internal_count=8541 590 386 7951 242 204 278 7709 7595 242 7353 7253 2660 1418
cat_boundaries=0 1
cat_threshold=135794752
is_linear=0
shrinkage=0.03


Tree=223
num_leaves=15
num_cat=4
split_feature=21 37 33 28 24 27 37 28 13 27 36 38 1 36
split_gain=0.336806 0.291511 0.435523 0.540074 0.687816 0.451419 0.429907 0.484196 0.511809 0.677207 0.583955 0.572058 0.393798 0.386266
threshold=150.85000000000002 0 1.0000000180025095e-35 13.914479166666668 25.644333333333275 6.9996585648148155 1 1.9286921296296298 1.0000000180025095e-35 13.999519675925926 2 1.500945568084717 53.500000000000007 3
decision_type=2 9 2 2 10 2 9 2 2 2 9 2 2 9
left_child=1 -1 5 4 -4 -3 12 8 9 -8 -10 -12 13 -7
right_child=-2 2 3 -5 -6 6 7 -9 10 -11 11 -13 -14 -15
leaf_value=-0.00043011699342627638 -0.00061564865092805115 -0.0019144541493340116 0.0019050517352105585 0.0026792285046266283 8.1400643012051143e-05 -1.8060775396217743e-05 0.0036962658060917582 -0.00037190168055257567 0.0011024862594497943 0.00064218031489479081 0.00053018975580926048 -0.0024814289854839444 -0.00054204643633332789 0.001408889801899457
leaf_weight=1071 810 111 227 102 1034 2371 117 399 394 148 128 102 1396 174
leaf_count=1071 810 111 227 102 1034 2371 117 399 394 148 128 102 1396 174
internal_value=-3.34837e-05 2.71741e-05 0.000100731 0.000579528 0.000409687 -2.12899e-05 1.88977e-05 0.000492512 0.000886017 0.00199059 0.000416928 -0.000771839 -0.000136792 8.49639e-05
internal_weight=8584 7774 6703 1363 1261 5340 5229 1288 889 265 624 230 3941 2545
internal_count=8584 7774 6703 1363 1261 5340 5229 1288 889 265 624 230 3941 2545
cat_boundaries=0 1 2 3 4
cat_threshold=554520623 283117840 16 49
is_linear=0
shrinkage=0.03


Tree=224
num_leaves=15
num_cat=3
split_feature=37 13 37 37 1 28 25 0 1 32 0 26 31 28
split_gain=0.334091 0.510392 0.507129 0.397615 0.372027 0.811923 0.490508 0.692782 0.488199 0.456928 0.402074 0.351851 0.336892 0.300505
threshold=0 1.0000000180025095e-35 1 2 12.500000000000002 2.6342824074074076 0.19000000000000003 4.5000000000000009 3.5000000000000004 17.500000000000004 6.5000000000000009 1.0000000180025095e-35 1.5380656807169777 25.616458333333338
decision_type=9 2 9 9 2 2 10 2 2 2 2 8 10 2
left_child=1 3 -3 -1 5 6 -2 -8 11 -10 -9 -7 -4 -6
right_child=4 2 12 -5 13 8 7 10 9 -11 -12 -13 -14 -15
leaf_value=0.0016793101522412184 0.0028606131057696124 -0.00021483659349923046 -0.0032371866844756445 -0.00028852216561607227 -8.065262941497149e-05 -0.00047573830855151498 -0.00084974483363405473 0.0021271216710473792 -0.00050424638764794778 0.0020667689253050501 0.00059628415135516515 -0.0026692149714592876 -0.00095045170211233198 0.0014680330617272334
leaf_weight=103 114 243 138 498 5798 171 186 264 162 101 372 107 100 115
leaf_count=103 114 243 138 498 5798 171 186 264 162 101 372 107 100 115
internal_value=-1.65491e-05 -0.000506353 -0.00123936 7.18682e-05 5.57748e-05 0.000481743 0.00101649 0.000760736 -0.000443441 0.000483102 0.00123173 -0.00131999 -0.00218458 -5.05327e-05
internal_weight=8472 1082 481 601 7390 1477 936 822 541 263 636 278 238 5913
internal_count=8472 1082 481 601 7390 1477 936 822 541 263 636 278 238 5913
cat_boundaries=0 1 2 3
cat_threshold=688952406 536907776 1048642
is_linear=0
shrinkage=0.03


Tree=225
num_leaves=15
num_cat=1
split_feature=27 17 30 37 27 24 38 24 38 23 23 31 21 1
split_gain=0.246312 0.34423 0.196507 0.258852 0.596911 0.648249 0.644458 0.312164 0.310091 0.364761 0.642883 0.695459 0.363283 0.382281
threshold=6.9996585648148155 3.5000000000000004 368.50000000000006 0 17.003738425925928 1.8535000000000084 1.594687879085541 102.23433333333175 1.7337163090705874 118.50000000000001 138.50000000000003 1.6132339472880839 91.916666666666671 47.500000000000007
decision_type=2 2 2 9 2 10 2 10 2 2 2 10 2 2
left_child=-1 2 3 4 5 -2 7 -7 9 -5 11 -11 13 -12
right_child=1 -3 -4 8 -6 6 -8 -9 -10 10 12 -13 -14 -15
leaf_value=-0.00099916204067190448 -0.0018397748091484646 0.0016639788028551265 -0.0010529589568614027 -1.0564070605352661e-06 0.00239681561711988 0.00099461305984540997 0.0027898555331151275 -0.0012670008075766194 -0.00031720752793244837 0.0035628176170968166 0.0009665413794486818 0.00075935903438600677 -0.0013398414409130054 -0.00039331160482510718
leaf_weight=199 111 120 144 4364 139 114 102 106 1868 115 437 259 128 324
leaf_count=199 111 120 144 4364 139 114 102 106 1868 115 437 259 128 324
internal_value=4.39038e-05 6.88192e-05 4.55067e-05 6.51149e-05 0.000674556 0.000137261 0.000818786 -9.50736e-05 1.76802e-05 0.000128885 0.000577865 0.00162139 0.000138859 0.000387576
internal_weight=8530 8331 8211 8067 572 433 322 220 7495 5627 1263 374 889 761
internal_count=8530 8331 8211 8067 572 433 322 220 7495 5627 1263 374 889 761
cat_boundaries=0 1
cat_threshold=1210057928
is_linear=0
shrinkage=0.03


Tree=226
num_leaves=15
num_cat=2
split_feature=38 37 1 38 31 38 22 1 23 23 5 24 23 36
split_gain=0.284167 0.325704 0.375997 0.275078 0.544015 0.55904 0.54729 1.05777 0.458016 0.832003 0.578974 0.454129 0.465454 0.467922
threshold=1.057650148868561 0 24.500000000000004 1.9379359483718874 0.19843228538575877 1.7370213866233828 1424.0562500000003 13.500000000000002 79.500000000000014 145.50000000000003 0.21825000000000003 27.198500000000063 110.50000000000001 1
decision_type=2 9 2 2 8 2 2 2 2 2 2 10 2 9
left_child=-1 2 -2 4 -3 -6 7 -7 10 -10 -5 -8 -13 -14
right_child=1 3 -4 8 5 6 11 -9 9 -11 -12 12 13 -15
leaf_value=-0.00060265434428013055 -0.00040031970875097973 0.0020041143248530745 0.0018528956903515344 0.00039387970994926412 8.9487617027096293e-05 0.0027447924860448478 -0.002769577158545491 -0.0005354746039765441 -0.0008126929451544579 0.0018707511168671771 0.0030301245768254146 -0.0018613294310899536 -0.001381706167718649 0.00093372323666229807
leaf_weight=566 101 119 196 181 5482 107 134 511 339 150 128 220 126 176
leaf_count=566 101 119 196 181 5482 107 134 511 339 150 128 220 126 176
internal_value=4.68793e-05 9.30068e-05 0.00105125 5.44746e-05 -6.65154e-06 -4.20691e-05 -0.000608155 3.24681e-05 0.000581777 1.04494e-05 0.00148592 -0.00121167 -0.000811747 -4.71507e-05
internal_weight=8536 7970 297 7673 6875 6756 1274 618 798 489 309 656 522 302
internal_count=8536 7970 297 7673 6875 6756 1274 618 798 489 309 656 522 302
cat_boundaries=0 1 2
cat_threshold=167781696 17
is_linear=0
shrinkage=0.03


Tree=227
num_leaves=15
num_cat=2
split_feature=32 28 38 28 14 24 0 31 31 38 28 7 37 37
split_gain=0.187768 0.5031 0.298838 0.512216 0.443928 0.312285 0.236278 0.548936 0.412437 0.578734 0.347638 0.335164 0.549281 0.326097
threshold=26.500000000000004 25.616458333333338 1.2534886598587038 2.1058738425925934 1.5000000000000002 179.81983333332701 5.5000000000000009 2.2745139927365949 3.0002965012848395 1.4087955355644228 3.3059606481481487 1.5000000000000002 0 1
decision_type=2 2 2 2 2 10 2 10 10 2 2 2 9 9
left_child=1 6 5 4 -4 -2 7 11 9 -9 -10 12 -1 -8
right_child=2 -3 3 -5 -6 -7 13 8 10 -11 -12 -13 -14 -15
leaf_value=0.0013311966771939404 -0.0004602990417779252 0.0021142664475622963 -0.0014691489491572914 -0.0016987533619531241 0.00092406985613069533 0.0016424078437765794 -0.0007142497274672888 0.00042213077673203139 -0.00073108886731016918 -0.0022811527327576183 0.0014097380135105501 -0.00054315034731158189 -8.2256254771997993e-05 2.4542622118669388e-05
leaf_weight=744 147 107 108 281 197 112 591 118 129 180 145 175 375 5105
leaf_count=744 147 107 108 281 197 112 591 118 129 180 145 175 375 5105
internal_value=2.47963e-05 7.15616e-05 -0.000399633 -0.000774703 7.6635e-05 0.00044898 4.26579e-05 0.000335642 -0.000438277 -0.00121073 0.00040183 0.000677745 0.000868681 -5.33231e-05
internal_weight=8514 7669 845 586 305 259 7562 1866 572 298 274 1294 1119 5696
internal_count=8514 7669 845 586 305 259 7562 1866 572 298 274 1294 1119 5696
cat_boundaries=0 1 2
cat_threshold=2296416258 671093274
is_linear=0
shrinkage=0.03


Tree=228
num_leaves=15
num_cat=1
split_feature=22 37 30 30 30 17 10 27 38 38 24 24 17 30
split_gain=0.230281 0.342505 0.460363 0.902558 0.715929 0.273559 0.38533 0.318601 0.303449 0.628052 0.555017 0.369202 0.427416 0.525103
threshold=14292.450000000003 0 40.250000000000007 72.500000000000014 24.165000000000003 3.5000000000000004 1.0000000180025095e-35 27.440329861111113 1.364744305610657 1.3475862145423891 550.35749999999314 263.3524999999924 1.0000000180025095e-35 207.10000000000002
decision_type=2 9 2 2 2 2 2 2 2 2 10 10 2 2
left_child=1 2 4 -4 -1 6 7 -3 9 -8 11 -10 -13 -14
right_child=-2 5 3 -5 -6 -7 8 -9 10 -11 -12 12 13 -15
leaf_value=0.00038435901833960671 -0.0013644934709882363 -0.0020644034982857801 -0.0021836140939433661 0.0014902424413037109 0.0035836931735964989 0.0014810593617509986 -9.684191724045376e-05 9.1117020468421597e-05 0.00013702147904281429 -0.0020977999452497895 -0.0013335665603559734 0.0012979668097860004 -0.0018164105304794456 0.0010795128217148708
leaf_weight=149 100 144 105 141 109 116 2400 108 4023 150 207 555 104 123
leaf_count=149 100 144 105 141 109 116 2400 108 4023 150 207 555 104 123
internal_value=6.66745e-05 8.36435e-05 0.000834118 -7.78671e-05 0.00173602 3.48505e-05 1.34259e-05 -0.00114061 5.18836e-05 -0.000214545 0.000187437 0.000252962 0.000849418 -0.000247254
internal_weight=8534 8434 504 246 258 7930 7814 252 7562 2550 5012 4805 782 227
internal_count=8534 8434 504 246 258 7930 7814 252 7562 2550 5012 4805 782 227
cat_boundaries=0 1
cat_threshold=136327184
is_linear=0
shrinkage=0.03


Tree=229
num_leaves=15
num_cat=2
split_feature=31 37 1 24 30 22 24 14 7 1 28 31 30 36
split_gain=0.199265 0.516535 0.299145 0.300825 0.2618 0.393705 0.234863 0.43212 0.373731 0.368132 0.35085 0.367923 0.291792 0.349167
threshold=1.0133141338059373 0 45.500000000000007 46.346166666668147 15.250000000000002 206.05000000000004 44.908166666670887 1.5000000000000002 1.0000000180025095e-35 16.500000000000004 1.8198611111111114 2.8525735171920967 72.500000000000014 1
decision_type=8 9 2 10 2 2 8 2 2 2 2 10 2 9
left_child=1 2 3 -1 5 -3 7 -2 10 -10 12 -12 -9 -14
right_child=6 4 -4 -5 -6 -7 -8 8 9 -11 11 -13 13 -15
leaf_value=-0.0017905970941011961 0.0015609533531072161 -0.00010560388039998912 -0.0021337476604836709 0.00025801951338787774 -0.00031122615562101901 0.0021673018768122161 -0.000118286116961237 -0.0018836106520146128 -0.00041060000880593982 0.00090658016660998615 0.0012374726671453874 -0.0010177425940192358 -0.0012248573805648652 0.0009213296167279888
leaf_weight=110 209 185 196 156 792 109 5154 175 272 641 180 102 145 113
leaf_count=110 209 185 196 156 792 109 5154 175 272 641 180 102 145 113
internal_value=-8.26701e-05 -0.000390647 -0.00121807 -0.000589153 -2.71824e-05 0.000737072 -1.44756e-05 0.000276782 0.000111922 0.000514167 -0.000401715 0.000421757 -0.000938017 -0.000296625
internal_weight=8539 1548 462 266 1086 294 6991 1837 1628 913 715 282 433 258
internal_count=8539 1548 462 266 1086 294 6991 1837 1628 913 715 282 433 258
cat_boundaries=0 1 2
cat_threshold=81788944 48
is_linear=0
shrinkage=0.03


Tree=230
num_leaves=15
num_cat=3
split_feature=38 36 28 24 5 37 28 37 21 38 23 5 38 33
split_gain=0.231795 0.497075 0.769508 0.870025 0.650554 0.481467 0.492083 0.448376 0.663276 0.51738 0.906009 0.434894 0.372574 0.400633
threshold=1.6598359346389773 0 3.6321701388888892 529.83099999999411 0.36600000000000005 1 9.0992534722222249 2 105.28333333333335 1.2962889671325686 94.500000000000014 0.11435000000000002 1.6391403675079348 1.0000000180025095e-35
decision_type=2 9 2 10 2 9 2 9 2 2 2 2 2 2
left_child=7 5 3 4 -3 -2 -7 8 12 -10 -11 -12 13 -1
right_child=1 2 -4 -5 -6 6 -8 -9 9 10 11 -13 -14 -15
leaf_value=0.00029975196084072747 -0.0015625272711887108 -0.0014449012946359246 0.00087202718204541785 0.0017673463172279298 0.00050420875185019606 0.00054748687678193321 -0.0013815336659746733 -0.00016071651230198774 -0.0017659358619354093 -0.0018418419610025535 0.0022873586875961183 -0.00015889432559412002 0.0022718636753788889 0.0013649364459759942
leaf_weight=1413 122 1006 259 100 182 1132 133 3124 195 139 141 122 119 410
leaf_count=1413 122 1006 259 100 182 1132 133 3124 195 139 141 122 119 410
internal_value=-3.22041e-05 -0.000248622 -0.000616066 -0.000920085 -0.0011463 0.000164465 0.00034197 7.99221e-05 0.000375161 -0.000497891 0.000117205 0.00115259 0.000645482 0.000539316
internal_weight=8597 2934 1547 1288 1188 1387 1265 5663 2539 597 402 263 1942 1823
internal_count=8597 2934 1547 1288 1188 1387 1265 5663 2539 597 402 263 1942 1823
cat_boundaries=0 1 2 3
cat_threshold=7 2147504128 813725856
is_linear=0
shrinkage=0.03


Tree=231
num_leaves=15
num_cat=3
split_feature=24 30 1 22 37 25 37 30 13 30 35 21 26 1
split_gain=0.196047 0.424426 0.737301 0.59088 0.455508 0.435436 0.37839 0.41263 0.745877 0.557705 0.48321 0.452307 0.450253 0.328053
threshold=75.343166666665937 150.10000000000002 50.500000000000007 1149.5000000000002 0 0.40833333333333338 1 71.250000000000014 1.0000000180025095e-35 40.250000000000007 2 45.833333333333336 0.028991596638655467 45.500000000000007
decision_type=8 2 2 2 9 10 9 2 2 2 1 2 8 2
left_child=1 6 4 -4 -3 -5 -1 8 12 -10 11 -9 -8 -13
right_child=-2 2 3 5 -6 -7 7 10 9 -11 -12 13 -14 -15
leaf_value=-0.00034333337865092656 0.00011664022905880397 -0.0031564772103387768 0.0022334508501808156 0.0010123972354287452 -0.00093898786748110568 -0.0014243560367560183 -0.00014572165817405808 0.0019124791551710862 -0.00018330901265242266 -0.0023825133219913639 0.0021800048200843426 0.00091545152946491718 0.0021857034849764949 -0.0011283073183704102
leaf_weight=1423 4674 107 101 110 417 165 136 118 428 137 185 120 165 172
leaf_count=1423 4674 107 101 110 417 165 136 118 428 137 185 120 165 172
internal_value=-1.33165e-05 -0.000173839 -0.000742591 0.000271073 -0.00146995 -0.000449655 3.64924e-06 0.000341619 -7.39465e-05 -0.000716567 0.0009522 0.000336804 0.0011323 -0.000288406
internal_weight=8458 3784 900 376 524 275 2884 1461 866 565 595 410 301 292
internal_count=8458 3784 900 376 524 275 2884 1461 866 565 595 410 301 292
cat_boundaries=0 1 2 3
cat_threshold=8390656 3918074409 3
is_linear=0
shrinkage=0.03


Tree=232
num_leaves=15
num_cat=0
split_feature=24 21 1 1 23 5 13 30 24 38 24 28 24 30
split_gain=0.176283 0.33903 0.668775 0.457927 0.605831 0.433531 0.20717 0.394092 0.413819 0.305569 0.184458 0.473159 0.593756 1.06893
threshold=302.92683333333349 46.500000000000007 27.500000000000004 50.500000000000007 142.50000000000003 0.22400000000000003 0.50000000000000011 152.50000000000003 374.13583333332093 1.5255779027938845 116.65266666666663 16.781001157407413 86.438000000000699 98.500000000000014
decision_type=10 2 2 2 2 2 2 2 10 2 10 2 10 2
left_child=10 2 -2 6 5 -5 7 -3 -9 -10 11 12 -1 -14
right_child=1 3 -4 4 -6 -7 -8 8 9 -11 -12 -13 13 -15
leaf_value=-4.2442494644253364e-05 -0.0026300442404346542 0.0028700816051437043 0.00052073437374314995 0.0019207886856988318 -0.001692492401699864 -0.00056079799057285587 0.00012738709596830399 0.0021901445437539765 0.0012023000839460445 -0.00066758743277322392 -0.00030580438580986297 -0.0018243234790670762 -0.00035446410653576976 0.0025665836126271945
leaf_weight=4216 100 106 154 121 170 133 215 141 152 163 2322 122 226 225
leaf_count=4216 100 106 154 121 170 133 215 141 152 163 2322 122 226 225
internal_value=-2.48139e-05 0.000276051 -0.00071973 0.000486649 -0.000306355 0.000621375 0.000919382 0.00122237 0.000839349 0.000234707 -8.63747e-05 2.00183e-05 6.82312e-05 0.00110282
internal_weight=8566 1455 254 1201 424 254 777 562 456 315 7111 4789 4667 451
internal_count=8566 1455 254 1201 424 254 777 562 456 315 7111 4789 4667 451
is_linear=0
shrinkage=0.03


Tree=233
num_leaves=15
num_cat=2
split_feature=24 38 37 26 35 28 23 31 32 38 30 30 30 38
split_gain=0.286604 0.879833 0.199934 0.295846 0.64638 0.278927 0.682142 0.390633 0.624783 0.403551 0.417233 0.634191 0.679176 0.27308
threshold=1.8535000000000084 1.9682257175445559 0 0.054093567251461992 1 0.93167824074074079 69.500000000000014 0.97209623732310757 4.5000000000000009 1.2353191971778872 83.500000000000014 140.40000000000003 182.10000000000002 1.3745623230934145
decision_type=8 2 9 8 1 2 2 8 2 2 2 2 2 2
left_child=1 -1 -2 5 -5 7 13 8 -4 -9 -11 -12 -13 -7
right_child=2 -3 3 4 -6 6 -8 9 -10 10 11 12 -14 -15
leaf_value=-0.0024067939657079814 0.00012154364100100118 0.00094324458939023311 0.0023856754617059025 -0.0013923828713157419 0.00043366530856170962 -0.0003987294768602097 0.0017196555999238216 0.0014805638616579879 -0.00019915777192868153 0.00052465143329887226 -0.0019444649782675652 0.0021064907781281833 -0.0010844639274197303 -0.0017365991918188736
leaf_weight=162 5455 125 174 452 278 380 107 133 163 330 243 101 148 215
leaf_count=162 5455 125 174 452 278 380 107 133 163 330 243 101 148 215
internal_value=-1.58968e-05 -0.000947718 1.68007e-05 -0.000192693 -0.000710117 -4.23179e-06 -0.000485588 0.00025731 0.00113544 -5.25656e-05 -0.000300627 -0.000854167 0.000209859 -0.000882161
internal_weight=8466 287 8179 2724 730 1994 702 1292 337 955 822 492 249 595
internal_count=8466 287 8179 2724 730 1994 702 1292 337 955 822 492 249 595
cat_boundaries=0 1 2
cat_threshold=2051828824 26
is_linear=0
shrinkage=0.03


Tree=234
num_leaves=15
num_cat=4
split_feature=31 5 37 5 27 37 38 31 38 31 37 38 37 32
split_gain=0.178669 0.2129 0.210069 0.199049 0.501962 0.465863 1.09389 0.934904 0.399259 0.677602 0.65018 0.346331 0.409095 0.410019
threshold=8.173220338983052 0.91665000000000008 0 0.11435000000000002 6.9996585648148155 1 1.5871314406394961 1.1585652028159574 1.9379359483718874 1.5380656807169777 2 1.6685470938682558 3 2.5000000000000004
decision_type=10 2 9 2 2 9 2 8 2 8 9 2 9 2
left_child=1 3 -2 4 -1 6 -6 -8 10 -10 -5 12 13 -7
right_child=2 -3 -4 8 5 11 7 -9 9 -11 -12 -13 -14 -15
leaf_value=-0.0017261282350712766 -0.00021602725632894866 0.0011327940621581197 0.001465936688191932 -0.0018616041577530695 -0.00088979695171835906 0.0015646715266717001 6.4744588785937851e-06 0.0036406699383708958 -0.00092677593968944975 0.0016636934742281023 -0.00026116458697370188 -0.00041654215306659791 -0.0003026930606800835 0.00024945206514963297
leaf_weight=144 123 130 139 245 166 241 105 162 152 226 2319 1383 1153 1858
leaf_count=144 123 130 139 245 166 241 105 162 152 226 2319 1383 1153 1858
internal_value=-4.72997e-05 -7.16943e-05 0.000724019 -9.08976e-05 2.04638e-05 7.00908e-05 0.000999463 0.00221149 -0.000288184 0.000622023 -0.000422372 -1.88465e-05 0.000150226 0.000398562
internal_weight=8546 8284 262 8154 5212 5068 433 267 2942 378 2564 4635 3252 2099
internal_count=8546 8284 262 8154 5212 5068 433 267 2942 378 2564 4635 3252 2099
cat_boundaries=0 1 2 3 4
cat_threshold=822116352 137904128 272105472 2995038220
is_linear=0
shrinkage=0.03


Tree=235
num_leaves=15
num_cat=2
split_feature=37 1 25 24 0 1 37 23 28 38 21 31 24 23
split_gain=0.199018 0.330026 0.452205 0.213793 0.192611 0.211598 0.282286 0.264874 0.52227 0.614068 0.462298 0.994985 0.480632 0.579728
threshold=0 31.500000000000004 0.49489795918367352 20.074999999999566 18.500000000000004 14.500000000000002 1 144.50000000000003 0.93167824074074079 1.8439363837242129 119.50000000000001 0.97209623732310757 58.034000000003658 59.500000000000007
decision_type=9 2 8 10 2 2 9 2 2 2 2 10 10 2
left_child=1 -1 3 -3 5 7 -7 8 9 10 11 -2 -13 -14
right_child=4 2 -4 -5 -6 6 -8 -9 -10 -11 -12 12 13 -15
leaf_value=-0.00046805945019892387 0.0039113514241323156 -0.00076714393682777873 0.0021277870325138791 0.00099732982400868738 -0.0011781087493000085 -0.00097191312549365369 -4.2048585536915335e-05 0.0012962386232641774 -0.00052535198196962407 -0.0011663193531975839 -0.0006563752544951699 -0.00064813892354140983 0.00052345052439942141 0.002972680587600183
leaf_weight=202 106 117 184 131 128 300 5692 205 624 151 139 160 276 127
leaf_count=202 106 117 184 131 128 300 5692 205 624 151 139 160 276 127
internal_value=1.74982e-05 0.000524626 0.00100094 0.000164897 -2.37925e-05 -4.8318e-06 -9.02961e-05 0.000281579 0.000150179 0.000589732 0.000917905 0.001245 0.000742985 0.00129529
internal_weight=8542 634 432 248 7908 7780 5992 1788 1583 959 808 669 563 403
internal_count=8542 634 432 248 7908 7780 5992 1788 1583 959 808 669 563 403
cat_boundaries=0 1 2
cat_threshold=167785864 1142424082
is_linear=0
shrinkage=0.03


Tree=236
num_leaves=15
num_cat=0
split_feature=24 30 0 30 22 24 31 31 23 24 30 38 32 27
split_gain=0.20534 0.490196 0.499351 0.34925 0.594127 0.333684 0.387383 0.584917 0.371281 0.429923 0.323108 0.345459 0.317931 0.310226
threshold=7.486666666665756 30.165000000000003 8.5000000000000018 62.500000000000007 3083.9500000000007 306.33566666667008 1.5126086035176944 1.783196239717979 18.500000000000004 105.43750000000176 74.250000000000014 1.6685470938682558 13.500000000000002 13.999994212962966
decision_type=8 2 2 2 2 10 10 10 2 10 2 2 2 2
left_child=1 -1 -3 4 5 6 8 -8 -2 12 11 -5 13 -10
right_child=3 2 -4 10 -6 -7 7 -9 9 -11 -12 -13 -14 -15
leaf_value=-0.0016491774304364748 -0.0010719842831604183 -0.00085563703005013081 0.001412207333948584 -0.00028320811113749538 0.0024354325527446746 -0.0011428672882728278 0.0029051570697088492 0.00050274541176918079 -0.00051654478438546486 0.0015539524049927422 -5.6763009420328909e-05 -0.0022992191808240501 0.0014413479379035035 0.001174444265278249
leaf_weight=231 225 202 154 208 115 150 113 473 617 192 5493 121 116 116
leaf_count=231 225 202 154 208 115 150 113 473 617 192 5493 121 116 116
internal_value=-3.15058e-05 -0.000572945 0.000125397 8.52754e-06 0.000338504 0.000218051 0.000328276 0.000966009 3.30854e-05 0.000271933 -0.000111459 -0.00102466 -1.79932e-05 -0.000248939
internal_weight=8526 587 356 7939 2117 2002 1852 586 1266 1041 5822 329 849 733
internal_count=8526 587 356 7939 2117 2002 1852 586 1266 1041 5822 329 849 733
is_linear=0
shrinkage=0.03


Tree=237
num_leaves=15
num_cat=0
split_feature=21 21 1 21 1 33 32 1 38 5 21 24 21 30
split_gain=0.15261 0.372489 0.418219 0.551678 0.427369 0.554855 0.339828 0.376251 0.406883 0.707437 0.345107 0.327894 0.313618 0.310841
threshold=108.25000000000001 84.950000000000003 30.500000000000004 90.416666666666671 44.500000000000007 1.0000000180025095e-35 5.5000000000000009 42.500000000000007 1.675956726074219 0.085150000000000017 156.37500000000003 227.79849999999689 94.416666666666686 223.82500000000002
decision_type=2 2 2 2 2 2 2 2 2 2 2 10 2 2
left_child=1 -1 3 -3 -4 11 -2 -8 9 -9 -10 -6 -5 -11
right_child=6 2 4 12 5 -7 7 8 10 13 -12 -13 -14 -15
leaf_value=-1.5776491186930189e-05 -0.0011867706351560482 0.0024274104668405429 -0.0010963346632838628 -0.00052063260639154509 0.00067977158063433631 0.0022509630098994375 -0.00046085231116232278 0.0014382687215952472 0.002757577693449672 -1.1291343264632147e-05 0.00033504404264557007 -0.0010119803211252603 0.0011689337606805501 -0.002326505499477207
leaf_weight=5604 277 197 207 164 251 126 791 161 110 101 102 175 249 108
leaf_count=5604 277 197 207 164 251 126 791 161 110 101 102 175 249 108
internal_value=3.1204e-05 9.25965e-05 0.000536221 0.00112112 6.61478e-05 0.000502079 -0.000228244 -3.48637e-05 0.0005441 -5.63291e-05 0.00159202 -1.51969e-05 0.000498016 -0.00120767
internal_weight=8623 6973 1369 610 759 552 1650 1373 582 370 212 426 413 209
internal_count=8623 6973 1369 610 759 552 1650 1373 582 370 212 426 413 209
is_linear=0
shrinkage=0.03


Tree=238
num_leaves=15
num_cat=2
split_feature=30 30 17 30 27 38 14 37 37 23 0 0 30 31
split_gain=0.292551 0.573837 0.727035 0.557454 0.484697 0.389119 0.335614 0.911136 0.795724 0.863611 0.676759 0.683895 0.397953 0.352767
threshold=194.10000000000002 160.02500000000003 1.0000000180025095e-35 199.10000000000002 18.333043981481485 1.3405699729919436 2.5000000000000004 0 1 98.500000000000014 9.5000000000000018 6.5000000000000009 117.50000000000001 2.9565137600038303
decision_type=2 2 2 2 2 2 2 9 9 2 2 2 2 10
left_child=1 6 5 -2 -4 -3 8 10 9 -1 11 -8 13 -9
right_child=3 2 4 -5 -6 -7 7 12 -10 -11 -12 -13 -14 -15
leaf_value=0.00046691100846850484 -0.0023344670833574362 -0.00065396754313842387 0.0008580819535661218 -0.00019222718388925915 0.0035322674331789623 0.00085191338526495344 0.0023905321757719577 0.00038606278441702814 -0.00076022368138372372 -0.0013447652659779514 0.0032411478096820738 -0.00076989796585369386 -0.00092662202184960654 -0.0010415378157192497
leaf_weight=1566 115 250 122 2215 122 404 112 1201 1369 279 143 137 354 179
leaf_count=1566 115 250 122 2215 122 404 112 1201 1369 279 143 137 354 179
internal_value=-1.11285e-05 9.6008e-05 0.000797666 -0.00029796 0.00219517 0.000276271 -2.19861e-05 0.000270437 -0.000215419 0.00019191 0.00155659 0.000651661 -2.91273e-05 0.000200889
internal_weight=8568 6238 898 2330 244 654 5340 2126 3214 1845 392 249 1734 1380
internal_count=8568 6238 898 2330 244 654 5340 2126 3214 1845 392 249 1734 1380
cat_boundaries=0 1 2
cat_threshold=137891042 4148224521
is_linear=0
shrinkage=0.03


Tree=239
num_leaves=15
num_cat=2
split_feature=24 31 31 26 38 28 38 23 37 1 21 37 23 31
split_gain=0.265855 0.926852 0.523997 0.266105 0.46932 0.355923 0.882065 0.833724 0.489653 0.367495 0.473031 0.330379 0.525204 0.417856
threshold=3.2871666666666903 1.2508030341587599 1.8322390932420876 1.0000000180025095e-35 2.1610399484634404 0.89800347222222232 1.7153424620628359 160.50000000000003 0 18.500000000000004 123.12500000000001 1 96.500000000000014 1.839223276723277
decision_type=8 8 10 8 2 2 2 2 9 2 2 9 2 10
left_child=1 -1 -3 5 -5 8 7 11 -2 -10 -11 12 13 -7
right_child=3 2 -4 4 -6 6 -8 -9 9 10 -12 -13 -14 -15
leaf_value=-0.0026877720222687816 0.0020434783383583028 0.0019742489022734973 -0.00095096759714892703 0.000255029088585224 -0.0018121305879408326 -0.00056462102749125305 -0.0029645779977978113 0.0015571872070620884 0.00067379920210821861 -0.00053906433555931375 0.0012259149028577667 -0.0013724782418081118 -0.0010589313755449972 0.00093517453320391211
leaf_weight=139 107 105 116 4637 101 303 116 200 541 937 160 304 451 373
leaf_count=139 107 105 116 4637 101 303 116 200 541 937 160 304 451 373
internal_value=2.96081e-05 -0.000768379 0.000438841 6.4514e-05 0.000210963 -0.000134191 -0.000436892 -0.000257118 0.000168857 3.37187e-05 -0.000281638 -0.000510689 -0.00026371 0.000262929
internal_weight=8590 360 221 8230 4738 3492 1747 1631 1745 1638 1097 1431 1127 676
internal_count=8590 360 221 8230 4738 3492 1747 1631 1745 1638 1097 1431 1127 676
cat_boundaries=0 1 2
cat_threshold=136315264 272648244
is_linear=0
shrinkage=0.03


Tree=240
num_leaves=15
num_cat=2
split_feature=25 37 13 30 30 1 37 30 38 24 23 28 27 30
split_gain=0.209923 0.380838 0.757885 0.407499 0.316101 0.387987 0.452159 0.423569 0.296255 0.469844 0.372773 0.275004 0.274098 0.40035
threshold=0.53518821603927991 0 0.50000000000000011 73.250000000000014 293.37500000000006 63.500000000000007 1 44.500000000000007 1.279644310474396 973.2273333333527 158.50000000000003 2.7889699074074081 13.958015046296298 181.10000000000002
decision_type=10 9 2 2 2 2 9 2 2 8 2 2 2 2
left_child=1 2 3 -1 5 8 11 -8 -2 10 -10 -7 -3 -14
right_child=4 12 -4 -5 -6 6 7 -9 9 -11 -12 -13 13 -15
leaf_value=0.00080110272003968395 -3.8153093737491877e-06 -0.00031584201248484811 0.0030817092024433774 -0.00134220684514298 0.00094534405161994062 0.0025525944874457574 -0.0014613210724824708 0.00058671064427912685 -0.0015956109554766454 0.00085100355241426323 0.00022081689814513084 0.00040392089783486011 0.00040767391403556604 -0.00015834796412728054
leaf_weight=381 432 1319 113 101 192 102 168 198 565 109 124 113 2727 1914
leaf_count=381 432 1319 113 101 192 102 168 198 565 109 124 113 2727 1914
internal_value=5.66834e-05 0.000138817 0.000856017 0.000351986 -0.000212105 -0.000334817 0.000304087 -0.000343971 -0.000636608 -0.000979172 -0.00126871 0.00136003 6.56705e-05 0.00017424
internal_weight=8558 6555 595 482 2003 1811 581 366 1230 798 689 215 5960 4641
internal_count=8558 6555 595 482 2003 1811 581 366 1230 798 689 215 5960 4641
cat_boundaries=0 1 2
cat_threshold=19969080 140509184
is_linear=0
shrinkage=0.03


Tree=241
num_leaves=15
num_cat=2
split_feature=31 37 32 38 26 32 37 31 31 24 31 24 38 38
split_gain=0.173643 0.34262 0.433041 0.361546 0.437247 0.523467 0.307409 0.539201 0.387019 0.425983 0.476453 0.373074 0.324276 0.497641
threshold=1.0133141338059373 0 6.5000000000000009 1.6720877289772036 0.04083333333333334 1.5000000000000002 1 1.1144551101072844 1.200840336134454 172.41716666666329 1.351928431051425 217.58266666667305 1.6685470938682558 1.8656589388847353
decision_type=8 9 2 2 10 2 9 8 8 10 8 10 2 2
left_child=1 -1 3 4 5 -3 7 -2 -9 10 -10 -11 -12 -14
right_child=6 2 -4 -5 -6 -7 -8 8 9 11 12 -13 13 -15
leaf_value=-0.00089278689774999762 0.0018075073705372084 0.0031891630096531924 -0.00082515272600708887 -0.0010316712074646991 -0.00066080791880315359 0.00062047685098334923 -0.00017781692734577178 -0.0016322885351383698 0.0023538521315024877 -0.0020106173537756877 0.00072975320968803633 -5.3541981571195819e-05 -0.00076596011388738335 0.00053321972410243766
leaf_weight=649 182 109 338 105 114 207 4397 109 104 131 785 265 498 568
leaf_count=649 182 109 338 105 114 207 4397 109 104 131 785 265 498 568
internal_value=-8.71326e-05 -0.000377693 1.52868e-05 0.000546542 0.000931919 0.00150651 -2.43066e-05 0.000230975 0.000115276 0.000196299 0.000378045 -0.000700958 0.000267032 -7.37142e-05
internal_weight=8561 1522 873 535 430 316 7039 2642 2460 2351 1955 396 1851 1066
internal_count=8561 1522 873 535 430 316 7039 2642 2460 2351 1955 396 1851 1066
cat_boundaries=0 1 2
cat_threshold=485490704 2627747928
is_linear=0
shrinkage=0.03


Tree=242
num_leaves=15
num_cat=2
split_feature=25 19 37 28 23 0 21 7 37 13 0 22 32 21
split_gain=0.267329 0.324135 0.276322 0.449578 0.465701 0.407819 0.340483 0.273692 0.244141 0.401806 0.35555 0.380189 0.288677 0.222259
threshold=0.36181818181818187 1.0000000180025095e-35 0 9.9436805555555576 110.50000000000001 5.5000000000000009 112.43333333333335 1.0000000180025095e-35 1 0.50000000000000011 7.5000000000000009 32.250000000000007 8.5000000000000018 31.166666666666668
decision_type=10 2 9 2 2 2 2 2 9 2 2 2 2 2
left_child=1 2 3 4 6 13 7 -1 9 10 12 -12 -2 -4
right_child=8 -3 5 -5 -6 -7 -8 -9 -10 -11 11 -13 -14 -15
leaf_value=0.00036235607934044034 -0.0011397583980264291 -0.001426959058204304 0.0018950002919535028 -0.00071597333338315166 0.0027002840124795797 -0.00011043981448896914 -0.0007498245150782168 0.0018914655905378651 -0.00019073724002686117 -0.001039006152360892 0.00037128298440728129 0.0026267332115399462 0.00098718572415787127 0.00048286638597264543
leaf_weight=219 111 103 134 151 131 1742 114 203 4775 131 127 143 119 399
leaf_count=219 111 103 134 151 131 1742 114 203 4775 131 127 143 119 399
internal_value=1.11195e-05 0.000228629 0.000283762 0.000752982 0.00109682 0.000111251 0.000704932 0.00109792 -0.000117471 0.000433117 0.000827475 0.00156584 -3.9296e-05 0.000837887
internal_weight=8602 3196 3093 818 667 2275 536 422 5406 631 500 270 230 533
internal_count=8602 3196 3093 818 667 2275 536 422 5406 631 500 270 230 533
cat_boundaries=0 1 2
cat_threshold=337677312 169627752
is_linear=0
shrinkage=0.03


Tree=243
num_leaves=15
num_cat=1
split_feature=27 27 24 24 27 37 22 31 27 25 33 25 24 32
split_gain=0.210604 0.268297 0.233249 0.554297 0.525529 0.373272 0.409829 0.507707 0.342313 0.330809 0.417513 0.815635 0.377039 0.33617
threshold=31.328431712962963 30.998709490740744 172.41716666666329 160.28399999999795 29.99902777777778 0 6785.2500000000009 2.5647058434165593 22.999924768518522 0.4497297297297298 1.0000000180025095e-35 0.58411764705882363 234.50883333332607 6.5000000000000009
decision_type=2 2 10 10 2 9 2 10 2 8 2 8 10 2
left_child=1 2 3 4 5 6 7 -1 -9 -4 12 -12 -11 -14
right_child=-2 -3 9 -5 -6 -7 -8 8 -10 10 11 -13 13 -15
leaf_value=0.0015105472089909015 -0.0013719875145565871 0.0015156093139804022 -0.00069875570505372234 0.0019311586051901006 -0.0018902228004857898 -4.6646720036424378e-05 -0.00038167080928545004 -0.0012023710513257293 0.0010511068006244951 -0.0011095384505595554 0.001931784886004943 -0.0010157442757440375 -0.0012544669191047431 0.00022834791854156101
leaf_weight=500 104 102 982 142 125 4247 281 131 113 346 238 131 160 983
leaf_count=500 104 102 982 142 125 4247 281 131 113 346 238 131 160 983
internal_value=-3.01758e-05 -1.37216e-05 -3.23385e-05 8.10002e-05 3.23209e-05 7.79047e-05 0.000588685 0.000963089 -0.000158752 -0.000253389 -1.80015e-05 0.000885372 -0.000241873 2.07798e-05
internal_weight=8585 8481 8379 5539 5397 5272 1025 744 244 2840 1858 369 1489 1143
internal_count=8585 8481 8379 5539 5397 5272 1025 744 244 2840 1858 369 1489 1143
cat_boundaries=0 1
cat_threshold=3221227584
is_linear=0
shrinkage=0.03


Tree=244
num_leaves=15
num_cat=0
split_feature=24 31 38 38 24 29 38 33 31 22 38 25 38 30
split_gain=0.31257 0.311823 0.29401 0.196697 0.284785 0.241175 0.370576 0.365544 0.287516 0.617918 0.231168 0.223592 0.209313 0.235994
threshold=573.08966666666458 0.1106014271151886 1.5830990672111513 2.2669467926025395 7.486666666665756 3.5000000000000004 1.6356540322303774 1.0000000180025095e-35 3.2948938677315356 1711.7312500000005 1.9593561291694643 0.19000000000000003 0.91361844539642345 53.500000000000007
decision_type=10 8 2 2 8 2 2 2 10 2 2 10 2 2
left_child=1 -1 -2 4 10 12 7 8 9 -7 11 -3 -6 -14
right_child=2 3 -4 -5 5 6 -8 -9 -10 -11 -12 -13 13 -15
leaf_value=0.0014883343744143023 -0.0018553675159876811 0.00021793501275293168 0.00018694860336699145 0.0013126067205303114 -0.0011316726157571293 0.0020791567257101382 -0.0011493399899344169 0.0015805351758938265 -0.0012790203960768504 -0.000622730930089645 0.00059394318573545695 -0.0013849099468182956 0.00043869040935418389 1.0431262441708067e-05
leaf_weight=127 158 103 106 100 124 109 380 113 179 253 101 327 1522 4843
leaf_count=127 158 103 106 100 124 109 380 113 179 253 101 327 1522 4843
internal_value=-1.91481e-05 1.32485e-05 -0.00103535 -9.72621e-06 -2.61445e-05 2.12497e-05 -0.000404271 2.86437e-05 -0.000295504 0.000190821 -0.000697608 -0.00100097 8.9055e-05 0.000112837
internal_weight=8545 8281 264 8154 8054 7523 1034 654 541 362 531 430 6489 6365
internal_count=8545 8281 264 8154 8054 7523 1034 654 541 362 531 430 6489 6365
is_linear=0
shrinkage=0.03


Tree=245
num_leaves=15
num_cat=1
split_feature=28 28 31 1 37 38 0 30 30 31 30 30 13 1
split_gain=0.232084 0.450568 0.366608 0.306507 0.218866 0.386132 0.342155 0.917964 0.765728 0.812528 1.14929 0.61196 0.482753 0.422788
threshold=25.616458333333338 15.638628472222225 1.9261208576998052 25.500000000000004 0 2.075095653533936 6.5000000000000009 229.05000000000004 205.07500000000002 2.4757543249946594 249.05000000000004 181.10000000000002 0.50000000000000011 7.5000000000000009
decision_type=2 2 10 2 9 2 2 2 2 10 2 2 2 2
left_child=1 4 -3 -4 5 6 7 -1 11 10 -10 13 -9 -8
right_child=-2 2 3 -5 -6 -7 8 12 9 -11 -12 -13 -14 -15
leaf_value=0.0004004610355192366 0.0011663987531576503 -0.0021444168403046203 -0.0017234386451136651 0.00026722692254095039 -0.00011036140990626049 -0.0014951337868315648 -0.00097842536520220355 -0.00056931196004576855 0.0044316204882020359 0.00050775830425986749 0.00028127023984458952 -0.0017540122397663904 -0.0027398893522978243 0.00056810656137848328
leaf_weight=1022 151 150 101 224 4301 116 187 291 146 372 102 140 135 1066
leaf_count=1022 151 150 101 224 4301 116 187 291 146 372 102 140 135 1066
internal_value=7.56653e-07 -2.03151e-05 -0.000917623 -0.000351411 3.37877e-05 0.000206843 0.000264485 -8.72125e-05 0.00051747 0.0013945 0.00272462 0.000127117 -0.00125717 0.000337299
internal_weight=8504 8353 475 325 7878 3577 3461 1448 2013 620 248 1393 426 1253
internal_count=8504 8353 475 325 7878 3577 3461 1448 2013 620 248 1393 426 1253
cat_boundaries=0 1
cat_threshold=143953318
is_linear=0
shrinkage=0.03


Tree=246
num_leaves=15
num_cat=4
split_feature=28 32 32 37 35 25 28 25 37 28 37 0 38 21
split_gain=0.21678 0.459427 0.37759 0.45213 0.485292 0.474794 0.566846 0.406291 0.396755 0.30725 0.272596 0.530031 0.415061 0.337924
threshold=6.3179513888888899 33.500000000000007 31.500000000000004 0 1 0.56205128205128219 10.354369212962965 0.54027027027027041 2 5.8215104166666682 3 3.5000000000000004 1.5592587590217593 98.950000000000017
decision_type=2 2 2 9 1 8 2 8 9 2 9 2 2 2
left_child=1 9 3 -2 7 -6 -7 8 -5 10 -1 12 -12 -13
right_child=2 -3 -4 4 5 6 -8 -9 -10 -11 11 13 -14 -15
leaf_value=0.00025104228083501376 -0.0015629365448056993 0.0012867836399418045 -0.0012885747633602782 0.00023942449654475983 -8.1005161341993925e-05 0.0029709115248341628 0.00025414695096515061 5.2185258141595538e-05 0.0025791101992151447 -0.0017210370217646031 -0.00022864402585321723 -0.00034568855811162547 -0.0028054515576617076 0.00023779449424801509
leaf_weight=1212 103 199 144 109 1424 108 192 170 210 114 101 3156 127 1246
leaf_count=1212 103 199 144 109 1424 108 192 170 210 114 101 3156 127 1246
internal_value=-3.60461e-05 -0.000131185 0.000201993 0.000294671 0.000386446 0.000146657 0.00123218 0.00121196 0.00186801 -0.000178561 -0.000148462 -0.000253036 -0.00166397 -0.000180532
internal_weight=8615 6155 2460 2316 2213 1724 300 489 319 5956 5842 4630 228 4402
internal_count=8615 6155 2460 2316 2213 1724 300 489 319 5956 5842 4630 228 4402
cat_boundaries=0 1 2 3 4
cat_threshold=67141760 22 41943040 772051424
is_linear=0
shrinkage=0.03


Tree=247
num_leaves=15
num_cat=2
split_feature=38 0 30 32 35 24 35 22 22 24 38 1 7 24
split_gain=0.175907 0.326082 0.372188 0.305858 0.601483 0.349603 0.474931 0.289897 0.28625 0.501023 0.281232 0.28048 0.870107 0.381142
threshold=1.4874330759048464 3.5000000000000004 108.30000000000001 1.5000000000000002 0 328.26683333333648 1 5447.5625000000009 1891.5441250000001 244.63599999999747 1.4507104754447939 131.50000000000003 1.0000000180025095e-35 54.945166666667397
decision_type=2 2 2 2 1 10 1 2 2 10 2 2 2 10
left_child=3 2 -2 4 -1 6 -5 8 9 10 -8 13 -13 -3
right_child=1 11 -4 5 -6 -7 7 -9 -10 -11 -12 12 -14 -15
leaf_value=-0.00020720182422431029 0.00034040496388280928 0.00049655040930469279 -0.0020660083823394581 -0.0020825948081776287 0.0024900543072134632 0.00049758263623441139 -2.0001594547766841e-05 -0.001047023442494425 0.0005167628887841147 -0.0017350867265849956 -0.0013528669050015931 -0.00030460931164682581 0.0025359345992004229 -9.9656140737736077e-05
leaf_weight=204 110 1677 122 120 108 579 1763 343 512 192 155 212 179 2273
leaf_count=204 110 1677 122 120 108 579 1763 343 512 192 155 212 179 2273
internal_value=4.38825e-05 0.000170773 -0.000925037 -0.00010206 0.000799632 -0.000178842 -0.000305795 -0.000226098 -0.00011957 -0.000273978 -0.000127715 0.000229337 0.000995793 0.000153468
internal_weight=8549 4573 232 3976 312 3664 3085 2965 2622 2110 1918 4341 391 3950
internal_count=8549 4573 232 3976 312 3664 3085 2965 2622 2110 1918 4341 391 3950
cat_boundaries=0 1 2
cat_threshold=1 4
is_linear=0
shrinkage=0.03


Tree=248
num_leaves=15
num_cat=3
split_feature=37 22 13 21 27 1 35 1 27 1 37 27 27 23
split_gain=0.240876 0.518464 0.367511 0.308101 0.483541 0.485403 0.199533 0.334701 0.260584 0.192096 0.161689 0.273178 0.451381 0.25165
threshold=0 3083.9500000000007 1.0000000180025095e-35 61.583333333333336 8.999971064814817 30.500000000000004 1 18.500000000000004 13.999878472222223 21.500000000000004 2 11.416377314814817 12.999594907407408 15.500000000000002
decision_type=9 2 2 2 2 2 1 2 2 2 9 2 2 2
left_child=1 2 3 4 -1 -6 7 -4 -9 -8 13 -12 -13 -2
right_child=10 -3 6 -5 5 -7 9 8 -10 -11 11 12 -14 -15
leaf_value=-0.00069605828538312506 -0.0013133249457549447 0.0023435471847978902 -0.0012913541318079747 -0.0007994494912698148 0.0027425063330341467 0.00046811276340905593 -0.00027741814143955704 0.0016341835114001258 -0.0004075541547591807 -0.0019763756813076529 0.00056095294187767447 -0.0013974139474627312 -9.6923806869651951e-05 -0.00021508507838007061
leaf_weight=112 260 103 109 104 165 173 125 127 101 115 526 251 5582 676
leaf_count=112 260 103 109 104 165 173 125 127 101 115 526 251 5582 676
internal_value=-8.27927e-05 0.000303409 0.000120297 0.000672195 0.00101231 0.00157839 -0.000409601 7.3835e-05 0.00072973 -0.00104784 -0.000148334 -9.36911e-05 -0.000152885 -0.000514653
internal_weight=8529 1234 1131 554 450 338 577 337 228 240 7295 6359 5833 936
internal_count=8529 1234 1131 554 450 338 577 337 228 240 7295 6359 5833 936
cat_boundaries=0 1 2 3
cat_threshold=1234699328 11 35722022
is_linear=0
shrinkage=0.03


Tree=249
num_leaves=15
num_cat=3
split_feature=27 37 0 31 31 27 31 30 37 31 32 22 37 7
split_gain=0.249793 0.254661 0.239135 0.365586 0.419268 0.326857 0.531918 0.554891 0.317314 0.34666 0.305405 0.254146 0.26908 0.321257
threshold=6.9996585648148155 0 11.500000000000002 5.1020956475013444 4.6669339748730296 13.999971064814817 1.16811088898138 222.10000000000002 1 2.7185790898072359 3.5000000000000004 10085.200000000003 2 1.0000000180025095e-35
decision_type=2 9 2 10 10 2 10 2 9 10 2 2 9 2
left_child=-1 -2 3 4 11 8 -7 -8 9 -4 -10 12 13 -3
right_child=1 2 5 -5 -6 6 7 -9 10 -11 -12 -13 -14 -15
leaf_value=-0.0010636889352463185 0.0013609879331973691 0.00069572270676453694 -0.0011226694021639044 -0.00068722102547627236 0.001975652817241557 -0.0026047645860530584 0.00069828583924926968 -0.0017659741453987 -7.8549202321133069e-05 0.00092659840257838366 0.0017078690088757347 -0.00079293114006180653 -0.00017687399046593816 0.00011199483917166395
leaf_weight=195 116 1148 289 532 109 134 190 145 208 100 147 275 1734 3253
leaf_count=195 116 1148 289 532 109 134 190 145 208 100 147 275 1734 3253
internal_value=-2.24014e-06 2.24594e-05 2.02147e-06 6.89589e-05 0.000130669 -0.00038706 -0.00100731 -0.000368334 3.934e-06 -0.000580931 0.000643064 9.92956e-05 0.000139289 0.000263661
internal_weight=8575 8380 8264 7051 6519 1213 469 335 744 389 355 6410 6135 4401
internal_count=8575 8380 8264 7051 6519 1213 469 335 744 389 355 6410 6135 4401
cat_boundaries=0 1 2 3
cat_threshold=134218752 2421182466 4034406529
is_linear=0
shrinkage=0.03


Tree=250
num_leaves=15
num_cat=3
split_feature=21 21 14 37 0 0 37 23 31 21 21 23 17 37
split_gain=0.283242 0.363179 0.304241 0.949108 0.679067 0.52561 0.448615 0.366891 0.35102 0.27672 0.370705 0.246728 0.722981 0.644745
threshold=49.416666666666679 65.90000000000002 2.5000000000000004 0 8.5000000000000018 15.500000000000002 1 76.500000000000014 1.5004810776138553 44.166666666666679 35.500000000000007 94.500000000000014 1.0000000180025095e-35 2
decision_type=2 2 2 9 2 2 9 2 10 2 2 2 2 9
left_child=2 -2 5 4 7 6 8 -4 -1 10 -8 12 13 -3
right_child=1 11 3 -5 -6 -7 9 -9 -10 -11 -12 -13 -14 -15
leaf_value=-0.0017915516100705728 -0.00063806887363859418 -0.0014757061817732898 0.0019162763123520127 -4.205663990812673e-05 0.002989628581354506 -0.0020526208361845255 0.00049674093562213865 -0.0004355126307663423 -6.8355599292995389e-05 0.0018362880083067077 -0.000777814311553404 0.00021962088042501486 0.0006563294530201536 -0.0001826390613561005
leaf_weight=176 1115 478 109 843 201 110 992 132 269 105 259 1941 601 1236
leaf_count=176 1115 478 109 843 201 110 992 132 269 105 259 1941 601 1236
internal_value=-2.30372e-05 -0.000156102 0.000200583 0.000557531 0.00166438 -3.94378e-05 8.35217e-05 0.00062816 -0.000733408 0.000354409 0.000232864 -2.98343e-05 -0.000238989 -0.000552925
internal_weight=8567 5371 3196 1285 442 1911 1801 241 445 1356 1251 4256 2315 1714
internal_count=8567 5371 3196 1285 442 1911 1801 241 445 1356 1251 4256 2315 1714
cat_boundaries=0 1 2 3
cat_threshold=146276547 3364356242 270534656
is_linear=0
shrinkage=0.03


Tree=251
num_leaves=15
num_cat=0
split_feature=9 2 27 28 28 28 27 30 30 24 32 22 30 30
split_gain=0.161972 0.150779 0.356259 0.197498 0.323857 0.179578 0.629632 0.323599 0.307277 0.396626 0.361496 0.836186 1.02581 0.602751
threshold=0.83335000000000015 1.0000000180025095e-35 11.37492476851852 0.53105902777777791 8.9363541666666695 0.89800347222222232 8.9999189814814837 304.85000000000008 242.05000000000004 246.96533333333753 10.500000000000002 2103.7500000000005 169.12500000000003 180.25000000000003
decision_type=2 2 2 2 2 2 2 2 2 10 2 2 2 2
left_child=1 5 -3 -4 -5 7 -7 8 10 -10 13 -12 -13 -1
right_child=-2 2 3 4 -6 6 -8 -9 9 -11 11 12 -14 -15
leaf_value=0.00016760657717331733 -0.0010783031579675311 0.0014026115412931316 -0.00087380571328896008 0.0005053122786058199 -0.0009562958949489354 -0.0021363830936388692 1.0505713122020499e-05 0.0018380448528044267 -0.0020725478862732415 0.00010104605565121506 0.00017833189534422359 -0.00046794589979981538 0.0030715221761482975 -0.0018878890302371205
leaf_weight=2296 118 104 498 354 222 128 3113 109 120 204 822 108 232 136
leaf_count=2296 118 104 498 354 222 128 3113 109 120 204 822 108 232 136
internal_value=2.54877e-05 4.09089e-05 -0.00027394 -0.000436287 -5.80159e-05 9.19397e-05 -7.42835e-05 0.000225719 0.000180864 -0.000703989 0.000260633 0.000695907 0.00194722 5.26611e-05
internal_weight=8564 8446 1178 1074 576 7268 3241 4027 3918 324 3594 1162 340 2432
internal_count=8564 8446 1178 1074 576 7268 3241 4027 3918 324 3594 1162 340 2432
is_linear=0
shrinkage=0.03


Tree=252
num_leaves=15
num_cat=2
split_feature=22 1 37 1 31 31 27 27 27 0 1 37 0 1
split_gain=0.222274 0.312371 0.272762 0.385827 0.888249 0.51691 0.922665 0.534862 0.390078 0.297902 0.427592 0.559553 0.347861 0.299824
threshold=9979.5000000000018 27.500000000000004 0 20.500000000000004 2.6950646800153701 1.567773832781554 13.999531250000002 13.99992476851852 13.999473379629633 10.500000000000002 27.500000000000004 1 9.5000000000000018 80.500000000000014
decision_type=2 2 9 2 10 8 2 2 2 2 2 9 2 2
left_child=2 -2 -1 4 5 7 -7 8 -4 10 -5 -12 -13 -11
right_child=1 -3 3 9 -6 6 -8 -9 -10 13 11 12 -14 -15
leaf_value=0.00020644002334488669 0.00053884030046174301 -0.0013670431637128285 0.00034243208966904979 -0.0022542209622042719 -0.0015138908795874993 0.0040534007603834779 0.0004845840347995765 0.0014191511973245616 -0.0021582285239576146 0.00076163615906930438 0.0014843278741666481 -0.00049639030498297148 -0.0021665570087758684 -0.00074649715302229822
leaf_weight=5780 120 218 122 144 183 105 172 170 104 296 105 691 134 198
leaf_count=5780 120 218 122 144 183 105 172 170 104 296 105 691 134 198
internal_value=6.3548e-05 -0.000690398 9.46101e-05 -0.000172188 0.000339358 0.000843287 0.00183738 0.000147921 -0.000808314 -0.000452549 -0.000732993 -0.000497448 -0.000758472 0.000157162
internal_weight=8542 338 8204 2424 856 673 277 396 226 1568 1074 930 825 494
internal_count=8542 338 8204 2424 856 673 277 396 226 1568 1074 930 825 494
cat_boundaries=0 1 2
cat_threshold=2456071266 135794688
is_linear=0
shrinkage=0.03


Tree=253
num_leaves=15
num_cat=1
split_feature=28 24 38 28 12 24 23 37 28 21 21 21 0 1
split_gain=0.152288 0.281281 0.369183 0.256483 0.226804 0.498246 0.297707 0.216794 0.440953 0.298676 0.24958 0.203844 0.162027 0.411813
threshold=19.802771990740744 160.28399999999795 1.3443804979324343 16.781001157407413 1.0000000180025095e-35 269.62383333333656 57.500000000000007 0 2.9389178240740743 27.166666666666668 19.500000000000004 11.500000000000002 11.500000000000002 97.500000000000014
decision_type=2 10 2 2 2 8 2 9 2 2 2 2 2 2
left_child=3 -2 -3 4 7 6 -6 8 9 10 11 -1 -9 -14
right_child=1 2 -4 -5 5 -7 -8 12 -10 -11 -12 -13 13 -15
leaf_value=0.00073058346236860882 -0.00071019143344495776 0.0023529351663847385 9.4577823290411308e-05 -0.0012147580411991448 0.0010230453729163855 -0.0019570943862836005 -0.00076900308855754778 0.00012188989044147904 -0.0019829079369568106 -0.0011436238945847479 0.0015845330243275777 -0.0011133321773210939 -0.00061484402378261793 0.00078456725529136868
leaf_weight=111 110 117 147 168 150 172 188 5843 144 163 111 105 799 248
leaf_count=111 110 117 147 168 150 172 188 5843 144 163 111 105 799 248
internal_value=-2.76465e-05 0.000564372 0.00109544 -5.46418e-05 -3.03824e-05 -0.00064262 2.62847e-05 1.11169e-05 -0.000515328 -9.45564e-05 0.000428373 -0.000165764 6.02196e-05 -0.000283369
internal_weight=8576 374 264 8202 8034 510 338 7524 634 490 327 216 6890 1047
internal_count=8576 374 264 8202 8034 510 338 7524 634 490 327 216 6890 1047
cat_boundaries=0 1
cat_threshold=1208061993
is_linear=0
shrinkage=0.03


Tree=254
num_leaves=15
num_cat=1
split_feature=24 38 38 24 37 38 24 23 1 21 38 1 30 23
split_gain=0.221804 0.729914 0.194241 0.45887 0.41472 0.404247 0.448056 0.39405 0.388619 0.853363 0.425238 0.386255 0.481894 0.335677
threshold=1.8535000000000084 1.9682257175445559 1.7229353785514834 573.08966666666458 0 1.9315544962882998 21.811333333332662 64.500000000000014 17.500000000000004 90.00833333333334 1.8711161613464358 62.500000000000007 120.50000000000001 72.500000000000014
decision_type=8 2 2 10 9 2 10 2 2 2 2 2 2 2
left_child=1 -1 3 13 -4 6 -6 -7 9 -8 -10 -9 -13 -2
right_child=2 -3 4 -5 5 7 8 11 10 -11 -12 12 -14 -15
leaf_value=-0.002131630966800658 -1.6194817631893083e-05 0.00093072617893584161 0.0014718007176150163 -0.001290413067353609 -0.0019575030876593175 0.0018786940400304013 0.0021383575779347591 -0.00067358314784761539 -0.0010449669738689066 -0.0014277366622468654 0.00052560331857196137 -0.00058734851034887884 0.002107940807049586 0.00043802134566298985
leaf_weight=161 3307 124 117 196 190 116 146 348 669 103 202 109 132 2628
leaf_count=161 3307 124 117 196 190 116 146 348 669 103 202 109 132 2628
internal_value=2.36119e-05 -0.000799237 5.19929e-05 0.000137766 -0.000194665 -0.000297257 -0.000610453 0.000280495 -0.000381935 0.000663226 -0.000680724 -3.4261e-05 0.00088891 0.000184931
internal_weight=8548 285 8263 6131 2132 2015 1310 705 1120 249 871 589 241 5935
internal_count=8548 285 8263 6131 2132 2015 1310 705 1120 249 871 589 241 5935
cat_boundaries=0 1
cat_threshold=135790592
is_linear=0
shrinkage=0.03


Tree=255
num_leaves=15
num_cat=2
split_feature=27 37 1 16 32 17 17 24 21 38 37 38 27 24
split_gain=0.2369 0.224886 0.351199 0.446708 0.283602 0.184729 0.197994 0.195505 0.236193 0.270523 0.293698 0.173297 0.318842 0.272821
threshold=6.9996585648148155 0 38.500000000000007 1.0000000180025095e-35 6.5000000000000009 3.5000000000000004 2.5000000000000004 15.979166666666389 53.166666666666679 1.5592587590217593 1 1.1726688742637636 28.07513888888889 95.085333333332684
decision_type=2 9 2 2 2 2 2 8 2 2 9 2 2 10
left_child=-1 2 4 -4 -2 6 7 8 9 -3 -11 12 13 -9
right_child=1 5 3 -5 -6 -7 -8 11 -10 10 -12 -13 -14 -15
leaf_value=-0.0010071649019320931 0.0026111567280444818 -0.00098226412624801275 0.00092389360631251339 -0.0013901480357721447 0.00044559715330667258 0.0012145754807578349 -0.0011047567629508637 -0.00057971202129507304 -0.0015494046878614994 0.0013068595172941197 -0.00067338754422962665 0.00010948009283790319 -0.0013982678125677441 0.00052178826415161218
leaf_weight=199 113 208 188 125 105 111 148 423 149 146 112 5988 197 388
leaf_count=199 113 208 188 125 105 111 148 423 149 146 112 5988 197 388
internal_value=1.58777e-05 4.01112e-05 0.000631741 -2.4443e-07 0.00156811 -6.08865e-07 -1.7994e-05 3.13865e-06 -0.000509684 -0.000177241 0.000471771 4.82195e-05 -0.000315698 -5.27304e-05
internal_weight=8600 8401 531 313 218 7870 7759 7611 615 466 258 6996 1008 811
internal_count=8600 8401 531 313 218 7870 7759 7611 615 466 258 6996 1008 811
cat_boundaries=0 1 2
cat_threshold=136316096 270008320
is_linear=0
shrinkage=0.03


Tree=256
num_leaves=15
num_cat=1
split_feature=24 31 38 5 31 31 31 21 24 5 23 0 36 38
split_gain=0.243677 0.486505 0.301108 0.326808 0.313537 0.402667 0.346168 0.503417 0.365036 0.301954 0.456465 0.311743 0.38243 0.426023
threshold=1.8535000000000084 1.793377120963328 2.0233759880065922 0.31010000000000004 2.308391608391609 2.3685450375054251 2.1475599371451475 97.833333333333357 177.62616666666744 0.40835000000000005 110.50000000000001 6.5000000000000009 0 1.5318058729171755
decision_type=8 10 2 2 8 8 10 2 10 2 2 2 9 2
left_child=1 -1 4 -4 6 -6 -2 8 -8 11 -11 -7 -13 -14
right_child=2 -3 3 -5 5 9 7 -9 -10 10 -12 12 13 -15
leaf_value=5.6794292705818634e-05 0.00014444899742320535 -0.0024775957850980837 -0.0014156713933300444 0.00044209952702658481 -0.0018513700085490961 -0.0006641485095041003 0.0014811372216514674 0.0027947559761437209 -0.00093260332735048391 -0.0004382607171702308 0.0016860258486418871 -0.000861011727445431 -0.00014072176168678671 0.0010211961063258141
leaf_weight=191 4638 106 255 128 124 913 118 111 108 170 196 328 785 445
leaf_count=191 4638 106 255 128 124 913 118 111 108 170 196 328 785 445
internal_value=-3.36543e-06 -0.000847735 2.67798e-05 -0.000794798 6.643e-05 -0.000177993 0.000211905 0.00114027 0.000327668 -0.000104853 0.000699335 -0.000223968 3.39818e-05 0.000277392
internal_weight=8616 297 8319 383 7936 2961 4975 337 226 2837 366 2471 1558 1230
internal_count=8616 297 8319 383 7936 2961 4975 337 226 2837 366 2471 1558 1230
cat_boundaries=0 1
cat_threshold=1
is_linear=0
shrinkage=0.03


Tree=257
num_leaves=15
num_cat=2
split_feature=4 1 37 37 31 1 22 0 31 1 27 38 32 22
split_gain=0.206197 0.323961 0.170928 0.154448 0.155052 0.795167 0.463851 0.396663 0.400906 0.183123 0.363459 0.389607 0.367297 0.339439
threshold=1.0000000180025095e-35 50.500000000000007 0 1 4.6669339748730296 89.500000000000014 3586.807875 9.5000000000000018 9.0326086956521756 2.5000000000000004 12.214675925925928 1.5483998060226443 18.500000000000004 1711.7312500000005
decision_type=2 2 9 9 10 2 2 2 10 2 2 2 2 2
left_child=2 -2 -1 -4 9 6 7 8 -6 10 -5 12 -12 -13
right_child=1 -3 3 4 5 -7 -8 -9 -10 -11 11 13 -14 -15
leaf_value=-0.00085666064551332961 0.0020776331693371599 -0.00016932845156153906 0.0010587000944651663 -0.00089838472284112182 -0.00058263723645700241 0.002530166709516877 0.0016038289384212431 -0.0018717197367626309 0.0016562794150730359 -4.2226107403397745e-05 0.00081460689791973916 0.0030232061823667255 -0.0010103608529587367 0.00065687064788954588
leaf_weight=173 116 115 130 151 239 137 127 127 103 6465 310 103 146 116
leaf_count=173 116 115 130 151 239 137 127 127 103 6465 310 103 146 116
internal_value=7.48883e-05 0.000959016 5.03616e-05 7.05696e-05 5.32626e-05 0.000469246 -4.48935e-06 -0.000440004 9.16564e-05 1.15149e-05 0.000432139 0.000729782 0.000230297 0.0017698
internal_weight=8558 231 8327 8154 8024 733 596 469 342 7291 826 675 456 219
internal_count=8558 231 8327 8154 8024 733 596 469 342 7291 826 675 456 219
cat_boundaries=0 1 2
cat_threshold=16777221 533504
is_linear=0
shrinkage=0.03


Tree=258
num_leaves=15
num_cat=4
split_feature=38 31 38 21 37 33 30 31 35 35 17 30 21 37
split_gain=0.204619 0.288408 0.222234 0.23164 0.365318 0.438615 0.313208 0.377227 0.360683 0.289456 0.497183 0.427005 0.288432 0.286552
threshold=2.1859767436981206 0.1106014271151886 0.91361844539642345 37.416666666666679 0 1.0000000180025095e-35 53.500000000000007 4.7969387755102053 1 2 1.5000000000000002 25.250000000000004 40.166666666666679 3
decision_type=2 8 2 2 9 2 2 10 1 1 2 2 2 9
left_child=1 -1 -3 4 9 6 8 -8 13 11 -11 -4 -5 -6
right_child=-2 2 3 12 5 -7 7 -9 -10 10 -12 -13 -14 -15
leaf_value=0.0014419071823984634 0.0010583652158156836 -0.0011423405393653841 0.0019993100972679079 -0.0012705780489763966 0.00058611731042572271 0.0020466043609140626 -0.00098438902337742609 0.00078234101772335738 -0.00042150427152228074 -0.00013757942200472953 -0.002344276778743539 -0.00010382481791799195 -8.5313579871308036e-05 0.0027411058175706915
leaf_weight=119 160 163 131 191 137 173 233 204 110 852 103 258 5674 113
leaf_count=119 160 163 131 191 137 173 233 204 110 852 103 258 5674 113
internal_value=-4.47151e-06 -2.45701e-05 -4.54896e-05 -2.36304e-05 0.000230543 0.000670441 0.000380138 -0.000159645 0.00103537 -9.12521e-05 -0.000371687 0.00058928 -0.000123913 0.00162814
internal_weight=8621 8461 8342 8179 2314 970 797 437 360 1344 955 389 5865 250
internal_count=8621 8461 8342 8179 2314 970 797 437 360 1344 955 389 5865 250
cat_boundaries=0 1 2 3 4
cat_threshold=712798376 21 10 16810307
is_linear=0
shrinkage=0.03


Tree=259
num_leaves=15
num_cat=1
split_feature=37 28 1 25 38 22 1 23 24 30 23 25 5 1
split_gain=0.163436 0.257429 0.557493 0.486704 0.402957 0.355096 0.318015 0.415654 0.697995 0.323615 0.322564 0.347565 0.301753 0.299507
threshold=0 3.0406018518518523 17.500000000000004 0.24195121951219514 1.5592587590217593 10353.798000000001 73.500000000000014 94.500000000000014 120.45833333333286 249.05000000000004 66.500000000000014 0.37750000000000006 0.18465000000000001 27.500000000000004
decision_type=9 2 2 8 2 2 2 2 10 2 2 10 2 2
left_child=-1 5 4 -4 -3 -2 10 12 -9 -10 -5 -12 -8 -13
right_child=1 2 3 6 -6 -7 7 8 9 -11 11 13 -14 -15
leaf_value=0.00030721715526138565 -0.00012236323751086173 -0.00099417177281388913 0.0020919569866769266 -0.00036648599229580591 0.00086064747154402234 -0.0017333810167720789 0.0018340697849119922 0.00078026591433062601 -0.00082297677823685495 -0.0031092180584668429 0.0023029653174325643 -0.00031276541400457217 -0.0003133209046294413 0.00091806301089038353
leaf_weight=1658 4048 481 149 265 135 127 113 137 114 109 123 238 123 705
leaf_count=1658 4048 481 149 265 135 127 113 137 114 109 123 238 123 705
internal_value=4.08787e-05 -2.384e-05 0.000204873 0.000440042 -0.000587677 -0.000171369 0.000312312 -0.000263618 -0.000905077 -0.00194047 0.000570205 0.000803059 0.000714879 0.000607419
internal_weight=8525 6867 2692 2076 616 4175 1927 596 360 223 1331 1066 236 943
internal_count=8525 6867 2692 2076 616 4175 1927 596 360 223 1331 1066 236 943
cat_boundaries=0 1
cat_threshold=2885682769
is_linear=0
shrinkage=0.03


Tree=260
num_leaves=15
num_cat=1
split_feature=30 17 29 5 1 23 31 30 35 33 24 1 24 24
split_gain=0.245627 0.514136 0.931628 0.471704 0.546644 0.66241 0.595361 0.552288 0.679511 0.483159 0.629206 0.566089 0.594661 0.526009
threshold=121.50000000000001 1.5000000000000002 1.0000000180025095e-35 0.61250000000000016 57.500000000000007 167.50000000000003 1.7085313261190753 272.22500000000008 0 1.0000000180025095e-35 234.50883333332607 46.500000000000007 267.78216666666566 172.41716666666329
decision_type=2 2 2 2 2 2 10 2 1 2 10 2 8 10
left_child=1 -1 -3 4 9 6 -6 8 -8 10 13 12 -12 -2
right_child=3 2 -4 -5 5 -7 7 -9 -10 -11 11 -13 -14 -15
leaf_value=0.00022542697685379068 -0.00037541160119579397 0.00034213910344988108 -0.0027627474845852702 0.0012522407215386844 -0.00057616571196892957 -0.0012902092426632476 0.0004111558122163878 -0.000400421137614599 0.002529000650670419 -0.0013577808679676509 0.0026993194381038674 -0.0017647131948786623 0.00027309589251108522 -0.0017271087139900038
leaf_weight=4028 1069 207 150 194 296 208 293 187 271 486 106 102 639 342
leaf_count=4028 1069 207 150 194 296 208 293 187 271 486 106 102 639 342
internal_value=-2.82612e-05 0.000128718 -0.000962435 -0.000192429 -0.000262513 0.000256129 0.000563329 0.00101245 0.0014809 -0.00049972 -0.000315036 0.000331329 0.000618304 -0.000703038
internal_weight=8578 4385 357 4193 3999 1255 1047 751 564 2744 2258 847 745 1411
internal_count=8578 4385 357 4193 3999 1255 1047 751 564 2744 2258 847 745 1411
cat_boundaries=0 1
cat_threshold=7
is_linear=0
shrinkage=0.03


Tree=261
num_leaves=15
num_cat=1
split_feature=37 0 26 38 31 24 10 1 0 38 22 31 27 38
split_gain=0.166863 0.46118 0.21684 0.220229 0.391573 0.631068 0.468001 0.458826 0.593334 0.643858 0.573328 0.542332 0.645917 0.435198
threshold=0 5.5000000000000009 0.17000000000000001 1.6315168738365176 0.91867732558139548 5.7378333333335476 1.0000000180025095e-35 18.500000000000004 6.5000000000000009 1.8591763377189638 1016.9160000000002 1.438630657310243 27.549282407407411 1.6971997022628786
decision_type=9 2 8 2 8 8 2 2 2 2 2 10 2 2
left_child=1 -1 3 -2 -5 -6 -7 10 13 11 -8 -10 -13 -9
right_child=2 -3 -4 4 5 6 7 8 9 -11 -12 12 -14 -15
leaf_value=0.001209198535335335 0.0001098401429474755 -0.00095774590451328542 0.0012688478330642847 -0.0010196754210265715 0.0015744310678399921 -0.0019928531382232906 0.0024306897199130617 -0.002966636768868193 0.00095611872583893783 0.00094864366532008125 8.6983781869895221e-05 -0.0015846434827694238 0.00090827652132262652 -0.00075935355501221744
leaf_weight=110 4995 450 121 462 194 125 128 100 168 433 353 401 122 410
leaf_count=110 4995 450 121 462 194 125 128 100 168 433 353 401 122 410
internal_value=-2.68264e-05 -0.000522761 8.47897e-06 -1.08367e-05 -0.000218979 -6.69982e-05 -0.000209158 -0.000103738 -0.000343476 4.16e-05 0.000710673 -0.000526779 -0.00100312 -0.00119215
internal_weight=8572 560 8012 7891 2896 2434 2240 2115 1634 1124 481 691 523 510
internal_count=8572 560 8012 7891 2896 2434 2240 2115 1634 1124 481 691 523 510
cat_boundaries=0 1
cat_threshold=135606803
is_linear=0
shrinkage=0.03


Tree=262
num_leaves=15
num_cat=2
split_feature=25 27 27 24 1 37 24 1 30 27 30 23 14 37
split_gain=0.223943 0.299684 0.716547 0.418998 0.44001 0.385957 0.363084 0.465872 0.314851 0.512531 0.407701 0.364037 0.292544 0.48122
threshold=0.29772727272727278 13.999334490740742 13.970746527777779 195.64700000000801 25.500000000000004 0 128.70066666667003 42.500000000000007 259.62500000000006 29.165914351851857 311.72500000000008 190.50000000000003 1.5000000000000002 1
decision_type=10 2 2 10 2 9 8 2 2 2 2 2 2 9
left_child=12 2 3 6 -5 -3 -2 -8 11 -10 -11 -7 13 -1
right_child=1 5 -4 4 -6 8 7 -9 9 10 -12 -13 -14 -15
leaf_value=-0.0004603899555985589 -4.3884291789372973e-05 -0.0013251788114846453 0.002308267465958904 -0.0023996300614089702 0.00028224671778913872 -0.00022703086686917532 0.0026160063675688735 -0.00013124580988112619 -0.00014418606243755979 0.00052428448068714891 0.0028789152207229145 -0.0016117155420081429 9.2669248403590615e-05 0.0021966242625461119
leaf_weight=101 621 267 140 117 104 3766 122 102 648 182 104 179 2017 147
leaf_count=101 621 267 140 117 104 3766 122 102 648 182 104 179 2017 147
internal_value=-4.38931e-05 -0.000135218 0.000290438 2.5432e-05 -0.00113757 -0.000234974 0.000329602 0.00136503 -0.000172244 0.000322692 0.00138051 -0.000289859 0.000212221 0.00118454
internal_weight=8617 6352 1206 1066 221 5146 845 224 4879 934 286 3945 2265 248
internal_count=8617 6352 1206 1066 221 5146 845 224 4879 934 286 3945 2265 248
cat_boundaries=0 1 2
cat_threshold=2149072963 276824068
is_linear=0
shrinkage=0.03


Tree=263
num_leaves=15
num_cat=0
split_feature=25 38 38 22 32 28 32 13 22 28 28 0 23 0
split_gain=0.172044 0.151313 0.157082 0.346585 0.340291 0.626576 0.514334 0.413618 0.447006 0.388711 0.404914 0.544506 0.619968 0.333529
threshold=0.070000000000000021 0.98565864562988292 1.2495102882385256 3720.1325000000002 26.500000000000004 8.7424479166666682 16.500000000000004 0.50000000000000011 1027.3000000000004 6.8365682870370383 9.156869212962965 8.5000000000000018 115.50000000000001 4.5000000000000009
decision_type=10 2 2 2 2 2 2 2 2 2 2 2 2 2
left_child=-1 -2 3 -3 6 7 -4 8 -6 13 -11 12 -12 -8
right_child=1 2 4 -5 5 -7 9 -9 -10 10 11 -13 -14 -15
leaf_value=0.001190851037489187 -0.00059233512350130525 0.00055404675255307334 -7.5120126445946865e-05 -0.00086555581213386109 0.0018375657493584696 -0.0021738637305778385 -0.0011003151768818496 -0.0015269935798086225 -0.00043756341346275597 0.0029826851044432263 -0.0013694858717508054 0.0024681284958169569 0.0016901992746473598 0.00047351647931289189
leaf_weight=118 330 1144 4761 179 133 177 144 125 187 100 133 121 108 765
leaf_count=118 330 1144 4761 179 133 177 144 125 187 100 133 121 108 765
internal_value=5.32937e-05 3.7327e-05 6.30529e-05 0.000361977 4.4986e-06 -0.00066411 7.23189e-05 -6.36007e-05 0.000508037 0.000584323 0.00129288 0.000826087 1.65934e-06 0.000224197
internal_weight=8525 8407 8077 1323 6754 622 6132 445 320 1371 462 362 241 909
internal_count=8525 8407 8077 1323 6754 622 6132 445 320 1371 462 362 241 909
is_linear=0
shrinkage=0.03


Tree=264
num_leaves=15
num_cat=2
split_feature=38 36 24 35 30 5 23 32 13 38 30 27 29 31
split_gain=0.187302 0.529736 0.745068 0.415818 0.548142 0.612963 0.459365 0.577659 0.435144 0.405421 0.319676 0.529713 0.67688 0.466878
threshold=1.7370213866233828 0 328.26683333333648 1 54.750000000000007 0.11940000000000002 144.50000000000003 6.5000000000000009 1.0000000180025095e-35 2.0479260683059697 196.30000000000004 28.07513888888889 3.5000000000000004 1.8964901477832516
decision_type=2 9 8 1 2 2 2 2 2 2 2 2 2 10
left_child=10 2 9 -3 5 -5 7 8 -6 -2 11 -1 13 -13
right_child=1 3 -4 4 6 -7 -8 -9 -10 -11 -12 12 -14 -15
leaf_value=0.00011007987087678677 -0.00094704574051970012 0.0014368194848122708 0.00049086239562438439 0.0020151551484013908 -0.0013662489629569369 -0.00078542260251737923 0.00091387463199983665 -0.0023952970961269374 0.0009265175459268909 -0.0029515424729990108 -0.00027015630485814829 -0.00072106588912358965 0.0029748641831932165 0.0019288355628959831
leaf_weight=4196 672 196 326 192 149 111 144 174 149 105 1737 149 136 100
leaf_count=4196 672 196 326 192 149 111 144 174 149 105 1737 149 136 100
internal_value=-6.86934e-06 -0.000244047 -0.000706474 0.000217786 -5.48717e-05 0.000989201 -0.000569324 -0.00102183 -0.000219866 -0.00121792 7.63944e-05 0.000207798 0.0012728 0.000343152
internal_weight=8536 2218 1103 1115 919 303 616 472 298 777 6318 4581 385 249
internal_count=8536 2218 1103 1115 919 303 616 472 298 777 6318 4581 385 249
cat_boundaries=0 1 2
cat_threshold=48 2
is_linear=0
shrinkage=0.03


Tree=265
num_leaves=15
num_cat=1
split_feature=31 37 33 31 25 26 25 31 34 23 21 5 1 2
split_gain=0.205941 0.420753 0.448453 0.345389 0.358551 0.387577 0.464057 0.334732 0.294381 0.324952 0.292289 0.291514 0.304385 0.264644
threshold=1.0823369463999704 0 1.0000000180025095e-35 1.0284500202347231 0.43223443223443231 0.05634920634920635 0.26235294117647062 1.1144551101072844 1.0000000180025095e-35 29.500000000000004 88.325000000000003 0.23305000000000003 43.500000000000007 1.0000000180025095e-35
decision_type=8 9 2 10 10 10 8 8 2 2 2 2 2 2
left_child=1 2 8 4 5 6 11 -2 9 -1 -7 12 -3 -9
right_child=7 3 -4 -5 -6 10 -8 13 -10 -11 -12 -13 -14 -15
leaf_value=0.0023135672974182709 0.0017212043701296793 3.906361069303097e-05 -0.0012351192817591401 -0.0022889119519207339 -0.0015461709033259329 -0.0019924159030013378 0.0020308688016504877 0.00010533994595522241 -0.00031389799048762751 0.00035190571588923614 -4.669840764108812e-05 0.0010315726593470925 -0.0019001716260996077 -0.00043871693432366869
leaf_weight=152 107 205 124 104 223 152 108 5811 144 152 128 131 113 934
leaf_count=152 107 205 124 104 223 152 108 5811 144 152 128 131 113 934
internal_value=-1.75333e-05 -0.000309397 0.000355319 -0.000633653 -0.000477229 -0.000192433 0.000265276 5.64124e-05 0.000803461 0.00133274 -0.00110295 -0.000159411 -0.000650036 3.00028e-05
internal_weight=8588 1736 572 1164 1060 837 557 6852 448 304 280 449 318 6745
internal_count=8588 1736 572 1164 1060 837 557 6852 448 304 280 449 318 6745
cat_boundaries=0 1
cat_threshold=645406721
is_linear=0
shrinkage=0.03


Tree=266
num_leaves=15
num_cat=3
split_feature=24 23 30 37 32 38 5 38 24 37 28 37 32 23
split_gain=0.217885 0.48485 0.406729 0.215123 0.216862 0.378231 0.337968 0.410156 0.354352 0.425682 0.357742 0.320517 0.331973 0.300945
threshold=533.18250000001296 175.50000000000003 191.12500000000003 0 10.500000000000002 2.061883926391602 0.069050000000000014 2.075095653533936 3.7850000000000006 1 2.4405266203703708 2 1.0000000180025095e-35 164.50000000000003
decision_type=10 2 2 9 2 2 2 2 10 9 2 9 2 2
left_child=3 2 -2 -1 6 -6 7 11 -8 -10 -11 12 -5 -14
right_child=1 -3 -4 4 5 -7 8 -9 9 10 -12 -13 13 -15
leaf_value=0.00092125364389446587 -0.0015136779326352134 -0.0025424147191840936 0.00081968626020061054 0.0017988795183555338 4.8536360956982624e-05 0.0018740200150225844 -0.0021137331368405402 -0.0015978185900507105 0.0013669648518023841 -0.00027256940407097656 -0.0013974488828575834 -0.00037191114169253796 0.00033058742850311285 -0.0012744705197186895
leaf_weight=195 113 102 166 128 3765 105 124 139 100 892 356 906 1352 114
leaf_count=195 113 102 166 128 3765 105 124 139 100 892 356 906 1352 114
internal_value=-7.11864e-05 -0.000772451 -0.000125368 -3.85076e-05 -6.30328e-05 9.8065e-05 -0.00021484 -1.16886e-05 -0.000579049 -0.000437877 -0.000588731 7.65002e-05 0.000331622 0.000205774
internal_weight=8557 381 279 8176 7981 3870 4111 2639 1472 1348 1248 2500 1594 1466
internal_count=8557 381 279 8176 7981 3870 4111 2639 1472 1348 1248 2500 1594 1466
cat_boundaries=0 1 2 3
cat_threshold=1090520129 140509184 515672208
is_linear=0
shrinkage=0.03


Tree=267
num_leaves=15
num_cat=0
split_feature=22 1 24 5 1 31 28 24 30 22 30 0 11 24
split_gain=0.354788 0.327546 0.249102 0.275183 0.264784 0.409339 0.26438 0.343963 0.359164 0.357082 0.26526 0.251753 0.241628 0.258655
threshold=10353.798000000001 34.500000000000007 403.83366666667052 0.074150000000000008 21.500000000000004 1.9398048454894361 18.414976851851858 468.26983333333635 230.07500000000002 1774.8968750000001 192.22500000000002 6.5000000000000009 1.0000000180025095e-35 5.7378333333335476
decision_type=2 2 10 2 2 10 2 10 2 2 2 2 2 8
left_child=2 -2 3 12 5 -5 7 8 -4 10 -9 -12 13 -1
right_child=1 -3 6 4 -6 -7 -8 9 -10 -11 11 -13 -14 -15
leaf_value=0.0011619723518112024 0.00012241521522942506 -0.0020517718375534359 0.002289968590511191 -0.0020275354899025513 -0.00015985487727835406 0.00025041355762215912 0.0019539819778326677 -0.00071578122417945546 -8.9718367857858538e-05 -0.0015693864561380597 -6.3580617050839852e-05 0.0019262874418517384 -0.001078101705124199 0.00010311260341722818
leaf_weight=218 110 144 133 176 2580 119 102 137 100 118 112 117 148 4364
leaf_count=218 110 144 133 176 2580 119 102 137 100 118 112 117 148 4364
internal_value=-5.51079e-06 -0.00111019 2.77976e-05 -2.57381e-05 -0.000257208 -0.00110863 0.000524915 0.000321616 0.00126864 -0.000134287 0.000328395 0.000953077 0.000114954 0.00015349
internal_weight=8678 254 8424 7605 2875 295 819 717 233 484 366 229 4730 4582
internal_count=8678 254 8424 7605 2875 295 819 717 233 484 366 229 4730 4582
is_linear=0
shrinkage=0.03


Tree=268
num_leaves=15
num_cat=3
split_feature=24 35 28 36 28 24 37 30 32 30 38 21 38 28
split_gain=0.31008 0.381835 0.321146 0.394716 0.311654 0.368001 0.280229 0.33879 0.26003 0.226194 0.306928 0.210882 0.181556 0.18504
threshold=15.979166666666389 0 8.7802893518518541 1 15.638628472222225 263.3524999999924 2 71.250000000000014 23.500000000000004 21.250000000000004 1.6102866530418398 114.03333333333335 1.0479021668434145 6.3179513888888899
decision_type=8 1 2 9 2 10 9 2 2 2 2 2 2 2
left_child=1 2 3 -1 12 11 -5 9 -7 -8 -11 -6 -2 -14
right_child=4 -3 -4 6 5 8 7 -9 -10 10 -12 -13 13 -15
leaf_value=0.0015644223209741674 -0.00053152617185735608 -0.0016830958410609148 -0.001745026704689888 -0.0016498307948025453 -0.00065102053928237753 0.0012620738677547446 0.00074014233227573194 0.0015643665550276636 -0.00078107596172185818 -0.0021429705767659472 9.3565103800400444e-06 -0.0021089264704673752 4.6553451516796255e-05 0.0004259471382198193
leaf_weight=113 393 195 107 103 253 126 106 100 101 105 138 138 5129 1494
leaf_count=113 393 195 107 103 253 126 106 100 101 105 138 138 5129 1494
internal_value=-2.60374e-05 -0.000532149 -0.000216821 2.58107e-05 3.80718e-05 -0.000607779 -0.00031185 2.43378e-05 0.000353007 -0.000416234 -0.000920661 -0.00116558 9.49612e-05 0.000132136
internal_weight=8601 967 772 665 7634 618 552 449 227 349 243 391 7016 6623
internal_count=8601 967 772 665 7634 618 552 449 227 349 243 391 7016 6623
cat_boundaries=0 1 2 3
cat_threshold=11 1 2550137088
is_linear=0
shrinkage=0.03


Tree=269
num_leaves=15
num_cat=1
split_feature=31 1 31 31 23 37 31 31 31 17 24 5 31 5
split_gain=0.195673 0.441121 0.25834 0.196359 0.200672 0.169191 0.35838 0.346386 0.570987 0.519139 0.446917 0.378872 0.435246 0.364538
threshold=5.1020956475013444 84.500000000000014 4.6669339748730296 6.0013333333333341 126.50000000000001 0 2.6950646800153701 1.7085313261190753 1.8048797023563459 1.0000000180025095e-35 384.59266666667077 0.42265000000000003 0.75391316586785995 0.14645000000000002
decision_type=10 2 10 10 2 9 10 10 10 2 10 2 8 2
left_child=2 3 5 -2 -5 6 -1 9 -9 10 13 12 -11 -7
right_child=1 -3 -4 4 -6 7 -8 8 -10 11 -12 -13 -14 -15
leaf_value=0.00034049085636019731 -0.0018449821372689935 0.00097658130847027192 0.0014017296858755321 -0.0010346152019073171 0.00044922972303431698 9.2472138728753479e-05 -0.00092689462584401923 0.0014600674976348218 -2.3885912249520928e-05 -0.0021655948992542707 0.0016916049573034392 -0.002439500204183989 -0.00032777953442146481 -0.00082585318481751436
leaf_weight=1801 153 136 114 264 119 1190 226 255 2750 146 119 135 564 578
leaf_count=1801 153 136 114 264 119 1190 226 255 2750 146 119 135 564 578
internal_value=-5.79357e-05 -0.000549326 -1.60197e-05 -0.000936497 -0.000573577 -3.68368e-05 0.000198206 -0.000120019 0.00010204 -0.000364706 -8.79705e-05 -0.000982695 -0.000705696 -0.00020775
internal_weight=8550 672 7878 536 383 7764 2027 5737 3005 2732 1887 845 710 1768
internal_count=8550 672 7878 536 383 7764 2027 5737 3005 2732 1887 845 710 1768
cat_boundaries=0 1
cat_threshold=3860870224
is_linear=0
shrinkage=0.03


Tree=270
num_leaves=15
num_cat=2
split_feature=31 31 22 37 31 23 25 31 16 31 27 27 37 31
split_gain=0.246326 0.396355 0.37393 0.34806 0.431904 0.383678 0.333886 0.289018 0.273653 0.270106 0.233264 0.233048 0.314156 0.403631
threshold=0.35714348202647267 1.0823369463999704 494.05000000000001 0 0.97209623732310757 57.500000000000007 0.17000000000000001 1.0133141338059373 1.0000000180025095e-35 1.1144551101072844 13.958015046296298 11.999675925925928 1 1.5380656807169777
decision_type=8 8 2 9 10 2 10 10 2 8 2 2 9 10
left_child=2 3 -1 4 5 6 -2 -5 -7 -3 -8 -11 13 -13
right_child=1 9 -4 7 -6 8 10 -9 -10 11 -12 12 -14 -15
leaf_value=-0.00042300264016685492 0.0012523421687183145 0.0014970259634375742 0.0016027842558937013 -0.00026981296345233703 -0.0022261853648998429 -0.00045799284533131867 -0.001387963113375008 0.0014686250891079516 -0.00246241196590619 -0.00052602771272879415 0.0002500044511761635 -0.00021419996169466034 1.3265349086114688e-05 0.002284415773884935
leaf_weight=141 128 110 196 440 178 116 156 107 130 685 157 106 5783 129
leaf_count=141 128 110 196 440 178 116 156 107 130 685 157 106 5783 129
internal_value=-3.97537e-05 -7.23251e-05 0.0007552 -0.000529779 -0.000898827 -0.000567995 -3.84847e-05 6.8986e-05 -0.00151724 2.24827e-05 -0.000566363 -1.71541e-06 5.79645e-05 0.00111014
internal_weight=8562 8225 337 1412 865 687 441 547 246 6813 313 6703 6018 235
internal_count=8562 8225 337 1412 865 687 441 547 246 6813 313 6703 6018 235
cat_boundaries=0 1 2
cat_threshold=2189461510 1208488010
is_linear=0
shrinkage=0.03


Tree=271
num_leaves=15
num_cat=2
split_feature=27 37 38 25 1 36 0 1 38 27 27 0 27 1
split_gain=0.229921 0.263965 0.327119 0.298132 0.369577 0.326712 0.282672 0.244303 0.219711 0.241216 0.656405 0.387282 0.382384 0.328294
threshold=6.9996585648148155 0 2.1610399484634404 0.33666666666666673 30.500000000000004 1 9.5000000000000018 222.50000000000003 1.057650148868561 29.212303240740741 29.998906250000005 4.5000000000000009 29.624641203703707 13.500000000000002
decision_type=2 9 2 8 2 9 2 2 2 2 2 2 2 2
left_child=-1 3 7 4 -2 -5 -7 8 -3 -10 12 -12 -11 -13
right_child=1 2 -4 5 -6 6 -8 -9 9 10 11 13 -14 -15
leaf_value=-0.00092694002998006684 0.0012964348601073854 -0.00053539215360811764 -0.001487262049058993 0.0024186981900873724 -0.0009234048446135905 0.0013410243992174483 -0.00053800827430439048 0.0012222914417962666 1.6843865205118051e-05 0.00090581026491954144 -0.0015408366296488123 0.0019052675242840064 0.00322669748285347 1.1881873181534631e-05
leaf_weight=204 108 551 124 121 180 176 122 161 5976 171 117 101 102 448
leaf_count=204 108 551 124 121 180 176 122 161 5976 171 117 101 102 448
internal_value=6.82821e-05 9.2286e-05 4.117e-05 0.000643005 -9.0965e-05 0.00116285 0.000553192 6.60733e-05 4.11401e-05 8.70792e-05 0.000534072 2.62421e-05 0.00177295 0.00036021
internal_weight=8662 8458 7751 707 288 419 298 7627 7466 6915 939 666 273 549
internal_count=8662 8458 7751 707 288 419 298 7627 7466 6915 939 666 273 549
cat_boundaries=0 1 2
cat_threshold=136590468 35
is_linear=0
shrinkage=0.03


Tree=272
num_leaves=15
num_cat=2
split_feature=30 30 21 35 0 36 21 38 38 21 38 38 30 38
split_gain=0.364235 0.385343 0.592989 0.321405 0.336428 0.487509 0.595096 0.564857 0.683888 0.385277 0.366083 0.444496 0.307883 0.566737
threshold=225.05000000000004 213.07500000000002 91.916666666666671 0 7.5000000000000009 1 69.65000000000002 1.3674493432044985 1.7153424620628359 153.0916666666667 1.287217974662781 1.7569611668586733 194.10000000000002 1.4702312946319582
decision_type=2 2 2 1 2 9 2 2 2 2 2 2 2 2
left_child=1 12 -3 -2 9 -6 -7 -8 -9 10 -5 -12 -1 -14
right_child=3 2 -4 4 5 6 7 8 -10 -11 11 -13 13 -15
leaf_value=8.9687522637256305e-05 0.00093340940370330674 -0.00017314635472851886 0.0029309770249638639 -3.1594150606937453e-05 -0.0014603719258399889 -0.0012760429295761693 -0.00062368352655881542 0.0029787166209635182 -0.00011315075912345904 0.00050449106211973615 -0.0021212560668621701 -0.000175548612436008 0.00042458195123512712 -0.0018513433738833274
leaf_weight=6263 139 116 106 177 159 143 133 164 106 140 397 144 187 208
leaf_count=6263 139 116 106 177 159 143 133 164 106 140 397 144 187 208
internal_value=-1.77564e-05 7.94519e-05 0.001309 -0.000410702 -0.000532799 -5.06544e-05 0.000379661 0.00097659 0.00176487 -0.000935176 -0.00121589 -0.00160336 3.84545e-05 -0.00077388
internal_weight=8582 6880 222 1702 1563 705 546 403 270 858 718 541 6658 395
internal_count=8582 6880 222 1702 1563 705 546 403 270 858 718 541 6658 395
cat_boundaries=0 1 2
cat_threshold=2 20
is_linear=0
shrinkage=0.03


Tree=273
num_leaves=15
num_cat=1
split_feature=28 24 1 24 30 24 28 21 35 21 24 6 31 1
split_gain=0.232532 0.228458 0.384732 0.219051 0.414333 0.397462 0.361613 0.340733 0.406926 0.542474 0.338294 0.555978 0.380941 0.356183
threshold=25.087922453703708 468.26983333333635 25.500000000000004 239.57016666666433 162.12500000000003 368.89766666666844 5.138715277777778 91.916666666666671 0 55.833333333333336 179.81983333332701 1.5000000000000002 1.2585729879880547 12.500000000000002
decision_type=2 10 2 10 2 10 2 2 1 2 10 2 8 2
left_child=1 3 -3 10 7 6 -6 8 -5 -10 13 12 -12 -1
right_child=-2 2 -4 4 5 -7 -8 -9 9 -11 11 -13 -14 -15
leaf_value=0.00052640183771120739 -0.0011750230229038872 -0.0017305151071600818 -3.4838222263320142e-05 -0.0013973206409203728 0.0018273837685865147 -0.0001236487945915494 0.00019204952213312348 -0.0016997592185340961 -0.00033430036718734292 0.0023996336684015433 0.00017043915874463447 0.0010785070395950304 -0.0014162791371373799 -8.5427596400395765e-05
leaf_weight=1051 161 185 345 103 352 285 186 121 163 109 188 143 494 4624
leaf_count=1051 161 185 345 103 352 285 186 121 163 109 188 143 494 4624
internal_value=-4.57419e-05 -2.39651e-05 -0.000626725 1.68921e-05 0.000369387 0.000782163 0.00126201 -0.000315522 0.000131125 0.000734288 -5.46372e-05 -0.00062227 -0.000978885 2.78821e-05
internal_weight=8510 8349 530 7819 1319 823 538 496 375 272 6500 825 682 5675
internal_count=8510 8349 530 7819 1319 823 538 496 375 272 6500 825 682 5675
cat_boundaries=0 1
cat_threshold=6
is_linear=0
shrinkage=0.03


Tree=274
num_leaves=15
num_cat=0
split_feature=30 27 30 30 38 38 30 22 1 22 31 30 22 1
split_gain=0.146437 0.488809 0.309391 0.2745 0.36809 0.23066 0.218483 0.224664 0.324307 0.231736 0.461381 0.655344 0.566803 0.409843
threshold=309.12500000000006 29.579843750000002 275.27500000000003 260.75000000000006 1.3945160508155825 1.4874330759048464 253.72500000000002 10085.200000000003 42.500000000000007 1980.7027500000002 2.6228785436617055 189.10000000000002 2441.6878750000001 65.500000000000014
decision_type=2 2 2 2 2 2 2 2 2 2 10 2 2 2
left_child=2 -2 3 6 -5 -4 7 9 -9 -1 12 -12 -11 -14
right_child=1 -3 5 4 -6 -7 -8 8 -10 10 11 -13 13 -15
leaf_value=8.2114015933610114e-07 -1.5536523454927453e-05 0.002282761828406997 -0.0016571646811945999 -0.00037417428985731123 0.0019319826874634601 -5.6141830151318574e-05 -0.0011319643565413388 0.00013440762796400956 -0.002006182859659986 0.0019812375881673029 0.0030023066906056444 5.4730563549422039e-06 0.00032037516186966586 -0.00084083475339183974
leaf_weight=5360 302 115 164 102 160 160 139 146 113 145 136 127 1026 373
leaf_count=5360 302 115 164 102 160 160 139 146 113 145 136 127 1026 373
internal_value=6.99538e-05 0.000618287 4.19014e-05 7.95064e-05 0.00103417 -0.000866536 4.64435e-05 6.85009e-05 -0.000799518 9.98693e-05 0.00039367 0.00155517 0.000195824 1.07745e-05
internal_weight=8568 417 8151 7827 262 324 7565 7426 259 7167 1807 263 1544 1399
internal_count=8568 417 8151 7827 262 324 7565 7426 259 7167 1807 263 1544 1399
is_linear=0
shrinkage=0.03


Tree=275
num_leaves=15
num_cat=2
split_feature=5 37 17 21 23 31 1 28 0 21 37 32 21 38
split_gain=0.264758 0.355518 0.399968 0.43946 0.601145 0.410998 0.513166 0.440433 0.326919 0.469605 0.275164 0.612031 0.41895 0.268902
threshold=0.11435000000000002 0 1.5000000000000002 27.166666666666668 19.500000000000004 2.7397474403805018 45.500000000000007 8.2618865740740759 8.5000000000000018 90.941666666666677 1 30.500000000000004 10.500000000000002 1.4608087539672854
decision_type=2 9 2 2 2 10 2 2 2 2 9 2 2 2
left_child=10 -2 3 -3 -5 8 -7 -8 -6 -10 12 -12 -1 -11
right_child=1 2 -4 4 5 6 7 -9 9 13 11 -13 -14 -15
leaf_value=-0.0014407409329500809 -0.00067305793209456886 0.0012410517532859828 0.0012203485177208978 0.0017067243587676314 -0.0011281254264427993 0.0019504728622360551 -0.0017466924483584159 0.00083081645717386209 -0.0010530874188556226 -0.00014930479223839937 0.00036243686069765187 -0.0018377848006232436 -1.6631576037477585e-05 0.0020346722664148775
leaf_weight=206 1075 185 216 124 730 127 115 124 215 100 3185 118 1907 103
leaf_count=206 1075 185 216 124 730 127 115 124 215 100 3185 118 1907 103
internal_value=-1.429e-05 -0.00023471 -3.02223e-07 -0.000144934 -0.000301471 -0.000465946 0.000409458 -0.000409407 -0.000745039 -7.6012e-05 0.000112443 0.000282977 -0.000154738 0.000958821
internal_weight=8530 3114 2039 1823 1638 1514 366 239 1148 418 5416 3303 2113 203
internal_count=8530 3114 2039 1823 1638 1514 366 239 1148 418 5416 3303 2113 203
cat_boundaries=0 1 2
cat_threshold=1387851812 768119622
is_linear=0
shrinkage=0.03


Tree=276
num_leaves=15
num_cat=0
split_feature=26 6 24 17 24 31 38 27 23 22 6 38 24 31
split_gain=0.184105 0.18614 0.451748 0.402369 0.438587 0.35709 0.673393 0.470698 0.362446 0.508263 0.431436 0.344871 0.294025 0.386989
threshold=0.21000000000000005 1.0000000180025095e-35 973.2273333333527 1.5000000000000002 477.90816666665728 1.7085313261190753 2.0029230117797856 27.957916666666673 134.50000000000003 1391.0015000000005 1.5000000000000002 1.5192732214927676 1.8535000000000084 7.4976562500000012
decision_type=8 2 8 2 10 8 2 2 2 2 2 2 10 8
left_child=1 2 3 4 -1 7 12 8 9 10 -3 -6 -7 -14
right_child=-2 5 -4 -5 11 6 -8 -9 -10 -11 -12 -13 13 -15
leaf_value=0.000203498270310523 0.0011722612369817025 -0.0013713833392166657 0.0018434510979568584 -0.00092012238424567911 -2.7958476207340541e-05 -0.0013874230264726475 0.0020088785344469576 -0.0020995134413869191 -0.0019586751773634828 0.00061220484352524757 0.0001784582490795835 -0.0024001178298505761 -9.2677248848058432e-05 0.0016981856238682013
leaf_weight=4450 122 377 132 347 115 142 151 156 114 437 283 106 1512 117
leaf_count=4450 122 377 132 347 115 142 151 156 114 437 283 106 1512 117
internal_value=1.51977e-05 -1.52961e-06 0.000111067 6.54956e-05 0.000138715 -0.000177836 8.57889e-05 -0.000548491 -0.00034869 -0.00018138 -0.00070683 -0.00116574 -7.81786e-05 3.59483e-05
internal_weight=8561 8439 5150 5018 4671 3289 1922 1367 1211 1097 660 221 1771 1629
internal_count=8561 8439 5150 5018 4671 3289 1922 1367 1211 1097 660 221 1771 1629
is_linear=0
shrinkage=0.03


Tree=277
num_leaves=15
num_cat=0
split_feature=27 38 24 24 32 12 31 27 38 38 17 27 27 27
split_gain=0.26394 0.325129 0.234347 0.210421 0.23782 0.262979 0.263194 0.249312 0.207638 0.252244 0.451339 0.449356 0.373219 0.430341
threshold=17.003738425925928 2.0847059488296513 1.8535000000000084 61.839166666663957 1.0000000180025095e-35 1.0000000180025095e-35 0.52163962311029577 13.499554398148151 1.9682257175445559 1.2667399048805239 1.0000000180025095e-35 30.998709490740744 30.570040509259261 27.999803240740743
decision_type=2 2 8 10 2 2 10 2 2 2 2 2 2 2
left_child=2 8 -1 4 -4 6 7 -6 9 10 -2 12 13 -11
right_child=1 -3 3 -5 5 -7 -8 -9 -10 11 -12 -13 -14 -15
leaf_value=-0.0012542916456617316 -0.0007240653159701966 0.0018861607117671739 -0.00095673143204377006 -0.00026279312324193927 0.0022745134281951965 -0.00079969958188960048 0.00016058042176148667 0.00043018235709940537 -0.0010489176706750154 1.1673402142946542e-05 0.000962824669184547 0.0021600550271555661 -0.0010329600608896873 0.000929316689499757
leaf_weight=152 505 106 176 2488 107 226 2248 172 116 1024 199 124 173 835
leaf_count=152 505 106 176 2488 107 226 2248 172 116 1024 199 124 173 835
internal_value=3.07521e-05 0.000253499 -9.2521e-05 -5.99219e-05 0.000112404 0.000180754 0.00026844 0.00113751 0.000195347 0.000245814 -0.000247231 0.000406808 0.000299818 0.000423848
internal_weight=8651 3082 5569 5417 2929 2753 2527 279 2976 2860 704 2156 2032 1859
internal_count=8651 3082 5569 5417 2929 2753 2527 279 2976 2860 704 2156 2032 1859
is_linear=0
shrinkage=0.03


Tree=278
num_leaves=15
num_cat=4
split_feature=5 1 30 30 37 30 23 1 1 30 37 30 35 37
split_gain=0.327524 0.540184 0.227569 0.209246 0.561862 0.446222 0.29223 0.252833 0.238402 0.224052 0.441519 0.45536 0.709738 0.695085
threshold=0.61250000000000016 52.500000000000007 150.10000000000002 30.165000000000003 0 33.250000000000007 186.50000000000003 14.500000000000002 227.50000000000003 53.500000000000007 1 37.250000000000007 2 3
decision_type=2 2 2 2 9 2 2 2 2 2 9 2 1 9
left_child=3 2 -2 4 -1 -5 8 -6 9 10 -7 -12 13 -13
right_child=1 -3 -4 5 7 6 -8 -9 -10 -11 11 12 -14 -15
leaf_value=-0.0013840697180540304 0.00094359376720326441 -0.00065293783301603975 0.0028684405114416641 0.0018170221504321647 0.0011423478775250261 -0.00097764312016158949 -0.00094302240480326389 -0.00018614147215939954 0.0013600480968598277 -2.3864390336293355e-06 -0.00083035632186159811 0.0037160624256140961 -0.00074397694848568185 0.00094334296743860525
leaf_weight=327 118 120 104 131 160 136 257 664 130 5736 116 119 124 288
leaf_count=327 118 120 104 131 160 136 257 664 130 5736 116 119 124 288
internal_value=5.91541e-05 0.000968741 0.00184532 2.11621e-05 -0.000353826 8.24966e-05 4.95944e-05 7.09565e-05 8.79615e-05 6.25939e-05 0.000538618 0.000859169 0.00124444 0.00182371
internal_weight=8530 342 222 8188 1151 7037 6906 824 6649 6519 783 647 531 407
internal_count=8530 342 222 8188 1151 7037 6906 824 6649 6519 783 647 531 407
cat_boundaries=0 1 2 3 4
cat_threshold=544747586 2086 25 1480065024
is_linear=0
shrinkage=0.03


Tree=279
num_leaves=15
num_cat=1
split_feature=26 27 37 32 32 38 1 38 27 38 24 38 1 22
split_gain=0.208466 0.197443 0.27745 0.420702 0.5255 0.404304 0.246308 0.176032 0.622422 0.212664 0.346345 0.307332 0.527117 0.532339
threshold=0.21000000000000005 6.9996585648148155 0 6.5000000000000009 3.5000000000000004 1.9128591418266299 41.500000000000007 2.075095653533936 13.999461805555557 1.9379359483718874 31.721666666667229 1.7399903535842898 17.500000000000004 1333.0312500000002
decision_type=8 2 9 2 2 2 2 2 2 2 10 2 2 2
left_child=1 -1 3 4 6 -5 -3 9 -9 11 -11 -4 13 -13
right_child=-2 2 7 5 -6 -7 -8 8 -10 10 -12 12 -14 -15
leaf_value=-0.00098880475564371972 0.0012291708410484717 0.0014778393888769071 2.3580653079145445e-05 -0.0017352412509916454 0.0029950915885247594 0.0009239896606653929 -0.00039945402618973938 0.0010037986662492211 -0.0020024281097399191 0.002076000408925624 0.00010450018778273433 0.0021850488295825986 -0.00082771491266073953 -0.00052869129961292287
leaf_weight=189 120 121 5791 106 109 100 131 102 158 110 296 118 956 145
leaf_count=189 120 121 5791 106 109 100 131 102 158 110 296 118 956 145
internal_value=-1.24221e-05 -3.00918e-05 -8.10991e-06 0.000626375 0.00125472 -0.000444352 0.000501945 -5.57206e-05 -0.000823062 -2.88932e-05 0.00063865 -6.75555e-05 -0.000500509 0.00068888
internal_weight=8552 8432 8243 567 361 206 252 7676 260 7416 406 7010 1219 263
internal_count=8552 8432 8243 567 361 206 252 7676 260 7416 406 7010 1219 263
cat_boundaries=0 1
cat_threshold=1227108416
is_linear=0
shrinkage=0.03


Tree=280
num_leaves=15
num_cat=1
split_feature=27 24 27 1 18 24 1 1 30 37 30 5 31 5
split_gain=0.265755 0.653331 0.403928 0.515578 0.375542 0.361108 0.270043 0.236754 0.209305 0.606398 0.471355 0.460756 0.346054 0.327011
threshold=30.512980324074078 194.20583333333272 29.616950231481486 27.500000000000004 1.0000000180025095e-35 170.43233333333259 53.500000000000007 33.500000000000007 37.250000000000007 0 40.250000000000007 0.38195000000000007 1.5201026298909559 0.40835000000000005
decision_type=2 10 2 2 2 8 2 2 2 9 2 2 10 2
left_child=2 -2 4 -4 8 -6 -5 -3 9 11 -10 12 -1 -12
right_child=1 7 3 6 5 -7 -8 -9 10 -11 13 -13 -14 -15
leaf_value=-0.00098765607189059 -0.0018822328028246099 0.0013538522237574616 -0.00015468155279167912 0.0030386165748985316 0.00015394829659714918 -0.0020657345982948066 0.00092679321366530428 -0.00041706491524364978 0.0020238640499932658 0.00033203940078535359 2.0510256816470767e-05 -0.0027499012765922369 0.00074867925637712085 0.00067662859502363776
leaf_weight=440 215 116 187 110 119 148 108 164 118 748 5079 104 135 790
leaf_count=440 215 116 187 110 119 148 108 164 118 748 5079 104 135 790
internal_value=3.63243e-05 -0.000638448 7.76318e-05 0.00100103 2.89434e-05 -0.00107644 0.00199239 0.000316601 6.87515e-05 -0.000257744 0.000146572 -0.00089911 -0.000579995 0.000108827
internal_weight=8581 495 8086 405 7681 267 218 280 7414 1427 5987 679 575 5869
internal_count=8581 495 8086 405 7681 267 218 280 7414 1427 5987 679 575 5869
cat_boundaries=0 1
cat_threshold=1626962480
is_linear=0
shrinkage=0.03


Tree=281
num_leaves=15
num_cat=0
split_feature=2 25 31 32 23 27 0 0 21 31 31 27 28 31
split_gain=0.20326 0.445456 0.387248 0.363387 0.332885 0.415702 0.644792 0.253888 0.219169 0.214156 0.387964 0.376681 0.313818 0.353734
threshold=1.0000000180025095e-35 0.45972972972972981 0.97209623732310757 4.5000000000000009 172.50000000000003 29.853153935185187 9.5000000000000018 9.5000000000000018 62.708333333333336 1.7149703331811961 1.783196239717979 30.53346643518519 14.450526620370374 3.1256578947368427
decision_type=2 10 10 2 2 2 2 2 2 8 8 2 2 8
left_child=4 2 -2 7 9 6 -6 -4 -5 11 -11 -1 -12 -14
right_child=1 -3 3 8 5 -7 -8 -9 -10 10 12 -13 13 -15
leaf_value=-8.4203301156785863e-05 0.0013875422443631995 -0.0010204103030076611 0.0014814561708436276 -0.00015617688400346006 -0.00045536227677103318 0.0023773979269608391 0.002297776692107113 -0.0004536516710144022 -0.0018949764021090232 0.0015557943784541533 2.0163837611854151e-05 -0.0018784122431112469 0.0017230062645043514 -7.2089605445701936e-05
leaf_weight=3111 173 496 130 129 263 120 108 115 132 178 3151 109 219 180
leaf_count=3111 173 496 130 129 263 120 108 115 132 178 3151 109 219 180
internal_value=2.97041e-05 -0.000336973 0.000162269 -0.000256649 8.76212e-05 0.00084254 0.000346091 0.00057314 -0.00103557 3.42727e-05 0.000189064 -0.000144939 0.000120535 0.000913189
internal_weight=8614 1175 679 506 7439 491 371 245 261 6948 3728 3220 3550 399
internal_count=8614 1175 679 506 7439 491 371 245 261 6948 3728 3220 3550 399
is_linear=0
shrinkage=0.03


Tree=282
num_leaves=15
num_cat=2
split_feature=0 21 21 36 31 26 31 21 35 21 22 31 30 25
split_gain=0.222613 0.41328 0.635504 0.317968 0.30365 0.357022 0.341974 0.327718 0.317735 0.346602 0.291059 0.355483 0.473333 0.271755
threshold=5.5000000000000009 88.500000000000014 83.15000000000002 0 1.8510756265247286 0.047727272727272736 3.0002965012848395 60.750000000000007 1 30.833333333333339 1459.6446250000004 1.793377120963328 167.50000000000003 0.47913043478260875
decision_type=2 2 2 9 10 8 10 2 1 2 2 10 2 10
left_child=1 2 4 10 5 8 7 -6 9 -1 -3 12 -12 -8
right_child=-2 3 -4 -5 6 -7 13 -9 -10 -11 11 -13 -14 -15
leaf_value=2.7414638346894399e-05 -0.00013038185205519845 0.00025056636173758306 0.0025996579272962615 0.0007427657814945448 -0.0013981412417851658 0.0021193098210330517 -0.0004615096389674223 0.00050099197033844013 -0.00049897422809883562 0.0023879583323511973 -0.001915769159833043 -0.002285744835974319 0.00088208437222019086 0.001300386475518462
leaf_weight=114 6416 192 122 177 233 147 130 126 191 110 101 155 118 200
leaf_count=114 6416 192 122 177 233 147 130 126 191 110 101 155 118 200
internal_value=-4.23791e-05 0.000224457 0.000532879 -0.000345479 0.000331323 0.000848835 -9.07995e-05 -0.000731593 0.000398812 0.0011359 -0.000686785 -0.00118636 -0.00040825 0.000606306
internal_weight=8532 2116 1373 743 1251 562 689 359 415 224 566 374 219 330
internal_count=8532 2116 1373 743 1251 562 689 359 415 224 566 374 219 330
cat_boundaries=0 1 2
cat_threshold=48 17
is_linear=0
shrinkage=0.03


Tree=283
num_leaves=15
num_cat=0
split_feature=24 25 32 22 38 1 38 25 21 2 23 1 23 22
split_gain=0.345477 0.409224 0.198126 0.331562 0.318654 0.386288 0.444447 0.243605 0.245305 0.314941 0.240732 0.855254 0.332018 0.294523
threshold=533.18250000001296 0.51925925925925942 26.500000000000004 1391.0015000000005 1.4796294569969179 54.500000000000007 1.2752705216407778 0.46863636363636368 117.96666666666668 1.0000000180025095e-35 166.50000000000003 47.500000000000007 149.50000000000003 55.100000000000009
decision_type=10 10 2 2 2 2 2 8 2 2 2 2 2 2
left_child=2 -2 7 4 5 6 -4 -1 9 10 12 -12 13 -9
right_child=1 -3 3 -5 -6 -7 -8 8 -10 -11 11 -13 -14 -15
leaf_value=5.9798934830474291e-06 0.00027023504941358359 -0.0017079729687914287 4.7256548399561828e-05 -0.0013288600684888863 0.0010965971344297299 0.00099045295838433777 -0.0023860789361042408 -0.00021537309930431931 0.0014027557986463714 -0.00056067271215796239 0.0027744497184175997 -0.00039765457441956784 -0.0010026074875648951 0.00067262097003711538
leaf_weight=4831 168 214 147 229 173 117 125 472 190 342 154 152 163 1168
leaf_count=4831 168 214 147 229 173 117 125 472 190 342 154 152 163 1168
internal_value=4.4059e-05 -0.000837976 8.48356e-05 -0.00036666 2.54113e-05 -0.000450977 -0.001071 0.000132632 0.000364307 0.000283807 0.00042075 0.00119876 0.000288708 0.000417052
internal_weight=8645 382 8263 791 562 389 272 7472 2641 2451 2109 306 1803 1640
internal_count=8645 382 8263 791 562 389 272 7472 2641 2451 2109 306 1803 1640
is_linear=0
shrinkage=0.03


Tree=284
num_leaves=15
num_cat=1
split_feature=24 31 38 30 37 25 32 24 28 1 32 30 24 0
split_gain=0.171832 0.171326 0.565043 0.146479 0.485627 0.330979 0.247955 0.242868 0.320162 0.305285 0.58399 0.503968 0.485131 0.698425
threshold=770.65416666668386 0.35714348202647267 1.5830990672111513 30.165000000000003 0 0.26235294117647062 2.5000000000000004 179.81983333332701 20.784936342592598 37.500000000000007 6.5000000000000009 95.500000000000014 239.57016666666433 9.5000000000000018
decision_type=10 8 2 2 9 8 2 10 2 2 2 2 10 2
left_child=1 2 -1 4 5 -3 -6 -5 9 10 -9 -11 -12 -14
right_child=-2 3 -4 7 6 -7 -8 8 -10 11 12 -13 13 -15
leaf_value=0.0018519781852675101 0.0011216432904205978 -0.00055255503074661655 -0.00062441828125409538 0.00013111040561845425 0.00054282024395578196 -0.0027554406397240728 -0.00057374705363284143 -0.0022001395230810783 0.00090191448909207811 0.0020230651184683667 -0.0012654518446992545 -0.00017196467900162585 0.00042405382593887922 -0.0022588811017167153
leaf_weight=171 121 133 161 4649 378 114 340 185 205 105 372 910 645 101
leaf_count=171 121 133 161 4649 378 114 340 185 205 105 372 910 645 101
internal_value=-8.92861e-07 -1.6931e-05 0.000651075 -4.41865e-05 -0.00039119 -0.00150821 1.38902e-05 2.50314e-06 -0.000234475 -0.000334975 -0.000638838 5.51074e-05 -0.000380483 6.08146e-05
internal_weight=8590 8469 332 8137 965 247 718 7172 2523 2318 1303 1015 1118 746
internal_count=8590 8469 332 8137 965 247 718 7172 2523 2318 1303 1015 1118 746
cat_boundaries=0 1
cat_threshold=943198208
is_linear=0
shrinkage=0.03


Tree=285
num_leaves=15
num_cat=1
split_feature=38 27 31 26 31 31 38 37 4 23 13 21 38 27
split_gain=0.191628 0.153498 0.174717 0.322805 0.216593 0.263849 0.20477 0.171652 0.253541 0.216401 0.258008 0.451368 0.496268 0.460454
threshold=0.86533108353614818 30.999247685185189 6.3930205949656758 1.0000000180025095e-35 5.1020956475013444 4.6669339748730296 1.6315168738365176 0 1.0000000180025095e-35 15.500000000000002 1.0000000180025095e-35 65.90000000000002 1.7687446475028994 13.999658564814817
decision_type=2 2 10 8 10 10 2 9 2 2 2 2 2 2
left_child=-1 2 4 -4 5 7 -5 9 -9 -2 -11 12 -12 -13
right_child=1 -3 3 6 -6 -7 -8 8 -10 10 11 13 -14 -15
leaf_value=-0.0012275060270210058 -0.0010204365731155392 -0.0009960556359643615 0.0018984991781392387 -0.00075866470584934668 -0.00082928688519252794 0.0014480146848335409 0.00097130523588603878 0.00010597157908087431 0.0013952329477909555 0.00033836962080925045 -0.00029817930935011977 0.0015669147102201704 -0.0020190210821901394 -0.00034868471755404378
leaf_weight=106 242 123 132 130 249 123 117 5204 141 820 475 177 221 312
leaf_count=106 242 123 132 130 249 123 117 5204 141 820 475 177 221 312
internal_value=4.01351e-05 5.60068e-05 7.15172e-05 0.00070084 4.15683e-05 6.9675e-05 6.07947e-05 4.73442e-05 0.000139721 -0.000172249 -7.07339e-05 -0.000353827 -0.000844596 0.000344692
internal_weight=8572 8466 8343 379 7964 7715 247 7592 5345 2247 2005 1185 696 489
internal_count=8572 8466 8343 379 7964 7715 247 7592 5345 2247 2005 1185 696 489
cat_boundaries=0 1
cat_threshold=2290892923
is_linear=0
shrinkage=0.03


Tree=286
num_leaves=15
num_cat=3
split_feature=1 37 25 25 25 28 29 22 5 37 23 28 37 5
split_gain=0.246289 0.592258 0.326346 0.354743 0.499242 0.314333 0.319271 0.362319 0.495556 0.361925 0.290252 0.386981 0.438937 0.312865
threshold=72.500000000000014 0 0.22290322580645164 0.49489795918367352 0.56205128205128219 15.638628472222225 2.5000000000000004 1240.1218750000005 0.17425000000000002 1 15.500000000000002 0.93167824074074079 2 0.63070000000000015
decision_type=2 9 10 10 10 2 2 2 2 9 2 2 9 2
left_child=10 2 -2 -4 -5 6 9 -8 -9 -3 11 12 -1 -12
right_child=1 5 3 4 -6 -7 7 8 -10 -11 13 -13 -14 -15
leaf_value=-0.0014078147645217387 0.0016380871449062531 -0.00040138048085518879 -0.0007867996206103239 0.0025021222895476964 -0.00019356905637929835 -0.0022356736885301549 0.0015258350034127943 0.00098431129426997457 -0.0012449618473213998 -0.0017835497005915875 0.00012578524951257431 -0.0013464653219663254 0.00053207396806791737 0.0012233559493849543
leaf_weight=131 162 528 226 100 162 102 120 148 228 257 5559 276 401 244
leaf_count=131 162 528 226 100 162 102 120 148 228 257 5559 276 401 244
internal_value=8.95886e-06 -0.000279811 0.000464254 8.40929e-05 0.000835321 -0.000628329 -0.000505249 9.05786e-05 -0.000367482 -0.00088172 9.77606e-05 -0.000434955 3.79333e-05 0.000171935
internal_weight=8644 2033 650 488 262 1383 1281 496 376 785 6611 808 532 5803
internal_count=8644 2033 650 488 262 1383 1281 496 376 785 6611 808 532 5803
cat_boundaries=0 1 2 3
cat_threshold=2355396892 838877313 2147483684
is_linear=0
shrinkage=0.03


Tree=287
num_leaves=15
num_cat=0
split_feature=24 31 31 21 25 1 24 0 27 27 31 27 24 17
split_gain=0.136059 0.315421 0.53199 0.279902 0.277375 0.198731 0.401606 0.389467 0.403091 0.386729 0.500746 0.30776 0.292167 0.368512
threshold=7.486666666665756 1.2508030341587599 1.813536575476046 37.166666666666679 0.3418750000000001 27.500000000000004 910.07416666666734 10.500000000000002 14.020572916666667 10.062233796296299 1.3814177727516221 30.624890046296297 477.90816666665728 1.5000000000000002
decision_type=8 8 8 2 8 2 8 2 2 2 8 2 10 2
left_child=1 3 -3 -1 -4 6 7 11 -9 10 -7 12 13 -2
right_child=5 2 4 -5 -6 9 -8 8 -10 -11 -12 -13 -14 -15
leaf_value=-0.0024864972529862173 -7.926232785374902e-05 0.001699285376465211 0.00039561069863012583 -0.00033574352431866639 -0.0015139986976388502 -9.1848312319094732e-05 0.001595996187409856 -0.00056124988793845648 -0.0026682334016256319 -7.5484821987928707e-07 0.0026853456272864949 0.0014368038649177726 -0.0015862440522355229 -0.0017272062823826145
leaf_weight=112 2292 115 117 106 165 121 103 271 117 4631 113 102 138 129
leaf_count=112 2292 115 117 106 165 121 103 271 117 4631 113 102 138 129
internal_value=-9.38448e-05 -0.000523873 -2.04169e-05 -0.00144072 -0.000721714 -6.08565e-05 -0.000246422 -0.000308661 -0.0011966 5.93699e-05 0.00124928 -0.000179191 -0.000243603 -0.000167071
internal_weight=8632 615 397 218 282 8017 3152 3049 388 4865 234 2661 2559 2421
internal_count=8632 615 397 218 282 8017 3152 3049 388 4865 234 2661 2559 2421
is_linear=0
shrinkage=0.03


Tree=288
num_leaves=15
num_cat=0
split_feature=25 23 30 22 32 30 23 30 22 30 30 38 23 24
split_gain=0.168782 0.61982 0.37378 0.550019 0.28544 0.266955 0.645786 0.373014 0.615388 0.494137 0.514234 0.431524 0.351374 0.393078
threshold=0.19000000000000003 58.500000000000007 80.500000000000014 510.25000000000006 6.5000000000000009 37.250000000000007 19.500000000000004 50.500000000000007 643.20000000000016 58.500000000000007 62.500000000000007 2.1859767436981206 115.50000000000001 27.198500000000063
decision_type=10 2 2 2 2 2 2 2 2 2 2 2 2 10
left_child=1 2 3 -1 -4 6 -2 8 -7 -9 -11 12 -12 -14
right_child=5 -3 4 -5 -6 7 -8 9 -10 10 11 -13 13 -15
leaf_value=0.00067993629376121643 -0.0019777036156353837 -0.00096238842752726771 -0.0007473533440908581 0.0032682767563272973 0.00089263781373395202 0.00025436022603126404 -0.00014857174157900202 -0.0013001713940744295 0.0028329568070133222 0.0021291635690859575 -0.00025086551813960052 0.0018747150345336434 -0.00091510762259813729 0.00039552784501978305
leaf_weight=221 209 237 170 111 218 376 1029 268 107 102 3289 106 232 1834
leaf_count=221 209 237 170 111 218 376 1029 268 107 102 3289 106 232 1834
internal_value=-6.99331e-06 0.000368342 0.000806374 0.00154532 0.000174085 -5.45564e-05 -0.000457367 2.44236e-05 0.000825602 -4.19405e-05 1.86753e-05 -2.07441e-05 -5.8264e-05 0.000248351
internal_weight=8509 957 720 332 388 7552 1238 6314 483 5831 5563 5461 5355 2066
internal_count=8509 957 720 332 388 7552 1238 6314 483 5831 5563 5461 5355 2066
is_linear=0
shrinkage=0.03


Tree=289
num_leaves=15
num_cat=2
split_feature=37 30 30 38 31 31 31 1 1 24 32 37 1 1
split_gain=0.259121 0.206766 0.26214 0.253904 0.243067 0.160566 0.378471 0.453789 0.448213 0.444811 0.449103 0.386913 0.439842 0.339273
threshold=0 33.250000000000007 47.050000000000004 1.5283996462821963 0.82038299253489144 1.0133141338059373 0.87253384912959397 55.500000000000007 41.500000000000007 95.611666666665712 6.5000000000000009 1 74.500000000000014 102.50000000000001
decision_type=9 2 2 2 10 10 10 2 2 8 2 9 2 2
left_child=1 3 -3 4 -1 6 7 8 9 10 -2 -9 -13 -14
right_child=5 2 -4 -5 -6 -7 -8 11 -10 -11 -12 12 13 -15
leaf_value=-0.0017068326602095803 7.2796926729658493e-05 -0.0024361306053805702 -0.00044160511695182596 0.0010540077226081242 9.9190234312049625e-05 9.4990377004028551e-05 -0.0012238827650425199 0.00054387296640054904 0.0019054689859770604 0.00090221352513113879 -0.0022644021857316449 -0.0028203854687610819 0.00071258237478801986 -0.001521019752827714
leaf_weight=116 235 104 138 108 159 6344 289 153 149 312 108 113 107 143
leaf_count=116 235 104 138 108 159 6344 289 153 149 312 108 113 107 143
internal_value=-1.9483e-05 -0.000602658 -0.00129876 -0.00017856 -0.000662623 2.70705e-05 -0.000240557 -2.52685e-05 0.000420345 8.25076e-05 -0.000663114 -0.000719596 -0.00123314 -0.000565038
internal_weight=8578 625 242 383 275 7953 1609 1320 804 655 343 516 363 250
internal_count=8578 625 242 383 275 7953 1609 1320 804 655 343 516 363 250
cat_boundaries=0 1 2
cat_threshold=1074339991 2717908992
is_linear=0
shrinkage=0.03


Tree=290
num_leaves=15
num_cat=0
split_feature=28 1 28 0 27 21 5 1 22 32 21 13 25 22
split_gain=0.22642 0.580622 0.390223 0.377875 0.467866 0.530423 0.407505 0.43694 0.434555 0.350671 0.346198 0.34011 0.317174 0.274172
threshold=6.3179513888888899 7.5000000000000009 5.6662384259259264 6.5000000000000009 13.999438657407408 68.833333333333357 0.18465000000000001 81.500000000000014 1262.2103750000003 16.500000000000004 84.325000000000003 1.0000000180025095e-35 0.47913043478260875 1900.9126250000002
decision_type=2 2 2 2 2 2 2 2 2 2 2 2 10 2
left_child=2 -2 -1 4 -3 -6 7 9 12 -5 -10 -7 -8 -11
right_child=1 3 -4 6 5 11 8 -9 10 13 -12 -13 -14 -15
leaf_value=-3.8930406230867414e-05 -0.00099171518522184394 -0.00076928939041681578 -0.0015266814747499587 0.00081319185038823466 0.0025963078840067055 0.0018823742956249796 -0.00090044978704741769 0.0017993873072826723 -0.00029027107403758356 7.4224383612259362e-05 -0.0023675375946975771 0.00017111465535729102 0.0012592532242849178 -0.0018469971940880093
leaf_weight=5973 293 120 163 352 192 155 102 193 148 194 141 321 153 102
leaf_count=5973 293 120 163 352 192 155 102 193 148 194 141 321 153 102
internal_value=1.9122e-05 0.000261909 -7.84518e-05 0.000430944 0.000955422 0.00126525 0.00013254 0.00054641 -0.000507285 0.000173224 -0.00130375 0.000728353 0.000395372 -0.000587818
internal_weight=8602 2466 6136 2173 788 668 1385 841 544 648 289 476 255 296
internal_count=8602 2466 6136 2173 788 668 1385 841 544 648 289 476 255 296
is_linear=0
shrinkage=0.03


Tree=291
num_leaves=15
num_cat=2
split_feature=28 25 31 21 5 1 24 27 37 30 21 37 24 19
split_gain=0.321214 0.314637 0.281979 0.390521 0.265934 0.245995 0.525916 0.477414 0.344732 0.418513 0.370077 0.519677 0.333797 0.351779
threshold=26.983998842592595 0.54027027027027041 0.93764801073571225 82.733333333333348 0.11940000000000002 35.500000000000007 15.979166666666389 29.998906250000005 0 108.30000000000001 117.96666666666668 1 63.82650000000141 1.0000000180025095e-35
decision_type=2 10 8 2 2 2 10 2 9 2 2 9 10 2
left_child=1 5 -3 -4 -5 7 -7 8 -1 10 11 -10 -11 -14
right_child=-2 2 3 4 -6 6 -8 -9 9 12 -12 -13 13 -15
leaf_value=-0.00085460692930663582 -0.0016266508955159224 -0.0017458566025233089 -0.00052694730099386692 0.0015547340926040259 -0.00032155545487667708 -0.00073557191816760919 0.00035493185650111955 -0.0013244978190506791 0.0019373713358072564 -0.00093058814368120126 -0.00091341308473720734 0.000318901670573796 0.00022336301361194655 -0.0016034727362649779
leaf_weight=398 120 134 1323 152 123 460 2954 287 236 442 138 701 983 105
leaf_count=398 120 134 1323 152 123 460 2954 287 236 442 138 701 983 105
internal_value=-8.54451e-05 -6.35218e-05 -0.000423977 -0.000313131 0.000715521 2.96029e-05 0.000207998 -0.000155516 -4.37952e-05 8.3045e-05 0.000537006 0.000750622 -0.000235372 4.70599e-05
internal_weight=8556 8436 1732 1598 275 6704 3414 3290 3003 2605 1075 937 1530 1088
internal_count=8556 8436 1732 1598 275 6704 3414 3290 3003 2605 1075 937 1530 1088
cat_boundaries=0 1 2
cat_threshold=1795694594 2418018313
is_linear=0
shrinkage=0.03


Tree=292
num_leaves=15
num_cat=2
split_feature=37 32 22 30 32 0 31 1 7 0 24 37 27 24
split_gain=0.205966 0.234727 0.403014 0.33547 0.201855 0.200232 0.192019 0.182703 0.512621 0.196638 0.508623 0.442983 0.461249 0.345872
threshold=0 26.500000000000004 1642.0350000000003 247.55000000000004 33.500000000000007 7.5000000000000009 8.173220338983052 158.50000000000003 1.0000000180025095e-35 11.500000000000002 3.7850000000000006 1 13.999531250000002 44.212833333332135
decision_type=9 2 2 2 2 2 10 2 2 2 10 9 2 10
left_child=-1 6 3 4 5 -3 7 9 -9 -2 -11 12 -12 -13
right_child=1 2 -4 -5 -6 -7 -8 8 -10 10 11 13 -14 -15
leaf_value=-0.00037928353873393307 0.00013849648536607665 -0.00023300922869535899 -0.0015051517852865898 0.00096767875304379109 0.00041219584716498602 -0.0018577179345967514 0.0011978660605460303 -0.00068724742852060527 0.0018037212782965458 -0.0022583743177079173 -0.0024452089523547332 0.001982820994769023 0.000179700643855555 3.8303332349496789e-05
leaf_weight=1016 5460 149 219 210 143 126 149 123 188 110 120 107 121 357
leaf_count=1016 5460 149 219 210 143 126 149 123 188 110 120 107 121 357
internal_value=1.97217e-05 7.35922e-05 -0.000397004 -1.05642e-05 -0.000502026 -0.000977421 0.000132884 0.00010879 0.000818547 7.36135e-05 -0.000361063 -6.50286e-05 -0.0010824 0.000476448
internal_weight=8598 7582 847 628 418 275 6735 6586 311 6275 815 705 241 464
internal_count=8598 7582 847 628 418 275 6735 6586 311 6275 815 705 241 464
cat_boundaries=0 1 2
cat_threshold=604844748 273678337
is_linear=0
shrinkage=0.03


Tree=293
num_leaves=15
num_cat=0
split_feature=21 13 25 32 1 32 31 32 31 21 21 30 5 17
split_gain=0.226399 0.396035 0.683285 0.468696 0.536884 0.553961 0.502516 0.447108 0.424716 0.424523 0.378088 0.324126 0.229508 0.461576
threshold=114.03333333333335 1.0000000180025095e-35 0.22290322580645164 27.500000000000004 28.500000000000004 19.500000000000004 1.200840336134454 17.500000000000004 0.98907071189679896 156.37500000000003 106.58333333333334 327.65000000000003 0.15470000000000003 2.5000000000000004
decision_type=2 2 10 2 2 2 10 2 10 2 2 2 2 2
left_child=10 2 8 4 7 6 -6 9 -2 -3 11 12 13 -1
right_child=1 3 -4 -5 5 -7 -8 -9 -10 -11 -12 -13 -14 -15
leaf_value=0.00010273190090790641 0.002221312259484918 -0.0018521367915065041 -0.0013729023516952691 -0.0012256123648660482 0.00099364733164099446 -1.1367203765398553e-05 0.0031878969005557558 0.0014730969540375683 -0.00033967555416893443 0.00051849775537646009 -0.0015453596123036057 0.0013182737715953193 -0.00031767774253044234 -0.0017396503325463051
leaf_weight=4265 107 134 277 107 183 155 193 133 128 138 155 153 2346 126
leaf_count=4265 107 134 277 107 183 155 193 133 128 138 155 153 2346 126
internal_value=-7.76231e-06 0.000319868 -0.000363461 0.000655309 0.000870329 0.00149781 0.00211995 4.76253e-05 0.000826391 -0.000649388 -8.00782e-05 -4.71147e-05 -7.81233e-05 4.98646e-05
internal_weight=8600 1555 512 1043 936 531 376 405 235 272 7045 6890 6737 4391
internal_count=8600 1555 512 1043 936 531 376 405 235 272 7045 6890 6737 4391
is_linear=0
shrinkage=0.03


Tree=294
num_leaves=15
num_cat=2
split_feature=28 1 37 24 38 1 37 21 38 33 38 32 1 32
split_gain=0.254166 0.631281 0.524763 0.604631 0.575128 0.453567 0.422703 0.60766 0.531672 0.5845 0.559734 0.573509 0.422045 0.437411
threshold=0.93167824074074079 18.500000000000004 0 3.2871666666666903 1.5871314406394961 16.500000000000004 1 102.35000000000001 1.7267118096351626 1.0000000180025095e-35 1.5703465938568117 17.500000000000004 32.500000000000007 20.500000000000004
decision_type=2 2 9 10 2 2 9 2 2 2 2 2 2 2
left_child=1 5 3 -3 -5 -1 7 8 9 10 11 -2 -9 -14
right_child=6 2 -4 4 -6 -7 -8 12 -10 -11 -12 -13 13 -15
leaf_value=0.00049021312097179321 0.00083558950445230683 -0.00053433173056026656 -0.00025055321548635867 0.00052318956648377934 0.0032514402299846814 0.0023516184709822903 -0.00049496960592323232 -0.0018432240495299497 -0.0015062729715850764 0.0024268513935266482 0.0018205043526189721 -0.00073053141246076105 0.0011209148428461561 -0.0013283960485533184
leaf_weight=1257 428 175 2839 160 123 130 2041 198 112 147 203 414 142 122
leaf_count=1257 428 175 2839 160 123 130 2041 198 112 147 203 414 142 122
internal_value=-2.02596e-05 0.000127714 -9.81792e-05 0.00083361 0.00170897 0.000664678 -0.000202321 0.00013792 0.000469938 0.000655622 0.000406464 6.55491e-05 -0.000796218 -1.09637e-05
internal_weight=8491 4684 3297 458 283 1387 3807 1766 1304 1192 1045 842 462 264
internal_count=8491 4684 3297 458 283 1387 3807 1766 1304 1192 1045 842 462 264
cat_boundaries=0 1 2
cat_threshold=136872064 41961501
is_linear=0
shrinkage=0.03


Tree=295
num_leaves=15
num_cat=0
split_feature=25 28 7 28 0 24 24 28 25 7 26 0 28 28
split_gain=0.195237 0.136941 0.60784 0.450758 0.27068 0.214858 0.218349 0.207944 0.393124 0.385907 0.302143 0.332078 0.228379 0.198624
threshold=0.070000000000000021 9.0992534722222249 1.5000000000000002 9.8533854166666686 4.5000000000000009 391.04433333333003 33.871666666665995 6.3179513888888899 0.56205128205128219 1.0000000180025095e-35 0.022474747474747477 6.5000000000000009 5.4417650462962976 4.0796238425925937
decision_type=10 2 2 2 2 10 8 2 10 2 10 2 2 2
left_child=-1 7 3 -3 -5 6 -6 12 9 -9 11 -11 13 -2
right_child=1 2 -4 4 5 -7 -8 8 -10 10 -12 -13 -14 -15
leaf_value=0.001333503482393488 6.6117574121530201e-05 -0.0017411777669634123 -0.0019483663579211777 0.0012463861704128537 0.00084369053506015484 0.0011034991581765736 -0.0003337527251839733 0.0014658522064464965 0.001996949258270795 0.00045550283054442348 0.0008417117598904382 -0.001608563882226092 -0.0008993153288361749 0.00084040095178837255
leaf_weight=112 5583 121 157 182 169 141 879 175 146 118 163 173 210 315
leaf_count=112 5583 121 157 182 169 141 879 175 146 118 163 173 210 315
internal_value=8.90996e-05 7.27643e-05 -0.000172787 1.40538e-05 0.000168965 4.0441e-06 -0.000143879 0.000131592 0.00059451 0.000268984 -0.000192364 -0.000771588 7.2856e-05 0.00010747
internal_weight=8644 8532 1649 1492 1371 1189 1048 6883 775 629 454 291 6108 5898
internal_count=8644 8532 1649 1492 1371 1189 1048 6883 775 629 454 291 6108 5898
is_linear=0
shrinkage=0.03


Tree=296
num_leaves=15
num_cat=4
split_feature=37 8 36 23 28 23 23 35 31 31 13 30 30 35
split_gain=0.300351 0.249174 0.237271 0.361782 0.380432 0.3137 0.257688 0.447392 0.283253 0.524924 0.346841 0.236888 0.774878 0.615424
threshold=0 1.0000000180025095e-35 1 153.50000000000003 10.484820601851853 172.50000000000003 18.500000000000004 2 1.0823369463999704 3.6862836919354938 1.0000000180025095e-35 180.25000000000003 175.10000000000002 3
decision_type=9 2 9 2 2 2 2 1 8 10 2 2 2 1
left_child=2 11 -1 4 6 -5 -4 8 -8 10 -10 12 -2 -13
right_child=1 -3 3 5 -6 -7 7 -9 9 -11 -12 13 -14 -15
leaf_value=-0.0012036295084111818 0.00019743918481809103 -0.0012914445237134043 -0.00073935259765676162 0.0021317533718954239 -0.001916373262504294 -8.8508748199923757e-05 -0.00051954581548700166 -0.00047515670935518507 0.0031527387611001629 -0.00055014053392021551 0.00093108493796720791 0.0015674623447413758 0.0027530262622749431 -0.00024785495108971685
leaf_weight=227 3649 114 576 105 128 126 124 654 111 115 147 172 110 2200
leaf_count=227 3649 114 576 105 128 126 124 654 111 115 147 172 110 2200
internal_value=-1.01109e-05 9.80947e-05 -0.000301382 -0.000197925 -0.000338293 0.000920701 -0.00022133 3.79058e-05 0.00070835 0.00113554 0.00188691 0.000124092 0.000272224 -0.000110658
internal_weight=8558 6245 2313 2086 1855 231 1727 1151 497 373 258 6131 3759 2372
internal_count=8558 6245 2313 2086 1855 231 1727 1151 497 373 258 6131 3759 2372
cat_boundaries=0 1 2 3 4
cat_threshold=1946788399 32 22 2
is_linear=0
shrinkage=0.03


Tree=297
num_leaves=15
num_cat=3
split_feature=31 31 31 1 25 37 31 31 24 29 1 36 1 37
split_gain=0.241309 0.597736 0.407497 0.223684 0.326582 0.204302 0.367522 0.585003 0.464631 0.459715 0.45969 0.609468 0.470298 0.376579
threshold=5.1020956475013444 5.6826250000000007 4.6669339748730296 10.500000000000002 0.64142857142857157 0 2.7185790898072359 1.8322390932420876 63.82650000000141 1.5000000000000002 95.500000000000014 1 138.50000000000003 2
decision_type=10 10 10 2 8 9 8 10 8 2 2 9 2 9
left_child=2 -2 5 -3 -5 -1 7 10 -8 -9 11 13 -12 -7
right_child=1 3 -4 4 -6 6 8 9 -10 -11 12 -13 -14 -15
leaf_value=-3.0900561890476779e-05 -0.0024501552249722443 -0.0013389558848799564 0.0017663068404385389 -0.00022886138629757272 0.0016983780737363677 -0.0016715651899164936 0.0018611212902717798 -0.00021251687832513457 0.00020402699933694189 -0.0023491715527671291 -0.0019838394130476645 0.0012362070538112534 0.00067907121086876099 0.00027404798467958589
leaf_weight=5351 116 104 130 353 102 105 272 280 346 134 135 640 107 397
leaf_count=5351 116 104 130 353 102 105 272 280 346 134 135 640 107 397
internal_value=5.40303e-05 -0.000490404 0.000100566 -8.37297e-05 0.000203179 7.26859e-05 0.000300993 8.53118e-05 0.000933363 -0.000904091 0.000381275 0.000632962 -0.000806437 -0.000157602
internal_weight=8572 675 7897 559 455 7767 2416 1798 618 414 1384 1142 242 502
internal_count=8572 675 7897 559 455 7767 2416 1798 618 414 1384 1142 242 502
cat_boundaries=0 1 2 3
cat_threshold=3234663101 16 941621248
is_linear=0
shrinkage=0.03


Tree=298
num_leaves=15
num_cat=1
split_feature=24 30 23 22 22 30 30 35 23 21 0 30 32 30
split_gain=0.237628 0.580424 0.316458 0.164176 0.398645 0.483335 0.579022 0.760468 0.589556 0.425553 0.289482 0.279137 0.266438 0.473055
threshold=533.18250000001296 273.5750000000001 161.50000000000003 1946.8125000000002 3841.1500000000005 97.500000000000014 223.82500000000002 0 115.50000000000001 90.00833333333334 18.500000000000004 264.02500000000003 6.5000000000000009 169.12500000000003
decision_type=10 2 2 2 2 2 2 1 2 2 2 2 2 2
left_child=3 2 -2 10 5 -5 7 9 11 -7 -1 -8 -6 -14
right_child=1 -3 -4 4 12 6 8 -9 -10 -11 -12 -13 13 -15
leaf_value=-3.089019135747778e-05 0.00077516822610050433 -0.002646580576972785 -0.0012771932994065855 -0.00062222333931210661 0.00049491027814570264 0.0041656676473421977 -0.0016215759476957221 5.8618331688262949e-05 0.0016292577899876049 0.0016591849728260469 -0.001558465641237011 0.00046963250268017867 -0.0011882347255808819 0.00011358232686720244
leaf_weight=5416 173 104 111 198 533 125 135 149 160 119 114 100 376 757
leaf_count=5416 173 104 111 198 533 125 135 149 160 119 114 100 376 757
internal_value=-3.71984e-06 -0.000729146 -2.69872e-05 3.06807e-05 0.000224735 0.000702843 0.00103579 0.00185107 0.000224637 0.00282737 -6.23809e-05 -0.0007317 -5.82276e-05 -0.000318442
internal_weight=8570 388 284 8182 2652 986 788 393 395 244 5530 235 1666 1133
internal_count=8570 388 284 8182 2652 986 788 393 395 244 5530 235 1666 1133
cat_boundaries=0 1
cat_threshold=24
is_linear=0
shrinkage=0.03


Tree=299
num_leaves=15
num_cat=1
split_feature=27 26 2 27 7 25 15 1 22 33 0 22 37 38
split_gain=0.251413 0.224251 0.220621 0.261744 0.296387 0.271847 0.205138 0.19688 0.192219 0.559387 0.339659 0.291142 0.343058 0.393616
threshold=31.139942129629635 0.23000000000000001 1.0000000180025095e-35 13.958015046296298 1.0000000180025095e-35 0.59003601440576248 1.0000000180025095e-35 49.500000000000007 8792.1860000000015 1.0000000180025095e-35 6.5000000000000009 1711.7312500000005 0 1.5521233081817629
decision_type=2 8 2 2 2 10 2 2 2 2 2 2 9 2
left_child=1 2 6 7 -5 -6 8 -4 11 10 -10 -1 13 -13
right_child=-2 -3 3 4 5 -7 -8 -9 9 -11 -12 12 -14 -15
leaf_value=-4.1866399965656259e-05 -0.0013750874749654562 0.0014033023098483683 0.0013647854130862181 -0.0014230926368108336 2.3777563230044417e-05 -0.0016767859624130376 -0.001139995271183607 -0.00031720110518429023 -0.0010803429209123793 -0.0022435476215975358 0.0010907327873372614 0.00054976362732061872 0.00095340012168189001 -0.00043056957510817701
leaf_weight=4461 123 100 114 299 496 102 131 139 111 125 156 862 649 644
leaf_count=4461 123 100 114 299 496 102 131 139 111 125 156 862 649 644
internal_value=-2.86028e-05 -8.86051e-06 -2.58971e-05 -0.000411521 -0.000651888 -0.000266285 3.62218e-05 0.00044069 5.82087e-05 -0.000587263 0.000188151 9.64532e-05 0.000382784 0.00012969
internal_weight=8512 8389 8289 1150 897 598 7139 253 7008 392 267 6616 2155 1506
internal_count=8512 8389 8289 1150 897 598 7139 253 7008 392 267 6616 2155 1506
cat_boundaries=0 1
cat_threshold=2684389376
is_linear=0
shrinkage=0.03


Tree=300
num_leaves=15
num_cat=1
split_feature=31 31 31 1 38 30 31 31 38 32 37 27 38 0
split_gain=0.214882 0.197109 0.667978 0.413788 0.87769 0.447758 0.40858 0.386687 0.371567 0.365058 0.292333 0.429491 0.276558 0.329416
threshold=0.1106014271151886 2.6228785436617055 2.4965495079846103 88.500000000000014 1.5483998060226443 330.27500000000003 2.6950646800153701 2.4177913468856578 1.6138998270034792 10.500000000000002 0 13.999774305555556 1.6798974275588991 8.5000000000000018
decision_type=8 10 10 2 2 2 10 10 2 2 9 2 2 2
left_child=-1 2 7 5 -5 6 -3 -2 -4 -6 11 -8 13 -12
right_child=1 3 8 4 9 -7 10 -9 -10 -11 12 -13 -14 -15
leaf_value=0.0012803953145071863 -3.6035849955322659e-05 0.0016186645676967719 -0.00050514022914408625 -0.00042989789599211079 0.0037870776538329663 0.0017136353684807236 0.0009508906780476016 0.001663928719169301 -0.0029463127928472635 0.0012659471721505903 0.00022288480583207917 -0.00088634407053490177 -0.001271335275567886 -0.0010649465620212082
leaf_weight=125 5756 124 118 169 100 141 385 123 107 107 577 163 276 259
leaf_count=125 5756 124 118 169 100 141 385 123 107 107 577 163 276 259
internal_value=4.56964e-05 2.73338e-05 -6.18645e-05 0.000263956 0.00117423 8.61562e-05 -4.24731e-05 -4.69318e-07 -0.00166605 0.00248388 -0.000166558 0.000397166 -0.000443944 -0.000176096
internal_weight=8530 8405 6104 2301 376 1925 1784 5879 225 207 1660 548 1112 836
internal_count=8530 8405 6104 2301 376 1925 1784 5879 225 207 1660 548 1112 836
cat_boundaries=0 1
cat_threshold=325058592
is_linear=0
shrinkage=0.03


Tree=301
num_leaves=15
num_cat=3
split_feature=28 1 1 28 36 32 38 32 37 32 28 36 30 38
split_gain=0.182956 0.30334 0.301706 0.239538 0.264422 0.350207 0.386368 0.332716 0.2886 0.210407 0.283251 0.525886 0.622487 0.602332
threshold=20.991348379629631 55.500000000000007 23.500000000000004 9.0992534722222249 0 18.500000000000004 1.364744305610657 7.5000000000000009 1 33.500000000000007 6.3179513888888899 2 175.10000000000002 1.3708519339561465
decision_type=2 2 2 2 9 2 2 2 9 2 2 9 2 2
left_child=3 2 -2 9 -5 6 8 -8 -6 10 -1 12 -12 -13
right_child=1 -3 -4 4 5 -7 7 -9 -10 -11 11 13 -14 -15
leaf_value=-2.3669117991067051e-05 0.0002909225949810611 -0.00060476567338008688 0.002566077766515424 -0.0012821131976483221 0.00056994448325591897 -0.00073633745153881393 -0.0001142009635711269 0.0019076178283655009 -0.0012761764284530042 0.00098891634379238394 -0.0013263223142345047 0.00039368667974553072 0.0010850769807185814 0.002842269601856148
leaf_weight=5942 108 101 102 223 134 519 124 179 157 220 206 217 181 155
leaf_count=5942 108 101 102 223 134 519 124 179 157 220 206 217 181 155
internal_value=3.19232e-05 0.000746232 0.001396 5.01874e-06 -0.000362753 -0.000165544 0.000330393 0.00108021 -0.000450342 7.60119e-05 4.60404e-05 0.000591776 -0.00019351 0.00137692
internal_weight=8568 311 210 8257 1336 1113 594 303 291 6921 6701 759 387 372
internal_count=8568 311 210 8257 1336 1113 594 303 291 6921 6701 759 387 372
cat_boundaries=0 1 2 3
cat_threshold=3 2160066560 38
is_linear=0
shrinkage=0.03


Tree=302
num_leaves=15
num_cat=2
split_feature=27 37 0 7 26 22 38 31 30 0 30 37 23 23
split_gain=0.357828 0.368796 0.345594 0.600347 0.307228 0.289083 0.281632 0.234934 0.259197 0.47749 0.337945 0.359026 0.29973 1.18493
threshold=12.999375000000002 0 6.5000000000000009 1.0000000180025095e-35 0.04083333333333334 280.4500000000001 1.3443804979324343 0.23920529801324505 30.165000000000003 5.5000000000000009 25.250000000000004 1 51.500000000000007 45.500000000000007
decision_type=2 9 2 2 8 2 2 8 2 2 2 9 2 2
left_child=1 2 6 4 -4 -5 -1 -2 9 -9 11 -11 13 -10
right_child=7 -3 3 5 -6 -7 -8 8 12 10 -12 -13 -14 -15
leaf_value=0.00025153253606967921 0.0012285825069349291 -0.001160328552873977 0.0026056194277062341 0.00066355195913430569 0.00047072293391379176 -0.0010585161296581414 -0.0015429887842459509 0.0011687992638411849 0.00026139959585472558 0.0010535673849592104 -0.0021341870711412618 -0.00085999889463186268 3.3016644890006905e-05 0.0031748453582922526
leaf_weight=127 168 402 117 140 126 235 207 136 1515 107 133 365 4683 137
leaf_count=127 168 402 117 140 126 235 207 136 1515 107 133 365 4683 137
internal_value=3.61335e-05 -0.000411518 -8.22656e-05 0.000337079 0.00149864 -0.000415611 -0.000860641 0.000119805 9.34806e-05 -0.000437412 -0.000798478 -0.000422102 0.000155579 0.000503011
internal_weight=8598 1354 952 618 243 375 334 7244 7076 741 605 472 6335 1652
internal_count=8598 1354 952 618 243 375 334 7244 7076 741 605 472 6335 1652
cat_boundaries=0 1 2
cat_threshold=2961183142 278405184
is_linear=0
shrinkage=0.03


Tree=303
num_leaves=15
num_cat=1
split_feature=24 24 30 27 37 30 1 0 38 4 31 30 30 28
split_gain=0.224061 0.496182 0.342656 0.497601 0.398566 0.612852 0.483523 0.391029 0.463981 0.289992 0.2525 0.306534 1.01211 0.374301
threshold=45.290999999999777 47.769833333333061 37.250000000000007 17.423611111111114 0 54.750000000000007 50.500000000000007 5.5000000000000009 1.7305040359497073 1.0000000180025095e-35 11.800000000000002 50.500000000000007 58.500000000000007 6.9605208333333346
decision_type=10 10 2 2 9 2 2 2 2 2 8 2 2 2
left_child=2 -2 7 4 -4 6 -6 -1 -9 10 11 13 -13 -3
right_child=1 9 3 -5 5 -7 -8 8 -10 -11 -12 12 -14 -15
leaf_value=0.0012409965680646043 -0.0020344218425759064 0.00071667880835998431 -0.0011529563283226613 0.0024710834686313627 0.0029844386570039203 0.00022725453386044763 0.00049008534229976841 -8.1404647747115909e-05 -0.001860553962454768 0.0012572463821197742 -0.0013879248318335157 -0.0025699584252488542 -5.5977245162601066e-05 -0.00114908124433478
leaf_weight=133 114 755 135 107 144 1316 136 518 177 152 128 149 4407 111
leaf_count=133 114 755 135 107 144 1316 136 518 177 152 128 149 4407 111
internal_value=2.96774e-05 -7.4716e-05 0.000257416 0.000485694 0.000362969 0.000495316 0.0017729 -0.000249315 -0.000534512 -3.55356e-05 -7.09415e-05 -3.98508e-05 -0.000138195 0.000477534
internal_weight=8482 5816 2666 1838 1731 1596 280 828 695 5702 5550 5422 4556 866
internal_count=8482 5816 2666 1838 1731 1596 280 828 695 5702 5550 5422 4556 866
cat_boundaries=0 1
cat_threshold=2097154
is_linear=0
shrinkage=0.03


Tree=304
num_leaves=15
num_cat=1
split_feature=30 30 36 27 24 24 1 1 0 30 29 32 30 24
split_gain=0.325651 1.1077 0.431067 0.307742 0.284498 0.549835 0.693691 0.638498 0.538327 0.525354 0.406135 0.459443 0.323818 0.303928
threshold=194.10000000000002 199.10000000000002 0 13.999843750000002 384.59266666667077 290.64533333333651 44.500000000000007 33.500000000000007 5.5000000000000009 302.72500000000008 3.5000000000000004 19.500000000000004 241.30000000000004 167.12350000000211
decision_type=2 2 9 2 10 10 2 2 2 2 2 2 2 10
left_child=-1 -2 3 -3 5 7 -7 -4 -9 13 11 -6 -12 -10
right_child=1 2 4 -5 10 6 -8 8 9 -11 12 -13 -14 -15
leaf_value=0.00011632199183097125 -0.0030582070337503305 -0.00048579098233232399 -0.00084695265787858569 -0.0024461088806341309 0.0018743604220165225 0.0025642039844533428 -0.00041078167232877478 0.0023058093525647034 0.00046752256203696807 0.0020231092984870297 -0.0025021252928866589 -0.00084147735399061013 -0.00045022545840856768 -0.0012857074534016041
leaf_weight=6245 124 199 501 113 101 180 116 131 176 102 122 126 160 180
leaf_count=6245 124 199 501 113 101 180 116 131 176 102 122 126 160 180
internal_value=3.37884e-06 -0.000299208 -0.000144194 -0.00115864 2.87908e-05 0.000251701 0.00139833 -5.96775e-05 0.000609974 0.000124921 -0.000577625 0.000366891 -0.00133793 -0.000418942
internal_weight=8576 2331 2207 312 1895 1386 296 1090 589 458 509 227 282 356
internal_count=8576 2331 2207 312 1895 1386 296 1090 589 458 509 227 282 356
cat_boundaries=0 1
cat_threshold=17
is_linear=0
shrinkage=0.03


Tree=305
num_leaves=15
num_cat=1
split_feature=37 32 22 28 5 38 21 22 22 38 38 32 31 30
split_gain=0.289899 0.262181 0.328375 0.248782 0.32005 0.491408 0.406348 0.31514 0.312457 0.299324 0.50678 0.317619 0.236264 0.2373
threshold=0 30.500000000000004 1459.6446250000004 21.930173611111112 0.11435000000000002 1.6905941963195803 101.95833333333336 2934.4500000000007 5081.2375000000002 1.6650997400283816 1.3708519339561465 8.5000000000000018 0.46316937957065346 185.22500000000002
decision_type=9 2 2 2 2 2 2 2 2 2 2 2 10 2
left_child=1 3 -3 4 8 -6 -7 -5 12 10 11 -10 -1 -14
right_child=-2 2 -4 7 5 6 -8 -9 9 -11 -12 -13 13 -15
leaf_value=-0.00058813847343313881 -0.00015313761267632961 0.00032821249179895468 -0.0019848117491426884 0.00030478288738389203 -0.00051230919918328832 -0.00023626529950309885 0.0015355706683835609 0.0024465520888513901 0.00039159328356035985 -0.0014719202947044857 0.0014062657396267701 -0.0019653816165277329 0.00095044575682762386 0.00026495925059252817
leaf_weight=148 4112 112 109 157 1056 231 235 102 100 136 166 106 1063 794
leaf_count=148 4112 112 109 157 1056 231 235 102 100 136 166 106 1063 794
internal_value=2.89335e-05 0.000194661 -0.0008126 0.000246956 0.000189102 -0.000154216 0.000657257 0.00114826 0.000397033 -0.000267544 0.000172766 -0.000821219 0.000565415 0.000657351
internal_weight=8627 4515 221 4294 4035 1522 466 259 2513 508 372 206 2005 1857
internal_count=8627 4515 221 4294 4035 1522 466 259 2513 508 372 206 2005 1857
cat_boundaries=0 1
cat_threshold=2200739214
is_linear=0
shrinkage=0.03


Tree=306
num_leaves=15
num_cat=1
split_feature=37 1 31 21 31 31 28 31 26 31 29 23 1 21
split_gain=0.218333 0.376075 0.598759 0.448925 0.427725 0.528515 0.335864 0.27996 0.434419 0.476638 0.339942 0.314963 0.280021 0.236203
threshold=0 84.500000000000014 2.6228785436617055 114.53333333333335 1.7370912872960502 1.3336077947028957 7.3244675925925931 2.6228785436617055 0.04083333333333334 3.8148890660073529 1.5000000000000002 113.50000000000001 30.500000000000004 41.166666666666679
decision_type=9 2 8 2 8 10 2 10 8 10 2 2 2 2
left_child=1 4 3 -3 5 6 13 10 9 -9 12 -11 -6 -1
right_child=-2 2 -4 -5 7 -7 -8 8 -10 11 -12 -13 -14 -15
leaf_value=-0.0012843501405041024 -6.1527483560464005e-05 -0.00076975187409277022 0.0025131482390160845 0.0015080030455247506 0.00054851773968866003 0.0017881177107844015 0.0017283962521729011 0.0020838803621499162 -0.0011500578789855353 -0.0011599348249661109 -0.0024257058267054769 0.0010415724106568182 -0.0014092969627276005 0.00017063775306663481
leaf_weight=128 6226 171 162 143 132 230 101 133 180 129 108 107 131 466
leaf_count=128 6226 171 162 143 132 230 101 133 180 129 108 107 131 466
internal_value=3.11442e-05 0.000278797 0.00103182 0.00026757 8.60314e-05 0.000541573 0.000129048 -0.000371986 5.82192e-05 0.000647623 -0.0010086 -0.000161794 -0.000426668 -0.000142895
internal_weight=8547 2321 476 314 1845 925 695 920 549 369 371 236 263 594
internal_count=8547 2321 476 314 1845 925 695 920 549 369 371 236 263 594
cat_boundaries=0 1
cat_threshold=2552247298
is_linear=0
shrinkage=0.03


Tree=307
num_leaves=15
num_cat=0
split_feature=21 13 32 27 24 1 21 6 38 13 27 21 38 1
split_gain=0.250805 0.911142 0.782909 0.152273 0.407786 0.290756 0.487935 0.250364 0.161715 0.457779 0.425181 0.336898 0.185467 0.569546
threshold=182.54166666666669 1.0000000180025095e-35 13.500000000000002 30.512980324074078 174.82500000000351 55.500000000000007 90.941666666666677 4.5000000000000009 1.9440869092941286 0.50000000000000011 13.99992476851852 65.90000000000002 1.7370213866233828 17.500000000000004
decision_type=2 2 2 2 10 2 2 2 2 2 2 2 2 2
left_child=3 -2 -3 7 -5 6 -6 8 12 10 11 -10 -1 -14
right_child=1 2 -4 4 5 -7 -8 -9 9 -11 -12 -13 13 -15
leaf_value=3.6806129850142723e-05 -0.001304637317214746 0.00031633308222808406 0.0037934072874000243 -0.0017247365846253752 0.0022291501500254986 -0.0011921528629027307 -0.00061375854275715731 0.0012601281171951647 -0.00010585258092192949 0.0020585440842131541 -0.0012302415590416992 0.0017759760561339717 0.00083367478208391918 -0.0007041098768458163
leaf_weight=5664 121 128 107 166 103 105 115 146 218 129 159 141 278 984
leaf_count=5664 121 128 107 166 103 105 115 146 218 129 159 141 278 984
internal_value=3.09095e-05 0.000810461 0.00189951 -2.90149e-06 -0.000516282 0.000104781 0.000729451 2.96213e-05 5.89831e-06 0.000459475 6.12516e-05 0.00063325 -3.64731e-05 -0.000365359
internal_weight=8564 356 235 8208 489 323 218 7719 7573 647 518 359 6926 1262
internal_count=8564 356 235 8208 489 323 218 7719 7573 647 518 359 6926 1262
is_linear=0
shrinkage=0.03


Tree=308
num_leaves=15
num_cat=1
split_feature=37 1 21 32 25 32 31 33 24 1 5 30 30 32
split_gain=0.254876 0.372362 0.430513 0.844123 0.558762 0.410645 0.383474 0.48435 0.297232 0.269566 0.60472 0.340274 0.321085 0.31431
threshold=0 105.50000000000001 55.833333333333336 14.500000000000002 0.57409090909090921 24.500000000000004 0.1799720450492425 1.0000000180025095e-35 36.430833333333148 99.500000000000014 0.23305000000000003 111.50000000000001 104.50000000000001 5.5000000000000009
decision_type=9 2 2 2 10 2 10 2 10 2 2 2 2 2
left_child=1 6 4 -4 8 -5 7 -1 -3 11 -11 12 -2 -13
right_child=9 2 3 5 -6 -7 -8 -9 -10 10 -12 13 -14 -15
leaf_value=0.00039065243998158937 -0.00017591697766066044 0.00015868472726411574 -0.0028568966116068089 0.0010307969623446303 -0.0010791874015599987 -0.0014756343154894078 0.00018036458746247864 0.0028460421530430071 0.0024053110748876484 -0.00027854580162126627 0.0025507963408882002 -0.0018612261047268189 0.0012927603474066653 -0.00047437108577243908
leaf_weight=204 1626 106 157 139 157 102 4576 112 106 208 101 190 146 651
leaf_count=204 1626 106 157 139 157 102 4576 112 106 208 101 190 146 651
internal_value=3.61647e-05 0.000153534 -0.000460776 -0.00114514 0.000277374 -3.00163e-05 0.000250163 0.00126092 0.001282 -0.000191014 0.000646255 -0.000290756 -5.49086e-05 -0.000787691
internal_weight=8581 5659 767 398 369 241 4892 316 212 2922 309 2613 1772 841
internal_count=8581 5659 767 398 369 241 4892 316 212 2922 309 2613 1772 841
cat_boundaries=0 1
cat_threshold=813190365
is_linear=0
shrinkage=0.03


Tree=309
num_leaves=15
num_cat=2
split_feature=37 32 1 23 35 31 5 28 22 30 13 24 31 13
split_gain=0.237527 0.460021 0.288952 0.162517 0.239886 0.323603 0.485724 0.358863 0.350064 0.310497 0.280348 0.404924 0.233335 0.397881
threshold=0 6.5000000000000009 42.500000000000007 137.00000000000003 1 2.9865742244263793 0.13810000000000003 11.637245370370371 991.47500000000002 265.77500000000003 0.50000000000000011 191.71016666666679 0.82038299253489144 0.50000000000000011
decision_type=9 2 2 2 1 10 2 2 2 2 2 10 10 2
left_child=1 -1 -3 12 -5 8 7 -7 -6 -8 11 -10 13 -2
right_child=3 2 -4 4 5 6 9 -9 10 -11 -12 -13 -14 -15
leaf_value=0.0017893122709808007 -8.4531098349917451e-05 -0.00081442664740704154 0.0011658477680757643 0.00096317660098517292 0.00043711384410657174 -2.775598897156075e-05 0.0021125023591395636 -0.0020216535950689954 -0.0015465478790601445 0.00014690703402811777 -0.0023415967665003758 0.00014020838786680729 0.00015326162937399866 -0.0016435433882484411
leaf_weight=201 993 180 105 123 169 303 132 111 283 160 130 234 5256 173
leaf_count=201 993 180 105 123 169 303 132 111 283 160 130 234 5256 173
internal_value=3.91657e-05 0.000676349 -8.48519e-05 -5.99949e-08 -0.000266113 -0.000369359 9.85012e-05 -0.000562352 -0.000778676 0.00103546 -0.00109625 -0.000783103 6.80895e-05 -0.000315843
internal_weight=8553 486 285 8067 1645 1522 706 414 816 292 647 517 6422 1166
internal_count=8553 486 285 8067 1645 1522 706 414 816 292 647 517 6422 1166
cat_boundaries=0 1 2
cat_threshold=2360672 20
is_linear=0
shrinkage=0.03


Tree=310
num_leaves=15
num_cat=2
split_feature=31 0 38 5 37 27 27 24 38 37 5 13 31 32
split_gain=0.279323 0.202355 0.38105 0.18496 0.41983 0.389448 0.348216 0.332207 0.33611 0.365387 0.305566 0.378879 0.305491 0.297004
threshold=0.1106014271151886 3.5000000000000004 1.4418007135391238 0.11435000000000002 0 13.999496527777781 12.999375000000002 477.90816666665728 2.1168247461318974 1 0.56350000000000011 0.50000000000000011 11.800000000000002 8.5000000000000018
decision_type=8 2 2 2 9 2 2 10 2 9 2 2 8 2
left_child=-1 2 -2 4 5 6 -3 8 9 13 11 -11 -6 -5
right_child=1 3 -4 7 12 -7 -8 -9 -10 10 -12 -13 -14 -15
leaf_value=0.0013117038848483183 0.00027303932668735917 0.00074700659791748206 -0.001576867924531462 -0.0014332270192602998 -1.9733165514059495e-05 -0.00035776317321613212 0.0029417366932350795 0.00085792814812318981 0.0012776797813259892 -0.00044226488492721565 0.001205075431941077 0.0011636561910180669 -0.0015117142944574707 -0.00047848341975201644
leaf_weight=124 177 166 231 426 4499 136 107 216 108 1016 150 152 127 941
leaf_count=124 177 166 231 426 4499 136 107 216 108 1016 150 152 127 941
internal_value=-0.000101812 -0.00012255 -0.000774335 -8.94908e-05 2.17172e-05 0.000931058 0.00160721 -0.000275577 -0.000363237 -0.000429241 -6.90543e-05 -0.000233275 -6.05624e-05 -0.000770376
internal_weight=8576 8452 408 8044 5035 409 273 3009 2793 2685 1318 1168 4626 1367
internal_count=8576 8452 408 8044 5035 409 273 3009 2793 2685 1318 1168 4626 1367
cat_boundaries=0 1 2
cat_threshold=1863732 1345898548
is_linear=0
shrinkage=0.03


Tree=311
num_leaves=15
num_cat=3
split_feature=37 13 30 30 31 36 30 30 28 27 37 17 23 30
split_gain=0.262816 0.404578 0.204058 0.849046 0.434296 0.350935 0.31557 0.446021 0.54324 0.558144 0.931987 0.421899 0.431195 0.408319
threshold=0 1.0000000180025095e-35 222.10000000000002 213.07500000000002 1.5201026298909559 1 194.10000000000002 170.12500000000003 5.4417650462962976 28.365295138888893 2 1.0000000180025095e-35 95.500000000000014 167.50000000000003
decision_type=9 2 2 2 10 9 2 2 2 2 9 2 2 2
left_child=1 -1 3 6 -4 -6 7 13 9 10 -9 12 -8 -2
right_child=2 -3 4 -5 5 -7 11 8 -10 -11 -12 -13 -14 -15
leaf_value=0.0018673740555225169 -3.8688991876275022e-05 -0.00020410897085932478 -0.0018957804239876199 0.0022595071004349048 -0.00035883925721629119 0.0010856070292623819 -0.0011913308332176795 0.004299341465749249 -0.00048470690842968088 -0.00034287542815467244 0.00067368118520789717 -0.0023639934980389421 0.0011350843431197168 -0.0018308845508055618
leaf_weight=163 5172 177 151 147 1483 159 176 101 201 114 182 118 121 117
leaf_count=163 5172 177 151 147 1483 159 176 101 201 114 182 118 121 117
internal_value=-3.88806e-05 0.000766442 -7.29433e-05 5.67749e-06 -0.000356131 -0.000214543 -4.68952e-05 9.46948e-06 0.000786053 0.00142944 0.00214337 -0.000846458 -0.000243532 -7.83348e-05
internal_weight=8582 340 8242 6449 1793 1642 6302 5887 598 397 283 415 297 5289
internal_count=8582 340 8242 6449 1793 1642 6302 5887 598 397 283 415 297 5289
cat_boundaries=0 1 2 3
cat_threshold=1582146 49 335546368
is_linear=0
shrinkage=0.03


Tree=312
num_leaves=15
num_cat=2
split_feature=22 37 17 31 38 1 37 0 38 22 31 22 21 38
split_gain=0.476858 0.308131 0.298538 0.289151 0.284316 0.225573 0.22717 0.187832 0.971878 0.588896 0.552938 0.537165 0.396336 0.178315
threshold=14292.450000000003 0 3.5000000000000004 0.19843228538575877 1.5384399294853213 17.500000000000004 1 4.5000000000000009 1.5192732214927676 1459.6446250000004 1.9261208576998052 1037.4500000000003 90.941666666666677 1.2020130753517153
decision_type=2 9 2 10 2 2 9 2 2 2 10 2 2 2
left_child=1 4 3 -3 -1 -6 -7 8 11 -10 -11 -5 -13 -9
right_child=-2 2 -4 7 5 6 -8 13 9 10 -12 12 -14 -15
leaf_value=-0.00065067837155728008 -0.0019702005008689154 0.0013493314808530903 0.0017271869114371769 0.00040057668292908653 0.0014135184646801139 -0.00092651285466211907 0.0008088563335677761 -0.00034069447752816843 0.00076487724284211606 -0.00018414191490880098 -0.0030382132001056704 0.003966245156860366 0.0013690838792889907 9.3468864370275652e-05
leaf_weight=933 106 165 104 187 118 144 112 1023 195 139 109 101 111 5075
leaf_count=933 106 165 104 187 118 144 112 1023 195 139 109 101 111 5075
internal_value=2.95542e-05 5.44455e-05 0.000131313 0.000108138 -0.000367722 0.000328323 -0.000171885 7.86284e-05 0.000498643 -0.000468645 -0.00143855 0.0015726 0.00260641 2.06337e-05
internal_weight=8622 8516 7209 7105 1307 374 256 6940 842 443 248 399 212 6098
internal_count=8622 8516 7209 7105 1307 374 256 6940 842 443 248 399 212 6098
cat_boundaries=0 1 2
cat_threshold=1141764742 1073762306
is_linear=0
shrinkage=0.03


Tree=313
num_leaves=15
num_cat=2
split_feature=37 38 1 21 37 31 31 38 27 31 31 25 25 13
split_gain=0.201031 0.356566 0.485707 0.578382 0.726469 0.348057 0.753841 0.403256 0.366456 0.288725 0.261276 0.33434 0.286247 0.248732
threshold=0 1.5355764627456667 8.5000000000000018 44.500000000000007 1 1.8048797023563459 1.567773832781554 1.6567754149436953 11.66547453703704 2.3252092253795253 0.61690476190476196 0.3823076923076924 0.26235294117647062 1.0000000180025095e-35
decision_type=9 2 2 2 9 10 10 2 2 10 8 10 8 2
left_child=-1 2 9 4 -4 6 8 -7 -3 -2 -10 12 -12 -6
right_child=1 5 3 -5 13 7 -8 -9 10 -11 11 -13 -14 -15
leaf_value=6.6858274353882077e-05 -0.0029719251530714551 0.0017333925317954987 0.0021520613113045687 -0.0019481963669807699 0.00037711093920069709 0.00077456711094296812 0.002785149344256672 -0.0011869138409521772 -0.0013005740096678538 -0.00078088438804261391 0.00023888056111496145 0.0016659161818499996 -0.0013780363121776956 -0.0011693214236604521
leaf_weight=6312 118 104 115 152 167 131 103 337 147 100 351 103 137 213
leaf_count=6312 118 104 115 152 167 131 103 337 147 100 351 103 137 213
internal_value=-2.03983e-05 -0.00026132 -0.000742175 -0.00032953 0.000167515 3.11979e-05 0.000362544 -0.000637867 6.61923e-05 -0.00196686 -0.000168752 0.000112767 -0.000215049 -0.000477149
internal_weight=8590 2278 865 647 495 1413 945 468 842 218 738 591 488 380
internal_count=8590 2278 865 647 495 1413 945 468 842 218 738 591 488 380
cat_boundaries=0 1 2
cat_threshold=3057937504 142606341
is_linear=0
shrinkage=0.03


Tree=314
num_leaves=15
num_cat=2
split_feature=25 36 28 30 5 38 35 31 26 31 13 25 29 30
split_gain=0.254172 0.269125 0.230724 0.298305 0.27245 0.296954 0.256188 0.226082 0.274696 0.268284 0.297507 0.276844 0.255806 0.961588
threshold=0.62481481481481493 0 10.193217592592594 45.050000000000004 0.15470000000000003 1.3745623230934145 1 6.564965103067685 0.020869565217391309 3.7558696440645338 0.50000000000000011 0.60858585858585867 4.5000000000000009 191.12500000000003
decision_type=8 9 2 2 2 2 1 8 8 10 2 10 2 2
left_child=7 -2 3 6 5 -5 -3 9 -9 11 -11 12 -1 -14
right_child=1 2 -4 4 -6 -7 -8 8 -10 10 -12 -13 13 -15
leaf_value=-9.3641427592673834e-06 0.0016050573798486996 -0.00113082267044986 -0.0010221266787913111 -0.00064282908943174069 0.0021709022850882318 0.0016063541224692016 0.00062458456540480259 0.0015229894315688308 -0.00024102996083650186 -0.00099223356160961984 0.0007928129568394711 -0.0011128234862495944 0.0030278309201409595 -0.00066927462976309473
leaf_weight=6275 156 136 108 112 128 100 145 182 141 477 102 197 113 144
leaf_count=6275 156 136 108 112 128 100 145 182 141 477 102 197 113 144
internal_value=3.20371e-05 0.000513304 0.000254174 0.000480233 0.00107798 0.000418106 -0.000243023 -2.37776e-05 0.000752938 -5.81069e-05 -0.000677769 -4.78777e-06 2.86297e-05 0.000956301
internal_weight=8516 885 729 621 340 212 281 7631 323 7308 579 6729 6532 257
internal_count=8516 885 729 621 340 212 281 7631 323 7308 579 6729 6532 257
cat_boundaries=0 1 2
cat_threshold=32 20
is_linear=0
shrinkage=0.03


Tree=315
num_leaves=15
num_cat=3
split_feature=21 16 31 31 0 21 37 30 31 1 1 31 37 37
split_gain=0.256239 0.46094 0.169367 0.422405 0.299913 0.390684 0.59733 0.452282 0.333222 0.277704 0.505425 0.270083 0.234574 0.231947
threshold=190.00000000000003 1.0000000180025095e-35 1.0823369463999704 1.1144551101072844 13.500000000000002 117.96666666666668 0 72.500000000000014 0.93764801073571225 20.500000000000004 8.5000000000000018 0.71691003666217534 1 2
decision_type=2 2 10 10 2 2 9 2 10 2 2 8 9 9
left_child=2 -2 4 -4 5 6 7 11 9 10 -8 -1 -11 -5
right_child=1 -3 3 13 -6 -7 8 -9 -10 12 -12 -13 -14 -15
leaf_value=0.0012258666007501351 -0.00036996533751031769 0.0020303979512633907 0.0018902147356689406 -0.00066425278483015686 -0.0015229448273867303 -0.0011601714614187344 -0.00061597453676060659 0.0026520184987841957 -0.0015942212226663661 0.00053031461959742658 0.0023362566257301388 -0.00063496718675894442 -0.00076679582353477533 1.5324824084871914e-05
leaf_weight=154 144 144 104 480 172 318 108 109 170 162 101 129 487 5831
leaf_count=154 144 144 104 480 172 318 108 109 170 162 101 129 487 5831
internal_value=-4.95402e-05 0.000830216 -7.9975e-05 -6.14018e-06 -0.00032796 -0.000209699 3.15377e-06 0.000984932 -0.000377133 -0.000140381 0.000810702 0.000377642 -0.000446662 -3.73905e-05
internal_weight=8613 288 8325 6415 1910 1738 1420 392 1028 858 209 283 649 6311
internal_count=8613 288 8325 6415 1910 1738 1420 392 1028 858 209 283 649 6311
cat_boundaries=0 1 2 3
cat_threshold=2486181926 33589312 84943394
is_linear=0
shrinkage=0.03


Tree=316
num_leaves=15
num_cat=2
split_feature=38 36 24 1 30 31 14 31 38 26 1 37 1 31
split_gain=0.221612 0.381093 0.947936 0.715868 0.900659 0.592215 0.48454 0.471864 0.424098 0.37041 0.363851 0.240224 0.409152 0.591256
threshold=1.7687446475028994 0 328.26683333333648 55.500000000000007 103.50000000000001 1.3814177727516221 2.5000000000000004 3.1562859952622087 1.9682257175445559 0.04083333333333334 34.500000000000007 1 17.500000000000004 1.361581038887312
decision_type=2 9 10 2 2 10 2 10 2 8 2 9 2 8
left_child=11 2 5 4 9 -2 -7 -5 -6 -3 -4 12 13 -1
right_child=1 3 10 7 8 6 -8 -9 -10 -11 -12 -13 -14 -15
leaf_value=-0.00019084806740283966 -0.0026451565384837412 0.0010164533950702984 0.002095592344272079 -0.0012287066697657186 -0.0015499662412806366 -0.0012370935026110674 0.0010221413054780379 0.0009577535036712502 0.00093273691280819143 0.0031791246144049282 -0.00019150639750638648 1.7938509712399245e-05 0.00012985785410845016 0.0026486195263622156
leaf_weight=110 204 151 116 369 137 371 111 117 113 135 136 5712 642 165
leaf_count=110 204 151 116 369 137 371 111 117 113 135 136 5712 642 165
internal_value=7.95836e-06 -0.00027229 -0.000704717 0.000130218 0.000887538 -0.00129026 -0.000716813 -0.000702337 -0.000427784 0.00203729 0.000861285 9.08194e-05 0.000538725 0.00151283
internal_weight=8589 1960 938 1022 536 686 482 486 250 286 252 6629 917 275
internal_count=8589 1960 938 1022 536 686 482 486 250 286 252 6629 917 275
cat_boundaries=0 1 2
cat_threshold=48 8668330
is_linear=0
shrinkage=0.03


Tree=317
num_leaves=15
num_cat=0
split_feature=27 5 21 17 31 32 38 21 22 30 31 1 24 13
split_gain=0.234699 0.17684 0.125427 0.51364 0.440141 0.527695 0.31442 0.392843 0.314981 0.94081 0.399187 0.296314 0.367105 0.347692
threshold=30.998680555555559 0.15470000000000003 129.92500000000004 3.5000000000000004 1.793377120963328 17.500000000000004 2.075095653533936 50.500000000000007 6448.8000000000002 113.50000000000001 2.2583927231807954 41.500000000000007 172.41716666666329 1.0000000180025095e-35
decision_type=2 2 2 2 10 2 2 2 2 2 10 2 10 2
left_child=2 -2 3 6 5 11 8 -8 -1 -10 -11 12 -4 -13
right_child=1 -3 4 -5 -6 -7 7 -9 9 10 -12 13 -14 -15
leaf_value=-4.1039074855667459e-05 0.0018200257463225475 8.2537695602739891e-05 -0.0004074313744740403 0.0019821200816659257 -0.0017421277547091769 0.0014715042182241467 0.00017740812083920008 -0.002167312126599855 0.003073672141556202 -0.0013713983095398621 0.00092617050743806556 -0.00088506741014808955 -0.0024603394775961837 0.0012480049697758378
leaf_weight=6637 108 103 286 116 171 161 122 136 118 126 148 123 108 156
leaf_count=6637 108 103 286 116 171 161 122 136 118 126 148 123 108 156
internal_value=-1.63516e-05 0.000971868 -4.11512e-05 1.54117e-06 -0.00035563 -7.13482e-05 -2.99872e-05 -0.00105857 7.76697e-06 0.000834108 -0.000130376 -0.000440441 -0.000970157 0.000307618
internal_weight=8619 211 8408 7403 1005 834 7287 258 7029 392 274 673 394 279
internal_count=8619 211 8408 7403 1005 834 7287 258 7029 392 274 673 394 279
is_linear=0
shrinkage=0.03


Tree=318
num_leaves=15
num_cat=0
split_feature=5 31 31 26 32 1 0 38 1 30 32 31 1 31
split_gain=0.175156 0.196736 0.322739 0.31746 0.331837 0.197397 0.198081 0.366535 0.330556 0.213471 0.210711 0.202721 0.143894 0.281823
threshold=0.81665000000000021 6.3930205949656758 5.3583467094703057 0.020869565217391309 19.500000000000004 280.50000000000006 3.5000000000000004 1.5703465938568117 22.500000000000004 333.55000000000007 33.500000000000007 4.6669339748730296 168.50000000000003 1.548166151126823
decision_type=2 10 10 8 2 2 2 2 2 2 2 10 2 8
left_child=1 2 5 4 -3 6 7 8 -1 10 11 12 -8 -14
right_child=-2 3 -4 -5 -6 -7 9 -9 -10 -11 -12 -13 13 -15
leaf_value=-0.00090611599361770513 0.0010729785408937157 0.0023462584010815915 -0.0013098015338285358 -0.00031478030764828284 6.4203011365059537e-05 0.0012762091708006743 -6.5441839736516616e-06 -0.0017745210236521907 0.0013531274641590083 -0.00098437518376010827 0.0010478774590441827 0.0011599164210146164 0.00032494379693110071 -0.0018384503677121495
leaf_weight=136 133 131 181 186 102 103 6611 166 102 197 174 131 105 112
leaf_count=136 133 131 181 186 102 103 6611 166 102 197 174 131 105 112
internal_value=-7.23866e-06 -2.42671e-05 -5.73835e-05 0.00060945 0.00134725 -2.84582e-05 -4.58335e-05 -0.000692533 6.21312e-05 -1.01901e-05 1.67151e-05 -9.06767e-06 -3.14955e-05 -0.000791647
internal_weight=8570 8437 8018 419 233 7837 7734 404 238 7330 7133 6959 6828 217
internal_count=8570 8437 8018 419 233 7837 7734 404 238 7330 7133 6959 6828 217
is_linear=0
shrinkage=0.03


Tree=319
num_leaves=15
num_cat=0
split_feature=27 6 16 38 21 22 1 25 21 22 1 23 23 1
split_gain=0.17932 0.267501 0.248184 0.672159 0.289786 0.212982 0.286572 0.451499 0.197924 0.244825 0.309016 0.257313 0.194531 0.759966
threshold=12.99934027777778 4.5000000000000009 1.0000000180025095e-35 1.5192732214927676 129.92500000000004 3884.0117500000001 8.5000000000000018 0.49489795918367352 13.833333333333334 102.42400000000002 28.500000000000004 63.500000000000007 57.500000000000007 52.500000000000007
decision_type=2 2 2 2 2 2 2 8 2 2 2 2 2 2
left_child=2 8 4 -4 5 6 -1 -8 9 10 -2 -12 13 -10
right_child=1 -3 3 -5 -6 -7 7 -9 12 -11 11 -13 -14 -15
leaf_value=-0.0014391486105112146 0.00078154483726283416 -0.0012245936187980811 5.598177245086793e-05 -0.0024947892875325953 -0.0015073127465799819 0.0013415363758522113 -0.00029533148440776615 0.0017535688353306612 -9.0153729105447081e-05 -0.0015563344931686107 -0.0011242670955352696 0.00055160219192897011 -4.9900971954233081e-05 0.0012418707947811217
leaf_weight=122 198 164 213 165 121 103 429 125 1257 147 298 114 4485 556
leaf_count=122 198 164 213 165 121 103 429 125 1257 147 298 114 4485 556
internal_value=-8.48142e-05 -2.68273e-05 -0.000412363 -0.00105745 -0.000141426 7.0733e-05 -0.000122895 0.000166966 1.01585e-06 -0.000457311 -0.000192464 -0.000660556 5.61053e-05 0.000318344
internal_weight=8497 7219 1278 378 900 779 676 554 7055 757 610 412 6298 1813
internal_count=8497 7219 1278 378 900 779 676 554 7055 757 610 412 6298 1813
is_linear=0
shrinkage=0.03


Tree=320
num_leaves=15
num_cat=1
split_feature=24 38 28 38 27 24 37 38 6 31 29 32 28 33
split_gain=0.21907 0.376205 0.364578 0.186963 0.327386 0.38535 0.333684 0.431969 0.367881 0.422951 0.323363 0.402334 0.74432 0.334163
threshold=533.18250000001296 1.594687879085541 8.6200173611111133 1.057650148868561 18.333043981481485 41.257833333334283 0 1.9379359483718874 1.0000000180025095e-35 1.4919352507587804 2.5000000000000004 12.500000000000002 0.96294560185185196 1.0000000180025095e-35
decision_type=10 2 2 2 2 8 9 2 2 10 2 2 2 2
left_child=3 2 -2 -1 6 -6 7 8 9 -5 13 12 -12 -7
right_child=1 -3 -4 4 5 10 -8 -9 -10 -11 11 -13 -14 -15
leaf_value=-0.00049169302946260279 -0.002528939109188358 0.00052960577619044075 -0.00020251710812866302 -0.0030483105152712335 0.0017888151613930593 2.36897374178577e-05 1.5907988858515713e-05 0.00092906162162710517 -0.00014835116930086824 -0.00054959852106144854 -0.001979763416992809 0.00072267806632614058 0.0010191364525532235 -0.0016947392164166236
leaf_weight=575 127 141 116 140 158 570 4680 105 170 108 151 1289 147 124
leaf_count=575 127 141 116 140 158 570 4680 105 170 108 151 1289 147 124
internal_value=-2.73307e-06 -0.000703106 -0.00141838 2.9997e-05 6.92501e-05 0.000356043 -6.51893e-05 -0.000776338 -0.0012233 -0.00196016 0.000256798 0.000493006 -0.00050044 -0.000283349
internal_weight=8601 384 243 8217 7642 2439 5203 523 418 248 2281 1587 298 694
internal_count=8601 384 243 8217 7642 2439 5203 523 418 248 2281 1587 298 694
cat_boundaries=0 1
cat_threshold=2104333
is_linear=0
shrinkage=0.03


Tree=321
num_leaves=15
num_cat=1
split_feature=31 31 31 37 1 38 1 38 21 31 38 38 38 38
split_gain=0.187461 0.409832 0.820551 0.397027 0.361674 0.676897 0.494602 0.356033 0.384767 0.361746 0.355448 0.328698 0.397314 0.337611
threshold=2.308391608391609 2.6228785436617055 2.6781286894923264 0 38.500000000000007 1.6018168330192568 18.500000000000004 1.9940782785415652 85.333333333333357 2.2263297191155131 1.9682257175445559 1.8656589388847353 1.5483998060226443 1.4157342910766604
decision_type=8 8 8 9 2 2 2 2 2 10 2 2 2 2
left_child=7 4 -3 -4 6 -6 -2 9 -9 -1 11 12 13 -5
right_child=1 2 3 10 5 -7 -8 8 -10 -11 -12 -13 -14 -15
leaf_value=0.00011233308491374053 -0.00047572484973594932 0.0026257501063635573 -0.0010661226261982442 1.2368254121631182e-05 0.0011562488798298081 -0.0016483858499648234 -0.0030032944512656994 -0.0016451383745428962 0.00018713643962983042 0.0015620291321683907 0.0014277794321183258 -0.001638689296773802 0.0005651407152553029 -0.001064348736826282
leaf_weight=4874 144 100 351 821 159 151 135 213 200 160 148 117 705 385
leaf_count=4874 144 100 351 821 159 151 135 213 200 160 148 117 705 385
internal_value=-1.82926e-05 -0.000199912 -3.95532e-05 -0.000145026 -0.00091513 -0.00020988 -0.00169874 8.89387e-05 -0.000757838 0.00015841 8.41216e-06 -9.51294e-05 -6.25705e-07 -0.00033136
internal_weight=8663 3216 2627 2527 589 310 279 5447 413 5034 2176 2028 1911 1206
internal_count=8663 3216 2627 2527 589 310 279 5447 413 5034 2176 2028 1911 1206
cat_boundaries=0 1
cat_threshold=3833593866
is_linear=0
shrinkage=0.03


Tree=322
num_leaves=15
num_cat=2
split_feature=37 0 37 1 23 22 31 13 38 26 32 31 38 28
split_gain=0.179882 0.166286 0.171001 0.206531 0.337019 0.360848 0.287461 0.381866 0.303555 0.289775 0.44791 0.421952 0.472344 0.268255
threshold=0 18.500000000000004 1 12.500000000000002 138.50000000000003 1619.2460000000001 4.4993985565356862 0.50000000000000011 1.8866107463836672 0.051315789473684217 3.5000000000000004 1.7370912872960502 1.3405699729919436 18.047332175925927
decision_type=9 2 9 2 2 2 10 2 2 8 2 10 2 2
left_child=-1 2 -2 6 5 -5 7 8 9 10 -4 -12 -13 -6
right_child=1 -3 3 4 13 -7 -8 -9 -10 -11 11 12 -14 -15
leaf_value=0.00098175362036449863 -0.0002567903570304175 -0.0011697044490158858 0.0031472955202871858 -7.0844293093488513e-05 -0.0006180788265316272 0.00053846558151347877 -0.0010480286956631711 -0.00079065098371356726 -0.00068891031879673493 -0.00013644497198502309 -7.4535536843894131e-05 0.00022460685872877212 0.0027176063882775213 0.00065193980924207063
leaf_weight=154 1876 112 104 2731 1071 1287 105 150 101 145 201 114 171 174
leaf_count=154 1876 112 104 2731 1071 1287 105 150 101 145 201 114 171 174
internal_value=-2.19557e-06 -2.15112e-05 -5.91181e-06 6.84557e-05 -9.30942e-06 0.000124323 0.000444224 0.000603135 0.000853216 0.00106513 0.00136043 0.000978054 0.00172041 -0.000440582
internal_weight=8496 8342 8230 6354 5263 4018 1091 986 836 735 590 486 285 1245
internal_count=8496 8342 8230 6354 5263 4018 1091 986 836 735 590 486 285 1245
cat_boundaries=0 1 2
cat_threshold=5248 3959685228
is_linear=0
shrinkage=0.03


Tree=323
num_leaves=15
num_cat=1
split_feature=30 6 31 0 23 1 1 22 0 0 37 32 17 30
split_gain=0.134713 0.132674 0.502329 0.480914 0.699122 0.431009 0.67789 0.221125 0.629224 0.400957 0.313905 0.307889 0.305648 0.418531
threshold=387.75000000000006 2.5000000000000004 0.66943681318681325 8.5000000000000018 90.500000000000014 78.500000000000014 139.50000000000003 6402.0500000000002 8.5000000000000018 6.5000000000000009 0 9.5000000000000018 1.5000000000000002 104.50000000000001
decision_type=2 2 10 2 2 2 2 2 2 2 9 2 2 2
left_child=1 7 -3 5 -5 -4 -7 10 9 -9 12 -10 13 -1
right_child=-2 2 3 4 -6 6 -8 8 11 -11 -12 -13 -14 -15
leaf_value=0.0011116021625964159 0.0010170623650948437 -0.0015185321677102892 0.001359154251565297 0.0032663212764254285 -8.3831859623441593e-05 -0.0024422841024378224 0.00093835421613595611 -0.00058661927235905656 -0.00086328667367503796 0.0010052473820389512 -0.00013197343968929958 -0.0027324475142173469 -0.00089575936283842216 -1.7715538962788525e-06
leaf_weight=587 107 109 130 126 101 112 102 344 217 243 5472 125 151 630
leaf_count=587 107 109 130 126 101 112 102 344 217 243 5472 125 151 630
internal_value=-4.07309e-05 -5.4127e-05 0.0003477 0.000703951 0.00177572 -3.29546e-06 -0.000830952 -8.92978e-05 -0.000523586 7.23647e-05 -3.03134e-05 -0.00154646 0.000374554 0.000535246
internal_weight=8556 8449 680 571 227 344 214 7769 929 587 6840 342 1368 1217
internal_count=8556 8449 680 571 227 344 214 7769 929 587 6840 342 1368 1217
cat_boundaries=0 1
cat_threshold=2418040968
is_linear=0
shrinkage=0.03


Tree=324
num_leaves=15
num_cat=1
split_feature=31 37 5 5 22 23 38 17 22 38 32 38 0 22
split_gain=0.127037 0.297461 0.140366 0.269929 0.215003 0.151998 0.460679 0.500321 0.576753 0.780627 0.478849 0.411205 0.381881 0.410438
threshold=8.173220338983052 0 0.81665000000000021 0.56350000000000011 1410.5812500000002 98.500000000000014 1.5162146091461184 1.0000000180025095e-35 855.05000000000007 1.5871314406394961 21.500000000000004 2.1002669334411626 6.5000000000000009 5324.3125000000009
decision_type=10 9 2 2 2 2 2 2 2 2 2 2 2 2
left_child=2 -2 3 5 -5 11 -7 8 -8 -10 12 -1 -9 -14
right_child=1 -3 -4 4 -6 6 7 10 9 -11 -12 -13 13 -15
leaf_value=0.0001215546457210393 0.0018061994119404916 -0.00026778945096319527 0.001052975451182574 -0.0017547800816259439 -1.4636398934781915e-05 -0.0005735357031898589 0.002693281277937326 -0.0013368292876984923 0.0025157734629598569 4.6050814071922043e-05 -0.0023965591944989212 0.0016720358111438744 0.0015082960026167286 -0.00083830236389889927
leaf_weight=4843 111 129 125 133 123 1132 103 150 131 954 103 159 163 114
leaf_count=4843 111 129 125 133 123 1132 103 150 131 954 103 159 163 114
internal_value=7.51666e-05 0.000755531 5.53333e-05 3.99528e-05 -0.000918695 7.12077e-05 -0.000103656 0.00020595 0.000547901 0.000344239 -0.000560536 0.00017084 -0.000117655 0.000542548
internal_weight=8473 240 8233 8108 256 7852 2850 1718 1188 1085 530 5002 427 277
internal_count=8473 240 8233 8108 256 7852 2850 1718 1188 1085 530 5002 427 277
cat_boundaries=0 1
cat_threshold=136321152
is_linear=0
shrinkage=0.03


Tree=325
num_leaves=15
num_cat=2
split_feature=0 37 25 32 37 25 30 30 22 38 38 1 1 28
split_gain=0.192529 0.402705 0.57214 0.387242 0.293635 0.243349 0.229691 0.265775 0.468963 0.437946 0.28088 0.474511 0.522746 0.47046
threshold=4.5000000000000009 0 0.51925925925925942 7.5000000000000009 1 0.29772727272727278 11.250000000000002 33.250000000000007 90.850000000000009 1.6720877289772036 1.4874330759048464 2.5000000000000004 9.5000000000000018 3.0048437500000005
decision_type=2 9 10 2 9 10 2 2 2 2 2 2 2 2
left_child=1 2 -1 5 6 -3 -2 9 -9 -8 -10 -12 -13 -14
right_child=4 3 -4 -5 -6 -7 7 8 10 -11 11 12 13 -15
leaf_value=-0.0014098282491632065 -0.0010344021660940988 0.0022808123084417141 0.0005849603708870081 -0.0004446305336919717 -0.00015228126425970249 0.00023833809806300061 0.0022029578398111501 -0.0017409719860580655 -8.0980634383511922e-05 -0.00016309028322713111 0.0021572872710493491 -0.0015545363950520013 0.00018869640191718234 0.0012823493088800499
leaf_weight=474 126 105 178 280 3506 105 158 109 1335 127 141 121 1318 484
leaf_count=474 126 105 178 280 3506 105 158 109 1335 127 141 121 1318 484
internal_value=-8.74982e-06 -0.000371385 -0.000852169 0.000280028 4.70251e-05 0.00125958 0.000225142 0.000267576 0.000195998 0.00114861 0.000258114 0.000477441 0.000354269 0.000482441
internal_weight=8567 1142 652 490 7425 210 3919 3793 3508 285 3399 2064 1923 1802
internal_count=8567 1142 652 490 7425 210 3919 3793 3508 285 3399 2064 1923 1802
cat_boundaries=0 1 2
cat_threshold=1350600740 615300166
is_linear=0
shrinkage=0.03


Tree=326
num_leaves=15
num_cat=0
split_feature=24 31 12 13 31 13 21 26 24 21 38 22 7 30
split_gain=0.14015 0.401486 0.334488 0.511628 0.404954 0.403724 0.531543 0.328795 0.327432 0.7699 0.467611 0.276432 0.286244 0.261559
threshold=45.290999999999777 1.2190404267189183 1.0000000180025095e-35 0.50000000000000011 1.2358579214433381 1.0000000180025095e-35 101.00000000000001 0.06186224489795919 27.198500000000063 59.166666666666679 1.5355764627456667 1382.0940000000001 1.0000000180025095e-35 46.500000000000007
decision_type=10 8 2 2 10 2 2 8 10 2 2 2 2 2
left_child=1 7 3 4 -3 8 11 -1 9 -6 -10 12 -7 -14
right_child=-2 2 -4 -5 5 6 -8 -9 10 -11 -12 -13 13 -15
leaf_value=-0.00062010578373696522 -6.4767757734842182e-05 0.0019986043154088737 -0.0007850184392082562 0.0020626074166953446 0.0010414900413799877 -0.0011469455991397824 0.0016991108046029693 0.00087224137357069841 6.0061683801350077e-05 -0.0017536520915963929 0.0025181335070006109 -0.0017278741356039971 -0.00057643508208952466 0.0015619426613806614
leaf_weight=700 5818 129 179 186 294 171 100 164 118 127 170 160 101 105
leaf_count=700 5818 129 179 186 294 171 100 164 118 127 170 160 101 105
internal_value=1.81722e-05 0.000196628 0.000447124 0.000579908 0.000392937 0.00023905 -0.000309093 -0.000336836 0.000731529 0.0001983 0.00151101 -0.000683061 -0.000239638 0.000513515
internal_weight=8522 2704 1840 1661 1475 1346 637 864 709 421 288 537 377 206
internal_count=8522 2704 1840 1661 1475 1346 637 864 709 421 288 537 377 206
is_linear=0
shrinkage=0.03


Tree=327
num_leaves=15
num_cat=3
split_feature=37 38 7 1 1 27 24 27 34 37 13 24 35 1
split_gain=0.263379 0.259831 0.21617 0.872799 0.743436 0.367256 0.455879 0.389888 0.317429 0.421868 0.392841 0.259463 0.215741 0.209192
threshold=0 2.075095653533936 1.0000000180025095e-35 98.500000000000014 102.50000000000001 14.999583333333335 44.908166666670887 13.499554398148151 1.0000000180025095e-35 1 1.0000000180025095e-35 26.866833333333421 2 35.500000000000007
decision_type=9 2 2 2 2 2 10 2 2 9 2 8 1 2
left_child=2 13 4 8 5 6 7 -1 10 -10 -4 -9 -8 -2
right_child=1 -3 3 -5 -6 -7 12 11 9 -11 -12 -13 -14 -15
leaf_value=0.0026557119370764644 -0.00022860434944063979 -0.0014972791241698673 -0.00017526598300021359 0.0028738751797419454 -0.0015167852884655476 -0.0011030513289031283 -0.0012084184412285684 -0.00022211246277717216 -0.0018020510896983577 0.00030987314994451883 0.0017755920606808526 0.0015729627287883715 0.00057941796639568585 0.00011254514706585109
leaf_weight=133 3369 116 172 135 223 116 115 142 113 272 202 148 111 3112
leaf_count=133 3369 116 172 135 223 116 115 142 113 272 202 148 111 3112
internal_value=-4.78193e-07 -8.98459e-05 0.000311605 0.000651263 7.41741e-06 0.000451727 0.000729623 0.0013108 0.000255936 -0.000348748 0.000878406 0.000693995 -0.000358154 -6.47936e-05
internal_weight=8479 6597 1882 894 988 765 649 423 759 385 374 290 226 6481
internal_count=8479 6597 1882 894 988 765 649 423 759 385 374 290 226 6481
cat_boundaries=0 1 2 3
cat_threshold=807425080 538988544 18
is_linear=0
shrinkage=0.03


Tree=328
num_leaves=15
num_cat=2
split_feature=31 38 37 38 38 38 1 22 25 30 37 38 24 24
split_gain=0.193753 0.156121 0.174086 0.295396 0.554327 0.340528 0.338599 0.324089 0.435087 0.297569 0.369963 0.264251 0.263429 0.228573
threshold=0.1106014271151886 0.89275550842285167 0 1.4225578308105471 1.3981046676635744 1.9741714596748354 94.500000000000014 6861.0000000000009 0.26235294117647062 62.500000000000007 1 1.3405699729919436 67.837000000001296 155.83100000000329
decision_type=8 2 9 2 2 2 2 2 10 2 9 2 10 10
left_child=-1 -2 3 4 7 6 9 8 -3 10 12 -10 -5 -11
right_child=1 2 -4 5 -6 -7 -8 -9 11 13 -12 -13 -14 -15
leaf_value=0.0011298289174526816 -0.0010767391757071606 0.0014636636577075818 8.7180428558724982e-05 -0.0022587740774262606 0.0022408285889472571 0.00081338774675173277 0.00035045576431317092 -0.0012883456937877995 0.0001001392141414856 -0.0018681734169440135 0.00033896332784196941 -0.0011185488107196074 -0.00030302230734378103 -0.00058112583187560024
leaf_weight=131 127 182 5257 122 101 158 243 170 875 336 291 196 126 197
leaf_count=131 127 182 5257 122 101 158 243 170 875 336 291 196 126 197
internal_value=-1.50043e-05 -3.28987e-05 -1.68377e-05 -0.000198922 9.3227e-05 -0.000502536 -0.000660647 -5.92029e-05 0.00010756 -0.000889843 -0.000392808 -0.000122889 -0.00121609 -0.00139247
internal_weight=8512 8381 8254 2997 1524 1473 1315 1423 1253 1072 539 1071 248 533
internal_count=8512 8381 8254 2997 1524 1473 1315 1423 1253 1072 539 1071 248 533
cat_boundaries=0 1 2
cat_threshold=2288546019 134221859
is_linear=0
shrinkage=0.03


Tree=329
num_leaves=15
num_cat=2
split_feature=37 38 30 28 38 26 38 4 31 30 25 31 30 37
split_gain=0.196221 0.309852 0.37245 0.368406 0.25836 0.186511 0.296292 0.222907 0.160823 0.388418 0.316376 0.248322 0.626008 0.255132
threshold=0 2.1168247461318974 225.05000000000004 5.7328240740740748 2.1610399484634404 0.082553191489361716 0.97216409444808971 1.0000000180025095e-35 1.0823369463999704 117.50000000000001 0.15000000000000005 1.5004810776138553 142.42500000000004 1
decision_type=9 2 2 2 2 8 2 2 10 2 10 10 2 9
left_child=1 2 8 -4 5 6 -2 -8 9 10 -1 12 13 -10
right_child=4 -3 3 -5 -6 -7 7 -9 11 -11 -12 -13 -14 -15
leaf_value=0.0013391773855673278 -0.0015059300218847127 0.0014238531046345813 -0.0027432144913840497 -0.00032007473431527612 -0.0013005963149682984 0.0010699095253561784 0.00010023580337663093 0.0012627445611424798 0.00049211413484861902 -0.0019459401500810467 -0.00048728435757513871 -0.0002075216230632193 0.0021997028822235559 -0.0011252939544917483
leaf_weight=101 101 103 103 125 115 186 4989 153 226 140 551 1420 149 130
leaf_count=101 101 103 103 125 115 186 4989 153 226 140 551 1420 149 130
internal_value=8.29679e-08 -0.000192904 -0.000250104 -0.00141474 0.00010634 0.000136338 0.000103219 0.000134826 -0.000152372 -0.000512208 -0.000204351 -4.32581e-06 0.000567037 -0.000116298
internal_weight=8592 3048 2945 228 5544 5429 5243 5142 2717 792 652 1925 505 356
internal_count=8592 3048 2945 228 5544 5429 5243 5142 2717 792 652 1925 505 356
cat_boundaries=0 1 2
cat_threshold=3949264904 675282944
is_linear=0
shrinkage=0.03


Tree=330
num_leaves=15
num_cat=0
split_feature=38 31 38 38 24 0 38 7 38 22 27 27 38 29
split_gain=0.145144 0.478707 0.406622 0.3397 0.591167 0.313989 1.12556 0.368375 0.33446 0.292379 0.280084 0.366533 0.366853 0.263139
threshold=1.5384399294853213 0.35714348202647267 1.5221717953681948 1.5663371086120608 179.81983333332701 4.5000000000000009 1.6971997022628786 1.5000000000000002 1.8768447041511538 9210.8000000000011 30.570040509259261 29.624641203703707 1.6207413077354433 3.5000000000000004
decision_type=2 8 2 2 8 2 2 2 2 2 2 2 2 2
left_child=1 -1 9 4 -2 6 -5 10 -8 -3 11 12 -7 -14
right_child=3 2 -4 5 -6 7 8 -9 -10 -11 -12 -13 13 -15
leaf_value=0.0015186317834366106 0.0023008962425481371 -3.8526999995465682e-05 -0.0016172620904041978 -0.0025850897168805983 -0.00051626095390279903 0.00098558951100151111 0.0013704041256145996 0.0014180534456272212 -0.00060090744136338282 -0.0013197241302272569 -0.0014225488302047149 0.0016542486244059624 6.9625865352210148e-05 -0.00089587412327966074
leaf_weight=161 167 4001 163 171 112 358 165 206 146 167 104 141 2213 287
leaf_count=161 167 4001 163 171 112 358 165 206 146 167 104 141 2213 287
internal_value=2.9939e-05 -8.76346e-05 -0.000147346 0.000159703 0.00116999 8.53506e-05 -0.000630013 0.000189553 0.000444965 -8.9861e-05 0.000107996 0.000161072 8.74063e-05 -4.12135e-05
internal_weight=8562 4492 4331 4070 279 3791 482 3309 311 4168 3103 2999 2858 2500
internal_count=8562 4492 4331 4070 279 3791 482 3309 311 4168 3103 2999 2858 2500
is_linear=0
shrinkage=0.03


Tree=331
num_leaves=15
num_cat=1
split_feature=27 35 25 31 23 21 38 1 38 16 1 28 23 22
split_gain=0.155726 0.243274 0.477664 0.55996 0.479239 0.56127 0.394925 0.343406 0.309627 0.224892 0.212283 0.477342 0.483822 0.42846
threshold=13.999484953703705 0 0.17000000000000001 1.0823369463999704 45.500000000000007 69.241666666666674 1.2840064167976382 136.50000000000003 1.4702312946319582 1.0000000180025095e-35 1.0000000180025095e-35 9.9436805555555576 117.50000000000001 1226.2728750000001
decision_type=2 1 10 8 2 2 2 2 2 2 2 2 2 2
left_child=1 2 -1 9 6 -6 -5 -3 -8 -4 11 12 13 -2
right_child=10 7 3 4 5 -7 8 -9 -10 -11 -12 -13 -14 -15
leaf_value=0.0018878499899319435 0.0016689079890809006 -0.00053661159452087479 -0.0019707140466352514 0.0013412859043339265 0.0021016123191497367 -0.00044293964668759144 -0.0019309866458262477 0.0010495326799295369 -2.9043264586377787e-05 -0.00029527291860849007 4.5892719691176378e-05 -0.0012320055667925807 0.0028557240398710266 -0.00027841334531247364
leaf_weight=129 177 1476 151 100 223 120 132 134 185 138 5119 103 102 239
leaf_count=129 177 1476 151 100 223 120 132 134 185 138 5119 103 102 239
internal_value=2.00922e-05 -0.000163853 0.000163787 -4.66667e-05 0.000380753 0.00121139 -0.000302481 -0.0004021 -0.00082102 -0.00117068 0.000109437 0.000633242 0.00100413 0.000550134
internal_weight=8528 2788 1178 1049 760 343 417 1610 317 289 5740 621 518 416
internal_count=8528 2788 1178 1049 760 343 417 1610 317 289 5740 621 518 416
cat_boundaries=0 1
cat_threshold=24
is_linear=0
shrinkage=0.03


Tree=332
num_leaves=15
num_cat=2
split_feature=17 37 24 24 0 28 38 35 22 16 1 1 32 28
split_gain=0.165165 0.176833 0.306299 0.194458 0.184369 0.183913 0.215795 0.206523 0.204611 0.162834 0.14606 0.149106 0.137554 0.353853
threshold=3.5000000000000004 0 368.89766666666844 249.01249999999391 5.5000000000000009 0.96294560185185196 1.3853216767311098 1 316.55000000000007 1.0000000180025095e-35 38.500000000000007 13.500000000000002 30.500000000000004 7.3244675925925931
decision_type=2 9 10 10 2 2 2 1 2 2 2 2 2 2
left_child=1 2 3 4 10 7 8 -6 -7 -9 11 -1 -3 -14
right_child=-2 12 -4 -5 5 6 -8 9 -10 -11 -12 -13 13 -15
leaf_value=0.00075630161741615403 0.0011291344867759318 0.0001373928614621953 0.0013269228519472692 -0.0014533864007196353 -0.001010529662345586 0.00055281761639679856 -0.0017268934829799769 -0.00034740896876901385 -0.00088739663828463168 0.00096880440058645103 0.0013411540841683745 -0.00083133933866823403 0.00056202251330624692 -0.0018782133067558918
leaf_weight=105 129 6677 105 131 121 130 161 150 280 194 100 108 109 105
leaf_count=105 129 6677 105 131 121 130 161 150 280 194 100 108 109 105
internal_value=6.3751e-05 4.75364e-05 -0.000237305 -0.000349884 -0.000242724 -0.000435499 -0.000796208 7.4351e-06 -0.000430743 0.00038372 0.000395343 -4.86994e-05 0.000113233 -0.000635289
internal_weight=8605 8476 1585 1480 1349 1036 571 465 410 344 313 213 6891 214
internal_count=8605 8476 1585 1480 1349 1036 571 465 410 344 313 213 6891 214
cat_boundaries=0 1 2
cat_threshold=1078039316 1
is_linear=0
shrinkage=0.03


Tree=333
num_leaves=15
num_cat=0
split_feature=38 38 32 31 23 21 21 38 1 21 28 28 23 28
split_gain=0.256152 0.127499 0.278922 0.546547 0.384931 0.362128 0.537448 0.265662 0.294093 0.226861 0.526546 0.20647 0.385407 0.516933
threshold=0.86533108353614818 1.2316188216209414 16.500000000000004 1.7614762638217427 60.500000000000007 63.833333333333336 89.666666666666671 1.0652156472206118 36.500000000000007 81.208333333333343 5.4417650462962976 6.7577430555555562 159.50000000000003 7.7874305555555567
decision_type=2 2 2 10 2 2 2 2 2 2 2 2 2 2
left_child=-1 2 7 -4 -5 -6 -7 8 -2 -9 -11 -3 13 -13
right_child=1 11 3 4 5 6 -8 9 -10 10 -12 12 -14 -15
leaf_value=-0.0015260125367436558 -0.001185694094335592 -0.00013887543570925925 -0.0015590044637792742 0.0017212604452449744 -0.0014330120509526191 0.0020625881421252744 -0.00084054205648135389 0.0016094259779007795 0.00080862510140688191 0.0017963748031671945 -0.001252488347038161 0.0016741793134074732 0.0012039209170807107 -0.00021049554993052142
leaf_weight=100 123 5423 188 133 130 110 120 288 145 104 100 149 308 1083
leaf_count=100 123 5423 188 133 130 110 120 288 145 104 100 149 308 1083
internal_value=-1.66236e-05 1.33676e-06 0.000258197 -0.000182727 0.000342101 -0.000167422 0.000547912 0.000653288 -0.000106678 0.00106725 0.000301834 -5.18207e-05 0.000254736 1.744e-05
internal_weight=8504 8404 1441 681 493 360 230 760 268 492 204 6963 1540 1232
internal_count=8504 8404 1441 681 493 360 230 760 268 492 204 6963 1540 1232
is_linear=0
shrinkage=0.03


Tree=334
num_leaves=15
num_cat=2
split_feature=27 37 30 37 30 21 1 31 21 31 25 0 25 21
split_gain=0.21979 0.23329 0.234965 0.480103 0.274478 0.361432 0.18727 0.259232 0.346119 0.370304 0.308094 0.364632 0.286811 0.239658
threshold=31.328431712962963 0 18.250000000000004 1 30.165000000000003 18.833333333333339 3.5000000000000004 2.6950646800153701 61.583333333333336 1.0823369463999704 0.24195121951219514 7.5000000000000009 0.21937500000000001 85.333333333333357
decision_type=2 9 2 9 2 2 2 10 2 10 8 2 10 2
left_child=1 6 3 -3 5 -4 -1 8 10 13 -8 -12 -11 -10
right_child=-2 2 4 -5 -6 -7 7 -9 9 12 11 -13 -14 -15
leaf_value=0.00038255952939912044 -0.0013659637062145131 -4.212727768232448e-05 0.00025528174226486085 0.0020594937981352106 9.1733865414187575e-05 -0.0018687233938804722 0.00098685860066492661 -0.0013417478253047966 -0.0026796001743641679 -0.0011877592463637344 -0.0013634203273936039 0.00047149719337242205 0.00083133581575289698 -0.00070170526337974201
leaf_weight=295 105 255 138 152 6089 151 261 242 120 117 175 220 138 102
leaf_count=295 105 255 138 152 6089 151 261 242 120 117 175 220 138 102
internal_value=-1.85154e-06 1.50889e-05 9.33176e-05 0.00079232 4.88584e-05 -0.000854493 -0.000301498 -0.000450452 -0.000260078 -0.000874988 0.000187044 -0.000341441 -9.50725e-05 -0.00177084
internal_weight=8560 8455 6785 407 6378 289 1670 1375 1133 477 656 395 255 222
internal_count=8560 8455 6785 407 6378 289 1670 1375 1133 477 656 395 255 222
cat_boundaries=0 1 2
cat_threshold=93402022 39845912
is_linear=0
shrinkage=0.03


Tree=335
num_leaves=15
num_cat=2
split_feature=37 1 1 32 24 1 27 1 17 32 35 27 25 27
split_gain=0.167283 0.493408 0.40155 0.465091 0.138604 0.171624 0.167287 0.179998 0.130267 0.134709 0.422144 0.690214 0.388234 0.424695
threshold=0 97.500000000000014 54.500000000000007 5.5000000000000009 13.420333333333257 227.50000000000003 13.884450231481482 66.500000000000014 3.5000000000000004 2.5000000000000004 1 13.999461805555557 0.33666666666666673 13.958015046296298
decision_type=9 2 2 2 8 2 2 2 2 2 1 2 8 2
left_child=1 2 3 -1 6 8 -2 -8 9 10 11 -6 13 -12
right_child=4 -3 -4 -5 5 -7 7 -9 -10 -11 12 -13 -14 -15
leaf_value=0.0019807032843793394 0.00039960674507203976 0.0024054478688273003 -0.0014073969075227444 -0.00030740750853510687 0.0028394703494141926 0.0010271701905501113 -0.0013962668853678873 6.4127181916881127e-05 0.0010683835292397772 -6.009922447034585e-05 -0.002093496676592622 -9.570567874817658e-05 0.00058207914461049111 -2.8828649403621558e-05
leaf_weight=137 131 104 116 192 138 152 210 119 103 6245 135 151 420 267
leaf_count=137 131 104 116 192 138 152 210 119 103 6245 135 151 420 267
internal_value=3.34581e-05 0.000535318 0.000110283 0.000645392 -1.3406e-06 2.92213e-05 -0.000507036 -0.000868039 8.88499e-06 -5.95029e-06 0.000298424 0.00126219 -5.51034e-05 -0.000722187
internal_weight=8620 549 445 329 8071 7611 460 329 7459 7356 1111 289 822 402
internal_count=8620 549 445 329 8071 7611 460 329 7459 7356 1111 289 822 402
cat_boundaries=0 1 2
cat_threshold=3674192 12
is_linear=0
shrinkage=0.03


Tree=336
num_leaves=15
num_cat=4
split_feature=37 30 38 36 37 1 21 28 31 38 35 38 27 1
split_gain=0.251481 0.15399 0.200605 0.151888 0.673134 0.344722 0.384093 0.363547 0.411515 0.241569 0.28035 0.227261 0.5326 0.403747
threshold=0 33.250000000000007 1.5121602416038515 1 2 21.500000000000004 84.950000000000003 6.5698668981481489 4.4993985565356862 1.8350701928138735 3 1.824304521083832 13.99935763888889 114.50000000000001
decision_type=9 2 2 9 9 2 2 2 8 2 1 2 2 2
left_child=1 2 -1 4 5 -2 7 8 -7 10 -6 -5 -13 -14
right_child=3 -3 -4 11 9 6 -8 -9 -10 -11 -12 12 13 -15
leaf_value=-0.00083926573586432754 0.0018294004008972218 -0.0016109718133957356 0.00067276430199854072 0.0001506531344483021 -0.00043222428241278976 -0.00046661997560833559 0.0015201801820658146 -0.0017468092115162763 0.0016909277114033137 -0.00017170012436019114 -0.0025254236844325945 -0.0021350207322438316 -0.00033090241978974859 0.0016506306481956739
leaf_weight=257 105 120 114 5986 110 319 120 129 106 117 166 130 685 107
leaf_count=257 105 120 114 5986 110 319 120 129 106 117 166 130 685 107
internal_value=-1.10816e-05 -0.000663299 -0.000374653 2.93366e-05 -0.000285003 0.000227575 -1.85908e-05 -0.000351899 7.14978e-05 -0.00128147 -0.00179834 8.30018e-05 -0.000355318 -6.31953e-05
internal_weight=8571 491 371 8080 1172 779 674 554 425 393 276 6908 922 792
internal_count=8571 491 371 8080 1172 779 674 554 425 393 276 6908 922 792
cat_boundaries=0 1 2 3 4
cat_threshold=1844098 1 807403528 20
is_linear=0
shrinkage=0.03


Tree=337
num_leaves=15
num_cat=1
split_feature=27 27 30 30 30 30 30 28 21 37 28 28 38 21
split_gain=0.213606 0.585317 0.320994 0.515285 0.386594 0.36985 0.294256 0.248921 0.213691 0.175702 0.298748 0.304667 0.324635 0.27976
threshold=29.99902777777778 29.624641203703707 200.60000000000002 170.12500000000003 230.07500000000002 259.62500000000006 333.55000000000007 7.1956597222222234 190.00000000000003 0 1.8669155092592595 4.1058854166666672 1.7119990587234499 6.166666666666667
decision_type=2 2 2 2 2 2 2 2 2 9 2 2 2 2
left_child=1 6 3 -2 -4 -6 8 -8 9 10 13 -12 -13 -1
right_child=2 -3 4 -5 5 -7 7 -9 -10 -11 11 12 -14 -15
leaf_value=0.0018366379069149003 -0.00016494065017781732 0.0020429843402061079 0.0014782963343814115 -0.0028644234760325741 -0.0015437190385639481 0.00044594594126630741 -1.518207197419342e-05 -0.0020290244694790866 0.0010681619996763929 -9.6438891529665278e-05 -0.00089015106989829955 -7.3909146653180349e-05 0.0013717748151684645 0.00034951911800084018
leaf_weight=121 151 134 120 110 161 176 109 112 190 3706 351 1107 160 1927
leaf_count=121 151 134 120 110 161 176 109 112 190 3706 351 1107 160 1927
internal_value=3.21678e-05 7.71022e-05 -0.0004633 -0.00130265 1.60684e-05 -0.000504606 4.32556e-05 -0.00103577 7.47903e-05 4.91879e-05 0.000196132 -0.00010802 0.000108656 0.000437381
internal_weight=8635 7917 718 261 457 337 7783 221 7562 7372 3666 1618 1267 2048
internal_count=8635 7917 718 261 457 337 7783 221 7562 7372 3666 1618 1267 2048
cat_boundaries=0 1
cat_threshold=2655846560
is_linear=0
shrinkage=0.03


Tree=338
num_leaves=15
num_cat=0
split_feature=30 31 1 28 31 31 30 30 21 30 28 30 32 30
split_gain=0.239354 0.277495 0.253445 0.246823 0.206679 0.160237 0.166258 0.367341 0.328066 0.259703 0.365691 0.279791 0.4411 0.303182
threshold=275.27500000000003 3.50347924244396 45.500000000000007 14.749137731481484 11.800000000000002 7.7898305084745774 260.75000000000006 253.72500000000002 91.450000000000003 240.05000000000004 3.6321701388888892 225.05000000000004 15.500000000000002 231.55000000000004
decision_type=2 10 2 2 10 10 2 2 2 2 2 2 2 2
left_child=4 3 -3 -2 5 6 7 9 -8 11 -11 -1 -13 -14
right_child=1 2 -4 -5 -6 -7 8 -9 -10 10 -12 12 13 -15
leaf_value=2.1171002713840435e-05 -0.0016164529067377294 0.00071846739065064029 -0.00095233187642103682 4.0016321521573537e-05 -0.0012667809054667575 0.0011226156196691159 -0.00031719890955576033 -0.00157335601374116 0.0018874127665257528 -0.00023906090724483224 0.0020718910419490447 -0.0021928693153378037 -0.0011044168987029721 0.0011983696439769119
leaf_weight=6617 268 207 135 116 113 118 122 134 121 118 129 135 106 100
leaf_count=6617 268 207 135 116 113 118 122 134 121 118 129 135 106 100
internal_value=-4.14982e-05 -0.000562548 5.89414e-05 -0.00111606 6.91873e-06 2.56107e-05 8.53781e-06 -1.70248e-05 0.000780571 1.19202e-05 0.000967874 -2.2015e-05 -0.000860025 1.34406e-05
internal_weight=8539 726 342 384 7813 7700 7582 7339 243 7205 247 6958 341 206
internal_count=8539 726 342 384 7813 7700 7582 7339 243 7205 247 6958 341 206
is_linear=0
shrinkage=0.03


Tree=339
num_leaves=15
num_cat=2
split_feature=37 32 38 17 27 35 38 0 1 1 1 24 13 38
split_gain=0.15875 0.168286 0.289539 0.267127 0.320821 0.258025 0.244116 0.16771 0.13077 0.283835 0.225548 0.130174 0.169065 0.126244
threshold=0 2.5000000000000004 1.5483998060226443 1.0000000180025095e-35 13.999450231481484 1 1.4225578308105471 5.5000000000000009 16.500000000000004 30.500000000000004 44.500000000000007 58.034000000003658 1.0000000180025095e-35 2.2669467926025395
decision_type=9 2 2 2 2 1 2 2 2 2 2 10 2 2
left_child=1 6 5 4 -4 7 -1 -3 -7 -10 -11 -9 -13 -2
right_child=13 2 3 -5 -6 8 -8 11 9 10 -12 12 -14 -15
leaf_value=7.2690798641325761e-06 7.3708558601056618e-06 0.00096405959434129967 0.002485852161218645 -0.00051715913714895788 0.00011155453430754798 -0.0016459588730248396 -0.0019709625835988486 -0.00087198678638801097 0.00074741800742720861 -0.0021452135911425325 -0.00044475531767497901 -0.00067268257572101673 0.00064861353900819521 0.0010707560114507726
leaf_weight=104 6734 132 100 119 105 148 122 186 104 111 191 148 212 102
leaf_count=104 6734 132 100 119 105 148 122 186 104 111 191 148 212 102
internal_value=-4.2703e-05 -0.000294011 -0.000184554 0.000613446 0.00126975 -0.000394417 -0.00106063 4.38281e-06 -0.00086691 -0.000604275 -0.00106976 -0.000227547 0.000105414 2.32037e-05
internal_weight=8618 1782 1556 324 205 1232 226 678 554 406 302 546 360 6836
internal_count=8618 1782 1556 324 205 1232 226 678 554 406 302 546 360 6836
cat_boundaries=0 1 2
cat_threshold=6115358 3
is_linear=0
shrinkage=0.03


Tree=340
num_leaves=15
num_cat=2
split_feature=37 38 1 31 31 1 31 5 31 1 32 24 24 37
split_gain=0.236725 0.310629 0.242768 0.271897 0.183604 0.361428 0.356545 0.384314 0.330424 0.429854 0.359972 0.320766 0.29372 0.301865
threshold=0 2.1610399484634404 36.500000000000007 1.8673618665366296 2.4757543249946594 27.500000000000004 2.3685450375054251 0.10265000000000002 2.7802125390873047 32.500000000000007 23.500000000000004 583.68516666666449 403.83366666667052 1
decision_type=9 2 2 8 8 2 10 2 10 2 2 8 8 9
left_child=2 4 -1 -4 6 11 7 -2 -7 -10 -11 -6 13 -9
right_child=1 -3 3 -5 5 8 -8 12 9 10 -12 -13 -14 -15
leaf_value=0.0017625835806628694 0.00023414787895672452 -0.0015579887863029452 0.0011929349797881311 -0.0009561944713529487 -0.0008424056408052581 -0.00059959241419560265 0.0013571038900954591 1.4061313365924765e-05 0.002087944632413772 0.00049675167592724368 -0.00067669331801816217 0.00092376498545031736 0.0010182510440603697 -0.0007800734720155093
leaf_weight=136 3325 119 108 104 912 499 192 815 112 769 339 103 140 915
leaf_count=136 3325 119 108 104 912 499 192 815 112 769 339 103 140 915
internal_value=-3.54833e-06 -3.63124e-05 0.000751687 0.000138645 -1.40594e-05 -0.00021429 8.75614e-05 4.06409e-05 5.07599e-05 0.000316765 0.000137728 -0.000663178 -0.000303429 -0.000410386
internal_weight=8588 8240 348 212 8121 2734 5387 5195 1719 1220 1108 1015 1870 1730
internal_count=8588 8240 348 212 8121 2734 5387 5195 1719 1220 1108 1015 1870 1730
cat_boundaries=0 1 2
cat_threshold=2106432 2227175428
is_linear=0
shrinkage=0.03


Tree=341
num_leaves=15
num_cat=2
split_feature=37 30 17 32 25 35 1 28 30 22 28 38 30 38
split_gain=0.234051 0.285991 0.627033 0.534248 0.498533 0.375235 0.403702 0.780256 0.430996 0.526245 0.393162 0.376364 0.528449 0.512905
threshold=0 132.37500000000003 1.5000000000000002 6.5000000000000009 0.15000000000000005 1 27.500000000000004 2.6342824074074076 272.22500000000008 1391.0015000000005 0.67822337962962975 1.6650997400283816 222.10000000000002 1.8033468723297121
decision_type=9 2 2 2 10 1 2 2 2 2 2 2 2 2
left_child=1 2 4 -3 -1 10 7 11 -8 -10 -5 12 -7 -13
right_child=-2 3 -4 5 -6 6 8 -9 9 -11 -12 13 -14 -15
leaf_value=0.0023607680825315576 -0.00013283672489044845 -0.0012155097211207185 -0.0011506740221152631 -0.0020279770516460453 0.0004966734528422266 0.0021717445160678696 0.0009026213043616993 -0.0010519131809145757 0.0013686216517518729 -0.0010770252811394593 -0.00014105693749213259 -0.0018505091242355491 -0.0002495216257096429 0.00088972050905911288
leaf_weight=139 2994 286 196 127 1817 208 1132 477 117 245 457 109 133 141
leaf_count=139 2994 286 196 127 1817 208 1132 477 117 245 457 109 133 141
internal_value=8.1012e-05 0.00019556 0.00046704 2.59009e-05 0.000629142 0.000138756 0.000294924 -0.000149327 0.000614474 -0.000286581 -0.000542115 0.000579157 0.00122738 -0.00030502
internal_weight=8578 5584 2152 3432 1956 3146 2562 1068 1494 362 584 591 341 250
internal_count=8578 5584 2152 3432 1956 3146 2562 1068 1494 362 584 591 341 250
cat_boundaries=0 1 2
cat_threshold=3559972212 17
is_linear=0
shrinkage=0.03


Tree=342
num_leaves=15
num_cat=1
split_feature=17 37 13 21 1 24 21 21 0 26 0 1 28 24
split_gain=0.162121 0.203127 0.227772 0.299358 0.248862 0.535253 0.474127 0.359976 0.551849 0.538028 0.218223 0.302903 0.384079 0.391165
threshold=3.5000000000000004 0 0.50000000000000011 32.250000000000007 24.500000000000004 180.65499999999597 14.833333333333334 41.166666666666679 8.5000000000000018 0.039230769230769243 9.5000000000000018 12.500000000000002 6.3706655092592603 533.18250000001296
decision_type=2 9 2 2 2 10 2 2 2 10 2 2 2 10
left_child=1 2 4 -4 -1 6 -6 -8 9 -9 11 -3 13 -13
right_child=-2 10 3 -5 5 -7 7 8 -10 -11 -12 12 -14 -15
leaf_value=-0.00036631737638256716 0.0010924029043651118 0.00025050091459826406 0.00014254641901216211 0.0021721215412539778 0.0018463343636332345 0.0024806030474603174 -0.00067028683795263618 -2.4221809259795275e-05 -0.00032983907425237358 0.0025400507593188772 0.00022712651496260006 -0.00045324903014378663 0.00011646259215587093 -0.0022401200694730505
leaf_weight=598 126 1108 141 122 140 100 443 133 379 165 1562 2228 1210 116
leaf_count=598 126 1108 141 122 140 100 443 133 379 165 1562 2228 1210 116
internal_value=2.42357e-05 8.29859e-06 0.000253935 0.00108402 0.000143733 0.000368006 0.000200339 -5.41e-06 0.000429657 0.00139559 -7.96353e-05 -0.000182586 -0.000317606 -0.000541678
internal_weight=8571 8445 2221 263 1958 1360 1260 1120 677 298 6224 4662 3554 2344
internal_count=8571 8445 2221 263 1958 1360 1260 1120 677 298 6224 4662 3554 2344
cat_boundaries=0 1
cat_threshold=2032710752
is_linear=0
shrinkage=0.03


Tree=343
num_leaves=15
num_cat=2
split_feature=31 22 11 31 37 0 37 32 5 5 6 22 1 1
split_gain=0.177151 0.167664 0.508695 0.277454 0.3266 0.311597 0.30369 0.319372 0.28903 0.28217 0.612219 0.449782 0.508719 0.267047
threshold=0.1106014271151886 1219.8040000000001 1.0000000180025095e-35 1.1585652028159574 0 14.500000000000002 1 14.500000000000002 0.21825000000000003 1.0000000180025095e-35 1.5000000000000002 274.80000000000001 28.500000000000004 1.0000000180025095e-35
decision_type=8 2 2 10 9 2 9 2 2 2 2 2 2 2
left_child=-1 3 -3 5 13 6 -2 8 -8 11 -11 -6 -13 -5
right_child=1 2 -4 4 9 -7 7 -9 -10 10 -12 12 -14 -15
leaf_value=0.0011680960972141473 0.00075248314040423975 -0.00016494572671327438 0.0017346633693118018 0.00099774613624556397 0.00048667326169435631 -0.0017479229438420688 -0.0010740940680650617 0.00099652611233728571 0.00036024885909600096 -0.0010341222394937674 0.0015635645048732451 0.00066927394154481592 0.0033355934411729519 -2.6510409706606646e-05
leaf_weight=125 280 4028 131 261 389 111 449 124 176 194 141 120 139 1874
leaf_count=125 280 4028 131 261 389 111 449 124 176 194 141 120 139 1874
internal_value=4.70156e-05 3.03666e-05 -0.000105112 0.000162695 0.000309125 -0.000237802 -7.49029e-05 -0.000389058 -0.000670183 0.000758428 5.92325e-05 0.0011316 0.00210023 9.8243e-05
internal_weight=8542 8417 4159 4258 3118 1140 1029 749 625 983 335 648 259 2135
internal_count=8542 8417 4159 4258 3118 1140 1029 749 625 983 335 648 259 2135
cat_boundaries=0 1 2
cat_threshold=1204042278 171483168
is_linear=0
shrinkage=0.03


Tree=344
num_leaves=15
num_cat=0
split_feature=23 33 28 22 38 31 22 28 30 26 25 21 23 1
split_gain=0.289476 0.403887 0.572359 0.4452 1.08987 0.355632 0.330659 0.306756 0.279228 0.48033 0.284722 0.320095 0.242748 0.506217
threshold=137.00000000000003 1.0000000180025095e-35 1.735422453703704 1498.6875000000002 1.5703465938568117 3.2948938677315356 1349.3500000000001 9.156869212962965 247.55000000000004 0.05634920634920635 0.45972972972972981 85.333333333333357 126.50000000000001 32.500000000000007
decision_type=2 2 2 2 2 10 2 2 2 10 10 2 2 2
left_child=12 3 -3 4 6 -6 7 -2 9 10 -5 -12 -1 -14
right_child=1 2 -4 8 5 -7 -8 -9 -10 -11 11 -13 13 -15
leaf_value=-2.6942309234736773e-05 -0.00084406279803043592 -0.00055373701936332507 0.0023353632948257853 0.00095428550315813877 0.0024779709550784902 0.00026584275938059033 0.00042744299000401468 -0.0028508329897829632 -0.002017241202919236 -0.0020740754393441876 -0.0017273902707836694 0.00051198987921816292 -0.00049169899582921059 0.0017647979943439585
leaf_weight=6506 205 144 108 135 141 122 106 103 220 169 135 100 160 203
leaf_count=6506 205 144 108 135 141 122 106 103 220 169 135 100 160 203
internal_value=-7.13145e-05 -0.000423302 0.000684449 -0.000617698 -5.83944e-05 0.00145181 -0.00101778 -0.00151516 -0.00111658 -0.000748959 -0.000143703 -0.000774463 1.51835e-05 0.000770199
internal_weight=8557 1688 252 1436 677 263 414 308 759 539 370 235 6869 363
internal_count=8557 1688 252 1436 677 263 414 308 759 539 370 235 6869 363
is_linear=0
shrinkage=0.03


Tree=345
num_leaves=15
num_cat=4
split_feature=37 36 23 38 28 28 29 22 36 25 0 23 22 37
split_gain=0.17302 0.26466 0.591182 0.625324 0.338827 0.381674 0.323353 0.315477 0.330398 0.40203 0.313891 0.307283 0.332053 0.246731
threshold=0 1 71.500000000000014 1.7337163090705874 2.1058738425925934 8.7424479166666682 1.5000000000000002 218.10000000000002 2 0.40833333333333338 7.5000000000000009 76.500000000000014 3819.7015000000001 3
decision_type=9 9 2 2 2 2 2 2 9 10 2 2 2 9
left_child=1 4 3 -3 7 6 -6 13 11 -10 -7 -9 -13 -1
right_child=-2 2 -4 -5 5 10 -8 8 9 -11 -12 12 -14 -15
leaf_value=0.0017098188863658322 -5.2618614906684256e-05 -0.0011687081819875356 0.0029217075837283013 0.0013824624281675954 0.00058213095985818657 0.0010501719898352998 0.0023667954741661864 0.0016026927099809191 -0.00050797712129618344 -0.0024622755188029258 -0.00097264730897344024 -0.0015747437983684774 0.00046548296363325785 -0.00020428753402401608
leaf_weight=113 6151 147 102 210 250 112 144 106 450 120 180 112 200 122
leaf_count=113 6151 147 102 210 250 112 144 106 450 120 180 112 200 122
internal_value=3.13572e-05 0.000248661 0.000888126 0.00033198 9.10806e-05 0.00062521 0.00123439 -0.000207776 -0.000442765 -0.000903556 -0.000196771 0.000202361 -0.000266906 0.000780178
internal_weight=8519 2368 459 357 1909 686 394 1223 988 570 292 418 312 235
internal_count=8519 2368 459 357 1909 686 394 1223 988 570 292 418 312 235
cat_boundaries=0 1 2 3 4
cat_threshold=296747811 49 1 16777250
is_linear=0
shrinkage=0.03


Tree=346
num_leaves=15
num_cat=3
split_feature=27 5 37 37 27 27 31 28 35 13 28 24 30 17
split_gain=0.19885 0.210397 0.354023 0.353665 0.350104 0.302665 0.48164 0.338736 0.318515 0.270207 0.246917 0.242888 0.335957 0.317923
threshold=6.9996585648148155 0.11435000000000002 0 1 13.999403935185187 13.999751157407408 2.7185790898072359 23.449693287037039 2 1.0000000180025095e-35 16.781001157407413 257.1431666666503 197.10000000000002 1.0000000180025095e-35
decision_type=2 2 9 9 2 2 8 2 1 2 2 10 2 2
left_child=-1 3 4 -2 -3 6 8 10 9 -4 11 -7 -13 -14
right_child=1 2 5 -5 -6 7 -8 -9 -10 -11 -12 12 13 -15
leaf_value=-0.00098641656404652167 0.0012290718436967659 -0.0016506486304016909 -0.0012822331131524954 5.2145299994916241e-05 -0.00026691369775005866 1.0517345693988535e-05 0.0016317977405540551 0.001361109787159456 0.0008343632433556546 0.00019859557704034224 -0.001798354384389262 -0.0020250171046260414 0.00048719898070126688 -0.0013681546795143655
leaf_weight=192 231 271 204 5008 419 835 217 104 259 243 107 148 193 146
leaf_count=192 231 271 204 5008 419 835 217 104 259 243 107 148 193 146
internal_value=-3.18254e-05 -9.96713e-06 -0.000203893 0.000106484 -0.000798804 -3.33671e-05 0.000395696 -0.000291918 1.57605e-05 -0.000466776 -0.000412222 -0.000300032 -0.000832492 -0.000311862
internal_weight=8577 8385 3146 5239 690 2456 923 1533 706 447 1429 1322 487 339
internal_count=8577 8385 3146 5239 690 2456 923 1533 706 447 1429 1322 487 339
cat_boundaries=0 1 2 3
cat_threshold=146329637 135790720 3
is_linear=0
shrinkage=0.03


Tree=347
num_leaves=15
num_cat=1
split_feature=37 25 1 38 31 0 38 23 31 22 20 27 23 38
split_gain=0.189094 0.502841 0.315961 0.479235 0.542484 0.300364 0.186631 0.149473 0.349127 0.303317 0.344475 0.321445 0.33684 0.399884
threshold=0 0.5594117647058825 61.500000000000007 1.8200269937515261 1.5126086035176944 8.5000000000000018 1.7872376441955569 137.00000000000003 5.3583467094703057 1544.9000000000001 1.0000000180025095e-35 7.9994907407407414 76.500000000000014 1.8439363837242129
decision_type=9 8 2 2 8 2 2 2 10 2 2 2 2 2
left_child=1 2 3 4 5 -1 -4 8 9 -2 11 -11 -13 -14
right_child=7 -3 6 -5 -6 -7 -8 -9 -10 10 -12 12 13 -15
leaf_value=3.6142347273878925e-05 -3.4766954473267925e-05 -0.0019421426710821968 -0.000302703167882085 0.001764218691356578 0.0012056255042906614 -0.0019523186188272991 -0.0015939078665413782 -0.00023124092941870911 -0.00090357876606285566 0.0019863450840348377 0.0019261559093205886 -0.00013178970008980605 0.0010977421203132471 -0.00023639167197964515
leaf_weight=131 3271 162 295 152 158 143 153 1650 300 100 129 1024 616 301
leaf_count=131 3271 162 295 152 158 143 153 1650 300 100 129 1024 616 301
internal_value=-3.64266e-05 -0.000385041 -0.000144343 0.000315416 -0.000194347 -0.00100163 -0.000743673 2.03847e-05 9.2739e-05 0.000147673 0.000422678 0.000327652 0.000242196 0.00065982
internal_weight=8585 1194 1032 584 432 274 448 7391 5741 5441 2170 2041 1941 917
internal_count=8585 1194 1032 584 432 274 448 7391 5741 5441 2170 2041 1941 917
cat_boundaries=0 1
cat_threshold=590938721
is_linear=0
shrinkage=0.03


Tree=348
num_leaves=15
num_cat=2
split_feature=1 22 37 22 38 27 16 25 1 1 22 35 38 24
split_gain=0.297095 0.260707 0.236963 0.422985 0.258266 0.253806 0.702379 0.234492 0.210047 0.670348 0.370159 0.206125 0.282669 0.159507
threshold=141.50000000000003 2683.2500000000005 0 3083.9500000000007 1.287217974662781 13.999890046296299 1.0000000180025095e-35 0.33666666666666673 43.500000000000007 31.500000000000004 72.200000000000017 1 1.7153424620628359 770.65416666668386
decision_type=2 2 9 2 2 2 2 10 2 2 2 1 2 8
left_child=2 7 3 4 -1 8 -7 -2 9 10 -6 12 -12 -4
right_child=1 -3 13 -5 5 6 -8 -9 -10 -11 11 -13 -14 -15
leaf_value=0.00078382321590911188 0.00081920228740801253 -0.0017357664549373241 0.00010009069341605541 0.0015492453333442505 0.00059435982938988937 0.0018642245747862748 -0.0014260039819471004 -0.00074198207120696651 -0.0015338323472825518 0.0016549259446504226 -0.0015753427668985548 -0.0024908083585807972 0.00020817856836466368 0.00087114611457427135
leaf_weight=137 124 149 6355 103 112 122 112 287 263 106 216 103 127 251
leaf_count=137 124 149 6355 103 112 122 112 287 263 106 216 103 127 251
internal_value=7.32017e-06 -0.000660709 5.40413e-05 -0.000299096 -0.000448072 -0.000593438 0.000289414 -0.000270968 -0.000816294 -0.000532088 -0.000947542 -0.00133475 -0.000889052 0.000129192
internal_weight=8567 560 8007 1401 1298 1161 234 411 927 664 558 446 343 6606
internal_count=8567 560 8007 1401 1298 1161 234 411 927 664 558 446 343 6606
cat_boundaries=0 1 2
cat_threshold=1233203811 21
is_linear=0
shrinkage=0.03


Tree=349
num_leaves=15
num_cat=1
split_feature=29 24 24 27 36 12 30 30 22 1 5 38 24 22
split_gain=0.241124 0.202809 0.396904 0.364293 0.34734 0.44242 0.268949 0.252462 0.427181 0.399355 0.372391 0.480111 0.428349 0.410917
threshold=5.5000000000000009 195.64700000000801 215.06666666666862 29.99902777777778 0 1.0000000180025095e-35 217.50000000000003 49.500000000000007 322.00000000000006 41.500000000000007 0.23305000000000003 1.7229353785514834 257.1431666666503 1725.48125
decision_type=2 8 8 2 9 2 2 2 2 2 2 2 10 2
left_child=1 3 -3 -1 -4 7 -5 -6 -9 10 11 12 -10 -12
right_child=-2 2 4 6 5 -7 -8 8 9 -11 13 -13 -14 -15
leaf_value=0.00013413142616472678 0.0011380192960344115 -0.0015857354755216574 -0.0011647956839317037 -0.0022026627842070797 0.0011862706517517241 -0.00140261460151974 -0.00015053829914747231 -0.0015776861820239305 -0.00095080383857221976 -0.00040115109220090819 0.00031997130806180269 -0.0010914438068040555 0.0011238015445906493 0.0028843124115251395
leaf_weight=5537 167 182 251 105 184 186 127 139 114 676 111 186 418 114
leaf_count=5537 167 182 251 105 184 186 127 139 114 676 111 186 418 114
internal_value=9.33385e-06 -1.32941e-05 -0.000235466 8.53333e-05 -0.000132166 -4.86985e-06 -0.0010793 0.000128978 1.83167e-05 0.000155342 0.000554271 0.000220542 0.000679243 0.00161924
internal_weight=8497 8330 2561 5769 2379 2128 232 1942 1758 1619 943 718 532 225
internal_count=8497 8330 2561 5769 2379 2128 232 1942 1758 1619 943 718 532 225
cat_boundaries=0 1
cat_threshold=7
is_linear=0
shrinkage=0.03


Tree=350
num_leaves=15
num_cat=2
split_feature=37 23 22 30 7 22 36 30 24 24 31 31 31 24
split_gain=0.20112 0.284488 0.256514 0.347286 0.242149 0.209436 0.185507 0.176511 0.340297 0.207129 0.213619 0.517715 0.393212 0.333076
threshold=0 96.500000000000014 102.42400000000002 44.500000000000007 1.0000000180025095e-35 14292.450000000003 1 42.250000000000007 26.866833333333421 318.34849999999631 1.3814177727516221 1.0284500202347231 1.821574542623589 126.89033333333472
decision_type=9 2 2 2 2 2 9 2 10 10 10 10 10 10
left_child=1 2 3 -1 -3 6 -2 8 -4 10 11 -9 -12 -14
right_child=5 4 7 -5 -6 -7 -8 9 -10 -11 12 -13 13 -15
leaf_value=-0.0014200306132004376 0.0013436411395417274 -0.0021976669688668587 -0.00030345002666205888 0.00024136296608911337 -0.0002712193187326193 -0.0012430901961017619 0.00010480863582048212 -0.001267675597305325 0.0019191155160003673 0.0011224323909846134 -0.0012357414673199979 0.0012177381802102899 0.00068088739368665427 -0.00093116858659393999
leaf_weight=272 101 115 124 194 120 102 6035 110 124 120 338 240 315 182
leaf_count=272 101 115 124 194 120 102 6035 110 124 120 338 240 315 182
internal_value=1.72384e-05 -0.000225057 -0.00011107 -0.000728377 -0.00121395 0.00010498 0.000127561 7.41619e-05 0.000807833 -6.52636e-05 -0.000185537 0.000436608 -0.000446316 9.0557e-05
internal_weight=8492 2254 2019 466 235 6238 6136 1553 248 1305 1185 350 835 497
internal_count=8492 2254 2019 466 235 6238 6136 1553 248 1305 1185 350 835 497
cat_boundaries=0 1 2
cat_threshold=610071040 2
is_linear=0
shrinkage=0.03


Tree=351
num_leaves=15
num_cat=2
split_feature=27 37 37 31 31 0 30 30 23 20 1 24 13 38
split_gain=0.173614 0.28908 0.226792 0.352228 0.539277 0.487118 0.446329 0.37579 0.331827 0.690866 0.46861 0.365095 0.471089 0.900551
threshold=13.999623842592593 0 1 0.98907071189679896 1.091356184798808 11.500000000000002 27.165000000000003 43.500000000000007 111.50000000000001 1.0000000180025095e-35 116.50000000000001 26.342833333332095 0.50000000000000011 1.3184446692466738
decision_type=2 9 9 8 8 2 2 2 2 2 2 10 2 2
left_child=1 -1 -2 5 -5 -4 -6 -8 9 10 -9 -10 13 -13
right_child=2 -3 3 4 6 -7 7 8 11 -11 -12 12 -14 -15
leaf_value=-0.00082741333190939443 0.00057493394408709769 -5.6133682123502078e-05 -0.00026420786290325447 0.0019137363003342402 -0.0016582894273663193 -0.0025243681418046782 0.0019220962160322263 -0.00058108897505304948 -0.0010234815490069574 0.0019309323220361085 0.0012582566099790312 -0.00073613833212977128 -0.00037553135089205052 0.0012453309437656611
leaf_weight=505 769 2935 491 146 132 104 101 1384 158 122 137 267 419 910
leaf_count=505 769 2935 491 146 132 104 101 1384 158 122 137 267 419 910
internal_value=-6.97006e-06 -0.000171928 0.00010343 1.91178e-05 0.000126063 -0.000659261 5.41625e-05 0.000118783 6.5167e-05 -0.000241188 -0.000415415 0.000352135 0.000488317 0.000795839
internal_weight=8580 3440 5140 4371 3776 595 3630 3498 3397 1643 1521 1754 1596 1177
internal_count=8580 3440 5140 4371 3776 595 3630 3498 3397 1643 1521 1754 1596 1177
cat_boundaries=0 1 2
cat_threshold=1159772289 1245741192
is_linear=0
shrinkage=0.03


Tree=352
num_leaves=15
num_cat=3
split_feature=27 31 31 37 1 28 28 37 37 1 13 31 1 1
split_gain=0.186615 0.160449 0.432317 0.534379 0.482547 0.301817 0.619521 0.484817 0.312354 0.360938 0.623697 0.462104 0.347214 0.427016
threshold=6.9996585648148155 1.4192386392701852 1.6316860465116281 0 17.500000000000004 0.93167824074074079 2.0469849537037041 1 2 41.500000000000007 1.0000000180025095e-35 1.1451224889862892 61.500000000000007 82.500000000000014
decision_type=2 8 10 9 2 2 2 9 9 2 2 10 2 2
left_child=-1 5 3 -3 -5 8 -7 -8 9 10 -2 -12 -10 -14
right_child=1 2 -4 4 -6 6 7 -9 12 -11 11 -13 13 -15
leaf_value=-0.00091324131320582919 0.0020591354896794755 -0.0016007547246339763 5.7837601504726157e-05 0.0013563005647972061 -0.00058039569404094054 -0.0022058291601179674 -0.00051992648563854217 0.0009777126726980966 0.00048567747125405369 0.0016565612030264812 -0.00099227097058455214 0.0013012654222548008 -0.0021404759871384155 8.7869687976717189e-05
leaf_weight=193 143 328 4724 152 486 123 475 315 639 325 253 115 120 218
leaf_count=193 143 328 4724 152 486 123 475 315 639 325 253 115 120 218
internal_value=9.10221e-06 3.02539e-05 -6.04121e-05 -0.000638685 -0.000117152 0.000219502 -0.000225328 8.30282e-05 0.000443511 0.000864586 0.000377803 -0.000275541 7.36032e-05 -0.000703259
internal_weight=8609 8416 5690 966 638 2726 913 790 1813 836 511 368 977 338
internal_count=8609 8416 5690 966 638 2726 913 790 1813 836 511 368 977 338
cat_boundaries=0 1 2 3
cat_threshold=71305286 2692777984 2218272898
is_linear=0
shrinkage=0.03


Tree=353
num_leaves=15
num_cat=2
split_feature=31 37 24 31 31 36 0 1 27 27 27 17 30 38
split_gain=0.176811 0.347891 0.369112 0.325253 0.34488 0.278584 0.270509 0.270487 0.334134 0.301036 0.25756 0.305301 0.498413 0.257521
threshold=0.91867732558139548 0 260.24633333333367 0.97209623732310757 1.0133141338059373 1 4.5000000000000009 16.500000000000004 13.999450231481484 15.999756944444448 13.999600694444448 1.0000000180025095e-35 40.250000000000007 1.5086140632629397
decision_type=10 9 10 10 10 9 2 2 2 2 2 2 2 2
left_child=1 2 5 -2 -5 13 -3 8 -8 10 11 12 -9 -1
right_child=3 6 -4 4 -6 -7 7 9 -10 -11 -12 -13 -14 -15
leaf_value=-0.001132354844781143 0.0017698904203671891 0.0012378419927365422 0.00065037715180283966 -0.0016349176549220619 0.00010590132980755347 -0.00016394597923626071 6.8010678621130476e-05 0.0024782625895396274 -0.0022556519420403572 0.0016556400256023953 -0.00092112950364887523 -0.00072816109635812228 -8.8814932010295282e-05 -0.0031201361062500725
leaf_weight=127 104 148 102 104 6760 128 115 111 108 101 228 161 176 109
leaf_count=127 104 148 102 104 6760 128 115 111 108 101 228 161 176 109
internal_value=3.92188e-05 -0.000243714 -0.000924769 0.000104755 7.95253e-05 -0.00139156 4.0445e-05 -0.000136365 -0.00105735 0.000127959 -0.00010029 0.000317459 0.000904027 -0.00196709
internal_weight=8582 1614 466 6968 6864 364 1148 1000 223 777 676 448 287 236
internal_count=8582 1614 466 6968 6864 364 1148 1000 223 777 676 448 287 236
cat_boundaries=0 1 2
cat_threshold=474486835 48
is_linear=0
shrinkage=0.03


Tree=354
num_leaves=15
num_cat=1
split_feature=24 38 37 38 32 27 30 30 29 25 1 22 28 30
split_gain=0.372939 0.350105 0.255238 0.34021 0.23343 0.338499 0.410191 0.523929 0.365209 0.331834 0.331682 0.326904 0.400501 0.288954
threshold=1.8535000000000084 1.9682257175445559 0 2.075095653533936 7.5000000000000009 17.003738425925928 132.37500000000003 100.50000000000001 1.0000000180025095e-35 0.3418750000000001 45.500000000000007 6850.2500000000009 1.6925868055555557 129.25000000000003
decision_type=8 2 9 2 2 2 2 2 2 8 2 2 2 2
left_child=1 -1 4 -4 5 6 7 8 -2 -10 11 12 -6 -14
right_child=2 -3 3 -5 10 -7 -8 -9 9 -11 -12 -13 13 -15
leaf_value=-0.002046818694387398 0.00071822010528986601 3.513996108017099e-05 -0.00018194977635575016 -0.0018344244662186373 -0.00089316400338405649 0.0018309528952544388 -0.00078991370758272868 0.0019932964280918865 0.00090760731793125158 -0.00098541315254830827 0.00034387009149574888 -0.0018549671229749264 0.001051206088986764 -0.00029813056231872524
leaf_weight=170 574 127 4492 115 479 134 274 179 116 296 886 128 249 335
leaf_count=170 574 127 4492 115 479 134 274 179 116 296 886 128 249 335
internal_value=-0.000112102 -0.00115655 -7.45335e-05 -0.000222715 0.000112802 0.000388792 0.000254498 0.000500136 0.000229065 -0.000452427 -9.56745e-05 -0.000422657 -0.000250187 0.000277186
internal_weight=8554 297 8257 4607 3650 1573 1439 1165 986 412 2077 1191 1063 584
internal_count=8554 297 8257 4607 3650 1573 1439 1165 986 412 2077 1191 1063 584
cat_boundaries=0 1
cat_threshold=3665047596
is_linear=0
shrinkage=0.03


Tree=355
num_leaves=15
num_cat=0
split_feature=38 27 31 31 0 17 0 27 21 28 1 6 30 31
split_gain=0.199299 0.485588 0.301061 0.320726 0.254258 0.229072 0.241522 0.217012 0.208154 0.20781 0.303169 0.199572 0.271838 0.670871
threshold=1.2020130753517153 20.413738425925931 1.7149703331811961 2.292361087676754 18.500000000000004 2.5000000000000004 7.5000000000000009 13.999589120370372 103.63333333333334 11.813281250000001 32.500000000000007 3.5000000000000004 330.27500000000003 3.6569070953420728
decision_type=2 2 8 10 2 2 2 2 2 2 2 2 2 10
left_child=1 2 8 -4 5 11 -7 -5 -1 -3 -11 12 -2 -14
right_child=4 9 3 7 -6 6 -8 -9 -10 10 -12 -13 13 -15
leaf_value=-0.00016720012197442855 4.8551418076328267e-05 -0.0018593983968409398 0.0015715489672290634 -0.00082515287049554663 -0.0013161810487064441 9.7268037870526313e-05 -0.001729551871676984 0.00090593332193989666 -0.0016353406473671129 -0.0016827245822032722 0.00057560108398592143 -0.00072620845709331513 -0.00043165839572192438 0.0028732510763970474
leaf_weight=338 6329 225 171 154 131 125 136 113 117 107 107 285 118 104
leaf_count=338 6329 225 171 154 131 125 136 113 117 107 107 285 118 104
internal_value=-6.86833e-05 -0.000405889 -4.27402e-06 0.00055715 -6.54197e-06 1.7632e-05 -0.000854638 -9.25209e-05 -0.000544722 -0.00122284 -0.000553562 5.09355e-05 8.4745e-05 0.00111659
internal_weight=8560 1332 893 438 7228 7097 261 267 455 439 214 6836 6551 222
internal_count=8560 1332 893 438 7228 7097 261 267 455 439 214 6836 6551 222
is_linear=0
shrinkage=0.03


Tree=356
num_leaves=15
num_cat=3
split_feature=27 30 30 30 24 30 35 1 37 13 23 30 37 24
split_gain=0.326748 0.164213 0.562598 0.441882 0.665525 0.375409 0.309224 0.395061 0.792252 0.362794 0.358547 0.331549 0.306838 0.306362
threshold=6.9996585648148155 62.500000000000007 58.500000000000007 71.250000000000014 44.908166666670887 54.750000000000007 0 105.50000000000001 1 1.0000000180025095e-35 43.500000000000007 23.750000000000004 2 46.898166666666178
decision_type=2 2 2 2 10 2 1 2 9 2 2 2 9 10
left_child=-1 2 5 4 -3 6 12 8 9 10 -8 -11 -2 -9
right_child=1 3 -4 -5 -6 -7 7 13 -10 11 -12 -13 -14 -15
leaf_value=-0.0012090961755128558 0.00042082961994436056 -0.0030566681687357934 0.0022427360068290872 9.0124517499793258e-06 2.9311152353028584e-06 -0.0014095689279598777 -6.2718895436792644e-05 -0.0012825221995316335 0.0012471247107550105 0.00031394069953287229 0.0021486793971620499 -0.0013476394492185633 -0.0017204316862498537 0.00065919006108551429
leaf_weight=194 106 108 121 5738 157 132 194 204 763 183 100 264 127 114
leaf_count=194 106 108 121 5738 157 132 194 204 763 183 100 264 127 114
internal_value=7.97522e-06 3.63848e-05 0.000251447 -4.63013e-05 -0.001244 0.000141275 0.000240892 0.000372225 0.000577395 -0.00012733 0.000689457 -0.000667395 -0.000769065 -0.000586437
internal_weight=8505 8311 2308 6003 265 2187 2055 1822 1504 741 294 447 233 318
internal_count=8505 8311 2308 6003 265 2187 2055 1822 1504 741 294 447 233 318
cat_boundaries=0 1 2 3
cat_threshold=2 189577494 708837384
is_linear=0
shrinkage=0.03


Tree=357
num_leaves=15
num_cat=1
split_feature=37 32 28 22 30 26 38 38 38 33 24 28 1 25
split_gain=0.158345 0.181812 0.163753 0.258564 0.193252 0.190836 0.1265 0.595815 0.412527 0.337207 0.468054 0.304559 0.472721 0.379711
threshold=0 6.5000000000000009 2.8701331018518523 12.437500000000002 23.750000000000004 0.07571428571428572 1.3708519339561465 1.3475862145423891 1.3853216767311098 1.0000000180025095e-35 160.28399999999795 3.130393518518519 18.500000000000004 0.56205128205128219
decision_type=9 2 2 2 2 10 2 2 2 2 10 2 2 8
left_child=1 2 3 -1 -5 -6 7 9 -8 11 -11 13 -13 -2
right_child=6 -3 -4 4 5 -7 8 -9 -10 10 -12 12 -14 -15
leaf_value=0.0014347240581540973 0.00062519923005090801 -0.0015327044026202802 -0.00099233307735173372 -0.0011790049801818391 0.00072801460865127491 -0.00062996868616859759 0.0019008757689734919 -0.0016347123372151353 0.00012074394982395124 3.574534382844015e-05 0.0018218896188546062 -0.0013820345581246909 -4.5353681699729663e-05 -0.0012720519895212049
leaf_weight=100 594 103 179 141 209 168 120 208 4956 371 205 352 736 113
leaf_count=100 594 103 179 141 209 168 120 208 4956 371 205 352 736 113
internal_value=3.14515e-05 -0.000342795 -0.000193318 3.81117e-05 -0.000231505 0.000122866 7.58005e-05 -9.51924e-05 0.000162827 3.98646e-05 0.000671439 -0.000162802 -0.000477809 0.000321961
internal_weight=8555 900 797 618 518 377 7655 2579 5076 2371 576 1795 1088 707
internal_count=8555 900 797 618 518 377 7655 2579 5076 2371 576 1795 1088 707
cat_boundaries=0 1
cat_threshold=687936157
is_linear=0
shrinkage=0.03


Tree=358
num_leaves=15
num_cat=0
split_feature=6 30 1 1 24 23 32 30 30 1 24 30 32 0
split_gain=0.185586 0.503255 0.98735 0.688 0.3103 0.401976 0.347066 0.260767 0.466053 0.523404 0.837743 0.413521 0.400727 0.654723
threshold=2.5000000000000004 70.250000000000014 74.500000000000014 139.50000000000003 973.2273333333527 44.500000000000007 26.500000000000004 259.62500000000006 194.10000000000002 32.500000000000007 384.59266666667077 209.25000000000003 20.500000000000004 6.5000000000000009
decision_type=2 2 2 2 8 2 2 2 2 2 10 2 2 2
left_child=4 -2 -3 -4 6 -6 7 8 -1 10 12 -11 13 -10
right_child=1 2 3 -5 5 -7 -8 -9 9 11 -12 -13 -14 -15
leaf_value=1.3497464240584241e-05 -0.00080097099382248581 0.0030879203001677523 -0.0011919099544254344 0.0015988830935675651 -0.00013795671613714205 0.0024045654664993942 -0.00073715880678771088 0.00056710675652917747 -0.0028615232540445783 -0.0013842037821407704 -0.0036157102891440063 0.00042640747627857226 0.00062342499962302522 -2.3514482913432037e-05
leaf_weight=5179 205 140 176 145 124 102 737 562 137 153 114 440 136 157
leaf_count=5179 205 140 176 145 124 102 737 562 137 153 114 440 136 157
internal_value=-4.50955e-05 0.000435693 0.00098562 6.87286e-05 -8.59328e-05 0.00100955 -0.000118445 -5.21477e-05 -0.000107249 -0.000657247 -0.00132928 -4.07485e-05 -0.000723104 -0.00134599
internal_weight=8507 666 461 321 7841 226 7615 6878 6316 1137 544 593 430 294
internal_count=8507 666 461 321 7841 226 7615 6878 6316 1137 544 593 430 294
is_linear=0
shrinkage=0.03


Tree=359
num_leaves=15
num_cat=1
split_feature=37 38 31 23 16 38 38 1 33 23 21 21 38 26
split_gain=0.15855 0.262747 0.217689 0.23066 0.241142 0.167904 0.838957 0.287418 0.435589 0.702959 0.307069 0.321233 0.27185 0.737604
threshold=0 1.4388473033905032 8.173220338983052 186.50000000000003 1.0000000180025095e-35 1.3443804979324343 1.3708519339561465 24.500000000000004 1.0000000180025095e-35 86.500000000000014 121.89166666666668 105.61666666666669 1.4025022983551028 1.0000000180025095e-35
decision_type=9 2 10 2 2 2 2 2 2 2 2 2 2 10
left_child=1 -1 3 5 -5 7 -7 8 9 -2 11 -9 13 -8
right_child=2 -3 -4 4 -6 6 12 10 -10 -11 -12 -13 -14 -15
leaf_value=-0.0019393843568728439 3.5934777448382255e-05 -0.00012448921934024549 0.00095144236314665569 0.00010513555141649424 -0.0016179469778219203 -0.0018425582676079167 -0.00042294815288785892 0.00048015656845229834 0.0010601713503174647 -0.0019874249987835461 -0.00078078516676486612 0.0021986262156044904 -7.5877916103227368e-05 0.0027513659305343058
leaf_weight=105 563 227 203 130 167 239 158 1151 197 213 157 107 4816 113
leaf_count=105 563 227 203 130 167 239 158 1151 197 213 157 107 4816 113
internal_value=-4.51566e-05 -0.000678054 -1.87274e-05 -4.3335e-05 -0.000863736 -1.17484e-05 -0.000105468 0.000197275 -0.000199626 -0.000519446 0.000470198 0.000626322 -2.38548e-05 0.000900659
internal_weight=8546 332 8214 8011 297 7714 5326 2388 973 776 1415 1258 5087 271
internal_count=8546 332 8214 8011 297 7714 5326 2388 973 776 1415 1258 5087 271
cat_boundaries=0 1
cat_threshold=17858568
is_linear=0
shrinkage=0.03


Tree=360
num_leaves=15
num_cat=0
split_feature=38 5 38 21 30 22 0 0 21 32 0 23 22 25
split_gain=0.170771 0.369504 0.350609 0.45864 0.439902 0.345518 0.551631 0.716301 0.320429 0.410883 0.278655 0.361802 0.351499 0.267851
threshold=1.7370213866233828 0.5192500000000001 1.7569611668586733 12.41666666666667 260.75000000000006 4828.3540000000012 8.5000000000000018 6.5000000000000009 23.500000000000004 1.5000000000000002 9.5000000000000018 141.50000000000003 1323.2031250000002 0.24695121951219515
decision_type=2 2 2 2 2 2 2 2 2 2 2 2 2 10
left_child=-1 2 -2 -4 5 8 7 -7 -5 -10 11 13 -12 -11
right_child=1 -3 3 4 -6 6 -8 -9 9 10 12 -13 -14 -15
leaf_value=6.5875027053042873e-05 -0.001490276156048296 -0.0018173683099060628 0.0017710607691605363 -0.0013783125749708776 0.0011005105846561491 -0.001458585620141373 -0.0022258708505318143 0.001509926900882504 -0.0012074613551291205 0.00074432848432999369 0.0026103616238329916 0.0014495549004356887 0.00028600499864473052 -0.00084739055051797556
leaf_weight=6333 161 126 119 139 222 169 195 129 164 140 104 133 134 297
leaf_count=6333 161 126 119 139 222 169 195 129 164 140 104 133 134 297
internal_value=-1.36506e-05 -0.000239294 -0.000144879 -3.35119e-05 -0.000151115 -0.000324346 -0.000985325 -0.000173558 -3.10396e-05 0.000161626 0.00043951 7.95119e-05 0.00130169 -0.000337458
internal_weight=8565 2232 2106 1945 1826 1604 493 298 1111 972 808 570 238 437
internal_count=8565 2232 2106 1945 1826 1604 493 298 1111 972 808 570 238 437
is_linear=0
shrinkage=0.03


Tree=361
num_leaves=15
num_cat=0
split_feature=38 27 30 25 30 6 38 30 31 31 31 23 38 27
split_gain=0.194822 0.166355 0.153683 0.531652 0.41721 0.245749 0.277171 0.404847 0.230624 0.256795 0.23091 0.221263 0.226571 0.596278
threshold=0.86533108353614818 31.139942129629635 253.72500000000002 0.5594117647058825 246.05000000000004 1.5000000000000002 1.7505692243576052 290.65000000000003 9.8538461538461561 6.3930205949656758 5.3583467094703057 195.50000000000003 1.6315168738365176 25.066701388888891
decision_type=2 2 2 10 2 2 2 2 10 10 10 2 2 2
left_child=-1 2 4 5 8 6 7 -4 9 10 11 12 -2 -14
right_child=1 -3 3 -5 -6 -7 -8 -9 -10 -11 -12 -13 13 -15
leaf_value=-0.0013662837923934254 0.00016274099312663061 -0.0011552692846417791 -9.9034680108271649e-05 0.00093320702403554149 0.0018053285593908328 -0.0017969488895981673 0.00059847838251045869 -0.0017992014806575704 -0.0011723102860201101 0.0012732752231199161 -0.0011887290278915317 -0.0012011985953690278 1.554836979245111e-05 -0.0011892815181863117
leaf_weight=104 4129 123 297 219 114 157 163 219 154 140 150 135 2093 449
leaf_count=104 4129 123 297 219 114 157 163 219 154 140 150 135 2093 449
internal_value=-7.56714e-05 -5.9958e-05 -4.39557e-05 -0.000382592 4.55893e-06 -0.000727282 -0.000479951 -0.000820617 -2.37566e-05 1.16971e-06 -2.44333e-05 1.22702e-06 2.55603e-05 -0.000197264
internal_weight=8646 8542 8419 1055 7364 836 679 516 7250 7096 6956 6806 6671 2542
internal_count=8646 8542 8419 1055 7364 836 679 516 7250 7096 6956 6806 6671 2542
is_linear=0
shrinkage=0.03


Tree=362
num_leaves=15
num_cat=2
split_feature=29 23 17 38 5 30 37 20 37 17 1 38 1 30
split_gain=0.18255 0.215633 0.243949 0.181856 0.190902 0.50669 0.735987 0.393988 0.38925 0.520223 0.347402 0.335638 0.33037 0.317419
threshold=5.5000000000000009 195.50000000000003 3.5000000000000004 0.93009933829307567 0.15470000000000003 86.500000000000014 0 1.0000000180025095e-35 1 1.0000000180025095e-35 139.50000000000003 1.8165817856788637 34.500000000000007 253.72500000000002
decision_type=2 2 2 2 2 2 9 2 9 2 2 2 2 2
left_child=1 2 3 -1 7 6 -6 8 9 -5 13 -8 -9 -7
right_child=-2 -3 -4 4 5 10 11 12 -10 -11 -12 -13 -14 -15
leaf_value=-0.00091569233842922124 0.00096805077951082007 -0.0010210882037109325 0.0013943825779382938 0.00040273114701470383 -0.0022860565813342952 0.00018974807027862789 -5.3674234006421516e-06 -0.0020770418436611426 8.5039735629015666e-05 0.0026559358349602137 0.001428676970070228 -0.0018241881763161574 0.00017185951855455366 -0.0007991424975510213
leaf_weight=197 172 189 112 344 210 1286 591 132 4362 126 160 108 106 378
leaf_count=197 172 189 112 344 210 1286 591 132 4362 126 160 108 106 378
internal_value=6.77306e-07 -1.93671e-05 3.97186e-06 -1.54939e-05 7.23315e-06 -0.000194873 -0.000773506 0.000116179 0.000174872 0.000985807 9.34915e-05 -0.000282348 -0.00107543 -3.48917e-05
internal_weight=8473 8301 8112 8000 7803 2733 909 5070 4832 470 1824 699 238 1664
internal_count=8473 8301 8112 8000 7803 2733 909 5070 4832 470 1824 699 238 1664
cat_boundaries=0 1 2
cat_threshold=1345849392 1076887852
is_linear=0
shrinkage=0.03


Tree=363
num_leaves=15
num_cat=1
split_feature=30 32 30 1 6 30 6 1 23 24 36 38 24 1
split_gain=0.192483 0.509872 0.245672 0.211018 0.20687 0.309997 0.450837 1.02141 0.322471 0.56347 0.391903 0.314311 0.360631 0.429731
threshold=324.57500000000005 27.500000000000004 296.02500000000003 40.500000000000007 1.0000000180025095e-35 142.42500000000004 2.5000000000000004 78.500000000000014 96.500000000000014 39.46533333333501 0 1.9238586425781252 120.45833333333286 35.500000000000007
decision_type=2 2 2 2 2 2 2 2 2 10 9 2 10 2
left_child=2 -2 4 -4 -1 8 11 -8 10 -10 -6 12 13 -7
right_child=1 -3 3 -5 5 6 7 -9 9 -11 -12 -13 -14 -15
leaf_value=0.00012533690134418143 0.0017759272990903506 -0.00067881506454961547 -0.0019068040807829483 -4.2762878084821361e-05 0.0014178442044401175 -0.00099055618678750546 0.00351658869077154 -0.00028373392941730634 0.00048857544326404135 -0.0018362254361449456 -0.00036491751405964888 0.0013137352881241267 -0.00073358115604915924 0.0013754401467740535
leaf_weight=4964 180 132 114 105 112 107 108 155 134 313 1253 122 601 195
leaf_count=4964 180 132 114 105 112 107 108 155 134 313 1253 122 601 195
internal_value=5.8888e-06 0.000737382 -2.16647e-05 -0.00101309 5.26e-06 -0.000187018 0.00016881 0.00127685 -0.000439947 -0.00113931 -0.000210926 -0.000115498 -0.000308595 0.000537157
internal_weight=8595 312 8283 219 8064 3100 1288 263 1812 447 1365 1025 903 302
internal_count=8595 312 8283 219 8064 3100 1288 263 1812 447 1365 1025 903 302
cat_boundaries=0 1
cat_threshold=32
is_linear=0
shrinkage=0.03


Tree=364
num_leaves=15
num_cat=1
split_feature=23 27 25 21 25 27 38 30 27 38 30 37 27 28
split_gain=0.130062 0.170925 0.13792 0.292272 0.265291 0.226021 0.153568 0.384546 0.257173 0.152822 0.264866 0.502871 0.351877 0.251106
threshold=201.00000000000003 30.998680555555559 0.62481481481481493 56.833333333333336 0.60858585858585867 12.999450231481484 1.271668612957001 54.750000000000007 13.999450231481484 1.057650148868561 25.250000000000004 0 13.999971064814817 6.9605208333333346
decision_type=2 2 8 2 10 2 2 2 2 2 2 9 2 2
left_child=1 2 4 5 9 -4 -7 8 -8 -1 11 -11 -13 -12
right_child=-2 -3 3 -5 -6 6 7 -9 -10 10 13 12 -14 -15
leaf_value=-0.00047421814273249883 -0.00078442771777101773 0.0010246490003244782 0.00139850724609033 0.0017710334533561451 -0.0011030499769766082 0.00079280251638800658 -0.00054870314142831101 -0.0013158279391196133 0.0015566026096049451 -0.0010814927695827763 -9.0167037740935952e-05 0.00069557701018719198 0.0026843250007928311 0.00035393164096620631
leaf_weight=488 164 165 113 123 188 137 102 198 107 109 4665 348 104 1519
leaf_count=488 164 165 113 123 188 137 102 198 107 109 4665 348 104 1519
internal_value=5.225e-05 6.86515e-05 4.94173e-05 0.000428894 9.53161e-06 0.000177626 -7.59765e-05 -0.000368416 0.000529133 3.84498e-05 7.55413e-05 0.000699702 0.0011282 1.89186e-05
internal_weight=8530 8366 8201 780 7421 657 544 407 209 7233 6745 561 452 6184
internal_count=8530 8366 8201 780 7421 657 544 407 209 7233 6745 561 452 6184
cat_boundaries=0 1
cat_threshold=136314920
is_linear=0
shrinkage=0.03


Tree=365
num_leaves=15
num_cat=1
split_feature=27 27 30 38 24 28 27 24 37 38 23 38 31 21
split_gain=0.321217 0.807542 0.483302 0.388004 0.40456 0.32014 0.223617 0.387102 0.191027 0.302592 0.218537 0.45268 0.201088 0.272695
threshold=29.624641203703707 29.998906250000005 259.62500000000006 1.6720877289772036 267.78216666666566 12.622447916666669 29.036024305555561 391.04433333333003 0 1.8591763377189638 143.50000000000003 1.7153424620628359 2.6228785436617055 64.791666666666671
decision_type=2 2 2 2 10 2 2 10 9 2 2 2 10 2
left_child=6 -2 3 4 5 -3 8 -8 -1 10 -10 -12 13 -11
right_child=1 2 -4 -5 -6 -7 7 -9 9 12 11 -13 -14 -15
leaf_value=5.6739166464451151e-05 0.0029888167678459119 0.00049123766195407375 0.0014632584894300287 -0.0015431986334497887 0.0013950334804334269 -0.0017493815462485973 -1.884968225228584e-05 -0.002226016352768056 -0.00028659163930821004 -0.0011800052372095474 -0.00029327419593525852 -0.0027708770378547555 0.0012275986925677888 0.00061630439530311709
leaf_weight=4351 104 120 191 158 157 110 177 120 2259 118 190 102 178 214
leaf_count=4351 104 120 191 158 157 110 177 120 2259 118 190 102 178 214
internal_value=-4.2764e-05 0.000514322 0.000164665 -0.000290438 0.000221025 -0.000580363 -0.000103466 -0.000910634 -7.11227e-05 -0.000252231 -0.000386422 -0.00115874 0.000414041 -2.2143e-05
internal_weight=8549 840 736 545 387 230 7709 297 7412 3061 2551 292 510 332
internal_count=8549 840 736 545 387 230 7709 297 7412 3061 2551 292 510 332
cat_boundaries=0 1
cat_threshold=2326325582
is_linear=0
shrinkage=0.03


Tree=366
num_leaves=15
num_cat=4
split_feature=31 28 38 38 0 23 35 1 37 32 36 37 23 23
split_gain=0.209078 0.430125 0.377329 0.194481 0.509751 0.618135 0.310485 0.334514 0.30733 0.440279 0.200856 0.373624 0.394576 0.312449
threshold=0.40720431576072119 2.1946817129629634 1.5830990672111513 1.9379359483718874 9.5000000000000018 94.500000000000014 0 42.500000000000007 1 6.5000000000000009 2 3 127.50000000000001 62.500000000000007
decision_type=8 2 2 2 2 2 1 2 9 2 9 9 2 2
left_child=1 2 -1 8 6 -6 -5 -8 9 -2 11 13 -13 -10
right_child=3 -3 -4 4 5 -7 7 -9 10 -11 -12 12 -14 -15
leaf_value=0.0010464797626786014 -0.00030674506716871252 0.0020495407586779701 -0.001210369687462442 0.00092935756293053803 0.0033361724553191484 1.6932592587545511e-05 -0.0014037419968983156 0.00034020320669158683 -5.1879177789887083e-05 -0.0021061045626097788 2.197705376446127e-05 0.00078015495877799951 -0.00098939522098721085 -0.0020768107050366659
leaf_weight=138 568 132 129 185 102 100 200 196 107 156 5874 273 194 191
leaf_count=138 568 132 129 185 102 100 200 196 107 156 5874 273 194 191
internal_value=-2.18488e-05 0.000648661 -4.39082e-05 -5.46911e-05 0.000394814 0.00169298 -5.65299e-05 -0.000527262 -0.000102493 -0.000684991 -3.78808e-05 -0.000491848 4.41082e-05 -0.00130592
internal_weight=8545 399 267 8146 783 202 581 396 7363 724 6639 765 467 298
internal_count=8545 399 267 8146 783 202 581 396 7363 724 6639 765 467 298
cat_boundaries=0 1 2 3 4
cat_threshold=6 539234438 3 2160068608
is_linear=0
shrinkage=0.03


Tree=367
num_leaves=15
num_cat=0
split_feature=25 28 1 30 25 1 24 27 31 31 24 22 31 31
split_gain=0.210776 0.34543 0.368705 0.298619 0.301766 0.322364 0.327614 0.494372 0.449986 0.533221 0.230256 0.437487 0.373062 0.465795
threshold=0.3418750000000001 12.112870370370372 158.50000000000003 225.05000000000004 0.33666666666666673 20.500000000000004 88.281833333336408 13.999762731481484 1.1585652028159574 1.8673618665366296 44.908166666670887 90.850000000000009 1.9733563969785732 1.4083069847657375
decision_type=10 2 2 2 10 2 10 2 8 10 10 2 10 10
left_child=1 2 3 4 5 6 8 -8 -1 -10 11 -7 13 -13
right_child=-2 -3 -4 -5 -6 10 7 -9 9 -11 -12 12 -14 -15
leaf_value=-0.00082631199263455781 -0.00014979004854578318 -0.00097050119595226876 0.0017541882171335213 -0.001179039103039743 0.0015188759031160822 -0.0013781913882614729 0.0031779697584449359 0.00039845419330035903 0.0019790712490978064 -0.00046598263377601798 -0.00047487435795351429 0.00081250290463278458 0.0022346463736656282 -0.0013495214175200088
leaf_weight=212 5655 222 141 138 159 118 101 134 190 139 729 355 106 120
leaf_count=212 5655 222 141 138 159 118 101 134 190 139 729 355 106 120
internal_value=-4.35943e-05 0.000166091 0.000261595 0.000177447 0.000256666 0.000165608 0.000657786 0.00159305 0.000251523 0.000946055 -0.00010185 0.000287184 0.000625419 0.000266307
internal_weight=8519 2864 2642 2501 2363 2204 776 235 541 329 1428 699 581 475
internal_count=8519 2864 2642 2501 2363 2204 776 235 541 329 1428 699 581 475
is_linear=0
shrinkage=0.03


Tree=368
num_leaves=15
num_cat=2
split_feature=23 27 24 38 30 1 1 0 30 24 36 22 37 33
split_gain=0.183303 0.161359 0.436724 0.406503 0.666387 0.324085 0.316875 0.251685 0.214897 0.18723 0.327643 0.296362 0.262152 0.442395
threshold=9.5000000000000018 29.165914351851857 197.88933333333119 1.5521233081817629 196.30000000000004 32.500000000000007 26.500000000000004 6.5000000000000009 333.55000000000007 185.87033333333386 0 517.25000000000011 1 1.0000000180025095e-35
decision_type=2 2 10 2 2 2 2 2 2 10 9 2 9 2
left_child=-1 8 5 4 -4 -3 -5 -6 9 12 11 -11 13 -2
right_child=1 2 3 6 7 -7 -8 -9 -10 10 -12 -13 -14 -15
leaf_value=-0.00084590049778026613 0.00024911650270993679 -0.0014746732534012224 0.0032876129838968473 -0.0010090506326135558 0.0016327595928098595 0.00039220240451720388 0.00081114865306364454 -0.0003288183581025805 -0.0011058239797566783 5.1498538146362352e-05 -6.9434269324143594e-05 -0.0018633009141988373 1.5886249498793838e-05 0.0021304958255010812
leaf_weight=220 514 163 124 144 109 172 214 128 160 115 1510 198 4727 144
leaf_count=220 514 163 124 144 109 172 214 128 160 115 1510 198 4727 144
internal_value=8.95913e-06 3.12898e-05 0.000378478 0.000795311 0.00150567 -0.000516158 7.90015e-05 0.000573342 -1.83758e-05 5.76292e-06 -0.000257022 -0.00112387 9.47243e-05 0.000650954
internal_weight=8642 8422 1054 719 361 335 358 237 7368 7208 1823 313 5385 658
internal_count=8642 8422 1054 719 361 335 358 237 7368 7208 1823 313 5385 658
cat_boundaries=0 1 2
cat_threshold=7 3148868
is_linear=0
shrinkage=0.03


Tree=369
num_leaves=15
num_cat=1
split_feature=27 27 27 32 37 17 32 7 19 31 21 0 31 22
split_gain=0.31099 0.272882 0.194196 0.212066 0.205888 0.35513 0.268642 0.252779 0.171425 0.499792 0.238719 0.221487 0.516437 0.385208
threshold=30.998680555555559 31.328431712962963 30.512980324074078 17.500000000000004 0 1.0000000180025095e-35 5.5000000000000009 1.0000000180025095e-35 1.0000000180025095e-35 1.6951526799060435 84.075000000000003 5.5000000000000009 1.8510756265247286 740.95000000000016
decision_type=2 2 2 2 9 2 2 2 2 10 2 2 8 2
left_child=2 -2 4 -4 5 6 -1 -7 11 -10 -11 12 13 -6
right_child=1 -3 3 -5 8 7 -8 -9 9 10 -12 -13 -14 -15
leaf_value=-0.0004235540707125397 0.0022339757197858906 6.0737211919891145e-05 -0.001756233990949113 -9.8759222553450272e-05 0.0017572011635408249 -0.00058866627626656762 -0.0020913884796716861 0.0014508242836608638 -0.0020912738099862103 -0.00068368072746670806 0.0012511456967331468 -1.8486192230182339e-05 -0.00014906516410716979 0.00041982260296600751
leaf_weight=203 104 104 120 165 303 113 152 106 129 120 110 5389 843 538
leaf_count=203 104 104 120 165 303 113 152 106 129 120 110 5389 843 538
internal_value=1.62665e-06 0.00114736 -2.71168e-05 -0.000796643 2.77051e-07 -0.000542131 -0.00113767 0.000398484 4.2841e-05 -0.000596629 0.000241671 7.53588e-05 0.000375674 0.000901661
internal_weight=8499 208 8291 285 8006 574 355 219 7432 359 230 7073 1684 841
internal_count=8499 208 8291 285 8006 574 355 219 7432 359 230 7073 1684 841
cat_boundaries=0 1
cat_threshold=1092620300
is_linear=0
shrinkage=0.03


Tree=370
num_leaves=15
num_cat=3
split_feature=24 31 32 27 37 27 27 37 24 6 21 35 30 30
split_gain=0.224946 0.426196 0.224329 0.212619 0.54566 0.215358 0.170919 0.13157 0.26232 0.238298 0.653116 0.279568 0.465562 0.383534
threshold=3.2871666666666903 2.894013091257611 7.5000000000000009 6.9996585648148155 0 30.998680555555559 30.605075231481486 1 355.18716666666796 2.5000000000000004 84.950000000000003 2 213.07500000000002 28.165000000000003
decision_type=8 8 2 2 9 2 2 9 10 2 2 1 2 2
left_child=1 2 -1 -2 -5 6 7 8 -6 11 -11 12 -9 -13
right_child=3 -3 -4 4 5 -7 -8 9 -10 10 -12 13 -14 -15
leaf_value=-0.0020843260227611251 -0.00094806035631336263 0.00094891617307007201 -0.00029366780424960583 0.0021534488596170478 -0.00024160508927750397 0.0010331916209838593 -0.0010061997929934729 0.00027029305255758254 0.0012457747573230778 -0.00039726318019550763 0.0019665027832352494 0.00099817997521031536 0.0022538610890459935 -0.00014768975282015742
leaf_weight=153 184 101 107 103 1919 197 141 1186 113 206 215 284 117 3537
leaf_count=153 184 101 107 103 1919 197 141 1186 113 206 215 284 117 3537
internal_value=2.79745e-05 -0.000704941 -0.0013474 6.02328e-05 8.33715e-05 5.36445e-05 2.87113e-05 4.79699e-05 -0.000158113 0.000123553 0.000809886 6.74032e-05 0.000444988 -6.23585e-05
internal_weight=8563 361 260 8202 8018 7915 7718 7577 2032 5545 421 5124 1303 3821
internal_count=8563 361 260 8202 8018 7915 7718 7577 2032 5545 421 5124 1303 3821
cat_boundaries=0 1 2 3
cat_threshold=134218816 1112068396 22
is_linear=0
shrinkage=0.03


Tree=371
num_leaves=15
num_cat=2
split_feature=24 1 37 31 31 36 22 30 25 23 23 38 27 38
split_gain=0.311281 0.476059 0.215943 0.3356 0.31737 0.243017 0.327642 0.183597 0.383641 0.182332 0.208084 0.293423 0.170814 0.281848
threshold=1.8535000000000084 32.500000000000007 0 3.2948938677315356 4.6669339748730296 1 1370.1740000000002 15.250000000000002 0.56205128205128219 98.500000000000014 114.50000000000001 1.7399903535842898 11.06232638888889 1.4670417308807375
decision_type=8 2 9 8 10 9 2 2 10 2 2 2 2 2
left_child=1 -1 7 5 -5 6 -4 8 -2 12 -11 -12 13 -7
right_child=2 -3 3 4 -6 9 -8 -9 -10 10 11 -13 -14 -15
leaf_value=0.00059019861472604264 0.001833919275057979 -0.0018854792263629215 1.7930589939219569e-05 -0.0018692831942586207 -6.6387689164416344e-05 -0.001792124574010192 0.0020349689803429338 0.00011608724406632122 -0.00046238751748764733 -0.0014946247093389961 0.00079031367444743709 -0.0012970013543116775 4.7713924482824829e-05 0.00031864752028717324
leaf_weight=112 164 186 199 188 165 123 114 4549 109 178 135 110 2103 106
leaf_count=112 164 186 199 188 165 123 114 4549 109 178 135 110 2103 106
internal_value=-2.49518e-06 -0.000955023 3.19405e-05 -0.000150148 -0.00102657 -4.97975e-05 0.000729271 0.000161102 0.000917079 -0.000140446 -0.000713998 -0.000146848 -3.70121e-05 -0.000815086
internal_weight=8541 298 8243 3421 353 3068 313 4822 273 2755 423 245 2332 229
internal_count=8541 298 8243 3421 353 3068 313 4822 273 2755 423 245 2332 229
cat_boundaries=0 1 2
cat_threshold=2567987089 32
is_linear=0
shrinkage=0.03


Tree=372
num_leaves=15
num_cat=2
split_feature=31 37 17 24 24 30 24 32 23 26 37 30 17 33
split_gain=0.206563 0.39898 0.46405 0.511311 0.365737 0.268485 0.268829 0.339724 0.323745 0.362067 0.508029 0.351044 0.961238 0.44156
threshold=1.548166151126823 0 1.0000000180025095e-35 294.72549999998421 157.05049999999582 221.92500000000004 86.438000000000699 2.5000000000000004 70.500000000000014 0.044466403162055343 1 71.250000000000014 1.0000000180025095e-35 1.0000000180025095e-35
decision_type=10 9 2 10 10 2 10 2 2 8 9 2 2 2
left_child=1 2 3 -1 -4 6 8 -8 9 11 -11 13 -13 -3
right_child=-2 5 4 -5 -6 -7 7 -9 -10 10 -12 12 -14 -15
leaf_value=-0.00073440153773320625 0.00013253839373597674 -0.0012380043714082347 -0.00063201955633695117 0.0013761748791039823 -0.0028047390040694766 -0.0014938037171583238 0.0016833507678865524 0.00019139178031660515 -0.0007364215753299908 -0.0002444580104428815 0.0022451381236615201 -0.00028958764762707415 0.0028747665664527267 0.00065885033233008706
leaf_weight=451 5039 367 137 134 142 102 182 560 540 144 145 367 113 158
leaf_count=451 5039 367 137 134 142 102 182 560 540 144 145 367 113 158
internal_value=9.13389e-06 -0.000166427 -0.000722731 -0.000250953 -0.00173785 1.56935e-05 7.55249e-05 0.000557344 -0.00011941 0.000138076 0.00107388 -0.000131024 0.000455354 -0.000667141
internal_weight=8581 3542 864 585 279 2678 2576 742 1834 1294 289 1005 480 525
internal_count=8581 3542 864 585 279 2678 2576 742 1834 1294 289 1005 480 525
cat_boundaries=0 1 2
cat_threshold=1108379768 536936453
is_linear=0
shrinkage=0.03


Tree=373
num_leaves=15
num_cat=2
split_feature=37 36 1 24 1 5 5 27 30 1 1 28 22 28
split_gain=0.180613 0.249413 0.611419 0.339777 0.239088 0.513018 0.307539 0.382548 0.425968 0.321727 0.219579 0.383488 0.307475 0.275953
threshold=0 1 32.500000000000007 1.0000000180025095e-35 62.500000000000007 0.23305000000000003 0.23305000000000003 13.999531250000002 64.050000000000011 8.5000000000000018 8.5000000000000018 9.7827835648148156 266.40000000000003 7.3997569444444453
decision_type=9 9 2 10 2 2 2 2 2 2 2 2 2 2
left_child=1 4 -3 -4 6 -6 7 9 -9 -1 11 12 -2 -12
right_child=10 2 3 -5 5 -7 -8 8 -10 -11 13 -13 -14 -15
leaf_value=-0.00016256867375847396 -0.00048989590980211988 0.002168305331883444 -0.0012304986485031481 0.0010509891244463432 -9.9536115165433048e-05 0.0025661810228655882 -0.00107235057613852 0.00070837874991312136 -0.0013836024589645231 0.0015078440358756626 -0.00023954720966536583 -0.00098436707307700982 0.0009027980550951703 0.0002185386709337379
leaf_weight=184 180 198 118 117 179 102 235 146 219 238 4193 160 688 1649
leaf_count=184 180 198 118 117 179 102 235 146 219 238 4193 160 688 1649
internal_value=3.01865e-05 0.000302629 0.000918942 -9.4609e-05 9.23836e-05 0.000868091 -0.000119994 0.000164382 -0.00054681 0.000779512 -3.90416e-05 0.000365219 0.000613991 -0.000110245
internal_weight=8606 1736 433 235 1303 281 1022 787 365 422 6870 1028 868 5842
internal_count=8606 1736 433 235 1303 281 1022 787 365 422 6870 1028 868 5842
cat_boundaries=0 1 2
cat_threshold=162042928 49
is_linear=0
shrinkage=0.03


Tree=374
num_leaves=15
num_cat=3
split_feature=37 30 30 31 37 38 37 31 23 31 31 31 28 28
split_gain=0.215381 0.227437 0.468426 0.831927 0.399758 0.327147 0.407257 0.243521 0.254302 0.241356 0.211644 0.442962 0.525867 0.314197
threshold=0 30.165000000000003 42.250000000000007 1.5201026298909559 1 1.6720877289772036 2 1.0004392299048519 58.500000000000007 1.16811088898138 1.7085313261190753 1.8048797023563459 0.96294560185185196 7.5324016203703712
decision_type=9 2 2 10 9 2 9 8 2 8 8 8 2 2
left_child=-1 5 3 4 -3 6 -2 8 -4 -9 -11 12 -12 -13
right_child=1 2 7 -5 -6 -7 -8 9 -10 10 11 13 -14 -15
leaf_value=-0.00018587757387088902 0.0014540857257221945 0.0014235401483794457 0.00033883566212681855 0.0034465625370568077 -0.00091615274607182568 -0.0014468586344860103 -0.00053363916081132555 0.0011584873398533091 -0.0013130917214447685 -0.00025554865075165653 0.0030677494728050354 -8.7988479298274557e-05 0.00020050446386449039 0.00054827427937447686
leaf_weight=2861 121 123 141 108 121 190 308 216 207 981 106 1870 126 1115
leaf_count=2861 121 123 141 108 121 190 308 216 207 981 106 1870 126 1115
internal_value=2.6357e-05 0.000132364 0.000198334 0.00125439 0.000284077 -0.000410525 4.84568e-05 0.000120273 -0.000643776 0.00018051 0.00013019 0.000247819 0.00151054 0.000149678
internal_weight=8594 5733 5114 352 244 619 429 4762 348 4414 4198 3217 232 2985
internal_count=8594 5733 5114 352 244 619 429 4762 348 4414 4198 3217 232 2985
cat_boundaries=0 1 2 3
cat_threshold=3590361555 538986500 25167904
is_linear=0
shrinkage=0.03


Tree=375
num_leaves=15
num_cat=1
split_feature=31 31 38 31 37 1 38 1 28 32 28 30 30 38
split_gain=0.262164 0.293386 0.62463 0.408447 0.387402 0.450439 0.293289 0.418797 0.435188 0.59145 0.420304 0.976059 0.310899 0.277298
threshold=2.4757543249946594 2.6228785436617055 1.6138998270034792 2.6950646800153701 0 85.500000000000014 1.2495102882385256 29.500000000000004 7.70748263888889 22.500000000000004 11.120601851851854 259.62500000000006 247.55000000000004 1.7337163090705874
decision_type=10 10 2 10 9 2 2 2 2 2 2 2 2 2
left_child=-1 2 -2 -3 5 13 -6 10 12 -10 11 -8 -9 -5
right_child=1 3 -4 4 6 -7 7 8 9 -11 -12 -13 -14 -15
leaf_value=0.00010106248847474011 0.00027231303954977192 0.0014353731731088816 -0.0026744267026398809 0.00028203825840165383 0.00023410325205566968 0.0015970042198738556 -0.002174747352131677 -0.00031703834797101101 0.0020934109327693778 -0.00089578677749722793 -0.0032175155035988655 0.0014318945428356527 -0.0021031669291380027 -0.0010607717701320335
leaf_weight=5967 128 137 131 483 312 177 208 247 126 113 103 100 136 194
leaf_count=5967 128 137 131 483 312 177 208 247 126 113 103 100 136 194
internal_value=-8.41141e-06 -0.000260138 -0.00121812 -0.000153923 -0.000252938 0.000246649 -0.00056776 -0.000815446 -0.000324427 0.000680108 -0.00155855 -0.00100376 -0.000951277 -0.000102755
internal_weight=8562 2595 259 2336 2199 854 1345 1033 622 239 411 308 383 677
internal_count=8562 2595 259 2336 2199 854 1345 1033 622 239 411 308 383 677
cat_boundaries=0 1
cat_threshold=423657648
is_linear=0
shrinkage=0.03


Tree=376
num_leaves=15
num_cat=2
split_feature=23 30 23 38 31 33 32 11 26 37 35 31 1 1
split_gain=0.176376 0.230064 0.239665 0.189213 0.253178 0.287435 0.47574 0.193933 0.282055 0.186721 0.307333 0.280557 0.3686 0.355697
threshold=195.50000000000003 333.55000000000007 182.50000000000003 2.2142331600189213 9.8538461538461561 1.0000000180025095e-35 10.500000000000002 1.0000000180025095e-35 0.039230769230769243 0 1 3.0695184816355225 65.500000000000014 124.50000000000001
decision_type=2 2 2 2 8 2 2 2 10 9 1 10 2 2
left_child=1 2 3 4 7 6 -6 9 -9 10 11 12 -1 -14
right_child=-2 -3 -4 -5 5 -7 -8 8 -10 -11 -12 -13 13 -15
leaf_value=0.00079936146028537335 -0.00083317107852573307 -0.00094179171292376146 0.0010585135478162911 -0.001251645325190531 -0.0024756368232109315 0.00039920906723935653 0.00018850220534247607 -0.0014046885541250484 0.00046481043723179029 1.6751935911492931e-05 -0.00020221622593444175 0.001808711430130191 -0.0012614923878572881 0.00095372022468569303
leaf_weight=787 224 218 205 104 140 134 106 184 120 5291 575 161 181 102
leaf_count=787 224 218 205 104 140 134 106 184 120 5291 575 161 181 102
internal_value=-2.48022e-06 1.99168e-05 4.58319e-05 1.95034e-05 3.64934e-05 -0.000718721 -0.00132767 7.52695e-05 -0.000666728 0.000107053 0.000369467 0.000635979 0.000465464 -0.000463077
internal_weight=8532 8308 8090 7885 7781 380 246 7401 304 7097 1806 1231 1070 283
internal_count=8532 8308 8090 7885 7781 380 246 7401 304 7097 1806 1231 1070 283
cat_boundaries=0 1 2
cat_threshold=196644909 25
is_linear=0
shrinkage=0.03


Tree=377
num_leaves=15
num_cat=2
split_feature=11 35 31 2 23 28 13 31 36 27 31 31 24 32
split_gain=0.148805 0.292823 0.256772 0.174356 0.223127 0.318761 0.302512 0.302433 0.182596 0.225571 0.149319 0.269634 0.261206 0.228421
threshold=1.0000000180025095e-35 0 1.4919352507587804 1.0000000180025095e-35 135.50000000000003 0.89800347222222232 1.0000000180025095e-35 1.8048797023563459 1 13.999496527777781 0.28611556982343506 0.62923872590659724 95.085333333332684 6.5000000000000009
decision_type=2 1 10 2 2 2 2 10 9 2 8 10 10 2
left_child=3 2 -2 10 6 -6 8 -8 -5 -10 -1 12 13 -12
right_child=1 -3 -4 4 5 -7 7 -9 9 -11 11 -13 -14 -15
leaf_value=0.00092690945704347421 0.0011200286352178871 -0.001831806094891488 -0.00085277313754583402 -0.0013467482652613082 -0.0020577100864944179 -0.00013223122080621133 0.00137660566633146 -0.00030600240594902704 -0.0010012788056499428 0.00067358739742373402 0.00054018203122149994 0.0001283870667275679 -0.0014234563369171489 -0.00074966166975997674
leaf_weight=186 106 106 135 163 140 173 199 186 135 156 238 6171 196 257
leaf_count=186 106 106 135 163 140 173 199 186 135 156 238 6171 196 257
internal_value=6.51526e-06 -0.000601991 1.43373e-05 3.22655e-05 -0.000309903 -0.000993468 -5.48896e-05 0.000563709 -0.000579472 -9.99768e-05 8.8193e-05 6.5459e-05 -0.000496523 -0.000129494
internal_weight=8547 347 241 8200 1152 313 839 385 454 291 7048 6862 691 495
internal_count=8547 347 241 8200 1152 313 839 385 454 291 7048 6862 691 495
cat_boundaries=0 1 2
cat_threshold=9 3
is_linear=0
shrinkage=0.03


Tree=378
num_leaves=15
num_cat=0
split_feature=27 38 27 30 1 21 24 24 31 31 1 28 30 1
split_gain=0.134686 0.379919 0.346576 0.293491 0.437103 0.386649 0.323066 0.424722 0.238658 0.273927 0.25269 0.187614 0.337908 0.205709
threshold=28.280746527777783 1.1341892480850222 27.999803240740743 289.02500000000003 10.500000000000002 87.725000000000009 500.30483333333518 368.89766666666844 1.6316860465116281 2.663388135598137 34.500000000000007 15.638628472222225 226.10000000000002 18.500000000000004
decision_type=2 2 2 2 2 2 10 10 10 10 2 2 2 2
left_child=2 -2 11 4 5 -3 7 8 -6 10 -10 13 -13 -1
right_child=1 3 -4 -5 6 -7 -8 -9 9 -11 -12 12 -14 -15
leaf_value=0.00034254126245273616 -0.00165510123141918 0.0023064229957382469 0.0015205598807488615 0.0010831979140966085 -0.0014902080643577906 -0.00032515935944393273 0.00074735737799547924 -0.0021724876018318659 -0.00055162357172088288 -0.0012856674620436619 0.0012668320569299305 0.00046470484932612281 -0.0016875276776389344 -2.43231763987763e-05
leaf_weight=1918 153 101 147 171 138 100 141 162 123 113 156 118 148 4864
leaf_count=1918 153 101 147 171 138 100 141 162 123 113 156 118 148 4864
internal_value=2.7125e-05 -0.000246899 7.8845e-05 -6.80988e-05 -0.000258497 0.000997178 -0.000561487 -0.000828173 -0.00041727 -3.95518e-05 0.000465147 4.87752e-05 -0.000732778 7.94288e-05
internal_weight=8553 1358 7195 1205 1034 201 833 692 530 392 279 7048 266 6782
internal_count=8553 1358 7195 1205 1034 201 833 692 530 392 279 7048 266 6782
is_linear=0
shrinkage=0.03


Tree=379
num_leaves=15
num_cat=1
split_feature=1 7 0 28 28 1 37 27 31 0 21 32 28 13
split_gain=0.160596 0.436451 0.369488 0.222697 0.161374 0.417474 0.479229 0.449865 0.702014 0.497401 0.386466 0.330936 0.238767 0.23505
threshold=168.50000000000003 1.0000000180025095e-35 8.5000000000000018 27.590653935185188 6.3179513888888899 25.500000000000004 0 27.526001157407411 1.9398048454894361 6.5000000000000009 121.26666666666668 35.500000000000007 5.6662384259259264 1.0000000180025095e-35
decision_type=2 2 2 2 2 2 9 2 10 2 2 2 2 2
left_child=3 -2 -3 4 11 6 10 -7 -9 -10 -6 12 -1 -8
right_child=1 2 -4 -5 5 7 13 8 9 -11 -12 -13 -14 -15
leaf_value=-7.743162525364748e-05 -0.0017879267189917819 -0.0010778504263265012 0.0014039205557241201 -0.0013923269377986657 -0.0013081920609087914 0.00019466210099441253 -0.00034844442317262292 -0.000623276417557793 0.0037535162808966229 0.0011929217481520028 0.00069041993324267298 0.0014751736357907208 -0.0012528354002497508 0.0013857011984321562
leaf_weight=5580 168 101 116 104 404 996 120 113 110 180 111 121 160 170
leaf_count=5580 168 101 116 104 404 996 120 113 110 180 111 121 160 170
internal_value=-4.11806e-05 -0.000639948 0.000248811 -1.29611e-05 4.82612e-06 0.000223661 -0.000320642 0.000536859 0.00138259 0.00216418 -0.00086071 -7.74656e-05 -0.000110195 0.000645853
internal_weight=8554 385 217 8169 8065 2204 805 1399 403 290 515 5861 5740 290
internal_count=8554 385 217 8169 8065 2204 805 1399 403 290 515 5861 5740 290
cat_boundaries=0 1
cat_threshold=2222983170
is_linear=0
shrinkage=0.03


Tree=380
num_leaves=15
num_cat=1
split_feature=24 27 31 1 31 32 31 1 28 25 28 37 31 25
split_gain=0.177006 0.563434 0.356726 0.280244 0.238799 0.325355 0.199355 0.407199 0.344256 0.305504 0.296283 0.215091 0.24408 0.347589
threshold=426.55816666666891 29.616950231481486 3.50347924244396 27.500000000000004 2.1326743243938995 9.5000000000000018 5.1020956475013444 10.500000000000002 1.0000000180025095e-35 0.68090909090909102 8.5183912037037057 0 1.16811088898138 0.53518821603927991
decision_type=8 2 10 2 10 2 8 2 2 8 2 9 10 10
left_child=6 2 4 -3 5 -2 9 -8 -9 11 -10 -1 13 -13
right_child=1 3 -4 -5 -6 -7 7 8 10 -11 -12 12 -14 -15
leaf_value=0.00014914112128116508 -0.0013794933928106472 0.00045572376007785889 0.0013624900069791736 0.0025657971497343546 -0.0012811427518294343 0.00057684244501235123 -0.002241527570027707 -0.0012067240750253249 0.0013283811372069531 0.0014240507845811191 -0.0004417570490981094 -0.00038924418551738223 -7.5644404741245208e-05 -0.0020371475984662102
leaf_weight=2578 106 101 127 129 185 275 111 211 151 126 195 821 3288 134
leaf_count=2578 106 101 127 129 185 275 111 211 151 126 195 821 3288 134
internal_value=-3.97514e-05 0.000352596 -7.44153e-05 0.0016392 -0.00039683 3.256e-05 -8.73071e-05 -0.000582313 -0.000251662 -3.9709e-05 0.00033076 -6.67481e-05 -0.000197805 -0.000620468
internal_weight=8538 923 693 230 566 381 7615 668 557 6947 346 6821 4243 955
internal_count=8538 923 693 230 566 381 7615 668 557 6947 346 6821 4243 955
cat_boundaries=0 1
cat_threshold=3154158222
is_linear=0
shrinkage=0.03


Tree=381
num_leaves=15
num_cat=2
split_feature=25 0 0 25 35 1 21 1 1 37 21 29 31 31
split_gain=0.230279 0.415133 0.332753 0.307502 0.426596 0.574985 0.265557 0.198905 0.31722 0.218873 0.470312 0.480635 0.316737 0.470456
threshold=0.36181818181818187 17.500000000000004 13.500000000000002 0.33666666666666673 0 28.500000000000004 41.166666666666679 152.50000000000003 94.500000000000014 1 62.500000000000007 1.0000000180025095e-35 2.6950646800153701 1.9733563969785732
decision_type=10 2 2 8 1 2 2 2 2 9 2 2 10 10
left_child=1 2 3 7 6 -6 -5 8 9 10 11 -1 13 -11
right_child=-2 -3 -4 4 5 -7 -8 -9 -10 12 -12 -13 -14 -15
leaf_value=0.00054263398416029909 -8.4721439630390283e-05 0.0020725653156481475 -0.00098418961962825355 0.0010305273949474682 -0.0016495918903105988 0.001309575765520673 0.0029958139110844834 0.0012724146850585413 -0.001089005794681725 -7.2435654827120039e-05 -0.00050787171063203706 0.0029066129895400695 -0.0012536096014953803 0.001618270910424014
leaf_weight=225 5377 107 209 155 107 132 103 127 200 1252 189 118 167 168
leaf_count=225 5377 107 209 155 107 132 103 127 200 1252 189 118 167 168
internal_value=3.58833e-05 0.000234868 0.000172484 0.000254627 0.000934926 -1.46278e-05 0.00174739 0.000116397 5.30881e-05 0.000160884 0.000680969 0.0013559 -1.7641e-05 0.000127592
internal_weight=8636 3259 3152 2943 497 239 258 2446 2319 2119 532 343 1587 1420
internal_count=8636 3259 3152 2943 497 239 258 2446 2319 2119 532 343 1587 1420
cat_boundaries=0 1 2
cat_threshold=3 406358532
is_linear=0
shrinkage=0.03


Tree=382
num_leaves=15
num_cat=1
split_feature=30 30 37 7 13 38 31 22 30 27 0 31 27 1
split_gain=0.231251 0.200202 0.225722 0.311302 0.482405 0.422731 0.278788 0.279245 0.243101 0.278068 0.20055 0.593669 0.272326 0.132777
threshold=387.75000000000006 333.55000000000007 0 1.0000000180025095e-35 0.50000000000000011 1.7913981080055239 1.2900987958515222 266.40000000000003 34.250000000000007 13.999311342592593 7.5000000000000009 1.2808240993126334 13.99967013888889 168.50000000000003
decision_type=2 2 9 2 2 2 10 2 2 2 2 10 2 2
left_child=1 2 13 4 10 6 7 -5 -8 -10 12 -12 -4 -1
right_child=-2 -3 3 5 -6 -7 8 -9 9 -11 11 -13 -14 -15
leaf_value=0.00010631746365194924 0.0013722059481925414 -0.0011582548016061385 -0.0015548126562914277 -0.0005974101151292354 0.00092367535396728527 0.001612122990280533 0.00024193321216889487 0.0013476513325708524 -0.0024810920376330614 -0.00050620556572473347 -0.0032576157797291477 -0.00046207948576539292 0.00056327070425365967 -0.00051942587282974273
leaf_weight=6595 110 135 119 118 112 130 147 152 105 165 131 143 101 320
leaf_count=6595 110 135 119 118 112 130 147 152 105 165 131 143 101 320
internal_value=5.53071e-06 -1.2212e-05 6.34347e-06 -0.000336396 -0.00085397 4.33907e-05 -0.000253458 0.000497587 -0.000739747 -0.00127422 -0.001257 -0.00179863 -0.00058242 7.72487e-05
internal_weight=8583 8473 8338 1423 606 817 687 270 417 270 494 274 220 6915
internal_count=8583 8473 8338 1423 606 817 687 270 417 270 494 274 220 6915
cat_boundaries=0 1
cat_threshold=4072950180
is_linear=0
shrinkage=0.03


Tree=383
num_leaves=15
num_cat=2
split_feature=22 1 33 25 38 37 26 26 31 38 31 1 36 31
split_gain=0.476415 0.447835 0.247876 0.359276 0.334819 0.31727 0.350225 0.337606 0.3388 0.452866 0.437016 0.573124 0.32395 0.313411
threshold=10820.35 37.500000000000007 1.0000000180025095e-35 0.62481481481481493 1.5776131153106692 0 0.06186224489795919 0.05634920634920635 6.564965103067685 1.3322983384132387 1.16811088898138 55.500000000000007 1 3.6862836919354938
decision_type=2 2 2 8 2 9 8 10 8 2 10 2 9 8
left_child=2 -2 3 13 -5 -4 7 8 9 12 -11 -12 -7 -1
right_child=1 -3 5 4 -6 6 -8 -9 -10 10 11 -13 -14 -15
leaf_value=-2.0207989832341391e-05 0.00010214180164592396 -0.0026193093445538778 -0.00050697323919071191 0.00027213166844571415 0.0019316184249302776 0.00053226132018719123 0.0021213509527464899 -0.001031015654232099 0.001813484108676175 0.0014150712522881601 -0.001178288466219806 0.00077388002908865521 0.0024717022304511851 -0.00067268111373425786
leaf_weight=5215 101 118 307 466 143 252 117 132 169 143 357 218 116 759
leaf_count=5215 101 118 307 466 143 252 117 132 169 143 357 218 116 759
internal_value=1.71246e-05 -0.00136421 5.31637e-05 -3.23431e-05 0.000661798 0.000363982 0.000541534 0.000412173 0.000563966 0.00036952 -6.9064e-05 -0.000438162 0.00122524 -0.000103105
internal_weight=8613 219 8394 6583 609 1811 1504 1387 1255 1086 718 575 368 5974
internal_count=8613 219 8394 6583 609 1811 1504 1387 1255 1086 718 575 368 5974
cat_boundaries=0 1 2
cat_threshold=2248179973 21
is_linear=0
shrinkage=0.03


Tree=384
num_leaves=15
num_cat=2
split_feature=31 37 31 35 29 1 24 24 1 31 31 31 31 31
split_gain=0.238498 0.332006 0.993282 0.378772 0.491399 0.31616 0.302625 0.416423 0.349098 0.593302 0.285458 0.255655 0.302705 0.442901
threshold=2.6228785436617055 0 3.8148890660073529 1 1.0000000180025095e-35 64.500000000000014 563.21849999999165 252.39966666666822 49.500000000000007 3.6569070953420728 7.7898305084745774 2.5201640784751711 2.4177913468856578 2.308391608391609
decision_type=10 9 10 1 2 2 10 10 2 10 10 10 10 10
left_child=11 2 -2 4 -3 10 7 -5 9 -9 -4 12 13 -1
right_child=1 3 5 6 -6 -7 -8 8 -10 -11 -12 -13 -14 -15
leaf_value=-6.6395995113544128e-05 0.0026347703624185156 -0.00026784128536587779 -0.0010888799600717093 -0.00043618858482435421 0.0026350941314039942 0.0011545973983675946 -0.0016374641894047165 0.00013137879553478914 -0.00032932081566639025 0.0030398983596432623 0.00073118928493288472 -0.0011624911428696255 0.0011846037254753436 -0.0014205994128261949
leaf_weight=5686 191 103 216 844 107 169 118 143 173 113 121 204 165 226
leaf_count=5686 191 103 216 844 107 169 118 143 173 113 121 204 165 226
internal_value=-2.21822e-05 0.000239326 0.00078026 -1.0387e-06 0.00115622 9.56577e-05 -0.000182756 -4.9348e-05 0.000711709 0.00141522 -0.000435383 -0.000117859 -8.27914e-05 -0.000118164
internal_weight=8579 2298 697 1601 210 506 1391 1273 429 256 337 6281 6077 5912
internal_count=8579 2298 697 1601 210 506 1391 1273 429 256 337 6281 6077 5912
cat_boundaries=0 1 2
cat_threshold=455114800 2
is_linear=0
shrinkage=0.03


Tree=385
num_leaves=15
num_cat=1
split_feature=32 37 19 31 31 1 13 23 28 23 28 32 27 1
split_gain=0.241197 0.166748 0.382948 0.236432 0.219936 0.419905 0.251595 1.00319 0.679407 0.453625 0.400654 0.67564 0.576229 0.393394
threshold=38.500000000000007 0 1.0000000180025095e-35 0.1799720450492425 0.75391316586785995 81.500000000000014 0.50000000000000011 44.500000000000007 14.97566550925926 95.500000000000014 12.989444444444446 29.500000000000004 29.666261574074078 21.500000000000004
decision_type=2 9 2 8 10 2 2 2 2 2 2 2 2 2
left_child=1 2 -1 -3 5 -5 10 -8 9 -9 11 -6 13 -12
right_child=-2 3 -4 4 6 -7 7 8 -10 -11 12 -13 -14 -15
leaf_value=0.00023790649688434272 -0.0014916069304805693 0.0012668013330549 -0.001652188634884078 -0.0012582314047500679 -0.00018190432597694385 0.00087666832909841718 0.0031439309188806752 0.00056574566100977587 0.0022925354628153759 -0.00084009756824196947 -0.0032553847607108763 0.001445848782794731 0.00028959619685189956 -0.0010424520126521568
leaf_weight=2737 101 110 100 357 3239 108 103 354 106 496 100 247 221 261
leaf_count=2737 101 110 100 357 3239 108 103 354 106 496 100 247 221 261
internal_value=-3.41601e-05 -1.69213e-05 0.000170682 -0.000110368 -0.000137656 -0.000762384 -8.09951e-05 0.000330896 2.78183e-05 -0.000254605 -0.000188221 -6.65701e-05 -0.000916869 -0.00165545
internal_weight=8640 8539 2837 5702 5592 465 5127 1059 956 850 4068 3486 582 361
internal_count=8640 8539 2837 5702 5592 465 5127 1059 956 850 4068 3486 582 361
cat_boundaries=0 1
cat_threshold=2409128248
is_linear=0
shrinkage=0.03


Tree=386
num_leaves=15
num_cat=1
split_feature=22 31 22 30 32 31 32 31 2 28 37 1 38 31
split_gain=0.131313 0.319017 0.283018 0.275009 0.271454 0.234108 0.311421 0.250857 0.220349 0.365349 0.287779 0.426228 0.521452 0.485016
threshold=6402.0500000000002 1.8322390932420876 5742.3000000000002 237.12500000000003 8.5000000000000018 0.97209623732310757 4.5000000000000009 1.3433035714285715 1.0000000180025095e-35 9.156869212962965 0 86.500000000000014 1.4765739440917971 2.2152717697949975
decision_type=2 10 2 2 2 10 2 10 2 2 9 2 2 10
left_child=2 3 8 5 -3 6 -2 -7 10 -10 -1 -12 -13 -14
right_child=1 4 -4 -5 -6 7 -8 -9 9 -11 11 12 13 -15
leaf_value=0.00037710874729980572 0.001556968483539512 7.2096333252764979e-05 0.0013978181312095138 0.0015134930237196385 -0.0017863352230597228 -0.0015795821364729609 -0.00026725760601573924 0.00025777424883407157 -7.770959678456065e-05 -0.001556872258017967 8.9472488327072016e-05 -0.001867115503527271 -0.0010152593256884017 0.0011471104307777501
leaf_weight=2332 122 112 143 100 192 166 272 112 719 190 3453 238 215 165
leaf_count=2332 122 112 143 100 192 166 272 112 719 190 3453 238 215 165
internal_value=3.13362e-05 -0.000278472 7.60517e-05 4.56807e-05 -0.00110165 -0.000172744 0.000297604 -0.000839352 5.0202e-05 -0.000386886 0.000112253 -4.02922e-05 -0.000765989 -7.63356e-05
internal_weight=8531 1076 7455 772 304 672 394 278 7312 909 6403 4071 618 380
internal_count=8531 1076 7455 772 304 672 394 278 7312 909 6403 4071 618 380
cat_boundaries=0 1
cat_threshold=2439037022
is_linear=0
shrinkage=0.03


Tree=387
num_leaves=15
num_cat=3
split_feature=15 33 23 23 37 21 38 28 37 21 14 38 5 36
split_gain=0.233897 0.197619 0.546123 0.546272 0.519644 0.293281 0.587194 0.292397 0.312459 0.404932 0.375276 0.295049 0.280228 0.263317
threshold=1.0000000180025095e-35 1.0000000180025095e-35 27.500000000000004 12.500000000000002 0 59.833333333333336 1.214570999145508 25.087922453703708 1 19.500000000000004 1.5000000000000002 2.075095653533936 0.61250000000000016 2
decision_type=2 2 2 2 9 2 2 2 9 2 2 2 2 9
left_child=1 7 3 -3 -4 13 -7 8 12 -10 -11 -12 -1 -6
right_child=-2 2 4 -5 5 6 -8 -9 9 10 11 -13 -14 -15
leaf_value=0.000136514401722421 -0.0010795257647155916 0.0011482800938787737 0.0021448216093050542 -0.0013966482176350251 0.0002451933541453129 0.0028712245133035229 0.00043087276983799083 -0.0014575292973590659 -0.0009372461093936186 0.001178592717863948 -6.9256384122038257e-05 -0.0014069788557244465 0.0014183224446388967 -0.001188327164027904
leaf_weight=3295 168 105 161 274 554 107 520 126 577 204 2045 160 161 135
leaf_count=3295 168 105 161 274 554 107 520 126 577 204 2045 160 161 135
internal_value=2.88595e-05 5.0964e-05 0.000324304 -0.000691589 0.000584984 0.000375005 0.000847328 -2.62771e-05 1.71699e-06 -0.000222665 -5.24338e-05 -0.000166325 0.000195662 -4.93736e-05
internal_weight=8592 8424 1856 379 1477 1316 627 6568 6442 2986 2409 2205 3456 689
internal_count=8592 8424 1856 379 1477 1316 627 6568 6442 2986 2409 2205 3456 689
cat_boundaries=0 1 2 3
cat_threshold=2283798530 2786859668 17
is_linear=0
shrinkage=0.03


Tree=388
num_leaves=15
num_cat=3
split_feature=31 30 30 0 38 26 37 24 26 24 21 5 37 35
split_gain=0.15996 0.412956 0.374339 0.325713 0.301677 0.269613 0.246273 0.380668 0.373381 0.310925 0.211521 0.235237 0.300398 0.285751
threshold=3.2948938677315356 289.02500000000003 247.55000000000004 6.5000000000000009 1.9379359483718874 1.0000000180025095e-35 0 45.290999999999777 1.0000000180025095e-35 53.570333333333231 120.70833333333334 1.0000000180025095e-35 1 2
decision_type=8 2 2 2 2 10 9 10 10 8 2 2 9 1
left_child=10 2 4 -3 6 -4 7 -2 -9 -8 11 13 -13 -1
right_child=1 3 5 -5 -6 -7 9 8 -10 -11 -12 12 -14 -15
leaf_value=0.00050113663779126024 0.0013930353542731999 -0.0003905668880583511 -0.0026807280656149877 0.0015474643442226019 0.0011894941615124678 -0.00066347298660295322 -0.0018430001712483118 0.00056893042038386958 -0.0016480868612771555 -0.00037601053563174699 -0.00026817083451816803 -0.00084940981100919803 7.6986873478060319e-05 -8.5519514567142184e-05
leaf_weight=2282 149 135 105 185 119 138 177 143 131 490 1308 377 1690 1111
leaf_count=2282 149 135 105 185 119 138 177 143 131 490 1308 377 1690 1111
internal_value=8.05136e-06 -0.000245693 -0.00046069 0.000729857 -0.000244737 -0.00153513 -0.000401318 0.000168637 -0.00049103 -0.000753997 7.44868e-05 0.000156574 -9.57155e-05 0.000310268
internal_weight=8540 1772 1452 320 1209 243 1090 423 274 667 6768 5460 2067 3393
internal_count=8540 1772 1452 320 1209 243 1090 423 274 667 6768 5460 2067 3393
cat_boundaries=0 1 2 3
cat_threshold=2566914800 404267152 13
is_linear=0
shrinkage=0.03


Tree=389
num_leaves=15
num_cat=2
split_feature=24 27 37 24 38 27 31 31 24 25 22 28 22 37
split_gain=0.240922 0.473574 0.445635 0.373732 0.370572 0.292048 0.380798 0.263809 0.335761 0.315146 0.239796 0.334654 0.251076 0.235791
threshold=195.64700000000801 30.624890046296297 0 215.06666666666862 2.075095653533936 29.99902777777778 1.2585729879880547 1.8322390932420876 99.208500000000086 0.48074074074074075 449.2000000000001 20.464664351851855 47.437500000000007 1
decision_type=8 2 9 8 2 2 8 10 10 8 2 2 2 9
left_child=1 2 5 -2 -4 6 -1 -8 9 -9 12 13 -5 -12
right_child=3 -3 4 10 -6 -7 7 8 -10 -11 11 -13 -14 -15
leaf_value=-8.6621304508298632e-05 -0.0015479436619056054 -0.0018959221887081244 8.5149169126686689e-05 -3.8303353103754809e-05 -0.0012475929485113663 -0.00043144021385084817 0.0022120399387786163 -0.0008904729607729677 0.0017373123886209867 0.0013269839382597378 0.00097779332660138615 0.0012664128878351315 -0.0012496427639314741 -0.00020624934088918915
leaf_weight=243 179 103 4471 309 196 169 200 128 223 105 158 181 307 1531
leaf_count=243 179 103 4471 309 196 169 200 128 223 105 158 181 307 1531
internal_value=1.23738e-05 0.000120266 0.000156477 -0.000223977 2.91156e-05 0.00070614 0.000927845 0.00130363 0.000905205 0.00010881 -0.000128647 4.04598e-05 -0.000642007 -9.09183e-05
internal_weight=8503 5838 5735 2665 4667 1068 899 656 456 233 2486 1870 616 1689
internal_count=8503 5838 5735 2665 4667 1068 899 656 456 233 2486 1870 616 1689
cat_boundaries=0 1 2
cat_threshold=2108745 138412032
is_linear=0
shrinkage=0.03


Tree=390
num_leaves=15
num_cat=2
split_feature=31 31 1 31 31 38 31 37 1 38 38 22 31 37
split_gain=0.191904 0.172594 0.159221 0.170774 0.16305 0.172336 0.499561 0.353249 0.341415 0.193153 0.443027 0.414664 0.380491 0.28322
threshold=0.1106014271151886 9.8538461538461561 280.50000000000006 7.4976562500000012 5.3583467094703057 2.1367684602737431 1.7085313261190753 0 32.500000000000007 1.3781748414039614 1.287217974662781 6331.4577500000005 3.0695184816355225 1
decision_type=8 10 2 10 10 2 8 9 2 2 2 2 8 9
left_child=-1 2 3 4 5 7 -7 8 -2 10 11 13 -12 -9
right_child=1 -3 -4 -5 -6 6 -8 9 -10 -11 12 -13 -14 -15
leaf_value=0.0011773735266178845 0.00029126816987462171 -0.00092718917384026719 0.0010933318871684606 0.0011118106715357265 -0.0007288355267330188 -0.00056687497062069415 0.0022941491909803965 -0.00016027090275189644 -0.0017913947473999683 0.00011984701029751073 -0.00051562117687948747 -0.0013194245653221767 -0.0023308430548762945 0.00063004235341081877
leaf_weight=120 110 189 116 117 300 114 106 890 199 4593 642 179 124 741
leaf_count=120 110 189 116 117 300 114 106 890 199 4593 642 179 124 741
internal_value=-1.38692e-05 -3.08466e-05 -1.02648e-05 -2.60401e-05 -4.26854e-05 -1.59453e-05 0.000811618 -4.02919e-05 -0.00101708 3.22398e-06 -0.000204702 5.12381e-05 -0.000809469 0.000201666
internal_weight=8540 8420 8231 8115 7998 7698 220 7478 309 7169 2576 1810 766 1631
internal_count=8540 8420 8231 8115 7998 7698 220 7478 309 7169 2576 1810 766 1631
cat_boundaries=0 1 2
cat_threshold=2097157 104907136
is_linear=0
shrinkage=0.03


Tree=391
num_leaves=15
num_cat=0
split_feature=24 27 27 27 24 30 21 0 1 26 24 1 1 1
split_gain=0.202897 0.437579 0.410179 0.397563 0.335751 0.549276 0.342257 0.283391 0.282976 0.279199 0.350034 0.477994 0.377158 0.556853
threshold=176.42833333332604 30.998709490740744 29.99902777777778 28.07513888888889 260.24633333333367 91.500000000000014 73.333333333333357 8.5000000000000018 36.500000000000007 1.0000000180025095e-35 362.38183333334752 76.500000000000014 43.500000000000007 23.500000000000004
decision_type=8 2 2 2 8 2 2 2 2 10 10 2 2 2
left_child=2 4 3 -1 5 8 -7 -8 -2 -6 -11 12 13 -12
right_child=1 -3 -4 -5 9 6 7 -9 -10 10 11 -13 -14 -15
leaf_value=0.0001381342670638423 -0.00037368832674896827 0.0015774893281106813 -0.0011607330232779956 0.0017257396390897616 0.00029977734613691599 -0.0021842858593567813 -0.0011023535452133384 0.00040588513193652034 0.0016283355853722794 0.00044193810143042353 -0.0018221845391175908 0.00089258611700541079 -0.0028167093003006734 0.00084175937185468873
leaf_weight=5129 142 123 213 146 1095 190 444 150 115 267 183 107 115 115
leaf_count=5129 142 123 213 146 1095 190 444 150 115 267 183 107 115 115
internal_value=2.098e-05 -0.000175367 0.000129959 0.000182076 -0.000249128 -0.000681443 -0.00107599 -0.000721485 0.000522159 -9.99927e-06 -0.00044101 -0.00089437 -0.00135733 -0.000794152
internal_weight=8534 3046 5488 5275 2923 1041 784 594 257 1882 787 520 413 298
internal_count=8534 3046 5488 5275 2923 1041 784 594 257 1882 787 520 413 298
is_linear=0
shrinkage=0.03


Tree=392
num_leaves=15
num_cat=2
split_feature=37 0 13 1 27 36 5 26 25 1 31 31 21 28
split_gain=0.188288 0.316853 0.21512 0.503943 0.503614 0.413668 0.317879 0.36798 0.259414 0.203815 0.182611 0.486631 0.269914 0.323636
threshold=0 15.500000000000002 1.0000000180025095e-35 17.500000000000004 13.999623842592593 1 0.21825000000000003 0.039230769230769243 0.3418750000000001 59.500000000000007 2.4757543249946594 2.4004002287021158 51.500000000000007 23.449693287037039
decision_type=9 2 2 2 2 9 2 10 8 2 8 10 2 2
left_child=2 10 3 -1 5 -4 7 -5 -6 -3 11 12 -2 -14
right_child=1 9 4 6 8 -7 -8 -9 -10 -11 -12 -13 13 -15
leaf_value=0.001728698511807514 0.00046911338541442808 0.00027182046932866793 0.0011334175149996526 -0.0018661302622474197 -0.00073547614905692163 -0.00090583545040025671 0.00078154678018894539 -0.00013687029955550457 -0.0027491267379589897 0.0021871994772925973 -0.00020222093905981718 0.0020965627338313917 -0.00010971101465376671 0.0015088764471811768
leaf_weight=126 1182 100 145 168 104 202 169 325 129 100 2279 110 3347 115
leaf_count=126 1182 100 145 168 104 202 169 325 129 100 2279 110 3347 115
internal_value=-9.19744e-06 5.19774e-05 -0.000330609 -1.02732e-05 -0.000771525 -4.71395e-05 -0.000341256 -0.000726152 -0.00185033 0.00122951 1.85654e-05 0.000124407 7.76938e-05 -5.59451e-05
internal_weight=8601 7233 1368 788 580 347 662 493 233 200 7033 4754 4644 3462
internal_count=8601 7233 1368 788 580 347 662 493 233 200 7033 4754 4644 3462
cat_boundaries=0 1 2
cat_threshold=286851923 1
is_linear=0
shrinkage=0.03


Tree=393
num_leaves=15
num_cat=1
split_feature=28 6 28 21 31 28 24 38 37 17 38 13 23 30
split_gain=0.161667 0.348931 0.212225 0.387769 0.209959 0.173183 0.204793 0.53718 0.176362 0.345024 0.328627 0.286285 0.369123 0.544999
threshold=22.94172453703704 1.0000000180025095e-35 15.638628472222225 105.28333333333335 3.1885887096774197 14.450526620370374 533.18250000001296 1.6502979397773745 0 2.5000000000000004 2.0847059488296513 0.50000000000000011 121.50000000000001 50.500000000000007
decision_type=2 2 2 2 10 2 10 2 9 2 2 2 2 2
left_child=2 -2 5 4 -4 6 8 -8 9 10 11 12 13 -1
right_child=1 -3 3 -5 -6 -7 7 -9 -10 -11 -12 -13 -14 -15
leaf_value=0.00099311758915338836 -0.00028535612867329349 0.0019611893621683855 0.0009371855988359564 -0.0019501837452729071 -0.0008756323847919702 0.0011772206145635043 -0.0017580413595807956 0.00092901580567391077 -0.00010664298259074885 -0.0012251460525131194 0.0018223156934030927 -0.00033436311874538658 0.00098167355845205518 -0.00030423547794997179
leaf_weight=424 137 114 115 145 115 110 188 104 4620 147 117 678 627 932
leaf_count=424 137 114 115 145 115 110 188 104 4620 147 117 678 627 932
internal_value=-1.51538e-05 0.000734987 -3.77788e-05 -0.000735195 3.07766e-05 -4.86937e-06 -2.14612e-05 -0.000801007 8.70815e-06 0.000190617 0.000266219 0.0001978 0.00037975 0.000101427
internal_weight=8573 251 8322 375 230 7947 7837 292 7545 2925 2778 2661 1983 1356
internal_count=8573 251 8322 375 230 7947 7837 292 7545 2925 2778 2661 1983 1356
cat_boundaries=0 1
cat_threshold=203713772
is_linear=0
shrinkage=0.03


Tree=394
num_leaves=15
num_cat=0
split_feature=28 28 28 32 23 23 38 25 6 26 31 17 22 22
split_gain=0.357366 0.212247 0.373213 0.22056 0.172033 1.15067 0.34327 0.267882 0.343403 0.314062 0.280842 0.253865 0.585657 0.521477
threshold=26.983998842592595 20.991348379629631 16.50072916666667 15.500000000000002 50.500000000000007 45.500000000000007 2.0847059488296513 0.54226190476190483 2.5000000000000004 0.07571428571428572 2.0575120277345413 1.0000000180025095e-35 7250.4000000000005 6444.0500000000002
decision_type=2 2 2 2 2 2 2 10 2 10 8 2 2 2
left_child=1 2 4 -4 5 6 7 8 9 -1 -9 12 -6 -13
right_child=-2 -3 3 -5 11 -7 -8 10 -10 -11 -12 13 -14 -15
leaf_value=0.00023224413200906372 -0.00156771402579183 0.0010774320001150862 -1.0979233411489985e-05 -0.0018214185828752494 4.2172210619473619e-05 0.0026559223357471638 0.0018730065453099085 -0.0016375245222179974 0.0016032987559906598 -0.0011820143779885828 -8.4500493401334635e-05 -0.00010546247123116124 0.0015564457627332878 -0.0017814823803955113
leaf_weight=1851 117 196 104 145 3314 175 100 148 152 153 359 1334 247 191
leaf_count=1851 117 196 104 145 3314 175 100 148 152 153 359 1334 247 191
internal_value=7.89532e-05 0.000101702 7.85855e-05 -0.00106525 0.000114081 0.000296846 0.00014743 8.26315e-05 0.000228542 0.000124269 -0.000537849 8.50388e-06 0.000147206 -0.000315377
internal_weight=8586 8469 8273 249 8024 2938 2763 2663 2156 2004 507 5086 3561 1525
internal_count=8586 8469 8273 249 8024 2938 2763 2663 2156 2004 507 5086 3561 1525
is_linear=0
shrinkage=0.03


Tree=395
num_leaves=15
num_cat=2
split_feature=30 5 17 30 29 37 37 29 28 1 38 23 18 38
split_gain=0.27766 0.166135 0.331544 0.324711 0.677507 0.31375 0.293251 0.248791 1.02557 0.469996 0.259407 0.227161 0.223398 0.365113
threshold=2.2500000000000004 0.15470000000000003 1.5000000000000002 221.92500000000004 1.0000000180025095e-35 0 1 1.5000000000000002 3.7224016203703707 25.500000000000004 1.8768447041511538 113.50000000000001 1.0000000180025095e-35 1.9379359483718874
decision_type=2 2 2 2 2 9 9 2 2 2 2 2 2 2
left_child=-1 2 6 4 -4 -3 -2 10 9 11 -8 -9 13 -7
right_child=1 5 3 -5 -6 12 7 8 -10 -11 -12 -13 -14 -15
leaf_value=-0.0014617913759623965 -0.00012522717130888613 -0.0015905993133977364 0.00029636425756059034 0.00065395000551573255 -0.0024998233726415027 -0.0002342316351470345 0.00027114952838175994 0.0022781846294381925 0.0031108975740882787 -0.00053741603358189993 -0.00098295690997226019 0.00031405571914677109 -0.0015248766147251268 0.00080464927925271942
leaf_weight=126 2311 134 142 110 173 2386 1903 107 141 302 161 105 103 349
leaf_count=126 2311 134 142 110 173 2386 1903 107 141 302 161 105 103 349
internal_value=-6.39111e-05 -4.30101e-05 5.53101e-05 -0.000749297 -0.00123932 -0.000223473 0.000123294 0.000333756 0.000844395 0.00022265 0.000173324 0.00130538 -0.00015278 -0.000101665
internal_weight=8553 8427 5455 425 315 2972 5030 2719 655 514 2064 212 2838 2735
internal_count=8553 8427 5455 425 315 2972 5030 2719 655 514 2064 212 2838 2735
cat_boundaries=0 1 2
cat_threshold=1576996 1829276550
is_linear=0
shrinkage=0.03


Tree=396
num_leaves=15
num_cat=1
split_feature=28 1 28 23 32 23 28 23 31 19 35 30 32 30
split_gain=0.228482 0.420826 0.242184 0.197521 0.193226 0.369793 0.602352 0.424073 0.3247 0.292792 0.256077 0.213072 0.517413 0.468863
threshold=20.991348379629631 48.500000000000007 16.50072916666667 126.50000000000001 13.500000000000002 157.50000000000003 2.5324884259259264 183.50000000000003 1.2900987958515222 1.0000000180025095e-35 0 110.50000000000001 1.5000000000000002 98.500000000000014
decision_type=2 2 2 2 2 2 2 2 10 2 1 2 2 2
left_child=2 -2 4 -4 11 8 -7 -8 10 -10 -6 13 -13 -1
right_child=1 -3 3 -5 5 6 7 -9 9 -11 -12 12 -14 -15
leaf_value=-9.6692890792705985e-05 0.0016664870676504507 -0.00059820296851103194 -0.00166810145290721 6.5011747484095391e-05 -8.6344984865718288e-05 -0.00036207483817413924 0.0034135946546707094 0.00079581390311131656 -0.00017324423312964568 0.0010340000214196289 0.0015970009495846597 -0.0023866819058595275 -0.00025885905885105273 0.0011433593530913325
leaf_weight=3107 192 120 145 100 142 157 108 115 2082 198 194 111 1401 301
leaf_count=3107 192 120 145 100 142 157 108 115 2082 198 194 111 1401 301
internal_value=-1.29906e-06 0.000795452 -3.17594e-05 -0.000960708 -3.00841e-06 0.00018693 0.00106142 0.00206362 5.99011e-05 -6.84046e-05 0.000930547 -0.00011867 -0.000415068 1.28305e-05
internal_weight=8473 312 8161 245 7916 2996 380 223 2616 2280 336 4920 1512 3408
internal_count=8473 312 8161 245 7916 2996 380 223 2616 2280 336 4920 1512 3408
cat_boundaries=0 1
cat_threshold=16
is_linear=0
shrinkage=0.03


Tree=397
num_leaves=15
num_cat=0
split_feature=28 28 1 1 31 1 27 21 1 1 24 25 27 0
split_gain=0.251823 0.192483 0.301991 0.351503 0.4617 0.358196 0.162256 0.320373 0.462507 0.332026 0.282622 0.407059 0.485104 0.410781
threshold=25.616458333333338 13.914479166666668 66.500000000000014 26.500000000000004 2.1603571428571429 14.500000000000002 17.423611111111114 84.650000000000006 92.500000000000014 2.5000000000000004 368.89766666666844 0.26235294117647062 30.343460648148152 6.5000000000000009
decision_type=2 2 2 2 10 2 2 2 2 2 10 10 2 2
left_child=1 6 3 5 -5 -3 -1 -8 9 -9 11 -11 13 -13
right_child=-2 2 -4 4 -6 -7 7 8 -10 10 -12 12 -14 -15
leaf_value=-8.6432389727085133e-05 0.0012059393697480777 6.7630176723469044e-05 -0.0017186287181451916 -0.00097267002389434302 0.0016511366211343556 -0.0023504306862356743 -0.00027202085411745568 0.0014274672648195972 0.0018699038704301442 -0.00086535919217689365 -0.00062940896993068159 0.00024297674963637798 -0.00098608428611347831 0.0019722269674471169
leaf_weight=5519 149 120 150 101 150 102 804 192 186 179 351 231 116 266
leaf_count=5519 149 120 150 101 150 102 804 192 186 179 351 231 116 266
internal_value=-1.66694e-05 -3.81846e-05 -0.000545733 -0.000173779 0.000595342 -0.00104337 2.12686e-06 0.000212346 0.000468381 0.000273113 7.92059e-05 0.000393251 0.000760774 0.00116849
internal_weight=8616 8467 623 473 251 222 7844 2325 1521 1335 1143 792 613 497
internal_count=8616 8467 623 473 251 222 7844 2325 1521 1335 1143 792 613 497
is_linear=0
shrinkage=0.03


Tree=398
num_leaves=15
num_cat=0
split_feature=31 25 1 24 5 23 29 21 31 26 27 22 1 31
split_gain=0.183 0.332296 0.207664 0.294512 0.416132 0.194313 0.164844 0.250765 0.162469 0.168096 0.279482 0.428388 0.419924 0.249487
threshold=3.7558696440645338 0.65500000000000014 51.500000000000007 39.46533333333501 0.23305000000000003 192.50000000000003 2.5000000000000004 37.583333333333336 3.5964306480092683 1.0000000180025095e-35 13.999635416666669 305.90000000000003 90.500000000000014 2.4757543249946594
decision_type=10 10 2 10 2 2 2 2 10 8 2 2 2 8
left_child=5 2 6 -4 -5 8 -2 -8 9 10 11 -1 -13 -12
right_child=1 -3 3 4 -6 -7 7 -9 -10 -11 13 12 -14 -15
leaf_value=0.00013114263945156627 -0.00057969463701024551 0.00061891987675665176 0.0010676631950415098 -0.001758587706205271 0.00071883815697559676 -0.0011402985856513307 -0.0026891255997811038 -0.00059484314974397423 0.0011529291790296754 0.0001819996771297775 0.00031632220319800558 -0.0012960394060426445 0.00078621486561300546 -0.00049204796000841739
leaf_weight=593 313 247 130 142 107 121 106 100 123 4009 1423 567 103 453
leaf_count=593 313 247 130 142 107 121 106 100 123 4009 1423 567 103 453
internal_value=-2.63762e-06 -0.000355555 -0.00062359 -8.97297e-05 -0.000693991 5.20283e-05 -0.00101344 -0.00167248 7.18703e-05 5.32679e-05 -0.000111143 -0.000456141 -0.000975932 0.000121124
internal_weight=8537 1145 898 379 249 7392 519 206 7271 7148 3139 1263 670 1876
internal_count=8537 1145 898 379 249 7392 519 206 7271 7148 3139 1263 670 1876
is_linear=0
shrinkage=0.03


Tree=399
num_leaves=15
num_cat=0
split_feature=28 28 1 24 38 24 23 1 5 38 26 24 1 1
split_gain=0.184459 0.210341 0.178472 0.171727 0.215199 0.188445 0.518583 0.508401 0.1337 0.385946 0.236495 0.286203 0.226842 0.210887
threshold=27.590653935185188 20.991348379629631 36.500000000000007 550.35749999999314 1.6176956295967104 403.83366666667052 137.00000000000003 25.500000000000004 0.45800000000000007 1.7078948616981509 0.05634920634920635 62.516166666665036 20.500000000000004 32.500000000000007
decision_type=2 2 2 10 2 10 2 2 2 2 10 10 2 2
left_child=1 3 -3 5 -5 8 7 -7 -1 12 11 -11 -10 -14
right_child=-2 2 -4 4 -6 6 -8 -9 9 10 -12 -13 13 -15
leaf_value=1.2150922292925034e-05 -0.001240162592084909 0.0018257648753880627 6.8144884293100662e-05 -0.0013070112024667912 0.0003716275937289798 -3.2823186788081598e-05 -0.000674096919243505 0.002663743047020726 -0.00089748606140056819 -0.0029381004258472068 -6.117830802955163e-05 -0.0007175535231188423 0.0015645082585817563 4.6494761264650824e-05
leaf_weight=6595 110 103 105 199 105 113 169 142 163 103 104 106 108 347
leaf_count=6595 110 103 105 199 105 113 169 142 163 103 104 106 108 347
internal_value=-1.95713e-05 -3.70446e-06 0.000938505 -2.7448e-05 -0.000727218 -6.89531e-07 0.00061467 0.00146879 -3.53577e-05 -0.000371898 -0.00123018 -0.00181189 6.27999e-05 0.000406814
internal_weight=8572 8462 208 8254 304 7950 424 255 7526 931 313 209 618 455
internal_count=8572 8462 208 8254 304 7950 424 255 7526 931 313 209 618 455
is_linear=0
shrinkage=0.03


end of trees

feature_importances:
predicted_log=598
commitment_to_velocity_ratio=531
project_key=527
sprint_committed_points=444
description_length=443
mean_cycle_time_hours=359
sprint_length_days=284
history_sprints=273
days_into_sprint=249
velocity_variance=236
team_velocity_rolling=218
wip_at_commitment=210
historical_spillover_rate=200
title_length=197
issue_type=142
ambiguity_score=99
priority_level=81
reopen_rate=80
traceability_coverage_pct=75
linked_issue_count=74
in_progress_at_commitment=55
parallel_sprints=42
missing_info_flag_count=34
description_has_code=31
vague_term_count=28
unlinked_artifact_count=19
has_epic=13
dep_out_degree=10
mentions_tests=9
invest_independent=9
invest_testable=5
dep_in_degree=5
ac_completeness_score=4
invest_valuable=4
blocker_count=4
added_mid_sprint=4
has_acceptance_criteria=2
has_linked_tests=2

parameters:
[boosting: gbdt]
[objective: regression]
[metric: l2]
[tree_learner: serial]
[device_type: cpu]
[data_sample_strategy: bagging]
[data: ]
[valid: ]
[num_iterations: 400]
[learning_rate: 0.03]
[num_leaves: 15]
[num_threads: 16]
[seed: 42]
[deterministic: 0]
[force_col_wise: 0]
[force_row_wise: 0]
[histogram_pool_size: -1]
[max_depth: -1]
[min_data_in_leaf: 100]
[min_sum_hessian_in_leaf: 0.001]
[bagging_fraction: 0.8]
[pos_bagging_fraction: 1]
[neg_bagging_fraction: 1]
[bagging_freq: 1]
[bagging_seed: 400]
[bagging_by_query: 0]
[feature_fraction: 0.8]
[feature_fraction_bynode: 1]
[feature_fraction_seed: 30056]
[extra_trees: 0]
[extra_seed: 12879]
[early_stopping_round: 0]
[early_stopping_min_delta: 0]
[first_metric_only: 0]
[max_delta_step: 0]
[lambda_l1: 0]
[lambda_l2: 0]
[linear_lambda: 0]
[min_gain_to_split: 0]
[drop_rate: 0.1]
[max_drop: 50]
[skip_drop: 0.5]
[xgboost_dart_mode: 0]
[uniform_drop: 0]
[drop_seed: 17869]
[top_rate: 0.2]
[other_rate: 0.1]
[min_data_per_group: 100]
[max_cat_threshold: 32]
[cat_l2: 10]
[cat_smooth: 10]
[max_cat_to_onehot: 4]
[top_k: 20]
[monotone_constraints: ]
[monotone_constraints_method: basic]
[monotone_penalty: 0]
[feature_contri: ]
[forcedsplits_filename: ]
[refit_decay_rate: 0.9]
[cegb_tradeoff: 1]
[cegb_penalty_split: 0]
[cegb_penalty_feature_lazy: ]
[cegb_penalty_feature_coupled: ]
[path_smooth: 0]
[interaction_constraints: ]
[verbosity: -1]
[saved_feature_importance_type: 0]
[use_quantized_grad: 0]
[num_grad_quant_bins: 4]
[quant_train_renew_leaf: 0]
[stochastic_rounding: 1]
[linear_tree: 0]
[max_bin: 255]
[max_bin_by_feature: ]
[min_data_in_bin: 3]
[bin_construct_sample_cnt: 200000]
[data_random_seed: 175]
[is_enable_sparse: 1]
[enable_bundle: 1]
[use_missing: 1]
[zero_as_missing: 0]
[feature_pre_filter: 1]
[pre_partition: 0]
[two_round: 0]
[header: 0]
[label_column: ]
[weight_column: ]
[group_column: ]
[ignore_column: ]
[categorical_feature: 35,36,37]
[forcedbins_filename: ]
[precise_float_parser: 0]
[parser_config_file: ]
[objective_seed: 16083]
[num_class: 1]
[is_unbalance: 0]
[scale_pos_weight: 1]
[sigmoid: 1]
[boost_from_average: 1]
[reg_sqrt: 0]
[alpha: 0.9]
[fair_c: 1]
[poisson_max_delta_step: 0.7]
[tweedie_variance_power: 1.5]
[lambdarank_truncation_level: 30]
[lambdarank_norm: 1]
[label_gain: ]
[lambdarank_position_bias_regularization: 0]
[eval_at: ]
[multi_error_top_k: 1]
[auc_mu_weights: ]
[num_machines: 1]
[local_listen_port: 12400]
[time_out: 120]
[machine_list_filename: ]
[machines: ]
[gpu_platform_id: -1]
[gpu_device_id: -1]
[gpu_device_id_list: ]
[gpu_use_dp: 0]
[num_gpu: 1]

end of parameters

pandas_categorical:[["Bug", "Improvement", "New Feature", "Story", "Task"], ["high", "highest", "low", "lowest", "medium", "unknown"], ["ALOY", "APIKIT", "BE", "CLI", "CLOV", "COMPASS", "CONFCLOUD", "CONFSERVER", "CWD", "CXX", "DAEMON", "DM", "FAB", "FE", "INDY", "IS", "JAVA", "JRACLOUD", "JRASERVER", "JSWCLOUD", "JSWSERVER", "MDL", "MESOS", "MULE", "MXNET", "NEXUS", "STL", "TIDOC", "TIMOB", "TISTUD", "USERGRID", "XD"]]
