tree
version=v4
num_class=1
num_tree_per_iteration=1
label_index=0
max_feature_idx=138
objective=binary sigmoid:1
feature_names=fasttext_0 fasttext_1 fasttext_2 fasttext_3 fasttext_4 fasttext_5 fasttext_6 fasttext_7 fasttext_8 fasttext_9 fasttext_10 fasttext_11 fasttext_12 fasttext_13 fasttext_14 fasttext_15 fasttext_16 fasttext_17 fasttext_18 fasttext_19 fasttext_20 fasttext_21 fasttext_22 fasttext_23 fasttext_24 fasttext_25 fasttext_26 fasttext_27 fasttext_28 fasttext_29 fasttext_30 fasttext_31 fasttext_32 fasttext_33 fasttext_34 fasttext_35 fasttext_36 fasttext_37 fasttext_38 fasttext_39 fasttext_40 fasttext_41 fasttext_42 fasttext_43 fasttext_44 fasttext_45 fasttext_46 fasttext_47 fasttext_48 fasttext_49 fasttext_50 fasttext_51 fasttext_52 fasttext_53 fasttext_54 fasttext_55 fasttext_56 fasttext_57 fasttext_58 fasttext_59 fasttext_60 fasttext_61 fasttext_62 fasttext_63 fasttext_64 fasttext_65 fasttext_66 fasttext_67 fasttext_68 fasttext_69 fasttext_70 fasttext_71 fasttext_72 fasttext_73 fasttext_74 fasttext_75 fasttext_76 fasttext_77 fasttext_78 fasttext_79 fasttext_80 fasttext_81 fasttext_82 fasttext_83 fasttext_84 fasttext_85 fasttext_86 fasttext_87 fasttext_88 fasttext_89 fasttext_90 fasttext_91 fasttext_92 fasttext_93 fasttext_94 fasttext_95 fasttext_96 fasttext_97 fasttext_98 fasttext_99 title_length description_length description_has_code user_story_format mentions_tests ambiguity_score vague_term_count missing_info_flag_count has_acceptance_criteria ac_completeness_score invest_independent invest_valuable invest_testable traceability_coverage_pct unlinked_artifact_count has_linked_tests has_epic linked_issue_count blocker_count dep_out_degree dep_in_degree team_velocity_rolling velocity_variance history_sprints mean_cycle_time_hours historical_spillover_rate reopen_rate sprint_length_days days_into_sprint parallel_sprints sprint_committed_points commitment_to_velocity_ratio wip_at_commitment in_progress_at_commitment added_mid_sprint story_points issue_type priority_level project_key
feature_infos=[-0.51448565721511841:0.88152009248733521] [-0.42530930042266846:0.664306640625] [-0.44395828247070312:0.663818359375] [-0.493438720703125:0.906005859375] [-0.65557861328125:0.58765625953674316] [-1.3312069177627563:0.52473956346511841] [-0.7913818359375:0.3597818911075592] [-0.90561521053314209:0.57389324903488159] [-0.38739013671875:0.724365234375] [-0.6920166015625:0.544921875] [-0.90025067329406738:0.31829833984375] [-0.3824462890625:0.86974072456359863] [-0.68310546875:0.57249921560287476] [-0.440673828125:0.80131804943084717] [-0.73701173067092896:0.63576000928878784] [-0.7291259765625:0.501678466796875] [-0.99328303337097168:0.1954868882894516] [-0.68212890625:0.54497647285461426] [-0.68657654523849487:0.93292236328125] [-0.3406805694103241:0.81318360567092896] [-0.52506512403488159:0.79046630859375] [-0.85664063692092896:0.2702890932559967] [-0.60484617948532104:0.6558837890625] [-0.71207684278488159:0.62523823976516724] [-0.36846923828125:0.89874267578125] [-0.91694289445877075:0.3591715395450592] [-0.8404272198677063:0.59185409545898438] [-0.81787109375:0.29470363259315491] [-0.47861328721046448:0.607666015625] [-0.72281903028488159:0.42670899629592896] [-0.42372894287109375:0.927001953125] [-1.1825025081634521:0.1783854216337204] [-0.63289386034011841:0.50958251953125] [-0.52817797660827637:0.54069012403488159] [-0.73095703125:0.63078045845031738] [-0.62172853946685791:0.5025634765625] [-0.67578125:0.55874252319335938] [-0.4211832582950592:0.61287432909011841] [-0.63383787870407104:0.50978857278823853] [-0.2590128481388092:0.753662109375] [-0.80322265625:0.2577311098575592] [-0.28407540917396545:1.0792412757873535] [-0.84407550096511841:0.82129806280136108] [-0.70400619506835938:0.7513427734375] [-0.81253582239151001:0.7275390625] [-0.7060546875:0.38242188096046448] [-0.4989827573299408:0.63036346435546875] [-0.4551595151424408:0.66367882490158081] [-0.0537109375:1.0655924081802368] [-0.46934813261032104:0.92817556858062744] [-0.5528564453125:0.5850830078125] [-0.5615234375:0.94904375076293945] [-0.76902061700820923:0.63214111328125] [-1.5412758588790894:0.572998046875] [-0.407470703125:0.90924072265625] [-0.45648652315139771:1.1632080078125] [-1.2203783988952637:0.3453165590763092] [-0.65266925096511841:0.74705243110656738] [-0.5245361328125:0.4590114951133728] [-0.91851806640625:0.4011077880859375] [-0.54691570997238159:0.68759763240814209] [-0.5972900390625:0.81446075439453125] [-0.9716796875:0.28228762745857239] [-0.50895184278488159:0.65869140625] [-0.49658203125:0.861572265625] [-0.6663818359375:0.4484049379825592] [-0.96044921875:0.17694091796875] [-0.83403784036636353:0.4373677670955658] [-1.2235107421875:0.3310275673866272] [-0.51350909471511841:0.63362628221511841] [-0.64603680372238159:0.63742899894714355] [-0.62992089986801147:0.5124053955078125] [-0.39710834622383118:0.49594727158546448] [-0.6365966796875:0.52789306640625] [-0.24204646050930023:1.0147705078125] [-0.6513671875:0.44727516174316406] [-0.550567626953125:0.71305340528488159] [-0.074310302734375:1.3113324642181396] [-0.92053747177124023:0.40996551513671875] [-0.7470703125:0.550537109375] [-0.99346923828125:0.64312458038330078] [-0.63852536678314209:0.52320820093154907] [-1.1410763263702393:0.48090821504592896] [-0.8779296875:0.4035470187664032] [-0.599517822265625:0.65498858690261841] [-0.12022653967142105:0.89764487743377686] [-0.67756146192550659:0.389892578125] [-0.62685960531234741:0.69872838258743286] [-0.581329345703125:0.80744165182113647] [-0.26611328125:1.171142578125] [-0.54228717088699341:0.7777099609375] [-0.905517578125:0.29454803466796875] [-0.2336883544921875:1.0470702648162842] [-0.8511962890625:0.75085335969924927] [-0.2661946713924408:0.8931884765625] [-0.74468994140625:0.4237467348575592] [-0.71956378221511841:0.4923502504825592] [-0.74198406934738159:0.64788818359375] [-0.73077392578125:0.50079345703125] [-1.322021484375:0.17506125569343567] [1:41] [0:5310] [0:1] [0:1] [0:1] [0:1] [0:39] [0:3] [0:1] [0:1] [0:1] [0:1] [0:1] [0:1] [0:3] [0:1] [0:1] [0:19] [0:5] [0:8] [0:13] [0:2369] [0:9085228.3000000007] [0:362] [0:2125.1356666666734] [0:1] [0:0.40000000000000002] [0.96412037037037035:380.99931712962962] [0:376.86172453703705] [0:13] [0:824] [0:162] [0:46] [0:1] [0:1] [1:100] -1:3:0:1:4:2 -1:4:5:2:0:1 -1:11:22:28:31:23:29:21:26:27:25:15:14:7:2:5:1:30:20:19:0:3:4:13:8:12:9:16:18:6:24:10
tree_sizes=908 947 916 934 942 913 929 925 922 929 928 929 931 921 919 927 939 939 922 949 929 940 918 931 914 926 940 935 921 930 936 911 946 926 921 913 918 939 925 924 914 924 938 940 926 924 951 922 926 922 920 919 944 925 946 914 935 932 935 922 927 948 920 929 948 919 929 932 922 917 907 920 942 915 916 919 924 934 937 917 933 932 925 944 915 939 919 948 937 954 918 949 939 952 910 902 911 939 925 916 944 939 909 920 939 922 915 928 925 926 952 933 933 945 945 916 931 929 916 926 928 949 952 931 941 915 939 928 919 921 922 934 943 915 926 951 940 926 926 930 907 951 942 937 950 922 926 944 940 955 939 929 933 901 918 949 917 925 943 942 912 946 941 922 921 930 954 940 924 939 927 921 923 950 921 943 930 928 940 922 925 919 955 913 919 941 945 923 920 924 924 918 926 941 929 944 920 922 933 927 924 938 919 921 938 922 925 920 945 953 926 930 955 929 916 915 922 919 920 923 922 916 947 921 940 927 945 923 949 918 918 923 944 923 929 916 937 928 921 927 917 921 944 924 942 932 934 928 925 925 940 924 950 944 915 952 917 929 942 941 943 947 934 941 943 925 930 945 919 924 919 954 919 928 922 944 922 924 945 939 952 923 933 919 948 931 925 917 914 937 939 947 925 946 927 927 919 943 940 943 949 935 938 939 944 957 956 926 923 936 922 920 948 920 946 915 926 945 922 924 947 920 950 924 920 945 941 917 926 927 952 946 923 919 919 920 949 923 921 919 921 926 921 925 922 938 928 915 922 927 939 927 923 929 920 920 913 924 923 922 924 922 924 917 925 924 917 918 943 948 918 925 930 948 929 922 934 922 920 932 933 919 921 952 942 945 939 930 926 943 915 922 947 913 946 933 920 918 926 920 914 922 920 920 949 936 923 920 948 924 941 919 952 920 919 916 917 923 918 919 915 913 940 948 923 956 913 952 942 925 942 947 927 922 918 915 946 946 920 939 951 936 925 934 923 928 952 921 945 922 934 939 941 925 918 920 925 953 943 944 918 922 925 917 940 935 928 916 921 942 921 928 939 921 943 916 917 925 918 947 943 946 938 918 924 938 944 947 923 932 945 925 928 945 938 947 922 920 917 918 916 942 920 944 916 952 931 919 920 941 922 947 915 924 947 924 946 922 922 927 945 922 924 924 947 919 923 929 949 946 928 943 942 941 931 922 919 940 922 920 921 937 925 927 945 924 940 916 936 921 938 914 924 923 922 920 944 938 941 942 920 923 948 913 918 913 907 927 937 919 947 942 938 951 923 927 926 950 935 926 957 953 922 933 914 928 938

Tree=0
num_leaves=7
num_cat=1
split_feature=122 135 127 135 137 47
split_gain=229.266 228.476 113.739 65.6612 52.006 40.198
threshold=1.0000000180025095e-35 3.3350000000000004 21.03633680555556 1.7500000000000002 0 0.16300138086080554
decision_type=8 2 2 2 9 2
left_child=-1 3 -3 -2 -5 -6
right_child=1 2 -4 4 5 -7
leaf_value=-0.08279424192010397 -0.11268084258979619 -0.10322399899538059 -0.094561735034553757 -0.1109323448591084 -0.10293667392741201 -0.11320719037478101
leaf_weight=84.272290617227554 404.90591704845428 785.87650895118713 381.96789711713791 274.25893396139145 538.29548947513103 72.803280651569366
leaf_count=338 1624 3152 1532 1100 2159 292
internal_value=-0.103834 -0.104561 -0.100387 -0.108339 -0.106348 -0.104166
internal_weight=2542.38 2458.11 1167.84 1290.26 885.358 611.099
internal_count=10197 9859 4684 5175 3551 2451
cat_boundaries=0 1
cat_threshold=7
is_linear=0
shrinkage=1


Tree=1
num_leaves=7
num_cat=2
split_feature=138 122 118 116 138 53
split_gain=442.878 183.967 115.476 57.1015 38.3547 35.6077
threshold=0 1.0000000180025095e-35 1.0000000180025095e-35 1.0000000180025095e-35 1 0.033903215080499656
decision_type=9 8 2 2 9 2
left_child=4 -2 3 -3 -1 -5
right_child=1 2 -4 5 -6 -7
leaf_value=-0.0033547683685106072 0.022939660344966122 -0.0010634275303432455 0.018472548154042069 0.00038136283683176897 -0.0094932106302160098 0.0059596200576114188
leaf_weight=295.68253371119499 80.611773297190666 601.58317211270332 75.556960314512253 288.47038489580154 599.02981570363045 594.6916818022728
leaf_count=1186 323 2413 303 1157 2403 2385
internal_value=-0.000206494 0.00380991 0.00283599 0.00203181 -0.00752828 0.00413935
internal_weight=2535.63 1640.91 1560.3 1484.75 894.712 883.162
internal_count=10170 6581 6258 5955 3589 3542
cat_boundaries=0 1 2
cat_threshold=2862186503 671121410
is_linear=0
shrinkage=0.013029


Tree=2
num_leaves=7
num_cat=0
split_feature=125 135 92 110 125 125
split_gain=311.826 240.43 112.959 63.8899 63.6563 53.1313
threshold=0.34891304347826091 2.5850000000000004 0.56193774938583385 1.0000000180025095e-35 0.79285714285714304 0.73842105263157898
decision_type=8 2 2 2 10 10
left_child=-1 5 3 -3 -5 -2
right_child=1 2 -4 4 -6 -7
leaf_value=-0.0064318216914353646 -0.0044869411928160864 0.022710073973343278 -0.00076313872994526657 0.0072285806313530879 0.023943160666729871 0.012204002620561247
leaf_weight=855.84536965191364 558.12787866592407 53.663955613970757 261.54069383442402 767.37470299005508 40.203003421425819 33.690685972571373
leaf_count=3434 2239 215 1049 3077 161 135
internal_value=-1.18066e-05 0.00319409 0.0067348 0.00901051 0.008081 -0.00352327
internal_weight=2570.45 1714.6 1122.78 861.242 807.578 591.819
internal_count=10310 6876 4502 3453 3238 2374
is_linear=0
shrinkage=0.013029


Tree=3
num_leaves=7
num_cat=2
split_feature=138 135 138 125 135 135
split_gain=431.668 162.335 107.233 91.1755 79.7311 51.1107
threshold=0 1.7500000000000002 1 0.91827956989247317 4.5000000000000009 3.3350000000000004
decision_type=9 2 9 8 2 2
left_child=5 -2 -3 4 -4 -1
right_child=1 2 3 -5 -6 -7
leaf_value=-0.0096200114821266784 -0.0051744091947618278 0.00035831634549941024 0.0040330219941703679 0.022873243470521158 0.011955512197829908 -0.0034317064821136364
leaf_weight=534.82376439869404 265.40233947336674 423.0754409879446 529.74512194097042 67.945885837078094 364.33215075731277 394.72489878535271
leaf_count=2147 1065 1697 2124 272 1460 1584
internal_value=0.000133141 0.00412499 0.00593837 0.00830034 0.00726833 -0.00692242
internal_weight=2580.05 1650.5 1385.1 962.023 894.077 929.549
internal_count=10349 6618 5553 3856 3584 3731
cat_boundaries=0 1 2
cat_threshold=2795078919 404758536
is_linear=0
shrinkage=0.013029


Tree=4
num_leaves=7
num_cat=1
split_feature=124 110 129 131 137 116
split_gain=243.11 153.278 96.6627 82.8389 58.364 49.3393
threshold=368.89766666666844 1.0000000180025095e-35 1.0000000180025095e-35 51.635869565217398 0 1.0000000180025095e-35
decision_type=8 2 2 8 9 2
left_child=1 -1 4 -2 -3 -4
right_child=3 2 5 -5 -6 -7
leaf_value=0.016862575222280445 0.0071908269947631841 -0.0020977466144683809 -0.0021362963341883569 0.023492040220641237 -0.0082763200564864841 0.003396022358236972
leaf_weight=73.881702169775963 248.46468123793602 613.32275395095348 552.09779396653175 66.971278458833694 472.18490712344646 541.23456908762455
leaf_count=296 996 2461 2215 268 1896 2170
internal_value=-2.55918e-06 -0.00150364 -0.00213171 0.0106968 -0.00488453 0.000602806
internal_weight=2568.16 2252.72 2178.84 315.436 1085.51 1093.33
internal_count=10302 9038 8742 1264 4357 4385
cat_boundaries=0 1
cat_threshold=48
is_linear=0
shrinkage=0.013029


Tree=5
num_leaves=7
num_cat=0
split_feature=135 121 127 135 135 44
split_gain=209.79 152.271 143.279 63.9342 46.1379 51.862
threshold=1.7500000000000002 6.8833333333333337 22.041406250000005 4.5000000000000009 5.5000000000000009 0.075652696192264571
decision_type=2 8 2 2 2 2
left_child=-1 -2 4 -4 5 -3
right_child=1 2 3 -5 -6 -7
leaf_value=-0.0082238130514204737 0.012935372776183974 -0.0060950307801346318 0.0021826544066787302 0.010972629912307416 0.0026604218090896295 -0.00026491136800216222
leaf_weight=426.05837699770927 188.69184947013855 474.84517386555672 307.35485342144966 258.68877212703228 330.73754400014877 568.95738789439201
leaf_count=1711 756 1906 1232 1036 1327 2283
internal_value=0.000113994 0.00178454 0.000695953 0.0062085 -0.00157618 -0.00291948
internal_weight=2555.33 2129.28 1940.58 566.044 1374.54 1043.8
internal_count=10251 8540 7784 2268 5516 4189
is_linear=0
shrinkage=0.013029


Tree=6
num_leaves=7
num_cat=2
split_feature=138 131 136 110 133 128
split_gain=423.475 152.961 98.9814 75.8715 62.939 56.4004
threshold=0 11.960526315789476 1 1.0000000180025095e-35 1.0000000180025095e-35 1.0383217592592595
decision_type=9 8 1 2 2 2
left_child=4 2 -2 -4 5 -1
right_child=1 -3 3 -5 -6 -7
leaf_value=-0.002780147058523232 -0.0022113632685753933 0.017806972975929619 0.018537317030993029 0.0043334145937676235 -0.014450584971596713 -0.010084540574258101
leaf_weight=527.10378809273243 424.49444162845612 129.88326700031757 67.709759280085564 974.85166151821613 150.5994833111763 272.02049885690212
leaf_count=2117 1703 520 271 3908 605 1093
internal_value=0.000178476 0.00426644 0.00308868 0.00521788 -0.00666812 -0.0052733
internal_weight=2546.66 1596.94 1467.06 1042.56 949.724 799.124
internal_count=10217 6402 5882 4179 3815 3210
cat_boundaries=0 1 2
cat_threshold=2795087383 1
is_linear=0
shrinkage=0.013029


Tree=7
num_leaves=7
num_cat=0
split_feature=125 125 110 133 99 129
split_gain=283.983 167.225 114.527 82.5702 67.7605 46.4515
threshold=0.32576530612244903 0.91827956989247317 1.0000000180025095e-35 1.0000000180025095e-35 -0.46769441664218897 1.0000000180025095e-35
decision_type=8 10 2 2 2 2
left_child=5 2 -2 4 -4 -1
right_child=1 -3 3 -5 -6 -7
leaf_value=-0.0086031260365922162 0.017897836863541648 0.024539784648456416 0.0068570026025370715 -0.0039097592275897132 0.00065953547166140139 -0.001662704692623174
leaf_weight=545.06195832788944 74.464387089014053 57.980947598814964 485.98869509994984 375.45585316419601 778.99016787111759 234.40807048976421
leaf_count=2191 298 232 1948 1506 3125 941
internal_value=3.14501e-05 0.00291306 0.00217199 0.00145071 0.00304304 -0.00651937
internal_weight=2552.35 1772.88 1714.9 1640.43 1264.98 779.47
internal_count=10241 7109 6877 6579 5073 3132
is_linear=0
shrinkage=0.013029


Tree=8
num_leaves=7
num_cat=0
split_feature=124 110 122 40 98 122
split_gain=208.341 116.191 113.458 51.2209 49.9446 44.2474
threshold=227.79849999999689 1.0000000180025095e-35 1.0000000180025095e-35 -0.35286994278430933 -0.063871409744024263 60.600000000000001
decision_type=8 2 8 2 2 8
left_child=1 -1 -2 -3 5 -5
right_child=2 3 -4 4 -6 -7
leaf_value=0.016673416643080821 0.02399276857158629 -0.0095446534943722135 0.0048600336824601116 0.0034681050073945884 0.0014951412757433775 -0.0042519016458084187
leaf_weight=53.953454181551933 57.702969089150429 163.76687827706337 538.29504415392876 142.02953864634037 508.87989558279514 1085.7161679565907
leaf_count=216 231 658 2157 570 2042 4360
internal_value=8.78523e-08 -0.00205665 0.00673879 -0.00259445 -0.00193539 -0.00335734
internal_weight=2550.34 1954.35 595.998 1900.39 1736.63 1227.75
internal_count=10234 7846 2388 7630 6972 4930
is_linear=0
shrinkage=0.013029


Tree=9
num_leaves=7
num_cat=2
split_feature=138 138 110 99 15 123
split_gain=420.525 128.625 96.7035 67.4276 24.3697 21.7963
threshold=0 1 1.0000000180025095e-35 -0.47283673286437983 -0.0042937276884913436 52.500000000000007
decision_type=9 9 2 2 2 2
left_child=-1 5 -3 -4 -5 -2
right_child=1 2 3 4 -6 -7
leaf_value=-0.0076143102457467996 0.023483115304934847 0.016975960917662847 0.0053598288079852218 0.001182537675650333 -0.0034603633064569229 0.0099194176526986328
leaf_weight=814.09717147052288 66.65617448091507 76.727736070752144 623.86835843324661 651.63191922008991 271.185511469841 30.950266182422638
leaf_count=3274 267 307 2500 2614 1088 124
internal_value=4.2786e-05 0.00368928 0.00274936 0.0020539 -0.000183471 0.0175046
internal_weight=2535.12 1721.02 1623.41 1546.69 922.817 97.6064
internal_count=10174 6900 6509 6202 3702 391
cat_boundaries=0 1 2
cat_threshold=2727968775 20608
is_linear=0
shrinkage=0.013029


Tree=10
num_leaves=7
num_cat=0
split_feature=125 125 133 113 122 12
split_gain=276.408 143.463 89.5988 73.3384 47.1671 39.4934
threshold=0.34738243123336293 0.91827956989247317 1.0000000180025095e-35 1.0000000180025095e-35 4.7500000000000009 0.070862025022506728
decision_type=10 10 2 2 8 2
left_child=4 2 3 -2 -1 -5
right_child=1 -3 -4 5 -6 -7
leaf_value=0.0092607468245815977 -0.00069666947449813883 0.022857360454319912 -0.0034743804557054014 0.0069062751704218736 -0.0064781983598458147 -0.0047367624263551312
leaf_weight=32.935231983661652 391.00221571326256 58.854945838451385 357.25164484977722 767.33157467842102 891.18745101988316 52.375186800956726
leaf_count=132 1569 236 1433 3075 3584 210
internal_value=-0.000222806 0.00300934 0.0022543 0.00394575 -0.00591058 0.00615888
internal_weight=2550.94 1626.82 1567.96 1210.71 924.123 819.707
internal_count=10239 6523 6287 4854 3716 3285
is_linear=0
shrinkage=0.013029


Tree=11
num_leaves=7
num_cat=3
split_feature=138 135 138 138 110 135
split_gain=391.55 166.406 123.219 66.9972 46.9894 46.7352
threshold=0 2.5850000000000004 1 2 1.0000000180025095e-35 7.5000000000000009
decision_type=9 2 9 9 2 2
left_child=5 3 -3 -2 -4 -1
right_child=1 2 4 -5 -6 -7
leaf_value=-0.0097148299624667585 0.013680803007764229 0.00023218894135781226 0.020673805951613198 -0.0033464516163491144 0.008294680224411051 -0.0016677773862819965
leaf_weight=601.92697966098785 31.678092062473297 417.38561289012432 55.964379504323006 589.34508204460144 702.2934952378273 154.19704748690128
leaf_count=2424 127 1675 224 2365 2813 620
internal_value=-0.000171815 0.00313944 0.00603754 -0.00229703 0.00910686 -0.00797157
internal_weight=2552.79 1796.67 1175.64 621.023 758.258 756.124
internal_count=10248 7204 4712 2492 3037 3044
cat_boundaries=0 1 2 3
cat_threshold=2727937031 405053456 20608
is_linear=0
shrinkage=0.013029


Tree=12
num_leaves=7
num_cat=2
split_feature=138 124 110 21 132 136
split_gain=404.731 135.291 86.7721 51.9855 33.5682 30.4654
threshold=0 694.60783333334268 1.0000000180025095e-35 -0.26815041899681086 1.5000000000000002 1
decision_type=9 8 2 2 2 1
left_child=4 2 -2 -4 -1 -5
right_child=1 -3 3 5 -6 -7
leaf_value=-0.0023665977467950934 0.015703093038425549 0.018916378568697628 -0.00085744727172862951 7.0216681736870779e-05 -0.0094388727893496716 0.0053395245139195311
leaf_weight=140.89036217331886 80.194501936435699 89.46693679690361 682.23268918693066 268.48833821713924 607.56467685103416 661.06544987857342
leaf_count=567 321 359 2737 1077 2448 2649
internal_value=-3.13216e-05 0.0033464 0.00253528 0.00187348 -0.00800424 0.00387693
internal_weight=2529.9 1781.45 1691.98 1611.79 748.455 929.554
internal_count=10158 7143 6784 6463 3015 3726
cat_boundaries=0 1 2
cat_threshold=2727936023 1
is_linear=0
shrinkage=0.013029


Tree=13
num_leaves=7
num_cat=0
split_feature=124 135 121 110 135 135
split_gain=213.585 126.649 104.497 88.6133 78.7422 55.5178
threshold=227.79849999999689 1.7500000000000002 1.0000000180025095e-35 1.0000000180025095e-35 2.0500000000000003 5.5000000000000009
decision_type=8 2 8 2 2 2
left_child=1 -1 -2 -3 -4 -5
right_child=2 3 4 5 -6 -7
leaf_value=-0.0096687477599544987 0.023132954941735263 0.017032619090077666 -0.0016653015891136059 -0.0026217054042699246 0.0086899805010619124 0.0030181218245838564
leaf_weight=320.14103408157825 58.673592388629913 45.684309735894203 196.2729404270649 1202.8770896345377 339.95433512330055 392.40306605398655
leaf_count=1289 236 183 787 4834 1361 1575
internal_value=-0.000107527 -0.00218216 0.00672599 -0.00071802 0.0049025 -0.00123371
internal_weight=2556.01 1961.11 594.901 1640.96 536.227 1595.28
internal_count=10265 7881 2384 6592 2148 6409
is_linear=0
shrinkage=0.013029


Tree=14
num_leaves=7
num_cat=2
split_feature=124 129 131 137 136 92
split_gain=201.696 98.3897 78.0953 65.7664 62.2326 49.419
threshold=365.35616666666238 1.0000000180025095e-35 51.635869565217398 0 1 0.42417506873607641
decision_type=8 2 8 9 1 2
left_child=1 3 -2 5 -3 -1
right_child=2 4 -4 -5 -6 -7
leaf_value=0.0038402462358133748 0.0063174173814848659 -0.0030994539882510121 0.021957601902980881 -0.0078645074261944059 0.003411437669502135 -0.0038276952282916472
leaf_weight=209.0141718685627 261.44672198593616 355.3798370808363 68.032100722193718 448.54353597760201 778.76668621599674 445.81689263880253
leaf_count=839 1047 1427 274 1808 3123 1793
internal_value=8.12306e-05 -0.00132114 0.00958719 -0.00408989 0.00137336 -0.00135796
internal_weight=2567 2237.52 329.479 1103.37 1134.15 654.831
internal_count=10311 8990 1321 4440 4550 2632
cat_boundaries=0 1 2
cat_threshold=50 1
is_linear=0
shrinkage=0.013029


Tree=15
num_leaves=7
num_cat=3
split_feature=138 138 110 37 138 132
split_gain=328.87 120.265 83.6801 65.0392 30.9536 30.8274
threshold=0 1 1.0000000180025095e-35 0.13271561264991763 2 3.5000000000000004
decision_type=9 9 2 2 9 2
left_child=4 5 -3 -4 -1 -2
right_child=1 2 3 -5 -6 -7
leaf_value=-0.0024023249625072527 0.0098059534217472544 0.015453038251555527 -0.0024433581564670482 0.0034534982014387009 -0.0082267346133239935 0.022847765952237298
leaf_weight=250.36921447515488 63.401313811540604 78.641946375370026 448.11014111340046 1085.2363879978657 577.4114076346159 62.710065603256226
leaf_count=1008 254 315 1798 4350 2330 253
internal_value=0.000191738 0.00340668 0.00239103 0.00172985 -0.00651828 0.0151855
internal_weight=2565.88 1738.1 1611.99 1533.35 827.781 126.111
internal_count=10308 6970 6463 6148 3338 507
cat_boundaries=0 1 2 3
cat_threshold=2727968791 16797896 536903699
is_linear=0
shrinkage=0.013029


Tree=16
num_leaves=7
num_cat=1
split_feature=135 116 137 37 101 98
split_gain=176.21 159.195 54.6078 42.1231 30.1714 31.1698
threshold=1.7500000000000002 1.0000000180025095e-35 0 0.11264304071664812 60.500000000000007 -0.062220361083745949
decision_type=2 2 9 2 2 2
left_child=-1 4 3 -3 5 -2
right_child=1 2 -4 -5 -6 -7
leaf_value=-0.007535633052884445 -0.0055040767201951172 0.00072611175689058101 -0.0010106789742849011 0.0078877952688399741 0.00074519689076211538 0.0011371484290064349
leaf_weight=434.26993761956692 480.31244061887264 173.67538474500179 211.1753207296133 709.22079239785671 390.39225049316883 159.53950034081936
leaf_count=1749 1932 697 850 2843 1569 641
internal_value=1.96913e-05 0.00156622 0.00502581 0.00640821 -0.00210864 -0.00384874
internal_weight=2558.59 2124.32 1094.07 882.896 1030.24 639.852
internal_count=10281 8532 4390 3540 4142 2573
cat_boundaries=0 1
cat_threshold=48
is_linear=0
shrinkage=0.013029


Tree=17
num_leaves=7
num_cat=1
split_feature=125 125 110 136 98 63
split_gain=214.614 135.769 94.8949 47.3599 39.6335 32.3502
threshold=0.34891304347826091 0.91827956989247317 1.0000000180025095e-35 0 -0.10155990719795226 -0.02260708715766668
decision_type=8 10 2 1 2 2
left_child=-1 2 -2 -4 5 -5
right_child=1 -3 3 4 -6 -7
leaf_value=-0.0055977064084177536 0.016633911377339033 0.022144428167817337 -0.0023278970054090107 -0.0076017421174077943 0.0043678258441068579 0.0012884508498277193
leaf_weight=845.99067115783691 68.846161350607872 56.569301411509514 475.87092895805836 90.19285574555397 723.01599222421646 294.25382129848003
leaf_count=3411 276 229 1911 362 2897 1181
internal_value=-0.000233509 0.00242349 0.00173903 0.0010842 0.00254892 -0.000807408
internal_weight=2554.74 1708.75 1652.18 1583.33 1107.46 384.447
internal_count=10267 6856 6627 6351 4440 1543
cat_boundaries=0 1
cat_threshold=1
is_linear=0
shrinkage=0.013029


Tree=18
num_leaves=7
num_cat=0
split_feature=125 125 110 133 40 54
split_gain=235.533 128.342 104.035 68.1348 44.7872 29.9177
threshold=0.32576530612244903 0.91827956989247317 1.0000000180025095e-35 1.0000000180025095e-35 -0.20568351447582242 0.20902254432439807
decision_type=8 10 2 2 2 2
left_child=-1 2 -2 4 -4 -6
right_child=1 -3 3 -5 5 -7
leaf_value=-0.0059584751197932174 0.017037874453067172 0.02176822777951256 -0.00012200245481044897 -0.0035966079678933722 0.0069102160967577106 0.0015155455951261834
leaf_weight=775.26033678650856 74.035395011305809 56.95481276512146 534.07880909740925 369.98372858762741 452.6472826898098 284.52043896913528
leaf_count=3128 297 231 2144 1485 1814 1141
internal_value=2.81724e-05 0.00264838 0.00200476 0.00131953 0.00275154 0.00483153
internal_weight=2547.48 1772.22 1715.27 1641.23 1271.25 737.168
internal_count=10240 7112 6881 6584 5099 2955
is_linear=0
shrinkage=0.013029


Tree=19
num_leaves=7
num_cat=1
split_feature=138 124 133 133 128 128
split_gain=332.265 117.893 89.0988 59.2321 63.4216 56.6229
threshold=0 844.14833333334286 1.0000000180025095e-35 1.0000000180025095e-35 0.72324652777777787 0.88606481481481503
decision_type=9 8 2 2 2 2
left_child=3 2 5 4 -1 -2
right_child=1 -3 -4 -5 -6 -7
leaf_value=-0.0020715516517641969 0.0071105199038857779 0.019286594810579434 -0.0028164021702478067 -0.014408022769646438 -0.010215854774380232 0.0015790188397701369
leaf_weight=444.28813603520393 638.98820462822914 75.69803124666214 378.07318703830242 137.20336836576462 255.4750549942255 618.29612122476101
leaf_count=1792 2562 307 1517 555 1033 2479
internal_value=0.000159612 0.00344581 0.00272556 -0.00651907 -0.00505229 0.00439272
internal_weight=2548.02 1711.06 1635.36 836.967 699.763 1257.28
internal_count=10245 6865 6558 3380 2825 5041
cat_boundaries=0 1
cat_threshold=2795044871
is_linear=0
shrinkage=0.013029


Tree=20
num_leaves=7
num_cat=3
split_feature=138 135 138 138 135 131
split_gain=319.258 161.055 122.713 58.3756 54.8817 34.5637
threshold=0 2.5850000000000004 1 2 6.5000000000000009 7.7589062500000008
decision_type=9 2 9 9 2 8
left_child=4 3 -3 -2 -1 -4
right_child=1 2 5 -5 -6 -7
leaf_value=-0.0097154742073707664 0.011654910277531573 0.00012576880857583479 0.0077484134522286781 -0.0035620264904093935 -0.00079251207451824844 0.016530074012945945
leaf_weight=539.03360672295094 35.903218194842339 469.95050676167011 664.28896276652813 613.38330166041851 149.57141846418381 86.105984911322594
leaf_count=2182 145 1887 2660 2463 603 348
internal_value=-0.000154163 0.00264233 0.00544466 -0.00258425 -0.00766889 0.00865554
internal_weight=2558.24 1869.63 1220.35 649.287 688.605 750.395
internal_count=10288 7503 4895 2608 2785 3008
cat_boundaries=0 1 2 3
cat_threshold=2727936004 405054483 20624
is_linear=0
shrinkage=0.013029


Tree=21
num_leaves=7
num_cat=2
split_feature=138 135 138 121 135 135
split_gain=328.458 122.861 120.328 75.3904 65.2401 48.3159
threshold=0 1.7500000000000002 1 7.5000000000000009 4.5000000000000009 6.5000000000000009
decision_type=9 2 9 10 2 2
left_child=5 -2 -3 -4 -5 -1
right_child=1 2 3 4 -6 -7
leaf_value=-0.010185791503904251 -0.0051503689536529004 -0.00048478698012712846 0.015894361914614203 0.0023462579493612871 0.0095064432386721895 -0.0010651583929021764
leaf_weight=491.42558221518993 291.46517309546471 632.91034477949142 134.42293286323547 502.45264434814453 379.06871920824051 123.52145087718964
leaf_count=1992 1172 2544 543 2013 1518 498
internal_value=-9.07264e-06 0.00262525 0.00401727 0.00675862 0.00543043 -0.00822355
internal_weight=2555.27 1940.32 1648.85 1015.94 881.521 614.947
internal_count=10280 7790 6618 4074 3531 2490
cat_boundaries=0 1 2
cat_threshold=2191065094 2080678921
is_linear=0
shrinkage=0.013029


Tree=22
num_leaves=7
num_cat=0
split_feature=125 135 92 135 125 133
split_gain=224.873 140.162 74.9688 52.1594 36.1869 46.9049
threshold=0.34738243123336293 2.5850000000000004 0.56193774938583385 5.5000000000000009 0.96666666666666679 1.0000000180025095e-35
decision_type=10 2 2 2 10 2
left_child=3 -2 4 -1 5 -3
right_child=1 2 -4 -5 -6 -7
leaf_value=-0.006693523054132045 -0.0023010592910039942 0.0087195599856480961 -0.00054525329542589858 0.00080056590520991011 0.020832174585460498 0.00093950534482021132
leaf_weight=722.43127752840519 558.05842830240726 619.74702103435993 246.52020533382893 201.4328944683075 33.349916905164719 167.17267937958241
leaf_count=2922 2243 2483 990 811 137 670
internal_value=6.99391e-05 0.0029878 0.00575419 -0.00506021 0.00764623 0.00706911
internal_weight=2548.71 1624.85 1066.79 923.864 820.27 786.92
internal_count=10256 6523 4280 3733 3290 3153
is_linear=0
shrinkage=0.013029


Tree=23
num_leaves=7
num_cat=0
split_feature=118 121 129 133 134 98
split_gain=142.571 116.08 85.7609 59.4811 44.7739 44.6199
threshold=1.0000000180025095e-35 2.4166666666666674 1.0000000180025095e-35 1.0000000180025095e-35 1.0000000180025095e-35 -0.062220361083745949
decision_type=2 8 2 2 2 2
left_child=1 -1 -3 4 -4 -6
right_child=-2 2 3 -5 5 -7
leaf_value=0.011104715378406987 0.015964817346748022 -0.0039910238541452049 0.0051484096077055383 -0.0049051928340092541 -0.0034426099719482251 0.0044821487293359987
leaf_weight=134.5801455527544 90.46556068956852 1081.3316098451614 502.66422195732594 232.33281522989273 307.52054452896118 197.43114529550076
leaf_count=545 364 4364 2017 933 1235 791
internal_value=-3.33857e-05 -0.000627155 -0.00131052 0.00102803 0.00239859 -0.000342162
internal_weight=2546.33 2455.86 2321.28 1239.95 1007.62 504.952
internal_count=10249 9885 9340 4976 4043 2026
is_linear=0
shrinkage=0.013029


Tree=24
num_leaves=7
num_cat=0
split_feature=135 125 125 110 135 122
split_gain=188.196 177.577 84.4308 82.7579 54.9917 40.301
threshold=1.7500000000000002 0.34891304347826091 0.91827956989247317 1.0000000180025095e-35 5.5000000000000009 837.05000000000007
decision_type=2 8 10 2 2 8
left_child=-1 -2 3 -3 5 -5
right_child=1 2 -4 4 -6 -7
leaf_value=-0.00787721439154619 -0.0038010567951121438 0.017836119159260592 0.020762715589488313 0.004153776226598788 0.0072242791298073785 -0.0011741466377917938
leaf_weight=431.2347232401371 706.69778257608414 65.059758648276329 49.552130311727524 441.1814823448658 357.23704093694687 529.60470004379749
leaf_count=1742 2856 262 204 1770 1431 2124
internal_value=-2.94306e-05 0.00154721 0.00416772 0.00356714 0.00285894 0.00124844
internal_weight=2580.57 2149.33 1442.64 1393.08 1328.02 970.786
internal_count=10389 8647 5791 5587 5325 3894
is_linear=0
shrinkage=0.013029


Tree=25
num_leaves=7
num_cat=2
split_feature=138 135 121 136 135 135
split_gain=319.415 161.922 95.4301 70.3322 53.4556 41.5849
threshold=0 1.7500000000000002 12.833333333333334 1 6.5000000000000009 4.5000000000000009
decision_type=9 2 8 1 2 2
left_child=4 -2 -3 -4 -1 -5
right_child=1 2 3 5 -6 -7
leaf_value=-0.0083007614916321883 -0.0058486724490088267 0.013521830609215369 -0.0013347333031392377 0.0029606123572309844 2.6015634066574128e-05 0.0085266807317093581
leaf_weight=668.07068477571011 281.21650822460651 190.47360527515411 352.03314256668091 487.99522370100021 162.71380706131458 428.68178716301918
leaf_count=2710 1132 770 1413 1956 656 1718
internal_value=5.0997e-06 0.00317528 0.00493814 0.0036426 -0.00659201 0.00550812
internal_weight=2571.18 1740.4 1459.18 1268.71 830.784 916.677
internal_count=10355 6989 5857 5087 3366 3674
cat_boundaries=0 1 2
cat_threshold=2727968791 1
is_linear=0
shrinkage=0.013029


Tree=26
num_leaves=7
num_cat=1
split_feature=138 125 99 123 21 34
split_gain=329.333 99.5154 58.7503 34.0002 25.1142 20.2076
threshold=0 0.91827956989247317 -0.47283673286437983 191.50000000000003 -0.32068693637847895 -0.19684918969869611
decision_type=9 10 2 2 2 2
left_child=-1 2 4 -4 -2 -6
right_child=1 -3 3 -5 5 -7
leaf_value=-0.0073056054511185537 -0.00029760108869807502 0.02029723515150246 -5.8562613418036383e-05 0.010756202246857034 0.0081023448583951146 0.0028027713223435194
leaf_weight=751.58454932272434 111.61478579044342 53.527237564325333 1017.6890389770269 51.151509150862694 393.9275739043951 178.3911771774292
leaf_count=3050 448 221 4086 205 1579 715
internal_value=-0.000118773 0.00289769 0.00237484 0.000465805 0.00535468 0.006456
internal_weight=2557.89 1806.3 1752.77 1068.84 683.934 572.319
internal_count=10304 7254 7033 4291 2742 2294
cat_boundaries=0 1
cat_threshold=2727936007
is_linear=0
shrinkage=0.013029


Tree=27
num_leaves=7
num_cat=2
split_feature=138 122 138 116 110 122
split_gain=290.837 90.9514 73.6689 48.862 34.9582 26.2183
threshold=0 1.0000000180025095e-35 1 1.0000000180025095e-35 1.0000000180025095e-35 998.9652500000002
decision_type=9 8 9 2 2 8
left_child=2 -2 -1 -3 -5 -6
right_child=1 3 -4 4 5 -7
leaf_value=-0.0013421320321463598 0.018377414848598009 7.3824631689606645e-05 -0.0077690148873111866 0.01505785682356253 0.007790994448569814 0.0027993679973635395
leaf_weight=672.01499669253826 74.692074298858643 428.7925252020359 564.21897821128368 59.695701479911804 292.0041424036026 461.8156880736351
leaf_count=2705 307 1721 2294 241 1170 1850
internal_value=0.000203368 0.0044455 -0.00431691 0.00363359 0.00550819 0.00473847
internal_weight=2553.23 1317 1236.23 1242.31 813.516 753.82
internal_count=10288 5289 4999 4982 3261 3020
cat_boundaries=0 1 2
cat_threshold=3065611271 874546179
is_linear=0
shrinkage=0.013029


Tree=28
num_leaves=7
num_cat=0
split_feature=116 133 47 126 128 131
split_gain=117.507 61.2071 51.7863 51.748 49.34 39.345
threshold=1.0000000180025095e-35 1.0000000180025095e-35 0.16300138086080554 1.0000000180025095e-35 1.0000000180025095e-35 10.757142857142858
decision_type=2 2 2 8 2 8
left_child=5 2 4 -3 -2 -1
right_child=1 3 -4 -5 -6 -7
leaf_value=-0.0037029092901093366 0.007792721157119294 0.0018810897004576616 -0.0037088983072083919 -0.009434358142142444 0.0015897149542225201 0.0054062219207170956
leaf_weight=1143.8408424854279 510.89195251464844 164.79951433837414 127.54637944698334 116.59959830343723 379.66742263734341 85.963930189609528
leaf_count=4616 2057 665 514 470 1527 347
internal_value=-0.000177555 0.00255371 0.00403976 -0.0028195 0.0051516 -0.00306342
internal_weight=2529.31 1299.5 1018.11 281.399 890.559 1229.8
internal_count=10196 5233 4098 1135 3584 4963
is_linear=0
shrinkage=0.013029


Tree=29
num_leaves=7
num_cat=2
split_feature=138 125 110 136 123 21
split_gain=281.555 100.427 75.9891 50.7308 40.2803 31.9308
threshold=0 0.91827956989247317 1.0000000180025095e-35 1 186.50000000000003 -0.26815041899681086
decision_type=9 10 2 1 2 2
left_child=-1 2 -2 4 -4 -5
right_child=1 -3 3 5 -6 -7
leaf_value=-0.0071229351106606911 0.014452389318477844 0.01972507853550412 -0.0029689491983005789 0.00039777011548720404 0.011027731741643359 0.00470153668608898
leaf_weight=690.10083101689816 79.278233125805855 55.482689216732979 483.45325011014938 496.47204586863518 36.920055657625198 712.56547205150127
leaf_count=2807 320 231 1943 1993 148 2856
internal_value=-7.77281e-05 0.00255656 0.00203649 0.00146162 -0.00192526 0.00291147
internal_weight=2554.27 1864.17 1808.69 1729.41 520.373 1209.04
internal_count=10298 7491 7260 6940 2091 4849
cat_boundaries=0 1 2
cat_threshold=2727936004 1
is_linear=0
shrinkage=0.013029


Tree=30
num_leaves=7
num_cat=2
split_feature=138 135 138 121 124 135
split_gain=296.334 158.296 70.8954 63.1727 42.6179 29.4664
threshold=0 2.0500000000000003 1 2.4166666666666674 694.60783333334268 6.5000000000000009
decision_type=9 2 9 8 8 2
left_child=2 3 5 -2 -3 -1
right_child=1 4 -4 -5 -6 -7
leaf_value=-0.0095987405027385155 0.013861546406124251 0.0071044474452330933 -0.0016074909829466195 -0.002739770827023153 0.018439188177741182 -0.0022862643767831039
leaf_weight=449.38634243607521 41.77165624499321 729.32319088280201 662.99531623721123 462.70684903860092 60.720961734652519 118.75957217812538
leaf_count=1835 170 2923 2670 1858 251 480
internal_value=-1.50517e-05 0.00431988 -0.00457098 -0.00134758 0.0079914 -0.00793548
internal_weight=2525.66 1294.52 1231.14 504.479 790.044 568.146
internal_count=10187 5202 4985 2028 3174 2315
cat_boundaries=0 1 2
cat_threshold=3197731095 2190999556
is_linear=0
shrinkage=0.013029


Tree=31
num_leaves=7
num_cat=0
split_feature=124 135 122 132 135 135
split_gain=161.341 119.145 62.5773 53.6416 46.1013 45.9132
threshold=343.34266666666377 3.3350000000000004 4.7500000000000009 14.500000000000002 1.7500000000000002 2.5850000000000004
decision_type=8 2 8 2 2 2
left_child=1 4 -2 -3 -1 -4
right_child=2 3 5 -5 -6 -7
leaf_value=-0.0081176282117886977 0.020445177373801835 0.00016722104260063903 -0.0009968190019755737 0.0072232378943010598 -0.0025329788257885968 0.009435105470053818
leaf_weight=364.07858654856682 56.566976845264435 784.30433414876461 113.43350933492184 237.82010796666145 807.45996631681919 192.9969158321619
leaf_count=1477 237 3162 455 954 3257 774
internal_value=-0.00010524 -0.00143734 0.00793199 0.00181284 -0.00427239 0.00558008
internal_weight=2556.66 2193.66 362.997 1022.12 1171.54 306.43
internal_count=10316 8850 1466 4116 4734 1229
is_linear=0
shrinkage=0.013029


Tree=32
num_leaves=7
num_cat=1
split_feature=138 131 116 110 128 1
split_gain=274.356 88.4693 69.8224 37.4343 31.7819 28.5326
threshold=0 11.960526315789476 1.0000000180025095e-35 1.0000000180025095e-35 1.0383217592592595 0.034850455820560462
decision_type=9 8 2 2 2 2
left_child=4 2 5 -4 -1 -2
right_child=1 -3 3 -5 -6 -7
leaf_value=-0.0044545011226876634 0.0038499093763582253 0.012701325868167676 0.014071787676536489 0.0036912884267564987 -0.0098795618015187457 -0.0025188164202780109
leaf_weight=565.04616568982601 153.12079393863678 143.0080835968256 62.988091543316841 818.52489787340164 272.51994147896767 533.4498825520277
leaf_count=2295 615 585 255 3281 1113 2143
internal_value=-8.9028e-05 0.00289964 0.00201886 0.00444376 -0.00615314 -0.00109593
internal_weight=2548.66 1711.09 1568.08 881.513 837.566 686.571
internal_count=10287 6879 6294 3536 3408 2758
cat_boundaries=0 1
cat_threshold=2795044871
is_linear=0
shrinkage=0.013029


Tree=33
num_leaves=7
num_cat=0
split_feature=118 121 133 129 37 128
split_gain=118.743 87.5412 88.4551 74.2821 51.1207 34.5518
threshold=1.0000000180025095e-35 0.75000000000000011 1.0000000180025095e-35 1.0000000180025095e-35 0.17373549193143847 8.8946875000000016
decision_type=2 8 2 2 2 2
left_child=1 -1 3 -3 -5 -4
right_child=-2 2 5 4 -6 -7
leaf_value=0.011336213134730025 0.014605138480507922 -0.0025142878266304438 -0.0075155664531523277 -0.00029756031358769215 0.0055164901287430672 0.001341705679490431
leaf_weight=102.28296868503094 91.916384443640709 839.96464914083481 398.29202331602573 496.58814278244972 530.61369788646698 91.762977659702301
leaf_count=421 373 3403 1608 1997 2130 370
internal_value=0.000123467 -0.000421804 -0.000935264 0.000358359 0.0027075 -0.0058575
internal_weight=2551.42 2459.5 2357.22 1867.17 1027.2 490.055
internal_count=10302 9929 9508 7530 4127 1978
is_linear=0
shrinkage=0.013029


Tree=34
num_leaves=7
num_cat=0
split_feature=124 110 122 98 123 27
split_gain=141.577 88.3587 61.0319 47.7529 44.9453 35.3115
threshold=365.35616666666238 1.0000000180025095e-35 4.7500000000000009 -0.053971137851476662 153.50000000000003 -0.042118344455957406
decision_type=8 2 8 2 2 2
left_child=1 -1 -2 4 -3 -5
right_child=2 3 -4 5 -6 -7
leaf_value=0.013037928278386138 0.020212086905904945 -0.0036683949561135284 0.0053508884844266046 0.0026641291366436039 0.0043688299408499278 -0.0052749064910387238
leaf_weight=70.612933337688446 56.391339361667633 1373.0412725657225 268.65372632443905 533.31919379532337 128.62790878117085 115.02703227102757
leaf_count=286 239 5550 1078 2147 516 465
internal_value=-5.37142e-05 -0.00123001 0.00796761 -0.00170277 -0.00297821 0.00125138
internal_weight=2545.67 2220.63 325.045 2150.02 1501.67 648.346
internal_count=10281 8964 1317 8678 6066 2612
is_linear=0
shrinkage=0.013029


Tree=35
num_leaves=7
num_cat=2
split_feature=138 124 119 99 1 136
split_gain=243.93 93.0947 61.8125 42.6697 32.85 28.1219
threshold=0 inf 1.0000000180025095e-35 -0.43989494442939753 0.087377205491065993 1
decision_type=9 8 2 2 2 1
left_child=-1 2 3 5 -5 -2
right_child=1 -3 -4 4 -6 -7
leaf_value=-0.0064241989090284158 -0.0024441735500475058 0.018998238077210714 0.010998419672019109 0.0017884913112943331 -0.0032832946063001875 0.0044891217180612038
leaf_weight=712.76229991018772 112.5404786169529 55.688738316297531 119.91213335096836 448.63286949694157 418.21206384897232 677.36615490913391
leaf_count=2909 452 237 485 1802 1681 2716
internal_value=-1.32629e-05 0.00250342 0.0019931 0.00133687 -0.000659093 0.00352587
internal_weight=2545.11 1832.35 1776.66 1656.75 866.845 789.907
internal_count=10282 7373 7136 6651 3483 3168
cat_boundaries=0 1 2
cat_threshold=2727937030 1
is_linear=0
shrinkage=0.013029


Tree=36
num_leaves=7
num_cat=3
split_feature=138 131 136 138 118 101
split_gain=256.783 88.685 60.419 51.261 37.6956 19.147
threshold=0 11.960526315789476 1 2 1.0000000180025095e-35 44.500000000000007
decision_type=9 8 1 9 2 2
left_child=3 2 -2 -1 5 -4
right_child=1 -3 4 -5 -6 -7
leaf_value=-0.0069983668596029381 -0.0020985871187244039 0.014996550428473136 0.0023979591071978585 -0.0016109508661546971 0.014656969516179149 0.006403235084003419
leaf_weight=580.87337486445904 292.97750426828861 114.73194663226604 507.24418397247791 650.9492334574461 59.86642549932003 338.30572098493576
leaf_count=2376 1177 475 2033 2624 244 1356
internal_value=6.46752e-05 0.0040569 0.00303512 -0.00418985 0.00466828 0.00400451
internal_weight=2544.95 1313.13 1198.39 1231.82 905.416 845.55
internal_count=10285 5285 4810 5000 3633 3389
cat_boundaries=0 1 2 3
cat_threshold=3197732103 1 2191065092
is_linear=0
shrinkage=0.013029


Tree=37
num_leaves=7
num_cat=1
split_feature=138 135 92 122 135 121
split_gain=268.662 139.931 60.1142 50.4558 47.88 39.5306
threshold=0 2.5850000000000004 0.57954087853431713 32.787500000000009 6.5000000000000009 13.833333333333334
decision_type=9 2 2 8 2 10
left_child=4 3 5 -2 -1 -3
right_child=1 2 -4 -5 -6 -7
leaf_value=-0.0077836227844444265 0.010115174570423694 0.013895971007979522 -0.00042831162406708242 -0.0033321601222992703 0.0001233400556348939 0.0059992400790668445
leaf_weight=660.8669413626194 51.112129136919975 125.28672640025616 224.00267779827118 552.47178941965103 161.77082332968712 764.76820446550846
leaf_count=2702 209 513 900 2221 655 3069
internal_value=-7.93474e-05 0.00285116 0.00560377 -0.00218287 -0.00615521 0.00712101
internal_weight=2540.28 1717.64 1114.06 603.584 822.638 890.055
internal_count=10269 6912 4482 2430 3357 3582
cat_boundaries=0 1
cat_threshold=2727978503
is_linear=0
shrinkage=0.013029


Tree=38
num_leaves=7
num_cat=0
split_feature=125 135 124 133 131 129
split_gain=154.873 136.292 66.0625 52.869 43.7934 40.8008
threshold=0.32576530612244903 2.5850000000000004 281.58400000000029 1.0000000180025095e-35 8.5967734393266326 1.0000000180025095e-35
decision_type=10 2 8 2 8 2
left_child=5 4 3 -3 -2 -1
right_child=1 2 -4 -5 -6 -7
leaf_value=-0.0065167937749499765 -0.0039206628212188413 0.0047336354758425207 0.010351309079354609 -0.0029915297903940581 0.011189345706342675 -0.00022609121247229726
leaf_weight=600.0217310488224 542.95642691850662 661.98001210391521 271.87065361440182 193.99777284264565 33.956792637705803 247.05185036361217
leaf_count=2451 2187 2661 1103 780 140 1000
internal_value=-0.000132596 0.00212985 0.00476363 0.00298178 -0.00301862 -0.00468382
internal_weight=2551.84 1704.76 1127.85 855.978 576.913 847.074
internal_count=10322 6871 4544 3441 2327 3451
is_linear=0
shrinkage=0.013029


Tree=39
num_leaves=7
num_cat=0
split_feature=135 124 110 133 135 128
split_gain=140.302 114.868 70.1081 65.7646 46.544 40.3784
threshold=1.7500000000000002 324.24633333333196 1.0000000180025095e-35 1.0000000180025095e-35 6.5000000000000009 3.995405092592593
decision_type=2 8 2 2 2 2
left_child=-1 2 -2 4 -4 -5
right_child=1 -3 3 5 -6 -7
leaf_value=-0.0070340837353221426 0.013800014883552914 0.0085189231272633243 -0.00054949907451689109 -0.0083594661602181906 0.0050663025404490613 0.00094740786422253223
leaf_weight=418.10367950797081 59.346862182021141 311.29407565295696 1055.6394282132387 250.18334513902664 327.73526577651501 115.39741414785385
leaf_count=1700 242 1266 4265 1012 1319 465
internal_value=-0.000143014 0.0012182 -4.14578e-05 -0.000516553 0.000782859 -0.00542557
internal_weight=2537.7 2119.6 1808.3 1748.96 1383.37 365.581
internal_count=10269 8569 7303 7061 5584 1477
is_linear=0
shrinkage=0.013029


Tree=40
num_leaves=7
num_cat=0
split_feature=124 135 110 129 121 121
split_gain=140.76 107.106 89.3039 61.0528 57.443 40.5176
threshold=368.89766666666844 1.7500000000000002 1.0000000180025095e-35 1.0000000180025095e-35 1.4166666666666667 10.083333333333334
decision_type=8 2 2 2 8 8
left_child=1 -1 -3 -4 -2 -5
right_child=4 2 3 5 -6 -7
leaf_value=-0.007534536078280577 0.02009807690325113 0.015179607466289791 -0.0028949402242107927 0.010080941416629491 0.0055572916607189559 0.00099980426887757816
leaf_weight=370.21162468194962 55.999739989638329 63.905707091093063 869.36432027816772 91.840527012944221 252.8952030390501 846.27969300746918
leaf_count=1508 242 261 3525 369 1016 3402
internal_value=-1.4587e-06 -0.00113849 0.000129197 -0.000408687 0.00823349 0.00189579
internal_weight=2550.5 2241.6 1871.39 1807.48 308.895 938.12
internal_count=10323 9065 7557 7296 1258 3771
is_linear=0
shrinkage=0.013029


Tree=41
num_leaves=7
num_cat=0
split_feature=125 135 116 47 133 135
split_gain=151.6 105.881 66.8654 44.3996 39.3646 43.5034
threshold=0.34738243123336293 1.7500000000000002 1.0000000180025095e-35 0.13566707819700244 1.0000000180025095e-35 6.5000000000000009
decision_type=10 2 2 2 2 2
left_child=4 -2 -3 -4 5 -1
right_child=1 2 3 -5 -6 -7
leaf_value=-0.0045912236503923886 -0.005371116336053844 0.00042491416314892122 0.0075579417951973649 -0.0012112694048498544 -0.010083445789319509 0.0030994602813114273
leaf_weight=605.98440134525299 252.57892133295536 573.95939002931118 669.63589020073414 114.58518733084202 161.53966681659222 156.67339913547039
leaf_count=2473 1022 2311 2704 461 661 633
internal_value=-4.85823e-05 0.00236463 0.00380529 0.00627671 -0.00425308 -0.00300991
internal_weight=2534.96 1610.76 1358.18 784.221 924.197 762.658
internal_count=10265 6498 5476 3165 3767 3106
is_linear=0
shrinkage=0.013029


Tree=42
num_leaves=7
num_cat=1
split_feature=124 124 119 15 137 2
split_gain=114.797 59.9102 45.8448 38.6318 38.6706 25.463
threshold=227.79849999999689 231.42633333334354 1.0000000180025095e-35 -0.0065175897907465688 0 0.26186099648475653
decision_type=8 10 2 2 9 2
left_child=2 -2 3 4 -1 -3
right_child=1 5 -4 -5 -6 -7
leaf_value=0.00044915067104034676 0.016778094712039268 0.0045956616194992505 0.0079846508014104842 -0.0049285999024071886 -0.0047800835655264764 -0.0044911978570828385
leaf_weight=1059.628150165081 65.174004063010216 474.44603069126606 82.697234973311424 513.9515680372715 299.4371534883976 58.259465083479881
leaf_count=4276 280 1908 336 2085 1224 234
internal_value=5.94548e-05 0.00505226 -0.00146817 -0.0018884 -0.000736732 0.00359721
internal_weight=2553.59 597.879 1955.71 1873.02 1359.07 532.705
internal_count=10343 2422 7921 7585 5500 2142
cat_boundaries=0 1
cat_threshold=49
is_linear=0
shrinkage=0.013029


Tree=43
num_leaves=7
num_cat=2
split_feature=138 135 138 125 135 135
split_gain=224.993 141.366 59.6018 51.5603 36.7824 31.4837
threshold=0 2.5850000000000004 1 0.89000000000000012 7.5000000000000009 1.7500000000000002
decision_type=9 2 9 8 2 2
left_child=2 3 -1 5 -4 -2
right_child=1 -3 4 -5 -6 -7
leaf_value=-0.00097795675610238544 -0.0059942055392166078 0.0073894867029561618 -0.0085018973425386342 0.014545785807286231 -0.00036756044557174141 0.0007227487747289527
leaf_weight=633.13482202589512 226.89657759666443 796.54638537764549 472.80597284436226 31.463849127292633 117.9358206987381 246.73376452922821
leaf_count=2554 915 3215 1949 131 478 990
internal_value=0.000187944 0.00394242 -0.00380617 -0.00141849 -0.00676595 -0.00249923
internal_weight=2525.52 1301.64 1223.88 505.094 590.742 473.63
internal_count=10232 5251 4981 2036 2427 1905
cat_boundaries=0 1 2
cat_threshold=3197740039 1006673921
is_linear=0
shrinkage=0.013029


Tree=44
num_leaves=7
num_cat=0
split_feature=121 133 113 92 25 92
split_gain=96.4049 83.7282 76.0527 48.4433 39.1027 35.1808
threshold=0.75000000000000011 1.0000000180025095e-35 1.0000000180025095e-35 0.52782857418060314 -0.18029557913541791 0.43054901063442236
decision_type=8 2 2 2 2 2
left_child=-1 2 -2 4 -4 -3
right_child=1 5 3 -5 -6 -7
leaf_value=0.012361621809351969 -0.0026689821126990045 0.00034045376374677161 -0.00071485592084445735 -0.001516816524510598 0.0057835518306540105 -0.0073893541497698431
leaf_weight=102.23365549743176 710.53509157896042 137.89053384959698 204.04482153058052 336.50099278986454 681.64085824787617 361.98670135438442
leaf_count=431 2883 556 825 1363 2749 1469
internal_value=1.17934e-05 -0.000510687 0.00071906 0.00268915 0.00428707 -0.00525964
internal_weight=2534.83 2432.6 1932.72 1222.19 885.686 499.877
internal_count=10276 9845 7820 4937 3574 2025
is_linear=0
shrinkage=0.013029


Tree=45
num_leaves=7
num_cat=3
split_feature=138 135 135 138 133 136
split_gain=225.391 132.606 58.0986 43.4292 28.4734 29.1467
threshold=0 2.0500000000000003 3.3350000000000004 1 1.0000000180025095e-35 2
decision_type=9 2 2 9 2 1
left_child=2 3 -1 -2 -3 -6
right_child=1 4 -4 -5 5 -7
leaf_value=-0.0070562100590482423 0.010362986131204521 0.0081437453127504115 -0.0011916046926050948 -0.0025628345314003217 0.0093128700413525247 -0.0010164904599420004
leaf_weight=583.90216439962387 37.995795130729675 655.4368641525507 563.49866333603859 489.31475982069969 58.780581429600716 139.03987854719162
leaf_count=2393 158 2644 2285 1969 242 559
internal_value=0.000104498 0.00363817 -0.00414249 -0.00147103 0.00683684 0.00249303
internal_weight=2527.97 1380.57 1147.4 527.311 853.257 197.82
internal_count=10250 5572 4678 2127 3445 801
cat_boundaries=0 1 2 3
cat_threshold=3063513111 17060000 16
is_linear=0
shrinkage=0.013029


Tree=46
num_leaves=7
num_cat=1
split_feature=138 122 99 133 133 114
split_gain=210.492 79.3989 62.324 41.718 32.8525 32.4484
threshold=0 1.0000000180025095e-35 -0.47283673286437983 1.0000000180025095e-35 1.0000000180025095e-35 2.5000000000000004
decision_type=9 8 2 2 2 2
left_child=3 -2 4 5 -3 -1
right_child=1 2 -4 -5 -6 -7
leaf_value=-0.001755477786522789 0.015307809161414875 0.0064916990086470632 -0.000122960717116773 -0.013184736631284917 -0.00033344396653949753 -0.0081208844998332183
leaf_weight=292.40654955804348 75.826884344220161 512.74707843363285 1121.3610077500343 120.56865148246288 156.03401181101799 254.18038257956505
leaf_count=1196 325 2063 4518 499 627 1046
internal_value=5.17244e-05 0.00229906 0.00175502 -0.00617163 0.00490065 -0.0047223
internal_weight=2533.12 1865.97 1790.14 667.156 668.781 546.587
internal_count=10274 7533 7208 2741 2690 2242
cat_boundaries=0 1
cat_threshold=2191098373
is_linear=0
shrinkage=0.013029


Tree=47
num_leaves=7
num_cat=0
split_feature=124 110 129 122 73 122
split_gain=115.44 73.7564 60.0139 52.2625 39.7477 31.6338
threshold=365.35616666666238 1.0000000180025095e-35 1.0000000180025095e-35 4.7500000000000009 -0.045851230621337884 410.63462500000003
decision_type=8 2 2 8 2 8
left_child=1 -1 4 -2 -3 -4
right_child=3 2 5 -5 -6 -7
leaf_value=0.011858935269142367 0.018591508842262721 -0.0088268706108002026 0.0052888642989128327 0.0047956783589750036 -0.0024977428118001157 -0.0004535252963524611
leaf_weight=71.306512877345085 56.217766687273979 210.21912904083729 198.2361566722393 262.66547010838985 841.70707476139069 897.05729149281979
leaf_count=292 249 861 800 1057 3425 3613
internal_value=-5.73037e-05 -0.0011116 -0.00154612 0.00726377 -0.00376768 0.000588541
internal_weight=2537.41 2218.53 2147.22 318.883 1051.93 1095.29
internal_count=10297 8991 8699 1306 4286 4413
is_linear=0
shrinkage=0.013029


Tree=48
num_leaves=7
num_cat=3
split_feature=138 135 138 138 1 135
split_gain=197.707 106.724 95.7181 36.6776 32.4798 29.7785
threshold=0 2.0500000000000003 1 2 0.1721390783786774 3.3350000000000004
decision_type=9 2 9 9 2 2
left_child=5 3 4 -2 -3 -1
right_child=1 2 -4 -5 -6 -7
leaf_value=-0.0085134796397138314 0.0088622131610531785 0.0015422395559003326 0.0073698681408441557 -0.0030437280442041038 -0.0069648487634727191 -0.0028926480630757662
leaf_weight=383.33336652815342 37.525852084159851 424.18529410660267 728.92820675671101 584.7804928869009 92.119692042469978 276.07651151716709
leaf_count=1586 157 1710 2949 2356 372 1127
internal_value=1.80097e-06 0.00216944 0.00438205 -0.0022231 1.65851e-05 -0.00607383
internal_weight=2526.95 1867.54 1245.23 622.306 516.305 659.41
internal_count=10257 7544 5031 2513 2082 2713
cat_boundaries=0 1 2 3
cat_threshold=2191097876 941621259 20674
is_linear=0
shrinkage=0.013029


Tree=49
num_leaves=7
num_cat=0
split_feature=135 124 133 124 118 58
split_gain=126.315 99.0406 67.2797 48.8387 45.9504 33.7654
threshold=2.0500000000000003 281.58400000000029 1.0000000180025095e-35 670.61333333331697 1.0000000180025095e-35 -0.10764841735363005
decision_type=2 8 2 8 2 2
left_child=3 2 4 5 -2 -1
right_child=1 -3 -4 -5 -6 -7
leaf_value=-0.0098154058417382877 0.0014374493783884726 0.0087587240826122598 -0.005269206718682559 0.011403259996288466 0.017134185937434571 -0.0034313884586917461
leaf_weight=179.24964091181755 1074.3384445160627 295.95218281447887 277.20887997746468 32.097393676638603 31.919357419013977 651.49999807775021
leaf_count=732 4344 1211 1124 135 132 2647
internal_value=-0.000154094 0.00192747 0.000462372 -0.00420383 0.00190107 -0.00481607
internal_weight=2542.27 1679.42 1383.47 862.847 1106.26 830.75
internal_count=10325 6811 5600 3514 4476 3379
is_linear=0
shrinkage=0.013029


Tree=50
num_leaves=7
num_cat=0
split_feature=125 125 118 122 99 1
split_gain=155.976 84.2922 65.5676 36.4726 34.8437 24.6851
threshold=0.32576530612244903 0.89000000000000012 1.0000000180025095e-35 4.7500000000000009 -0.46888026595115656 0.083388835191726698
decision_type=10 10 2 8 2 2
left_child=3 2 4 -1 -2 -6
right_child=1 -3 -4 -5 5 -7
leaf_value=0.0086848177007314044 0.0035747792174706363 0.017653737825624939 0.014150149991414028 -0.0051053235157596973 0.0017726056168975179 -0.0024456817381260862
leaf_weight=33.298576593399048 632.52661094069481 57.966281563043594 68.725777819752693 806.72206893563271 461.26312133669853 479.68183510005474
leaf_count=135 2544 258 284 3306 1859 1935
internal_value=3.90671e-05 0.00230829 0.00175922 -0.0045518 0.00121186 -0.000378047
internal_weight=2540.18 1700.16 1642.2 840.021 1573.47 940.945
internal_count=10321 6880 6622 3441 6338 3794
is_linear=0
shrinkage=0.013029


Tree=51
num_leaves=7
num_cat=0
split_feature=135 124 110 133 101 128
split_gain=115.23 95.3708 62.289 62.9145 44.1233 37.9742
threshold=1.7500000000000002 329.55500000000006 1.0000000180025095e-35 1.0000000180025095e-35 61.500000000000007 3.995405092592593
decision_type=2 8 2 2 2 2
left_child=-1 2 -2 4 -4 -5
right_child=1 -3 3 5 -6 -7
leaf_value=-0.0061353207216075234 0.013637616595694438 0.0080393782277791339 -0.00060146621907664966 -0.0080082798213272043 0.004387982194619589 0.001169112246866865
leaf_weight=424.33190663158894 55.685158029198647 304.27047750353813 949.97543403506279 245.26481062173843 439.53097912669182 110.8708506077528
leaf_count=1737 230 1249 3846 997 1775 448
internal_value=5.28608e-05 0.00130159 0.000160754 -0.000274528 0.000978241 -0.00515457
internal_weight=2529.93 2105.6 1801.33 1745.64 1389.51 356.136
internal_count=10282 8545 7296 7066 5621 1445
is_linear=0
shrinkage=0.013029


Tree=52
num_leaves=7
num_cat=1
split_feature=138 135 135 122 131 135
split_gain=175.359 130.082 66.8022 52.5141 41.2916 21.9099
threshold=0 2.0500000000000003 3.3350000000000004 32.787500000000009 1.5126086035176944 1.4500000000000002
decision_type=9 2 2 8 8 2
left_child=2 3 -1 -2 -3 -5
right_child=1 4 -4 5 -6 -7
leaf_value=-0.0068562223078753193 0.010492900951056343 0.0016134273463697094 -0.00058670556784028399 -0.0063729020555424636 0.0080685025774682277 -0.00071672512263180931
leaf_weight=584.51845471560955 50.904379293322563 232.02179481089115 569.28109002113342 217.47474972903728 615.07731564342976 249.28966307640076
leaf_count=2407 212 933 2311 879 2496 1001
internal_value=-1.22882e-05 0.00313776 -0.0037328 -0.00198322 0.00630328 -0.00335773
internal_weight=2518.57 1364.77 1153.8 517.669 847.099 466.764
internal_count=10239 5521 4718 2092 3429 1880
cat_boundaries=0 1
cat_threshold=3063514391
is_linear=0
shrinkage=0.013029


Tree=53
num_leaves=7
num_cat=0
split_feature=125 125 62 134 129 1
split_gain=113.29 75.5249 32.754 30.4949 29.7657 25.7247
threshold=0.34738243123336293 0.91827956989247317 -0.24884287267923352 1.0000000180025095e-35 1.0000000180025095e-35 0.10581583157181741
decision_type=10 10 2 2 2 2
left_child=4 2 -2 -4 -1 -6
right_child=1 -3 3 -5 5 -7
leaf_value=-0.0055930055489620562 0.003460463812637031 0.017663766421950923 0.0021275165856587007 -0.0027241178564959283 0.0024974579930451459 -0.0052903107451016656
leaf_weight=610.30233857035637 675.86795499920845 48.733411207795143 429.47189922630787 449.2631461918354 181.60391955077648 118.29832847416401
leaf_count=2515 2724 221 1735 1812 737 480
internal_value=-0.000273475 0.00181048 0.00130566 -0.000353133 -0.00394293 -0.000579723
internal_weight=2513.54 1603.34 1554.6 878.735 910.205 299.902
internal_count=10224 6492 6271 3547 3732 1217
is_linear=0
shrinkage=0.013029


Tree=54
num_leaves=7
num_cat=1
split_feature=138 135 135 122 131 125
split_gain=188.724 121.812 49.6002 49.3554 34.415 30.9054
threshold=0 2.0500000000000003 2.5850000000000004 1.2250000000000003 1.6135717094537438 0.30384615384615393
decision_type=9 2 2 10 8 10
left_child=2 3 -1 -2 -3 -4
right_child=1 4 5 -5 -6 -7
leaf_value=-0.0079317325778173794 0.013747104877214068 0.0024915883327695158 -0.0043277191612744736 -0.0025615093638787808 0.0084351599455077357 0.00060183652627924427
leaf_weight=338.18511337041855 33.018326491117477 236.25252912938595 466.69058786332607 477.44580119848251 556.62902401387691 400.93113324046135
leaf_count=1402 141 950 1912 1923 2266 1618
internal_value=2.44838e-05 0.00344775 -0.00367368 -0.00148897 0.00666799 -0.00205113
internal_weight=2509.15 1303.35 1205.81 510.464 792.882 867.622
internal_count=10212 5280 4932 2064 3216 3530
cat_boundaries=0 1
cat_threshold=3197731847
is_linear=0
shrinkage=0.013029


Tree=55
num_leaves=7
num_cat=0
split_feature=135 92 121 135 121 129
split_gain=113.49 89.1228 43.8935 45.8972 41.3391 34.9235
threshold=1.7500000000000002 0.50858524441719066 2.4166666666666674 5.5000000000000009 12.41666666666667 1.0000000180025095e-35
decision_type=2 2 8 2 8 2
left_child=-1 2 -2 -4 -3 -6
right_child=1 4 3 -5 5 -7
leaf_value=-0.0060040089656778553 0.014232403793310139 0.0057427380835915883 0.0013570236397821489 0.0069935759415957494 -0.0060245737750185841 -0.00037943625630591364
leaf_weight=425.93834605813026 62.032795697450638 105.73276567459106 822.1780381500721 349.05319565534592 339.20402847230434 411.16280402243137
leaf_count=1748 275 431 3328 1412 1390 1659
internal_value=0.000119763 0.00136977 0.00361091 0.00304007 -0.00185904 -0.00293461
internal_weight=2515.3 2089.36 1233.26 1171.23 856.1 750.367
internal_count=10243 8495 5015 4740 3480 3049
is_linear=0
shrinkage=0.013029


Tree=56
num_leaves=7
num_cat=2
split_feature=138 138 110 67 44 48
split_gain=191.458 73.6747 60.9528 26.5642 26.9095 18.8967
threshold=0 1 1.0000000180025095e-35 -0.1201493591070175 0.083641827106475844 0.53281614184379589
decision_type=9 9 2 2 2 2
left_child=-1 -2 -3 5 -5 -4
right_child=1 2 3 4 -6 -7
leaf_value=-0.0058803946326269436 0.012757589102979201 0.012474558158936571 -0.0050052799004160764 -0.0004547315251338381 0.0031737597635272236 0.0041347367641093808
leaf_weight=715.22802497446537 92.389887645840645 79.556407019495964 190.38479317724705 634.16440217196941 764.95841978490353 47.477297708392143
leaf_count=2956 400 330 768 2555 3079 191
internal_value=-0.000224994 0.00203377 0.00138104 0.000845157 0.00152972 -0.00317405
internal_weight=2524.16 1808.93 1716.54 1636.98 1399.12 237.862
internal_count=10279 7323 6923 6593 5634 959
cat_boundaries=0 1 2
cat_threshold=2727944197 20608
is_linear=0
shrinkage=0.013029


Tree=57
num_leaves=7
num_cat=2
split_feature=138 135 135 54 138 110
split_gain=155.86 124.111 40.226 33.6623 28.6268 19.4679
threshold=0 2.5850000000000004 3.3350000000000004 0.2436134070158005 1 1.0000000180025095e-35
decision_type=9 2 2 2 9 2
left_child=2 4 -1 5 -2 -3
right_child=1 3 -4 -5 -6 -7
leaf_value=-0.0060303512004568592 0.0078638943451460469 0.015592363515878973 -0.0011016244570477875 0.001589173445908426 -0.0030010406077691561 0.0068049054075600612
leaf_weight=567.83033517003059 35.19959419965744 45.939413830637932 556.76033909618855 224.91187787055969 474.54672873020172 603.46660268306732
leaf_count=2347 149 195 2263 909 1913 2445
internal_value=2.36887e-05 0.00294103 -0.00356084 0.00593959 -0.00214561 0.00744291
internal_weight=2508.65 1384.06 1124.59 874.318 509.746 649.406
internal_count=10221 5611 4610 3549 2062 2640
cat_boundaries=0 1 2
cat_threshold=3063523078 278672
is_linear=0
shrinkage=0.013029


Tree=58
num_leaves=7
num_cat=2
split_feature=138 135 138 125 133 135
split_gain=176.415 97.464 78.9507 45.1282 40.1371 29.8709
threshold=0 1.7500000000000002 1 0.96666666666666679 1.0000000180025095e-35 7.5000000000000009
decision_type=9 2 9 8 2 2
left_child=-1 -2 -3 4 5 -4
right_child=1 2 3 -5 -6 -7
leaf_value=-0.006067850934990078 -0.0050700987775455057 -0.00022000067136056486 0.005044181241748831 0.016756438951371973 -8.9008280112776411e-05 0.01179776440921282
leaf_weight=602.42369160056114 284.40034000575542 686.83436040580273 546.36129868030548 57.601063385605812 209.01398214697838 139.83283571898937
leaf_count=2502 1155 2773 2201 261 840 568
internal_value=2.24184e-05 0.00195222 0.00318383 0.00557961 0.00491 0.00643121
internal_weight=2526.47 1924.04 1639.64 952.809 895.208 686.194
internal_count=10300 7798 6643 3870 3609 2769
cat_boundaries=0 1 2
cat_threshold=2191066118 1009033233
is_linear=0
shrinkage=0.013029


Tree=59
num_leaves=7
num_cat=0
split_feature=122 129 73 134 22 121
split_gain=97.1006 52.7657 45.0937 41.7022 30.3184 23.6317
threshold=1.2250000000000003 1.0000000180025095e-35 0.083272505551576628 1.0000000180025095e-35 0.16919603943824771 62.500000000000007
decision_type=8 2 2 2 2 8
left_child=-1 2 5 4 -3 -2
right_child=1 3 -4 -5 -6 -7
leaf_value=0.013110468328482582 -0.0023200672549873948 0.0053956763299993849 0.0010472710326556798 -0.0010647216402937946 -0.0006239395665861698 -0.0070498885725290882
leaf_weight=92.221544072031975 397.1486744582653 468.42950242757797 385.80701208114624 643.56133715808392 203.51045218110085 327.84756973385811
leaf_count=405 1625 1896 1571 2599 824 1353
internal_value=4.03903e-05 -0.000460086 -0.00255019 0.00130521 0.00357378 -0.00446373
internal_weight=2518.53 2426.3 1110.8 1315.5 671.94 724.996
internal_count=10273 9868 4549 5319 2720 2978
is_linear=0
shrinkage=0.013029


Tree=60
num_leaves=7
num_cat=1
split_feature=138 124 133 54 118 133
split_gain=173.064 76.2521 61.5007 44.7743 33.413 30.241
threshold=0 inf 1.0000000180025095e-35 0.2734172940254212 1.0000000180025095e-35 1.0000000180025095e-35
decision_type=9 8 2 2 2 2
left_child=5 2 3 4 -2 -1
right_child=1 -3 -4 -5 -6 -7
leaf_value=-0.0047559049646583289 0.0033101270103233602 0.017260209508877897 -0.00317670723283568 -0.0017170200163159563 0.01378998889727753 -0.012093776909730188
leaf_weight=524.84539413452148 1065.7082511931658 51.821578234434128 399.87915353477001 317.78002762794495 53.666470140218735 116.49137334525585
leaf_count=2172 4298 241 1615 1284 224 489
internal_value=-0.000217218 0.00177259 0.00133883 0.0025962 0.003821 -0.0060071
internal_weight=2530.19 1888.86 1837.03 1437.15 1119.37 641.337
internal_count=10323 7662 7421 5806 4522 2661
cat_boundaries=0 1
cat_threshold=2191097876
is_linear=0
shrinkage=0.013029


Tree=61
num_leaves=7
num_cat=1
split_feature=138 125 133 37 128 133
split_gain=157.54 70.7631 59.6718 44.0965 31.6908 27.5326
threshold=0 0.91827956989247317 1.0000000180025095e-35 0.18830789625644687 10.900700231481483 1.0000000180025095e-35
decision_type=9 10 2 2 2 2
left_child=5 2 3 -2 -4 -1
right_child=1 -3 4 -5 -6 -7
leaf_value=-0.0049873420400832836 0.00036169292573736561 0.017258932542111305 -0.0049628263540838317 0.0049438826215954133 0.004969643372631896 -0.012455337600474197
leaf_weight=487.68050523102283 840.9082242846489 46.352545380592346 337.08788833022118 618.36082005500793 64.432914912700653 101.18412430584431
leaf_count=2025 3396 218 1362 2499 260 427
internal_value=-0.00035259 0.00147279 0.00108103 0.00230484 -0.00336297 -0.00617922
internal_weight=2496.01 1907.14 1860.79 1459.27 401.521 588.865
internal_count=10187 7735 7517 5895 1622 2452
cat_boundaries=0 1
cat_threshold=2191065094
is_linear=0
shrinkage=0.013029


Tree=62
num_leaves=7
num_cat=0
split_feature=125 125 110 123 62 58
split_gain=114.592 67.3398 60.6124 35.7225 32.4601 26.5038
threshold=0.32576530612244903 0.91827956989247317 1.0000000180025095e-35 187.50000000000003 -0.21582793444395063 -0.07989527657628058
decision_type=8 10 2 2 2 2
left_child=5 2 -2 4 -4 -1
right_child=1 -3 3 -5 -6 -7
leaf_value=-0.0071368826478999114 0.013215693291581194 0.016816544116517024 0.002081741353152056 0.0094910340402846963 -0.0017396101482824509 -0.0021439408533826879
leaf_weight=301.68510295450687 70.933840334415436 49.34437021613121 934.46522797644138 78.825752511620522 631.92770181596279 449.94707581400871
leaf_count=1250 297 233 3769 318 2557 1855
internal_value=0.000105399 0.00191921 0.00148408 0.000972785 0.000540009 -0.00415282
internal_weight=2517.13 1765.5 1716.15 1645.22 1566.39 751.632
internal_count=10279 7174 6941 6644 6326 3105
is_linear=0
shrinkage=0.013029


Tree=63
num_leaves=7
num_cat=0
split_feature=124 110 125 121 133 129
split_gain=103.751 67.3679 50.4337 42.3944 34.3972 34.0163
threshold=365.35616666666238 1.0000000180025095e-35 0.32576530612244903 1.7500000000000002 1.0000000180025095e-35 1.0000000180025095e-35
decision_type=8 2 10 8 2 2
left_child=1 -1 5 -2 -4 -3
right_child=3 2 4 -5 -6 -7
leaf_value=0.011318661059729824 0.01726119802815175 -0.0059661057727808022 0.0010628707524496109 0.0045792080250780156 -0.0039544605397226502 4.2257234974561205e-06
leaf_weight=69.667761579155922 53.501891776919365 561.07409356534481 1017.7526379823685 262.29205857217312 299.64758396148682 227.64170522987843
leaf_count=290 253 2331 4107 1061 1212 928
internal_value=-0.000208342 -0.00122186 -0.00164036 0.00676174 -7.98572e-05 -0.00424448
internal_weight=2491.58 2175.78 2106.12 315.794 1317.4 788.716
internal_count=10182 8868 8578 1314 5319 3259
is_linear=0
shrinkage=0.013029


Tree=64
num_leaves=7
num_cat=1
split_feature=138 122 133 37 128 122
split_gain=154.343 72.9647 42.1001 45.0763 39.3135 32.8931
threshold=0 68.250000000000014 1.0000000180025095e-35 0.17373549193143847 10.900700231481483 991.47500000000002
decision_type=9 8 2 2 2 8
left_child=-1 -2 3 -3 5 -4
right_child=1 2 4 -5 -6 -7
leaf_value=-0.0056854928335697249 0.008934089151670304 -0.00043684760271916524 -7.2336671153120201e-05 0.0043397358699066978 0.0060082747180476631 -0.0089167851563658213
leaf_weight=590.78644040226936 219.83450004458427 650.71353848278522 126.12320214509964 691.10267077386379 66.134349316358566 163.78384821116924
leaf_count=2468 926 2629 510 2793 267 662
internal_value=7.73015e-05 0.00187397 0.000967521 0.00202433 -0.00301137 -0.00507862
internal_weight=2508.48 1917.69 1697.86 1341.82 356.041 289.907
internal_count=10255 7787 6861 5422 1439 1172
cat_boundaries=0 1
cat_threshold=2191065094
is_linear=0
shrinkage=0.013029


Tree=65
num_leaves=7
num_cat=0
split_feature=135 122 135 118 92 37
split_gain=117.386 93.2353 71.1939 48.7371 39.9457 29.8289
threshold=5.5000000000000009 1.2250000000000003 1.7500000000000002 1.0000000180025095e-35 0.50858524441719066 0.11830155551433565
decision_type=2 8 2 2 2 2
left_child=1 -1 -3 4 5 -4
right_child=-2 2 3 -5 -6 -7
leaf_value=0.012428409177536112 0.0051080292604068437 -0.0070415977609314187 -0.0037624473883384234 0.01232369076991229 -0.0037673812327999969 0.0020816199929419867
leaf_weight=76.528810486197472 573.43024542927742 400.57144077122211 195.80772718787193 45.497382596135139 615.30566135048866 603.20612399280071
leaf_count=343 2329 1651 797 189 2513 2441
internal_value=-6.63266e-05 -0.00159952 -0.0021811 -0.000844611 -0.0012742 0.000647391
internal_weight=2510.35 1936.92 1860.39 1459.82 1414.32 799.014
internal_count=10263 7934 7591 5940 5751 3238
is_linear=0
shrinkage=0.013029


Tree=66
num_leaves=7
num_cat=3
split_feature=138 135 138 135 138 124
split_gain=167.008 88.8218 62.6362 38.8367 37.4479 26.7078
threshold=0 2.0500000000000003 1 3.3350000000000004 2 5.2465000000000002
decision_type=9 2 9 2 9 10
left_child=3 4 -3 -1 -2 -4
right_child=1 2 5 -5 -6 -7
leaf_value=-0.007808732055275101 0.010095060272715114 8.7257695412245104e-05 0.01774561900005368 -0.0019973499212875864 -0.0025695303673431385 0.0061239665282767364
leaf_weight=411.75978066027164 32.229823082685471 388.57694926857948 34.811327144503593 371.84267224371433 578.50598393380642 697.88461139798164
leaf_count=1730 140 1563 166 1526 2337 2825
internal_value=-4.05885e-05 0.00221657 0.00440593 -0.00499172 -0.00176716 0.00660276
internal_weight=2515.61 1732.01 1121.27 783.602 610.736 732.696
internal_count=10287 7031 4554 3256 2477 2991
cat_boundaries=0 1 2 3
cat_threshold=2727969799 404758552 282752
is_linear=0
shrinkage=0.013029


Tree=67
num_leaves=7
num_cat=3
split_feature=138 135 138 138 135 121
split_gain=143.239 93.2439 40.2134 36.4436 34.5809 23.9353
threshold=0 2.0500000000000003 1 2 6.5000000000000009 7.5000000000000009
decision_type=9 2 9 9 2 8
left_child=4 3 -3 -2 -1 -4
right_child=1 2 5 -5 -6 -7
leaf_value=-0.0055046004855833809 -0.0027617414702636135 0.00070502853976959286 0.013084054328198929 0.0076512500112331802 0.00088297580227466167 0.0056051834700147265
leaf_weight=691.47383813560009 541.45429192483425 316.65399092435837 81.761418983340263 53.609313562512398 181.40098233520985 648.09544186294079
leaf_count=2883 2187 1274 362 227 738 2622
internal_value=0.000105101 0.00236869 0.0047235 -0.00173355 -0.00413022 0.00636775
internal_weight=2514.45 1641.57 1046.51 595.064 872.875 729.857
internal_count=10293 6672 4258 2414 3621 2984
cat_boundaries=0 1 2 3
cat_threshold=2862186503 270802968 1415588128
is_linear=0
shrinkage=0.013029


Tree=68
num_leaves=7
num_cat=0
split_feature=135 125 133 61 125 126
split_gain=108.581 107.891 43.3791 45.0643 38.7105 32.4868
threshold=2.0500000000000003 0.30384615384615393 1.0000000180025095e-35 0.2609845250844956 0.6310068649885584 0.027402402402402406
decision_type=2 8 2 2 10 8
left_child=4 -2 3 -3 -1 -4
right_child=1 2 5 -5 -6 -7
leaf_value=-0.004448024186415594 -0.0030019917956438415 0.0071640882595946391 0.0026006320197942603 0.00013551983031067705 0.0051469323850603464 -0.0074692722174998357
leaf_weight=773.81590217351913 485.37325067818165 712.52253659069538 181.08766269683838 197.83351889252663 78.031924933195114 76.889663606882095
leaf_count=3177 2000 2900 743 802 326 313
internal_value=0.000211747 0.00215818 0.00430244 0.00563798 -0.00356554 -0.000412963
internal_weight=2505.55 1653.71 1168.33 910.356 851.848 257.977
internal_count=10261 6758 4758 3702 3503 1056
is_linear=0
shrinkage=0.013029


Tree=69
num_leaves=7
num_cat=0
split_feature=124 133 128 118 122 47
split_gain=90.9953 62.1652 50.6509 45.3863 34.9127 32.3171
threshold=368.89766666666844 1.0000000180025095e-35 0.85070601851851857 1.0000000180025095e-35 4.7500000000000009 0.16300138086080554
decision_type=8 2 2 2 8 2
left_child=1 2 3 5 -2 -1
right_child=4 -3 -4 -5 -6 -7
leaf_value=0.00289848159053529 0.017061707524188459 -0.0049864637709661182 -0.0021498735546971437 0.016788775964388627 0.0048970683223936162 -0.0034893352139398265
leaf_weight=768.63804899156094 47.089273735880852 470.06087374687195 765.06740507483482 34.828685626387596 255.07271340489388 162.2867074906826
leaf_count=3131 230 1926 3124 147 1034 662
internal_value=0.000132675 -0.0007885 0.000353173 0.0023362 0.00682842 0.00178309
internal_weight=2503.04 2200.88 1730.82 965.753 302.162 930.925
internal_count=10254 8990 7064 3940 1264 3793
is_linear=0
shrinkage=0.013029


Tree=70
num_leaves=7
num_cat=0
split_feature=110 124 129 73 37 128
split_gain=85.0919 71.6829 55.6614 39.7558 35.8629 22.5697
threshold=1.0000000180025095e-35 inf 1.0000000180025095e-35 0.093796987086534514 0.13770855218172076 21.95600694444445
decision_type=2 8 2 2 2 2
left_child=-1 2 3 -2 -4 -6
right_child=1 -3 4 -5 5 -7
leaf_value=0.012466576787998595 -0.0047252135332752285 0.015424683270506364 -0.0023132113528124766 0.00066882354764946162 0.001883204040345701 0.010849455221840864
leaf_weight=87.623680993914604 744.99629634618759 46.046688497066498 396.06325435638428 336.43770667910576 852.92948827147484 49.820202887058258
leaf_count=372 3079 224 1605 1373 3449 201
internal_value=-9.45229e-05 -0.000551676 -0.000865257 -0.00304777 0.00095265 0.00238617
internal_weight=2513.92 2426.29 2380.25 1081.43 1298.81 902.75
internal_count=10303 9931 9707 4452 5255 3650
is_linear=0
shrinkage=0.013029


Tree=71
num_leaves=7
num_cat=0
split_feature=125 125 133 134 47 19
split_gain=84.5225 62.3856 64.0335 66.7172 31.7579 25.1406
threshold=0.32576530612244903 0.91827956989247317 1.0000000180025095e-35 1.0000000180025095e-35 0.16111331433057788 0.51886218786239635
decision_type=8 10 2 2 2 2
left_child=-1 2 3 4 -2 -5
right_child=1 -3 -4 5 -6 -7
leaf_value=-0.0036109471254511271 0.0066311418590021898 0.016203609804001595 -0.0035656166579450818 0.00066045104183670451 -0.001483949321450771 -0.006537415936729467
leaf_weight=753.44719778001308 566.31623505055904 47.620614573359489 374.15181130170822 572.02274133265018 95.404146075248718 95.50315397977829
leaf_count=3128 2300 235 1517 2314 386 387
internal_value=3.59185e-05 0.00160596 0.00119127 0.00253142 0.0054608 -0.00037521
internal_weight=2504.47 1751.02 1703.4 1329.25 661.72 667.526
internal_count=10267 7139 6904 5387 2686 2701
is_linear=0
shrinkage=0.013029


Tree=72
num_leaves=7
num_cat=1
split_feature=138 135 135 122 121 135
split_gain=158.381 95.889 44.0174 31.8526 27.5119 30.6961
threshold=0 2.0500000000000003 3.3350000000000004 28.687500000000004 7.5000000000000009 4.5000000000000009
decision_type=9 2 2 8 8 2
left_child=2 3 -1 -2 -3 -6
right_child=1 4 -4 -5 5 -7
leaf_value=-0.0066269732238357299 0.0080067038707124626 0.011986677459125969 -0.0013635807005510192 -0.0022656343502201366 0.0017527993698791793 0.0070916958429660115
leaf_weight=501.80480347573757 56.126081690192223 101.28035500645638 583.24218356609344 520.95253862440586 326.05144649744034 417.17296442389488
leaf_count=2104 240 442 2379 2106 1316 1694
internal_value=-3.76719e-05 0.00281504 -0.00376582 -0.00125793 0.00563027 0.00475344
internal_weight=2506.63 1421.58 1085.05 577.079 844.505 743.224
internal_count=10281 5798 4483 2346 3452 3010
cat_boundaries=0 1
cat_threshold=3130622982
is_linear=0
shrinkage=0.013029


Tree=73
num_leaves=7
num_cat=0
split_feature=135 124 133 135 125 125
split_gain=112.746 77.8001 57.5171 41.849 37.1231 30.2408
threshold=1.7500000000000002 378.013166666666 1.0000000180025095e-35 7.5000000000000009 0.33666666666666673 0.60858585858585867
decision_type=2 8 2 2 8 10
left_child=5 2 3 4 -2 -1
right_child=1 -3 -4 -5 -6 -7
leaf_value=-0.0073379246644801012 -0.002982015533388845 0.0084040113843745871 -0.0041133350451333069 0.005523588945656412 0.0020290525888287101 0.004454872753902963
leaf_weight=368.98946398496628 375.93188844621181 232.2177416831255 378.23164363205433 347.74172633886337 751.39625863730907 40.536271631717682
leaf_count=1531 1559 988 1547 1411 3039 168
internal_value=7.9076e-05 0.00130687 0.000414723 0.00157721 0.000357178 -0.00616494
internal_weight=2495.04 2085.52 1853.3 1475.07 1127.33 409.526
internal_count=10243 8544 7556 6009 4598 1699
is_linear=0
shrinkage=0.013029


Tree=74
num_leaves=7
num_cat=0
split_feature=110 135 98 123 135 132
split_gain=95.287 75.4674 43.2248 36.1026 29.6685 39.7709
threshold=1.0000000180025095e-35 1.7500000000000002 -0.11687437072396277 180.50000000000003 4.5000000000000009 3.5000000000000004
decision_type=2 2 2 2 2 2
left_child=-1 -2 3 -3 -4 -6
right_child=1 2 4 -5 5 -7
leaf_value=0.01323026602941828 -0.0056542650010599207 -0.0022462911416445989 0.00040701664777431461 0.0095632251364469074 -0.0022773652999291466 0.0066202496662380638
leaf_weight=88.83444119989872 395.68263320624828 826.64192113280296 653.18863636255264 45.712578177452087 109.2945703715086 382.5323738604784
leaf_count=379 1643 3383 2674 185 446 1564
internal_value=3.26338e-05 -0.000456979 0.000564038 -0.00162017 0.0022281 0.00464257
internal_weight=2501.89 2413.05 2017.37 872.354 1145.02 491.827
internal_count=10274 9895 8252 3568 4684 2010
is_linear=0
shrinkage=0.013029


Tree=75
num_leaves=7
num_cat=0
split_feature=135 125 110 124 54 135
split_gain=106.191 99.9834 43.5422 31.9569 31.1901 28.4255
threshold=2.5850000000000004 0.29288856304985345 1.0000000180025095e-35 694.60783333334268 0.22100290656089785 7.5000000000000009
decision_type=2 10 2 8 2 2
left_child=3 5 -3 -1 -4 -2
right_child=1 2 4 -5 -6 -7
leaf_value=-0.004397183746461056 -0.0054375837530732376 0.014870257776721921 0.0050071273899927222 0.0088892379698899023 0.00055393544684077638 0.0014168968387207185
leaf_weight=818.87431794404984 324.68222504854202 56.808699578046799 671.34639011323452 31.28291654586792 443.29547876119614 149.70333272218704
leaf_count=3369 1352 249 2738 139 1798 611
internal_value=-0.000163951 0.00176741 0.00381036 -0.00390127 0.00323757 -0.00327561
internal_weight=2495.99 1645.84 1171.45 850.157 1114.64 474.386
internal_count=10256 6748 4785 3508 4536 1963
is_linear=0
shrinkage=0.013029


Tree=76
num_leaves=7
num_cat=3
split_feature=138 136 110 138 133 131
split_gain=143.607 53.8428 45.1553 46.7039 42.3632 30.5847
threshold=0 1 1.0000000180025095e-35 2 1.0000000180025095e-35 10.757142857142858
decision_type=9 1 2 9 2 8
left_child=-1 -2 -3 5 -5 -4
right_child=1 2 3 4 -6 -7
leaf_value=-0.0049892879962477018 -0.001701807144660503 0.013390578034877797 0.0057671968263266491 0.0026405779129714695 -0.0046124372410176325 0.017501489759296031
leaf_weight=705.2005470842123 499.92622284591198 70.967186257243156 194.48892763257027 814.28651015460491 163.58054001629353 46.539681702852249
leaf_count=2956 2022 308 783 3293 661 229
internal_value=-5.37289e-05 0.00190936 0.00331146 0.00274432 0.00141039 0.00775687
internal_weight=2494.99 1789.79 1289.86 1218.9 977.867 241.029
internal_count=10252 7296 5274 4966 3954 1012
cat_boundaries=0 1 2 3
cat_threshold=2727937285 1 20992040
is_linear=0
shrinkage=0.013029


Tree=77
num_leaves=7
num_cat=2
split_feature=138 135 92 135 138 12
split_gain=142.568 81.262 50.6023 33.2961 30.7274 22.6743
threshold=0 2.0500000000000003 0.57954087853431713 4.5000000000000009 1 -0.19098201394081113
decision_type=9 2 2 2 9 2
left_child=3 4 -3 -1 -2 -4
right_child=1 2 5 -5 -6 -7
leaf_value=-0.0064637686063699447 0.0081543412031924861 0.0056756464028440354 -0.0086415659884948315 -0.0012570538247141222 -0.0028304630208447023 0.0010279320297733744
leaf_weight=521.83778338134289 37.251745656132698 860.42109762132168 52.089752301573753 347.58675718307495 502.83122703433037 186.31589195132256
leaf_count=2198 164 3527 210 1428 2034 752
internal_value=-0.000101421 0.00215867 0.0042049 -0.00433509 -0.00196463 -0.00110419
internal_weight=2508.33 1638.91 1098.83 869.425 540.083 238.406
internal_count=10313 6687 4489 3626 2198 962
cat_boundaries=0 1 2
cat_threshold=2795077654 20704
is_linear=0
shrinkage=0.013029


Tree=78
num_leaves=7
num_cat=3
split_feature=138 135 138 135 138 67
split_gain=134.717 67.819 47.2729 32.6398 28.8728 24.1668
threshold=0 2.0500000000000003 1 3.3350000000000004 2 0.00076378716039471339
decision_type=9 2 9 2 9 2
left_child=3 4 5 -1 -2 -3
right_child=1 2 -4 -5 -6 -7
leaf_value=-0.0076058514100881313 0.0082402482311732372 -0.00093960129338070708 0.0059150948673626818 -0.0019595373213096177 -0.0022985275226226161 0.0064389052974427093
leaf_weight=364.55368639528751 37.431399032473564 380.18115395307541 679.30903400480747 332.80303508043289 590.47979988157749 93.232482671737671
leaf_count=1556 165 1532 2796 1373 2394 375
internal_value=-3.56197e-05 0.00186641 0.00375274 -0.00484654 -0.00156716 0.000510212
internal_weight=2477.99 1780.63 1152.72 697.357 627.911 473.414
internal_count=10191 7262 4703 2929 2559 1907
cat_boundaries=0 1 2 3
cat_threshold=2727945221 1545895960 282768
is_linear=0
shrinkage=0.013029


Tree=79
num_leaves=7
num_cat=0
split_feature=135 125 135 125 98 61
split_gain=86.3062 87.8004 48.4444 47.3387 28.862 20.1291
threshold=1.7500000000000002 0.25500000000000006 7.5000000000000009 0.96666666666666679 -0.16099573671817777 0.26663058996200567
decision_type=2 8 2 10 2 2
left_child=-1 -2 3 4 -3 -4
right_child=1 2 5 -5 -6 -7
leaf_value=-0.0053689422172341628 -0.0043734347657768628 -0.0025165681628162451 0.0084601718882898799 0.016478334339902409 0.0020184913134118011 0.0011086556223109262
leaf_weight=408.98798549175262 392.50328841805458 312.95777086913586 270.84072950482368 33.398578360676765 990.21434846520424 82.721259847283363
leaf_count=1705 1637 1273 1106 175 4025 336
internal_value=9.76585e-05 0.00117266 0.00246193 0.00132573 0.000928615 0.00674585
internal_weight=2491.62 2082.64 1690.13 1336.57 1303.17 353.562
internal_count=10257 8552 6915 5473 5298 1442
is_linear=0
shrinkage=0.013029


Tree=80
num_leaves=7
num_cat=2
split_feature=138 138 118 53 92 123
split_gain=136.904 61.7603 41.8433 35.3871 21.153 18.1064
threshold=0 1 1.0000000180025095e-35 0.033903215080499656 0.43054901063442236 62.500000000000007
decision_type=9 9 2 2 2 2
left_child=-1 5 3 -3 -5 -2
right_child=1 2 -4 4 -6 -7
leaf_value=-0.0049272392430833763 0.017392770923223715 -0.0016959329663740487 0.01092907754820098 0.0048120365267586519 0.00096370757341483716 0.0053146444379943963
leaf_weight=678.34637004137039 57.875888332724571 588.17770998179913 72.646923750638962 367.09289652109146 712.94298996031284 34.222256511449814
leaf_count=2856 285 2379 312 1485 2885 139
internal_value=2.79262e-05 0.00187957 0.00129064 0.00087417 0.00227402 0.0117173
internal_weight=2511.31 1832.96 1740.86 1668.21 1080.04 92.0981
internal_count=10341 7485 7061 6749 4370 424
cat_boundaries=0 1 2
cat_threshold=2727944196 16797824
is_linear=0
shrinkage=0.013029


Tree=81
num_leaves=7
num_cat=2
split_feature=138 135 138 121 135 135
split_gain=133.639 83.5343 46.1677 38.5381 37.9525 26.9052
threshold=0 1.7500000000000002 1 7.5000000000000009 4.5000000000000009 3.3350000000000004
decision_type=9 2 9 10 2 2
left_child=5 -2 -3 -4 -5 -1
right_child=1 2 3 4 -6 -7
leaf_value=-0.0076367385703729352 -0.00451656304303223 0.00022779981220403023 0.012343982509921764 0.0016418887890082708 0.0073204696175671428 -0.0023442676702402679
leaf_weight=333.68432895839214 293.26841804385185 609.47262085974216 104.56732480227947 489.48177888989449 337.52850396931171 319.99640201032162
leaf_count=1434 1201 2462 472 1976 1381 1323
internal_value=3.55424e-05 0.00183952 0.00306256 0.004861 0.00396379 -0.00497525
internal_weight=2488 1834.32 1541.05 931.578 827.01 653.681
internal_count=10249 7492 6291 3829 3357 2757
cat_boundaries=0 1 2
cat_threshold=2727936004 1545642003
is_linear=0
shrinkage=0.013029


Tree=82
num_leaves=7
num_cat=0
split_feature=125 125 133 134 98 110
split_gain=87.6483 59.4158 70.2586 49.2458 41.4431 33.0207
threshold=0.32576530612244903 0.90161290322580656 1.0000000180025095e-35 1.0000000180025095e-35 -0.080171514302492128 1.0000000180025095e-35
decision_type=8 10 2 2 2 2
left_child=-1 2 3 5 -5 -2
right_child=1 -3 -4 4 -6 -7
leaf_value=-0.0037043750216367872 0.017034581649988563 0.01549327272164177 -0.0037410015316624566 -0.0030442308748177918 0.0034755139876752952 0.004442815367042989
leaf_weight=754.48013019561768 36.953260868787766 50.108580440282822 379.02345925569534 339.85512705147266 321.26856970787048 609.30823193490505
leaf_count=3155 162 258 1541 1379 1305 2473
internal_value=1.34083e-06 0.00161225 0.00119345 0.00262525 0.000124325 0.00518074
internal_weight=2491 1736.52 1686.41 1307.39 661.124 646.261
internal_count=10273 7118 6860 5319 2684 2635
is_linear=0
shrinkage=0.013029


Tree=83
num_leaves=7
num_cat=2
split_feature=138 138 118 133 133 99
split_gain=99.2294 53.8567 50.1913 45.4538 31.2891 28.9413
threshold=0 1 1.0000000180025095e-35 1.0000000180025095e-35 1.0000000180025095e-35 -0.47283673286437983
decision_type=9 9 2 2 2 2
left_child=4 -2 3 5 -1 -3
right_child=1 2 -4 -5 -6 -7
leaf_value=-0.0033483261916410793 0.010468857369066945 0.0041226132014606075 0.011306290740442636 -0.0037668506494293106 -0.010979882390905117 6.6340120528591805e-05
leaf_weight=514.78000241518021 92.832224801182747 450.89352817833424 73.0815339833498 361.05312485992908 110.48961301147938 881.38765802979469
leaf_count=2167 430 1827 315 1464 476 3570
internal_value=-0.000189562 0.00132404 0.00078324 0.000329152 -0.00463379 0.0014406
internal_weight=2484.52 1859.25 1766.42 1693.33 625.27 1332.28
internal_count=10249 7606 7176 6861 2643 5397
cat_boundaries=0 1 2
cat_threshold=2191097860 16797792
is_linear=0
shrinkage=0.013029


Tree=84
num_leaves=7
num_cat=0
split_feature=125 135 133 126 124 135
split_gain=88.899 76.4805 34.7428 30.9509 25.97 25.5856
threshold=0.32576530612244903 2.0500000000000003 1.0000000180025095e-35 0.027402402402402406 365.35616666666238 9.5000000000000018
decision_type=8 2 2 8 8 2
left_child=-1 4 5 -4 -2 -3
right_child=1 2 3 -5 -6 -7
leaf_value=-0.0037016496302982788 -0.0033658144622473389 0.0039689449438722437 0.0023133787663608711 -0.0076176260322957353 0.0036748681556724541 0.010427631087095046
leaf_weight=752.78830680251122 494.36608646810055 766.12835589051247 181.3642436414957 74.601444408297539 107.79032158851624 120.3029206097126
leaf_count=3154 2019 3136 752 305 450 493
internal_value=3.84852e-05 0.00165323 0.00363302 -0.000594104 -0.00210263 0.00485315
internal_weight=2497.34 1744.55 1142.4 255.966 602.156 886.431
internal_count=10309 7155 4686 1057 2469 3629
is_linear=0
shrinkage=0.013029


Tree=85
num_leaves=7
num_cat=2
split_feature=138 121 110 99 138 21
split_gain=106.806 60.0498 50.5451 39.862 27.8457 18.1463
threshold=0 15.250000000000002 1.0000000180025095e-35 -0.42201626300811762 1 -0.32782499492168421
decision_type=9 8 2 2 9 2
left_child=-1 4 -3 5 -2 -4
right_child=1 2 3 -5 -6 -7
leaf_value=-0.0050240609059085768 0.00062990508629146924 0.011103185661838195 -0.002750104081309772 -0.0021655943955061051 0.0098432608176212775 0.0027477220674843755
leaf_weight=549.36436189711094 92.885011777281761 72.362187251448631 118.1173942387104 747.6801388412714 179.87219677865505 719.73171304166317
leaf_count=2336 376 313 479 3034 787 2914
internal_value=-1.17783e-05 0.00143437 0.000508512 2.02204e-05 0.00709851 0.00197098
internal_weight=2480.01 1930.65 1657.89 1585.53 272.757 837.849
internal_count=10239 7903 6740 6427 1163 3393
cat_boundaries=0 1 2
cat_threshold=2191065092 134259483
is_linear=0
shrinkage=0.013029


Tree=86
num_leaves=7
num_cat=0
split_feature=135 122 133 132 135 130
split_gain=95.3595 57.1107 60.4713 46.7233 29.9686 32.9821
threshold=1.7500000000000002 4.7500000000000009 1.0000000180025095e-35 14.500000000000002 6.5000000000000009 23.250000000000004
decision_type=2 8 2 2 2 2
left_child=-1 -2 3 4 5 -3
right_child=1 2 -4 -5 -6 -7
leaf_value=-0.0055796767172321699 0.012105373413345737 0.005885037349077896 -0.0036257226211992176 0.0053175289328948449 0.0040024602991413829 -0.0018255017648877265
leaf_weight=408.72786581516266 79.090713679790497 108.04217118024826 405.58882613480091 497.0452041476965 303.50109602510929 702.19020679593086
leaf_count=1713 374 443 1664 2025 1235 2890
internal_value=0.000171528 0.00129484 0.000866683 0.00199896 0.000515472 -0.000793066
internal_weight=2504.19 2095.46 2016.37 1610.78 1113.73 810.232
internal_count=10344 8631 8257 6593 4568 3333
is_linear=0
shrinkage=0.013029


Tree=87
num_leaves=7
num_cat=1
split_feature=138 122 98 124 41 116
split_gain=115.153 65.4592 43.0741 26.8946 25.9338 24.131
threshold=0 60.600000000000001 -0.095312923192977891 281.58400000000029 0.044458800926804549 1.0000000180025095e-35
decision_type=9 8 2 8 2 2
left_child=-1 3 -3 -2 -4 -6
right_child=1 2 4 -5 5 -7
leaf_value=-0.0052598745178254842 0.0051695791011716176 -0.0015890693201846082 -0.0063588156562268535 0.015209118168838054 -0.00034145997056052335 0.0044593711850583013
leaf_weight=549.36207640171051 155.42428928613663 812.13707283139229 51.872092947363853 64.023839503526688 249.97421707212925 613.45632001757622
leaf_count=2342 633 3299 210 319 1012 2503
internal_value=-5.08773e-05 0.00143997 0.000594371 0.00813826 0.00253144 0.00307033
internal_weight=2496.25 1946.89 1727.44 219.448 915.303 863.431
internal_count=10318 7976 7024 952 3725 3515
cat_boundaries=0 1
cat_threshold=2191065092
is_linear=0
shrinkage=0.013029


Tree=88
num_leaves=7
num_cat=2
split_feature=138 135 131 135 125 138
split_gain=121.577 73.1603 44.7978 42.7007 23.9353 20.8198
threshold=0 2.5850000000000004 18.015625000000004 6.5000000000000009 0.96666666666666679 1
decision_type=9 2 8 2 8 9
left_child=3 2 -2 5 -3 -1
right_child=1 4 -4 -5 -6 -7
leaf_value=-0.0068057860300258562 -0.0022423876838490852 0.0046184112361511665 0.013268771852415722 0.0014324545970433227 0.014560083426698204 -0.002675679543785065
leaf_weight=369.07552218437195 467.67702443897724 738.76501543819904 33.188681185245514 275.22174043953419 43.034482032060623 573.52359016239643
leaf_count=1588 1894 3014 151 1119 218 2356
internal_value=-0.00012037 0.0026687 -0.00119723 -0.00305463 0.00517839 -0.00439725
internal_weight=2500.49 1282.67 500.866 1217.82 781.799 942.599
internal_count=10340 5277 2045 5063 3232 3944
cat_boundaries=0 1 2
cat_threshold=3065611271 2157445124
is_linear=0
shrinkage=0.013029


Tree=89
num_leaves=7
num_cat=1
split_feature=138 125 133 128 50 128
split_gain=86.6941 48.091 49.4468 49.5627 31.0239 26.9396
threshold=0 0.91827956989247317 1.0000000180025095e-35 1.0000000180025095e-35 -0.16787715256214139 5.8548784722222234
decision_type=9 10 2 2 2 2
left_child=-1 2 3 4 -2 -5
right_child=1 -3 -4 5 -6 -7
leaf_value=-0.0040044159409493964 -0.0077583429436684347 0.015072917067037294 -0.0029228581504851174 -0.0035427943620391935 0.0053017322897330778 0.0018012269022475893
leaf_weight=667.34722535312176 31.748764902353287 42.282807379961014 397.06939409673214 257.08971339464188 673.45945674180984 421.96972768008709
leaf_count=2833 129 228 1613 1043 2747 1711
internal_value=-2.38373e-05 0.00144785 0.00112668 0.00228917 0.00470654 -0.000223591
internal_weight=2490.97 1823.62 1781.34 1384.27 705.208 679.059
internal_count=10304 7471 7243 5630 2876 2754
cat_boundaries=0 1
cat_threshold=2727937028
is_linear=0
shrinkage=0.013029


Tree=90
num_leaves=7
num_cat=0
split_feature=116 62 24 21 97 121
split_gain=50.1239 24.0736 25.3951 21.1143 25.3519 18.364
threshold=1.0000000180025095e-35 -0.16745894402265546 0.17170775681734088 -0.29976010322570795 0.14498552680015567 15.250000000000002
decision_type=2 2 2 2 2 10
left_child=5 3 -3 -2 -5 -1
right_child=1 2 -4 4 -6 -7
leaf_value=0.0016441904077906847 -0.00052296454606680527 0.0037654785273896129 -0.0047990796408284766 0.0045692233617312533 -0.003743457787043871 -0.0026086091038755254
leaf_weight=207.90435655415058 252.64365245401859 90.842680782079697 163.64940445125103 691.660300090909 67.906679853796959 995.66778925061226
leaf_count=867 1045 373 681 2874 278 4106
internal_value=2.99644e-05 0.00183855 -0.00173993 0.00273885 0.00382325 -0.00187345
internal_weight=2470.27 1266.7 254.492 1012.21 759.567 1203.57
internal_count=10224 5251 1054 4197 3152 4973
is_linear=0
shrinkage=0.013029


Tree=91
num_leaves=7
num_cat=1
split_feature=138 124 133 99 101 133
split_gain=96.5816 54.823 46.9188 31.962 30.9771 25.3466
threshold=0 694.60783333334268 1.0000000180025095e-35 -0.46888026595115656 67.500000000000014 1.0000000180025095e-35
decision_type=9 8 2 2 2 2
left_child=5 2 3 -2 -5 -1
right_child=1 -3 -4 4 -6 -7
leaf_value=-0.0031854874413430097 0.0048738778306066247 0.012075565530243835 -0.0027875944125231515 -0.00074365227558997361 0.0044689849534013731 -0.010342295301291597
leaf_weight=467.87507659196854 519.31947009265423 81.574865311384201 392.19246311485767 640.78376732766628 276.46387667953968 102.05587267875671
leaf_count=1987 2123 396 1594 2605 1121 445
internal_value=0.000257591 0.00166295 0.00120305 0.00229337 0.000829712 -0.0044012
internal_weight=2480.27 1910.33 1828.76 1436.57 917.248 569.931
internal_count=10271 7839 7443 5849 3726 2432
cat_boundaries=0 1
cat_threshold=2191066117
is_linear=0
shrinkage=0.013029


Tree=92
num_leaves=7
num_cat=2
split_feature=138 135 135 138 110 122
split_gain=96.7365 100.825 45.8865 32.6382 20.4103 22.7913
threshold=0 2.0500000000000003 5.5000000000000009 1 1.0000000180025095e-35 829.93900000000019
decision_type=9 2 2 9 2 8
left_child=2 3 -1 -2 -3 -6
right_child=1 4 -4 -5 5 -7
leaf_value=-0.0043060542300247086 -0.0028129320360260148 0.013692033615246266 0.0017574230418407992 0.0069014986240789038 0.0074047930418750744 0.0028368327746804752
leaf_weight=842.06048746407032 516.97971934080124 46.612634748220444 282.57079742848873 56.201593726873398 331.0719239115715 423.71652725338936
leaf_count=3542 2097 214 1150 245 1383 1722
internal_value=6.20153e-05 0.00237221 -0.00275791 -0.0017818 0.00537178 0.00484555
internal_weight=2499.21 1374.58 1124.63 573.181 801.401 754.788
internal_count=10353 5661 4692 2342 3319 3105
cat_boundaries=0 1 2
cat_threshold=2998502407 1279265312
is_linear=0
shrinkage=0.013029


Tree=93
num_leaves=7
num_cat=1
split_feature=138 135 133 134 122 122
split_gain=99.5741 83.4957 50.0868 33.3671 33.3586 25.1612
threshold=0 2.0500000000000003 1.0000000180025095e-35 1.0000000180025095e-35 34.750000000000007 998.9652500000002
decision_type=9 2 2 2 10 8
left_child=2 4 3 -1 -2 -3
right_child=1 5 -4 -5 -6 -7
leaf_value=0.00045926054604856521 0.0071986076063407138 0.0078228358414281982 -0.0085709289365559476 -0.0044143641210204173 -0.0027773275783658097 0.0031308812330133524
leaf_weight=610.65407347679138 64.509130626916885 354.62675960361958 200.35683554410934 390.43450485169888 446.40157327055931 431.00491274893284
leaf_count=2521 280 1493 852 1636 1808 1765
internal_value=7.59976e-05 0.0025696 -0.00261453 -0.00144329 -0.00150948 0.00525394
internal_weight=2497.99 1296.54 1201.45 1001.09 510.911 785.632
internal_count=10355 5346 5009 4157 2088 3258
cat_boundaries=0 1
cat_threshold=3197730823
is_linear=0
shrinkage=0.013029


Tree=94
num_leaves=7
num_cat=0
split_feature=110 125 124 99 129 55
split_gain=79.9349 61.1456 45.3891 28.3965 25.312 25.2598
threshold=1.0000000180025095e-35 0.34738243123336293 inf -0.46888026595115656 1.0000000180025095e-35 0.38697776198387152
decision_type=2 10 8 2 2 2
left_child=-1 4 3 -3 -2 -6
right_child=1 2 -4 -5 5 -7
leaf_value=0.012509281245270716 -0.0047484361458384776 0.0029601208640742363 0.015612345989978984 -0.00070086209438443843 -0.0023768968364780403 0.0062991061868344182
leaf_weight=83.444106370210648 577.00403606891632 611.98493900895119 35.319172546267509 870.36389364302158 207.72303995490074 77.678590402007103
leaf_count=367 2450 2490 198 3537 855 319
internal_value=2.98262e-05 -0.000411301 0.00116286 0.000811262 -0.0031802 -5.7397e-06
internal_weight=2463.52 2380.07 1517.67 1482.35 862.406 285.402
internal_count=10216 9849 6225 6027 3624 1174
is_linear=0
shrinkage=0.013029


Tree=95
num_leaves=7
num_cat=0
split_feature=125 124 133 40 54 5
split_gain=60.7566 47.1032 51.3952 31.6119 29.1017 24.2555
threshold=0.32576530612244903 inf 1.0000000180025095e-35 -0.31502401828765864 0.27876296639442449 0.0048290633130818614
decision_type=10 8 2 2 2 2
left_child=5 2 3 -2 -5 -1
right_child=1 -3 -4 4 -6 -7
leaf_value=-0.0044576181876785229 -0.0033820349193197457 0.015902516640435762 -0.003133331089326587 0.0040756540779695524 -0.0015692530997666128 0.00020728637074371594
leaf_weight=540.73825684189796 141.7485725581646 36.887895867228508 367.33260940015316 931.3440159112215 185.57132191956043 290.75445069372654
leaf_count=2275 577 210 1498 3804 755 1227
internal_value=4.65567e-05 0.00148433 0.00115042 0.00240167 0.00313737 -0.00282762
internal_weight=2494.38 1662.88 1626 1258.66 1116.92 831.493
internal_count=10346 6844 6634 5136 4559 3502
is_linear=0
shrinkage=0.013029


Tree=96
num_leaves=7
num_cat=0
split_feature=135 125 92 110 135 122
split_gain=79.9408 64.9353 48.3515 31.6848 31.885 33.57
threshold=1.7500000000000002 0.25500000000000006 0.52209895849227916 1.0000000180025095e-35 9.5000000000000018 54.600000000000009
decision_type=2 8 2 2 2 8
left_child=-1 -2 3 -3 5 -5
right_child=1 2 -4 4 -6 -7
leaf_value=-0.0050844777844876619 -0.0036138729135676358 0.01323547941396176 -0.00073628880669445254 0.010206641489226984 0.0099237207363235217 0.0017852109073192711
leaf_weight=410.03866247832775 384.27199697494507 58.111100509762764 575.52727095782757 88.245322898030281 112.56720511615276 837.38968925178051
leaf_count=1727 1621 263 2355 406 460 3404
internal_value=0.000163286 0.00121121 0.00232132 0.0039259 0.00339612 0.00259528
internal_weight=2466.15 2056.11 1671.84 1096.31 1038.2 925.635
internal_count=10236 8509 6888 4533 4270 3810
is_linear=0
shrinkage=0.013029


Tree=97
num_leaves=7
num_cat=1
split_feature=138 135 92 124 135 135
split_gain=94.6261 61.7676 44.5396 32.8711 27.7743 25.2525
threshold=0 1.7500000000000002 0.5529598891735078 694.60783333334268 4.5000000000000009 3.3350000000000004
decision_type=9 2 2 8 2 2
left_child=5 -2 3 4 -3 -1
right_child=1 2 -4 -5 -6 -7
leaf_value=-0.0065380361320602556 -0.0039492119150825256 0.0016621294007909849 -0.00086096732015321451 0.013481096285906042 0.0059165007297927964 -0.0012903933454435168
leaf_weight=357.25030618906021 285.92710402607918 609.98587572574615 444.51857988536358 58.316635653376579 454.9911395907402 276.20816768705845
leaf_count=1553 1175 2473 1812 298 1867 1151
internal_value=0.000118153 0.00160458 0.002629 0.00400975 0.00348246 -0.00418787
internal_weight=2487.2 1853.74 1567.81 1123.29 1064.98 633.458
internal_count=10329 7625 6450 4638 4340 2704
cat_boundaries=0 1
cat_threshold=2191107076
is_linear=0
shrinkage=0.013029


Tree=98
num_leaves=7
num_cat=1
split_feature=135 137 47 117 122 121
split_gain=69.4387 48.7225 36.1788 28.6005 25.4579 20.8643
threshold=2.0500000000000003 0 0.21168627589941028 1.5000000000000002 60.600000000000001 29.158333333333335
decision_type=2 9 2 2 8 8
left_child=4 2 5 -3 -1 -2
right_child=1 3 -4 -5 -6 -7
leaf_value=0.0031678163009943696 0.0075391162345556 -0.0022907117470492822 -0.0064412110811420441 0.0069367928530400646 -0.0037300172596150031 0.0030029888980273893
leaf_weight=103.22401461005211 220.58081810176373 524.20437787473202 59.021396890282631 63.275292664766312 727.33450300991535 785.41644309461117
leaf_count=446 943 2173 242 262 3019 3232
internal_value=0.000201058 0.00174555 0.00338777 -0.00126811 -0.00287076 0.00400223
internal_weight=2483.06 1652.5 1065.02 587.48 830.559 1006
internal_count=10317 6852 4417 2435 3465 4175
cat_boundaries=0 1
cat_threshold=48
is_linear=0
shrinkage=0.013029


Tree=99
num_leaves=7
num_cat=0
split_feature=133 128 131 128 119 107
split_gain=46.8939 61.308 37.2607 38.4298 35.3791 26.9639
threshold=1.0000000180025095e-35 0.85070601851851857 14.30729166666667 5.9201620370370378 1.0000000180025095e-35 1.0000000180025095e-35
decision_type=2 2 8 2 2 2
left_child=1 4 3 -2 -1 -5
right_child=2 -3 -4 5 -6 -7
leaf_value=0.0024534760995523902 -0.0067318265055507382 -0.0015696715424196753 0.0084641423785454493 0.010041496278447174 0.011880593557155898 -0.0025614955907688804
leaf_weight=1006.6178593337536 341.82256871461868 862.64565612375736 40.599215000867844 42.306614473462105 71.81521050632 86.694596514105797
leaf_count=4159 1421 3572 199 173 313 358
internal_value=9.36627e-05 0.00101861 -0.00341346 -0.00444889 0.00308866 0.0016041
internal_weight=2452.5 1941.08 511.423 470.824 1078.43 129.001
internal_count=10195 8044 2151 1952 4472 531
is_linear=0
shrinkage=0.013029


Tree=100
num_leaves=7
num_cat=2
split_feature=138 122 110 128 128 138
split_gain=89.9761 50.9698 42.1201 31.5157 34.3849 34.5545
threshold=0 1.0000000180025095e-35 1.0000000180025095e-35 11.852083333333335 0.85070601851851857 1
decision_type=9 8 2 2 2 9
left_child=-1 -2 -3 4 -4 -6
right_child=1 2 3 -5 5 -7
leaf_value=-0.0045948176815663001 0.012171075268977651 0.010289322949979479 0.0013966737696830625 0.0049612454154393335 0.0018557188341366093 -0.0046931116919265072
leaf_weight=548.35055208206177 70.375946283340454 77.484264776110649 946.36788968741894 234.74468737840652 199.96893362700939 405.48081454634666
leaf_count=2359 358 341 3849 953 811 1651
internal_value=1.19328e-05 0.00133586 0.00092946 0.000519586 -0.000154272 -0.00257732
internal_weight=2482.77 1934.42 1864.05 1786.56 1551.82 605.45
internal_count=10322 7963 7605 7264 6311 2462
cat_boundaries=0 1 2
cat_threshold=2191065092 138424736
is_linear=0
shrinkage=0.013029


Tree=101
num_leaves=7
num_cat=2
split_feature=138 125 133 134 136 123
split_gain=78.0618 52.4469 45.2459 44.6777 33.9651 22.2328
threshold=0 0.91827956989247317 1.0000000180025095e-35 1.0000000180025095e-35 1 110.50000000000001
decision_type=9 8 2 2 1 2
left_child=2 4 3 5 -2 -1
right_child=1 -3 -4 -5 -6 -7
leaf_value=-0.00015283927080357094 -0.0020131699980196534 0.012994272348195758 -0.0081412395312617271 -0.0047608142660504728 0.0029035324464812781 0.0065760702834513568
leaf_weight=516.74614186584949 315.01069165766239 72.617080628871918 191.35505552589893 376.65789650380611 912.90668831765652 98.667416214942932
leaf_count=2143 1280 367 819 1586 3733 402
internal_value=7.76995e-05 0.00227178 -0.0023329 -0.00123104 0.00164901 0.00093233
internal_weight=2483.96 1300.53 1183.43 992.071 1227.92 615.414
internal_count=10330 5380 4950 4131 5013 2545
cat_boundaries=0 1 2
cat_threshold=3197732358 1
is_linear=0
shrinkage=0.013029


Tree=102
num_leaves=7
num_cat=0
split_feature=124 40 62 10 54 81
split_gain=48.9171 38.838 34.6512 26.9165 18.6781 16.8586
threshold=inf -0.33352978527545923 -0.27393382787704462 -0.26584370434284205 0.20638581365346911 -0.049876989796757691
decision_type=8 2 2 2 2 2
left_child=1 -1 5 -4 -5 -3
right_child=-2 2 3 4 -6 -7
leaf_value=-0.0049818760245011846 0.013872436526458485 0.0060761834514041751 -0.0034029629171744048 0.0020249820006129388 -0.0013664050124282939 0.0015270988309552397
leaf_weight=251.92943620681763 42.292811647057533 200.61284929513931 432.24122248589993 585.12488123774529 520.03173063695431 444.04088966548443
leaf_count=1050 241 823 1798 2419 2149 1822
internal_value=9.76369e-05 -0.000145695 0.000414109 -0.000649212 0.000429311 0.00294788
internal_weight=2476.27 2433.98 2182.05 1537.4 1105.16 644.654
internal_count=10302 10061 9011 6366 4568 2645
is_linear=0
shrinkage=0.013029


Tree=103
num_leaves=7
num_cat=0
split_feature=118 135 124 135 133 128
split_gain=71.0544 62.3557 58.7828 33.6632 30.3597 26.6
threshold=1.0000000180025095e-35 5.5000000000000009 973.2273333333527 1.7500000000000002 1.0000000180025095e-35 11.917239583333336
decision_type=2 2 8 2 2 2
left_child=1 2 3 -1 -3 -5
right_child=-2 4 -4 5 -6 -7
leaf_value=-0.0052867457384249339 0.011819625401881435 0.0050379852419061497 0.013418903577550595 -0.0016022786815756275 -0.0029742161753984362 0.0040896603523644173
leaf_weight=392.55177220702171 82.28895229101181 425.13209728896618 42.779329523444176 1281.7730686664581 98.431026443839073 155.68329213559628
leaf_count=1656 367 1741 233 5277 404 638
internal_value=-3.1959e-05 -0.000442319 -0.00155366 -0.00190875 0.00352968 -0.000984098
internal_weight=2478.64 2396.35 1872.79 1830.01 523.563 1437.46
internal_count=10316 9949 7804 7571 2145 5915
is_linear=0
shrinkage=0.013029


Tree=104
num_leaves=7
num_cat=2
split_feature=138 138 110 16 1 129
split_gain=84.8928 43.3769 34.5517 26.9237 23.0268 19.2954
threshold=0 1 1.0000000180025095e-35 -0.19480054825544355 0.11343425139784814 1.0000000180025095e-35
decision_type=9 9 2 2 2 2
left_child=4 -2 -3 -4 5 -1
right_child=1 2 3 -5 -6 -7
leaf_value=-0.0030331727494963402 0.0110840343133853 0.010609929409593107 0.0017145082939169797 -0.0045624305741862438 -0.005227813537366492 0.0014672595885633648
leaf_weight=413.27156373858452 76.693170949816704 67.069452971220016 1099.3256523162127 128.98914743959904 396.58691205084324 264.84034851193428
leaf_count=1756 382 301 4471 525 1666 1086
internal_value=1.60011e-05 0.00215666 0.00154156 0.00105309 -0.00271146 -0.00127581
internal_weight=2446.78 1372.08 1295.38 1228.31 1074.7 678.112
internal_count=10187 5679 5297 4996 4508 2842
cat_boundaries=0 1 2
cat_threshold=3130631429 16797728
is_linear=0
shrinkage=0.013029


Tree=105
num_leaves=7
num_cat=0
split_feature=125 125 99 123 6 44
split_gain=64.6361 45.0839 30.7285 22.2232 20.0903 18.8459
threshold=0.32993197278911568 0.91827956989247317 -0.46769441664218897 142.50000000000003 -0.023584174923598763 0.054261574521660812
decision_type=10 10 2 2 2 2
left_child=4 2 5 -4 -1 -2
right_child=1 -3 3 -5 -6 -7
leaf_value=-0.0046537232645581543 -0.00048411471524002655 0.015234125364281783 -0.0011904612466089456 0.00380397120391077 -0.00052387225511217009 0.0046430593922902798
leaf_weight=460.27091085910797 159.66658282279968 39.561494216322899 773.64641930162907 187.23323372006416 353.49037307500839 509.36528053879738
leaf_count=1952 657 234 3159 762 1491 2090
internal_value=0.000147524 0.00161496 0.0012779 -0.000215173 -0.00286178 0.00342023
internal_weight=2483.23 1669.47 1629.91 960.88 813.761 669.032
internal_count=10345 6902 6668 3921 3443 2747
is_linear=0
shrinkage=0.013029


Tree=106
num_leaves=7
num_cat=0
split_feature=135 121 92 135 135 44
split_gain=70.7277 52.8129 56.0559 28.0172 26.4798 26.3624
threshold=1.7500000000000002 16.166666666666668 0.5073814094066621 9.5000000000000018 5.5000000000000009 0.071522776037454619
decision_type=2 8 2 2 2 2
left_child=-1 -2 3 5 -4 -3
right_child=1 2 4 -5 -6 -7
leaf_value=-0.0048613839116864619 0.0064131591225037874 -0.0013390851466277222 -0.0040268929119141074 0.008058607191107325 0.0016092968792676217 0.0031741467742214496
leaf_weight=407.62481187283993 272.22711703181267 360.19139528274536 531.49947306513786 121.20525731146336 192.30543792247772 561.28064472973347
leaf_count=1727 1181 1489 2205 501 786 2305
internal_value=8.81978e-05 0.00107918 0.000254927 0.0021881 -0.00252932 0.00141031
internal_weight=2446.33 2038.71 1766.48 1042.68 723.805 921.472
internal_count=10194 8467 7286 4295 2991 3794
is_linear=0
shrinkage=0.013029


Tree=107
num_leaves=7
num_cat=0
split_feature=135 124 110 135 125 54
split_gain=65.1894 60.3534 31.8955 29.8511 23.4654 20.7733
threshold=1.7500000000000002 324.24633333333196 1.0000000180025095e-35 9.5000000000000018 0.25500000000000006 0.22742622345685962
decision_type=2 8 2 2 10 2
left_child=-1 2 -2 4 -4 -6
right_child=1 -3 3 -5 5 -7
leaf_value=-0.0048272518807952712 0.0097787298724940786 0.0062711304515319279 -0.0036668991453423965 0.0050177436032821992 0.0013823154636320614 -0.0021766244864910517
leaf_weight=406.58840617537498 53.737023144960403 300.01782564818859 389.06720660626888 158.94904589653015 727.29182194173336 450.10697036981583
leaf_count=1721 239 1312 1649 647 2964 1836
internal_value=-6.06771e-05 0.000872773 -3.9691e-05 -0.000349381 -0.000896012 2.12783e-05
internal_weight=2485.76 2079.17 1779.15 1725.42 1566.47 1177.4
internal_count=10368 8647 7335 7096 6449 4800
is_linear=0
shrinkage=0.013029


Tree=108
num_leaves=7
num_cat=0
split_feature=124 116 125 130 125 44
split_gain=60.0186 49.2746 30.2082 22.9941 20.959 22.5648
threshold=694.60783333334268 1.0000000180025095e-35 0.19375000000000003 23.250000000000004 0.32993197278911568 0.049716293811798103
decision_type=8 2 10 2 10 2
left_child=1 3 -3 -1 -5 -6
right_child=-2 2 -4 4 5 -7
leaf_value=0.0021696196568071441 0.010745383138114652 -0.0048883089602148599 0.0019694620364940239 -0.0054879171320391298 -0.0052957702147571582 4.3066952367609373e-05
leaf_weight=157.31048347055912 81.744121938943863 120.47164456546307 1089.8686425834894 401.88207852840424 196.82342919707298 420.35759596526623
leaf_count=657 415 514 4493 1708 803 1710
internal_value=-0.000183473 -0.00056087 0.0012844 -0.00245905 -0.00317459 -0.00166366
internal_weight=2468.46 2386.71 1210.34 1176.37 1019.06 617.181
internal_count=10300 9885 5007 4878 4221 2513
is_linear=0
shrinkage=0.013029


Tree=109
num_leaves=7
num_cat=0
split_feature=135 122 132 135 133 98
split_gain=82.6304 53.9605 39.0225 37.3008 33.5004 29.043
threshold=4.5000000000000009 1.0000000180025095e-35 8.5000000000000018 1.7500000000000002 1.0000000180025095e-35 -0.061413390561938279
decision_type=2 8 2 2 2 2
left_child=1 -1 4 -3 -2 -5
right_child=2 3 -4 5 -6 -7
leaf_value=0.01166434639474672 0.0019366763169800314 -0.005998162267306888 0.0057575356313299244 -0.0030263176365474859 -0.0064502450601338227 0.0014376312768916587
leaf_weight=45.981727629899979 486.08639907836914 390.81553862988949 418.71183817088604 630.36789973080158 96.242272689938545 406.40991686284542
leaf_count=236 1996 1652 1755 2611 403 1674
internal_value=-0.000160026 -0.00212195 0.00272746 -0.00257158 0.000544383 -0.00127669
internal_weight=2474.62 1473.58 1001.04 1427.59 582.329 1036.78
internal_count=10327 6173 4154 5937 2399 4285
is_linear=0
shrinkage=0.013029


Tree=110
num_leaves=7
num_cat=1
split_feature=138 121 133 128 133 128
split_gain=91.5694 50.0094 35.3348 30.8146 27.9297 38.6818
threshold=0 15.250000000000002 1.0000000180025095e-35 1.0383217592592595 1.0000000180025095e-35 10.900700231481483
decision_type=9 8 2 2 2 2
left_child=2 -2 3 -1 -3 -6
right_child=1 4 -4 -5 5 -7
leaf_value=-0.00010421205871402058 0.0077261013393011193 0.0020181002143118453 -0.0096144760581373962 -0.0059342413186803345 -0.0044901789440503301 0.0069767538337579755
leaf_weight=418.32583355903625 218.11245299875736 1115.3468839675188 132.27372409403324 242.78350664675236 263.12561236321926 60.930675998330116
leaf_count=1757 965 4560 583 1049 1072 248
internal_value=0.000171786 0.00191122 -0.00344139 -0.00224929 0.00103999 -0.00232356
internal_weight=2450.9 1657.52 793.383 661.109 1439.4 324.056
internal_count=10234 6845 3389 2806 5880 1320
cat_boundaries=0 1
cat_threshold=2727969815
is_linear=0
shrinkage=0.013029


Tree=111
num_leaves=7
num_cat=1
split_feature=125 125 110 136 95 123
split_gain=63.465 42.7738 37.62 26.4981 27.1824 23.7041
threshold=0.32576530612244903 0.91827956989247317 1.0000000180025095e-35 0 -0.046795964241027825 189.00000000000003
decision_type=10 10 2 1 2 2
left_child=-1 2 -2 5 -5 -4
right_child=1 -3 3 4 -6 -7
leaf_value=-0.003181552089866055 0.01085421681993526 0.014469986291641833 -0.00282738534342834 0.002545873162122425 -0.0032353681518321764 0.0083422358451783404
leaf_weight=811.50842380523682 61.650756642222404 39.898584082722664 447.19834263622761 916.68250016868114 161.88917860388756 34.071782410144806
leaf_count=3443 279 242 1824 3738 663 140
internal_value=-0.000196621 0.00126211 0.000930917 0.000533945 0.00166118 -0.00198432
internal_weight=2472.9 1661.39 1621.49 1559.84 1078.57 481.27
internal_count=10329 6886 6644 6365 4401 1964
cat_boundaries=0 1
cat_threshold=1
is_linear=0
shrinkage=0.013029


Tree=112
num_leaves=7
num_cat=2
split_feature=138 135 138 135 125 95
split_gain=72.7866 59.2551 35.625 30.4886 20.8552 19.4107
threshold=0 1.7500000000000002 1 4.5000000000000009 0.8047619047619049 -0.091268945485353456
decision_type=9 2 9 2 8 2
left_child=-1 -2 3 4 5 -3
right_child=1 2 -4 -5 -6 -7
leaf_value=-0.0039811939355208024 -0.0039956673602723324 0.0029567965793954403 0.00021780395782367037 0.0070938053675837697 0.012540389829737889 -0.0030411684015487464
leaf_weight=542.142752841115 293.40837101638317 381.09035713970661 741.24889148771763 355.62911130487919 30.264669939875603 119.86640432476997
leaf_count=2350 1215 1549 3018 1509 166 487
internal_value=0.000189106 0.0013803 0.00235893 0.00409829 0.00216317 0.00151936
internal_weight=2463.65 1921.51 1628.1 886.851 531.221 500.957
internal_count=10294 7944 6729 3711 2202 2036
cat_boundaries=0 1 2
cat_threshold=2191000580 20994472
is_linear=0
shrinkage=0.013029


Tree=113
num_leaves=7
num_cat=1
split_feature=138 49 121 99 128 128
split_gain=72.4952 35.1084 26.3553 27.51 23.4684 22.5805
threshold=0 -0.022376252338290211 85.166666666666671 -0.50507199764251698 2.1704629629629637 6.2539814814814827
decision_type=9 2 10 2 2 2
left_child=4 -2 -3 -4 -1 -6
right_child=1 2 3 -5 5 -7
leaf_value=-0.0010078188736390241 -0.0040308952292618886 0.0046570934980872574 0.0040557494471738917 -0.0022006263392208227 -0.0091134771499498356 -0.0024607086657059303
leaf_weight=812.24979786574841 134.84340114891529 666.66897337138653 218.53526286780834 261.06208315491676 138.53498524427414 231.17467051744461
leaf_count=3402 551 2803 904 1070 583 982
internal_value=8.76109e-05 0.00222538 0.00298279 0.000651963 -0.0022294 -0.00496629
internal_weight=2463.07 1281.11 1146.27 479.597 1181.96 369.71
internal_count=10295 5328 4777 1974 4967 1565
cat_boundaries=0 1
cat_threshold=3197731854
is_linear=0
shrinkage=0.013029


Tree=114
num_leaves=7
num_cat=1
split_feature=138 124 118 37 41 99
split_gain=73.9209 43.7112 33.1345 28.1099 23.6606 23.5852
threshold=0 694.60783333334268 1.0000000180025095e-35 0.13770855218172076 1.0000000180025095e-35 -0.50625875592231739
decision_type=9 8 2 2 2 2
left_child=-1 2 3 -2 -5 -6
right_child=1 -3 -4 4 5 -7
leaf_value=-0.0041345346939323027 -0.0018623642644808004 0.0111902246315839 0.0094392116332639043 -0.0091263654269032081 0.00477338797115337 0.00070172945167375244
leaf_weight=559.44945167005062 584.58323033154011 71.10205252468586 72.088042467832565 32.983762428164482 348.29886248707771 785.011734187603
leaf_count=2426 2386 374 324 134 1422 3198
internal_value=-1.90679e-05 0.00121303 0.000826324 0.000468023 0.00163651 0.00195527
internal_weight=2453.52 1894.07 1822.97 1750.88 1166.29 1133.31
internal_count=10264 7838 7464 7140 4754 4620
cat_boundaries=0 1
cat_threshold=2191066132
is_linear=0
shrinkage=0.013029


Tree=115
num_leaves=7
num_cat=0
split_feature=135 121 135 132 132 19
split_gain=67.0798 42.2184 44.6442 27.1428 22.726 17.5959
threshold=1.7500000000000002 16.166666666666668 5.5000000000000009 12.500000000000002 14.500000000000002 0.48903667926788336
decision_type=2 8 2 2 2 2
left_child=-1 -2 3 -3 -4 -5
right_child=1 2 4 5 -6 -7
leaf_value=-0.0049478126503769869 0.0057023134109889526 -0.0027316314159001784 0.0015719753896188612 0.0021527298376833696 0.0075128809523578085 -0.004260478752690507
leaf_weight=400.18074552714825 267.08214809000492 752.65886843204498 355.43482749164104 445.99140110611916 157.48173542320728 86.043143674731255
leaf_count=1702 1170 3146 1461 1822 660 351
internal_value=-7.06019e-05 0.000876082 0.000157048 -0.00114043 0.0034039 0.00111125
internal_weight=2464.87 2064.69 1797.61 1284.69 512.917 532.035
internal_count=10312 8610 7440 5319 2121 2173
is_linear=0
shrinkage=0.013029


Tree=116
num_leaves=7
num_cat=0
split_feature=116 133 125 128 47 88
split_gain=49.6049 42.6567 39.1785 26.9686 27.8634 24.2703
threshold=1.0000000180025095e-35 1.0000000180025095e-35 0.53923076923076929 1.0000000180025095e-35 0.15658276528120044 -0.040523957461118691
decision_type=2 2 10 2 2 2
left_child=5 3 -3 4 -2 -1
right_child=1 2 -4 -5 -6 -7
leaf_value=4.268067983320206e-05 0.0064061843452299771 -0.0059938120538322974 0.0046492125769657883 0.00081207520360480716 -0.0017819346776021341 -0.0036727580239403054
leaf_weight=666.14050057530403 479.72710794210434 179.46186780929565 86.473293513059616 410.45469690859318 82.374617144465446 539.97666712105274
leaf_count=2751 2019 747 383 1707 343 2280
internal_value=0.000258323 0.00208928 -0.00252988 0.00335326 0.0052055 -0.0016219
internal_weight=2444.61 1238.49 265.935 972.556 562.102 1206.12
internal_count=10230 5199 1130 4069 2362 5031
is_linear=0
shrinkage=0.013029


Tree=117
num_leaves=7
num_cat=0
split_feature=122 133 128 128 129 128
split_gain=52.9873 55.2814 46.7637 40.8487 44.2593 29.2669
threshold=1.2250000000000003 1.0000000180025095e-35 11.438373842592595 0.85070601851851857 1.0000000180025095e-35 7.0219675925925937
decision_type=8 2 2 2 2 2
left_child=-1 3 -3 4 -2 -5
right_child=1 2 -4 5 -6 -7
leaf_value=0.011038750940111005 -0.00031631153552131479 -0.0056128151185995305 0.0062458805676416131 -0.003970678949963097 0.0050799103975197914 0.00089906481952596845
leaf_weight=72.941312164068222 482.37753574550152 429.28861740231514 64.378718599677086 379.57368609309196 553.82837478816509 466.03318187594414
leaf_count=380 2011 1795 265 1580 2289 1930
internal_value=0.000155121 -0.000182274 -0.00405958 0.000836031 0.00256935 -0.00128835
internal_weight=2448.42 2375.48 493.667 1881.81 1036.21 845.607
internal_count=10250 9870 2060 7810 4300 3510
is_linear=0
shrinkage=0.013029


Tree=118
num_leaves=7
num_cat=1
split_feature=125 136 127 124 53 123
split_gain=53.6075 38.5582 29.993 29.5675 25.4711 23.666
threshold=0.32993197278911568 0 13.999855324074074 inf 0.034915534779429443 159.50000000000003
decision_type=10 1 2 8 2 2
left_child=-1 2 5 4 -3 -2
right_child=1 3 -4 -5 -6 -7
leaf_value=-0.0024617868189724876 -0.00037802359933284373 -0.00037651246771762512 -0.0055124858825392649 0.015075364064451648 0.0038865797679466752 0.010078424753777683
leaf_weight=801.56992925703526 257.58930103480816 341.5122451633215 188.35888813436031 32.489846035838127 782.68546071648598 42.136902391910553
leaf_count=3412 1055 1400 769 209 3226 173
internal_value=0.000299667 0.00164593 -0.00141952 0.0029265 0.0025921 0.00111236
internal_weight=2446.34 1644.77 488.085 1156.69 1124.2 299.726
internal_count=10244 6832 1997 4835 4626 1228
cat_boundaries=0 1
cat_threshold=1
is_linear=0
shrinkage=0.013029


Tree=119
num_leaves=7
num_cat=0
split_feature=135 110 135 116 61 65
split_gain=69.0046 49.3532 36.5849 29.2852 15.4809 16.5788
threshold=1.7500000000000002 1.0000000180025095e-35 6.5000000000000009 1.0000000180025095e-35 0.28039808571338659 -0.075945578515529619
decision_type=2 2 2 2 2 2
left_child=-1 -2 3 -3 5 -4
right_child=1 2 4 -5 -6 -7
leaf_value=-0.0049661005222279841 0.011397008243716818 -0.0021690292170313328 0.0088583569962689575 0.001439200588043129 -0.0011834965817836074 0.0029967180891973403
leaf_weight=398.19916899502277 73.362610459327698 779.09961134195328 122.81156761944294 747.52399212121964 85.554781436920166 246.95497369766235
leaf_count=1698 340 3249 505 3122 350 1017
internal_value=-6.96222e-06 0.000955216 0.00056476 -0.000402382 0.00380301 0.00495682
internal_weight=2453.51 2055.31 1981.94 1526.62 455.321 369.767
internal_count=10281 8583 8243 6371 1872 1522
is_linear=0
shrinkage=0.013029


Tree=120
num_leaves=7
num_cat=2
split_feature=138 131 135 136 135 128
split_gain=72.5149 52.4827 48.2425 32.6205 24.6476 22.6011
threshold=0 11.960526315789476 1.7500000000000002 1 3.3350000000000004 12.41049189814815
decision_type=9 8 2 1 2 2
left_child=4 2 -2 5 -1 -4
right_child=1 -3 3 -5 -6 -7
leaf_value=-0.0050941914261222699 -0.0044721965715401116 0.01018054714524344 -0.002375642182934633 0.0032897262380053118 -0.00066174359916578134 0.0091982697018827032
leaf_weight=481.40518017113209 235.40737345814705 111.22423386573792 330.44055438041687 876.24633955955505 381.90506465733051 30.654073014855385
leaf_count=2095 968 543 1337 3600 1594 124
internal_value=-8.41256e-05 0.00156974 0.000925499 0.0019544 -0.00309968 -0.00133993
internal_weight=2447.28 1583.97 1472.75 1237.34 863.31 361.095
internal_count=10261 6572 6029 5061 3689 1461
cat_boundaries=0 1 2
cat_threshold=2795078663 1
is_linear=0
shrinkage=0.013029


Tree=121
num_leaves=7
num_cat=1
split_feature=110 138 121 135 61 44
split_gain=69.0273 61.771 46.3281 42.9211 26.5357 25.3387
threshold=1.0000000180025095e-35 0 12.833333333333334 4.5000000000000009 0.3453605473041535 0.019784958101809028
decision_type=2 9 8 2 2 2
left_child=-1 -2 -3 5 -5 -4
right_child=1 2 3 4 -6 -7
leaf_value=0.011957741035720552 -0.0035445314698082536 0.0068170629401125378 -0.0067046942184595618 0.0040313016976638418 -0.0042386392765988981 -0.00067618257427226396
leaf_weight=78.302388355135918 729.59481298923492 202.40899711847305 140.92645919322968 495.80334968864918 75.345345810055733 721.3063035607338
leaf_count=360 3141 906 575 2025 306 2935
internal_value=-2.17486e-05 -0.000421785 0.000987581 0.000168311 0.00293643 -0.00166622
internal_weight=2443.69 2365.39 1635.79 1433.38 571.149 862.233
internal_count=10248 9888 6747 5841 2331 3510
cat_boundaries=0 1
cat_threshold=2727978244
is_linear=0
shrinkage=0.013029


Tree=122
num_leaves=7
num_cat=1
split_feature=138 125 5 98 123 47
split_gain=72.2889 40.1928 24.6462 23.7789 21.3542 20.5813
threshold=0 0.91827956989247317 -0.0097472583875060064 -0.053110115230083459 190.50000000000003 0.20646077394485476
decision_type=9 10 2 2 2 2
left_child=2 3 -1 4 -2 -5
right_child=1 -3 -4 5 -6 -7
leaf_value=-0.0068562749949753893 -0.0006186556915084079 0.014429068893613305 -0.0014479427280972884 0.0034493382287830924 0.0081099495137426075 -0.0068254077611766065
leaf_weight=296.98586344718933 1165.1393042653799 36.764056101441383 276.24216336011887 585.79651065170765 48.893240258097649 34.424669206142426
leaf_count=1303 4768 234 1194 2417 202 141
internal_value=-0.000178776 0.00106551 -0.00418212 0.000797985 -0.000262584 0.00287189
internal_weight=2444.25 1871.02 573.228 1834.25 1214.03 620.221
internal_count=10259 7762 2497 7528 4970 2558
cat_boundaries=0 1
cat_threshold=2191066118
is_linear=0
shrinkage=0.013029


Tree=123
num_leaves=7
num_cat=1
split_feature=125 125 63 47 136 126
split_gain=44.0684 34.4239 25.5275 22.9053 20.5665 19.7
threshold=0.32576530612244903 0.96666666666666679 -0.02366659045219421 0.2299979701638222 0 0.24500000000000002
decision_type=8 10 2 2 1 8
left_child=5 2 -2 4 -4 -1
right_child=1 -3 3 -5 -6 -7
leaf_value=-0.0030962272449251128 -0.00170146825449395 0.014302525928356928 -0.00032623194093358676 -0.0059980766198818748 0.0034705432490181438 0.0060841271562951296
leaf_weight=682.77900241315365 434.82847167551517 33.032842054963112 347.18021599948406 57.656290605664253 819.74411843717098 41.477013245224953
leaf_count=2927 1797 217 1420 236 3377 175
internal_value=0.000122977 0.00127386 0.0010085 0.00197119 0.00236835 -0.00256503
internal_weight=2416.7 1692.44 1659.41 1224.58 1166.92 724.256
internal_count=10149 7047 6830 5033 4797 3102
cat_boundaries=0 1
cat_threshold=1
is_linear=0
shrinkage=0.013029


Tree=124
num_leaves=7
num_cat=1
split_feature=138 125 37 41 1 119
split_gain=65.5688 36.8416 32.1908 22.187 22.1849 20.0827
threshold=0 0.91827956989247317 0.11621889844536783 0.023407932370901111 0.081610433757305159 1.0000000180025095e-35
decision_type=9 8 2 2 2 2
left_child=-1 2 4 -4 -2 -5
right_child=1 -3 3 5 -6 -7
leaf_value=-0.0027647597637841695 0.0019878215592533345 0.010618643397291608 -0.0062758034062088781 0.002302410116683458 -0.0044771178578172982 0.0092066964684351521
leaf_weight=782.95381319522858 147.31465889513493 75.897650942206383 47.393840461969376 1087.7442893832922 229.9928952306509 75.964756473898888
leaf_count=3366 604 402 193 4434 939 339
internal_value=0.000322982 0.00178204 0.00136646 0.00240144 -0.00195398 0.00275845
internal_weight=2447.26 1664.31 1588.41 1211.1 377.308 1163.71
internal_count=10277 6911 6509 4966 1543 4773
cat_boundaries=0 1
cat_threshold=2795044871
is_linear=0
shrinkage=0.013029


Tree=125
num_leaves=7
num_cat=0
split_feature=135 118 124 124 135 47
split_gain=65.5849 46.4024 32.8641 24.1986 23.9258 18.4654
threshold=2.5850000000000004 1.0000000180025095e-35 368.89766666666844 500.85383333333658 14.500000000000002 0.06602847203612329
decision_type=2 2 8 8 2 2
left_child=3 2 4 -1 5 -2
right_child=1 -3 -4 -5 -6 -7
leaf_value=-0.0036050469770318515 0.0017106894322739838 0.012784510173487208 0.0066117633742720653 0.00507793792369039 0.0092483215314268907 -0.0013483453426640553
leaf_weight=771.58794738352299 635.18745549023151 58.994045704603195 162.40527865290642 58.007140293717384 49.631834551692009 707.1438819617033
leaf_count=3247 2622 282 731 261 202 2924
internal_value=-1.85152e-05 0.00151218 0.0010787 -0.00299409 0.000430092 9.93207e-05
internal_weight=2442.96 1613.36 1554.37 829.595 1391.96 1342.33
internal_count=10269 6761 6479 3508 5748 5546
is_linear=0
shrinkage=0.013029


Tree=126
num_leaves=7
num_cat=2
split_feature=135 138 133 101 136 133
split_gain=61.0779 72.0638 30.5012 28.6435 23.1222 28.8166
threshold=1.7500000000000002 0 1.0000000180025095e-35 61.500000000000007 1 1.0000000180025095e-35
decision_type=2 9 2 2 1 2
left_child=-1 2 3 -2 -3 -6
right_child=1 4 -4 -5 5 -7
leaf_value=-0.0047073992346712626 -0.0023666224124285359 0.0080931581638015067 -0.0064706862159725478 0.0028958845587814391 0.0034912149631865673 -0.0024299510403702484
leaf_weight=401.02089478075504 523.0712261646986 135.47761750221252 185.28580678999424 263.41429470479488 756.75414623320103 170.49203112721443
leaf_count=1719 2186 626 792 1084 3134 697
internal_value=-6.47605e-05 0.000851678 -0.00170817 -0.00060305 0.0031782 0.00237586
internal_weight=2435.52 2034.5 971.771 786.486 1062.72 927.246
internal_count=10238 8519 4062 3270 4457 3831
cat_boundaries=0 1 2
cat_threshold=4038623255 16
is_linear=0
shrinkage=0.013029


Tree=127
num_leaves=7
num_cat=2
split_feature=138 81 121 136 114 53
split_gain=66.1044 34.9843 23.7114 22.9408 20.1559 24.807
threshold=0 -0.01370922429487109 15.41666666666667 1 2.5000000000000004 0.14414537698030475
decision_type=9 2 8 1 2 2
left_child=4 3 -3 -2 5 -1
right_child=1 2 -4 -5 -6 -7
leaf_value=-0.00438592455461827 -0.0009548203201750076 0.0044977145774160775 -0.0010911390172408644 0.0045641590534805931 -0.0063985875513428905 0.0027641755817414074
leaf_weight=216.64875216782093 165.72365429997444 148.99377159774303 925.11115802824497 570.96784183382988 274.75019851326942 132.02308425307274
leaf_count=937 678 645 3796 2403 1208 564
internal_value=-8.19102e-05 0.00118009 -0.000313423 0.00337185 -0.00370425 -0.00167845
internal_weight=2434.22 1810.8 1074.1 736.691 623.422 348.672
internal_count=10231 7522 4441 3081 2709 1501
cat_boundaries=0 1 2
cat_threshold=2191032326 1
is_linear=0
shrinkage=0.013029


Tree=128
num_leaves=7
num_cat=0
split_feature=135 92 122 135 132 47
split_gain=52.4825 48.8447 29.1082 27.1954 30.9717 20.9141
threshold=1.7500000000000002 0.5073814094066621 60.600000000000001 4.5000000000000009 4.5000000000000009 0.19511158764362338
decision_type=2 2 10 2 2 2
left_child=-1 2 -2 -4 -5 -3
right_child=1 5 3 4 -6 -7
leaf_value=-0.0043360670941311992 0.0085158531824622609 -0.00074483793929443058 -3.8892497801956584e-06 -0.001389475306007438 0.0061628168403337989 -0.0071399379750183394
leaf_weight=387.50217188894749 125.78842842578888 759.44860483705997 577.55393980443478 124.34018248319626 353.14033405482769 97.338407069444656
leaf_count=1660 594 3167 2384 514 1478 404
internal_value=5.45737e-05 0.000890784 0.00260844 0.00189886 0.00419699 -0.00147669
internal_weight=2425.11 2037.61 1180.82 1055.03 477.481 856.787
internal_count=10201 8541 4970 4376 1992 3571
is_linear=0
shrinkage=0.013029


Tree=129
num_leaves=7
num_cat=0
split_feature=135 124 118 88 92 63
split_gain=61.9816 39.8985 35.4736 30.7383 28.0555 20.115
threshold=3.3350000000000004 745.88416666666296 1.0000000180025095e-35 0.059418736025691039 0.50635731220245372 -0.0086574074812233431
decision_type=2 8 2 2 2 2
left_child=1 3 4 5 -2 -1
right_child=2 -3 -4 -5 -6 -7
leaf_value=-0.0040309381516640715 0.0036308234156360885 0.011180276560647334 0.013219311863723531 -0.006394858060333298 -0.00054294694201482833 -6.7566093945106953e-05
leaf_weight=312.65944004058838 615.34502287209034 37.8134885430336 47.322637870907784 247.45149421691895 491.21718257665634 709.69756984710693
leaf_count=1319 2568 209 228 1054 2027 2953
internal_value=5.574e-05 -0.00188593 0.00225592 -0.00228107 0.00177887 -0.00128161
internal_weight=2461.51 1307.62 1153.88 1269.81 1106.56 1022.36
internal_count=10358 5535 4823 5326 4595 4272
is_linear=0
shrinkage=0.013029


Tree=130
num_leaves=7
num_cat=0
split_feature=133 135 122 118 121 135
split_gain=56.1323 50.9078 33.8216 32.0558 32.1056 33.7058
threshold=1.0000000180025095e-35 2.0500000000000003 568.65150000000017 1.0000000180025095e-35 21.500000000000004 9.5000000000000018
decision_type=2 2 8 2 8 2
left_child=1 -1 -2 4 -3 -6
right_child=2 3 -4 -5 5 -7
leaf_value=-0.0019816688420194852 0.00014121302278096925 0.0068347077108709626 -0.0066457585617015784 0.01366068864189544 0.00025436122174518627 0.0072249812002376252
leaf_weight=655.07865791022778 210.8977367579937 202.59425921738148 303.93927228450775 41.439769312739372 897.69476099312305 134.83432404696941
leaf_count=2762 925 869 1274 203 3716 557
internal_value=-4.95006e-05 0.000969602 -0.00386918 0.00248433 0.00210171 0.00116897
internal_weight=2446.48 1931.64 514.837 1276.56 1235.12 1032.53
internal_count=10306 8107 2199 5345 5142 4273
is_linear=0
shrinkage=0.013029


Tree=131
num_leaves=7
num_cat=0
split_feature=118 122 125 107 123 129
split_gain=46.8516 40.2044 38.2254 22.9057 27.8027 16.0109
threshold=1.0000000180025095e-35 1.0000000180025095e-35 0.24357284113381678 1.0000000180025095e-35 142.50000000000003 1.0000000180025095e-35
decision_type=2 8 10 2 2 2
left_child=1 -1 5 -4 -5 -3
right_child=-2 2 3 4 -6 -7
leaf_value=0.010339538873242748 0.009918736868576734 -0.0052332593591835098 0.0024683393453753502 -0.0016242166305616241 0.0033816794102577989 0.00011563838800619627
leaf_weight=57.885395988821983 77.713126912713051 359.24378369748592 561.21441489458084 1018.0579988360405 230.36634553968906 129.01546965539455
leaf_count=317 363 1566 2298 4212 945 541
internal_value=1.18073e-05 -0.000317898 -0.00058948 0.000283785 -0.000699101 -0.00382178
internal_weight=2433.5 2355.78 2297.9 1809.64 1248.42 488.259
internal_count=10242 9879 9562 7455 5157 2107
is_linear=0
shrinkage=0.013029


Tree=132
num_leaves=7
num_cat=2
split_feature=138 138 133 127 134 121
split_gain=63.7165 29.8215 42.4512 26.53 30.7747 25.4212
threshold=0 1 1.0000000180025095e-35 13.999438657407408 1.0000000180025095e-35 1.0000000180025095e-35
decision_type=9 9 2 2 2 10
left_child=-1 5 3 -3 -5 -2
right_child=1 2 -4 4 -6 -7
leaf_value=-0.0037477255708080986 0.01424161835195421 -0.0018302897401302005 -0.0039811185839413862 0.0048830498423086573 0.00020044236073382755 0.0034771972735688395
leaf_weight=537.76816055178642 41.681428581476212 301.54620835185051 291.22508941590786 488.03096754848957 464.99405637383461 315.4986647516489
leaf_count=2362 260 1237 1200 2027 1907 1291
internal_value=0.000168816 0.0012895 0.00049113 0.00153486 0.00260019 0.00462979
internal_weight=2440.74 1902.98 1545.8 1254.57 953.025 357.18
internal_count=10284 7922 6371 5171 3934 1551
cat_boundaries=0 1 2
cat_threshold=2191007748 21254472
is_linear=0
shrinkage=0.013029


Tree=133
num_leaves=7
num_cat=0
split_feature=135 125 124 56 47 125
split_gain=60.9451 36.3467 24.0471 20.56 19.5978 19.4348
threshold=2.0500000000000003 0.28801843317972359 368.89766666666844 -0.20124581456184384 0.16111331433057788 0.63484848484848488
decision_type=2 8 8 2 2 10
left_child=5 -2 3 -3 -5 -1
right_child=1 2 -4 4 -6 -7
leaf_value=-0.0035558228353940145 -0.0018558718290169654 0.004307404730914525 0.0072130881552368506 0.0014635844843881517 -0.0045238080764131924 0.0034439229528921552
leaf_weight=761.95940639078617 428.6598553955555 364.38220863044262 162.55312272906303 549.29758195579052 110.93224160373211 73.294877916574478
leaf_count=3215 1823 1499 750 2263 452 323
internal_value=-8.3096e-05 0.00139392 0.00256775 0.00182629 0.000453795 -0.00293918
internal_weight=2451.08 1615.83 1187.17 1024.61 660.23 835.254
internal_count=10325 6787 4964 4214 2715 3538
is_linear=0
shrinkage=0.013029


Tree=134
num_leaves=7
num_cat=0
split_feature=124 135 40 113 133 122
split_gain=54.2509 49.2962 23.7287 24.4591 25.6703 25.0753
threshold=365.35616666666238 6.5000000000000009 -0.3492919653654098 1.0000000180025095e-35 1.0000000180025095e-35 991.47500000000002
decision_type=8 2 2 2 2 8
left_child=1 2 -1 -4 -5 -6
right_child=-2 -3 3 4 5 -7
leaf_value=-0.0064246185318652688 0.0053053022071274502 0.0033742822784046194 -0.0032179784295665657 0.0012797242923906608 0.00032222170313386594 -0.0085937872083425536
leaf_weight=157.88782843947411 295.27450384199619 415.71652150154114 591.62660285830498 751.45901475846767 115.06343427300453 99.361856490373611
leaf_count=673 1326 1718 2501 3129 478 418
internal_value=7.8382e-05 -0.000647356 -0.00162297 -0.00113351 0.000144705 -0.00382408
internal_weight=2426.39 2131.12 1715.4 1557.51 965.884 214.425
internal_count=10243 8917 7199 6526 4025 896
is_linear=0
shrinkage=0.013029


Tree=135
num_leaves=7
num_cat=1
split_feature=138 125 118 5 49 99
split_gain=57.9839 31.4208 27.5263 22.4609 20.5894 21.4571
threshold=0 0.91827956989247317 1.0000000180025095e-35 0.0048290633130818614 -0.030773852951824662 -0.51545667648315419
decision_type=9 10 2 2 2 2
left_child=3 2 4 -1 -2 -6
right_child=1 -3 -4 -5 5 -7
leaf_value=-0.0058986846276318627 -0.0041989906627650526 0.01325166426533241 0.0085744436225956375 -0.00063033703596275927 0.0035896911136696764 7.6815564327637099e-05
leaf_weight=333.74865438044071 145.0439071804285 34.459511190652847 73.846966534852982 233.44109424948692 386.60103033483028 1240.7952121198177
leaf_count=1475 594 234 342 1013 1587 5082
internal_value=-5.77597e-05 0.0010463 0.000819149 -0.00366926 0.000492724 0.00091253
internal_weight=2447.94 1880.75 1846.29 567.19 1772.44 1627.4
internal_count=10327 7839 7605 2488 7263 6669
cat_boundaries=0 1
cat_threshold=2191073285
is_linear=0
shrinkage=0.013029


Tree=136
num_leaves=7
num_cat=2
split_feature=138 136 40 6 134 67
split_gain=61.6689 32.1494 29.9247 20.9216 20.7643 22.8352
threshold=0 1 -0.36520110070705408 -0.21270383149385449 1.0000000180025095e-35 -0.00074214683263562609
decision_type=9 1 2 2 2 2
left_child=-1 3 -3 -2 -4 -6
right_child=1 2 4 -5 5 -7
leaf_value=-0.0037741326435235222 -0.0022757905834772307 -0.0072494294550063346 0.0023210668929110854 0.0062580780811713988 -0.0026383447564477316 0.0020720065997503409
leaf_weight=537.19619238376617 58.185514837503433 82.134340345859528 748.26877729594707 290.70246520638466 439.16035024821758 289.16754165291786
leaf_count=2367 246 339 3107 1264 1803 1189
internal_value=8.16703e-05 0.00118207 0.000368251 0.00469871 0.000797755 -0.000768
internal_weight=2444.82 1907.62 1558.73 348.888 1476.6 728.328
internal_count=10315 7948 6438 1510 6099 2992
cat_boundaries=0 1 2
cat_threshold=2191066116 20
is_linear=0
shrinkage=0.013029


Tree=137
num_leaves=7
num_cat=0
split_feature=125 107 49 1 128 128
split_gain=39.3833 38.4513 25.3388 18.999 17.9592 29.9614
threshold=0.32576530612244903 1.0000000180025095e-35 -0.027189667336642739 0.1947148069739342 1.0000000180025095e-35 16.514195601851856
decision_type=10 2 2 2 2 2
left_child=-1 3 -3 -2 -4 -6
right_child=1 2 4 -5 5 -7
leaf_value=-0.0023905440212534323 0.0047966850890025668 -0.0058507204125924162 0.0022205995966880581 -0.0047964524401926788 -0.002804044631226459 0.0051075375508021848
leaf_weight=811.18274277448654 471.86224069446325 120.49328231811523 495.9852035343647 37.292151972651482 413.33455310761929 100.41291287541389
leaf_count=3488 2008 496 2080 155 1707 414
internal_value=-4.3667e-05 0.00111813 -0.000221654 0.00408834 0.000453717 -0.00125279
internal_weight=2450.56 1639.38 1130.23 509.154 1009.73 513.747
internal_count=10348 6860 4697 2163 4201 2121
is_linear=0
shrinkage=0.013029


Tree=138
num_leaves=7
num_cat=0
split_feature=135 125 135 98 125 133
split_gain=61.4545 48.427 27.1083 29.2659 23.9995 21.0876
threshold=5.5000000000000009 0.63484848484848488 1.7500000000000002 -0.16099573671817777 0.25500000000000006 1.0000000180025095e-35
decision_type=2 10 2 2 8 2
left_child=1 2 -1 -4 -5 -2
right_child=5 -3 3 4 -6 -7
leaf_value=-0.0047690175054374267 0.005198926423636477 0.0056471884914200019 -0.0038718013247005627 -0.0039013467250210883 0.0014074476081558283 -0.0013365808113203015
leaf_weight=367.82410660386086 446.56389707326889 169.53816823661327 372.42702898383141 176.55495622754097 782.78210671246052 102.82104973495007
leaf_count=1584 1866 781 1555 775 3228 428
internal_value=0.000147685 -0.000978528 -0.00164154 -0.000775674 0.00042826 0.00397562
internal_weight=2418.51 1869.13 1699.59 1331.76 959.337 549.385
internal_count=10217 7923 7142 5558 4003 2294
is_linear=0
shrinkage=0.013029


Tree=139
num_leaves=7
num_cat=0
split_feature=118 124 10 123 25 88
split_gain=49.5964 36.3647 24.1038 15.8451 13.9128 13.6468
threshold=1.0000000180025095e-35 694.60783333334268 -0.29778327047824854 135.50000000000003 -0.086747858673334108 -0.043735224753618233
decision_type=2 8 2 2 2 2
left_child=1 2 -1 5 -5 -4
right_child=-2 -3 3 4 -6 -7
leaf_value=-0.0033229118103030278 0.010085525494297405 0.0088002560132437371 0.00064965130033535392 -0.00018929286152697216 0.0055200102214202932 -0.0018361951483965204
leaf_weight=492.32268807291985 77.061991013586521 68.706465303897858 740.50695633888245 142.13069075345993 146.993108689785 758.00150333344936
leaf_count=2074 363 374 3074 583 605 3175
internal_value=-0.000150986 -0.000489807 -0.000772419 -6.89589e-05 0.00271979 -0.000608057
internal_weight=2425.72 2348.66 2279.95 1787.63 289.124 1498.51
internal_count=10248 9885 9511 7437 1188 6249
is_linear=0
shrinkage=0.013029


Tree=140
num_leaves=7
num_cat=0
split_feature=135 124 116 74 21 81
split_gain=49.0389 42.5831 29.0397 20.1664 26.3348 25.5277
threshold=6.5000000000000009 inf 1.0000000180025095e-35 0.32695513963699346 -0.28295026719570154 -0.012769497931003569
decision_type=2 8 2 2 2 2
left_child=1 2 -1 5 -5 -4
right_child=-2 -3 3 4 -6 -7
leaf_value=-0.0028575074339348208 0.0036637791257139972 0.013371974449650445 0.0011343666742901967 -0.0023794290554531787 0.002671623273362888 -0.0096157728331103115
leaf_weight=949.85826854407787 479.94745934009552 33.771065324544907 77.450373232364655 251.05623373389244 576.00157260894775 71.738555103540421
leaf_count=4004 2001 231 325 1045 2410 299
internal_value=-6.57388e-05 -0.000980045 -0.00123653 0.000341573 0.00113763 -0.004056
internal_weight=2439.82 1959.88 1926.11 976.247 827.058 149.189
internal_count=10315 8314 8083 4079 3455 624
is_linear=0
shrinkage=0.013029


Tree=141
num_leaves=7
num_cat=1
split_feature=110 135 138 135 121 54
split_gain=55.5459 50.6522 54.6874 22.9156 19.1148 18.0178
threshold=1.0000000180025095e-35 1.7500000000000002 0 3.3350000000000004 85.166666666666671 0.20268654823303225
decision_type=2 2 9 2 10 2
left_child=-1 -2 3 -3 5 -4
right_child=1 2 4 -5 -6 -7
leaf_value=0.011130163924742113 -0.0045178495514846912 -0.0040007790917854363 0.0060210812418870722 6.0427880858744455e-05 0.00049412357440563066 0.0014218495560475199
leaf_weight=74.776564091444016 388.58354142308235 391.66797624528408 371.49473707377911 591.18841853737831 375.56887304782867 237.35327516496181
leaf_count=351 1681 1671 1580 2447 1541 1002
internal_value=0.000128678 -0.000223769 0.00062574 -0.00154399 0.00277904 0.00423187
internal_weight=2430.63 2355.86 1967.27 982.856 984.417 608.848
internal_count=10273 9922 8241 4118 4123 2582
cat_boundaries=0 1
cat_threshold=3032253469
is_linear=0
shrinkage=0.013029


Tree=142
num_leaves=7
num_cat=1
split_feature=138 128 125 21 49 60
split_gain=54.884 33.0317 30.899 23.5373 20.6177 16.5156
threshold=0 2.4698379629629632 0.96666666666666679 -0.29241436719894404 -0.033271346241235726 -0.1080157235264778
decision_type=9 2 10 2 2 2
left_child=1 -1 3 -2 -5 -6
right_child=2 -3 -4 4 5 -7
leaf_value=-0.0012724924038035714 -0.0014629004941839787 -0.0071999030230766809 0.014120169501593026 -0.0042367991522671376 -0.00564699914911316 0.0027920269260517166
leaf_weight=549.93257039785385 473.38576659560204 224.37978753447533 30.261714041233063 83.231648355722427 40.283919885754585 1030.8341065645218
leaf_count=2366 1942 993 219 342 166 4263
internal_value=-0.000116967 -0.00295701 0.00122055 0.000982163 0.00198514 0.00247111
internal_weight=2432.31 774.312 1658 1627.74 1154.35 1071.12
internal_count=10291 3359 6932 6713 4771 4429
cat_boundaries=0 1
cat_threshold=2727969815
is_linear=0
shrinkage=0.013029


Tree=143
num_leaves=7
num_cat=1
split_feature=135 125 47 135 136 82
split_gain=47.6189 35.2311 31.159 34.6596 29.3746 19.2629
threshold=1.1500000000000001 0.25500000000000006 0.16524264961481097 9.5000000000000018 0 -0.10170825943350791
decision_type=2 8 2 2 1 2
left_child=-1 -2 3 4 -3 -4
right_child=1 2 5 -5 -6 -7
leaf_value=-0.0041207269504288657 -0.0028447579520623329 0.0055172596249153045 -0.00024696729529516089 0.0086954464696290777 0.00066279979535781221 -0.0084581325013479963
leaf_weight=398.39046412706375 367.12198516726494 257.3459984511137 146.50857043266296 130.43858861923218 1050.5811931118369 71.820899114012718
leaf_count=1726 1584 1130 608 548 4366 296
internal_value=-7.45308e-06 0.000803412 0.00161272 0.00230896 0.00166766 -0.00296677
internal_weight=2422.21 2023.82 1656.7 1438.37 1307.93 218.329
internal_count=10258 8532 6948 6044 5496 904
cat_boundaries=0 1
cat_threshold=20
is_linear=0
shrinkage=0.013029


Tree=144
num_leaves=7
num_cat=1
split_feature=138 133 67 128 122 128
split_gain=54.9504 38.5675 30.8633 29.6094 31.2049 23.1047
threshold=0 1.0000000180025095e-35 -0.11491401493549346 10.900700231481483 597.00775000000021 0.85070601851851857
decision_type=9 2 2 2 8 2
left_child=-1 2 -2 4 -3 -4
right_child=1 3 5 -5 -6 -7
leaf_value=-0.0039733539308824898 -0.0025661005086746631 0.00011174303119413098 0.0042860455482531014 0.0055723263153807474 -0.0075506672403881049 0.00081180610091244961
leaf_weight=473.42068621516228 223.89094993472099 168.90476094186306 695.41378708928823 64.305013418197632 192.91530303657055 610.15593633055687
leaf_count=2091 928 747 2920 268 794 2536
internal_value=-4.16564e-05 0.000926825 0.00189729 -0.00253204 -0.0039805 0.00266369
internal_weight=2429.01 1955.59 1529.46 426.125 361.82 1305.57
internal_count=10284 8193 6384 1809 1541 5456
cat_boundaries=0 1
cat_threshold=2157511684
is_linear=0
shrinkage=0.013029


Tree=145
num_leaves=7
num_cat=0
split_feature=124 37 129 4 54 58
split_gain=38.6726 28.6662 26.6991 20.9188 25.7969 17.4166
threshold=973.2273333333527 0.13180819898843768 1.0000000180025095e-35 -0.055853409692645066 0.20268654823303225 -0.0395571831613779
decision_type=8 2 2 2 2 2
left_child=1 5 3 -3 -5 -1
right_child=-2 2 -4 4 -6 -7
leaf_value=-0.0037174623930247702 0.01207155752333316 -0.0049299949447435864 0.0023204135647939546 0.003144570059835742 -0.0027423854719339363 0.0002759348440157357
leaf_weight=469.17571288347244 44.571756385266781 175.48770390450954 943.14281021058559 259.3351694047451 245.08912940323353 306.06206440925598
leaf_count=1985 283 745 3914 1092 1047 1283
internal_value=0.000143079 -8.21212e-05 0.000902302 -0.00106521 0.000284389 -0.00214207
internal_weight=2442.86 2398.29 1623.05 679.912 504.424 775.238
internal_count=10349 10066 6798 2884 2139 3268
is_linear=0
shrinkage=0.013029


Tree=146
num_leaves=7
num_cat=0
split_feature=118 125 133 128 128 74
split_gain=44.2991 37.5774 41.7274 34.853 33.8648 33.1972
threshold=1.0000000180025095e-35 0.91827956989247317 1.0000000180025095e-35 1.1239062500000003 5.9201620370370378 0.29554449021816259
decision_type=2 10 2 2 2 2
left_child=1 2 3 5 -4 -1
right_child=-2 -3 4 -5 -6 -7
leaf_value=-0.0048797769228592662 0.0095914278099692597 0.01387942297641922 -0.0060672186031355399 -0.0017158429202734869 0.001616149501272292 0.0027193155000663494
leaf_weight=108.30504865944386 78.081854738295078 30.412600509822369 349.27888506650925 777.54736383259296 134.56432788074017 934.47217328846455
leaf_count=450 372 217 1474 3256 561 3896
internal_value=-1.71597e-05 -0.000341348 -0.000533271 0.000371061 -0.00393112 0.00192727
internal_weight=2412.66 2334.58 2304.17 1820.32 483.843 1042.78
internal_count=10226 9854 9637 7602 2035 4346
is_linear=0
shrinkage=0.013029


Tree=147
num_leaves=7
num_cat=1
split_feature=135 133 132 134 47 136
split_gain=43.0968 40.3924 31.1082 25.8232 23.2692 20.6379
threshold=1.7500000000000002 1.0000000180025095e-35 14.500000000000002 1.0000000180025095e-35 0.13689240068197253 0
decision_type=2 2 2 2 2 1
left_child=-1 2 3 -2 -4 -3
right_child=1 5 4 -5 -6 -7
leaf_value=-0.0040556248500721905 0.0018915292720227347 0.0017563262610518289 0.005428595311036925 -0.0022275365428658296 -0.0030101991912096023 -0.0046401367941272436
leaf_weight=395.84334070980549 704.32177244126797 114.98453102260828 423.9188282340765 407.11552932113409 63.338621988892555 304.19155697524548
leaf_count=1716 2953 516 1793 1711 262 1282
internal_value=-0.000128901 0.000642557 0.00158652 0.000382271 0.00432885 -0.0029542
internal_weight=2413.71 2017.87 1598.69 1111.44 487.257 419.176
internal_count=10233 8517 6719 4664 2055 1798
cat_boundaries=0 1
cat_threshold=20
is_linear=0
shrinkage=0.013029


Tree=148
num_leaves=7
num_cat=2
split_feature=138 119 138 99 1 123
split_gain=56.3346 34.0282 25.7796 24.8768 21.8726 21.2735
threshold=0 1.0000000180025095e-35 1 -0.47283673286437983 0.18972531706094745 110.50000000000001
decision_type=9 2 9 2 2 2
left_child=1 4 -2 -4 5 -1
right_child=2 -3 3 -5 -6 -7
leaf_value=-0.0031172501591253893 0.0085899352581557103 0.010380754417160883 0.003095619589412789 -0.00053476780734370937 -0.0082008640899396412 0.0018877796395774878
leaf_weight=725.52680030465126 75.208777822554111 33.673073932528496 607.15022374689579 677.19568312168121 112.60488598048687 179.35300053656101
leaf_count=3117 416 143 2530 2795 485 740
internal_value=-9.91409e-05 -0.00235086 0.00164729 0.00117306 -0.00280224 -0.00212452
internal_weight=2410.71 1051.16 1359.55 1284.35 1017.48 904.88
internal_count=10226 4485 5741 5325 4342 3857
cat_boundaries=0 1 2
cat_threshold=2528739334 16797824
is_linear=0
shrinkage=0.013029


Tree=149
num_leaves=7
num_cat=2
split_feature=110 138 133 134 138 116
split_gain=43.4532 44.1687 52.2962 28.4858 23.5601 22.3964
threshold=1.0000000180025095e-35 0 1.0000000180025095e-35 1.0000000180025095e-35 1 1.0000000180025095e-35
decision_type=2 9 2 2 9 2
left_child=-1 5 3 -3 -5 -2
right_child=1 2 -4 4 -6 -7
leaf_value=0.0095104932431874113 0.00027510150613862947 0.0014671123772856027 -0.0057546105719526452 -0.0058396064724939066 -0.00053041085863453265 0.006336991211814239
leaf_weight=79.20319326967001 188.12844376266003 870.33312889933586 337.58341453969479 189.60901513695717 513.1602835804224 229.36691493541002
leaf_count=378 792 3631 1440 853 2107 1011
internal_value=6.37369e-05 -0.000260441 -0.00110154 -0.000107851 -0.00205785 0.00352622
internal_weight=2407.38 2328.18 1910.69 1573.1 702.769 417.495
internal_count=10212 9834 8031 6591 2960 1803
cat_boundaries=0 1 2
cat_threshold=21254314 2256535552
is_linear=0
shrinkage=0.013029


Tree=150
num_leaves=7
num_cat=1
split_feature=138 135 54 124 135 90
split_gain=57.7103 39.1275 28.4805 21.4068 20.4043 19.4078
threshold=0 1.7500000000000002 0.2734172940254212 343.34266666666377 6.5000000000000009 0.1523326709866524
decision_type=9 2 2 8 2 2
left_child=5 -2 3 4 -3 -1
right_child=1 2 -4 -5 -6 -7
leaf_value=-0.005161832130955799 -0.0033652734155739518 0.0010773451310918231 -0.00139037447350182 0.0064896407477271203 0.0054984607915219297 0.00062119345944771981
leaf_weight=403.60263849794865 279.29086489975452 819.75650066137314 347.65155458450317 221.62445279955864 225.55769303441048 130.05898596346378
leaf_count=1803 1171 3362 1436 1017 938 570
internal_value=5.70493e-05 0.00112586 0.00191084 0.00281697 0.00203442 -0.00368455
internal_weight=2427.54 1893.88 1614.59 1266.94 1045.31 533.662
internal_count=10297 7924 6753 5317 4300 2373
cat_boundaries=0 1
cat_threshold=2191065092
is_linear=0
shrinkage=0.013029


Tree=151
num_leaves=7
num_cat=0
split_feature=119 122 15 44 131 122
split_gain=35.9938 32.9445 24.794 19.4561 17.3956 12.1483
threshold=1.0000000180025095e-35 1.0000000180025095e-35 -0.0034669821616262193 0.075652696192264571 7.0859054815573783 68.250000000000014
decision_type=2 8 2 2 10 8
left_child=1 -1 3 4 5 -3
right_child=-2 2 -4 -5 -6 -7
leaf_value=0.0095123118472123201 0.0066058870159186539 0.0035133284022443811 -0.0031054161186420222 0.0012955786531456384 0.0065628006128251089 -0.0025696374298190129
leaf_weight=53.471304014325142 126.05913253873587 60.487495198845863 572.75043918192387 923.83591520786285 41.68597649037838 633.3827683031559
leaf_count=315 577 254 2413 3851 172 2658
internal_value=-0.000151852 -0.000526501 -0.000769935 3.71572e-05 -0.00154311 -0.00203631
internal_weight=2411.67 2285.61 2232.14 1659.39 735.556 693.87
internal_count=10240 9663 9348 6935 3084 2912
is_linear=0
shrinkage=0.013029


Tree=152
num_leaves=7
num_cat=2
split_feature=138 138 37 41 127 89
split_gain=50.6182 33.8598 36.876 25.5367 20.7372 18.3092
threshold=0 1 0.13770855218172076 0.034424491226673133 6.9997974537037049 0.29676152765750891
decision_type=9 9 2 2 2 2
left_child=4 -2 -3 -4 -1 -5
right_child=1 2 3 5 -6 -7
leaf_value=0.0053770133948443039 0.0081322918791243148 -0.0019216162250545335 -0.0083506582134809156 0.0016060355430116092 -0.00330290997980632 0.0054435739471678669
leaf_weight=49.62278413772583 109.58381777256727 515.3905538469553 36.169920727610588 752.31047585606575 664.38058531284332 293.19741760194302
leaf_count=215 566 2127 149 3113 2897 1215
internal_value=0.000231994 0.00144864 0.000938912 0.00231092 -0.00265773 0.00268518
internal_weight=2420.66 1706.65 1597.07 1081.68 714.003 1045.51
internal_count=10282 7170 6604 4477 3112 4328
cat_boundaries=0 1 2
cat_threshold=2327379972 16797920
is_linear=0
shrinkage=0.013029


Tree=153
num_leaves=7
num_cat=0
split_feature=135 124 58 99 61 62
split_gain=46.1115 36.7907 24.3551 23.2094 21.8791 20.1306
threshold=5.5000000000000009 inf -0.1382695138454437 -0.52846106886863697 0.2570206373929978 -0.27474896609783167
decision_type=2 8 2 2 2 2
left_child=1 2 -1 -4 -2 -5
right_child=4 -3 3 5 -6 -7
leaf_value=-0.005104923722204658 0.004625486382199593 0.012757394526020956 0.0025023439895633806 0.0012143821325733579 -0.0015546507832719801 -0.002505962909911728
leaf_weight=257.08238856494427 412.21490919589996 31.030128598213196 295.61082719266415 332.71829450130463 126.80575853586197 952.42564922571182
leaf_count=1096 1738 224 1236 1385 526 4029
internal_value=-0.000183284 -0.0011517 -0.00139139 -0.00078542 0.00317146 -0.00154264
internal_weight=2407.89 1868.87 1837.84 1580.75 539.021 1285.14
internal_count=10234 7970 7746 6650 2264 5414
is_linear=0
shrinkage=0.013029


Tree=154
num_leaves=7
num_cat=0
split_feature=135 122 44 132 67 123
split_gain=56.2314 50.3392 30.8698 26.328 23.3402 21.6421
threshold=3.3350000000000004 60.600000000000001 0.070786636322736754 14.500000000000002 -0.16890755295753476 27.500000000000004
decision_type=2 10 2 2 2 2
left_child=1 5 -3 -2 -4 -1
right_child=3 2 4 -5 -6 -7
leaf_value=-0.00012673018773395517 0.00075432711208110639 -0.0057728919267143021 -0.010944539205623138 0.0052009850172536742 -0.00062421838316002612 0.0082531930136420031
leaf_weight=110.64616931974888 815.20950426161289 443.4745559990406 39.01661479473114 312.20465911924839 586.64486473798752 98.493786655366421
leaf_count=483 3420 1894 165 1335 2460 463
internal_value=-0.000132185 -0.00200239 -0.00314594 0.0019882 -0.00127949 0.00383436
internal_weight=2405.69 1278.28 1069.14 1127.41 625.661 209.14
internal_count=10220 5465 4519 4755 2625 946
is_linear=0
shrinkage=0.013029


Tree=155
num_leaves=7
num_cat=1
split_feature=138 133 128 122 128 128
split_gain=44.5718 34.1167 33.2071 29.4236 27.7153 27.8623
threshold=0 1.0000000180025095e-35 10.949693287037039 829.93900000000019 0.85070601851851857 8.6669270833333361
decision_type=9 2 2 8 2 2
left_child=-1 4 3 -3 -2 -6
right_child=1 2 -4 -5 5 -7
leaf_value=-0.0033676202926116098 0.0035299201603132559 -0.00015131052956686379 0.0065235094818523803 -0.007695720617113818 -0.0024383045322351297 0.0027950231740841601
leaf_weight=495.03966024518013 809.52382179349661 177.58584307134151 60.4882842451334 172.82296653091908 372.80735252052546 320.49464701861143
leaf_count=2190 3411 782 252 714 1561 1329
internal_value=7.4996e-05 0.000978925 -0.00234012 -0.00388029 0.00189359 -1.86946e-05
internal_weight=2408.76 1913.72 410.897 350.409 1502.83 693.302
internal_count=10239 8049 1748 1496 6301 2890
cat_boundaries=0 1
cat_threshold=2157510677
is_linear=0
shrinkage=0.013029


Tree=156
num_leaves=7
num_cat=0
split_feature=135 125 92 6 15 135
split_gain=45.791 36.7199 20.1773 18.5978 17.27 15.4638
threshold=2.5850000000000004 0.28801843317972359 0.55773994326591503 -0.15676162391901013 -0.066796205937862382 9.5000000000000018
decision_type=2 8 2 2 2 2
left_child=3 -2 5 -1 -5 -3
right_child=1 2 -4 4 -6 -7
leaf_value=-0.0066155136650254956 -0.0017386569432793818 0.0030912908189783279 -3.5886740456381961e-05 0.0011685338903603779 -0.0030525647368127903 0.0080786602636061869
leaf_weight=133.61032980680466 411.37109629809856 747.42352139204741 317.53846855461597 280.24677865952253 396.76314123719931 122.71497178077698
leaf_count=580 1766 3182 1304 1194 1697 522
internal_value=0.000335348 0.00161395 0.00277552 -0.00218605 -0.00130586 0.00380068
internal_weight=2409.67 1599.05 1187.68 810.62 677.01 870.138
internal_count=10245 6774 5008 3471 2891 3704
is_linear=0
shrinkage=0.013029


Tree=157
num_leaves=7
num_cat=3
split_feature=138 136 138 98 121 47
split_gain=49.4633 33.2712 34.5233 28.5953 24.0849 21.5949
threshold=0 1 2 -0.10275497660040854 36.833333333333336 0.20127611607313159
decision_type=9 1 9 2 10 2
left_child=-1 -2 4 -4 -3 -5
right_child=1 2 3 5 -6 -7
leaf_value=-0.0040116106142861858 -0.0017988550193473729 0.010698443950903781 -0.0019973280180583101 0.0030886951865064815 0.0028015370365636026 -0.0060557107114328282
leaf_weight=461.19391611218452 612.79595446586609 113.52888859063387 396.0176033526659 609.2440373301506 155.54650190472603 46.581355884671211
leaf_count=2052 2542 575 1636 2552 640 192
internal_value=-0.000229405 0.000690965 0.00185121 0.000757778 0.00593292 0.00243334
internal_weight=2394.91 1933.71 1320.92 1051.84 269.075 655.825
internal_count=10189 8137 5595 4380 1215 2744
cat_boundaries=0 1 2 3
cat_threshold=2157510660 1 23089928
is_linear=0
shrinkage=0.013029


Tree=158
num_leaves=7
num_cat=1
split_feature=136 81 125 63 94 121
split_gain=34.5227 32.2458 26.1931 21.5242 18.157 15.8976
threshold=0 -0.01370922429487109 0.17823529411764708 -0.058100081980228417 0.25510609149932867 8.8333333333333339
decision_type=1 2 10 2 2 10
left_child=5 3 -3 -2 -5 -1
right_child=1 2 -4 4 -6 -7
leaf_value=0.0017959527136652174 -0.0027186624255705651 -0.0067335127403225208 -5.2408246286034166e-05 0.0013764145980484537 0.005560491716530766 -0.0035169686650649763
leaf_weight=113.72756035625935 108.12558521330357 113.22576250135899 792.39957772195339 346.02532417327166 359.04339738935232 586.86609247326851
leaf_count=479 461 502 3371 1486 1539 2459
internal_value=-0.000201622 0.000793865 -0.000892339 0.00268062 0.00351053 -0.00261627
internal_weight=2419.41 1718.82 905.625 813.194 705.069 700.594
internal_count=10297 7359 3873 3486 3025 2938
cat_boundaries=0 1
cat_threshold=1
is_linear=0
shrinkage=0.013029


Tree=159
num_leaves=7
num_cat=1
split_feature=138 135 122 15 135 135
split_gain=52.0031 35.3152 31.9514 21.1853 18.5539 17.7799
threshold=0 6.5000000000000009 60.600000000000001 -0.012350335717201231 1.7500000000000002 10.500000000000002
decision_type=9 2 8 2 2 2
left_child=5 2 3 -2 -4 -1
right_child=1 -3 4 -5 -6 -7
leaf_value=-0.0036431490404888224 0.0089016403339538148 0.0049872583833252826 -0.0037421355549414645 -0.0014799565860158753 0.00030894139582694384 0.006455819792247592
leaf_weight=634.1317559927702 109.48045602440834 327.2805034071207 236.10023291409016 47.599946491420269 1011.9186083674431 30.406778007745743
leaf_count=2805 544 1382 983 210 4170 126
internal_value=-5.84363e-05 0.00113122 0.000239043 0.00576322 -0.000459136 -0.00312764
internal_weight=2396.92 1732.38 1405.1 157.08 1248.02 664.539
internal_count=10220 7289 5907 754 5153 2931
cat_boundaries=0 1
cat_threshold=2191098383
is_linear=0
shrinkage=0.013029


Tree=160
num_leaves=7
num_cat=0
split_feature=135 122 98 99 125 54
split_gain=55.581 39.14 28.5521 24.4175 19.7774 17.6863
threshold=4.5000000000000009 60.600000000000001 -0.1119270585477352 -0.52134487032890309 0.67333333333333345 0.22003783285617831
decision_type=2 8 2 2 10 2
left_child=1 4 -2 -3 -1 -5
right_child=2 3 -4 5 -6 -7
leaf_value=0.0018674705156748891 7.318053429009173e-05 0.00063789358667508324 0.0045256580156582795 -0.0020779672286946626 0.012926704878124376 -0.005694734702365283
leaf_weight=153.05545185506344 486.05290968716145 310.60344412922859 491.26788968592882 558.7282792031765 32.832280069589615 390.47124893963337
leaf_count=652 2021 1302 2108 2372 203 1665
internal_value=-8.61002e-05 -0.00170826 0.00231296 -0.00253197 0.00386261 -0.00356894
internal_weight=2423.01 1445.69 977.321 1259.8 185.888 949.2
internal_count=10323 6194 4129 5339 855 4037
is_linear=0
shrinkage=0.013029


Tree=161
num_leaves=7
num_cat=1
split_feature=138 135 122 37 53 122
split_gain=49.7995 41.1581 22.9199 17.8056 17.4593 18.1568
threshold=0 2.0500000000000003 40.31666666666667 0.13770855218172076 0.06181995943188668 89.96250000000002
decision_type=9 2 8 2 2 8
left_child=-1 2 -2 -4 5 -3
right_child=1 4 3 -5 -6 -7
leaf_value=-0.0033146081752196744 0.0058054232154803155 0.0076537706991925258 -0.0058480420119612986 -0.00095358925034828759 0.0038629467908541976 -0.00018561301106044149
leaf_weight=674.13997860252857 58.291770279407501 55.184970915317535 198.54036462306976 344.98259483277798 585.87121334671974 487.85730318725109
leaf_count=2978 271 245 825 1412 2499 2015
internal_value=-0.00034058 0.000833059 -0.00191252 -0.00274676 0.00230436 0.000620005
internal_weight=2404.87 1730.73 601.815 543.523 1128.91 543.042
internal_count=10245 7267 2508 2237 4759 2260
cat_boundaries=0 1
cat_threshold=2727936021
is_linear=0
shrinkage=0.013029


Tree=162
num_leaves=7
num_cat=2
split_feature=135 138 138 135 81 67
split_gain=48.3782 41.1613 30.815 38.6741 18.4714 17.9279
threshold=5.5000000000000009 0 1 1.7500000000000002 -0.033091435208916657 -0.17257230728864667
decision_type=2 9 9 2 2 2
left_child=1 -1 -3 -4 -2 -5
right_child=4 2 3 5 -6 -7
leaf_value=0.007461043265120022 0.006270027589019931 -0.0044307438730104773 -0.004863736057375747 -0.0073981364824362121 0.0013143920021717998 0.00094308880377168378
leaf_weight=77.708270020782948 202.04988504946232 487.28219465911388 283.26871390640736 45.080549761652946 346.19121643900871 977.92722833156586
leaf_count=431 856 2167 1203 185 1453 4026
internal_value=-0.000254741 -0.00125205 -0.00166467 -0.000605192 0.00314651 0.000570636
internal_weight=2419.51 1871.27 1793.56 1306.28 548.241 1023.01
internal_count=10321 8012 7581 5414 2309 4211
cat_boundaries=0 1 2
cat_threshold=16798048 2159640582
is_linear=0
shrinkage=0.013029


Tree=163
num_leaves=7
num_cat=0
split_feature=135 92 88 119 87 132
split_gain=36.412 29.7294 20.6269 19.6025 17.495 16.5664
threshold=4.5000000000000009 0.52442550659179699 0.064299393445253386 1.0000000180025095e-35 -0.028784819878637787 2.5000000000000004
decision_type=2 2 2 2 2 2
left_child=2 5 3 -1 -4 -2
right_child=1 -3 4 -5 -6 -7
leaf_value=-0.00093720017792379799 -0.0011115701562716988 -0.00075577808281381649 -0.0098510937235804109 0.006966312343887727 -0.0024543982497385896 0.0048174348701659191
leaf_weight=1106.2215233296156 95.537004351615906 406.11249773949385 75.563351981341839 55.257441326975822 190.85879001021385 483.8013479411602
leaf_count=4712 399 1685 330 245 836 2085
internal_value=2.09415e-05 0.00194659 -0.00130833 -0.000557159 -0.0045729 0.00383954
internal_weight=2413.35 985.451 1427.9 1161.48 266.422 579.338
internal_count=10292 4169 6123 4957 1166 2484
is_linear=0
shrinkage=0.013029


Tree=164
num_leaves=7
num_cat=0
split_feature=135 116 121 121 135 135
split_gain=38.5822 37.6311 23.2212 20.0115 19.2639 18.6049
threshold=1.7500000000000002 1.0000000180025095e-35 30.833333333333339 16.166666666666668 7.5000000000000009 9.5000000000000018
decision_type=2 2 10 8 2 2
left_child=-1 2 -2 -3 -5 -4
right_child=1 3 5 4 -6 -7
leaf_value=-0.0039259155860693644 0.0017898188798120024 0.0073703095719774092 -0.0031971939062162931 0.00054455739681858188 0.0049245990006069554 0.0045024988847186791
leaf_weight=388.90082210302353 297.64868556708097 116.77723947167397 637.24479348957539 675.26993030309677 227.39828991889954 57.508508443832397
leaf_count=1701 1259 576 2677 2830 969 235
internal_value=-0.000173115 0.000553452 -0.00125215 0.0023108 0.00165098 -0.0025559
internal_weight=2400.75 2011.85 992.402 1019.45 902.668 694.753
internal_count=10247 8546 4171 4375 3799 2912
is_linear=0
shrinkage=0.013029


Tree=165
num_leaves=7
num_cat=0
split_feature=118 125 63 125 73 128
split_gain=42.4148 27.0812 24.2584 23.1018 17.7863 15.7854
threshold=1.0000000180025095e-35 0.32576530612244903 -0.070994943380355821 0.90161290322580656 -0.13001804053783414 1.0000000180025095e-35
decision_type=2 10 2 10 2 2
left_child=1 4 -3 -4 -1 -2
right_child=5 2 3 -5 -6 -7
leaf_value=-0.0090481507043798596 0.013302593242500722 -0.0039449102431769537 0.00097713414306091549 0.012427603273540292 -0.0017455655547110893 0.00098867594269500805
leaf_weight=60.865299895405769 53.46460384875536 172.24748992174864 1348.2475308477879 29.886201567947865 713.69113449752331 26.406920969486237
leaf_count=276 269 721 5565 220 3102 120
internal_value=-1.68962e-05 -0.000338886 0.000655059 0.00123173 -0.00232718 0.00927604
internal_weight=2404.81 2324.94 1550.38 1378.13 774.556 79.8715
internal_count=10273 9884 6506 5785 3378 389
is_linear=0
shrinkage=0.013029


Tree=166
num_leaves=7
num_cat=1
split_feature=135 138 133 101 133 135
split_gain=43.4077 44.8702 25.1922 21.8209 19.2656 16.9045
threshold=1.7500000000000002 0 1.0000000180025095e-35 60.500000000000007 1.0000000180025095e-35 4.5000000000000009
decision_type=2 9 2 2 2 2
left_child=-1 2 3 -2 5 -3
right_child=1 4 -4 -5 -6 -7
leaf_value=-0.0038956909952765962 -0.0018463192707409031 0.0020717106587372258 -0.0056891157488967933 0.0028628297338905836 -0.00063677189767375126 0.0058135305743927295
leaf_weight=390.3429860919714 486.94631892442703 525.95685053616762 177.59411823749542 253.35105243325233 239.9195351973176 336.51939693838358
leaf_count=1713 2064 2197 776 1049 1029 1464
internal_value=7.77647e-05 0.000846583 -0.00127873 -0.000233513 0.00260386 0.00353527
internal_weight=2410.63 2020.29 917.891 740.297 1102.4 862.476
internal_count=10292 8579 3889 3113 4690 3661
cat_boundaries=0 1
cat_threshold=2965143559
is_linear=0
shrinkage=0.013029


Tree=167
num_leaves=7
num_cat=2
split_feature=138 133 128 128 128 138
split_gain=53.8908 28.9174 27.069 30.5714 26.683 28.1459
threshold=0 1.0000000180025095e-35 0.85070601851851857 6.0397685185185201 10.122378472222223 1
decision_type=9 2 2 2 2 9
left_child=-1 2 -2 -4 5 -3
right_child=1 4 3 -5 -6 -7
leaf_value=-0.0038223159172765045 0.0033690337537383296 -0.0069182102779106781 -0.0036188274413959461 0.0020435983484288754 0.0049954446868573478 0.0005411951995647154
leaf_weight=521.70698460936546 790.77024203538895 185.09967088699341 265.7058888822794 411.70385958999395 72.405488908290863 157.9399124905467
leaf_count=2349 3337 770 1111 1707 302 698
internal_value=-0.000161255 0.000869478 0.00173275 -0.000178886 -0.00215817 -0.0036753
internal_weight=2405.33 1883.63 1468.18 677.41 415.445 343.04
internal_count=10274 7925 6155 2818 1770 1468
cat_boundaries=0 1 2
cat_threshold=2191065092 874547203
is_linear=0
shrinkage=0.013029


Tree=168
num_leaves=7
num_cat=0
split_feature=135 125 125 135 61 65
split_gain=43.0735 32.5842 27.1087 20.7267 19.5655 16.8701
threshold=6.5000000000000009 0.89000000000000012 0.25500000000000006 2.0500000000000003 0.28039808571338659 -0.086085923016071306
decision_type=2 10 10 2 2 2
left_child=1 2 -1 -4 5 -2
right_child=4 -3 3 -5 -6 -7
leaf_value=-0.0040371414519143126 0.0094265578523402924 0.012655795349216733 -0.0019908618408528808 0.001101606556155596 -0.0018851994377622814 0.0032209617212189466
leaf_weight=393.52839417755604 103.58821983635426 29.444607332348824 634.51072077453136 873.58019877970219 86.606078557670116 264.04996514320374
leaf_count=1758 438 219 2661 3635 361 1114
internal_value=6.70091e-05 -0.000782426 -0.000995155 -0.000199837 0.00367367 0.00498431
internal_weight=2385.31 1931.06 1901.62 1508.09 454.244 367.638
internal_count=10186 8273 8054 6296 1913 1552
is_linear=0
shrinkage=0.013029


Tree=169
num_leaves=7
num_cat=2
split_feature=133 138 138 61 128 128
split_gain=46.5439 34.3593 34.1993 27.6866 25.2741 22.1964
threshold=1.0000000180025095e-35 0 1 0.3544460684061051 11.514299768518521 2.0620312500000004
decision_type=2 9 9 2 2 2
left_child=1 -1 -2 5 -4 -3
right_child=2 3 4 -5 -6 -7
leaf_value=-0.0018623898051470477 0.0020253698296429147 0.0041639493469968021 -0.0069555965789871513 -0.0039337964848301342 0.0028903882481001947 0.0006727133083299355
leaf_weight=516.25302138924599 140.7734262123704 706.06910765171051 317.97129066288471 118.57499460875988 50.991894528269768 550.02459889650345
leaf_count=2272 629 2995 1376 491 214 2286
internal_value=4.26643e-05 0.000984771 -0.00344868 0.00205304 -0.00544463 0.00263643
internal_weight=2400.66 1890.92 509.737 1374.67 368.963 1256.09
internal_count=10263 8044 2219 5772 1590 5281
cat_boundaries=0 1 2
cat_threshold=3266904068 4472864
is_linear=0
shrinkage=0.013029


Tree=170
num_leaves=7
num_cat=0
split_feature=118 92 122 44 101 99
split_gain=47.4864 25.0374 26.3885 28.3504 18.9304 16.9075
threshold=1.0000000180025095e-35 0.51990494132041942 60.600000000000001 0.054261574521660812 70.500000000000014 -0.46888026595115656
decision_type=2 2 10 2 2 2
left_child=1 2 -1 -4 -3 -5
right_child=-2 4 3 5 -6 -7
leaf_value=0.0057182089884870784 0.010091767378298165 -0.0033537601023171533 -0.0026767651451414971 0.0030269072391885215 0.00087736071813564762 -0.00059508723921331886
leaf_weight=157.03938692808151 75.61276338249445 610.11041203141212 426.90745721757412 488.97688207030296 253.85069219768047 395.10015641152859
leaf_count=755 373 2600 1805 2040 1068 1655
internal_value=-2.11154e-05 -0.000351993 0.000683658 7.78103e-05 -0.00211086 0.00140904
internal_weight=2407.6 2331.98 1468.02 1310.98 863.961 884.077
internal_count=10296 9923 6255 5500 3668 3695
is_linear=0
shrinkage=0.013029


Tree=171
num_leaves=7
num_cat=0
split_feature=110 135 122 135 21 1
split_gain=40.0835 35.4539 22.148 23.4703 20.4682 19.6448
threshold=1.0000000180025095e-35 1.7500000000000002 60.600000000000001 5.5000000000000009 -0.34583564102649683 0.1552083641290665
decision_type=2 2 8 2 2 2
left_child=-1 5 -3 4 -4 -2
right_child=1 2 3 -5 -6 -7
leaf_value=0.009150489343355243 -0.0024620823733642158 0.0047762368857378187 -0.0050538896767895183 0.0023038519917066591 -0.00033861783079534863 -0.0097618257267004637
leaf_weight=77.123975194990635 309.9396138638258 175.2143896818161 182.51301707327366 501.6491991430521 1063.3284808695316 77.985325023531914
leaf_count=379 1360 826 758 2088 4457 347
internal_value=-4.58499e-05 -0.000355524 0.000369825 -7.37517e-05 -0.00103188 -0.00394474
internal_weight=2387.75 2310.63 1922.71 1747.49 1245.84 387.925
internal_count=10215 9836 8129 7303 5215 1707
is_linear=0
shrinkage=0.013029


Tree=172
num_leaves=7
num_cat=0
split_feature=135 122 44 127 107 92
split_gain=42.9678 34.7477 34.2489 20.1732 15.6707 17.0282
threshold=7.5000000000000009 60.600000000000001 0.084307081997394576 6.9996932870370374 1.0000000180025095e-35 0.4462146013975144
decision_type=2 8 2 2 2 2
left_child=1 -1 3 -3 5 -4
right_child=-2 2 4 -5 -6 -7
leaf_value=0.0036882754834723138 0.0032984592220561436 0.0068553823830656575 0.0063631337467200079 -0.0040062519696243189 -0.0011676505995777448 -0.00013186416831415638
leaf_weight=222.71747723966837 456.42985370755196 29.463229551911354 117.05842834711075 821.79097175598145 573.79062028229237 163.79636962711811
leaf_count=1054 1927 129 486 3504 2429 686
internal_value=-0.000293197 -0.00114411 -0.00177628 -0.00362491 6.64897e-05 0.00258444
internal_weight=2385.05 1928.62 1705.9 851.254 854.645 280.855
internal_count=10215 8288 7234 3633 3601 1172
is_linear=0
shrinkage=0.013029


Tree=173
num_leaves=7
num_cat=1
split_feature=110 138 128 128 39 128
split_gain=45.2189 42.2427 32.0694 36.4398 25.2151 21.3494
threshold=1.0000000180025095e-35 0 17.054322916666671 1.0383217592592595 0.39452655613422399 6.0125983796296305
decision_type=2 9 2 2 2 2
left_child=-1 -2 3 4 -3 -5
right_child=1 2 -4 5 -6 -7
leaf_value=0.0097889193305553263 0.0035166763692354511 0.00024473519078783127 0.0051075577325571794 -0.0067631033826138203 -0.0094421061921111053 -0.002038871458995401
leaf_weight=76.779042303562164 392.64880342036486 1102.3011619150639 130.32085300981998 274.67412197589874 46.873168021440506 398.02017652988434
leaf_count=379 1724 4657 545 1170 197 1694
internal_value=-3.50331e-06 -0.000327015 -0.00111341 -0.00156633 -0.00015597 -0.00397297
internal_weight=2421.62 2344.84 1952.19 1821.87 1149.17 672.694
internal_count=10366 9987 8263 7718 4854 2864
cat_boundaries=0 1
cat_threshold=21263072
is_linear=0
shrinkage=0.013029


Tree=174
num_leaves=7
num_cat=0
split_feature=124 119 10 63 125 96
split_gain=32.3954 27.284 23.3779 21.4129 18.6109 14.4889
threshold=973.2273333333527 1.0000000180025095e-35 -0.25724782049655909 -0.01729691959917545 0.63484848484848488 -0.089719135314226137
decision_type=8 2 2 2 10 2
left_child=1 2 4 5 -1 -4
right_child=-2 -3 3 -5 -6 -7
leaf_value=-0.0029109418144236013 0.011367714538950833 0.0057501772174076808 -0.004828268045167448 0.0014571050295790252 0.0045454598088799404 9.3312860262380256e-05
leaf_weight=725.88457502424717 41.170990400016308 123.54998829960823 179.19174773991108 1037.5326576530933 61.015581235289574 233.06359495222569
leaf_count=3092 284 565 766 4346 252 973
internal_value=9.22005e-06 -0.000192276 -0.000522247 0.00045917 -0.0023292 -0.00205054
internal_weight=2401.41 2360.24 2236.69 1449.79 786.9 412.255
internal_count=10278 9994 9429 6085 3344 1739
is_linear=0
shrinkage=0.013029


Tree=175
num_leaves=7
num_cat=2
split_feature=138 138 37 119 101 125
split_gain=36.4445 26.2298 27.6448 14.7345 14.5855 15.383
threshold=0 1 0.13180819898843768 1.0000000180025095e-35 60.500000000000007 0.18375000000000002
decision_type=9 9 2 2 2 10
left_child=3 -2 -3 4 -1 -6
right_child=1 2 -4 -5 5 -7
leaf_value=-0.0037656117205146838 0.0081758918020609899 -0.0020581097517122743 0.0018468227825342246 0.0068829716541284197 -0.0052781952472402043 0.0019302281444892573
leaf_weight=558.72834721207619 73.929945357143879 434.46865446865559 1050.6311833411455 28.199566781520844 67.971120029687881 186.60513298213482
leaf_count=2464 421 1800 4370 121 303 799
internal_value=-7.10406e-05 0.0011072 0.000699283 -0.00223957 -0.00258912 -3.73883e-06
internal_weight=2400.53 1559.03 1485.1 841.504 813.305 254.576
internal_count=10278 6591 6170 3687 3566 1102
cat_boundaries=0 1 2
cat_threshold=2730074374 16797824
is_linear=0
shrinkage=0.013029


Tree=176
num_leaves=7
num_cat=0
split_feature=135 133 110 126 135 116
split_gain=55.3563 53.7867 22.3514 18.5135 18.3306 17.6457
threshold=2.0500000000000003 1.0000000180025095e-35 1.0000000180025095e-35 0.028991596638655467 6.5000000000000009 1.0000000180025095e-35
decision_type=2 2 2 10 2 2
left_child=-1 2 -2 -3 5 -4
right_child=1 3 4 -5 -6 -7
leaf_value=-0.0026340187857622765 0.012148988413614954 -0.0010980697824931704 -0.00029643098278616558 -0.007837534317845023 0.0049387504007714781 0.0034310482885957405
leaf_weight=807.56721818447113 41.052242800593376 226.12821361422539 466.66664113104343 99.175004452466965 355.25221545994282 399.83687438815832
leaf_count=3493 217 983 1961 430 1483 1704
internal_value=0.000141956 0.00155411 0.00277095 -0.00316534 0.00244896 0.00142497
internal_weight=2395.68 1588.11 1262.81 325.303 1221.76 866.504
internal_count=10271 6778 5365 1413 5148 3665
is_linear=0
shrinkage=0.013029


Tree=177
num_leaves=7
num_cat=3
split_feature=138 133 118 101 136 136
split_gain=39.4249 43.1437 29.0538 23.3418 22.1449 19.3739
threshold=0 1.0000000180025095e-35 1.0000000180025095e-35 48.500000000000007 1 2
decision_type=9 2 2 2 1 1
left_child=4 2 3 -2 -1 -5
right_child=1 -3 -4 5 -6 -7
leaf_value=-0.00022200413703466734 -0.0014602676756493584 -0.0050199817181406916 0.0097044788480234057 0.00378797778576826 0.0059026067820423357 -0.00087940083572232816
leaf_weight=167.23544411361217 975.83780208230019 336.47723354399204 51.055963143706322 339.8095583319664 258.76343189179897 263.7812675088644
leaf_count=692 4141 1455 251 1425 1189 1107
internal_value=8.83207e-06 -0.000773614 9.9757e-05 -0.000214948 0.00355178 0.00179774
internal_weight=2392.96 1966.96 1630.48 1579.43 425.999 603.591
internal_count=10260 8379 6924 6673 1881 2532
cat_boundaries=0 1 2 3
cat_threshold=1094734256 1 14
is_linear=0
shrinkage=0.013029


Tree=178
num_leaves=7
num_cat=2
split_feature=138 138 133 128 122 54
split_gain=34.4155 28.4961 22.7841 37.2995 22.4944 22.015
threshold=0 1 1.0000000180025095e-35 10.900700231481483 641.25000000000011 0.28212383389472967
decision_type=9 9 2 2 8 2
left_child=-1 -2 5 4 -4 -3
right_child=1 2 3 -5 -6 -7
leaf_value=-0.0027980643371500642 0.011463037366754953 0.0021709699657130798 -9.4368823623170969e-05 0.0070858001923630193 -0.0070872885633071012 -0.0019247746772525283
leaf_weight=570.49586308002472 31.290491208434105 1122.0643284618855 138.55473370850086 60.353778913617134 178.27481573820114 277.33494633436203
leaf_count=2567 243 4682 577 249 742 1147
internal_value=-3.84301e-05 0.000843967 0.000589362 -0.00224659 -0.00403623 0.0013587
internal_weight=2378.37 1807.87 1776.58 377.183 316.83 1399.4
internal_count=10207 7640 7397 1568 1319 5829
cat_boundaries=0 1 2
cat_threshold=2191000583 16793600
is_linear=0
shrinkage=0.013029


Tree=179
num_leaves=7
num_cat=0
split_feature=135 132 125 95 59 99
split_gain=30.7462 27.6429 19.6527 18.5393 18.5813 15.7117
threshold=4.5000000000000009 14.500000000000002 0.77525252525252542 -0.15029738843441007 -0.13762241601943967 -0.51952585577964772
decision_type=2 2 10 2 2 2
left_child=2 -2 3 -1 5 -5
right_child=1 -3 -4 4 -6 -7
leaf_value=0.00052812532214802988 0.00047339126909104511 0.0055435846297871216 0.0091612810969300077 0.0019078570677064743 -0.0071627214265327895 -0.0027449192737093835
leaf_weight=504.0868781208992 723.53052028268576 243.4913467541337 29.430014319717884 153.08538496494293 128.63509471714497 621.41326610743999
leaf_count=2112 3054 1062 188 652 550 2689
internal_value=-4.21718e-05 0.00175318 -0.0012509 -0.00147318 -0.00258975 -0.00182436
internal_weight=2403.67 967.022 1436.65 1407.22 903.134 774.499
internal_count=10307 4116 6191 6003 3891 3341
is_linear=0
shrinkage=0.013029


Tree=180
num_leaves=7
num_cat=0
split_feature=133 135 116 54 110 127
split_gain=47.4469 44.8786 25.68 15.7867 15.0512 14.7043
threshold=1.0000000180025095e-35 1.7500000000000002 1.0000000180025095e-35 0.31917496025562292 1.0000000180025095e-35 13.99967013888889
decision_type=2 2 2 2 2 2
left_child=1 -1 3 -3 -4 -2
right_child=5 2 4 -5 -6 -7
leaf_value=-0.0035244491324571419 -0.0011621681133826354 0.0010086637104225549 0.011029217798609417 -0.0042753390451043538 0.0031443399860489941 -0.0056136529782588422
leaf_weight=305.25632181763649 245.93691377341747 683.32886892557144 42.923544034361839 110.93885376304388 751.7217904701829 258.52489621937275
leaf_count=1342 1102 2866 228 467 3187 1104
internal_value=9.98239e-05 0.00104567 0.00192485 0.000267461 0.00357973 -0.00344814
internal_weight=2398.63 1894.17 1588.91 794.268 794.645 504.462
internal_count=10296 8090 6748 3333 3415 2206
is_linear=0
shrinkage=0.013029


Tree=181
num_leaves=7
num_cat=0
split_feature=133 128 118 128 127 47
split_gain=45.8984 46.091 28.6291 28.3684 27.1071 21.3712
threshold=1.0000000180025095e-35 0.85070601851851857 1.0000000180025095e-35 8.8946875000000016 15.36295138888889 0.16300138086080554
decision_type=2 2 2 2 2 2
left_child=1 2 5 -2 -5 -1
right_child=3 -3 -4 4 -6 -7
leaf_value=0.0030741207083208434 -0.0050741442398079409 -0.0013962130179211258 0.013399525444768164 0.010381996586553449 -0.0037293276805869489 -0.00211359289879682
leaf_weight=847.62928026169538 404.27048742771149 850.47877628356218 40.009769849479198 43.048362135887146 48.393536821007729 159.74838314950466
leaf_count=3598 1777 3632 209 185 205 672
internal_value=-6.59076e-05 0.000856405 0.00268524 -0.00359321 0.00294274 0.00225055
internal_weight=2393.58 1897.87 1047.39 495.712 91.4419 1007.38
internal_count=10278 8111 4479 2167 390 4270
is_linear=0
shrinkage=0.013029


Tree=182
num_leaves=7
num_cat=1
split_feature=135 138 133 60 63 122
split_gain=44.0519 42.1245 50.6757 26.5919 19.8685 19.9591
threshold=9.5000000000000018 0 1.0000000180025095e-35 -0.052537947893142693 -0.049013547599315636 698.81989583333348
decision_type=2 9 2 2 2 10
left_child=1 4 3 -3 -1 -6
right_child=-2 2 -4 -5 5 -7
leaf_value=-0.0057478739682666879 0.0060169853450956663 -0.0055380133562138081 -0.0063902067306770179 6.8813257937768197e-05 0.005433583809597544 -0.0018881323924183856
leaf_weight=38.991155043244362 180.99100655317307 160.59822098910809 303.48223747313023 1307.3820173591375 308.3185917288065 79.066408306360245
leaf_count=172 768 695 1324 5547 1383 326
internal_value=-0.000148588 -0.000658102 -0.00154147 -0.000546962 0.00297493 0.00393848
internal_weight=2378.83 2197.84 1771.46 1467.98 426.376 387.385
internal_count=10215 9447 7566 6242 1881 1709
cat_boundaries=0 1
cat_threshold=1094996456
is_linear=0
shrinkage=0.013029


Tree=183
num_leaves=7
num_cat=0
split_feature=135 132 90 135 19 130
split_gain=34.0553 24.3309 20.6152 16.215 16.1631 15.6635
threshold=2.0500000000000003 14.500000000000002 0.13261304795742038 9.5000000000000018 0.43890066444873815 29.165000000000003
decision_type=2 2 2 2 2 2
left_child=2 5 -1 4 -3 -2
right_child=1 3 -4 -5 -6 -7
leaf_value=-0.0030183889881963632 0.0038869193461450739 0.0050790969328299504 0.0017965615520370269 0.010392915791364709 -0.00037092356048622546 -0.00026514275747964325
leaf_weight=614.40570732951164 183.7987379655242 245.68904761224985 199.5066998898983 57.968025654554367 147.62728042155504 939.54469878226519
leaf_count=2660 795 1062 859 254 633 3986
internal_value=0.000325301 0.00144362 -0.00183761 0.00399631 0.00303651 0.000416236
internal_weight=2388.54 1574.63 813.912 451.284 393.316 1123.34
internal_count=10249 6730 3519 1949 1695 4781
is_linear=0
shrinkage=0.013029


Tree=184
num_leaves=7
num_cat=0
split_feature=118 98 60 123 123 44
split_gain=33.7776 24.5108 22.1478 18.2678 18.0182 15.5641
threshold=1.0000000180025095e-35 -0.042366599664092057 0.0084582110866904276 187.50000000000003 142.50000000000003 0.13516203314065936
decision_type=2 2 2 2 2 2
left_child=1 3 -3 -1 5 -4
right_child=-2 2 4 -5 -6 -7
leaf_value=-0.0012830708561180745 0.0087144205845459399 -0.0019937408628088256 0.00042776029623869916 0.0059346485373033024 0.0098003268236760022 0.0058011968058964023
leaf_weight=1638.8621680960059 73.602429762482643 171.7673332169652 246.767703153193 61.073219493031502 65.082666486501694 144.83927655220032
leaf_count=7016 368 742 1056 257 273 612
internal_value=6.73095e-05 -0.000208609 0.00198858 -0.00102139 0.00348715 0.00242208
internal_weight=2401.99 2328.39 628.457 1699.94 456.69 391.607
internal_count=10324 9956 2683 7273 1941 1668
is_linear=0
shrinkage=0.013029


Tree=185
num_leaves=7
num_cat=1
split_feature=135 98 122 62 65 137
split_gain=36.6136 24.6138 21.0081 17.3527 16.2162 18.7101
threshold=1.7500000000000002 -0.10155990719795226 60.600000000000001 -0.23681883513927457 -0.17526157945394513 0
decision_type=2 2 8 2 2 9
left_child=3 2 -2 -1 -3 -6
right_child=1 4 -4 -5 5 -7
leaf_value=-0.00034412290102733275 0.0045405644145998349 -0.003794647438042708 -0.0015746120744951249 -0.0059415245632420148 0.0033894837403118409 -0.00092972804499500089
leaf_weight=155.87938445806503 106.73071387410164 75.507073551416397 848.93822214007378 236.55673310160637 758.7842648178339 218.77033764123917
leaf_count=678 489 319 3561 1059 3256 959
internal_value=-8.6609e-05 0.000624847 -0.000888791 -0.00372283 0.00199817 0.00244804
internal_weight=2401.17 2008.73 955.669 392.436 1053.06 977.555
internal_count=10321 8584 4050 1737 4534 4215
cat_boundaries=0 1
cat_threshold=48
is_linear=0
shrinkage=0.013029


Tree=186
num_leaves=7
num_cat=2
split_feature=138 133 37 138 5 106
split_gain=38.6948 28.6923 26.2383 21.1827 19.4944 18.0692
threshold=0 1.0000000180025095e-35 0.18830789625644687 1 -0.010909513570368288 1.5000000000000002
decision_type=9 2 2 9 2 2
left_child=4 2 5 -3 -1 -2
right_child=1 3 -4 -5 -6 -7
leaf_value=-0.0057198982219200311 -0.00035339992574929911 -0.0047555740987204644 0.0039709938134724308 0.0010863373646578405 -0.00049421437938702894 0.0048742236374285609
leaf_weight=238.70848360657692 726.64547941088676 207.33593335747719 619.54540311545134 201.71679308265448 245.68780793249607 132.01843576133251
leaf_count=1087 3058 878 2634 888 1093 560
internal_value=0.000234171 0.0010784 0.00192907 -0.0019674 -0.00301193 0.000453708
internal_weight=2371.66 1887.26 1478.21 409.053 484.396 858.664
internal_count=10198 8018 6252 1766 2180 3618
cat_boundaries=0 1 2
cat_threshold=2157453317 906004506
is_linear=0
shrinkage=0.013029


Tree=187
num_leaves=7
num_cat=0
split_feature=63 47 73 74 100 6
split_gain=29.7795 23.1104 16.8745 15.9033 13.5443 15.0168
threshold=-0.032047249376773827 0.16300138086080554 -0.013395585119724272 0.29554449021816259 5.5000000000000009 -0.19105831533670423
decision_type=2 2 2 2 2 2
left_child=-1 2 -2 -3 -4 -6
right_child=1 3 4 -5 5 -7
leaf_value=-0.0024684706388043063 -0.00087878600483514747 -0.0081394513790418819 0.0048651621658598468 -0.00074535252539031471 -0.0053128241993057974 0.0019709516104378195
leaf_weight=545.03714612871408 361.59491521865129 64.414094738662243 275.15040019154549 204.93686929345131 50.08553259819746 899.35201568901539
leaf_count=2366 1553 274 1186 873 213 3861
internal_value=0.000207099 0.000993655 0.00159294 -0.00253039 0.00232288 0.00158302
internal_weight=2400.57 1855.53 1586.18 269.351 1224.59 949.438
internal_count=10326 7960 6813 1147 5260 4074
is_linear=0
shrinkage=0.013029


Tree=188
num_leaves=7
num_cat=0
split_feature=133 135 44 130 59 88
split_gain=36.666 30.9373 24.1217 17.1183 15.9975 17.4659
threshold=1.0000000180025095e-35 9.5000000000000018 0.083002272993326201 22.250000000000004 -0.1927329674363136 0.059418736025691039
decision_type=2 2 2 2 2 2
left_child=1 2 3 -1 5 -5
right_child=-2 -3 -4 4 -6 -7
leaf_value=0.0032919002582984433 -0.0032071757033162889 0.0064968285612178765 0.0018395450447909606 0.0004795474217233125 -0.0048499931764968852 -0.0053061825539504484
leaf_weight=121.94108515977859 498.09751689434052 146.64929808676243 854.68011818826199 425.32802399992943 226.57707384228706 111.1252848431468
leaf_count=529 2183 627 3665 1798 962 487
internal_value=-6.56433e-05 0.000764807 0.000279152 -0.0012281 -0.00195284 -0.000724392
internal_weight=2384.4 1886.3 1739.65 884.971 763.03 536.453
internal_count=10251 8068 7441 3776 3247 2285
is_linear=0
shrinkage=0.013029


Tree=189
num_leaves=7
num_cat=0
split_feature=125 133 116 60 101 62
split_gain=34.6173 34.3899 30.2169 21.4428 15.7833 21.1647
threshold=0.91827956989247317 1.0000000180025095e-35 1.0000000180025095e-35 -0.049645999446511262 45.500000000000007 -0.2141354754567146
decision_type=10 2 2 2 2 2
left_child=1 2 -1 -4 5 -5
right_child=-2 -3 3 4 -6 -7
leaf_value=-0.0011424902856994766 0.01379198809414137 -0.0033674740502975115 -0.0033506249655363514 0.0033106660323318233 0.0051668813536618532 -0.0021899204656235
leaf_weight=926.10359816253185 29.418836660683155 481.2450335919857 105.92063894867897 356.80769565701485 313.86166137456894 177.20323151350021
leaf_count=3918 243 2061 455 1515 1337 760
internal_value=-8.54014e-05 -0.000262407 0.000533448 0.00216037 0.00285106 0.0014849
internal_weight=2390.56 2361.14 1879.9 953.793 847.873 534.011
internal_count=10289 10046 7985 4067 3612 2275
is_linear=0
shrinkage=0.013029


Tree=190
num_leaves=7
num_cat=0
split_feature=133 134 41 132 101 122
split_gain=36.419 40.9032 27.887 27.1602 19.8371 20.592
threshold=1.0000000180025095e-35 1.0000000180025095e-35 0.10031317546963693 19.500000000000004 40.500000000000007 197.00000000000003
decision_type=2 2 2 2 2 10
left_child=1 2 -1 4 5 -3
right_child=-2 3 -4 -5 -6 -7
leaf_value=-0.0026257794320882584 -0.003320302601126529 0.0018020797902000333 0.0033208551376898662 0.0021139195407803811 -0.00037572790110987516 -0.0066216137494781221
leaf_weight=157.51535283774137 490.93079590797424 59.925238370895386 873.8759343624115 258.08881861716509 280.664935156703 269.44410429894924
leaf_count=663 2159 261 3752 1085 1199 1169
internal_value=-0.000159638 0.000658174 0.00241149 -0.00142516 -0.00292317 -0.00508843
internal_weight=2390.45 1899.51 1031.39 868.123 610.034 329.369
internal_count=10288 8129 4415 3714 2629 1430
is_linear=0
shrinkage=0.013029


Tree=191
num_leaves=7
num_cat=0
split_feature=62 92 124 101 125 52
split_gain=30.7948 20.513 14.7856 14.4999 14.2859 13.609
threshold=-0.23272411525249478 0.51778176426887523 2.7393333333334162 61.500000000000007 0.32576530612244903 -0.12221418693661688
decision_type=2 2 10 2 10 2
left_child=1 2 -1 5 -3 -2
right_child=3 4 -4 -5 -6 -7
leaf_value=0.011057939997484412 -0.0080865608917741298 -0.0043455203777041885 0.0021979230102282168 0.00028244944853812227 0.00082786069940759958 -0.002122117026367588
leaf_weight=32.749987564980984 71.094523794949055 142.97302603721619 750.32207262516022 440.78622780740261 244.82816196233034 694.46633183211088
leaf_count=220 304 617 3174 1887 1020 3013
internal_value=-0.000139446 0.00136534 0.00257816 -0.00159993 -0.0010839 -0.002683
internal_weight=2377.22 1170.87 783.072 1206.35 387.801 765.561
internal_count=10235 5031 3394 5204 1637 3317
is_linear=0
shrinkage=0.013029


Tree=192
num_leaves=7
num_cat=0
split_feature=123 122 92 54 16 15
split_gain=24.9601 30.6887 23.1287 17.1055 16.3453 14.4544
threshold=142.50000000000003 1.0000000180025095e-35 0.52782857418060314 0.27469626069068914 -0.37222212553024286 -0.017651027999818322
decision_type=2 8 2 2 2 2
left_child=1 -1 3 4 -3 -2
right_child=5 2 -4 -5 -6 -7
leaf_value=0.0097865278249596663 0.0052716500304181083 0.004447524584899624 -0.0027750829614451322 -0.0030197760552508595 0.00016235178141052985 -0.00049398491281212801
leaf_weight=46.83868870139122 215.90181757509708 179.75876544415951 672.07980346679688 232.87088441848755 929.02216668426991 111.79141399264336
leaf_count=314 909 773 2878 994 3947 466
internal_value=-2.81083e-05 -0.000559595 -0.000803611 0.000184915 0.000859481 0.00330791
internal_weight=2388.26 2060.57 2013.73 1341.65 1108.78 327.693
internal_count=10281 8906 8592 5714 4720 1375
is_linear=0
shrinkage=0.013029


Tree=193
num_leaves=7
num_cat=2
split_feature=138 122 135 135 44 138
split_gain=40.2419 28.4228 27.7013 25.0242 19.9151 17.4725
threshold=0 259.9500000000001 9.5000000000000018 3.3350000000000004 0.073701918125152602 1
decision_type=9 8 2 2 2 9
left_child=3 5 4 -1 -3 -2
right_child=1 2 -4 -5 -6 -7
leaf_value=-0.0054743178664003198 0.0096077285893286027 -0.0022795059532855389 0.0055629385603784024 -2.9240922938948653e-05 0.0010066138337542438 0.0025486856587150272
leaf_weight=300.40899282693863 74.711468599736691 530.79261577129364 149.74665679037571 273.34452892839909 761.09970282018185 296.5864209830761
leaf_count=1396 436 2211 641 1167 3173 1256
internal_value=0.000142309 0.00109461 0.000271966 -0.00283412 -0.000344047 0.00431151
internal_weight=2386.69 1812.94 1441.64 573.754 1291.89 371.298
internal_count=10280 7717 6025 2563 5384 1692
cat_boundaries=0 1 2
cat_threshold=2157544470 536891424
is_linear=0
shrinkage=0.013029


Tree=194
num_leaves=7
num_cat=0
split_feature=135 110 37 82 93 10
split_gain=48.2081 23.8118 19.4513 20.142 17.8262 17.4428
threshold=7.5000000000000009 1.0000000180025095e-35 0.11621889844536783 -0.18501918017864225 -0.013989584986120461 -0.36278741061687464
decision_type=2 2 2 2 2 2
left_child=1 -1 3 -3 5 -4
right_child=-2 2 4 -5 -6 -7
leaf_value=0.0075181237909473335 0.0039015548115090433 -0.0059352565628636748 -0.006301664264252823 -0.00080313076667564126 0.0084744200668465299 -6.7818316227154658e-05
leaf_weight=56.489238865673542 465.50187916308641 238.55361137539148 80.46483238786459 284.36141174286604 38.404658861458302 1242.0368637293577
leaf_count=278 1973 1042 348 1233 161 5323
internal_value=0.000139456 -0.000764211 -0.00101531 -0.00314928 -0.000194138 -0.000450285
internal_weight=2405.81 1940.31 1883.82 522.915 1360.91 1322.5
internal_count=10358 8385 8107 2275 5832 5671
is_linear=0
shrinkage=0.013029


Tree=195
num_leaves=7
num_cat=2
split_feature=138 1 53 138 49 49
split_gain=33.6447 26.0067 19.0889 18.3442 16.1618 15.4884
threshold=0 0.092228595167398467 0.033903215080499656 1 -0.0016107580158859489 0.14129383116960528
decision_type=9 2 2 9 2 2
left_child=-1 3 4 -2 -3 -4
right_child=1 2 5 -5 -6 -7
leaf_value=-0.0027565247846881623 0.00081163372329431027 -0.0082413752460824795 -0.00032593031137199052 0.0044946432343714818 -0.0015511535474126627 0.0052018926868288113
leaf_weight=546.29384621977806 567.77071123570204 80.198113426566124 419.30553289502859 393.69905839115381 254.87108889967203 107.52495548129082
leaf_count=2446 2386 333 1777 1719 1076 470
internal_value=4.83818e-05 0.000899677 -0.000738587 0.00237709 -0.0031665 0.000807776
internal_weight=2369.66 1823.37 861.9 961.47 335.069 526.83
internal_count=10207 7761 3656 4105 1409 2247
cat_boundaries=0 1 2
cat_threshold=2157543430 755238960
is_linear=0
shrinkage=0.013029


Tree=196
num_leaves=7
num_cat=0
split_feature=135 125 44 132 13 122
split_gain=37.7681 31.7752 21.9608 16.5981 16.3359 13.9227
threshold=5.5000000000000009 0.89000000000000012 0.075652696192264571 14.500000000000002 0.24895178526639941 71.600000000000009
decision_type=2 10 2 2 2 10
left_child=1 2 4 -2 5 -1
right_child=3 -3 -4 -5 -6 -7
leaf_value=0.0019350932089178638 0.0016520828736047613 0.012499544827317048 0.00024442872910471317 0.006843229174843017 -0.0074465064832886819 -0.0027675386078787382
leaf_weight=128.87207698822021 384.2313483953476 28.925146028399467 962.11073082685471 143.30453107506037 104.21914196014404 613.06163020431995
leaf_count=554 1611 234 4077 636 458 2629
internal_value=-8.37336e-07 -0.000883328 -0.00110223 0.00306956 -0.00263236 -0.00194963
internal_weight=2364.72 1837.19 1808.26 527.536 846.153 741.934
internal_count=10199 7952 7718 2247 3641 3183
is_linear=0
shrinkage=0.013029


Tree=197
num_leaves=7
num_cat=0
split_feature=133 128 128 110 98 122
split_gain=36.4062 33.6188 32.5745 28.1528 24.1063 21.9323
threshold=1.0000000180025095e-35 8.8946875000000016 0.85070601851851857 1.0000000180025095e-35 -0.04842576012015342 6.8750000000000027
decision_type=2 2 2 2 2 8
left_child=2 5 3 -1 -4 -2
right_child=1 -3 4 -5 -6 -7
leaf_value=0.012662101651904442 0.0068508166742245937 0.003862704040289057 -0.002496143934612483 0.0019720833382554943 0.0022837995639589511 -0.0055148293673628994
leaf_weight=42.961473189294338 25.436484597623348 95.32952705770731 580.90234329551458 1005.9489026144147 258.1584794074297 376.39525826275349
leaf_count=227 157 407 2487 4276 1106 1625
internal_value=6.20524e-05 -0.00307221 0.000888247 0.00241821 -0.00102478 -0.00472135
internal_weight=2385.13 497.161 1887.97 1048.91 839.061 401.832
internal_count=10285 2189 8096 4503 3593 1782
is_linear=0
shrinkage=0.013029


Tree=198
num_leaves=7
num_cat=0
split_feature=110 133 135 98 10 107
split_gain=33.135 31.7977 26.8431 20.8162 15.1543 14.793
threshold=1.0000000180025095e-35 1.0000000180025095e-35 1.7500000000000002 -0.1119270585477352 -0.36278741061687464 1.0000000180025095e-35
decision_type=2 2 2 2 2 2
left_child=-1 2 -2 -4 -5 -3
right_child=1 5 3 4 -6 -7
leaf_value=0.0084440102550445463 -0.0032068668166040587 -0.00043642444439504884 -0.00056317754234836402 -0.0032197866674009592 0.0030079169647848946 -0.0051399300667839464
leaf_weight=74.241939775645733 290.16933466494083 184.04228261858225 695.14943972975016 71.94560943543911 775.99198909848928 296.07211565226316
leaf_count=380 1285 827 2918 307 3305 1278
internal_value=-8.18817e-05 -0.000358009 0.000424005 0.00110793 0.00247726 -0.00334025
internal_weight=2387.61 2313.37 1833.26 1543.09 847.938 480.114
internal_count=10300 9920 7815 6530 3612 2105
is_linear=0
shrinkage=0.013029


Tree=199
num_leaves=7
num_cat=0
split_feature=124 63 71 82 62 99
split_gain=29.1343 22.6452 20.3467 14.9399 15.8063 14.7464
threshold=694.60783333334268 -0.031219724565744397 -0.017841639928519722 0.0082689919508993643 -0.27393382787704462 -0.51952585577964772
decision_type=8 2 2 2 2 2
left_child=1 5 -3 4 -4 -1
right_child=-2 2 3 -5 -6 -7
leaf_value=0.001514437262075863 0.0084935213501495296 -0.0026694908075553538 0.0033721154097493349 -0.0053813373022853798 0.00041250624123626695 -0.0037915496655172892
leaf_weight=113.29672907292843 65.905989609658718 294.51920485496521 445.72877971827984 57.732510387897491 976.79993180930614 406.91137184202671
leaf_count=493 398 1255 1872 245 4163 1755
internal_value=-4.20477e-07 -0.000246899 0.000453991 0.00107644 0.00134108 -0.00263546
internal_weight=2360.89 2294.99 1774.78 1480.26 1422.53 520.208
internal_count=10181 9783 7535 6280 6035 2248
is_linear=0
shrinkage=0.013029


Tree=200
num_leaves=7
num_cat=0
split_feature=135 122 37 60 15 123
split_gain=34.3382 23.4701 19.3569 19.4005 18.8608 15.5233
threshold=6.5000000000000009 1.0000000180025095e-35 0.18764149397611621 -0.05810642056167125 -0.16251724958419797 90.500000000000014
decision_type=2 8 2 2 2 2
left_child=1 -1 3 -3 -5 -2
right_child=5 2 -4 4 -6 -7
leaf_value=0.0083557210009305039 0.0015180531223854177 -0.0064013350216427251 0.00082806667774894119 0.0036729842655422351 -0.0018892067067960295 0.0064174055264166786
leaf_weight=48.028489917516708 292.92014947533607 140.14083440601826 744.78613211214542 116.70673157274723 874.10875773429871 175.47682344913483
leaf_count=321 1243 613 3165 500 3734 748
internal_value=0.000199721 -0.000570807 -0.00080245 -0.00187606 -0.00123188 0.00336045
internal_weight=2392.17 1923.77 1875.74 1130.96 990.815 468.397
internal_count=10324 8333 8012 4847 4234 1991
is_linear=0
shrinkage=0.013029


Tree=201
num_leaves=7
num_cat=3
split_feature=122 135 138 138 138 15
split_gain=37.3759 38.8926 27.5518 25.1423 23.5036 15.2295
threshold=60.600000000000001 3.3350000000000004 0 1 2 -0.057307474315166466
decision_type=8 2 9 9 9 2
left_child=4 3 -3 -2 5 -1
right_child=1 2 -4 -5 -6 -7
leaf_value=0.0055879387606556207 -0.0052385361341720756 -0.00087831045061911622 0.0033274216907036029 -0.0010015854641099136 0.0073500494191358077 -0.0061641734906309337
leaf_weight=30.121759593486786 350.18508343398571 561.81520254909992 485.40349045395851 745.95380039513111 159.10798948258162 47.013548120856285
leaf_count=128 1621 2348 2088 3088 797 198
internal_value=-0.000157214 -0.00069984 0.00109542 -0.00241458 0.00475318 -0.00138755
internal_weight=2379.6 2143.36 1047.22 1096.14 236.243 77.1353
internal_count=10268 9145 4436 4709 1123 326
cat_boundaries=0 1 2 3
cat_threshold=3099066376 2730000420 404300063
is_linear=0
shrinkage=0.013029


Tree=202
num_leaves=7
num_cat=0
split_feature=135 133 98 88 121 128
split_gain=29.0733 30.0521 23.2761 23.1043 20.5538 21.447
threshold=2.0500000000000003 1.0000000180025095e-35 -0.05112000368535518 0.064299393445253386 38.833333333333336 1.1239062500000003
decision_type=2 2 2 2 8 2
left_child=3 2 4 -1 -2 -6
right_child=1 -3 -4 -5 5 -7
leaf_value=-0.0009558681590633942 0.003531988923821029 -0.00260810436475861 0.0045977951285747455 -0.0065004298708388718 0.0012599546997092909 -0.003872608777436596
leaf_weight=638.31584113836288 294.6376793012023 314.81565581262112 376.44466044008732 158.84678168594837 364.7131475508213 221.58630774915218
leaf_count=2767 1266 1382 1649 710 1533 933
internal_value=-3.97227e-05 0.000987898 0.00188921 -0.00206551 0.000728993 -0.00068219
internal_weight=2369.36 1572.2 1257.38 797.163 880.937 586.299
internal_count=10240 6763 5381 3477 3732 2466
is_linear=0
shrinkage=0.013029


Tree=203
num_leaves=7
num_cat=0
split_feature=133 128 128 121 128 88
split_gain=31.7038 38.2985 35.2571 24.3212 23.86 26.6978
threshold=1.0000000180025095e-35 0.85070601851851857 10.122378472222223 59.166666666666679 6.555503472222223 -0.045061763375997536
decision_type=2 2 2 8 2 2
left_child=1 -1 3 -2 -3 -6
right_child=2 4 -4 -5 5 -7
leaf_value=0.0023703271649007673 -0.0016028053115382081 -0.0039789825333521409 0.0050129330102603739 -0.0079112544377851254 0.0043594345790035852 -0.0018801738849525934
leaf_weight=1037.8509656563401 226.13363255560398 347.76482879370451 77.827490881085396 191.69662410020828 186.11101626604795 308.16995105147362
leaf_count=4451 1021 1503 331 831 785 1327
internal_value=-7.71059e-05 0.000695967 -0.00300596 -0.00450558 -0.001368 0.000472105
internal_weight=2375.55 1879.9 495.658 417.83 842.046 494.281
internal_count=10249 8066 2183 1852 3615 2112
is_linear=0
shrinkage=0.013029


Tree=204
num_leaves=7
num_cat=3
split_feature=133 138 1 138 138 98
split_gain=32.0621 43.931 24.6982 19.3837 17.7283 19.0725
threshold=1.0000000180025095e-35 0 0.09459323808550836 1 2 -0.26429206132888788
decision_type=2 9 2 9 9 2
left_child=2 -2 4 -4 -1 -6
right_child=1 -3 3 -5 5 -7
leaf_value=0.0055654285374780602 -0.0067397357391741084 0.00087531232931530208 -0.0031473688352328232 0.0008804466869608876 -0.0069108685321573205 0.001774966813926523
leaf_weight=202.11321892589331 237.65889795124531 268.01961850374937 340.68914982676506 473.85668295621872 44.619326278567314 810.44544216990471
leaf_count=902 1049 1178 1469 2019 193 3458
internal_value=8.47905e-05 -0.00282386 0.000871385 -0.000833295 0.0021845 0.00130115
internal_weight=2377.4 505.679 1871.72 814.546 1057.18 855.065
internal_count=10268 2227 8041 3488 4553 3651
cat_boundaries=0 1 2 3
cat_threshold=2761459854 3735027712 306204800
is_linear=0
shrinkage=0.013029


Tree=205
num_leaves=7
num_cat=0
split_feature=135 121 98 135 36 63
split_gain=27.5711 31.1944 24.9068 17.4782 15.5328 15.1354
threshold=1.7500000000000002 16.166666666666668 -0.061413390561938279 9.5000000000000018 0.11289510875940324 -0.051825614646077149
decision_type=2 8 2 2 2 2
left_child=-1 -2 3 4 5 -3
right_child=1 2 -4 -5 -6 -7
leaf_value=-0.0031309941325391895 0.0049862130355750878 -0.0056474681062670664 0.0021060872563307431 0.0037811814866997293 -0.0047370002879688206 -0.00013711013348478664
leaf_weight=390.4091677069664 246.29875572025776 95.79478794336319 630.48889315128326 109.95794032514095 219.031429708004 687.15443521738052
leaf_count=1735 1150 405 2697 462 944 2887
internal_value=3.13564e-05 0.000653058 3.87664e-05 -0.00113404 -0.00167574 -0.000815821
internal_weight=2379.14 1988.73 1742.43 1111.94 1001.98 782.949
internal_count=10280 8545 7395 4698 4236 3292
is_linear=0
shrinkage=0.013029


Tree=206
num_leaves=7
num_cat=0
split_feature=133 128 116 130 127 88
split_gain=25.5977 32.0661 26.6839 18.9776 18.3816 17.6031
threshold=1.0000000180025095e-35 9.0168923611111129 1.0000000180025095e-35 23.250000000000004 13.999936342592596 -0.0095469839870929701
decision_type=2 2 2 2 2 2
left_child=2 4 3 -1 -2 -3
right_child=1 5 -4 -5 -6 -7
leaf_value=0.0037170159561642638 -0.0020437380656441683 0.0089181796325064917 0.0022486713767641722 -0.0016028772552294606 -0.0077577668155126029 -0.0026913951501044918
leaf_weight=131.96175376325846 262.66567500680685 55.59446893632412 953.96093044430017 801.662667542696 150.20368345826864 36.131005875766277
leaf_count=569 1184 236 4139 3408 650 158
internal_value=1.99489e-05 -0.00258467 0.000716934 -0.000848689 -0.00413229 0.0043596
internal_weight=2392.18 504.595 1887.59 933.624 412.869 91.7255
internal_count=10344 2228 8116 3977 1834 394
is_linear=0
shrinkage=0.013029


Tree=207
num_leaves=7
num_cat=0
split_feature=116 125 128 47 130 122
split_gain=28.7031 31.7124 25.5161 23.0382 22.4698 18.7058
threshold=1.0000000180025095e-35 0.19375000000000003 20.991348379629631 0.2299979701638222 23.250000000000004 47.437500000000007
decision_type=2 10 2 2 2 10
left_child=2 -2 4 5 -1 -3
right_child=1 3 -4 -5 -6 -7
leaf_value=0.0025745975200417064 -0.0050272750940593284 0.0082266942108807188 0.0092423541961605161 -0.0072381693754068228 -0.0027173334644372796 0.0018250421899830146
leaf_weight=157.83623597025871 122.33628921210766 83.802383296191692 34.803405210375786 43.677449703216553 970.83508987724781 944.99558261036873
leaf_count=686 548 454 145 186 4158 4016
internal_value=-0.000178994 0.00123907 -0.00163512 0.00195672 -0.00197614 0.00235182
internal_weight=2358.29 1194.81 1163.47 1072.48 1128.67 1028.8
internal_count=10193 5204 4989 4656 4844 4470
is_linear=0
shrinkage=0.013029


Tree=208
num_leaves=7
num_cat=1
split_feature=135 138 121 81 75 128
split_gain=31.5848 29.2507 25.4936 20.6381 18.9246 14.5912
threshold=1.7500000000000002 0 20.250000000000004 0.056409485638141639 -0.10727767273783682 12.556562500000002
decision_type=2 9 8 2 2 2
left_child=-1 -2 -3 4 -4 -5
right_child=1 2 3 5 -6 -7
leaf_value=-0.0034261781612065917 -0.0012390579483494339 0.0062000158425920392 0.0059843255211625909 -0.0026880227122885953 0.0010324822244676211 0.0057741659310176245
leaf_weight=389.07526727020741 827.99025283008814 199.20695123821497 181.03428791463375 277.62730903923512 470.80799475312233 38.822184085845947
leaf_count=1733 3547 950 758 1164 1994 161
internal_value=-3.38048e-05 0.000628616 0.00194706 0.00108828 0.00241276 -0.00163926
internal_weight=2384.56 1995.49 1167.5 968.292 651.842 316.449
internal_count=10307 8574 5027 4077 2752 1325
cat_boundaries=0 1
cat_threshold=2562196540
is_linear=0
shrinkage=0.013029


Tree=209
num_leaves=7
num_cat=1
split_feature=118 138 61 133 134 127
split_gain=34.9848 36.2579 22.045 22.225 22.7106 20.282
threshold=1.0000000180025095e-35 0 0.30139946937561041 1.0000000180025095e-35 1.0000000180025095e-35 18.058483796296297
decision_type=2 9 2 2 2 2
left_child=1 5 3 4 -3 -1
right_child=-2 2 -4 -5 -6 -7
leaf_value=-0.0014360463042635927 0.00876503354247192 0.0046113845590853844 -0.0033652779122106229 -0.0014795887639917336 0.00070378697577677858 -0.0067738199605748292
leaf_weight=680.20585516095161 75.834926724433899 473.57258249074221 170.55050393939018 304.64301753044128 540.54054806381464 146.41128791868687
leaf_count=2968 390 2033 713 1322 2283 642
internal_value=9.88135e-05 -0.000187565 0.00102658 0.00160385 0.00253052 -0.00235799
internal_weight=2391.76 2315.92 1489.31 1318.76 1014.11 826.617
internal_count=10351 9961 6351 5638 4316 3610
cat_boundaries=0 1
cat_threshold=3434652676
is_linear=0
shrinkage=0.013029


Tree=210
num_leaves=7
num_cat=3
split_feature=135 138 136 62 123 138
split_gain=30.2535 35.7211 24.4327 20.6451 14.7733 14.5172
threshold=1.7500000000000002 0 1 -0.23681883513927457 106.50000000000001 2
decision_type=2 9 1 2 2 9
left_child=3 4 -3 -1 5 -2
right_child=1 2 -4 -5 -6 -7
leaf_value=0.00040096913643058378 -0.0048784735981545575 0.0066780224356244198 0.0013977361231360902 -0.0057596127436769411 0.0018312961121611454 -0.00081229745235717669
leaf_weight=153.58970853686333 205.94943904876709 174.00517251342535 873.62494426220655 230.51651522517204 216.1806902885437 523.33652871847153
leaf_count=672 883 822 3712 1043 896 2262
internal_value=4.46237e-05 0.000690148 0.00233347 -0.00330004 -0.0011437 -0.00204217
internal_weight=2377.2 1993.1 1047.63 384.106 945.467 729.286
internal_count=10290 8575 4534 1715 4041 3145
cat_boundaries=0 1 2 3
cat_threshold=4170753039 20 276824068
is_linear=0
shrinkage=0.013029


Tree=211
num_leaves=7
num_cat=0
split_feature=122 133 134 98 110 50
split_gain=33.5398 30.5469 26.4027 27.8643 27.6255 19.7356
threshold=60.600000000000001 1.0000000180025095e-35 1.0000000180025095e-35 -0.042366599664092057 1.0000000180025095e-35 -0.16787715256214139
decision_type=8 2 2 2 2 2
left_child=-1 2 4 -4 -2 -6
right_child=1 -3 3 -5 5 -7
leaf_value=0.0048266793025600772 0.012775957194092327 -0.0035184206008041594 -0.0028928816950875734 0.0023879707949761055 -0.0083457896906397981 0.001832584863759419
leaf_weight=231.28208068013191 37.399296075105667 423.70448003709316 568.92857356369495 240.91035912930965 32.948819220066071 832.1852138787508
leaf_count=1110 197 1832 2434 1026 138 3509
internal_value=0.000121575 -0.000389303 0.000386096 -0.00132122 0.0019179 0.00143841
internal_weight=2367.36 2136.08 1712.37 809.839 902.533 865.134
internal_count=10246 9136 7304 3460 3844 3647
is_linear=0
shrinkage=0.013029


Tree=212
num_leaves=7
num_cat=1
split_feature=138 48 95 26 29 73
split_gain=36.6711 20.9564 17.5714 16.1459 18.2315 13.51
threshold=0 0.30025200545787817 -0.11531976982951163 -0.15887422859668729 -0.077616542577743516 -0.0013467766111716626
decision_type=9 2 2 2 2 2
left_child=1 -1 3 4 -2 -4
right_child=2 -3 5 -5 -6 -7
leaf_value=-0.00058954741539202638 0.00044479767159126484 0.0058201220493746724 -0.0044298981941541232 0.0018379728230487728 -0.0051371765072935668 -0.00087192780842710324
leaf_weight=125.69223936647177 308.9355221837759 276.76212823390961 257.22223451733589 662.41365668177605 145.61513151228428 610.34370203316212
leaf_count=546 1301 1267 1148 2828 609 2642
internal_value=0.000196769 0.00372831 -0.000536567 0.000541152 -0.00134862 -0.00192958
internal_weight=2386.98 402.454 1984.53 1116.96 454.551 867.566
internal_count=10341 1813 8528 4738 1910 3790
cat_boundaries=0 1
cat_threshold=1094734048
is_linear=0
shrinkage=0.013029


Tree=213
num_leaves=7
num_cat=0
split_feature=124 135 88 128 124 130
split_gain=33.0951 23.1924 18.1354 20.8935 15.9531 24.1781
threshold=374.13583333332093 9.5000000000000018 -0.0095469839870929701 0.76172453703703713 20.675166666667213 28.165000000000003
decision_type=8 2 2 2 10 2
left_child=1 2 4 -4 -1 -6
right_child=-2 -3 3 -5 5 -7
leaf_value=-0.0025825814250604287 0.0044845228028380802 0.0042527236936427473 -0.00027062507542003733 -0.0045764416445563403 0.0062450876730903203 0.00011721102879935939
leaf_weight=281.19612073898315 254.91253113001585 161.88497474789619 380.69116251170635 384.02051500976086 125.99436455965042 795.93372994661331
leaf_count=1204 1218 687 1651 1669 541 3358
internal_value=5.47174e-05 -0.000476818 -0.000867292 -0.00243515 0.000130095 0.000958838
internal_weight=2384.63 2129.72 1967.84 764.712 1203.12 921.928
internal_count=10328 9110 8423 3320 5103 3899
is_linear=0
shrinkage=0.013029


Tree=214
num_leaves=7
num_cat=0
split_feature=135 99 127 135 44 121
split_gain=27.1862 20.6449 21.9634 15.7784 22.9465 29.0938
threshold=2.5850000000000004 -0.53175163269042958 13.99992476851852 9.5000000000000018 0.049716293811798103 30.166666666666668
decision_type=2 2 2 2 2 8
left_child=1 -1 -3 4 5 -2
right_child=3 2 -4 -5 -6 -7
leaf_value=0.002320581391982227 0.0035104075045583778 -0.00041571284631743735 -0.0052516673636833914 0.0045654934123991811 0.0017048630654506877 -0.0039812016349192953
leaf_weight=157.42658656090498 121.28971224278212 305.71491403132677 332.7554746568203 190.29706045985222 952.51264752447605 315.60834595561028
leaf_count=661 528 1386 1433 816 4112 1351
internal_value=6.49887e-05 -0.00189763 -0.00293913 0.00105422 0.000571214 -0.00189909
internal_weight=2375.6 795.897 638.47 1579.71 1389.41 436.898
internal_count=10287 3480 2819 6807 5991 1879
is_linear=0
shrinkage=0.013029


Tree=215
num_leaves=7
num_cat=0
split_feature=122 62 40 128 132 21
split_gain=28.0671 25.4441 15.8548 14.7748 13.8329 13.3285
threshold=60.600000000000001 -0.2141354754567146 -0.082881841808557496 17.381539351851853 10.500000000000002 -0.18400721251964566
decision_type=10 2 2 2 2 2
left_child=4 3 -3 -2 5 -1
right_child=1 2 -4 -5 -6 -7
leaf_value=0.001087424884353802 0.00030963667392660686 -0.002905167643750066 0.0027987810050751523 0.0062498035825015114 0.0099861975546516515 0.0088738238768516584
leaf_weight=208.2598417699337 1174.1641704291105 740.36718317866325 92.550064980983734 74.956154674291611 49.528110146522522 44.829086013138294
leaf_count=929 4989 3207 400 317 297 200
internal_value=3.26157e-05 -0.000506662 -0.00226952 0.000669441 0.0037354 0.00248761
internal_weight=2384.65 2082.04 832.917 1249.12 302.617 253.089
internal_count=10339 8913 3607 5306 1426 1129
is_linear=0
shrinkage=0.013029


Tree=216
num_leaves=7
num_cat=0
split_feature=110 135 124 54 4 88
split_gain=30.1071 26.1566 24.6388 17.8107 17.9183 18.294
threshold=1.0000000180025095e-35 9.5000000000000018 566.27716666666095 0.21450866013765338 -0.056817665696144097 -0.034004086628556245
decision_type=2 2 8 2 2 2
left_child=-1 2 3 4 5 -2
right_child=1 -3 -4 -5 -6 -7
leaf_value=0.0080645933297391354 0.00089424615098667283 0.0043179793794729275 0.005901248142415395 -0.002542264176986905 0.0010306148559241395 -0.0049284069593706929
leaf_weight=72.159757949411869 160.07298988103867 179.95470790565014 87.369480103254318 873.77456851303577 789.64123676717281 212.8308190703392
leaf_count=376 675 761 482 3728 3358 915
internal_value=-0.00018081 -0.000441499 -0.000846112 -0.00113757 -8.08863e-05 -0.00243202
internal_weight=2375.8 2303.64 2123.69 2036.32 1162.55 372.904
internal_count=10295 9919 9158 8676 4948 1590
is_linear=0
shrinkage=0.013029


Tree=217
num_leaves=7
num_cat=0
split_feature=135 125 44 49 121 125
split_gain=29.9492 26.082 22.4799 18.9567 14.717 14.0767
threshold=7.5000000000000009 0.63484848484848488 0.04891947656869889 0.042352285236120231 29.158333333333335 0.18375000000000002
decision_type=2 10 2 2 10 8
left_child=1 2 4 -3 -1 -2
right_child=5 3 -4 -5 -6 -7
leaf_value=-3.2092470673465125e-05 -0.0025840574979040572 -0.003053105176846399 -0.00013496369708690246 0.0067506632452623613 -0.0046852980967663025 0.0040184516645441664
leaf_weight=163.76333269476891 63.449433460831642 44.989047579467297 1191.7160665243864 126.32506780326366 389.91822525858879 383.04867728799582
leaf_count=710 267 192 5099 636 1696 1638
internal_value=4.1435e-05 -0.000666716 -0.00114336 0.0041741 -0.00331082 0.00307759
internal_weight=2363.21 1916.71 1745.4 171.314 553.682 446.498
internal_count=10238 8333 7505 828 2406 1905
is_linear=0
shrinkage=0.013029


Tree=218
num_leaves=7
num_cat=0
split_feature=122 135 125 54 10 3
split_gain=29.8713 28.7764 23.3163 22.3679 15.3464 14.5103
threshold=1.0000000180025095e-35 3.3350000000000004 0.18375000000000002 0.28212383389472967 -0.2311805114150047 0.36808405816555029
decision_type=8 2 10 2 2 2
left_child=-1 4 -3 -4 5 -2
right_child=1 2 3 -5 -6 -7
leaf_value=0.009276594340654816 -0.0026338960600440654 -0.0038069652687185178 0.0027683442223245696 -0.0022269780076174237 -0.00050623161704905421 -0.008934866966974063
leaf_weight=53.734299041330814 497.78543062508106 145.43043985962868 768.2737060636282 189.13559453189373 661.78609630465508 70.423433303833008
leaf_count=362 2163 629 3273 789 2826 316
internal_value=-0.000263563 -0.000486069 0.0010418 0.0017806 -0.0018558 -0.00342502
internal_weight=2386.57 2332.83 1102.84 957.409 1229.99 568.209
internal_count=10358 9996 4691 4062 5305 2479
is_linear=0
shrinkage=0.013029


Tree=219
num_leaves=7
num_cat=0
split_feature=110 122 135 37 61 125
split_gain=27.7316 22.3476 25.3139 17.4552 16.7784 16.1075
threshold=1.0000000180025095e-35 1.2250000000000003 3.3350000000000004 0.22983322292566302 0.35858783125877386 0.16823529411764709
decision_type=2 8 2 2 2 10
left_child=-1 -2 3 -3 5 -4
right_child=1 2 4 -5 -6 -7
leaf_value=0.0081174704629028566 0.0076466994950764216 -0.0025055112642744905 -0.0029739235648457455 0.0014258473134480267 -0.0042295517315768128 0.0021787067917909807
leaf_weight=69.595990397036076 59.472173117101192 944.60134430229664 116.40020321309566 239.99040605127811 92.354670777916908 857.8739207983017
leaf_count=362 376 4089 503 1016 385 3604
internal_value=5.64168e-05 -0.000188797 -0.000398142 -0.00170867 0.00105749 0.00156138
internal_weight=2380.29 2310.69 2251.22 1184.59 1066.63 974.274
internal_count=10335 9973 9597 5105 4492 4107
is_linear=0
shrinkage=0.013029


Tree=220
num_leaves=7
num_cat=0
split_feature=118 124 54 54 66 122
split_gain=30.3155 23.11 19.1828 14.3751 13.964 14.3199
threshold=1.0000000180025095e-35 844.14833333334286 0.24462756514549258 0.092037856578826918 -0.45773462951183314 172.05000000000001
decision_type=2 8 2 2 2 8
left_child=1 2 3 -1 -4 -6
right_child=-2 -3 4 -5 5 -7
leaf_value=-0.002325195338048851 0.0084264939820210376 0.0089955821923307783 0.0059737209644051626 0.00088986546343177678 0.0014763535660709001 -0.0036070433510806067
leaf_weight=288.47272616624832 68.738122567534447 43.717102825641632 32.250248819589615 1285.0088420957327 113.45054443180561 540.47404970228672
leaf_count=1229 358 303 138 5478 487 2303
internal_value=-5.48112e-05 -0.000310435 -0.000493249 0.000299652 -0.0023099 -0.00272447
internal_weight=2372.11 2303.37 2259.66 1573.48 686.175 653.925
internal_count=10296 9938 9635 6707 2928 2790
is_linear=0
shrinkage=0.013029


Tree=221
num_leaves=7
num_cat=0
split_feature=133 128 128 41 128 123
split_gain=27.9671 33.835 29.5754 29.546 24.42 23.8337
threshold=1.0000000180025095e-35 0.85070601851851857 6.9735358796296305 0.10031317546963693 6.0125983796296305 75.500000000000014
decision_type=2 2 2 2 2 2
left_child=1 3 -2 -1 -3 -5
right_child=2 4 -4 5 -6 -7
leaf_value=-0.0027171049459829848 -0.0044325000067401482 -0.0039645927635535497 0.0029792865420814937 0.0018371354372469118 0.00060855827564980391 0.0064355074167491942
leaf_weight=162.41532048583031 380.71824879199266 320.21206641942263 119.63671571016312 593.0967862457037 517.99124233424664 282.40365754067898
leaf_count=687 1704 1388 516 2574 2227 1214
internal_value=7.60803e-05 0.000806142 -0.0026586 0.00237781 -0.00114037 0.00332442
internal_weight=2376.47 1876.12 500.355 1037.92 838.203 875.5
internal_count=10310 8090 2220 4475 3615 3788
is_linear=0
shrinkage=0.013029


Tree=222
num_leaves=7
num_cat=2
split_feature=138 110 62 138 60 5
split_gain=26.5696 25.7211 19.4225 19.3245 16.1206 15.2712
threshold=0 1.0000000180025095e-35 -0.27393382787704462 1 0.0014007654972374441 0.00096235860837623488
decision_type=9 2 2 9 2 2
left_child=-1 -2 4 5 -3 -4
right_child=1 2 3 -5 -6 -7
leaf_value=0.0097433466266630409 0.0078613279853900087 -0.0024694857091647751 -0.0065343954228352019 -0.0004620740821901981 0.0024082464218073262 -0.00064296877127083154
leaf_weight=36.144022077322006 65.116395488381386 144.38114531338215 186.84083667397499 1244.5278053879738 555.56565774977207 124.3955136090517
leaf_count=285 329 612 851 5278 2327 549
internal_value=2.94239e-05 -0.00016605 -0.000400919 -0.00121171 0.00140061 -0.00405649
internal_weight=2356.97 2320.83 2255.71 1555.76 699.947 311.236
internal_count=10231 9946 9617 6678 2939 1400
cat_boundaries=0 1 2
cat_threshold=16797696 110723077
is_linear=0
shrinkage=0.013029


Tree=223
num_leaves=7
num_cat=0
split_feature=124 44 81 63 76 37
split_gain=24.4502 18.152 18.6594 26.7661 17.6512 13.8566
threshold=912.73033333333422 0.13084584474563601 -0.01370922429487109 0.054634762927889831 0.11165025457739831 0.081517431885004057
decision_type=8 2 2 2 2 2
left_child=1 2 3 -1 5 -3
right_child=-2 4 -4 -5 -6 -7
leaf_value=-0.00073069270948283448 0.0098254024973456755 -0.0029036557166823404 -0.0018443182939534316 0.0045214913362711332 -0.0054268324117500112 0.0035016193411503411
leaf_weight=541.64562962949276 43.332024917006493 64.831026121973991 967.48335237801075 235.88188868761063 48.743849709630013 465.30013284087181
leaf_count=2343 311 277 4151 1008 213 1980
internal_value=0.000208468 2.61969e-05 -0.000637102 0.00086536 0.00202403 0.00271546
internal_weight=2367.22 2323.89 1745.01 777.528 578.875 530.131
internal_count=10283 9972 7502 3351 2470 2257
is_linear=0
shrinkage=0.013029


Tree=224
num_leaves=7
num_cat=2
split_feature=138 122 55 128 128 138
split_gain=29.5729 22.4569 22.6243 20.6233 20.9876 21.8606
threshold=0 829.93900000000019 0.48614469170570379 5.4008043981481491 2.1394965277777782 1
decision_type=9 8 2 2 2 9
left_child=-1 3 -3 4 5 -2
right_child=1 2 -4 -5 -6 -7
leaf_value=-0.0031235307341333386 0.0059635257428748319 -3.2149001145130791e-05 -0.0067268934201697014 0.0059425043624834707 -0.0045436077590985842 0.0001406377411311409
leaf_weight=440.19582369923592 156.62320597469807 1024.0918290019035 92.804125815629959 195.63393450528383 94.409967675805092 329.38419616222382
leaf_count=2019 765 4303 392 850 408 1404
internal_value=-0.000124307 0.000587452 -0.000592348 0.00229198 0.00105577 0.00214854
internal_weight=2333.14 1892.95 1116.9 776.051 580.417 486.007
internal_count=10141 8122 4695 3427 2577 2169
cat_boundaries=0 1 2
cat_threshold=2156462100 538990602
is_linear=0
shrinkage=0.013029


Tree=225
num_leaves=7
num_cat=0
split_feature=98 125 129 58 124 135
split_gain=25.4622 23.5441 20.5888 18.1276 17.6832 17.4379
threshold=-0.057340323925018304 0.25500000000000006 1.0000000180025095e-35 -0.091522533446550355 694.60783333334268 1.7500000000000002
decision_type=2 10 2 2 8 2
left_child=1 2 -1 -4 -3 -2
right_child=5 4 3 -5 -6 -7
leaf_value=-0.0056734125096899865 -0.0025461823626428876 -0.00029560355744182097 -0.0059827240212625542 0.0047622217821589761 0.0097495426832623824 0.0027493200965159345
leaf_weight=273.19359001517296 124.79366825520992 1150.8836661577225 40.917067438364029 73.422389522194862 29.82676038891077 667.25603786855936
leaf_count=1238 553 4852 179 314 208 2910
internal_value=1.02616e-05 -0.000951379 -0.00373472 0.000903869 -3.6132e-05 0.00191344
internal_weight=2360.29 1568.24 387.533 114.339 1180.71 792.05
internal_count=10254 6791 1731 493 5060 3463
is_linear=0
shrinkage=0.013029


Tree=226
num_leaves=7
num_cat=1
split_feature=138 133 134 99 124 123
split_gain=31.3033 43.8426 30.1073 24.9129 22.1032 17.9554
threshold=0 1.0000000180025095e-35 1.0000000180025095e-35 -0.38289098441600794 3.6206666666671667 128.50000000000003
decision_type=9 2 2 2 10 2
left_child=4 2 3 -2 -1 -5
right_child=1 -3 -4 5 -6 -7
leaf_value=0.013375820609516089 0.0035954367001758271 -0.004907557159032269 -0.0017377782682357944 -0.0024060649902296451 0.0023611436303752637 0.0058256674388008191
leaf_weight=32.65061941742897 543.187892973423 336.65582825243473 697.0488470941782 262.61064481735229 434.1968048363924 53.552981987595558
leaf_count=271 2350 1484 3003 1107 1825 223
internal_value=0.000102951 -0.000646135 0.000273299 0.00190464 0.00308469 -0.0010018
internal_weight=2359.9 1893.06 1556.4 859.352 466.847 316.164
internal_count=10263 8167 6683 3680 2096 1330
cat_boundaries=0 1
cat_threshold=558125216
is_linear=0
shrinkage=0.013029


Tree=227
num_leaves=7
num_cat=0
split_feature=118 135 121 123 51 135
split_gain=26.9964 23.6041 19.41 18.275 16.9125 15.5488
threshold=1.0000000180025095e-35 1.7500000000000002 16.166666666666668 75.500000000000014 0.050189234316349036 9.5000000000000018
decision_type=2 2 8 2 2 2
left_child=1 -1 -3 4 -4 -5
right_child=-2 2 3 5 -6 -7
leaf_value=-0.0032243595713616351 0.0078450232066745729 0.0037606214806310914 0.00052521131984024048 0.00076984150940869714 -0.0028979855574902407 0.0069354183655899685
leaf_weight=376.83646573126316 71.454652920365334 244.8585271909833 460.47433987259865 589.85436378419399 522.40608689188957 78.027935057878494
leaf_count=1693 376 1138 1967 2457 2221 336
internal_value=-3.20538e-07 -0.000249384 0.000343008 -0.000165329 -0.00129502 0.00149677
internal_weight=2343.91 2272.46 1895.62 1650.76 982.88 667.882
internal_count=10188 9812 8119 6981 4188 2793
is_linear=0
shrinkage=0.013029


Tree=228
num_leaves=7
num_cat=1
split_feature=138 128 110 124 135 128
split_gain=27.4705 25.4386 28.0539 19.0062 18.3706 18.3984
threshold=0 17.054322916666671 1.0000000180025095e-35 2.1556666666667836 7.5000000000000009 0.76172453703703713
decision_type=9 2 2 10 2 2
left_child=1 2 -1 -2 5 -4
right_child=3 -3 4 -5 -6 -7
leaf_value=0.0080929778215125571 0.012598863316204263 0.0048413650490392477 -0.00089352176260188646 0.0019623164083101448 0.0010974976275098848 -0.0041712807240726832
leaf_weight=52.798933148384094 29.285191230475903 127.8279199898243 688.98841691017151 594.20111604034901 354.7353417724371 502.81798973679543
leaf_count=274 250 544 2974 2496 1489 2192
internal_value=0.000116596 -0.000731445 -0.00118338 0.00243666 -0.00150365 -0.00227806
internal_weight=2350.65 1727.17 1599.34 623.486 1546.54 1191.81
internal_count=10219 7473 6929 2746 6655 5166
cat_boundaries=0 1
cat_threshold=3736668436
is_linear=0
shrinkage=0.013029


Tree=229
num_leaves=7
num_cat=0
split_feature=135 92 13 98 122 56
split_gain=30.5543 21.2718 20.6982 23.463 17.3837 17.7959
threshold=4.5000000000000009 0.52442550659179699 0.26713943481445318 -0.044268244877457612 259.9500000000001 -0.20797522366046903
decision_type=2 2 2 2 8 2
left_child=2 -2 3 4 5 -1
right_child=1 -3 -4 -5 -6 -7
leaf_value=0.0058210123817327127 0.0035666999038926339 -0.00036826355299252197 -0.0056428006725902273 0.002255422276837712 -0.0028098340217266012 -0.0013746264796201486
leaf_weight=90.632841721177101 558.1308271959424 400.01477245986462 150.64002074301243 361.65408846735954 642.75153081119061 160.94994405657053
leaf_count=407 2454 1677 664 1569 2772 741
internal_value=0.000131203 0.00192484 -0.00109092 -0.000542092 -0.00167425 0.0012267
internal_weight=2364.77 958.146 1406.63 1255.99 894.334 251.583
internal_count=10284 4131 6153 5489 3920 1148
is_linear=0
shrinkage=0.013029


Tree=230
num_leaves=7
num_cat=0
split_feature=135 122 125 61 15 133
split_gain=29.5718 23.6638 17.5438 19.7157 16.0698 15.5054
threshold=4.5000000000000009 71.600000000000009 0.30384615384615393 0.3544460684061051 0.001064564392436296 1.0000000180025095e-35
decision_type=2 8 8 2 2 2
left_child=1 4 -2 -4 -1 -3
right_child=2 5 3 -5 -6 -7
leaf_value=0.0056377870095932602 -0.00076604491325923734 -0.0010171299744970482 0.0037594625368559289 -0.0039470053397421042 -0.0024723006886142257 -0.0046304177785780965
leaf_weight=133.18712741881609 297.63922040164471 963.110909730196 601.0799363926053 61.599646136164665 59.596725575625896 254.49181443452835
leaf_count=644 1267 4143 2612 261 276 1118
internal_value=9.76982e-05 -0.00110286 0.00186042 0.00303964 0.00313078 -0.00177461
internal_weight=2370.71 1410.39 960.319 662.68 192.784 1217.6
internal_count=10321 6181 4140 2873 920 5261
is_linear=0
shrinkage=0.013029


Tree=231
num_leaves=7
num_cat=0
split_feature=135 121 44 128 116 88
split_gain=22.9787 17.2727 14.6009 13.2903 14.2373 13.7109
threshold=4.5000000000000009 16.166666666666668 0.057103991508483894 10.023015046296297 1.0000000180025095e-35 -0.048167793080210679
decision_type=2 8 2 2 2 2
left_child=1 -1 -3 4 -2 -5
right_child=3 2 -4 5 -6 -7
leaf_value=0.0021153334079864776 -0.00079628480043635269 -0.0038838168095095857 -0.0007920321778516115 0.010838163767828445 0.0026350688003047248 0.0018452025570674165
leaf_weight=224.66875467449427 425.97597429156303 388.89983581006527 776.66627603769302 47.90534695982933 395.0114726498723 71.430296689271927
leaf_count=1055 1783 1712 3326 201 1764 310
internal_value=-0.000124016 -0.00118778 -0.00182537 0.00144843 0.000855535 0.00549808
internal_weight=2330.56 1390.23 1165.57 940.323 820.987 119.336
internal_count=10151 6093 5038 4058 3547 511
is_linear=0
shrinkage=0.013029


Tree=232
num_leaves=7
num_cat=2
split_feature=138 138 50 21 44 125
split_gain=26.7701 21.1246 20.3586 16.7183 20.8759 17.9796
threshold=0 1 -0.22654189914464948 -0.25850436091423029 0.14103060215711596 0.40212765957446811
decision_type=9 9 2 2 2 10
left_child=-1 -2 -3 -4 5 -5
right_child=1 2 3 4 -6 -7
leaf_value=-0.0026546514640156216 0.009735148720185027 -0.010232979648407463 -0.00062046190702147832 0.0041979269730632839 0.0056473766265221232 -0.00042598250692473097
leaf_weight=504.84445253014565 32.304790183901787 28.873529434204102 874.50239296257496 197.00537699460983 197.05082896351814 513.10976861417294
leaf_count=2334 273 120 3662 830 835 2175
internal_value=-2.88171e-05 0.000701864 0.000484382 0.000664796 0.00190329 0.000859732
internal_weight=2347.69 1842.85 1810.54 1781.67 907.166 710.115
internal_count=10229 7895 7622 7502 3840 3005
cat_boundaries=0 1 2
cat_threshold=2191066116 16793664
is_linear=0
shrinkage=0.013029


Tree=233
num_leaves=7
num_cat=0
split_feature=54 133 125 121 121 7
split_gain=24.8274 26.5238 19.7085 18.8422 17.976 14.2892
threshold=0.30336260795593267 1.0000000180025095e-35 0.33666666666666673 62.708333333333336 89.500000000000014 -0.099476002156734453
decision_type=2 2 8 8 10 2
left_child=1 2 4 5 -1 -3
right_child=-2 3 -4 -5 -6 -7
leaf_value=-0.0026271172023394065 -0.0035248473551675458 -0.0023211030304924386 0.0021334335314113916 -0.0053545333402217794 0.0028004043929968649 0.0045293377548267103
leaf_weight=345.25694768130779 318.57511895895004 144.59279581159353 1095.8364792987704 203.53676056861877 147.19837355613708 79.517206326127052
leaf_count=1513 1377 668 4726 889 653 357
internal_value=-0.00014913 0.000385383 0.00116093 -0.00249216 -0.00100309 0.000116161
internal_weight=2334.51 2015.94 1588.29 427.647 492.455 224.11
internal_count=10183 8806 6892 1914 2166 1025
is_linear=0
shrinkage=0.013029


Tree=234
num_leaves=7
num_cat=0
split_feature=123 118 121 133 93 44
split_gain=26.6433 22.8542 22.2397 22.2361 18.5329 18.5003
threshold=187.50000000000003 1.0000000180025095e-35 16.166666666666668 1.0000000180025095e-35 -0.14185672253370282 0.083641827106475844
decision_type=2 2 8 2 2 2
left_child=1 2 -1 5 -5 -4
right_child=-2 -3 3 4 -6 -7
leaf_value=0.0027436902156117845 0.0074202982228929685 0.0070672077817791014 -0.0018111944845342061 -0.0049920807053342965 0.0029129323430401389 0.0010595677617145087
leaf_weight=298.43261779844761 77.108289912343025 68.026788607239723 752.69958293437958 338.04822310805321 58.651596292853355 770.41271625459194
leaf_count=1402 332 362 3218 1469 249 3264
internal_value=-7.68696e-05 -0.000331952 -0.000561053 -0.0010756 -0.00382021 -0.000359304
internal_weight=2363.38 2286.27 2218.24 1919.81 396.7 1523.11
internal_count=10296 9964 9602 8200 1718 6482
is_linear=0
shrinkage=0.013029


Tree=235
num_leaves=7
num_cat=0
split_feature=135 124 123 62 6 123
split_gain=34.123 19.5387 16.6809 15.7193 16.3892 14.3846
threshold=6.5000000000000009 912.73033333333422 152.50000000000003 -0.27393382787704462 -0.21270383149385449 189.00000000000003
decision_type=2 8 2 2 2 2
left_child=1 3 -2 -1 -5 -6
right_child=2 -3 -4 4 5 -7
leaf_value=0.0010191052611804754 0.0024936913268694132 0.0091560725817802918 0.010688206070849807 -0.0078616915586479479 -0.001529494337217845 0.0057141920443307802
leaf_weight=562.33358956873417 412.13131179660559 33.369851812720299 46.401828929781914 66.346580550074577 1183.2206520438194 47.753143489360809
leaf_count=2383 1766 263 203 303 5127 205
internal_value=0.000152121 -0.000620584 0.00333821 -0.000799449 -0.00158784 -0.00124535
internal_weight=2351.56 1893.02 458.533 1859.65 1297.32 1230.97
internal_count=10250 8281 1969 8018 5635 5332
is_linear=0
shrinkage=0.013029


Tree=236
num_leaves=7
num_cat=1
split_feature=123 136 23 6 37 95
split_gain=19.0042 18.1005 18.2898 15.466 16.706 14.9896
threshold=142.50000000000003 0 0.1608301252126694 -0.1598706319928169 0.13470333814620974 -0.052094763144850724
decision_type=2 1 2 2 2 2
left_child=1 2 -1 4 -3 -2
right_child=5 3 -4 -5 -6 -7
leaf_value=-0.0038285158473189544 0.0038846469775140426 -0.0061412799448267467 0.0015139145978114996 0.00089877694710937454 0.00047154548148346402 -0.0049565066342137426
leaf_weight=431.95296570658684 286.26570345461369 120.58711065351963 144.88027721643448 1187.7656650394201 139.15888042747974 36.103634253144264
leaf_count=1860 1216 541 610 5232 609 153
internal_value=-4.87817e-05 -0.000516945 -0.00244415 0.000266904 -0.00260684 0.00288576
internal_weight=2346.71 2024.34 576.833 1447.51 259.746 322.369
internal_count=10221 8852 2470 6382 1150 1369
cat_boundaries=0 1
cat_threshold=1
is_linear=0
shrinkage=0.013029


Tree=237
num_leaves=7
num_cat=0
split_feature=133 99 122 125 98 5
split_gain=30.0081 26.9191 20.2324 17.6787 16.7242 22.3358
threshold=1.0000000180025095e-35 -0.46888026595115656 71.600000000000009 0.19375000000000003 -0.12620747089385984 0.0095648709684610384
decision_type=2 2 8 10 2 2
left_child=1 -1 -3 4 -4 -6
right_child=-2 2 3 -5 5 -7
leaf_value=0.0028273190064804421 -0.0028907339668715303 0.0039437247618021093 -0.0090868300101760759 -0.00037401803069844872 -0.0065557115423011594 0.0076752126712672092
leaf_weight=661.67743384093046 494.59854916483164 155.20673620700836 83.175976663827896 898.97583425045013 44.219111815094948 31.39006333053112
leaf_count=2889 2204 727 373 3796 201 138
internal_value=-3.84226e-05 0.00071493 -0.000438366 -0.00108357 -0.00508121 -0.000631111
internal_weight=2369.24 1874.65 1212.97 1057.76 158.785 75.6092
internal_count=10328 8124 5235 4508 712 339
is_linear=0
shrinkage=0.013029


Tree=238
num_leaves=7
num_cat=0
split_feature=133 122 101 62 121 132
split_gain=37.5436 19.9619 22.2933 21.3038 17.1768 15.5648
threshold=1.0000000180025095e-35 89.96250000000002 44.500000000000007 -0.2573659867048263 38.166666666666679 8.5000000000000018
decision_type=2 8 2 2 8 2
left_child=1 -1 3 -3 5 -2
right_child=4 2 -4 -5 -6 -7
leaf_value=0.0047374210281496956 -0.0028218577279251677 0.0012510490815357378 0.0022880567755834379 -0.0026276911638229965 -0.0048410706700287116 0.0051016550255393112
leaf_weight=212.36385206133127 109.02050699293613 458.31733523309231 688.74010589718819 504.06667125225067 320.08891622722149 67.558444261550903
leaf_count=993 488 1951 2927 2201 1393 341
internal_value=0.000135722 0.000984227 0.000499669 -0.000780954 -0.00304471 0.00021795
internal_weight=2360.16 1863.49 1651.12 962.384 496.668 176.579
internal_count=10294 8072 7079 4152 2222 829
is_linear=0
shrinkage=0.013029


Tree=239
num_leaves=7
num_cat=3
split_feature=138 138 128 128 122 137
split_gain=30.9142 20.4043 18.5057 29.9161 22.8993 20.5931
threshold=0 1 10.900700231481483 0.85070601851851857 2921.2000000000003 2
decision_type=9 9 2 2 8 9
left_child=-1 -2 3 -3 -5 -4
right_child=1 2 5 4 -6 -7
leaf_value=-0.0025280477720449612 0.0094309566099889663 0.0014283562173326222 0.00088847393366171844 -0.00097925044383447056 -0.0072551279308466542 0.0085800584844599945
leaf_weight=681.21656222641468 34.068085759878159 837.48020752519369 185.76859882473946 403.485002823174 130.06851850450039 82.826370611786842
leaf_count=3077 282 3561 779 1691 543 344
internal_value=-0.000211065 0.000743309 0.000502762 -0.000107451 -0.00251679 0.0036283
internal_weight=2354.91 1673.7 1639.63 1371.03 533.554 268.595
internal_count=10277 7200 6918 5795 2234 1123
cat_boundaries=0 1 2 3
cat_threshold=2258207764 16797696 32
is_linear=0
shrinkage=0.013029


Tree=240
num_leaves=7
num_cat=0
split_feature=135 116 101 62 72 121
split_gain=32.9237 19.5517 19.7298 15.546 13.0954 13.0646
threshold=1.7500000000000002 1.0000000180025095e-35 70.500000000000014 -0.2972524613142013 -0.035183809697628014 29.158333333333335
decision_type=2 2 2 2 2 8
left_child=4 2 3 -2 -1 -3
right_child=1 5 -4 -5 -6 -7
leaf_value=-0.0060323661152033095 0.0016739017686996146 0.0052281068459513434 0.0021606019751776581 -0.002943173350862415 -0.0011605709913349465 0.0013325011559924143
leaf_weight=176.68606159836054 163.2099566757679 177.28135438263416 308.38940370827913 506.8706598803401 199.32635958492756 821.95770025253296
leaf_count=798 692 861 1301 2185 903 3528
internal_value=7.34012e-05 0.000745595 -0.0005634 -0.00181802 -0.00345686 0.00202687
internal_weight=2353.72 1977.71 978.47 670.081 376.012 999.239
internal_count=10268 8567 4178 2877 1701 4389
is_linear=0
shrinkage=0.013029


Tree=241
num_leaves=7
num_cat=0
split_feature=135 16 86 58 128 128
split_gain=21.2611 20.378 21.8734 17.6351 15.0769 21.4983
threshold=6.5000000000000009 -0.50217601656913746 -0.068199712783098207 -0.13098543137311933 9.5454513888888908 0.85070601851851857
decision_type=2 2 2 2 2 2
left_child=1 -1 4 -4 5 -3
right_child=-2 2 3 -5 -6 -7
leaf_value=0.0081476710311287406 0.0025435358864035812 -0.001247990021625075 -0.0043831681514203422 0.001368299412921211 0.0014765472169943413 -0.0056651842505194084
leaf_weight=43.612535655498505 458.31057690829039 509.2485035136342 101.75570940971375 774.87074050307274 162.11404526978731 295.41347611695528
leaf_count=196 1969 2221 452 3417 699 1283
internal_value=2.86292e-05 -0.000582909 -0.000792525 0.000697679 -0.00214329 -0.00287323
internal_weight=2345.33 1887.02 1843.4 876.626 966.776 804.662
internal_count=10237 8268 8072 3869 4203 3504
is_linear=0
shrinkage=0.013029


Tree=242
num_leaves=7
num_cat=2
split_feature=138 133 128 128 138 98
split_gain=31.5479 37.5167 28.2699 27.6846 24.5992 24.3712
threshold=0 1.0000000180025095e-35 9.0168923611111129 1.0383217592592595 1 -0.042366599664092057
decision_type=9 2 2 2 9 2
left_child=-1 3 -3 4 -2 -5
right_child=1 2 -4 5 -6 -7
leaf_value=0.0034761427060776349 0.0034686689223299761 -0.0062795851917577675 0.0029261213758605457 -0.003262896544845495 -0.00068789704414631272 0.0023165512275188775
leaf_weight=371.47869059443474 533.60862281918526 284.03091304004192 70.233402073383331 502.8075365871191 434.26106876134872 179.97573040425777
leaf_count=1701 2305 1269 302 2179 1842 780
internal_value=4.44605e-05 -0.000606688 -0.00445234 0.000216555 0.00163329 -0.00179132
internal_weight=2376.4 2004.92 354.264 1650.65 967.87 682.783
internal_count=10378 8677 1571 7106 4147 2959
cat_boundaries=0 1 2
cat_threshold=21254816 2483030346
is_linear=0
shrinkage=0.013029


Tree=243
num_leaves=7
num_cat=0
split_feature=118 123 62 47 81 84
split_gain=24.5403 19.1637 17.1463 17.8263 19.5228 17.0096
threshold=1.0000000180025095e-35 142.50000000000003 -0.24884287267923352 0.16111331433057788 -0.057645851746201508 0.18806477636098864
decision_type=2 2 2 2 2 2
left_child=1 2 3 4 -1 -4
right_child=-2 -3 5 -5 -6 -7
leaf_value=0.0049478075240697705 0.0076409146372707504 0.0027795710995050602 -0.0032012416296255514 -0.00432480735142421 0.00014670199280356603 -2.7942378964558886e-05
leaf_weight=197.3216797709465 68.736650139093399 311.41367864608765 614.02442297339439 102.57939022034407 524.91246796399355 537.44723631441593
leaf_count=867 362 1310 2688 438 2281 2341
internal_value=1.08131e-05 -0.000220745 -0.00069435 0.000739199 0.00146199 -0.00172104
internal_weight=2356.44 2287.7 1976.29 824.814 722.234 1151.47
internal_count=10287 9925 8615 3586 3148 5029
is_linear=0
shrinkage=0.013029


Tree=244
num_leaves=7
num_cat=1
split_feature=135 138 122 122 15 128
split_gain=32.9708 28.9741 17.9671 15.7336 16.4234 14.1182
threshold=2.0500000000000003 0 361.35000000000008 37.650000000000013 -0.0090946932323276979 10.949693287037039
decision_type=2 9 8 10 2 2
left_child=3 -2 -3 4 -1 -4
right_child=1 2 5 -5 -6 -7
leaf_value=0.0059737257612333837 -0.0034961750742316076 0.0044207868311369391 0.00031888202581799346 -0.0029260538265599946 -0.0046786151460030583 0.0047105698960479151
leaf_weight=72.336700111627579 195.89268712699413 327.28355913609266 901.60964120924473 677.55793356895447 36.392192482948303 143.43941293656826
leaf_count=340 852 1490 3864 2959 168 613
internal_value=-1.1651e-05 0.00107999 0.00174742 -0.0021879 0.00240109 0.000924461
internal_weight=2354.51 1568.23 1372.33 786.287 108.729 1045.05
internal_count=10286 6819 5967 3467 508 4477
cat_boundaries=0 1
cat_threshold=8388636
is_linear=0
shrinkage=0.013029


Tree=245
num_leaves=7
num_cat=0
split_feature=133 44 4 65 67 122
split_gain=29.8881 17.4879 15.9256 15.695 13.5994 12.6716
threshold=1.0000000180025095e-35 0.059970272704958923 0.0095761003904044645 -0.19058146327733991 -0.00074214683263562609 991.47500000000002
decision_type=2 2 2 2 2 8
left_child=1 2 -1 -3 -5 -2
right_child=5 3 -4 4 -6 -7
leaf_value=-0.0026461502322443556 -0.00077840940763869372 -0.0056476562970618613 0.0013137398606502273 0.00069567097383461561 0.0036033361252363863 -0.0049828729784761978
leaf_weight=397.67865670472383 237.5863968655467 46.964540585875511 303.34697581082582 613.98835134506226 491.6644446477294 249.39543643593788
leaf_count=1716 1089 202 1320 2642 2156 1095
internal_value=-6.57398e-05 0.000689093 -0.000933036 0.00167564 0.00199014 -0.00293574
internal_weight=2340.62 1853.64 701.026 1152.62 1105.65 486.982
internal_count=10220 8036 3036 5000 4798 2184
is_linear=0
shrinkage=0.013029


Tree=246
num_leaves=7
num_cat=0
split_feature=133 134 88 121 39 125
split_gain=29.0401 28.4327 16.1784 20.7808 15.7549 17.6942
threshold=1.0000000180025095e-35 1.0000000180025095e-35 -0.0025492135901004072 16.166666666666668 0.38897278904914862 0.25500000000000006
decision_type=2 2 2 10 2 10
left_child=1 4 -3 -4 5 -1
right_child=-2 2 3 -5 -6 -7
leaf_value=-0.00027837914275439922 -0.0029141735926003771 0.00040471081315289058 0.0066171652753462071 -0.004216784813610674 -0.0051994763679067083 0.0036220375164191195
leaf_weight=277.85212492197752 491.71608651429415 505.99795467406511 32.488507464528084 323.68803481757641 46.792905233800411 680.66875234991312
leaf_count=1208 2207 2169 152 1420 202 2959
internal_value=-9.94697e-05 0.000642478 -0.00109303 -0.00321736 0.00213061 0.00249203
internal_weight=2359.2 1867.49 862.174 356.177 1005.31 958.521
internal_count=10317 8110 3741 1572 4369 4167
is_linear=0
shrinkage=0.013029


Tree=247
num_leaves=7
num_cat=0
split_feature=135 116 45 44 92 122
split_gain=26.8338 19.2763 20.5856 19.1018 16.4586 15.8691
threshold=9.5000000000000018 1.0000000180025095e-35 -0.13606950640678403 0.063274711370468154 0.57954087853431713 259.15000000000003
decision_type=2 2 2 2 2 10
left_child=1 5 3 -3 -2 -1
right_child=4 2 -4 -5 -6 -7
leaf_value=0.00068578625220752773 0.0061675620519627775 -0.00090160493157772313 -0.0024204614658334738 0.0032215663879059768 -0.0042798471332493142 -0.0028280017339769453
leaf_weight=305.76018846035004 160.70694647729397 303.50550865381956 277.01701405644417 511.46948745846748 29.898197934031487 758.9757354259491
leaf_count=1342 704 1329 1197 2292 123 3280
internal_value=-0.000157646 -0.000572304 0.000643826 0.00168661 0.00451897 -0.00181916
internal_weight=2347.33 2156.73 1091.99 814.975 190.605 1064.74
internal_count=10267 9440 4818 3621 827 4622
is_linear=0
shrinkage=0.013029


Tree=248
num_leaves=7
num_cat=0
split_feature=60 135 125 98 125 56
split_gain=23.4871 20.4558 19.2982 15.9904 13.5339 13.5383
threshold=0.040348030626773841 6.5000000000000009 0.63484848484848488 -0.080171514302492128 0.17823529411764708 -0.085307013243436799
decision_type=2 2 10 2 8 2
left_child=4 2 -2 -3 -1 -6
right_child=1 3 -4 -5 5 -7
leaf_value=-0.0069406518338107417 -0.00040167769349621556 0.0016042581489989856 0.0055159476984111156 0.0077797915235796105 -0.0006571403188436885 -0.005963688039027428
leaf_weight=80.368449568748474 1123.8004954382777 197.28268440812826 101.32786203175783 111.08185436576605 644.76734063774347 92.773308575153351
leaf_count=381 4836 823 506 497 2845 396
internal_value=-0.000104552 0.000846372 9.06721e-05 0.00384164 -0.00188662 -0.00132974
internal_weight=2351.4 1533.49 1225.13 308.365 817.909 737.541
internal_count=10284 6662 5342 1320 3622 3241
is_linear=0
shrinkage=0.013029


Tree=249
num_leaves=7
num_cat=0
split_feature=124 133 60 4 54 127
split_gain=26.6578 23.132 17.1462 16.0974 18.4572 15.8673
threshold=368.89766666666844 1.0000000180025095e-35 -0.11990165710449217 -0.012668822426348923 0.3370473980903626 14.014189814814817
decision_type=8 2 2 2 2 2
left_child=1 2 -1 -4 5 -5
right_child=-2 -3 3 4 -6 -7
leaf_value=-0.0060531152778918046 0.0040380901770486703 -0.0030545924693512064 -0.00072882717392995229 0.0041979117790554429 -0.0040546763116947777 0.00031071676234623881
leaf_weight=68.082556933164597 259.56876914203167 435.15679438412189 792.56215269863605 416.21221935749054 79.430999949574471 311.61600005626678
leaf_count=302 1256 1907 3382 1782 348 1346
internal_value=0.000104667 -0.000382014 0.000316267 0.000589893 0.00188411 0.00253556
internal_weight=2362.63 2103.06 1667.9 1599.82 807.259 727.828
internal_count=10323 9067 7160 6858 3476 3128
is_linear=0
shrinkage=0.013029


Tree=250
num_leaves=7
num_cat=2
split_feature=133 138 135 138 90 131
split_gain=33.4481 29.1788 27.774 22.6146 14.9719 13.3153
threshold=1.0000000180025095e-35 0 2.5850000000000004 1 0.13261304795742038 3.1826002600063039
decision_type=2 9 2 9 2 10
left_child=2 -2 4 5 -1 -4
right_child=1 -3 3 -5 -6 -7
leaf_value=-0.0027504611124770707 0.0018158362549353674 -0.0051526793251108795 -0.0016327991987855315 0.0030047179514813361 0.0019168944090596684 0.0056366726549129916
leaf_weight=459.16500338166952 141.87229029089212 337.39618620276451 354.42615899443626 844.4977720528841 155.76292376965284 47.928768783807755
leaf_count=2012 654 1500 1498 3696 679 200
internal_value=-9.29155e-05 -0.00315976 0.00069747 0.0018147 -0.00156736 -0.00074008
internal_weight=2341.05 479.268 1861.78 1246.85 614.928 402.355
internal_count=10239 2154 8085 5394 2691 1698
cat_boundaries=0 1 2
cat_threshold=4473120 1755578391
is_linear=0
shrinkage=0.013029


Tree=251
num_leaves=7
num_cat=0
split_feature=133 128 128 128 121 32
split_gain=27.481 33.2566 32.1811 26.4353 23.268 22.5334
threshold=1.0000000180025095e-35 0.85070601851851857 6.0125983796296305 8.8946875000000016 23.416666666666668 -0.19211757183074948
decision_type=2 2 2 2 8 2
left_child=1 5 -3 -2 -4 -1
right_child=3 2 4 -5 -6 -7
leaf_value=-0.0039251172937465042 -0.0041061640216167204 -0.0043262597700249586 0.0076191788651347658 0.0035185256298477341 -0.00020223902126953759 0.0030153892198939453
leaf_weight=86.111769251525402 392.24175501614809 317.84386767446995 74.792820490896702 95.477572478353977 445.51559217274189 941.27663767337799
leaf_count=371 1782 1388 335 414 1917 4093
internal_value=0.000140811 0.000860844 -0.00106468 -0.00261058 0.000930929 0.00243135
internal_weight=2353.26 1865.54 838.152 487.719 520.308 1027.39
internal_count=10300 8104 3640 2196 2252 4464
is_linear=0
shrinkage=0.013029


Tree=252
num_leaves=7
num_cat=2
split_feature=133 138 101 138 91 53
split_gain=20.6408 31.8718 19.6325 21.4787 19.1416 14.5339
threshold=1.0000000180025095e-35 0 60.500000000000007 1 -0.067976698279380784 0.06984684988856317
decision_type=2 9 2 9 2 2
left_child=2 -2 5 -4 -5 -1
right_child=1 -3 3 4 -6 -7
leaf_value=-0.0017316827345760393 0.0011243528961841504 -0.0054638714617545976 -0.00037468700445408306 0.0064212863804191484 -0.0017801711812927303 0.0010359299704509033
leaf_weight=591.62518826127052 236.89351741224527 250.82561931014061 236.64312659204006 265.33552644401789 58.698407560586929 705.33529681712389
leaf_count=2543 1065 1129 995 1171 254 3110
internal_value=2.77018e-05 -0.00235573 0.000654128 0.00268962 0.00478753 -0.000226809
internal_weight=2345.36 487.719 1857.64 560.677 324.034 1296.96
internal_count=10267 2194 8073 2420 1425 5653
cat_boundaries=0 1 2
cat_threshold=1382301984 1589379097
is_linear=0
shrinkage=0.013029


Tree=253
num_leaves=7
num_cat=1
split_feature=138 128 127 133 128 127
split_gain=26.0939 23.2632 32.2642 22.2904 33.3322 26.299
threshold=0 10.900700231481483 18.058483796296297 1.0000000180025095e-35 0.88606481481481503 13.999427083333336
decision_type=9 2 2 2 2 2
left_child=-1 3 -3 4 5 -2
right_child=1 2 -4 -5 -6 -7
leaf_value=-0.0020886281658264844 -0.00097047809454430531 0.011564619354284761 0.0017184727620927977 -0.002617939439800912 -0.0017340171906053904 0.0045323275010922667
leaf_weight=616.23915499448776 207.86520725488663 77.283600695431232 206.13610304147005 331.11650986224413 409.59639156609774 504.56268679350615
leaf_count=2820 888 328 868 1453 1729 2204
internal_value=0.000193513 0.00101009 0.00442556 0.000349047 0.00122573 0.00292741
internal_weight=2352.8 1736.56 283.42 1453.14 1122.02 712.428
internal_count=10290 7470 1196 6274 4821 3092
cat_boundaries=0 1
cat_threshold=2191097863
is_linear=0
shrinkage=0.013029


Tree=254
num_leaves=7
num_cat=0
split_feature=135 124 90 63 21 84
split_gain=28.2957 15.5333 14.6094 22.593 15.0295 14.6608
threshold=4.5000000000000009 844.14833333334286 0.13372802734375003 -0.032047249376773827 -0.35300391912460322 0.15589411556720736
decision_type=2 8 2 2 2 2
left_child=1 2 3 -1 -4 -6
right_child=-2 -3 4 -5 5 -7
leaf_value=-0.0056957138756873263 0.0017930011453108693 0.0082711832739856134 -0.0057716366042442025 -0.0010654237945547024 -0.0014441364382539641 0.0044453005548001807
leaf_weight=229.57398062944412 941.9078094214201 28.55458477884531 47.286162540316582 803.72579871118069 119.34359189867973 178.17505095899105
leaf_count=1019 4087 209 203 3476 522 775
internal_value=4.60903e-05 -0.00112397 -0.0013228 -0.00209737 0.000997943 0.00208506
internal_weight=2348.57 1406.66 1378.1 1033.3 344.805 297.519
internal_count=10291 6204 5995 4495 1500 1297
is_linear=0
shrinkage=0.013029


Tree=255
num_leaves=7
num_cat=1
split_feature=138 125 47 91 63 54
split_gain=22.1573 20.3841 16.2385 19.1171 14.924 14.1993
threshold=0 0.25500000000000006 0.16300138086080554 -0.079108357429504381 -0.042355310171842568 0.32418486475944525
decision_type=9 10 2 2 2 2
left_child=-1 5 3 -3 -5 -2
right_child=1 2 -4 4 -6 -7
leaf_value=0.0088897069527416085 -0.0019126737631878614 0.0015019395134796166 -0.0028676063350178576 -0.0076043919712474378 -0.00066287065012171197 -0.0088011621862184516
leaf_weight=34.024436123669147 435.55940778553486 1238.3797763809562 242.86710264533758 63.979072436690331 281.70712062716484 56.922408550977707
leaf_count=282 1968 5289 1033 277 1197 263
internal_value=-0.000195646 -0.000368334 0.000264504 0.000745786 -0.00196057 -0.0027204
internal_weight=2353.44 2319.41 1826.93 1584.07 345.686 492.482
internal_count=10309 10027 7796 6763 1474 2231
cat_boundaries=0 1
cat_threshold=282624
is_linear=0
shrinkage=0.013029


Tree=256
num_leaves=7
num_cat=0
split_feature=37 41 15 62 21 62
split_gain=20.0216 23.5885 17.6021 14.983 17.1242 14.5136
threshold=0.13180819898843768 1.0000000180025095e-35 -0.11187558248639105 -0.27284406125545496 -0.28876224160194391 -0.21756124496459958
decision_type=2 2 2 2 2 2
left_child=2 -2 5 -3 -5 -1
right_child=1 3 -4 4 -6 -7
leaf_value=0.004455734571399428 -0.0094857850297953624 0.0028571705406481222 -0.002848448968118224 -0.0027194068590875595 0.0011311263754052933 -0.0036829886025191772
leaf_weight=117.68736937642097 36.075560197234154 527.23447848111391 574.11197863519192 261.33131803572178 777.95998771488667 53.603512741625309
leaf_count=515 154 2306 2525 1131 3409 238
internal_value=7.58519e-06 0.000828072 -0.00175555 0.00106978 0.000161707 0.00190412
internal_weight=2348 1602.6 745.403 1566.53 1039.29 171.291
internal_count=10278 7000 3278 6846 4540 753
is_linear=0
shrinkage=0.013029


Tree=257
num_leaves=7
num_cat=0
split_feature=133 128 135 116 125 125
split_gain=30.8599 27.5146 22.4183 19.7218 18.1103 16.7374
threshold=1.0000000180025095e-35 5.9201620370370378 1.7500000000000002 1.0000000180025095e-35 0.18375000000000002 0.59687500000000016
decision_type=2 2 2 2 8 10
left_child=2 5 -1 -4 -5 -2
right_child=1 -3 3 4 -6 -7
leaf_value=-0.0026345291415674167 -0.0061507891335706531 0.0020395916101954843 -0.00016927541298395957 -0.0038822479438802892 0.0033682453623811574 0.0015270842454690988
leaf_weight=293.17009437829256 297.243218973279 132.37955225259066 780.19971599429846 63.168055325746536 706.07991685718298 57.201706096529961
leaf_count=1316 1323 579 3312 278 3109 292
internal_value=-0.000105805 -0.00302084 0.000665223 0.00129049 0.00276982 -0.00491113
internal_weight=2329.44 486.824 1842.62 1549.45 769.248 354.445
internal_count=10209 2194 8015 6699 3387 1615
is_linear=0
shrinkage=0.013029


Tree=258
num_leaves=7
num_cat=2
split_feature=138 110 121 128 128 138
split_gain=28.9979 27.6823 19.8124 18.5664 18.2222 19.3091
threshold=0 1.0000000180025095e-35 62.708333333333336 16.514195601851856 1.0383217592592595 1
decision_type=9 2 10 2 2 9
left_child=2 -2 -1 4 5 -3
right_child=1 3 -4 -5 -6 -7
leaf_value=0.00537928480152084 0.0080608449315017795 0.0015192706314574977 -0.0019133510557385112 0.0039612975586359057 -0.002811296291989986 -0.0018387543162071262
leaf_weight=266.33731271326542 61.882351785898209 595.31981660425663 82.457432240247726 131.98729744553566 659.9066214710474 547.96819095313549
leaf_count=1265 321 2555 346 563 2878 2356
internal_value=0.000146541 -0.000464957 0.00355321 -0.000742853 -0.0010886 -9.31373e-05
internal_weight=2345.86 1997.06 348.795 1935.18 1803.19 1143.29
internal_count=10284 8673 1611 8352 7789 4911
cat_boundaries=0 1 2
cat_threshold=21254592 2415954458
is_linear=0
shrinkage=0.013029


Tree=259
num_leaves=7
num_cat=2
split_feature=124 138 81 14 138 67
split_gain=24.6825 18.6625 21.6365 15.1527 12.9888 18.358
threshold=694.60783333334268 0 -0.0050184612628072492 0.051855362951755531 1 -0.031009315513074395
decision_type=8 9 2 2 9 2
left_child=1 -1 3 -3 -4 -6
right_child=-2 2 4 -5 5 -7
leaf_value=-0.0034894546353431977 0.0081922347005882155 0.0022520381753049971 -0.0023909615891022713 -0.003523760955767436 -0.0018333349712671761 0.0029500319530043478
leaf_weight=249.39219287037849 60.295768439769745 820.93268315494061 552.61430497467518 84.456385836005211 286.2385780364275 258.56878834962845
leaf_count=1118 402 3550 2422 364 1202 1088
internal_value=1.4848e-05 -0.000206592 0.000219607 0.00171092 -0.00100906 0.000429885
internal_weight=2312.5 2252.2 2002.81 905.389 1097.42 544.807
internal_count=10146 9744 8626 3914 4712 2290
cat_boundaries=0 1 2
cat_threshold=8913164 3456109105
is_linear=0
shrinkage=0.013029


Tree=260
num_leaves=7
num_cat=1
split_feature=118 123 136 124 63 123
split_gain=24.2729 16.0668 19.3535 16.5993 13.6492 19.6637
threshold=1.0000000180025095e-35 142.50000000000003 0 304.14266666666725 -0.050427069887518876 105.50000000000001
decision_type=2 2 1 8 2 2
left_child=1 2 3 4 -1 -6
right_child=-2 -3 -4 -5 5 -7
leaf_value=-0.0054439448677616169 0.0076288213832013761 0.0025580340283143377 -0.0016145964890937725 0.0070314012209685937 0.00015839952807831961 0.0075406136197799451
leaf_weight=60.616328984498978 68.500222563743591 308.70686636865139 1245.9903105646372 70.540203161537647 531.84854520857334 68.517074435949326
leaf_count=260 368 1305 5436 402 2260 289
internal_value=2.71487e-05 -0.000202915 -0.000634688 0.00104214 0.000411847 0.00100882
internal_weight=2354.72 2286.22 1977.51 731.522 660.982 600.366
internal_count=10320 9952 8647 3211 2809 2549
cat_boundaries=0 1
cat_threshold=22
is_linear=0
shrinkage=0.013029


Tree=261
num_leaves=7
num_cat=1
split_feature=123 122 136 125 91 15
split_gain=20.5257 24.517 19.0759 17.9591 16.9973 18.6564
threshold=142.50000000000003 1.0000000180025095e-35 0 0.16823529411764709 -0.051849111914634698 -0.017651027999818322
decision_type=2 8 1 10 2 2
left_child=1 -1 3 -3 5 -2
right_child=4 2 -4 -5 -6 -7
leaf_value=0.0090880601408735925 0.0062248782390305017 -0.0042774239353416468 -0.0018866074178779087 0.0016019425020095299 -0.0064629492289034829 -0.00069334436621428387
leaf_weight=41.695204176008701 187.97413064539433 102.05204604566097 1255.6875797212124 622.03886348009109 29.601616531610489 101.70580516755581
leaf_count=317 806 459 5498 2635 125 431
internal_value=-0.000229829 -0.000714949 -0.000924594 0.000759455 0.00283639 0.00380016
internal_weight=2340.76 2021.47 1979.78 724.091 319.282 289.68
internal_count=10271 8909 8592 3094 1362 1237
cat_boundaries=0 1
cat_threshold=22
is_linear=0
shrinkage=0.013029


Tree=262
num_leaves=7
num_cat=1
split_feature=128 47 128 136 128 3
split_gain=17.9101 16.2945 18.2971 20.2604 17.1924 15.885
threshold=17.054322916666671 0.21168627589941028 1.0383217592592595 0 5.8548784722222234 0.38244579732418066
decision_type=2 2 2 1 2 2
left_child=1 2 -1 4 -4 -5
right_child=-2 -3 3 5 -6 -7
leaf_value=0.00095471676577463325 0.0045710340577899801 -0.0046050154674613297 -0.002362542591067749 -0.0021654912999210605 0.0045358035141730155 -0.0091839655065777213
leaf_weight=1263.5873111486435 134.2275602966547 140.22676280885935 106.43369617313147 505.827208571136 142.92118234932423 60.819967463612556
leaf_count=5579 575 611 470 2199 625 267
internal_value=-3.77166e-05 -0.000317772 -2.72083e-05 -0.00154724 0.00153174 -0.00287863
internal_weight=2354.04 2219.82 2079.59 816.002 249.355 566.647
internal_count=10326 9751 9140 3561 1095 2466
cat_boundaries=0 1
cat_threshold=22
is_linear=0
shrinkage=0.013029


Tree=263
num_leaves=7
num_cat=2
split_feature=138 1 138 90 83 31
split_gain=23.3544 14.293 13.8897 16.8604 16.4613 22.3363
threshold=0 0.18748570978641513 1 0.13261304795742038 -0.16921527683734891 -0.41574250161647791
decision_type=9 2 9 2 2 2
left_child=-1 2 -2 4 5 -4
right_child=1 -3 3 -5 -6 -7
leaf_value=0.0061874204132086079 0.001735932941121362 -0.0032529608547826219 0.0019013650970206113 0.0014125665574039939 -0.00043154643494153086 -0.0059578937869106717
leaf_weight=85.870470598340034 560.16812452673912 255.57949496805668 81.295982301235199 451.49363134801388 653.34569592773914 246.3576987683773
leaf_count=513 2333 1116 350 1975 2885 1068
internal_value=-8.76622e-05 -0.000355149 1.5771e-05 -0.000664889 -0.00162812 -0.00400799
internal_weight=2334.11 2248.24 1992.66 1432.49 980.999 327.654
internal_count=10240 9727 8611 6278 4303 1418
cat_boundaries=0 1 2
cat_threshold=16798656 407109690
is_linear=0
shrinkage=0.013029


Tree=264
num_leaves=7
num_cat=2
split_feature=138 133 101 138 81 66
split_gain=21.468 18.3388 21.576 20.5571 15.9208 19.2956
threshold=0 1.0000000180025095e-35 68.500000000000014 1 0.16857807338237765 -0.30244004726409907
decision_type=9 2 2 9 2 2
left_child=-1 2 4 -3 -2 -6
right_child=1 3 -4 -5 5 -7
leaf_value=0.0092959492440303007 0.0001962387103743394 0.00062597803503536492 0.0029857687038442435 -0.0047942344959819071 0.0010474422469734731 -0.0088146346613228819
leaf_weight=31.873876694589853 1225.2714249789715 221.28453818708658 460.84674318134785 248.65230886638165 59.739176020026207 76.083882853388786
leaf_count=277 5305 933 1970 1135 257 329
internal_value=0.000130237 -4.04477e-05 0.000551443 -0.00233343 -0.000273912 -0.00449412
internal_weight=2323.75 2291.88 1821.94 469.937 1361.09 135.823
internal_count=10206 9929 7861 2068 5891 586
cat_boundaries=0 1 2
cat_threshold=16797696 1482686752
is_linear=0
shrinkage=0.013029


Tree=265
num_leaves=7
num_cat=0
split_feature=110 16 39 15 121 7
split_gain=23.5607 17.5637 13.0719 17.2933 18.8292 14.9388
threshold=1.0000000180025095e-35 -0.43269474804401392 0.38897278904914862 -0.034505622461438172 56.833333333333336 -0.267251506447792
decision_type=2 2 2 2 8 2
left_child=-1 -2 3 4 -3 -6
right_child=1 2 -4 -5 5 -7
leaf_value=0.0073457987699753636 0.0039503393907923028 0.0024732452946910899 -0.0052300424181445952 -0.001885479874527282 0.0029282352003268466 -0.0017214842046345846
leaf_weight=70.293448202311993 154.81544246524572 522.68323786556721 97.416853591799736 776.06550639867783 146.69606560468674 573.98672625422478
leaf_count=381 685 2328 423 3371 627 2464
internal_value=-4.48427e-05 -0.000275762 -0.00058606 -0.000360274 0.00059224 -0.000773074
internal_weight=2341.96 2271.66 2116.85 2019.43 1243.37 720.683
internal_count=10279 9898 9213 8790 5419 3091
is_linear=0
shrinkage=0.013029


Tree=266
num_leaves=7
num_cat=0
split_feature=118 128 50 15 81 82
split_gain=24.5851 14.4773 13.5379 16.7168 15.7223 17.1571
threshold=1.0000000180025095e-35 24.680949074074075 0.15108985453844073 -0.029702940955758091 -0.0038232462247833605 0.014108484610915186
decision_type=2 2 2 2 2 2
left_child=1 2 3 4 -1 -6
right_child=-2 -3 -4 -5 5 -7
leaf_value=0.0025226741223141943 0.0077066058342470959 0.0071823148457792465 -0.0032968539502832542 -0.00157445815209353 0.00016083965558733954 -0.0077650052896852872
leaf_weight=560.53552388399839 67.778037279844284 43.329545497894287 237.56249861419201 735.0443190485239 659.35452478379011 49.157096691429615
leaf_count=2473 363 183 1032 3196 2867 213
internal_value=1.48472e-05 -0.000215635 -0.000360863 -1.1789e-05 0.000893699 -0.000396294
internal_weight=2352.76 2284.98 2241.65 2004.09 1269.05 708.512
internal_count=10327 9964 9781 8749 5553 3080
is_linear=0
shrinkage=0.013029


Tree=267
num_leaves=7
num_cat=1
split_feature=1 138 84 124 59 45
split_gain=21.9696 19.7733 24.2171 17.3873 16.7697 15.3616
threshold=0.1721390783786774 0 0.1465895473957062 46.056666666666501 -0.17480589449405667 -0.23175633698701856
decision_type=2 9 2 8 2 2
left_child=1 3 -3 -1 -4 -2
right_child=5 2 4 -5 -6 -7
leaf_value=-0.00097302389574982961 -0.0081724014436883267 -0.0023850781797266855 0.0017550743683401148 0.0055214263070707233 -0.0019879955300548154 -0.001650958346901476
leaf_weight=103.82163199782372 80.908906623721123 574.50935451686382 880.12022245675325 212.77616543322802 263.46522735804319 248.66731560230255
leaf_count=438 365 2504 3811 1035 1147 1085
internal_value=-0.000149221 0.000356607 -0.000203147 0.0032906 0.000892027 -0.00326608
internal_weight=2364.27 2034.69 1718.09 316.598 1143.59 329.576
internal_count=10385 8935 7462 1473 4958 1450
cat_boundaries=0 1
cat_threshold=4215690
is_linear=0
shrinkage=0.013029


Tree=268
num_leaves=7
num_cat=0
split_feature=62 130 95 26 128 75
split_gain=17.4777 17.3168 14.7024 16.254 13.4471 15.105
threshold=-0.21582793444395063 28.165000000000003 -0.12135834991931914 -0.13091967999935147 20.739218750000003 -0.11327196285128592
decision_type=2 2 2 2 2 2
left_child=1 -1 3 -2 5 -3
right_child=2 4 -4 -5 -6 -7
leaf_value=0.0055747488058379702 -0.0017887870698424587 0.0024233336719690392 -0.0029470784111085987 0.0028067155563138635 0.0069294590736243677 -0.00076105053560408603
leaf_weight=126.95375483855605 297.95494772493839 368.12959119677544 467.51529734581709 231.54546436667442 52.631348893046379 803.53766483440995
leaf_count=572 1281 1614 2103 1010 225 3501
internal_value=4.29165e-05 0.00100822 -0.00126515 0.000221851 0.000531737 0.000240323
internal_weight=2348.27 1351.25 997.016 529.5 1224.3 1171.67
internal_count=10306 5912 4394 2291 5340 5115
is_linear=0
shrinkage=0.013029


Tree=269
num_leaves=7
num_cat=0
split_feature=133 128 128 128 123 78
split_gain=19.5528 24.6608 32.8971 23.4128 19.8933 19.3004
threshold=1.0000000180025095e-35 1.0383217592592595 6.0881134259259264 6.9735358796296305 77.500000000000014 0.015363759826868774
decision_type=2 2 2 2 2 2
left_child=1 4 5 -2 -1 -3
right_child=3 2 -4 -5 -6 -7
leaf_value=0.00052801187625403547 -0.0041504624520589299 -0.0059130665939060205 0.00073060657243404989 0.0025265731474930853 0.0044154798334813897 0.0040099744187176998
leaf_weight=725.48893020302057 366.73698435723782 266.50423121452332 508.4159327596426 117.17042347788811 322.35974316298962 37.50133304297924
leaf_count=3170 1679 1173 2207 511 1399 164
internal_value=-0.000201352 0.000405751 -0.00129728 -0.00253239 0.00172613 -0.00468249
internal_weight=2344.18 1860.27 812.421 483.907 1047.85 304.006
internal_count=10303 8113 3544 2190 4569 1337
is_linear=0
shrinkage=0.013029


Tree=270
num_leaves=7
num_cat=0
split_feature=124 1 84 48 61 110
split_gain=21.6213 18.3259 17.4902 14.8636 14.0514 12.9017
threshold=365.35616666666238 0.14497577399015429 0.2267246022820473 0.53780686855316173 0.23464546352624896 1.0000000180025095e-35
decision_type=8 2 2 2 2 2
left_child=1 2 5 -3 -2 -1
right_child=4 3 -4 -5 -6 -7
leaf_value=0.0073391117730829099 0.0047873329742665312 -0.0035592370468471913 0.002394634551329421 0.0051305862000309782 -0.0028665710853663282 -0.0009525816986694092
leaf_weight=32.033620357513428 215.1668764911592 427.27575477957726 405.46072800457478 35.624219611287117 49.677022017538548 1179.7814289033413
leaf_count=165 1072 1864 1750 156 227 5075
internal_value=-0.000153221 -0.000599962 5.46562e-05 -0.00288364 0.00334785 -0.000729221
internal_weight=2345.02 2080.18 1617.28 462.9 264.844 1211.82
internal_count=10309 9010 6990 2020 1299 5240
is_linear=0
shrinkage=0.013029


Tree=271
num_leaves=7
num_cat=1
split_feature=135 138 133 125 81 133
split_gain=27.2278 21.1355 22.5634 18.3439 18.2976 18.1824
threshold=6.5000000000000009 0 1.0000000180025095e-35 0.96666666666666679 -0.019766567274928089 1.0000000180025095e-35
decision_type=2 9 2 8 2 2
left_child=1 3 -3 -1 -2 -6
right_child=4 2 -4 -5 5 -7
leaf_value=0.00095905808452404167 0.0058052961989679026 -0.00078422806026011134 -0.0049501320540733312 0.010790941874814657 0.0022250726689081648 -0.0062296027342761276
leaf_weight=391.60367180407047 190.85214702039957 1205.778063133359 269.550916492939 34.411745887249708 214.48041944950819 53.312174089252949
leaf_count=1641 834 5244 1231 277 922 228
internal_value=-0.000116229 -0.000803728 -0.00153697 0.00172936 0.00273068 0.000529878
internal_weight=2359.99 1901.34 1475.33 426.015 458.645 267.793
internal_count=10377 8393 6475 1918 1984 1150
cat_boundaries=0 1
cat_threshold=1228951960
is_linear=0
shrinkage=0.013029


Tree=272
num_leaves=7
num_cat=0
split_feature=135 133 122 126 123 22
split_gain=24.1405 23.5729 18.4065 15.6787 14.6995 18.9361
threshold=2.0500000000000003 1.0000000180025095e-35 586.05000000000007 0.028991596638655467 88.500000000000014 0.28590619564056402
decision_type=2 2 8 10 2 2
left_child=-1 4 3 -3 -2 -6
right_child=1 2 -4 -5 5 -7
leaf_value=-0.0019241962879201918 0.00061497209890099176 0.004623102062669365 -0.0048318492795134706 -0.0060449435831338647 0.004335579364179944 -0.0057790333268359414
leaf_weight=788.48801346123219 799.391810066998 85.099694631993771 191.20712202787399 31.471707984805107 411.6823486238718 33.404592394828796
leaf_count=3500 3484 405 835 142 1784 138
internal_value=-6.87067e-05 0.000874261 -0.00235065 0.00172378 0.00167272 0.00356845
internal_weight=2340.75 1552.26 307.779 116.571 1244.48 445.087
internal_count=10288 6788 1382 547 5406 1922
is_linear=0
shrinkage=0.013029


Tree=273
num_leaves=7
num_cat=0
split_feature=110 44 133 128 82 125
split_gain=25.4545 21.6335 20.3457 22.9545 16.4315 15.4188
threshold=1.0000000180025095e-35 0.059970272704958923 1.0000000180025095e-35 11.514299768518521 0.061383843421936042 0.53923076923076929
decision_type=2 2 2 2 2 10
left_child=-1 -2 4 5 -3 -4
right_child=1 2 3 -5 -6 -7
leaf_value=0.0080305212762425762 -0.0016465310938452596 0.0021004968183015301 -0.0054067958373775473 0.0076973085480995813 -0.0064011104480867116 0.0014315485614714793
leaf_weight=67.946726180613041 861.55400205403566 1064.3310788497329 185.21983347833157 35.603325963020325 39.365998782217503 79.716324269771576
leaf_count=372 3768 4601 822 151 168 376
internal_value=0.000214851 -2.19711e-05 0.000975089 -0.00202699 0.00179334 -0.00335089
internal_weight=2333.74 2265.79 1404.24 300.539 1103.7 264.936
internal_count=10258 9886 6118 1349 4769 1198
is_linear=0
shrinkage=0.013029


Tree=274
num_leaves=7
num_cat=0
split_feature=128 135 61 44 125 128
split_gain=23.8041 20.2604 21.4574 17.1374 16.0217 16.0888
threshold=17.054322916666671 5.5000000000000009 0.2609845250844956 0.24166183173656466 0.63484848484848488 1.0000000180025095e-35
decision_type=2 2 2 2 10 2
left_child=1 3 -3 4 5 -1
right_child=-2 2 -4 -5 -6 -7
leaf_value=-0.00042267289923130912 0.0053669256597751484 0.0034587899445326356 -0.0029577932229533539 0.0063032410662909946 0.0028936938189271831 -0.003130263296046223
leaf_weight=838.87555817514658 131.79133713245392 384.89689859747887 114.21320856362581 52.242109164595604 145.39562872797251 669.83040022850037
leaf_count=3651 567 1677 485 229 738 2932
internal_value=3.27906e-06 -0.000318863 0.00198834 -0.000994273 -0.00122736 -0.00162569
internal_weight=2337.25 2205.45 499.11 1706.34 1654.1 1508.71
internal_count=10279 9712 2162 7550 7321 6583
is_linear=0
shrinkage=0.013029


Tree=275
num_leaves=7
num_cat=2
split_feature=138 138 98 90 60 123
split_gain=24.8244 17.1795 14.9546 20.8245 14.1721 13.6231
threshold=0 1 -0.12315659970045088 0.086251687258481993 -0.1080157235264778 142.50000000000003
decision_type=9 9 2 2 2 2
left_child=2 -2 -1 -4 -3 -6
right_child=1 4 3 -5 5 -7
leaf_value=-0.0050852545972835863 0.0090861952242029705 -0.0049301900778629783 -0.0045687193269906808 0.0023315982546848728 0.00022314394780983192 0.0033887430666092451
leaf_weight=225.59670501947403 29.768426090478897 77.541741065680981 130.01488190889359 171.15583997964859 1408.1450003236532 275.32351793348789
leaf_count=1039 268 336 609 772 6000 1175
internal_value=-4.98508e-05 0.000683762 -0.00250681 -0.000651001 0.000487654 0.000742075
internal_weight=2317.55 1790.78 526.767 301.171 1761.01 1683.47
internal_count=10199 7779 2420 1381 7511 7175
cat_boundaries=0 1 2
cat_threshold=2157543948 16793664
is_linear=0
shrinkage=0.013029


Tree=276
num_leaves=7
num_cat=0
split_feature=110 123 92 122 50 14
split_gain=23.5652 21.8957 22.3472 16.8358 12.8085 11.167
threshold=1.0000000180025095e-35 142.50000000000003 0.52317538857460033 1.2250000000000003 -0.17791773378849027 -0.139339804649353
decision_type=2 2 2 8 2 2
left_child=-1 2 3 -2 -5 -4
right_child=1 -3 5 4 -6 -7
leaf_value=0.0077936755931244488 0.010318708119573725 0.0032364642705999262 -0.00021682050719642592 -0.0065672772834662017 0.00055198082979685936 -0.0036694977762916159
leaf_weight=67.366249691694975 28.413401685655117 308.15293411910534 252.04315795004368 43.787124007940292 1194.295946598053 430.57167903333902
leaf_count=369 244 1309 1105 189 5135 1885
internal_value=0.000241135 1.33523e-05 -0.000497213 0.000527076 0.000296571 -0.00239621
internal_weight=2324.63 2257.26 1949.11 1266.5 1238.08 682.615
internal_count=10236 9867 8558 5568 5324 2990
is_linear=0
shrinkage=0.013029


Tree=277
num_leaves=7
num_cat=0
split_feature=110 135 122 21 91 72
split_gain=25.6576 20.9841 19.3265 13.0157 12.9501 12.821
threshold=1.0000000180025095e-35 4.5000000000000009 60.600000000000001 -0.28977118432521815 -0.26545174419879908 -0.070004899054765687
decision_type=2 2 10 2 2 2
left_child=-1 2 -2 4 -4 -3
right_child=1 5 3 -5 -6 -7
leaf_value=0.0078873595013318094 0.0026081979754177167 -0.00071433867281729094 0.0027273896720783068 -0.00082126629101344757 -0.004811083925822442 0.0025443445933978123
leaf_weight=70.791606482118368 205.53299803286791 305.0363108292222 43.93001626431942 812.93224130570889 299.85684305429459 622.35417175292969
leaf_count=394 982 1288 188 3539 1303 2699
internal_value=0.000201705 -3.82958e-05 -0.00106723 -0.0017215 -0.00384416 0.00147278
internal_weight=2360.43 2289.64 1362.25 1156.72 343.787 927.39
internal_count=10393 9999 6012 5030 1491 3987
is_linear=0
shrinkage=0.013029


Tree=278
num_leaves=7
num_cat=2
split_feature=138 110 122 60 128 138
split_gain=22.5558 22.5778 19.5323 18.398 14.8172 14.7589
threshold=0 1.0000000180025095e-35 6.8750000000000027 -0.096473693847656236 8.6669270833333361 1
decision_type=9 2 10 2 2 9
left_child=2 -2 -1 -3 -4 -5
right_child=1 3 4 5 -6 -7
leaf_value=0.013448811686874002 0.0076403214357648741 -0.0058760419335381437 0.00087384631890055652 -0.0021601322770427858 0.0083385089462621863 0.00037281757913929078
leaf_weight=28.471700094640255 55.865948691964149 109.64552376419306 242.44253948330879 549.93208132684231 54.819168582558632 1281.5528244376183
leaf_count=263 302 493 1024 2520 231 5400
internal_value=5.27279e-05 -0.000470924 0.00317434 -0.000709504 0.00226704 -0.000398038
internal_weight=2322.73 1997 325.733 1941.13 297.262 1831.48
internal_count=10233 8715 1518 8413 1255 7920
cat_boundaries=0 1 2
cat_threshold=1094734336 2193170436
is_linear=0
shrinkage=0.013029


Tree=279
num_leaves=7
num_cat=3
split_feature=138 133 138 56 54 138
split_gain=21.7399 17.1112 19.2056 18.2084 17.333 18.2916
threshold=0 1.0000000180025095e-35 1 -0.27413436770439142 0.27023293077945715 2
decision_type=9 2 9 2 2 9
left_child=-1 4 3 -3 5 -2
right_child=1 2 -4 -5 -6 -7
leaf_value=0.0094350762729467786 -0.0020017254661837585 0.0092625742075188346 -0.0049036652182369213 -0.0011467467663722256 -0.0020148847447829746 0.001725674593318158
leaf_weight=29.555826280266047 267.91602991521358 32.650205940008163 240.1035557538271 196.17296094447374 409.68664857745171 1159.1392723321915
leaf_count=267 1172 138 1101 830 1765 5006
internal_value=-5.67714e-05 -0.000221265 -0.00244162 0.000347482 0.00034512 0.00102331
internal_weight=2335.22 2305.67 468.927 228.823 1836.74 1427.06
internal_count=10279 10012 2069 968 7943 6178
cat_boundaries=0 1 2 3
cat_threshold=16794112 1482948897 1086136324
is_linear=0
shrinkage=0.013029


Tree=280
num_leaves=7
num_cat=1
split_feature=128 118 138 133 128 128
split_gain=22.0117 20.927 22.0798 31.7364 34.3561 28.4108
threshold=17.054322916666671 1.0000000180025095e-35 0 1.0000000180025095e-35 1.0383217592592595 8.6669270833333361
decision_type=2 2 9 2 2 2
left_child=1 2 3 4 -1 -4
right_child=-2 -3 5 -5 -6 -7
leaf_value=0.0012289184937999437 0.0052358491033384384 0.0070237762264309762 0.00044997483200127821 -0.0055770643769158358 -0.0032833431012402564 0.0085962992156276962
leaf_weight=734.81219747662544 128.98234836757183 63.804040379822254 597.4581798017025 255.77654162049294 468.46094579994678 82.043162249028683
leaf_count=3144 556 355 2677 1154 2043 362
internal_value=1.961e-05 -0.000287473 -0.000507867 -0.00140635 -0.000528707 0.00142064
internal_weight=2331.34 2202.36 2138.55 1459.05 1203.27 679.501
internal_count=10291 9735 9380 6341 5187 3039
cat_boundaries=0 1
cat_threshold=2495196174
is_linear=0
shrinkage=0.013029


Tree=281
num_leaves=7
num_cat=0
split_feature=135 122 135 44 22 127
split_gain=29.1158 16.505 22.4874 18.5763 12.9831 12.8866
threshold=2.0500000000000003 130.25000000000003 9.5000000000000018 0.051208388060331352 0.15516608208417895 13.999913194444447
decision_type=2 8 2 2 2 2
left_child=5 -2 3 4 -3 -1
right_child=1 2 -4 -5 -6 -7
leaf_value=-0.00029565966909384422 0.0045486556629738949 -0.00013697700562664177 0.0047657166319016739 0.00093180799967862546 -0.0049642533252901517 -0.0036331843645777185
leaf_weight=363.54602750390768 191.15146731585264 188.02745594084263 178.70882474631071 807.67216585576534 189.67703120410442 426.74443788081408
leaf_count=1668 926 814 783 3480 818 1847
internal_value=-6.42175e-05 0.000970502 0.000466981 -0.000183569 -0.00256593 -0.00209952
internal_weight=2345.53 1555.24 1364.09 1185.38 377.704 790.29
internal_count=10336 6821 5895 5112 1632 3515
is_linear=0
shrinkage=0.013029


Tree=282
num_leaves=7
num_cat=2
split_feature=135 138 138 84 27 131
split_gain=31.8958 19.8035 16.1381 14.8699 19.5737 12.7607
threshold=4.5000000000000009 0 1 0.20137713849544528 -0.15613075345754621 1.5126086035176944
decision_type=2 9 9 2 2 10
left_child=2 3 -1 -2 -5 -3
right_child=1 5 -4 4 -6 -7
leaf_value=0.0066695287044239932 -0.00148820291519028 0.00093218582828429942 -0.0014537367024329687 -0.0033152297232784695 0.0064228967856495489 0.0055114743811611267
leaf_weight=32.613556154072285 339.30193769931793 159.86593032628298 1336.9989539384842 50.936490163207054 109.04496130347252 292.97271519899368
leaf_count=227 1429 747 5854 214 460 1307
internal_value=5.41564e-05 0.00188494 -0.00121888 5.43526e-05 0.00332143 0.00381473
internal_weight=2321.73 952.122 1369.61 499.283 159.981 452.839
internal_count=10238 4157 6081 2103 674 2054
cat_boundaries=0 1 2
cat_threshold=2595750042 29184
is_linear=0
shrinkage=0.013029


Tree=283
num_leaves=7
num_cat=0
split_feature=118 135 16 122 121 98
split_gain=22.2494 20.2358 20.2206 15.2 14.4682 13.6753
threshold=1.0000000180025095e-35 9.5000000000000018 -0.43269474804401392 197.00000000000003 37.416666666666679 -0.15158383548259732
decision_type=2 2 2 10 8 2
left_child=1 2 3 -1 -4 -6
right_child=-2 -3 4 -5 5 -7
leaf_value=0.012654381863100157 0.007063016742649436 0.0039157112274275374 0.00062653007403151901 0.0019493856816038199 -0.0039915490157318746 -0.0009939720480049534
leaf_weight=27.288564436137676 70.891472939401865 176.46501606702805 620.74968352168798 116.92043721675873 349.62552483379841 986.95673282444477
leaf_count=124 394 760 2808 514 1516 4238
internal_value=-8.83602e-05 -0.000313045 -0.000669335 0.00402722 -0.0010167 -0.00177979
internal_weight=2348.9 2278.01 2101.54 144.209 1957.33 1336.58
internal_count=10354 9960 9200 638 8562 5754
is_linear=0
shrinkage=0.013029


Tree=284
num_leaves=7
num_cat=1
split_feature=135 124 135 138 39 71
split_gain=27.7322 23.5225 15.9196 17.9272 15.5835 15.1403
threshold=9.5000000000000018 973.2273333333527 1.7500000000000002 0 0.38367684185504919 -0.021323255263268944
decision_type=2 8 2 9 2 2
left_child=1 2 -1 5 -5 -4
right_child=-2 -3 3 4 -6 -7
leaf_value=-0.0031281330426249513 0.0048005230835025253 0.01050094076971975 -0.0066661027760070712 0.0015354916337487077 -0.0043689600605937469 -0.00097566026058813673
leaf_weight=368.1532494276762 181.01010431349277 31.792097270488739 89.019237354397774 892.50221148878336 82.239738330245018 691.22346910834312
leaf_count=1675 794 278 392 3798 345 3019
internal_value=-8.74406e-05 -0.000499468 -0.000667649 -0.000150442 0.00102401 -0.00160976
internal_weight=2335.94 2154.93 2123.14 1754.98 974.742 780.243
internal_count=10301 9507 9229 7554 4143 3411
cat_boundaries=0 1
cat_threshold=2964594839
is_linear=0
shrinkage=0.013029


Tree=285
num_leaves=7
num_cat=2
split_feature=110 138 128 127 138 131
split_gain=18.0065 17.9761 19.7178 40.5653 17.256 17.0351
threshold=1.0000000180025095e-35 0 10.80039351851852 18.058483796296297 1 7.4654392930327882
decision_type=2 9 2 2 9 8
left_child=-1 -2 4 -4 5 -3
right_child=1 2 3 -5 -6 -7
leaf_value=0.0068496511456511535 -0.0018153133371447475 0.00042859810701860332 0.011946397397687771 0.0008230716392135537 -0.00013925575330439995 0.01394249033012036
leaf_weight=69.031407985836267 586.51555898785591 31.004482433199883 77.584441445767879 192.88252388685942 1338.61243840307 31.75133839994669
leaf_count=389 2676 130 333 813 5677 253
internal_value=0.000329258 0.000127855 0.000816017 0.00403679 0.000198489 0.0063457
internal_weight=2327.38 2258.35 1671.84 270.467 1401.37 62.7558
internal_count=10271 9882 7206 1146 6060 383
cat_boundaries=0 1 2
cat_threshold=2224587780 17060376
is_linear=0
shrinkage=0.013029


Tree=286
num_leaves=7
num_cat=0
split_feature=63 124 1 73 20 61
split_gain=19.9019 16.4246 16.2421 14.3439 11.5856 11.8654
threshold=-0.032047249376773827 573.08966666666458 0.16764537990093234 1.0000000180025095e-35 0.26439510285854345 0.27325226366519934
decision_type=2 8 2 2 2 2
left_child=4 2 -2 -4 5 -1
right_child=1 -3 3 -5 -6 -7
leaf_value=-0.0023078366757959194 0.00077279865725923705 0.0072892727975612127 -0.0081505898402109995 -0.00097023534591523283 0.0019850211708132364 -0.0082017683543082961
leaf_weight=374.18420697003603 1511.2933251932263 57.725223481655121 63.157026886940002 182.19762469828129 86.002594232559204 68.177787519991398
leaf_count=1687 6542 371 285 781 377 298
internal_value=-0.000154333 0.000493865 0.000267702 -0.00283675 -0.00237788 -0.00322792
internal_weight=2342.74 1814.37 1756.65 245.355 528.365 442.362
internal_count=10341 7979 7608 1066 2362 1985
is_linear=0
shrinkage=0.013029


Tree=287
num_leaves=7
num_cat=0
split_feature=135 116 122 132 92 89
split_gain=19.8684 17.4258 19.3476 16.432 15.624 13.2947
threshold=9.5000000000000018 1.0000000180025095e-35 60.600000000000001 4.5000000000000009 0.57272285223007213 0.3666962087154389
decision_type=2 2 8 2 2 2
left_child=1 -1 -3 -4 -2 -5
right_child=4 2 3 5 -6 -7
leaf_value=-0.0013861988946978236 0.0058734077585042383 0.0065971506729097509 -0.0032218351646231391 0.00056043215995560175 -0.0042968624745781956 0.0055906583370668355
leaf_weight=1078.2405636161566 155.78854505717754 93.502619460225105 172.91357788443565 707.16662941128016 30.129698917269707 101.39131769537926
leaf_count=4732 692 533 750 3060 125 442
internal_value=0.000137066 -0.000216328 0.000957239 0.000415551 0.00421514 0.00119557
internal_weight=2339.13 2153.21 1074.97 981.472 185.918 808.558
internal_count=10334 9517 4785 4252 817 3502
is_linear=0
shrinkage=0.013029


Tree=288
num_leaves=7
num_cat=0
split_feature=62 81 47 9 16 125
split_gain=14.5402 16.2012 23.4645 17.4518 15.716 22.9607
threshold=-0.24884287267923352 -0.044633215293288224 0.13306416571140292 0.043316414579749114 -0.19759127497673032 0.42052631578947369
decision_type=2 2 2 2 2 8
left_child=1 2 3 -1 -2 -6
right_child=4 -3 -4 -5 5 -7
leaf_value=0.0067610668156871286 -0.0002470054249704563 0.00023513603827018901 -0.0041777210469152604 -0.003032024712157912 0.00078489924016775443 -0.010324137282745475
leaf_weight=224.62079340592027 1213.9885264001787 661.66840270906687 51.241199783980846 35.379256755113602 59.760869279503822 66.050005622208118
leaf_count=1013 5369 2895 222 153 270 288
internal_value=0.000177634 0.00138942 0.00383717 0.00542385 -0.000702585 -0.00507252
internal_weight=2312.71 972.91 311.241 260 1339.8 125.811
internal_count=10210 4283 1388 1166 5927 558
is_linear=0
shrinkage=0.013029


Tree=289
num_leaves=7
num_cat=2
split_feature=138 49 122 128 128 138
split_gain=20.805 22.1422 20.9662 21.3116 20.2601 18.623
threshold=0 -0.022376252338290211 829.93900000000019 6.9735358796296305 16.875271990740746 1
decision_type=9 2 8 2 2 9
left_child=-1 -2 3 5 -4 -3
right_child=1 2 4 -5 -6 -7
leaf_value=-0.0020686007623748675 -0.0035613921330795218 -0.0017524966668802529 -0.00053631584795433976 0.0077012095821049967 0.0058329352044161394 0.0035586944037053021
leaf_weight=556.25772888958454 177.13472200930119 160.56140227615833 875.1830091252923 135.31887788325548 93.153155103325844 335.14006512612104
leaf_count=2551 754 699 3739 595 397 1564
internal_value=0.000107032 0.000795985 0.00128492 0.00313142 8.02306e-05 0.0018747
internal_weight=2332.75 1776.49 1599.36 631.02 968.336 495.701
internal_count=10299 7748 6994 2858 4136 2263
cat_boundaries=0 1 2
cat_threshold=2291737605 1445200176
is_linear=0
shrinkage=0.013029


Tree=290
num_leaves=7
num_cat=3
split_feature=138 131 123 134 138 138
split_gain=21.0757 19.8318 17.5646 14.2955 16.6432 13.9221
threshold=0 3.6629214393734935 142.50000000000003 1.0000000180025095e-35 1 2
decision_type=9 8 2 2 9 9
left_child=1 -1 3 5 -5 -2
right_child=2 -3 -4 4 -6 -7
leaf_value=0.001599166965877751 -0.0021513705955247108 0.0094116286142802812 0.0023798192386173919 0.00090102002409989221 -0.0037234443244360039 0.0011026202839094655
leaf_weight=307.1848256662488 322.14885354042053 66.641054842621088 320.04284132272005 183.36814235150814 464.25915575027466 666.80445356667042
leaf_count=1293 1421 438 1371 804 2066 2903
internal_value=0.000140225 0.0029289 -0.000406328 -0.000954453 -0.00245806 3.12606e-05
internal_weight=2330.45 373.826 1956.62 1636.58 647.627 988.953
internal_count=10296 1731 8565 7194 2870 4324
cat_boundaries=0 1 2 3
cat_threshold=1094733921 773890180 177774980
is_linear=0
shrinkage=0.013029


Tree=291
num_leaves=7
num_cat=1
split_feature=138 1 98 0 36 7
split_gain=20.9692 18.2191 17.323 21.3845 19.6187 14.7855
threshold=0 0.1577619090676308 -0.058236716315150254 0.0075620734132826337 -0.19238400459289548 0.023033441044390205
decision_type=9 2 2 2 2 2
left_child=-1 2 3 -2 -4 -5
right_child=1 -3 4 5 -6 -7
leaf_value=0.0091458417260685196 -0.0028615274681314121 -0.0026148129373308533 -0.0074948927989526935 0.00033714690451403006 0.0027642319367421177 0.008526434240468922
leaf_weight=31.035044375807047 425.84611956775188 422.11680948734283 32.826391346752644 802.77864068746567 569.73248079419136 38.548873975872993
leaf_count=284 1862 1852 142 3460 2499 165
internal_value=-5.72337e-06 -0.000171592 0.000379864 -0.000485032 0.00219716 0.000719255
internal_weight=2322.88 2291.85 1869.73 1267.17 602.559 841.328
internal_count=10264 9980 8128 5487 2641 3625
cat_boundaries=0 1
cat_threshold=16797696
is_linear=0
shrinkage=0.013029


Tree=292
num_leaves=7
num_cat=0
split_feature=110 123 89 53 40 12
split_gain=17.4309 16.1797 16.4773 12.205 10.9919 10.0809
threshold=1.0000000180025095e-35 187.50000000000003 0.29247094690799719 0.06984684988856317 -0.33352978527545923 -0.0082202870398759825
decision_type=2 2 2 2 2 2
left_child=-1 2 4 5 -2 -4
right_child=1 -3 3 -5 -6 -7
leaf_value=0.0065323085670872666 -0.0044944022263874008 0.005842364355619056 0.00033989128417776264 0.0026344899800699781 -0.00072898564510777972 -0.006220341928889205
leaf_weight=67.954699475318193 144.94011438637972 73.763256147503853 196.74990291893482 441.39765214920044 1370.3372340798378 49.103822089731693
leaf_count=378 632 320 873 1987 5950 217
internal_value=6.46249e-05 -0.000130436 -0.000332287 0.00134016 -0.0010911 -0.000984527
internal_weight=2344.25 2276.29 2202.53 687.251 1515.28 245.854
internal_count=10357 9979 9659 3077 6582 1090
is_linear=0
shrinkage=0.013029


Tree=293
num_leaves=7
num_cat=1
split_feature=136 110 133 101 125 125
split_gain=23.7872 18.7222 14.6139 17.6822 16.111 15.209
threshold=0 1.0000000180025095e-35 1.0000000180025095e-35 54.500000000000007 0.13818181818181821 0.17823529411764708
decision_type=1 2 2 2 8 10
left_child=-1 -2 3 4 -3 -6
right_child=1 2 -4 -5 5 -7
leaf_value=-0.0022519227898488061 0.007910229273380311 0.0077276516696936047 -0.002108494050481587 0.0034753132499021153 -0.0059633130637892998 0.00018887191650445719
leaf_weight=667.45837461948395 57.433701559901237 43.484354421496391 318.85075820982456 354.70172512531281 73.850200816988945 800.68667630851269
leaf_count=2884 332 201 1459 1546 335 3482
internal_value=-0.000197488 0.000644428 0.000382866 0.00100785 5.25244e-05 -0.000335071
internal_weight=2316.47 1649.01 1591.57 1272.72 918.021 874.537
internal_count=10239 7355 7023 5564 4018 3817
cat_boundaries=0 1
cat_threshold=1
is_linear=0
shrinkage=0.013029


Tree=294
num_leaves=7
num_cat=0
split_feature=37 88 0 81 131 31
split_gain=16.8322 15.6276 14.4439 14.4238 12.4966 13.7511
threshold=0.12880036979913714 -0.013310567941516636 -0.01265602884814143 0.074245031923055663 0.38447640723620924 -0.27133983373641962
decision_type=2 2 2 2 10 2
left_child=1 -1 -2 -4 -3 -6
right_child=2 4 3 -5 5 -7
leaf_value=0.00041343375849322173 -0.0016552865697194788 0.0049575313838038319 0.0022128487616379739 -0.00099521105830240042 -0.0053176523395061194 0.0014419073179246567
leaf_weight=343.30710788071156 322.48420597240329 27.304237440228462 969.35027693212032 314.75627736747265 284.00289402902126 61.938979536294937
leaf_count=1490 1420 147 4304 1360 1272 276
internal_value=6.67437e-05 -0.00159294 0.000807354 0.00142638 -0.00343566 -0.00410692
internal_weight=2323.14 716.553 1606.59 1284.11 373.246 345.942
internal_count=10269 3185 7084 5664 1695 1548
is_linear=0
shrinkage=0.013029


Tree=295
num_leaves=7
num_cat=0
split_feature=118 135 44 16 0 82
split_gain=24.9072 17.7289 15.2172 16.073 15.8542 13.2707
threshold=1.0000000180025095e-35 6.5000000000000009 0.076312452554702773 -0.43269474804401392 0.0067019728012382993 -0.2274830564856529
decision_type=2 2 2 2 2 2
left_child=1 2 4 -4 -1 -5
right_child=-2 -3 3 5 -6 -7
leaf_value=-0.0049073274228911496 0.007740296406345229 0.0021291891503682422 0.0058384363607451644 -0.0030940441184501366 -0.00094261981789019005 0.00070328212576909344
leaf_weight=235.56088449805975 68.320423696190119 443.96618241071701 82.094817705452442 201.76799075305462 623.58737263083458 683.25717781484127
leaf_count=1055 381 1898 369 875 2758 3005
internal_value=3.04307e-05 -0.00020394 -0.000771732 0.000349234 -0.00203282 -0.000164221
internal_weight=2338.55 2270.23 1826.27 967.12 859.148 885.025
internal_count=10341 9960 8062 4249 3813 3880
is_linear=0
shrinkage=0.013029


Tree=296
num_leaves=7
num_cat=0
split_feature=63 39 121 132 92 128
split_gain=17.5644 18.4262 17.7306 18.0289 16.2367 14.9384
threshold=-0.032047249376773827 0.38897278904914862 65.833333333333357 9.5000000000000018 0.42417506873607641 19.773859953703706
decision_type=2 2 8 2 2 2
left_child=-1 2 3 -2 -4 -6
right_child=1 -3 4 -5 5 -7
leaf_value=-0.0022001073823675636 0.00087215643868188814 -0.004975567937949339 0.0026125216361223549 0.004894326870147148 -0.0021496192994219631 0.0068158588651290146
leaf_weight=522.08733359351754 627.02146733552217 97.460203271359205 201.8657618612051 270.46421302109957 567.23620975017548 32.72028723359108
leaf_count=2340 2748 429 884 1236 2477 140
internal_value=-9.81824e-05 0.000513203 0.000829949 0.00208718 -0.000577885 -0.00165317
internal_weight=2318.86 1796.77 1699.31 897.486 801.822 599.956
internal_count=10254 7914 7485 3984 3501 2617
is_linear=0
shrinkage=0.013029


Tree=297
num_leaves=7
num_cat=1
split_feature=138 122 59 67 73 4
split_gain=24.3797 19.2551 16.6188 19.2793 18.5694 15.449
threshold=0 60.600000000000001 -0.1532579958438873 -0.11491401493549346 0.11242065951228143 -0.10258653759956358
decision_type=9 8 2 2 2 2
left_child=5 -2 3 4 -3 -1
right_child=1 2 -4 -5 -6 -7
leaf_value=-0.0079364730758774045 0.0047728084587965215 -0.0051117884467691208 -0.0024963216961872586 0.0015669326748945463 0.004498161839801792 -0.0015363177786733833
leaf_weight=74.049148991703987 182.12279803678393 147.05868922173977 292.42960399389267 1147.1256779953837 43.784041598439217 450.19291009008884
leaf_count=351 940 625 1243 4885 183 2116
internal_value=4.19922e-05 0.000759211 0.000313644 0.000928797 -0.00289852 -0.00240407
internal_weight=2336.76 1812.52 1630.4 1337.97 190.843 524.242
internal_count=10343 7876 6936 5693 808 2467
cat_boundaries=0 1
cat_threshold=2191065094
is_linear=0
shrinkage=0.013029


Tree=298
num_leaves=7
num_cat=2
split_feature=138 81 1 138 1 133
split_gain=22.8813 17.4812 23.4134 18.3229 22.7853 19.4859
threshold=0 -0.01370922429487109 0.092228595167398467 1 0.1947148069739342 1.0000000180025095e-35
decision_type=9 2 2 9 2 2
left_child=-1 2 -2 4 -3 -5
right_child=1 3 -4 5 -6 -7
leaf_value=0.0099095574233174638 0.0028144732428574677 0.0019475664074650773 -0.00129639674625621 -0.0014494178906934048 -0.0053868294803633915 -0.0071027800805871476
leaf_weight=29.097735676914454 614.2298466488719 454.95477794110775 380.30893456935883 624.24190013110638 84.675755068659782 123.51033490151167
leaf_count=279 2675 1907 1675 2756 358 578
internal_value=0.000117059 -5.40326e-05 0.00124268 -0.00105633 0.000776746 -0.00235758
internal_weight=2311.02 2281.92 994.539 1287.38 539.631 747.752
internal_count=10228 9949 4350 5599 2265 3334
cat_boundaries=0 1 2
cat_threshold=16797696 811893192
is_linear=0
shrinkage=0.013029


Tree=299
num_leaves=7
num_cat=2
split_feature=138 1 37 91 58 138
split_gain=16.2929 18.2243 20.1554 17.9125 14.9015 14.6473
threshold=0 0.092228595167398467 0.13770855218172076 -0.10457119345664977 -0.03894397243857383 1
decision_type=9 2 2 2 2 9
left_child=-1 3 4 5 -3 -2
right_child=1 2 -4 -5 -6 -7
leaf_value=-0.0024889657593199152 0.00097001173255542063 -0.0049422245331165494 0.00080087497250178313 -0.00078267855775857888 0.00077059891278710886 0.0047708173822071055
leaf_weight=329.33642572164536 361.04885295778513 245.07204904407263 568.94171704724431 317.26866551488638 112.9570192322135 354.07714649289846
leaf_count=1486 1556 1087 2496 1393 498 1611
internal_value=0.000146241 0.000599556 -0.000723202 0.00179272 -0.00314189 0.00293495
internal_weight=2288.7 1959.37 926.971 1032.39 358.029 715.126
internal_count=10127 8641 4081 4560 1585 3167
cat_boundaries=0 1 2
cat_threshold=9961527 604342280
is_linear=0
shrinkage=0.013029


Tree=300
num_leaves=7
num_cat=2
split_feature=138 133 138 98 47 27
split_gain=16.771 15.7893 19.1773 15.5665 14.9801 12.5723
threshold=0 1.0000000180025095e-35 1 -0.042366599664092057 0.20403617620468142 -0.29596008360385889
decision_type=9 2 9 2 2 2
left_child=-1 3 -3 5 -5 -2
right_child=1 2 -4 4 -6 -7
leaf_value=0.0083976684953481571 -0.0056493866350040703 0.00027973171593328973 -0.0049824327689587857 0.0030067201288469635 -0.0049519686239270942 -9.8351402034261806e-05
leaf_weight=28.314224544912577 72.617409691214561 241.51069762557745 223.87281399965286 451.1544244736433 43.422291591763496 1249.1200597286224
leaf_count=275 308 1034 1033 1990 192 5393
internal_value=-7.25398e-05 -0.000216078 -0.00235627 0.000331808 0.00230187 -0.000406203
internal_weight=2310.01 2281.7 465.384 1816.31 494.577 1321.74
internal_count=10225 9950 2067 7883 2182 5701
cat_boundaries=0 1 2
cat_threshold=16797696 1484005665
is_linear=0
shrinkage=0.013029


Tree=301
num_leaves=7
num_cat=1
split_feature=135 123 137 135 59 45
split_gain=25.5371 20.5752 20.0792 14.8402 16.4236 13.3206
threshold=1.7500000000000002 105.50000000000001 0 7.5000000000000009 -0.19101449102163312 -0.0522266998887062
decision_type=2 2 9 2 2 2
left_child=-1 2 5 4 -3 -2
right_child=1 3 -4 -5 -6 -7
leaf_value=-0.0029817544185598288 0.00022088043372817868 0.0035266555971847934 -0.0032934990879952952 0.006668146144318229 -0.0021382261315300668 0.00501953453733886
leaf_weight=371.60124960541725 1052.6895341575146 261.84750910103321 256.78558413684368 134.35116463899612 129.26489141583443 107.59983311593533
leaf_count=1709 4693 1122 1115 587 554 467
internal_value=0.000144222 0.000743083 -7.38154e-05 0.00294322 0.0016539 0.000662976
internal_weight=2314.14 1942.54 1417.07 525.464 391.112 1160.29
internal_count=10247 8538 6275 2263 1676 5160
cat_boundaries=0 1
cat_threshold=52
is_linear=0
shrinkage=0.013029


Tree=302
num_leaves=7
num_cat=1
split_feature=135 138 122 123 122 16
split_gain=22.3068 18.1839 20.8524 19.1285 16.4268 14.0957
threshold=4.5000000000000009 0 1479.67975 109.50000000000001 1.0000000180025095e-35 -0.30327427387237543
decision_type=2 9 8 2 8 2
left_child=4 3 -3 -2 -1 -5
right_child=1 2 -4 5 -6 -7
leaf_value=0.0080919046976607473 -0.0022398100045642839 0.0055123624546366493 2.8676283826672839e-05 -0.0016627417816476309 -0.001293161652060261 0.0064994505973294684
leaf_weight=31.716226756572723 307.54606285691261 290.83949349820614 197.44080715626478 57.500471755862236 1352.9411861300468 93.911459192633629
leaf_count=237 1309 1333 883 238 5934 387
internal_value=-2.03695e-05 0.00151968 0.00323215 -0.000366714 -0.00107415 0.00340648
internal_weight=2331.9 947.238 488.28 458.958 1384.66 151.412
internal_count=10321 4150 2216 1934 6171 625
cat_boundaries=0 1
cat_threshold=2561146881
is_linear=0
shrinkage=0.013029


Tree=303
num_leaves=7
num_cat=2
split_feature=135 138 98 53 65 138
split_gain=25.5817 17.1477 24.5979 17.6948 17.8533 16.1396
threshold=4.5000000000000009 0 -0.046370252966880791 0.029515747912228111 0.022886333987116817 1
decision_type=2 9 2 2 2 9
left_child=1 2 -1 -3 -5 -2
right_child=5 3 -4 4 -6 -7
leaf_value=-0.0036057500564071997 -0.0015476240977716639 -0.0021816150042147831 0.00050459443657491069 0.0023252702150199328 0.013619372807690797 0.0024626179222766364
leaf_weight=659.81064096093178 217.36622695624828 130.11730960384011 394.67043816298246 150.07257279753685 27.626020226627588 711.2832732014358
leaf_count=2920 934 579 1711 694 167 3140
internal_value=-0.000133538 -0.00127002 -0.00204862 0.00141629 0.00412839 0.00153333
internal_weight=2290.95 1362.3 1054.48 307.816 177.699 928.65
internal_count=10145 6071 4631 1440 861 4074
cat_boundaries=0 1 2
cat_threshold=3838871846 2290098176
is_linear=0
shrinkage=0.013029


Tree=304
num_leaves=7
num_cat=2
split_feature=135 133 90 128 138 138
split_gain=24.9599 25.2635 18.9563 17.7422 17.7295 16.6199
threshold=2.5850000000000004 1.0000000180025095e-35 0.13164141774177554 11.917239583333336 0 1
decision_type=2 2 2 2 9 9
left_child=2 5 4 -3 -1 -2
right_child=1 3 -4 -5 -6 -7
leaf_value=0.0037128649206918359 0.00060527352337145775 -0.0035982412271600614 0.0014165655538051845 0.0068435201467725226 -0.0039547027686211884 0.0040273070266701972
leaf_weight=50.266045916825533 900.68786300718784 283.77454468980432 190.69575525075197 29.936967462301254 540.68545760214329 324.57034778594971
leaf_count=244 3885 1294 849 131 2406 1476
internal_value=-0.000256341 0.000706652 -0.00215128 -0.00258858 -0.00330291 0.00155137
internal_weight=2320.62 1538.97 781.647 313.712 590.952 1225.26
internal_count=10285 6786 3499 1425 2650 5361
cat_boundaries=0 1 2
cat_threshold=539247152 950831126
is_linear=0
shrinkage=0.013029


Tree=305
num_leaves=7
num_cat=1
split_feature=123 138 15 133 54 15
split_gain=21.1436 24.0588 15.2929 15.0177 18.2939 13.1741
threshold=142.50000000000003 0 -0.0034669821616262193 1.0000000180025095e-35 0.30626359581947332 -0.017651027999818322
decision_type=2 9 2 2 2 2
left_child=1 3 -3 4 -1 -2
right_child=5 2 -4 -5 -6 -7
leaf_value=-0.00013062859509786176 0.0052289436252517885 0.0025145359132206137 -0.0016622319517368268 -0.0046048823181831632 -0.005241637766384955 -0.00037031844510887067
leaf_weight=875.35238248854876 204.53199131041765 581.31832349672914 199.36824893951416 216.01757210493088 136.86083354055882 109.19122533500195
leaf_count=3867 887 2588 861 1006 611 467
internal_value=0.000141998 -0.000349614 0.00142906 -0.00147993 -0.000824879 0.00328369
internal_weight=2322.64 2008.92 780.687 1228.23 1012.21 313.723
internal_count=10287 8933 3449 5484 4478 1354
cat_boundaries=0 1
cat_threshold=2526817413
is_linear=0
shrinkage=0.013029


Tree=306
num_leaves=7
num_cat=1
split_feature=128 110 133 128 138 39
split_gain=21.5483 21.8135 22.191 29.8646 21.6158 21.2481
threshold=20.739218750000003 1.0000000180025095e-35 1.0000000180025095e-35 0.85070601851851857 0 0.39452655613422399
decision_type=2 2 2 2 9 2
left_child=1 -1 3 5 -4 -3
right_child=-2 2 4 -5 -6 -7
leaf_value=0.0071635180216391816 0.0064570903680750205 0.0020172220780445469 0.00034764863518257639 -0.0018650197395326206 -0.0055150059486308517 -0.0071462787913757278
leaf_weight=63.394591853022575 81.719222381711006 941.68091505765915 185.18449360877275 737.04281530529261 253.61728141456842 44.319838419556618
leaf_count=363 352 4080 859 3235 1153 193
internal_value=-8.44588e-05 -0.000326675 -0.000548602 0.000117932 -0.00316184 0.00160048
internal_weight=2306.96 2225.24 2161.85 1723.04 438.802 986.001
internal_count=10235 9883 9520 7508 2012 4273
cat_boundaries=0 1
cat_threshold=2051031296
is_linear=0
shrinkage=0.013029


Tree=307
num_leaves=7
num_cat=0
split_feature=110 62 21 69 51 26
split_gain=16.6305 14.5398 13.3463 12.5704 12.4121 13.3307
threshold=1.0000000180025095e-35 -0.27393382787704462 -0.28977118432521815 0.096065476536750807 0.07539477571845056 -0.13569232076406476
decision_type=2 2 2 2 2 2
left_child=-1 -2 4 -4 -3 -6
right_child=1 2 3 -5 5 -7
leaf_value=0.0061476304408333146 0.0012086604231617091 -0.0048844825135019353 0.00025470223348059048 -0.0039526306764800278 -0.003758303375736119 0.0028804142968778695
leaf_weight=68.294061578810215 702.18351731076837 248.24688675999641 960.03553515672684 137.13498984277248 105.43475437909365 98.762485079467297
leaf_count=384 3072 1087 4239 619 451 427
internal_value=-0.00015288 -0.000345846 -0.00105048 -0.00027339 -0.00293152 -0.000548553
internal_weight=2320.09 2251.8 1549.61 1097.17 452.444 204.197
internal_count=10279 9895 6823 4858 1965 878
is_linear=0
shrinkage=0.013029


Tree=308
num_leaves=7
num_cat=0
split_feature=133 134 110 65 3 132
split_gain=18.9462 29.141 23.0246 19.0024 16.038 13.3469
threshold=1.0000000180025095e-35 1.0000000180025095e-35 1.0000000180025095e-35 -0.17950727790594098 0.36808405816555029 30.500000000000004
decision_type=2 2 2 2 2 2
left_child=1 2 -1 -4 5 -3
right_child=-2 4 3 -5 -6 -7
leaf_value=0.012779862099406127 -0.0022344373644705095 -0.00089346237331320948 -0.004719687388378125 0.0023226851497369274 -0.0059202367598992318 0.006315717526636404
leaf_weight=32.92267744988203 483.11120765656233 695.59279338270426 69.532854743301868 886.16592499613762 102.70052785426378 45.798238232731819
leaf_count=201 2218 3058 302 3840 453 196
internal_value=5.8953e-05 0.000664133 0.00218151 0.00180718 -0.0011134 -0.000442503
internal_weight=2315.82 1832.71 988.621 955.699 844.092 741.391
internal_count=10268 8050 4343 4142 3707 3254
is_linear=0
shrinkage=0.013029


Tree=309
num_leaves=7
num_cat=2
split_feature=16 135 138 138 3 30
split_gain=18.8387 19.2544 20.512 17.3736 15.3242 13.5677
threshold=-0.46754619479179377 4.5000000000000009 0 1 0.36808405816555029 0.2886109203100205
decision_type=2 2 9 9 2 2
left_child=-1 3 -3 -2 -5 -4
right_child=1 2 5 4 -6 -7
leaf_value=0.005590961281060125 0.0036529723872543562 -0.00083891689548535784 0.0037721748250567656 -0.0013039327899075051 -0.00577950858382949 -0.0049178469760090262
leaf_weight=91.889651097357273 97.441294692456722 471.28169791400433 403.38640396296978 1075.8647332340479 147.12815225124359 32.38503223657608
leaf_count=413 508 1995 1841 4732 654 141
internal_value=-0.000167323 -0.000406575 0.00105447 -0.00141025 -0.00183044 0.00304954
internal_weight=2319.38 2227.49 907.053 1320.43 1222.99 435.771
internal_count=10284 9871 3977 5894 5386 1982
cat_boundaries=0 1 2
cat_threshold=2562195594 151277643
is_linear=0
shrinkage=0.013029


Tree=310
num_leaves=7
num_cat=0
split_feature=118 39 127 39 126 89
split_gain=14.2015 14.3755 16.168 26.1066 22.0074 21.4418
threshold=1.0000000180025095e-35 0.38897278904914862 13.999913194444447 0.15142057090997699 0.1012820512820513 0.20840182155370715
decision_type=2 2 2 2 8 2
left_child=1 2 3 -1 5 -4
right_child=-2 -3 4 -5 -6 -7
leaf_value=-0.0014059533257758856 0.0061491549161545355 -0.0044963865389752505 -0.0046102662762377046 0.0027750225898944296 0.0077919822810448118 -0.00018387774047712023
leaf_weight=383.25210124999285 65.945017583668232 111.6235970184207 250.26668034493923 746.20218211039901 46.340922296047211 715.30429052188993
leaf_count=1684 377 494 1080 3331 198 3125
internal_value=0.000222249 4.68836e-05 0.000285126 0.00135632 -0.000910611 -0.0013337
internal_weight=2318.93 2252.99 2141.37 1129.45 1011.91 965.571
internal_count=10289 9912 9418 5015 4403 4205
is_linear=0
shrinkage=0.013029


Tree=311
num_leaves=7
num_cat=0
split_feature=133 128 128 121 47 128
split_gain=14.8422 24.9894 21.9392 20.6742 18.6381 18.0855
threshold=1.0000000180025095e-35 1.0383217592592595 10.900700231481483 37.416666666666679 0.16300138086080554 17.054322916666671
decision_type=2 2 2 8 2 2
left_child=1 4 -2 -3 -1 -5
right_child=2 3 -4 5 -6 -7
leaf_value=0.0026256486200699988 -0.0031957743320484566 0.0023775347420228309 0.0047086680235112997 -0.0034250214403647563 -0.0020821242517047051 0.002705639869956812
leaf_weight=878.56522324681282 406.22477681562304 204.05725120007992 69.191136308014393 497.87703430652618 169.87220760434866 97.136419340968132
leaf_count=3875 1881 924 304 2174 731 422
internal_value=1.12214e-05 0.000539657 -0.00204006 -0.00119544 0.00186198 -0.00242215
internal_weight=2322.92 1847.51 475.416 799.071 1048.44 595.013
internal_count=10311 8126 2185 3520 4606 2596
is_linear=0
shrinkage=0.013029


Tree=312
num_leaves=7
num_cat=1
split_feature=135 138 125 125 123 82
split_gain=24.8805 19.7771 21.8201 20.279 15.0884 13.4012
threshold=6.5000000000000009 0 0.090000000000000011 0.77525252525252542 4.5000000000000009 -0.198749303817749
decision_type=2 9 10 8 2 2
left_child=1 3 -3 -1 -4 -6
right_child=-2 2 4 -5 5 -7
leaf_value=0.0012561941091813731 0.0029780570426086619 -0.0080548390394467508 0.0052295975594343416 0.011294680186920106 -0.0031530636107424876 -0.0002558954140139914
leaf_weight=329.98091313242912 449.10955341160297 72.205412268638611 67.584693804383278 37.431949727237225 371.98581153154373 994.08885078132153
leaf_count=1391 1958 338 295 298 1673 4340
internal_value=0.000226398 -0.000434179 -0.00109449 0.00223796 -0.000747745 -0.00104603
internal_weight=2322.39 1873.28 1505.86 367.413 1433.66 1366.07
internal_count=10293 8335 6646 1689 6308 6013
cat_boundaries=0 1
cat_threshold=1094734737
is_linear=0
shrinkage=0.013029


Tree=313
num_leaves=7
num_cat=0
split_feature=133 128 128 128 47 88
split_gain=21.2132 31.1114 29.3211 19.936 17.533 16.925
threshold=1.0000000180025095e-35 0.72324652777777787 8.8946875000000016 6.555503472222223 0.16300138086080554 -0.017916355282068249
decision_type=2 2 2 2 2 2
left_child=1 4 -2 -3 -1 -4
right_child=2 3 5 -5 -6 -7
leaf_value=0.0028930316623592832 -0.0040296990679720025 -0.0036360812609411292 0.0091841757966604695 0.00044960471270741092 -0.0017739629678628463 -0.0020541237161505544
leaf_weight=840.83257576078176 390.40799513459206 349.61584480106831 50.095749728381634 480.89775666594505 162.63945270329714 40.798894256353378
leaf_count=3714 1809 1548 217 2114 700 182
internal_value=-4.6282e-05 0.000592769 -0.00247864 -0.00127196 0.0021359 0.00416297
internal_weight=2315.29 1833.99 481.303 830.514 1003.47 90.8946
internal_count=10284 8076 2208 3662 4414 399
is_linear=0
shrinkage=0.013029


Tree=314
num_leaves=7
num_cat=1
split_feature=135 110 135 92 138 69
split_gain=19.5572 17.5938 14.6129 18.3351 16.851 17.4035
threshold=1.7500000000000002 1.0000000180025095e-35 9.5000000000000018 0.57790917158126842 0 0.10075197741389276
decision_type=2 2 2 2 9 2
left_child=-1 -2 4 -4 -3 -6
right_child=1 2 3 -5 5 -7
leaf_value=-0.0026471413707405442 0.0078930330465475252 -0.0010245049124694254 0.0058716340574986297 -0.0051570433452274161 0.0026009502609894556 -0.0027766707982302421
leaf_weight=366.36850894242525 54.355735909193754 1005.2289411574602 147.02923019230366 30.373448461294174 563.34161582589149 124.14036940038204
leaf_count=1695 323 4377 641 125 2483 525
internal_value=0.000108953 0.000634425 0.000420531 0.00397035 4.69855e-05 0.00160472
internal_weight=2290.84 1924.47 1870.11 177.403 1692.71 687.482
internal_count=10169 8474 8151 766 7385 3008
cat_boundaries=0 1
cat_threshold=2695407646
is_linear=0
shrinkage=0.013029


Tree=315
num_leaves=7
num_cat=0
split_feature=63 121 132 132 52 59
split_gain=14.0867 16.4234 15.653 13.7389 15.4619 11.8111
threshold=-0.02366659045219421 38.166666666666679 5.5000000000000009 1.5000000000000002 -0.037505149841308587 -0.23331087827682492
decision_type=2 8 2 2 2 2
left_child=-1 -2 3 5 -5 -3
right_child=1 2 -4 4 -6 -7
leaf_value=-0.0017024374248886384 0.0024188801055902505 -0.0021095875100430213 0.000688017822785351 -0.0078625316197057926 -0.0012897206458057592 0.0072811211851323875
leaf_weight=605.8333197645843 568.17025600373745 57.189110606908798 823.4838897511363 110.10275448858738 135.24509924650192 36.780640140175819
leaf_count=2724 2587 242 3597 474 596 158
internal_value=6.3001e-06 0.000604805 -0.000282528 -0.00263444 -0.00425354 0.0015931
internal_weight=2336.81 1730.97 1162.8 339.318 245.348 93.9698
internal_count=10378 7654 5067 1470 1070 400
is_linear=0
shrinkage=0.013029


Tree=316
num_leaves=7
num_cat=0
split_feature=118 134 74 47 77 45
split_gain=16.9826 14.6714 12.0201 12.5192 11.6668 11.4524
threshold=1.0000000180025095e-35 1.0000000180025095e-35 0.31976148486137396 0.15927919000387195 0.28895279765129095 -0.30979514122009272
decision_type=2 2 2 2 2 2
left_child=2 -2 3 -1 -4 -6
right_child=1 -3 4 -5 5 -7
leaf_value=-0.00070364880612395478 0.011020544910906909 -0.0019660235522940355 -0.0020041436535286027 -0.0062780968461287334 -0.0024917460921824435 0.0010431860367832611
leaf_weight=204.42076328024268 42.219280797988176 22.220809660851955 336.41260226070881 102.22444707900286 173.7713688313961 1437.6378358118236
leaf_count=906 261 112 1474 451 789 6309
internal_value=1.18583e-05 0.00656981 -0.000177601 -0.00257219 0.000200179 0.000661055
internal_weight=2318.91 64.4401 2254.47 306.645 1947.82 1611.41
internal_count=10302 373 9929 1357 8572 7098
is_linear=0
shrinkage=0.013029


Tree=317
num_leaves=7
num_cat=2
split_feature=138 138 135 56 19 133
split_gain=21.1372 18.7274 17.4487 13.4838 12.891 12.3294
threshold=0 1 7.5000000000000009 -0.20973326265811917 0.45102204382419592 1.0000000180025095e-35
decision_type=9 9 2 2 2 2
left_child=5 -2 4 -4 -3 -1
right_child=1 2 3 -5 -6 -7
leaf_value=-0.0016757511034438683 0.0087334202416126262 0.00073162502576003838 0.0073881711811629586 0.0014085815781701375 -0.0017317916791003713 -0.0073037319291453769
leaf_weight=424.93441379070282 34.893977779895067 830.92110883444548 85.921847030520439 247.08311589062214 636.01010538637638 77.715678438544273
leaf_count=1960 311 3530 375 1086 2702 414
internal_value=-0.000168047 0.000483954 0.000273311 0.00296389 -0.000336748 -0.00250522
internal_weight=2337.48 1834.83 1799.94 333.005 1466.93 502.65
internal_count=10378 8004 7693 1461 6232 2374
cat_boundaries=0 1 2
cat_threshold=2190541829 17059840
is_linear=0
shrinkage=0.013029


Tree=318
num_leaves=7
num_cat=0
split_feature=128 133 128 125 5 47
split_gain=21.0761 21.301 20.8018 18.8849 26.1428 19.276
threshold=20.739218750000003 1.0000000180025095e-35 0.85070601851851857 0.25500000000000006 0.049970699474215514 0.16111331433057788
decision_type=2 2 2 10 2 2
left_child=1 2 3 4 -1 -5
right_child=-2 -3 -4 5 -6 -7
leaf_value=-0.0031809575259588705 0.0065562771716314019 -0.002691837762443357 -0.0011781693371861334 0.0037405919499866888 0.0064244108353745241 -0.0020009811906520304
leaf_weight=226.21830490976572 80.777449794113636 457.86737236753106 753.14801818877459 605.48049968108535 60.342891074717045 118.22712606936693
leaf_count=994 349 2118 3326 2684 265 502
internal_value=4.84516e-05 -0.000190229 0.000460132 0.00168144 -0.00114741 0.00280159
internal_weight=2302.06 2221.28 1763.42 1010.27 286.561 723.708
internal_count=10238 9889 7771 4445 1259 3186
is_linear=0
shrinkage=0.013029


Tree=319
num_leaves=7
num_cat=0
split_feature=135 47 122 16 135 130
split_gain=21.9836 16.7711 16.7512 15.6073 13.541 11.9276
threshold=7.5000000000000009 0.14774659276008609 1.0000000180025095e-35 -0.4919102936983108 1.4500000000000002 22.250000000000004
decision_type=2 2 8 2 2 2
left_child=2 -2 -1 -4 -5 -6
right_child=1 -3 3 4 5 -7
leaf_value=0.0078763887307822036 0.0038172681293191166 -0.0024851125102799167 0.0063312792552960963 -0.0033524306676904272 0.0031140612732796901 -0.00088518345667725872
leaf_weight=37.379492249339819 354.76949052512646 89.249372407793999 49.214934319257736 349.22356677055359 139.72417895495892 1285.070542126894
leaf_count=305 1564 379 220 1602 601 5565
internal_value=-5.39825e-05 0.00254852 -0.000675783 -0.000854119 -0.00105591 -0.000491635
internal_weight=2304.63 444.019 1860.61 1823.23 1774.02 1424.79
internal_count=10236 1943 8293 7988 7768 6166
is_linear=0
shrinkage=0.013029


Tree=320
num_leaves=7
num_cat=2
split_feature=135 128 138 138 0 69
split_gain=23.6707 18.6879 18.0284 16.6423 15.9025 16.0741
threshold=1.7500000000000002 12.769623842592596 0 1 -0.060600569471716874 0.098836015909910216
decision_type=2 2 9 9 2 2
left_child=3 2 4 -1 -2 -6
right_child=1 -3 -4 -5 5 -7
leaf_value=-0.0047593921182404577 -0.0061756796140586918 0.0044675744443845233 0.0019126476973507958 0.0012786885458968618 0.00014113572819776234 -0.0045983492589638016
leaf_weight=267.68613557517529 88.337692365050316 177.38950312137604 576.27946631982923 107.05153122544289 969.89321963489056 138.15037825703621
leaf_count=1252 391 777 2581 484 4249 614
internal_value=-0.000132237 0.000444391 4.01632e-05 -0.00312804 -0.000871086 -0.000452351
internal_weight=2324.79 1950.05 1772.66 374.738 1196.38 1108.04
internal_count=10348 8612 7835 1736 5254 4863
cat_boundaries=0 1 2
cat_threshold=2964334645 2258144002
is_linear=0
shrinkage=0.013029


Tree=321
num_leaves=7
num_cat=0
split_feature=89 121 123 123 128 22
split_gain=14.157 16.6729 17.5046 15.1781 13.4954 19.7839
threshold=0.29247094690799719 38.166666666666679 105.50000000000001 11.500000000000002 1.0383217592592595 -0.0050432833377271882
decision_type=2 8 2 2 2 2
left_child=1 -1 3 -3 5 -4
right_child=-2 2 4 -5 -6 -7
leaf_value=0.0013788761663038965 0.0016815170668032875 0.00083031379713441648 -0.0066700041483573821 -0.0036819911043023761 -0.0014576203761043633 0.0053778803178825404
leaf_weight=527.19311387464404 713.80620818585157 164.18676175922155 26.825102351605892 547.88955073803663 201.22379878163338 146.49241334199905
leaf_count=2366 3251 714 118 2407 862 641
internal_value=0.000154615 -0.000521194 -0.00144335 -0.00264178 0.000835791 0.00349355
internal_weight=2327.62 1613.81 1086.62 712.076 374.541 173.318
internal_count=10359 7108 4742 3121 1621 759
is_linear=0
shrinkage=0.013029


Tree=322
num_leaves=7
num_cat=1
split_feature=138 36 54 17 74 21
split_gain=15.0875 25.7356 14.138 16.8951 15.3229 12.743
threshold=0 0.16003736853599551 0.20902254432439807 -0.0075836968608200541 0.34631682932376867 -0.26815041899681086
decision_type=9 2 2 2 2 2
left_child=1 -1 -2 4 -4 -6
right_child=2 -3 3 -5 5 -7
leaf_value=-0.0013818065577401643 0.0014367628749520891 -0.013363185481630886 -0.0043844727310255044 0.0064874257370546601 -0.0021238549287891386 0.0015506376972495193
leaf_weight=296.14803063869476 1076.3954721428454 33.240113794803619 198.18243967741728 50.443184662610292 312.36026819422841 327.43579915910959
leaf_count=1327 4801 154 877 236 1362 1448
internal_value=-5.49659e-06 -0.00254013 0.000430913 -0.000783084 -0.00122587 -0.000243684
internal_weight=2294.21 329.388 1964.82 888.422 837.979 639.796
internal_count=10205 1481 8724 3923 3687 2810
cat_boundaries=0 1
cat_threshold=144179220
is_linear=0
shrinkage=0.013029


Tree=323
num_leaves=7
num_cat=0
split_feature=135 98 47 32 0 32
split_gain=19.8734 17.1974 13.2589 13.0515 12.0309 11.8926
threshold=7.5000000000000009 -0.044268244877457612 0.14606561511754992 -0.055643321946263306 1.0000000180025095e-35 0.16431578248739245
decision_type=2 2 2 2 2 2
left_child=1 3 4 -1 -2 -3
right_child=2 5 -4 -5 -6 -7
leaf_value=0.00014659719893745182 -0.00047418827002843918 0.0019211983494493521 -0.0019067671716788933 -0.0024614637569692686 0.0050532305857238355 -0.0055932069546127203
leaf_weight=562.5312492698431 89.532115809619427 503.01647558808327 91.595547839999199 772.77197428792715 261.77331631630659 37.801286235451698
leaf_count=2480 393 2243 388 3485 1156 168
internal_value=1.66473e-05 -0.000569565 0.00249676 -0.00136326 0.00364642 0.00138931
internal_weight=2319.02 1876.12 442.901 1335.3 351.305 540.818
internal_count=10313 8376 1937 5965 1549 2411
is_linear=0
shrinkage=0.013029


Tree=324
num_leaves=7
num_cat=0
split_feature=62 84 21 123 42 105
split_gain=18.9374 14.011 15.4741 14.1929 13.6965 12.1424
threshold=-0.27393382787704462 0.10319868847727777 -0.27152067422866816 158.50000000000003 -0.323391243815422 0.29705000000000004
decision_type=2 2 2 2 2 2
left_child=-1 4 -3 -4 -2 -6
right_child=1 2 3 -5 5 -7
leaf_value=0.001691321940679083 0.0049957431449580139 -0.0021323117005057827 0.00020156542630548043 0.0059857817609462625 -0.0065367672128612709 0.00086940913556196088
leaf_weight=719.48341307789087 26.407140783965588 506.2547022216022 752.49598739668727 78.928289905190468 164.52462619170547 48.440648332238197
leaf_count=3195 124 2226 3368 353 740 215
internal_value=-5.93334e-05 -0.000858421 -0.000338082 0.000755314 -0.00375661 -0.00485489
internal_weight=2296.53 1577.05 1337.68 831.424 239.372 212.965
internal_count=10221 7026 5947 3721 1079 955
is_linear=0
shrinkage=0.013029


Tree=325
num_leaves=7
num_cat=1
split_feature=135 138 131 10 110 45
split_gain=20.9552 20.6049 19.1734 16.054 13.5494 13.546
threshold=7.5000000000000009 0 1.8460303741202619 -0.25318244099616999 1.0000000180025095e-35 -0.32047958672046656
decision_type=2 9 8 2 2 2
left_child=1 2 3 -1 -3 -6
right_child=-2 4 -4 -5 5 -7
leaf_value=-0.0051763315612992434 0.0023821324193907941 0.0057001494970816075 0.0044237775688602812 0.0022047907141525963 -0.0057920688097850949 -0.0013297123534961905
leaf_weight=90.530847974121571 442.44834792613983 42.202981792390347 220.94746293500066 110.0964892655611 126.38325856626034 1275.8458409905434
leaf_count=382 1933 222 1081 475 570 5608
internal_value=-0.00016488 -0.000769478 0.00174092 -0.00113238 -0.0015043 -0.00173464
internal_weight=2308.46 1866.01 421.575 200.627 1444.43 1402.23
internal_count=10271 8338 1938 857 6400 6178
cat_boundaries=0 1
cat_threshold=156258601
is_linear=0
shrinkage=0.013029


Tree=326
num_leaves=7
num_cat=1
split_feature=135 138 128 36 43 21
split_gain=21.3764 18.5556 17.2048 19.8491 15.8186 14.906
threshold=7.5000000000000009 0 8.9786168981481485 0.046661501750350005 -0.12325255945324896 -0.30082128942012781
decision_type=2 9 2 2 2 2
left_child=1 2 3 4 -1 -3
right_child=-2 5 -4 -5 -6 -7
leaf_value=0.0011038871680022272 0.0027589349052180015 -0.0032220268649079758 0.0084530302972668555 -0.0021327366042169413 0.0091956463030034574 -0.0002959530050299277
leaf_weight=115.33265917375684 440.72516205534339 413.56353941559792 59.482438683509827 179.54516863822937 63.129688922315836 1031.7200036346912
leaf_count=523 1935 1807 265 790 338 4608
internal_value=0.000181004 -0.000429745 0.0019606 0.000921937 0.00399141 -0.00112662
internal_weight=2303.5 1862.77 417.49 358.008 178.462 1445.28
internal_count=10266 8331 1916 1651 861 6415
cat_boundaries=0 1
cat_threshold=155210657
is_linear=0
shrinkage=0.013029


Tree=327
num_leaves=7
num_cat=0
split_feature=135 54 98 81 76 73
split_gain=18.885 18.3858 14.545 11.5771 11.3141 12.9995
threshold=3.3350000000000004 0.30336260795593267 -0.053110115230083459 0.032128430902957923 -0.051552895456552499 0.098196264356374754
decision_type=2 2 2 2 2 2
left_child=2 -2 4 -4 -1 -6
right_child=1 -3 3 -5 5 -7
leaf_value=-0.0048055429413196059 0.0019034323356926547 -0.0028981479076264686 0.0026059871002498459 -0.0019915901627196413 -0.0024015372134021376 0.001954994950646406
leaf_weight=206.07523286342621 919.64177672192454 158.06991785019636 246.01052832975984 148.5533669218421 447.29129815101624 156.4203501753509
leaf_count=945 4078 672 1092 659 2030 696
internal_value=-5.4795e-05 0.00119773 -0.00117566 0.00087453 -0.00217449 -0.0012718
internal_weight=2282.06 1077.71 1204.35 394.564 809.787 603.712
internal_count=10172 4750 5422 1751 3671 2726
is_linear=0
shrinkage=0.013029


Tree=328
num_leaves=7
num_cat=0
split_feature=10 127 99 135 15 128
split_gain=19.1317 17.9108 16.9611 16.2725 15.9033 17.0032
threshold=-0.25631572306156153 17.003865740740746 -0.45703516900539393 4.5000000000000009 -0.095629259943962083 6.9368055555555559
decision_type=2 2 2 2 2 2
left_child=3 4 -3 -1 -2 -6
right_child=1 2 -4 -5 5 -7
leaf_value=-0.0032220730480279915 0.0045815196387158016 0.00086989904602092821 -0.0034578537844920294 0.00055128651103298373 -0.00025127228221246561 0.005856468882647365
leaf_weight=472.46350551769137 284.61309272423387 397.66507652401924 249.67716910690069 328.52558869495988 455.1386258341372 92.497069627046585
leaf_count=2157 1285 1762 1074 1437 2025 413
internal_value=-5.4273e-05 0.000823674 -0.000801259 -0.00167531 0.00208719 0.000786596
internal_weight=2280.58 1479.59 647.342 800.989 832.249 547.636
internal_count=10153 6559 2836 3594 3723 2438
is_linear=0
shrinkage=0.013029


Tree=329
num_leaves=7
num_cat=0
split_feature=110 121 60 98 94 13
split_gain=17.2643 17.1879 15.3157 14.991 17.7592 14.5232
threshold=1.0000000180025095e-35 36.833333333333336 -0.049645999446511262 -0.13183908164501187 0.30472515523433691 0.17370560765266421
decision_type=2 8 2 2 2 2
left_child=-1 -2 -3 -4 -5 -6
right_child=1 2 3 4 5 -7
leaf_value=0.0066277413121390962 0.0015590779506022365 -0.0047424461857808803 -0.0023843799957107901 -0.00089543360109181961 0.004863082841499577 -0.00065454680886169615
leaf_weight=64.252384506165981 672.79542491585016 159.68480859696865 474.80286407470703 605.67978693544865 216.20385630428791 128.97946159541607
leaf_count=377 3073 720 2066 2622 933 557
internal_value=5.65563e-06 -0.000184793 -0.000925229 -0.000495523 0.000448734 0.00280429
internal_weight=2322.4 2258.15 1585.35 1425.67 950.863 345.183
internal_count=10348 9971 6898 6178 4112 1490
is_linear=0
shrinkage=0.013029


Tree=330
num_leaves=7
num_cat=1
split_feature=138 133 98 65 127 101
split_gain=18.7568 21.8489 15.3137 16.1719 15.9246 18.2263
threshold=0 1.0000000180025095e-35 -0.042366599664092057 -0.1718548312783241 6.9997974537037049 44.500000000000007
decision_type=9 2 2 2 2 2
left_child=-1 2 4 -4 -2 -6
right_child=1 -3 3 -5 5 -7
leaf_value=0.0042032636673812575 0.0080934142940350135 -0.0031248824935805088 -0.0045622213028855821 0.0029883265861426929 -0.0023838328169518662 0.000816674970219643
leaf_weight=145.13874560967088 34.12668551504612 424.48931965231895 53.605347871780396 428.16514437645674 626.13321809470654 582.42827738821507
leaf_count=789 151 1912 236 1906 2745 2492
internal_value=-0.000163808 -0.000477382 0.000172573 0.00214271 -0.000592007 -0.000841875
internal_weight=2294.09 2148.95 1724.46 481.77 1242.69 1208.56
internal_count=10231 9442 7530 2142 5388 5237
cat_boundaries=0 1
cat_threshold=1090802408
is_linear=0
shrinkage=0.013029


Tree=331
num_leaves=7
num_cat=1
split_feature=128 138 128 131 74 128
split_gain=19.6807 17.7351 26.4501 20.5341 15.0935 18.3333
threshold=27.019583333333337 0 10.80039351851852 7.7589062500000008 0.31976148486137396 1.0383217592592595
decision_type=2 9 2 8 2 2
left_child=1 4 3 -3 -1 -6
right_child=-2 2 -4 -5 5 -7
leaf_value=-0.0039555509165465413 0.0099653162842406624 -0.00031596892646477845 0.0098396775544004472 0.00743961223080606 0.00076380493628723316 -0.0021877993626221695
leaf_weight=239.30448155850172 31.620745107531548 415.46645777672529 60.793127834796906 66.625503305345774 880.431182064116 600.13621427118778
leaf_count=1069 137 1769 269 441 3881 2653
internal_value=-0.000128131 -0.000272267 0.00176056 0.000765235 -0.000919289 -0.00043308
internal_weight=2294.38 2262.76 542.885 482.092 1719.87 1480.57
internal_count=10219 10082 2479 2210 7603 6534
cat_boundaries=0 1
cat_threshold=4271483140
is_linear=0
shrinkage=0.013029


Tree=332
num_leaves=7
num_cat=0
split_feature=62 89 101 63 80 21
split_gain=17.1235 17.8628 17.3472 14.5139 12.4247 11.9421
threshold=-0.24884287267923352 0.3557355552911759 60.500000000000007 -0.0040023294277489177 -0.013323607854545115 -0.28486502170562739
decision_type=2 2 2 2 2 2
left_child=1 -1 3 4 -2 -5
right_child=2 -3 -4 5 -6 -7
leaf_value=0.00088140382242754957 -0.0047060783510699542 0.0057805012609315658 0.0013063228012087668 -0.0029887392950969736 0.0035587177919073425 0.0011094098551224748
leaf_weight=804.05665450543165 301.09441049396992 149.26960458979011 497.19657871499658 189.43286481499672 33.878485448658466 329.86221582442522
leaf_count=3561 1365 682 2198 842 155 1481
internal_value=0.000315741 0.00165223 -0.000627394 -0.001753 -0.00386443 -0.00038759
internal_weight=2304.79 953.326 1351.46 854.268 334.973 519.295
internal_count=10284 4243 6041 3843 1520 2323
is_linear=0
shrinkage=0.013029


Tree=333
num_leaves=7
num_cat=0
split_feature=135 128 121 133 128 99
split_gain=19.1339 15.9201 16.6202 17.7682 16.0695 16.247
threshold=1.7500000000000002 17.054322916666671 30.416666666666668 1.0000000180025095e-35 1.0383217592592595 -0.37243302166461939
decision_type=2 2 8 2 2 2
left_child=-1 2 -2 4 5 -4
right_child=1 -3 3 -5 -6 -7
leaf_value=-0.0023993930412798243 0.002731346006005025 0.0058082116043922253 0.0032279463177177447 -0.0031753092341969104 -0.0014048285598285447 -0.0010752393897065235
leaf_weight=370.82328524440527 445.64666768908501 102.51844695210457 453.88965573906898 266.89526012539864 428.62297298759222 221.08571837842464
leaf_count=1722 2067 447 2008 1184 1848 925
internal_value=0.000307113 0.0008309 0.000547775 -0.00016331 0.00056669 0.00181881
internal_weight=2289.48 1918.66 1816.14 1370.49 1103.6 674.975
internal_count=10201 8479 8032 5965 4781 2933
is_linear=0
shrinkage=0.013029


Tree=334
num_leaves=7
num_cat=0
split_feature=54 51 69 84 131 130
split_gain=13.6171 18.3273 14.2622 12.8108 15.3416 12.181
threshold=0.24586791545152667 -0.066429775208234773 0.096065476536750807 0.20847633481025699 3.0002965012848395 282.12500000000006
decision_type=2 2 2 2 8 2
left_child=2 -2 3 4 -1 -5
right_child=1 -3 -4 5 -6 -7
leaf_value=-0.00054993284324204015 0.0048783922732546121 -0.0021972436891428446 -0.0023491796238266109 0.0037340266353724813 0.0033405286973445542 -0.0039672464962964889
leaf_weight=734.48294757306576 68.466896247118711 613.35191827267408 221.99537186697125 395.6143928989768 223.93842986226082 37.650680035352707
leaf_count=3230 300 2711 991 1760 1082 165
internal_value=6.04881e-05 -0.00148238 0.000712753 0.00120213 0.000360889 0.00305938
internal_weight=2295.5 681.819 1613.68 1391.69 958.421 433.265
internal_count=10239 3011 7228 6237 4312 1925
is_linear=0
shrinkage=0.013029


Tree=335
num_leaves=7
num_cat=0
split_feature=10 98 54 49 83 54
split_gain=14.816 13.7096 14.9968 13.6974 16.8546 12.2086
threshold=-0.26584370434284205 -0.13183908164501187 0.035134634003043182 0.14456263929605487 -0.059644049033522599 0.30626359581947332
decision_type=2 2 2 2 2 2
left_child=3 -2 -3 -1 -5 -4
right_child=1 2 5 4 -6 -7
leaf_value=-0.0026543111708439387 -0.00083404066041363044 -0.0064354909007715592 0.0025182867153342179 0.0029860315431750753 -0.0059060639176555293 -0.0019700191469651002
leaf_weight=490.79968240484595 554.40907772257924 36.414774984121323 889.30311965942383 181.17793073132634 44.481714855879545 115.79305874556303
leaf_count=2172 2433 159 3984 829 219 508
internal_value=0.000121687 0.000820403 0.00170105 -0.00143398 0.00122019 0.00200018
internal_weight=2312.38 1595.92 1041.51 716.459 225.66 1005.1
internal_count=10304 7084 4651 3220 1048 4492
is_linear=0
shrinkage=0.013029


Tree=336
num_leaves=7
num_cat=1
split_feature=63 81 138 99 56 98
split_gain=15.6831 18.0944 17.9678 16.9918 16.7544 15.6501
threshold=-0.033101422712206834 -0.012769497931003569 0 -0.27567458152770991 -0.085307013243436799 -0.15376461297273633
decision_type=2 2 9 2 2 2
left_child=5 -2 3 4 -3 -1
right_child=1 2 -4 -5 -6 -7
leaf_value=-0.0064681757587441114 0.0020667193633157827 0.0021742116396543942 -0.0019157783176387748 -0.0029297400473146718 0.012483658120207786 -0.00085411986737023518
leaf_weight=106.29293586313725 767.55422358587384 261.78667141497135 634.2867024615407 101.94015185907483 29.172917351126671 398.50751125812531
leaf_count=476 3445 1160 2807 430 127 1805
internal_value=-1.64939e-05 0.000554267 -0.000576544 0.00159323 0.00323579 -0.00204367
internal_weight=2299.54 1794.74 1027.19 392.9 290.96 504.8
internal_count=10250 7969 4524 1717 1287 2281
cat_boundaries=0 1
cat_threshold=1348260257
is_linear=0
shrinkage=0.013029


Tree=337
num_leaves=7
num_cat=0
split_feature=135 91 53 122 132 69
split_gain=14.9198 14.2374 21.7556 15.3132 15.0066 14.1766
threshold=14.500000000000002 -0.16182039678096768 -0.003166076028719544 2621.7152500000007 1.5000000000000002 0.10075197741389276
decision_type=2 2 2 8 2 2
left_child=1 2 5 -3 -5 -1
right_child=-2 3 -4 4 -6 -7
leaf_value=-0.00077760478449562535 0.0062175130202714287 -0.00041157031266740932 0.0021824774740098613 0.0048156195868505353 -0.0041529319455044008 -0.0085910922199366278
leaf_weight=168.5391363017261 57.231109119951725 1026.0834912545979 597.2037529014051 34.013330817222595 373.08126755058765 50.810521207749844
leaf_count=733 249 4564 2692 147 1663 220
internal_value=-0.000310597 -0.000478578 0.000894081 -0.00126071 -0.00339651 -0.00260944
internal_weight=2306.96 2249.73 816.553 1433.18 407.095 219.35
internal_count=10268 10019 3645 6374 1810 953
is_linear=0
shrinkage=0.013029


Tree=338
num_leaves=7
num_cat=0
split_feature=1 118 47 84 124 133
split_gain=13.3521 14.7234 11.1779 13.3753 12.8189 10.8742
threshold=0.15392810851335528 1.0000000180025095e-35 0.21168627589941028 0.20990981161594394 844.14833333334286 1.0000000180025095e-35
decision_type=2 2 2 2 8 2
left_child=1 2 4 -4 5 -1
right_child=-2 -3 3 -5 -6 -7
leaf_value=0.00095647009929142757 -0.0020126698994028911 0.0071756954926441721 -0.007224626699091183 0.0029227181678639267 0.0091356337314771312 -0.0016455558233860375
leaf_weight=1334.3631472289562 431.71232115104795 54.196883633732796 66.648021072149277 32.303884491324425 28.472548060119152 341.93020534515381
leaf_count=5771 1929 319 296 141 243 1513
internal_value=4.94508e-05 0.0005292 0.000326742 -0.0039147 0.000574463 0.000425236
internal_weight=2289.63 1857.91 1803.72 98.9519 1704.77 1676.29
internal_count=10212 8283 7964 437 7527 7284
is_linear=0
shrinkage=0.013029


Tree=339
num_leaves=7
num_cat=0
split_feature=135 135 54 110 65 92
split_gain=21.7802 17.1138 11.7282 11.1164 10.5086 11.051
threshold=1.7500000000000002 14.500000000000002 0.30336260795593267 1.0000000180025095e-35 0.083033408969640746 0.48782332241535192
decision_type=2 2 2 2 2 2
left_child=-1 2 3 -2 -5 -6
right_child=1 -3 -4 4 5 -7
leaf_value=-0.0029052473413600718 0.0069563269648373061 0.00748798635776918 -0.002253431921875416 0.00082612732290635407 8.8812252493591793e-05 -0.0081839918593650304
leaf_weight=375.62765876948833 46.364458441734314 57.325421646237373 261.31933780387044 1464.6273858956993 67.071560017764568 45.626243446022272
leaf_count=1751 284 252 1132 6408 307 207
internal_value=-3.64105e-05 0.000519253 0.000304583 0.00071708 0.00053063 -0.00329078
internal_weight=2317.96 1942.33 1885.01 1623.69 1577.33 112.698
internal_count=10341 8590 8338 7206 6922 514
is_linear=0
shrinkage=0.013029


Tree=340
num_leaves=7
num_cat=0
split_feature=15 128 135 1 56 88
split_gain=19.007 24.3659 18.6915 15.1872 13.3032 14.6907
threshold=-0.089722670614719377 16.514195601851856 2.5850000000000004 0.18748570978641513 -0.20897678285837171 -0.0047477029729634515
decision_type=2 2 2 2 2 2
left_child=4 2 -2 -4 -1 -6
right_child=1 -3 3 -5 5 -7
leaf_value=0.0034265003865379005 -0.0034213373102167941 0.0058162261390957955 0.00035087333193645437 -0.0051479312558722345 0.0018494940509369451 -0.0029628980596741652
leaf_weight=370.10218423604965 464.81130262464285 86.250684648752213 825.16072339937091 94.370056856423616 298.83767552301288 167.40628362819552
leaf_count=1667 2119 377 3623 417 1320 771
internal_value=1.728e-05 -0.000874472 -0.0012941 -0.000217002 0.00158471 0.00011971
internal_weight=2306.94 1470.59 1384.34 919.531 836.346 466.244
internal_count=10294 6536 6159 4040 3758 2091
is_linear=0
shrinkage=0.013029


Tree=341
num_leaves=7
num_cat=0
split_feature=133 134 135 51 15 32
split_gain=18.8231 21.2509 16.8986 14.9837 13.8458 13.3548
threshold=1.0000000180025095e-35 1.0000000180025095e-35 6.5000000000000009 0.10904695838689805 -0.14918742328882215 0.085685871541500105
decision_type=2 2 2 2 2 2
left_child=1 3 -3 5 -2 -1
right_child=4 2 -4 -5 -6 -7
leaf_value=0.0023856585414425914 0.0030149054412611149 -0.0015623345659059621 0.0036341308007385438 -0.00060978458626480606 -0.0031083447762225236 0.0080879981448202416
leaf_weight=637.79455482214689 73.513359304517508 714.23879531398416 124.08321464061737 265.37909316644073 406.27885990589857 77.80447842925787
leaf_count=2839 347 3168 542 1144 1875 351
internal_value=0.000126651 0.00073217 -0.000790759 0.00203326 -0.00216707 0.00301306
internal_weight=2299.09 1819.3 838.322 980.978 479.792 715.599
internal_count=10266 8044 3710 4334 2222 3190
is_linear=0
shrinkage=0.013029


Tree=342
num_leaves=7
num_cat=0
split_feature=81 135 84 25 25 1
split_gain=16.4751 18.7423 13.6861 13.4323 14.7101 13.2619
threshold=-0.017501400783658024 1.7500000000000002 0.11104707419872285 0.042798385024070747 -0.12515814602375028 0.092228595167398467
decision_type=2 2 2 2 2 2
left_child=5 2 -2 4 -3 -1
right_child=1 3 -4 -5 -6 -7
leaf_value=0.0025959071695425729 -0.010737809017137343 -0.00174516291547913 -0.0026300417992750217 -0.0073582330176295476 0.0013471664710987348 -0.00057069528007561989
leaf_weight=599.86405164375901 45.176515899598598 434.70861513540149 157.25181926041842 41.775562539696693 651.69580595567822 358.19696493446827
leaf_count=2695 220 1906 733 184 2860 1617
internal_value=0.00011026 -0.000827587 -0.00447072 -0.000171498 0.000109485 0.00141244
internal_weight=2288.67 1330.61 202.428 1128.18 1086.4 958.061
internal_count=10215 5903 953 4950 4766 4312
is_linear=0
shrinkage=0.013029


Tree=343
num_leaves=7
num_cat=0
split_feature=91 58 41 73 125 130
split_gain=15.625 15.2584 18.9577 15.8329 12.5234 17.6319
threshold=-0.07224679738283156 -0.076260831207036958 1.0000000180025095e-35 -0.0097809354774653894 0.18375000000000002 102.50000000000001
decision_type=2 2 2 2 8 2
left_child=1 3 -3 -1 5 -4
right_child=-2 2 4 -5 -6 -7
leaf_value=-0.0041975900315350681 -0.0023979559871456176 -0.0060140596208975465 -0.0058908267254833297 0.00012735827056076701 0.0021690686842428114 0.0054141529596953997
leaf_weight=197.29455259442329 400.0802688896656 55.873317673802376 76.260647609829903 523.64102679863572 1012.5966022759676 33.020223453640938
leaf_count=889 1778 242 348 2342 4504 157
internal_value=-6.02801e-05 0.000433015 0.00134653 -0.0010592 0.00171669 -0.00246201
internal_weight=2298.77 1898.69 1177.75 720.936 1121.88 109.281
internal_count=10260 8482 5251 3231 5009 505
is_linear=0
shrinkage=0.013029


Tree=344
num_leaves=7
num_cat=0
split_feature=63 110 128 127 95 127
split_gain=18.2075 14.495 12.6184 15.4621 27.8971 15.269
threshold=-0.033101422712206834 1.0000000180025095e-35 12.041736111111112 13.999959490740741 -0.13817775249481198 13.999438657407408
decision_type=2 2 2 2 2 2
left_child=-1 -2 3 5 -5 -3
right_child=1 2 -4 4 -6 -7
leaf_value=-0.0020867274075601159 0.0076584824825242908 -0.00021783000317747078 0.0038887239337305839 0.0017806400278795316 -0.0040282086838311785 0.0030560424071877455
leaf_weight=504.56252509728074 48.901864401996136 587.17335194721818 169.19395422190428 243.96695727109909 328.70788797363639 410.3588551171124
leaf_count=2288 287 2633 739 1051 1452 1792
internal_value=9.73184e-05 0.000714123 0.000515838 0.000150806 -0.00155442 0.00113017
internal_weight=2292.87 1788.3 1739.4 1570.21 572.675 997.532
internal_count=10242 7954 7667 6928 2503 4425
is_linear=0
shrinkage=0.013029


Tree=345
num_leaves=7
num_cat=2
split_feature=121 138 6 36 138 84
split_gain=17.727 16.6305 15.942 14.6001 14.4552 13.4751
threshold=36.833333333333336 0 -0.032696608453989022 -0.034663420170545571 1 0.19393070787191394
decision_type=8 9 2 2 9 2
left_child=4 3 -3 -2 -1 -6
right_child=1 2 -4 -5 5 -7
leaf_value=0.0046812907085960181 0.0025780673003746339 -0.0016561866110235799 0.0010811186319973111 -0.0065488008614768322 -0.0013601590947392584 0.0031092848429234705
leaf_weight=190.77306774258614 37.235403940081596 717.93516406416893 725.41108825802803 141.10807879269123 277.12606675177813 194.10927351564169
leaf_count=970 159 3187 3151 650 1226 861
internal_value=-2.84757e-05 -0.000761898 -0.00027866 -0.00439512 0.00176704 0.000472768
internal_weight=2283.7 1621.69 1443.35 178.343 662.008 471.235
internal_count=10204 7147 6338 809 3057 2087
cat_boundaries=0 1 2
cat_threshold=8421380 2707476736
is_linear=0
shrinkage=0.013029


Tree=346
num_leaves=7
num_cat=0
split_feature=124 135 71 133 99 42
split_gain=15.6719 14.9258 15.4699 13.6725 14.6934 13.7614
threshold=973.2273333333527 1.7500000000000002 0.26334689557552343 1.0000000180025095e-35 -0.47283673286437983 -0.22843905538320539
decision_type=8 2 2 2 2 2
left_child=1 -1 3 4 5 -3
right_child=-2 2 -4 -5 -6 -7
leaf_value=-0.0027819339584202614 0.0091663789883182356 1.8618699458418652e-05 -0.0089484368447646841 -0.0019613214506149939 -0.00010991295690667474 0.0043776968469834325
leaf_weight=361.48824270069599 29.009549256414175 206.94603902101517 30.822701588273048 377.68523953855038 998.96276590228081 302.17476534098387
leaf_count=1673 285 919 136 1671 4275 1344
internal_value=-0.00023381 -0.000356336 0.000102017 0.000253262 0.000808547 0.00260833
internal_weight=2307.09 2278.08 1916.59 1885.77 1508.08 509.121
internal_count=10303 10018 8345 8209 6538 2263
is_linear=0
shrinkage=0.013029


Tree=347
num_leaves=7
num_cat=0
split_feature=128 128 128 88 132 127
split_gain=14.0163 17.759 16.6633 24.9636 15.4128 16.896
threshold=19.931255787037042 0.76172453703703713 5.9201620370370378 -0.042581697925925248 18.500000000000004 13.99992476851852
decision_type=2 2 2 2 2 2
left_child=1 -1 -3 -4 -5 -6
right_child=-2 2 3 4 5 -7
leaf_value=0.00091322387674527697 0.0051382952769611218 -0.0035340519172178645 0.0032616820423802973 -0.0046880755743312769 0.0096115986811472782 -0.0015235515798821561
leaf_weight=1284.8184718713164 90.309407990425825 382.39796831831336 230.68986782431602 190.95389008149505 29.901934038847685 94.087660759687424
leaf_count=5770 393 1708 1009 880 134 403
internal_value=0.000127509 -7.85729e-05 -0.00145132 1.10271e-05 -0.002372 0.00120134
internal_weight=2303.16 2212.85 928.031 545.633 314.943 123.99
internal_count=10297 9904 4134 2426 1417 537
is_linear=0
shrinkage=0.013029


Tree=348
num_leaves=7
num_cat=0
split_feature=135 133 127 128 127 130
split_gain=19.5186 15.5594 14.9749 20.044 17.5724 20.5622
threshold=6.5000000000000009 1.0000000180025095e-35 13.999959490740741 24.680949074074075 13.999438657407408 145.10000000000002
decision_type=2 2 2 2 2 2
left_child=2 -2 4 -4 -1 -6
right_child=1 -3 3 -5 5 -7
leaf_value=-0.00071557118582262261 0.0038867412441237707 -0.0020849665615715286 -0.0021194523567253597 0.0073316868532283166 0.0042800035180916001 -0.0025056409392166874
leaf_weight=607.71400885283947 364.31995771452785 92.432965081185102 771.54412937536836 39.382013231515884 330.32865142449737 97.804376445710659
leaf_count=2798 1604 405 3411 167 1494 412
internal_value=0.000267509 0.00267689 -0.00032919 -0.00165445 0.000708726 0.00272828
internal_weight=2303.53 456.753 1846.77 810.926 1035.85 428.133
internal_count=10291 2009 8282 3578 4704 1906
is_linear=0
shrinkage=0.013029


Tree=349
num_leaves=7
num_cat=0
split_feature=118 121 135 98 41 19
split_gain=14.4842 14.651 16.2198 16.8157 17.2132 14.5108
threshold=1.0000000180025095e-35 37.416666666666679 9.5000000000000018 -0.15376461297273633 0.029883320443332199 0.45676940679550176
decision_type=2 8 2 2 2 2
left_child=1 -1 3 -3 -5 -6
right_child=-2 2 -4 4 5 -7
leaf_value=0.0013148828134683008 0.0059453226772953876 -0.0038850023659260003 0.0032012053138000328 -0.0089532341289548512 0.0008421312223570273 -0.0024610098097226263
leaf_weight=678.90845227614045 64.599265776574612 348.23319074511528 142.29107435047626 39.435310482978821 679.26837489008904 337.27997615933418
leaf_count=3100 381 1531 621 169 2966 1458
internal_value=-0.000102398 -0.000279793 -0.00098013 -0.00140524 -0.000585416 -0.00025477
internal_weight=2290.02 2225.42 1546.51 1404.22 1055.98 1016.55
internal_count=10226 9845 6745 6124 4593 4424
is_linear=0
shrinkage=0.013029


Tree=350
num_leaves=7
num_cat=2
split_feature=138 1 138 116 133 28
split_gain=17.81 14.9647 15.6746 16.4984 14.6689 14.3566
threshold=0 0.1577619090676308 1 1.0000000180025095e-35 1.0000000180025095e-35 0.062431149184703834
decision_type=9 2 9 2 2 2
left_child=-1 2 3 -2 5 -5
right_child=1 -3 -4 4 -6 -7
leaf_value=0.008461395810647615 -0.0041812483518084316 -0.002628752764950699 0.00083574647327965272 -0.0029488715159047565 -0.0054244833244612503 0.0051282617728399295
leaf_weight=28.767574023455381 254.38188813626766 406.72715256363153 1371.6801049560308 54.630439296364784 50.589910916984081 114.88917084038258
leaf_count=291 1198 1805 5936 241 242 500
internal_value=-0.000217728 -0.000367104 0.000129989 -0.00188633 0.00068541 0.00252383
internal_weight=2281.67 2252.9 1846.17 474.491 220.11 169.52
internal_count=10213 9922 8117 2181 983 741
cat_boundaries=0 1 2
cat_threshold=16797696 2156503220
is_linear=0
shrinkage=0.013029


Tree=351
num_leaves=7
num_cat=0
split_feature=135 133 134 3 134 36
split_gain=14.2163 12.6364 17.378 14.3839 12.4973 12.4509
threshold=14.500000000000002 1.0000000180025095e-35 1.0000000180025095e-35 0.36379399895668035 1.0000000180025095e-35 -0.1724131032824516
decision_type=2 2 2 2 2 2
left_child=1 2 5 -4 -3 -1
right_child=-2 4 3 -5 -6 -7
leaf_value=-0.0061697362705697588 0.0066577914006554747 -0.0038273823325363624 -0.00017415553183422464 -0.0052051124051358611 0.00053554943605427035 0.0020120792126651454
leaf_weight=32.022358030080795 55.667350076138973 253.03460757434368 718.79907477647066 110.72454149276018 198.46311304718256 916.45851633325219
leaf_count=144 245 1209 3182 494 896 4049
internal_value=0.000196407 3.30047e-05 0.000527415 -0.000849568 -0.00191176 0.00173143
internal_weight=2285.17 2229.5 1778 829.524 451.498 948.481
internal_count=10219 9974 7869 3676 2105 4193
is_linear=0
shrinkage=0.013029


Tree=352
num_leaves=7
num_cat=0
split_feature=89 40 56 98 83 50
split_gain=13.5799 13.4829 12.3245 17.284 15.418 13.215
threshold=0.37135723233222967 -0.31768378615379328 -0.21276829391717908 -0.047440083697438233 -0.043773142620921128 0.15527501702308658
decision_type=2 2 2 2 2 2
left_child=1 -1 4 5 -3 -4
right_child=-2 2 3 -5 -6 -7
leaf_value=-0.0032230963354215702 0.0031685788683199724 0.0026302083768151036 -0.00098467776561190113 0.0020359410689645752 -0.0043381481619618519 -0.0064639524744202689
leaf_weight=238.4294309169054 208.66415075957775 446.79489670693874 938.00026527419686 322.47983388230205 60.631001323461533 80.528582453727722
leaf_count=1067 965 2001 4143 1454 282 356
internal_value=5.27528e-06 -0.000311993 6.46051e-05 -0.000589884 0.00179267 -0.0014221
internal_weight=2295.53 2086.86 1848.43 1341.01 507.426 1018.53
internal_count=10268 9303 8236 5953 2283 4499
is_linear=0
shrinkage=0.013029


Tree=353
num_leaves=7
num_cat=0
split_feature=128 98 128 96 128 78
split_gain=21.3159 17.2588 11.7278 16.8363 15.1955 14.4018
threshold=24.680949074074075 -0.049312081187963479 1.0000000180025095e-35 -0.19210030138492581 16.514195601851856 -0.063922245055437074
decision_type=2 2 2 2 2 2
left_child=1 2 -1 5 -5 -4
right_child=-2 -3 3 4 -6 -7
leaf_value=7.2286887434674213e-05 0.0090895938397738806 0.0015569142251565193 -0.0013993409512152255 -0.0037772336437174405 0.0035505447865412177 0.0077583459576719364
leaf_weight=886.64991807565093 42.224781289696693 680.72970999032259 73.225467633455992 525.00242257863283 52.314072895795107 47.531604625284672
leaf_count=3955 183 3075 335 2331 231 213
internal_value=-4.89407e-06 -0.000177201 -0.000922466 -0.00218473 -0.00310967 0.00222956
internal_weight=2307.68 2265.45 1584.72 698.074 577.316 120.757
internal_count=10323 10140 7065 3110 2562 548
is_linear=0
shrinkage=0.013029


Tree=354
num_leaves=7
num_cat=0
split_feature=95 98 3 61 28 58
split_gain=15.8566 18.8031 16.2095 15.7029 14.037 12.9894
threshold=-0.12483450770378111 -0.10155990719795226 0.24454995989799502 0.3544460684061051 0.085059665143489852 -0.076260831207036958
decision_type=2 2 2 2 2 2
left_child=1 3 5 4 -1 -2
right_child=2 -3 -4 -5 -6 -7
leaf_value=-0.004827487854880649 -0.0019070119935068951 0.0026303269213906601 -0.0025288142764769762 -0.0071083845894554156 0.0010717567975075061 0.0022831194142975578
leaf_weight=81.469922516494989 208.30706961080432 631.67468782886863 597.49604903534055 56.789432562887669 409.71103183552623 314.03361436352134
leaf_count=360 954 2811 2735 243 1760 1427
internal_value=4.56645e-05 0.00109949 -0.00106444 -0.000666305 8.77134e-05 0.000611793
internal_weight=2299.48 1179.65 1119.84 547.97 491.181 522.341
internal_count=10290 5174 5116 2363 2120 2381
is_linear=0
shrinkage=0.013029


Tree=355
num_leaves=7
num_cat=0
split_feature=135 121 124 130 132 49
split_gain=21.0434 13.9314 18.6989 14.9631 14.504 13.6753
threshold=6.5000000000000009 16.166666666666668 291.86066666666426 20.250000000000004 4.5000000000000009 0.089416138827800765
decision_type=2 8 8 2 2 2
left_child=1 2 -1 -3 5 -5
right_child=-2 3 -4 4 -6 -7
leaf_value=0.00094948581997807168 0.0027779782203095895 0.0049110117194697493 0.010756174418093021 -0.00076146710423930614 -0.00045024944190266578 -0.0060041006620057636
leaf_weight=246.95496743172407 442.40710792690516 71.796111285686493 37.420350003987551 160.98161394894123 1145.770949691534 177.52613484859467
leaf_count=1087 1952 326 304 708 5042 800
internal_value=0.000228974 -0.000384592 0.00226353 -0.000869353 -0.00115117 -0.00351772
internal_weight=2282.86 1840.45 284.375 1556.07 1484.28 338.508
internal_count=10219 8267 1391 6876 6550 1508
is_linear=0
shrinkage=0.013029


Tree=356
num_leaves=7
num_cat=0
split_feature=12 21 50 15 5 77
split_gain=14 14.609 14.511 13.2561 12.7512 12.7691
threshold=0.20470320433378222 -0.30082128942012781 0.048639701679348953 -0.083197917789220796 -0.099833033978939043 0.40159262716770178
decision_type=2 2 2 2 2 2
left_child=1 2 3 -1 -4 -6
right_child=-2 -3 4 -5 5 -7
leaf_value=0.0041059899629446181 -0.0090735570759600259 0.00061961207545242389 -0.00011949303610309495 -0.0016394053242619209 -0.007445216957358807 -0.00051251150086232676
leaf_weight=104.48907403275371 28.782900720834732 1615.1613092944026 118.4689827375114 192.9881102964282 154.36147174239159 63.75181307643652
leaf_count=473 127 7280 515 846 678 279
internal_value=-0.000155275 -3.83184e-05 -0.0017131 0.000383647 -0.00356315 -0.00542712
internal_weight=2278 2249.22 634.059 297.477 336.582 218.113
internal_count=10198 10071 2791 1319 1472 957
is_linear=0
shrinkage=0.013029


Tree=357
num_leaves=7
num_cat=0
split_feature=12 133 37 99 105 81
split_gain=17.4535 13.7807 17.6539 13.3144 12.9346 12.5686
threshold=0.20470320433378222 1.0000000180025095e-35 0.17763557285070422 -0.50625875592231739 0.58570000000000011 0.045160908252000816
decision_type=2 2 2 2 2 2
left_child=1 2 -1 -4 -5 -3
right_child=-2 5 3 4 -6 -7
leaf_value=-0.00039756584589872092 -0.0099409057794601092 -0.00028365894178821702 0.00470468121556189 0.0015584584142618665 -0.0072318910719040936 -0.00492115687477744
leaf_weight=967.51480216532946 27.983449198305607 321.61627161502838 249.34766910597682 556.40487903356552 29.244871087372303 142.80973837524652
leaf_count=4286 125 1492 1129 2441 131 660
internal_value=0.000156885 0.000284611 0.000800299 0.00218743 0.00111127 -0.00171502
internal_weight=2294.92 2266.94 1802.51 834.997 585.65 464.426
internal_count=10264 10139 7987 3701 2572 2152
is_linear=0
shrinkage=0.013029


Tree=358
num_leaves=7
num_cat=0
split_feature=110 62 47 81 15 97
split_gain=15.9791 13.8747 13.4482 15.4308 19.7255 11.8763
threshold=1.0000000180025095e-35 -0.27393382787704462 0.16111331433057788 -0.049876989796757691 -0.074679743498563753 -0.0076465290039777747
decision_type=2 2 2 2 2 2
left_child=-1 2 3 4 -2 -6
right_child=1 -3 -4 -5 5 -7
leaf_value=0.0062993603439497605 0.0087726659676078053 -0.0010831968791777276 -0.0035731659773991045 0.00048385157084919321 -0.0050024793558813814 0.0051017668172868812
leaf_weight=61.798435293138027 102.10296873003244 1506.89913867414 88.881372079253197 426.61236422881484 38.63456254452467 38.931545957922935
leaf_count=370 464 6704 383 1882 169 173
internal_value=-0.000196621 -0.000380898 0.00114102 0.0018355 0.00503034 6.92624e-05
internal_weight=2263.86 2202.06 695.163 606.281 179.669 77.5661
internal_count=10145 9775 3071 2688 806 342
is_linear=0
shrinkage=0.013029


Tree=359
num_leaves=7
num_cat=0
split_feature=16 54 54 16 98 38
split_gain=17.8833 15.2354 17.7344 13.2161 11.0487 12.1578
threshold=-0.46754619479179377 0.20454923808574679 0.11863843351602556 -0.19142147898674008 -0.038264662027359002 -0.2023229971528053
decision_type=2 2 2 2 2 2
left_child=-1 2 -2 4 5 -4
right_child=1 -3 3 -5 -6 -7
leaf_value=0.0056179822108580009 -0.0013795668574214004 -0.0013948060188211141 -0.00082172298490026463 -0.0037672436454475561 0.0052728530302046167 0.0031750675309108987
leaf_weight=91.723365969955921 420.16794753447175 1025.1282571740448 220.96021941676736 62.489817477762699 176.48897368088365 309.57319132983685
leaf_count=418 1895 4551 1011 278 812 1360
internal_value=3.0747e-06 -0.000231187 0.000771718 0.00194655 0.00245484 0.00151158
internal_weight=2306.53 2214.81 1189.68 769.512 707.022 530.533
internal_count=10325 9907 5356 3461 3183 2371
is_linear=0
shrinkage=0.013029


Tree=360
num_leaves=7
num_cat=0
split_feature=54 38 58 35 6 40
split_gain=16.5786 12.5379 13.9453 14.9243 13.3918 12.1231
threshold=0.22100290656089785 -0.17307725548744199 -0.094387985765933977 -0.047429341822862618 -0.15383099764585492 -0.35286994278430933
decision_type=2 2 2 2 2 2
left_child=1 2 -1 4 -4 -3
right_child=-2 5 3 -5 -6 -7
leaf_value=-0.0035518220960305733 -0.0014449500227797407 -0.0044705019630844351 -0.0061059169249472536 -0.0025909986933914933 0.0025929777438488707 0.0027526125503874767
leaf_weight=171.13660202547908 922.05666170269251 41.846444025635719 31.804521683603525 171.48823380470276 400.47255703061819 551.59327794611454
leaf_count=784 4096 190 145 764 1835 2442
internal_value=-9.52127e-05 0.000814586 -0.000276963 0.000654377 0.00194399 0.00223853
internal_weight=2290.4 1368.34 774.902 603.765 432.277 593.44
internal_count=10256 6160 3528 2744 1980 2632
is_linear=0
shrinkage=0.013029


Tree=361
num_leaves=7
num_cat=0
split_feature=122 133 128 128 128 3
split_gain=16.2601 16.6278 18.5978 16.7499 16.4581 15.4163
threshold=60.600000000000001 1.0000000180025095e-35 10.167245370370372 1.0383217592592595 8.6669270833333361 0.20280121266841891
decision_type=8 2 2 2 2 2
left_child=-1 3 5 -2 -5 -3
right_child=1 2 -4 4 -6 -7
leaf_value=0.0031145823576967861 0.0011791755138063549 0.00047964559264812085 0.0033007554089751795 -0.0032309394782534121 0.00063504254535088624 -0.0057266718165797969
leaf_weight=223.95128269866109 925.90661630779505 91.886900648474693 68.322379544377327 402.41021906584501 348.19492548704147 258.8741604834795
leaf_count=1141 4048 413 298 1783 1520 1180
internal_value=-0.0002167 -0.000573641 -0.00289256 7.00848e-06 -0.00143866 -0.00410316
internal_weight=2319.55 2095.6 419.083 1676.51 750.605 350.761
internal_count=10383 9242 1891 7351 3303 1593
is_linear=0
shrinkage=0.013029


Tree=362
num_leaves=7
num_cat=0
split_feature=40 16 128 128 27 121
split_gain=15.4931 18.2938 14.437 14.2872 15.2826 15.0668
threshold=-0.33352978527545923 -0.46754619479179377 20.991348379629631 0.76172453703703713 -0.27894498407840723 50.500000000000007
decision_type=2 2 2 2 2 10
left_child=-1 -2 3 -3 -5 -6
right_child=1 2 -4 4 5 -7
leaf_value=-0.0031396898015525541 0.0069633126071243466 0.0009416040822292389 0.0059055946229803705 -0.0078191999137709363 0.0015517193809514596 -0.0022539525584958585
leaf_weight=230.22255093604326 69.342973969876766 1097.3513817228377 71.536029800772667 56.681416127830744 279.98950939625502 475.70653386414051
leaf_count=1049 311 4938 312 246 1267 2085
internal_value=5.97546e-05 0.000419921 0.000188491 -2.77822e-05 -0.0013369 -0.000843797
internal_weight=2280.83 2050.61 1981.26 1909.73 812.377 755.696
internal_count=10208 9159 8848 8536 3598 3352
is_linear=0
shrinkage=0.013029


Tree=363
num_leaves=7
num_cat=0
split_feature=128 127 135 44 121 61
split_gain=20.6195 16.8764 14.1242 16.1947 15.0875 14.0044
threshold=17.054322916666671 27.254513888888891 7.5000000000000009 0.076312452554702773 27.166666666666668 0.26450304687023168
decision_type=2 2 2 2 8 2
left_child=2 -2 3 4 -1 -4
right_child=1 -3 5 -5 -6 -7
leaf_value=0.00043254538975995473 0.012618642529059336 0.0020792918923941734 0.0029537506484459846 0.00025258270660750363 -0.0034234903112418938 -0.0026524123951106766
leaf_weight=245.94055693969131 34.437931850552559 98.327417522668839 335.61433305218816 919.21564731374383 573.01453674584627 96.985786929726601
leaf_count=1133 155 430 1487 4125 2571 417
internal_value=-0.000104741 0.00486574 -0.000410231 -0.000934565 -0.00226611 0.0016946
internal_weight=2303.54 132.765 2170.77 1738.17 818.955 432.6
internal_count=10318 585 9733 7829 3704 1904
is_linear=0
shrinkage=0.013029


Tree=364
num_leaves=7
num_cat=0
split_feature=123 16 56 63 86 121
split_gain=14.6909 15.1645 12.8432 13.1882 14.7713 12.5178
threshold=137.00000000000003 -0.50217601656913746 -0.066007606685161577 -0.030373370274901387 -0.03291721269488334 38.833333333333336
decision_type=2 2 2 2 2 8
left_child=1 -1 3 4 -3 -5
right_child=-2 2 -4 5 -6 -7
leaf_value=0.0061432245009952419 0.0023796240296543405 -0.0042063589118477261 -0.0043274364598703931 0.00190207858663271 0.0017503517550654429 -0.0007240789052153035
leaf_weight=55.489587977528572 348.09069469571114 263.93506484851241 153.52709694579244 470.40963458269835 95.958369135856628 889.80162682384253
leaf_count=254 1516 1199 680 2176 452 3929
internal_value=-8.11573e-05 -0.000525894 -0.000725662 -0.000402532 -0.0026178 0.000184659
internal_weight=2277.21 1929.12 1873.63 1720.1 359.893 1360.21
internal_count=10206 8690 8436 7756 1651 6105
is_linear=0
shrinkage=0.013029


Tree=365
num_leaves=7
num_cat=0
split_feature=122 123 35 67 83 89
split_gain=13.9943 14.1495 15.4859 14.6614 13.3953 13.093
threshold=60.600000000000001 137.00000000000003 -0.043314877897500985 -0.17257230728864667 -0.049342550337314599 0.28241865336894995
decision_type=8 2 2 2 2 2
left_child=-1 2 3 -2 -5 -4
right_child=1 -3 5 4 -6 -7
leaf_value=0.0031824681518773153 -0.0051916477371856526 0.0022854034510621014 -0.0043804399204722998 0.00095933021971512369 -0.0035695748325980719 5.5318480017858566e-05
leaf_weight=231.9772561378777 82.234994605183601 328.62350878119469 290.78399176895618 1041.22761939466 123.36315801739693 184.40244237333536
leaf_count=1186 363 1424 1285 4568 581 820
internal_value=0.000154422 -0.000189109 -0.000662086 0.000101036 0.000477706 -0.00266157
internal_weight=2282.61 2050.64 1722.01 1246.83 1164.59 475.186
internal_count=10227 9041 7617 5512 5149 2105
is_linear=0
shrinkage=0.013029


Tree=366
num_leaves=7
num_cat=0
split_feature=15 37 121 32 13 97
split_gain=11.2175 19.9417 16.3089 14.84 13.6151 16.8228
threshold=-0.10975953191518782 0.13271561264991763 16.166666666666668 -0.051176674664020531 0.13826327770948413 0.05064589902758599
decision_type=2 2 8 2 2 2
left_child=2 3 -1 -2 -4 -6
right_child=1 -3 4 -5 5 -7
leaf_value=0.0070669040294335751 -0.00043227079828398661 0.0003860363712641528 0.003076318574957037 -0.00464525709138933 0.001271665403364238 -0.0045421527516871195
leaf_weight=74.321891508996487 271.8281177058816 1066.6529553644359 230.0737302750349 296.66294746845961 216.81408872455359 137.48921498656273
leaf_count=418 1205 4733 1006 1358 951 610
internal_value=-8.63078e-05 -0.000664574 0.00134834 -0.00263384 0.000613344 -0.000988994
internal_weight=2293.84 1635.14 658.699 568.491 584.377 354.303
internal_count=10281 7296 2985 2563 2567 1561
is_linear=0
shrinkage=0.013029


Tree=367
num_leaves=7
num_cat=0
split_feature=135 123 92 123 18 122
split_gain=16.2354 16.8512 13.8197 12.3089 14.8902 14.7359
threshold=2.5850000000000004 137.00000000000003 0.48609296977519995 12.500000000000002 0.3328003734350205 586.05000000000007
decision_type=2 2 2 2 2 10
left_child=-1 2 3 -2 -5 -6
right_child=1 -3 -4 4 5 -7
leaf_value=-0.0015683597249934471 0.0054220295930291528 0.0039209298815978677 -0.0011485976195101839 -0.0025124073002671414 0.0053517176382010751 -0.00013797436775597115
leaf_weight=769.33806147798896 113.57595947757363 239.43723649531603 661.13264947012067 165.32465216889977 146.35807102918625 190.46952664852142
leaf_count=3484 498 1056 2912 777 680 841
internal_value=-2.75943e-05 0.000754527 0.000158911 0.00156254 0.000683177 0.00225365
internal_weight=2285.64 1516.3 1276.86 615.728 502.152 336.828
internal_count=10248 6764 5708 2796 2298 1521
is_linear=0
shrinkage=0.013029


Tree=368
num_leaves=7
num_cat=2
split_feature=123 10 138 138 81 95
split_gain=13.4597 13.7027 16.9717 15.2114 13.7402 16.939
threshold=187.50000000000003 -0.24596400558948514 0 1 -0.01485850755125284 -0.15134011954069135
decision_type=2 2 9 9 2 2
left_child=1 3 -3 -1 -4 -6
right_child=-2 2 4 -5 5 -7
leaf_value=0.00048613841357830691 0.00551835630767208 0.0041385795498741591 0.0016643721669083445 -0.0029191494743319845 0.0010474029388245557 -0.0032142928542349481
leaf_weight=416.35343765839934 74.527722254395485 199.76290997490287 528.08857863396406 468.59435825049877 302.51689650118351 330.83542697131634
leaf_count=1937 333 937 2334 2066 1305 1483
internal_value=9.76737e-05 -8.38747e-05 0.000736534 -0.00134538 0.000112642 -0.00117983
internal_weight=2320.68 2246.15 1361.2 884.948 1161.44 633.352
internal_count=10395 10062 6059 4003 5122 2788
cat_boundaries=0 1 2
cat_threshold=155206410 3764474416
is_linear=0
shrinkage=0.013029


Tree=369
num_leaves=7
num_cat=1
split_feature=124 127 57 54 127 138
split_gain=16.8275 16.3644 22.0542 14.9956 18.3202 14.4996
threshold=378.013166666666 13.999936342592596 0.069463167339563384 0.23572278767824176 13.999438657407408 0
decision_type=8 2 2 2 2 9
left_child=1 3 -3 5 -5 -1
right_child=-2 2 -4 4 -6 -7
leaf_value=-0.00048076054997276806 0.0034773566152430523 -0.0034843356416514645 0.00068515649857005647 -0.0031515537042709112 0.0024218813939869141 0.0032613403982561275
leaf_weight=289.16277804970741 217.84128767997026 494.92949321866035 380.45413538813591 287.70952132344246 152.71417704224586 443.01358193904161
leaf_count=1257 1128 2201 1687 1285 650 1954
internal_value=4.07457e-05 -0.000325882 -0.00167313 0.000680286 -0.00121821 0.00182236
internal_weight=2265.82 2047.98 875.384 1172.6 440.424 732.176
internal_count=10162 9034 3888 5146 1935 3211
cat_boundaries=0 1
cat_threshold=1418756116
is_linear=0
shrinkage=0.013029


Tree=370
num_leaves=7
num_cat=0
split_feature=110 128 133 128 128 130
split_gain=16.2545 16.6896 15.2089 22.8489 16.771 14.4101
threshold=1.0000000180025095e-35 17.054322916666671 1.0000000180025095e-35 1.0383217592592595 5.9201620370370378 22.250000000000004
decision_type=2 2 2 2 2 2
left_child=-1 2 3 -2 -4 -5
right_child=1 -3 4 5 -6 -7
leaf_value=0.0065232084153589078 0.001433239274015838 0.0044516588370397533 -0.004020728315839675 0.004354401916191959 0.0020658428625165114 -0.0022799478679597931
leaf_weight=63.990921873599291 993.57857812568545 128.00402761250734 324.03564122319221 60.482426166534424 100.18032035976648 610.2228041253984
leaf_count=379 4330 559 1519 278 448 2696
internal_value=8.6088e-05 -0.000101785 -0.000382285 0.000179351 -0.00258231 -0.0016777
internal_weight=2280.49 2216.5 2088.5 1664.28 424.216 670.705
internal_count=10209 9830 9271 7304 1967 2974
is_linear=0
shrinkage=0.013029


Tree=371
num_leaves=7
num_cat=0
split_feature=124 40 56 133 128 128
split_gain=14.9644 14.4884 13.5298 13.5102 17.1796 13.1003
threshold=374.13583333332093 -0.33352978527545923 -0.20897678285837171 1.0000000180025095e-35 6.9735358796296305 0.85070601851851857
decision_type=8 2 2 2 2 2
left_child=1 -1 -3 5 -5 -4
right_child=-2 2 3 4 -6 -7
leaf_value=-0.0034124587470740824 0.0032676283975394032 0.0017766686368231321 0.0013901271611070538 -0.0053975471123177158 0.0023221536193957569 -0.0016226402483537148
leaf_weight=214.31793306767941 232.90689331293106 594.74643379449844 557.4231326058507 181.50043328106403 66.44099834561348 435.98949008435011
leaf_count=972 1197 2638 2418 824 292 1897
internal_value=0.000143274 -0.000212631 0.000162043 -0.000612116 -0.00332817 6.76673e-05
internal_weight=2283.33 2050.42 1836.1 1241.35 247.941 993.413
internal_count=10238 9041 8069 5431 1116 4315
is_linear=0
shrinkage=0.013029


Tree=372
num_leaves=7
num_cat=2
split_feature=138 41 122 138 36 59
split_gain=13.611 15.309 13.774 19.1798 11.1394 11.7244
threshold=0 0.044458800926804549 259.15000000000003 1 0.14560833573341372 -0.44675700366497034
decision_type=9 2 8 9 2 2
left_child=4 -2 3 -3 5 -1
right_child=1 2 -4 -5 -6 -7
leaf_value=0.006389879130178148 -0.0046142156195789225 0.0089102254431055322 9.4842599744353001e-05 0.0013374804940342255 -0.008576019752184855 -0.002430975755996408
leaf_weight=27.718975409865379 97.713267870247364 62.478333540260792 1482.8822438493371 311.3374635502696 43.769199103116989 256.63055515289307
leaf_count=116 430 420 6531 1370 203 1161
internal_value=-2.45117e-05 0.00039154 0.000658753 0.00289129 -0.002436 -0.00155731
internal_weight=2282.53 1954.41 1856.7 373.816 328.119 284.35
internal_count=10231 8751 8321 1790 1480 1277
cat_boundaries=0 1 2
cat_threshold=143721477 538990592
is_linear=0
shrinkage=0.013029


Tree=373
num_leaves=7
num_cat=1
split_feature=124 63 138 125 69 6
split_gain=13.3922 11.5816 14.3056 14.3408 14.0239 10.4452
threshold=973.2273333333527 -0.031219724565744397 0 0.40212765957446811 -0.12512968480587003 0.03785128332674504
decision_type=8 2 9 8 2 2
left_child=1 2 -1 -4 -3 -6
right_child=-2 4 3 -5 5 -7
leaf_value=-0.0061118744599412541 0.0085784254131012275 -0.0054538560710183882 0.0020932132395406707 -0.0028510439353061409 0.00012964473130765226 0.0028898952200579094
leaf_weight=96.896824941039085 29.549302652478218 67.180461578071117 174.33526767045259 230.37474182993174 1408.510742969811 278.09403221309185
leaf_count=440 293 299 815 1007 6184 1213
internal_value=-3.16675e-05 -0.000147141 -0.00189145 -0.000703928 0.000352321 0.000585792
internal_weight=2284.94 2255.39 501.607 404.71 1753.79 1686.6
internal_count=10251 9958 2262 1822 7696 7397
cat_boundaries=0 1
cat_threshold=1086882176
is_linear=0
shrinkage=0.013029


Tree=374
num_leaves=7
num_cat=0
split_feature=119 135 133 101 47 91
split_gain=17.4273 16.9183 16.1539 18.185 14.4343 18.7396
threshold=1.0000000180025095e-35 1.4500000000000002 1.0000000180025095e-35 60.500000000000007 0.12130652368068696 -0.24201637506484983
decision_type=2 2 2 2 2 2
left_child=1 -1 3 4 5 -3
right_child=-2 2 -4 -5 -6 -7
leaf_value=-0.0027008326630745417 0.0053401408034456357 0.0056865837255431467 -0.0020331977182502063 0.0031259706132486017 -0.0025248914880628332 5.0732464247225035e-05
leaf_weight=355.95611695200205 103.86578376218677 119.22133741527796 369.48530456796288 469.25716333463788 274.10017814487219 607.34695744886994
leaf_count=1680 555 518 1699 2041 1183 2656
internal_value=0.000143728 -0.000103771 0.000399652 0.00101187 1.89587e-05 0.000980164
internal_weight=2299.23 2195.37 1839.41 1469.93 1000.67 726.568
internal_count=10332 9777 8097 6398 4357 3174
is_linear=0
shrinkage=0.013029


Tree=375
num_leaves=7
num_cat=0
split_feature=123 62 69 56 53 63
split_gain=16.3276 13.5176 13.8673 11.1887 12.5512 11.3556
threshold=142.50000000000003 -0.27393382787704462 0.096065476536750807 -0.19256992638111112 0.19081434607505801 0.13588505238294604
decision_type=2 2 2 2 2 2
left_child=1 3 -3 -1 5 -5
right_child=-2 2 -4 4 -6 -7
leaf_value=0.0027379698940100043 0.002495387062578631 -0.00087582407746532786 -0.0046132579753403961 -0.00055736142718984592 0.0051115108475328786 -0.0072270912575283308
leaf_weight=294.80551393330097 315.38968969136477 1166.912488438189 196.38048587739468 214.57404443994164 50.850799549371004 53.632330194115639
leaf_count=1328 1380 5252 896 970 237 234
internal_value=-0.000254282 -0.00069364 -0.00141632 0.0009111 -0.000779242 -0.00190666
internal_weight=2292.55 1977.16 1363.29 613.863 319.057 268.206
internal_count=10297 8917 6148 2769 1441 1204
is_linear=0
shrinkage=0.013029


Tree=376
num_leaves=7
num_cat=2
split_feature=135 123 138 122 128 138
split_gain=17.0769 18.3623 21.5384 20.6992 15.0699 14.3562
threshold=4.5000000000000009 142.50000000000003 0 698.81989583333348 3.96238425925926 1
decision_type=2 2 9 8 2 9
left_child=5 2 -2 4 -4 -1
right_child=1 -3 3 -5 -6 -7
leaf_value=0.00084995544769156297 -0.00099085824717616154 0.0056623758607511733 0.0044852716038658261 8.8003010772329051e-05 0.014304992203748349 -0.001927983471649542
leaf_weight=484.69414905458689 522.46705158054829 140.72392329573631 95.544719628989697 139.78343370556831 36.655922416597605 878.71426483988762
leaf_count=2194 2289 624 476 609 165 3967
internal_value=-1.85024e-05 0.0013369 0.000566331 0.00346178 0.00726998 -0.000948396
internal_weight=2298.58 935.175 794.451 271.984 132.201 1363.41
internal_count=10324 4163 3539 1250 641 6161
cat_boundaries=0 1 2
cat_threshold=414722202 459568072
is_linear=0
shrinkage=0.013029


Tree=377
num_leaves=7
num_cat=0
split_feature=16 101 135 132 130 122
split_gain=16.2101 15.0142 11.8183 11.7206 21.2029 17.5065
threshold=-0.50217601656913746 60.500000000000007 1.4500000000000002 4.5000000000000009 23.250000000000004 837.05000000000007
decision_type=2 2 2 2 2 10
left_child=-1 3 -3 4 -2 -5
right_child=1 2 -4 5 -6 -7
leaf_value=0.0070285158371725517 0.0018588867752644413 -0.0032444002966423293 0.0019075333978485723 0.0019321729775721263 -0.0044366104303901243 -0.001534235739566624
leaf_weight=52.02763968706131 123.80833961069584 85.337277263402939 623.90006484091282 391.21640710905194 336.64762366935611 669.63449818640947
leaf_count=238 556 404 2775 1811 1483 2985
internal_value=-0.000111021 -0.000279738 0.00128501 -0.00100949 -0.00274361 -0.000255469
internal_weight=2282.57 2230.54 709.237 1521.31 460.456 1060.85
internal_count=10252 10014 3179 6835 2039 4796
is_linear=0
shrinkage=0.013029


Tree=378
num_leaves=7
num_cat=0
split_feature=92 12 84 63 3 81
split_gain=17.7082 14.8587 13.7512 13.5915 13.0888 12.6876
threshold=0.52782857418060314 0.17949046939611438 0.13176789879798892 -0.034089200198650353 0.35657480359077459 -0.12141566351056098
decision_type=2 2 2 2 2 2
left_child=1 3 -2 4 5 -1
right_child=2 -3 -4 -5 -6 -7
leaf_value=-0.0096425546316904077 -0.0044569662349391147 -0.0084288005159711132 -0.00054016887912460801 0.0017060517291131773 0.0046174640276406423 -0.0013221935592098257
leaf_weight=34.729416292160749 207.40024807304144 28.142499648034573 566.87104935199022 1127.7846466973424 53.906389147043228 257.76507339254022
leaf_count=159 925 124 2507 5086 246 1170
internal_value=7.30707e-06 0.000832164 -0.00159247 0.00101294 -0.00124253 -0.0023311
internal_weight=2276.6 1502.33 774.271 1474.19 346.401 292.494
internal_count=10217 6785 3432 6661 1575 1329
is_linear=0
shrinkage=0.013029


Tree=379
num_leaves=7
num_cat=2
split_feature=138 138 39 1 99 92
split_gain=16.7333 13.3873 13.9052 14.1147 15.3429 12.948
threshold=0 1 0.44679851830005651 0.034850455820560462 -0.47283673286437983 0.54441115260124218
decision_type=9 9 2 2 2 2
left_child=-1 -2 3 -3 5 -5
right_child=1 2 -4 4 -6 -7
leaf_value=-0.0033009519944084426 0.0074639654030496452 0.0021118101417795447 -0.0064978996022485979 0.0020735091947007241 -0.0014104442040359 -0.004856963739909125
leaf_weight=250.61977404356003 31.483467046171427 500.83004909008741 52.912986375391483 462.26185723394156 941.00449009239674 50.104991346597672
leaf_count=1175 300 2194 233 2053 4102 232
internal_value=-0.00019741 0.000200353 4.7401e-05 0.000227166 -0.000422995 0.00138998
internal_weight=2289.22 2038.6 2007.11 1954.2 1453.37 512.367
internal_count=10289 9114 8814 8581 6387 2285
cat_boundaries=0 1 2
cat_threshold=10027012 17059840
is_linear=0
shrinkage=0.013029


Tree=380
num_leaves=7
num_cat=3
split_feature=135 138 128 138 122 138
split_gain=22.9913 16.8217 21.8056 13.4114 19.2197 13.3595
threshold=4.5000000000000009 0 8.4833449074074085 1 998.9652500000002 2
decision_type=2 9 2 9 8 9
left_child=1 -1 5 -2 -5 -3
right_child=3 2 -4 4 -6 -7
leaf_value=-0.0021442734899545044 8.476036043810439e-07 -0.0018072708022835006 0.007192109503698375 0.0062584352759393579 0.0008100614477341121 0.0035720888742571165
leaf_weight=905.94058100134134 492.41268268227577 278.68943940848112 77.530356258153915 194.18920980766416 252.60951272398233 96.936658293008804
leaf_count=4091 2104 1211 346 932 1148 501
internal_value=-5.04252e-05 -0.00113349 0.000914532 0.00151651 0.00311463 -0.000368016
internal_weight=2298.31 1359.1 453.156 939.211 446.799 375.626
internal_count=10333 6149 2058 4184 2080 1712
cat_boundaries=0 1 2 3
cat_threshold=2763884710 2595751050 306192472
is_linear=0
shrinkage=0.013029


Tree=381
num_leaves=7
num_cat=0
split_feature=60 133 128 67 127 74
split_gain=18.6904 16.6692 15.9375 14.057 12.398 10.0396
threshold=-0.1080157235264778 1.0000000180025095e-35 5.9201620370370378 0.050978502258658416 18.335763888888891 0.3217573761940003
decision_type=2 2 2 2 2 2
left_child=-1 3 -3 5 -4 -2
right_child=1 2 4 -5 -6 -7
leaf_value=-0.0053473049383115897 -0.0026360435727685021 -0.0034869835392631293 0.0047570439887825756 0.003485975335642461 -0.0037007626343350049 0.00071015845126028989
leaf_weight=105.61875597015023 172.06179957091808 328.50600048899651 86.010277383029461 282.45710438489914 43.897619716823101 1278.3753788471222
leaf_count=493 767 1549 384 1280 194 5641
internal_value=-1.26504e-05 0.000246125 -0.00196139 0.000830659 0.00189445 0.00031211
internal_weight=2296.93 2191.31 458.414 1732.89 129.908 1450.44
internal_count=10308 9815 2127 7688 578 6408
is_linear=0
shrinkage=0.013029


Tree=382
num_leaves=7
num_cat=0
split_feature=135 10 63 49 84 57
split_gain=13.3676 13.577 10.7153 10.3482 10.0056 10.732
threshold=1.7500000000000002 -0.26074998080730433 -0.037109248340129845 -0.025126435793936249 0.25552013516426092 0.12701264768838885
decision_type=2 2 2 2 2 2
left_child=4 3 -3 -2 5 -1
right_child=1 2 -4 -5 -6 -7
leaf_value=-0.0043253710871540511 -0.0068388073025502996 -0.0012070384504967095 0.0017798317252376297 -0.00065617782062508219 0.0021833973689711979 0.0027104386670704517
leaf_weight=257.42269284278154 49.108438536524773 254.13829181343317 1021.7059854902327 595.83386497199535 68.240809582173824 42.426572568714619
leaf_count=1205 211 1135 4542 2665 323 200
internal_value=-3.01715e-05 0.000405919 0.00118453 -0.00113396 -0.0023022 -0.0033258
internal_weight=2288.88 1920.79 1275.84 644.942 368.09 299.849
internal_count=10281 8553 5677 2876 1728 1405
is_linear=0
shrinkage=0.013029


Tree=383
num_leaves=7
num_cat=1
split_feature=138 39 123 116 10 134
split_gain=16.1911 15.6904 15.9156 14.908 18.9785 12.3743
threshold=0 0.42400380969047552 152.50000000000003 1.0000000180025095e-35 -0.24718891084194181 1.0000000180025095e-35
decision_type=9 2 2 2 2 2
left_child=3 2 5 4 -1 -2
right_child=1 -3 -4 -5 -6 -7
leaf_value=-0.0037810522818150279 7.4316919797968705e-05 -0.0079713798348668881 0.0028833643704827589 0.0048644142914833375 0.0032652800213713602 -0.0022623984912927496
leaf_weight=117.0466542057693 941.40405406802893 47.36946003139019 215.96835374087095 194.29975360631943 143.81170587614179 649.79544338583946
leaf_count=505 4188 212 940 970 629 2928
internal_value=-8.00375e-05 -0.000622004 -0.000429744 0.00209345 0.000101921 -0.000880508
internal_weight=2309.7 1854.54 1807.17 455.158 260.858 1591.2
internal_count=10372 8268 8056 2104 1134 7116
cat_boundaries=0 1
cat_threshold=1229214337
is_linear=0
shrinkage=0.013029


Tree=384
num_leaves=7
num_cat=2
split_feature=135 138 4 138 68 63
split_gain=16.7909 14.4757 15.8332 10.1057 10.0994 11.3621
threshold=1.7500000000000002 0 -0.11255602911114691 1 -0.57162332534790028 -0.0031283324351534243
decision_type=2 9 2 9 2 2
left_child=3 2 -2 -1 -3 -6
right_child=1 4 -4 -5 5 -7
leaf_value=-0.0039807125407508772 -0.0099013716551993817 -0.0037902751985223345 -0.00091526799668137447 0.00046168308800089819 -0.00019731319044267377 0.0020993843790683489
leaf_weight=231.03054445981979 38.459305584430695 68.774355173110962 222.82573992013931 139.58018234372139 566.39341016113758 1030.432576071471
leaf_count=1072 178 293 991 670 2541 4572
internal_value=0.000132342 0.000621015 -0.0021781 -0.0024047 0.00106752 0.00128502
internal_weight=2297.5 1926.89 261.285 370.611 1665.6 1596.83
internal_count=10317 8575 1169 1742 7406 7113
cat_boundaries=0 1 2
cat_threshold=1082655757 110725890
is_linear=0
shrinkage=0.013029


Tree=385
num_leaves=7
num_cat=1
split_feature=81 74 110 136 16 123
split_gain=16.6534 15.2718 15.0594 13.8587 11.6515 11.5158
threshold=-0.01485850755125284 0.34738174080848699 1.0000000180025095e-35 0 -0.20223858952522275 12.500000000000002
decision_type=2 2 2 1 2 2
left_child=2 -2 -1 5 -5 -4
right_child=1 -3 3 4 -6 -7
leaf_value=0.0095067133570895419 -0.0041032469131415481 -0.00053892604048544346 0.0071319511651925706 -0.00014879297281403665 -0.0072105779831446847 0.001488432993413903
leaf_weight=33.491357337683439 252.30290675163269 1056.2191194519401 73.666729729622602 484.75739238411188 42.488565430045128 354.96327187120914
leaf_count=206 1139 4697 330 2195 191 1574
internal_value=-0.000263859 -0.00122804 0.00101131 0.000706812 -0.000713305 0.00241237
internal_weight=2297.89 1308.52 989.367 955.876 527.246 428.63
internal_count=10332 5836 4496 4290 2386 1904
cat_boundaries=0 1
cat_threshold=12
is_linear=0
shrinkage=0.013029


Tree=386
num_leaves=7
num_cat=2
split_feature=135 138 91 138 21 116
split_gain=18.9991 18.8352 13.6722 13.6157 11.1757 11.7097
threshold=1.7500000000000002 0 -0.25647738575935358 1 -0.29788956046104426 1.0000000180025095e-35
decision_type=2 9 2 9 2 2
left_child=-1 2 -2 -3 -4 -6
right_child=1 3 4 -5 5 -7
leaf_value=-0.0027032655540877031 0.0038631857978174626 0.00075645435443501676 -0.006860852063165856 0.0049951397501562956 -0.003949014391357762 0.0024795061005177046
leaf_weight=366.41428919881582 53.048644930124283 1423.1180200949311 98.417665705084801 132.45462828874588 126.23558269441128 76.834116980433464
leaf_count=1725 230 6213 435 722 578 344
internal_value=1.13548e-05 0.00053291 -0.00213955 0.00114906 -0.00327317 -0.00151653
internal_weight=2276.52 1910.11 354.536 1555.57 301.487 203.07
internal_count=10247 8522 1587 6935 1357 922
cat_boundaries=0 1 2
cat_threshold=10264717 3177188352
is_linear=0
shrinkage=0.013029


Tree=387
num_leaves=7
num_cat=0
split_feature=15 133 58 71 48 134
split_gain=13.009 11.1243 12.4858 11.9658 11.8418 11.3318
threshold=-0.14282311499118802 1.0000000180025095e-35 -0.10438451170921324 -0.023133317939937111 0.30025200545787817 1.0000000180025095e-35
decision_type=2 2 2 2 2 2
left_child=-1 2 3 -2 -4 -5
right_child=1 -3 4 5 -6 -7
leaf_value=0.0020951224831233608 -0.0070787376925895837 -0.0024022357114623764 -0.0011971209934263404 0.001357545561533851 0.0017170701672813225 -0.0035627094440922875
leaf_weight=419.09399392455816 63.553129702806473 388.68233611434698 347.21440426632762 171.72186194360256 740.25084527209401 146.7422465197742
leaf_count=1907 288 1811 1525 758 3294 660
internal_value=2.35944e-05 -0.000444245 7.45609e-05 -0.00194957 0.00078643 -0.000912501
internal_weight=2277.26 1858.16 1469.48 382.017 1087.47 318.464
internal_count=10243 8336 6525 1706 4819 1418
is_linear=0
shrinkage=0.013029


Tree=388
num_leaves=7
num_cat=0
split_feature=10 37 68 49 66 4
split_gain=12.6513 15.7744 14.5128 14.4182 13.5822 11.8705
threshold=-0.26490798592567438 0.18764149397611621 -0.22164892405271527 0.24708868563175204 -0.23919533938169477 -0.017816876061260697
decision_type=2 2 2 2 2 2
left_child=1 4 5 -4 -1 -2
right_child=2 -3 3 -5 -6 -7
leaf_value=-0.0046630315030895481 -1.7440568773280504e-05 0.0015722337080926975 -0.00063566823397834813 -0.0089504085002958377 -0.00030562561796475854 0.002512801804507706
leaf_weight=255.78845643252134 559.64296167343855 224.27826857939363 244.90859051793814 40.701296970248222 230.81000088900328 718.54289462417364
leaf_count=1192 2503 1008 1098 179 1025 3232
internal_value=0.000157201 -0.00128317 0.000812256 -0.00183985 -0.00259963 0.00140556
internal_weight=2274.67 710.877 1563.8 285.61 486.598 1278.19
internal_count=10237 3225 7012 1277 2217 5735
is_linear=0
shrinkage=0.013029


Tree=389
num_leaves=7
num_cat=1
split_feature=123 138 48 31 47 18
split_gain=18.7669 15.2955 15.1703 12.1972 11.6639 9.95587
threshold=187.50000000000003 0 0.29550319910049444 -0.57748949527740467 0.041166422888636596 0.17630100250244143
decision_type=2 9 2 2 2 2
left_child=1 2 4 -3 -1 -5
right_child=-2 3 -4 5 -6 -7
leaf_value=-0.005070396133904349 0.0064719684543958845 0.0056675311841603805 0.0038581038461082697 -0.0059684081292272137 0.0031669839980062982 -0.00065851269148335472
leaf_weight=70.278121527284384 74.462586611509323 49.471511833369732 276.95209103822708 61.465684525668621 48.921378023922443 1681.0637287050486
leaf_count=304 335 223 1323 281 227 7479
internal_value=7.10726e-05 -0.00014878 0.00213462 -0.000662421 -0.00169091 -0.000848171
internal_weight=2262.62 2188.15 396.152 1792 119.199 1742.53
internal_count=10172 9837 1854 7983 531 7760
cat_boundaries=0 1
cat_threshold=1094734122
is_linear=0
shrinkage=0.013029


Tree=390
num_leaves=7
num_cat=0
split_feature=135 81 9 5 83 122
split_gain=14.3853 12.8006 13.6314 11.8061 13.0519 10.4708
threshold=6.5000000000000009 -0.034036653116345399 -0.11051508411765097 -0.014477543998509644 -0.16470271348953244 259.15000000000003
decision_type=2 2 2 2 2 8
left_child=5 3 -3 -2 -5 -1
right_child=1 2 -4 4 -6 -7
leaf_value=0.0013431424909764861 0.0088336958768104167 0.0025739160313726266 -0.0034246509456916604 -0.0056591693205813899 0.0052831584300935064 -0.00099251336664247288
leaf_weight=423.39449983462691 75.406977161765099 185.8129961900413 97.447766862809658 26.879591893404722 55.635962300002575 1405.8210769593716
leaf_count=2030 341 808 436 121 250 6235
internal_value=5.7911e-05 0.00216769 0.000506873 0.00513103 0.00170078 -0.000451585
internal_weight=2270.4 441.183 283.261 157.923 82.5156 1829.22
internal_count=10221 1956 1244 712 371 8265
is_linear=0
shrinkage=0.013029


Tree=391
num_leaves=7
num_cat=0
split_feature=110 35 121 3 63 24
split_gain=9.36684 10.4128 9.27028 16.3647 14.4198 14.0857
threshold=1.0000000180025095e-35 -0.069346666336059556 53.500000000000007 0.24825105816125873 -0.034089200198650353 0.23964820802211764
decision_type=2 2 8 2 2 2
left_child=1 -1 3 4 -2 -6
right_child=2 -3 -4 -5 5 -7
leaf_value=0.010085445780404875 -0.0030432773912503529 -0.00056956645979941553 -0.00090856925714018905 -0.00073123529116313213 0.0013725070502461183 0.0067309080293920763
leaf_weight=31.369526788592339 60.35091020911932 30.112052071839571 1308.5765029042959 513.13771149888635 180.98672004044056 154.28280545771122
leaf_count=184 282 184 5749 2319 804 728
internal_value=-6.69135e-05 0.00492004 -0.000206723 0.000803829 0.00279262 0.00384734
internal_weight=2278.82 61.4816 2217.33 908.758 395.62 335.27
internal_count=10250 368 9882 4133 1814 1532
is_linear=0
shrinkage=0.013029


Tree=392
num_leaves=7
num_cat=2
split_feature=138 133 134 135 47 138
split_gain=16.8721 16.7545 19.7688 20.2219 19.622 16.5731
threshold=0 1.0000000180025095e-35 1.0000000180025095e-35 6.5000000000000009 0.16300138086080554 1
decision_type=9 2 2 2 2 9
left_child=-1 2 4 -4 5 -2
right_child=1 -3 3 -5 -6 -7
leaf_value=0.0065706123550432925 0.0039490488474825782 -0.0026275141655027587 -0.0020999914390417962 0.0036789875217040878 -0.0027869088475872246 0.00019906163156627551
leaf_weight=51.220311481505632 444.1285907626152 431.58837234973907 701.87697115540504 119.73727361112833 152.62840307503939 371.27925078570843
leaf_count=398 1999 1955 3107 525 663 1583
internal_value=-0.000139174 -0.000324063 0.000230445 -0.00125534 0.00149149 0.00229406
internal_weight=2272.46 2221.24 1789.65 821.614 968.036 815.408
internal_count=10230 9832 7877 3632 4245 3582
cat_boundaries=0 1 2
cat_threshold=16797728 2453932954
is_linear=0
shrinkage=0.013029


Tree=393
num_leaves=7
num_cat=0
split_feature=135 58 89 100 101 92
split_gain=14.255 12.647 14.9639 13.5097 11.5245 10.6534
threshold=9.5000000000000018 -0.078881610184907899 0.3557355552911759 3.5000000000000004 68.500000000000014 0.57429739832878124
decision_type=2 2 2 2 2 2
left_child=1 -1 3 -3 -5 -2
right_child=5 2 -4 4 -6 -7
leaf_value=-0.0016850613418035662 0.0049790970358507096 0.0061705254824438328 0.0043749094977483744 -0.0011864389448019176 0.001679736602336949 -0.0035734989038745299
leaf_weight=744.33507088944316 145.71618741750717 55.842395011335611 144.86142575740814 816.91091540828347 335.31917578354478 29.211427226662636
leaf_count=3376 667 254 669 3650 1501 122
internal_value=-2.33568e-05 -0.00032185 0.00042863 -4.68675e-05 -0.00035181 0.0035422
internal_weight=2272.2 2097.27 1352.93 1208.07 1152.23 174.928
internal_count=10239 9450 6074 5405 5151 789
is_linear=0
shrinkage=0.013029


Tree=394
num_leaves=7
num_cat=1
split_feature=135 138 1 124 79 96
split_gain=16.8112 13.2364 16.5314 22.7907 15.0685 13.6016
threshold=9.5000000000000018 0 0.20747628808021548 281.58400000000029 -0.1695224046707153 -0.19034376740455625
decision_type=2 9 2 8 2 2
left_child=1 4 3 -3 5 -1
right_child=-2 2 -4 -5 -6 -7
leaf_value=-0.0060523256697829902 0.0037337872417552713 0.00058187486763897371 -0.0040669483972529605 0.0077522719955992305 -0.0037328453332848375 0.00024099436960387346
leaf_weight=63.570003822445869 183.68749356269836 886.03501032292843 112.67971031740308 81.537510976195335 328.70992694050074 625.86369540542364
leaf_count=287 824 3918 515 499 1448 2762
internal_value=-3.8018e-05 -0.000369344 0.000634699 0.00119137 -0.00142656 -0.000344925
internal_weight=2282.08 2098.4 1080.25 967.573 1018.14 689.434
internal_count=10253 9429 4932 4417 4497 3049
cat_boundaries=0 1
cat_threshold=547957301
is_linear=0
shrinkage=0.013029


Tree=395
num_leaves=7
num_cat=2
split_feature=138 136 123 4 36 38
split_gain=19.0042 18.4124 20.1807 14.8951 18.7018 12.7554
threshold=0 1 142.50000000000003 -0.082644578069448457 -0.01380677707493305 -0.30304597318172449
decision_type=9 1 2 2 2 2
left_child=3 -2 -3 4 -1 -5
right_child=1 2 -4 5 -6 -7
leaf_value=0.0020804656919658849 0.0043217250829544612 -0.00032782902801710916 0.0035745002682475041 0.0068256880655271478 -0.010796820975164337 -0.0014611233277827824
leaf_weight=27.771207228302956 228.67434351146221 1180.4100105725229 277.19186927378178 33.150879353284836 59.5120759755373 459.16140243411064
leaf_count=126 1119 5165 1217 152 285 2136
internal_value=0.000268666 0.00096684 0.000412826 -0.00174784 -0.00671591 -0.000894076
internal_weight=2265.87 1686.28 1457.6 579.596 87.2833 492.312
internal_count=10200 7501 6382 2699 411 2288
cat_boundaries=0 1 2
cat_threshold=2291762196 20
is_linear=0
shrinkage=0.013029


Tree=396
num_leaves=7
num_cat=0
split_feature=95 62 121 16 54 121
split_gain=14.7121 14.6701 13.8719 13.2257 12.2655 12.7967
threshold=-0.12483450770378111 -0.24884287267923352 36.833333333333336 -0.46754619479179377 0.23572278767824176 163.33333333333334
decision_type=2 2 8 2 2 8
left_child=3 2 -2 -1 5 -3
right_child=1 4 -4 -5 -6 -7
leaf_value=0.0083085417199934963 0.0048744016595914999 -0.0017724967271108029 -0.00047507342207759516 0.00085352670390145618 -0.0051076637785072683 0.0060122355912158483
leaf_weight=41.209769278764725 108.0667776055634 419.06491062790155 337.48233907669783 1122.6631743460894 181.66415087133646 38.498177856206894
leaf_count=179 562 1929 1479 4966 844 177
internal_value=0.000105302 -0.000985979 0.000828126 0.0011224 -0.00224995 -0.0011092
internal_weight=2248.65 1084.78 445.549 1163.87 639.227 457.563
internal_count=10136 4991 2041 5145 2950 2106
is_linear=0
shrinkage=0.013029


Tree=397
num_leaves=7
num_cat=0
split_feature=48 17 127 73 52 79
split_gain=14.5709 13.5651 12.3448 13.0334 12.3796 11.9225
threshold=0.30970357358455664 -0.11542845889925955 6.9997974537037049 -0.14446722716093061 0.068561822175979628 -0.24200091511011121
decision_type=2 2 2 2 2 2
left_child=1 -1 4 5 -2 -4
right_child=2 -3 3 -5 -6 -7
leaf_value=-0.0001286588029689379 0.0094722369568323184 -0.0041470863921415427 0.0015904187766576615 0.0010573522145127501 -0.0010775564777060593 -0.0088333810189352574
leaf_weight=547.18825322389603 54.992100954055786 192.18069921433926 31.726157069206238 1378.0408141613007 28.361441850662231 43.762419298291206
leaf_count=2442 244 877 145 6220 127 212
internal_value=0.000326066 -0.00117613 0.00104896 0.000767799 0.00590386 -0.00447853
internal_weight=2276.25 739.369 1536.88 1453.53 83.3535 75.4886
internal_count=10267 3319 6948 6577 371 357
is_linear=0
shrinkage=0.013029


Tree=398
num_leaves=7
num_cat=0
split_feature=62 65 21 35 50 91
split_gain=13.5252 15.4563 15.181 10.2285 10.8915 9.85258
threshold=-0.27393382787704462 0.083033408969640746 -0.28977118432521815 0.051417561247944839 0.15108985453844073 -0.20412129908800122
decision_type=2 2 2 2 2 2
left_child=3 2 5 4 -1 -2
right_child=1 -3 -4 -5 -6 -7
leaf_value=0.0024653834800631245 0.00078012961340302928 -0.0064796777796545255 0.00026888141785423662 -0.0039562645679675759 -0.0020880832360338181 -0.0037690469182252726
leaf_weight=558.47311861440539 107.44110262393951 78.537523131817579 1053.6962782293558 57.523005679249763 105.52467298135161 322.81063879281282
leaf_count=2520 475 366 4770 255 466 1433
internal_value=-0.000191973 -0.000873204 -0.000573522 0.00128267 0.00174027 -0.00263363
internal_weight=2284.01 1562.49 1483.95 721.521 663.998 430.252
internal_count=10285 7044 6678 3241 2986 1908
is_linear=0
shrinkage=0.013029


Tree=399
num_leaves=7
num_cat=0
split_feature=6 89 127 131 127 7
split_gain=12.9868 14.3583 16.839 16.5367 16.4818 13.7932
threshold=-0.15676162391901013 0.28339056670665747 13.999913194444447 7.4654392930327882 13.999438657407408 -0.25132825970649714
decision_type=2 2 2 8 2 2
left_child=-1 2 4 5 -2 -4
right_child=1 -3 3 -5 -6 -7
leaf_value=-0.0024968165109826891 -0.00071622218788183756 0.0018668166812219774 0.00018553722913203208 0.0060421175845590978 0.003431574061972456 -0.0041113538478349592
leaf_weight=330.81907323747873 417.87452851608396 652.5480758138001 191.70472295582294 39.044114422053099 265.33049994334579 373.62007023394108
leaf_count=1516 1876 2992 859 175 1163 1649
internal_value=-0.000113669 0.000293458 -0.000504517 -0.0020875 0.000896515 -0.00265585
internal_weight=2270.94 1940.12 1287.57 604.369 683.205 565.325
internal_count=10230 8714 5722 2683 3039 2508
is_linear=0
shrinkage=0.013029


Tree=400
num_leaves=7
num_cat=0
split_feature=39 91 21 123 19 72
split_gain=13.4378 13.6743 15.0397 10.6932 10.3993 10.2157
threshold=0.38367684185504919 -0.24201637506484983 -0.34583564102649683 171.50000000000003 0.37754240632057195 -0.11451885476708411
decision_type=2 2 2 2 2 2
left_child=1 -1 4 -4 -3 -2
right_child=5 2 3 -5 -6 -7
leaf_value=0.0031242806010600322 -0.011237423445559249 0.0032662708932906593 6.4542230043302678e-05 0.0040997698812872156 -0.0045537180145588793 -0.0021128421184420662
leaf_weight=259.24644732102752 25.98091021925211 33.822261728346348 1569.4528030380607 119.29452839493752 180.07281840965152 97.131779324263334
leaf_count=1165 118 153 7109 529 788 437
internal_value=8.24248e-05 0.000321406 -6.15266e-05 0.000351199 -0.00331045 -0.0040919
internal_weight=2285 2161.89 1902.64 1688.75 213.895 123.113
internal_count=10299 9744 8579 7638 941 555
is_linear=0
shrinkage=0.013029


Tree=401
num_leaves=7
num_cat=0
split_feature=12 133 78 114 135 59
split_gain=13.7762 10.575 14.1091 12.1199 17.4155 12.1714
threshold=0.20470320433378222 1.0000000180025095e-35 -0.21487063169479367 2.5000000000000004 9.5000000000000018 -0.19451477378606793
decision_type=2 2 2 2 2 2
left_child=1 3 -3 -1 5 -5
right_child=-2 2 -4 4 -6 -7
leaf_value=0.0011640293695774893 -0.0091224785496999816 0.0062243321606614815 -0.0025017529354305628 -0.00037708012413621115 0.0078117241300760436 -0.00436531523318781
leaf_weight=1131.6442346423864 28.429055966436863 33.272791750729084 427.84725579619408 434.44957521185279 34.809242889285088 184.6851389631629
leaf_count=5072 128 158 2002 1918 147 822
internal_value=-0.000221581 -0.000106102 -0.0018635 0.000348299 -0.00106305 -0.0015704
internal_weight=2275.14 2246.71 461.12 1785.59 653.944 619.135
internal_count=10247 10119 2160 7959 2887 2740
is_linear=0
shrinkage=0.013029


Tree=402
num_leaves=7
num_cat=0
split_feature=62 95 74 60 89 24
split_gain=14.4529 12.6498 11.2232 11.7975 11.6677 13.7649
threshold=-0.24884287267923352 -0.12636924535036084 0.43529884517192846 -0.052537947893142693 0.3518254160881043 0.23775688558816913
decision_type=2 2 2 2 2 2
left_child=2 -2 3 -1 5 -4
right_child=1 -3 4 -5 -6 -7
leaf_value=-0.0036034111137408873 0.00031756501319832396 -0.0022278884037294257 -0.0039469537612806483 0.0029939275207546277 0.0038587223829024261 0.0013272264499720435
leaf_weight=50.168113566935062 659.83056201413274 664.83544898033142 183.29392348229885 490.60085247829556 84.321678627282381 154.05503148958087
leaf_count=223 2914 3070 797 2215 386 702
internal_value=-7.78543e-05 -0.00096048 0.00113677 0.00237795 -0.000456298 -0.0015407
internal_weight=2287.11 1324.67 962.44 540.769 421.671 337.349
internal_count=10307 5984 4323 2438 1885 1499
is_linear=0
shrinkage=0.013029


Tree=403
num_leaves=7
num_cat=0
split_feature=133 128 101 130 132 123
split_gain=13.7111 18.977 15.4583 11.911 15.214 16.7963
threshold=1.0000000180025095e-35 8.7453414351851873 60.500000000000007 23.250000000000004 4.5000000000000009 106.50000000000001
decision_type=2 2 2 2 2 2
left_child=2 -2 3 -1 5 -5
right_child=1 -3 -4 4 -6 -7
leaf_value=0.0035848457949264599 -0.0033520083024382403 0.0031347638661824938 0.002320247272998672 -0.0046017458482778871 0.00019589809394407877 0.0032911592225127284
leaf_weight=120.00529916584492 371.70470207184553 95.767505303025246 542.25653474777937 253.63406524062157 835.48880905285478 55.27177494764328
leaf_count=543 1767 430 2397 1110 3771 238
internal_value=-3.32808e-05 -0.00202037 0.000481471 -0.000307976 -0.000718164 -0.00318517
internal_weight=2274.13 467.472 1806.66 1264.4 1144.39 308.906
internal_count=10256 2197 8059 5662 5119 1348
is_linear=0
shrinkage=0.013029


Tree=404
num_leaves=7
num_cat=1
split_feature=138 135 127 133 101 40
split_gain=16.2299 15.3499 13.0245 14.3399 15.5874 14.6185
threshold=0 14.500000000000002 6.9997974537037049 1.0000000180025095e-35 70.500000000000014 -0.31768378615379328
decision_type=9 2 2 2 2 2
left_child=-1 2 -2 4 5 -4
right_child=1 -3 3 -5 -6 -7
leaf_value=0.0077939788360041366 0.0042291215578217417 0.0061737095142662688 -0.0043532998625618489 -0.0029421190002932936 0.0020068368558360896 -0.00035349923316718853
leaf_weight=31.650107394903898 92.883136093616486 58.91682680696249 179.83598247915506 403.8746400102973 407.3783560320735 1102.2630706951022
leaf_count=311 418 264 807 1841 1774 4865
internal_value=-0.000198962 -0.000347229 -0.000526499 -0.000738872 -0.000211164 -0.00091664
internal_weight=2276.8 2245.15 2186.24 2093.35 1689.48 1282.1
internal_count=10280 9969 9705 9287 7446 5672
cat_boundaries=0 1
cat_threshold=17059840
is_linear=0
shrinkage=0.013029


Tree=405
num_leaves=7
num_cat=2
split_feature=135 138 7 138 36 128
split_gain=15.0837 17.1441 11.3659 10.8081 13.3017 12.1907
threshold=4.5000000000000009 0 -0.092199791222810731 1 -0.011555851902812718 7.218229166666668
decision_type=2 9 2 9 2 2
left_child=3 -2 -3 4 -1 -6
right_child=1 2 -4 -5 5 -7
leaf_value=0.0088032115325506824 -0.00046464293021128216 0.0019658881008931665 0.0067644564340020195 -0.0013523838291659379 -0.0012244018036780876 0.0076871695021605282
leaf_weight=37.782127074897289 465.11090694367886 344.08934743329883 110.51176622882485 1134.42437492311 146.62683973088861 30.947429526597261
leaf_count=218 1985 1612 501 5063 701 148
internal_value=2.74314e-05 0.00131365 0.00307364 -0.0008492 0.00177746 0.000353156
internal_weight=2269.49 919.712 454.601 1349.78 215.356 177.574
internal_count=10228 4098 2113 6130 1067 849
cat_boundaries=0 1 2
cat_threshold=2562196490 453005992
is_linear=0
shrinkage=0.013029


Tree=406
num_leaves=7
num_cat=0
split_feature=128 133 128 121 127 4
split_gain=14.5141 18.3227 18.0474 16.6912 16.0516 15.7822
threshold=16.514195601851856 1.0000000180025095e-35 0.85070601851851857 86.533333333333346 13.999913194444447 0.087979666888713851
decision_type=2 2 2 8 2 2
left_child=1 2 -1 -3 -4 -2
right_child=5 3 4 -5 -6 -7
leaf_value=0.0012357393446009069 0.0013742418878900542 -0.001141855642830577 0.00036202290643882611 -0.0065816506327033356 -0.0035874183098870919 0.011674764437302825
leaf_weight=993.40730636939406 106.91058815270662 302.00834922119975 371.52000297233462 139.76218692958355 328.82179478555918 32.446409687399864
leaf_count=4423 471 1445 1683 642 1455 143
internal_value=-0.000243519 -0.000509847 0.000106851 -0.00287064 -0.00149406 0.00381959
internal_weight=2274.88 2135.52 1693.75 441.771 700.342 139.357
internal_count=10262 9648 7561 2087 3138 614
is_linear=0
shrinkage=0.013029


Tree=407
num_leaves=7
num_cat=0
split_feature=16 122 65 84 83 3
split_gain=11.3217 11.6289 10.1438 11.11 10.0727 12.1773
threshold=-0.50217601656913746 1.0000000180025095e-35 0.086522947996854796 0.042110359296202667 -0.18677362799644467 0.36808405816555029
decision_type=2 8 2 2 2 2
left_child=-1 -2 4 -4 -3 -6
right_child=1 2 3 -5 5 -7
leaf_value=0.0059973737137352587 0.0067212404369901765 -0.0012484513529186238 0.002272395747661915 -0.0059063319406911568 0.0011233247741756726 -0.0028737929154073064
leaf_weight=53.91446815431118 42.068399392068386 649.86853081732988 39.099088862538338 97.519593231379986 1258.6461597830057 143.51526249945164
leaf_count=247 353 2837 174 436 5615 651
internal_value=0.000137133 -6.36982e-06 -0.000137823 -0.003566 9.15722e-05 0.000712959
internal_weight=2284.63 2230.72 2188.65 136.619 2052.03 1402.16
internal_count=10313 10066 9713 610 9103 6266
is_linear=0
shrinkage=0.013029


Tree=408
num_leaves=7
num_cat=1
split_feature=135 138 129 95 1 90
split_gain=15.6806 12.4222 13.3102 12.4205 12.4122 10.9663
threshold=9.5000000000000018 0 1.0000000180025095e-35 -0.038038028404116624 0.10249974206089975 0.13164141774177554
decision_type=2 9 2 2 2 2
left_child=1 2 3 -1 -4 -3
right_child=-2 5 4 -5 -6 -7
leaf_value=-0.0080346672722123157 0.0037074925510752581 -0.00053860129134685353 0.0018480848260165872 0.0017478494334161893 -0.0058012646427752839 0.0017972681460540346
leaf_weight=103.04459461569786 173.66078646481037 1328.2310631833971 119.58748142421246 27.68623723089695 50.688127145171165 458.31656132638454
leaf_count=486 788 5966 530 133 234 2065
internal_value=-4.60481e-05 -0.000359456 -0.00275848 -0.00596467 -0.000443648 6.07734e-05
internal_weight=2261.21 2087.55 301.006 130.731 170.276 1786.55
internal_count=10202 9414 1383 619 764 8031
cat_boundaries=0 1
cat_threshold=11338764
is_linear=0
shrinkage=0.013029


Tree=409
num_leaves=7
num_cat=0
split_feature=54 133 54 62 62 45
split_gain=14.6934 15.0566 15.5697 14.77 14.3221 11.7254
threshold=0.24683296680450442 1.0000000180025095e-35 0.11592815816402437 -0.32205103337764734 -0.17555979639291761 -0.1769938990473747
decision_type=2 2 2 2 2 2
left_child=1 2 4 -2 -1 -4
right_child=3 -3 5 -5 -6 -7
leaf_value=0.00030736725178724889 0.0022527997565424296 -0.0016510400646323011 0.0035815890619421194 -0.0025391215728834699 -0.0066425777679274467 0.00061773810124401897
leaf_weight=268.42228072136641 137.46208168193698 341.04376413673162 524.16409623250365 521.5023833848536 61.225034080445766 399.32835957407951
leaf_count=1204 606 1600 2382 2337 285 1754
internal_value=9.73339e-05 0.000773759 0.00143423 -0.00153816 -0.000994955 0.00230145
internal_weight=2253.15 1594.18 1253.14 658.964 329.647 923.492
internal_count=10168 7225 5625 2943 1489 4136
is_linear=0
shrinkage=0.013029


Tree=410
num_leaves=7
num_cat=2
split_feature=135 138 61 58 0 138
split_gain=15.3808 13.848 12.8756 12.3115 14.6506 12.654
threshold=4.5000000000000009 0 0.3453605473041535 -0.1382695138454437 0.0067019728012382993 1
decision_type=2 9 2 2 2 9
left_child=3 -2 -3 -1 5 -5
right_child=1 2 -4 4 -6 -7
leaf_value=-0.0039970916857824295 -0.001054675597391249 0.0031267443941863358 -0.0026311518982383751 -0.0042545850994215725 0.00068271583527683129 0.00093723725995725554
leaf_weight=169.01238090917468 264.32606962323189 588.5972922667861 73.687512308359146 221.19675393402576 839.40219259634614 121.63453060761094
leaf_count=789 1151 2668 320 1002 3777 569
internal_value=0.000170859 0.00146313 0.00244706 -0.000715609 -0.000244368 -0.00251099
internal_weight=2277.86 926.611 662.285 1351.25 1182.23 342.831
internal_count=10276 4139 2988 6137 5348 1571
cat_boundaries=0 1 2
cat_threshold=2291664003 2762254612
is_linear=0
shrinkage=0.013029


Tree=411
num_leaves=7
num_cat=0
split_feature=123 127 81 6 94 127
split_gain=14.9081 15.7946 17.7875 17.1874 15.8751 15.0989
threshold=142.50000000000003 13.999959490740741 -0.017501400783658024 0.00074713374488055717 0.25104612112045294 13.999785879629632
decision_type=2 2 2 2 2 2
left_child=1 5 4 -4 -3 -1
right_child=-2 2 3 -5 -6 -7
leaf_value=0.00022346230733954152 0.0028437853875063848 -0.0025952982024707773 -0.0051697884167898698 0.00014792070588803865 0.002818734357278853 0.004869581403085496
leaf_weight=1005.7104123495519 310.9781306758523 159.5794465020299 296.17303736507893 158.07387416809797 214.92481157183647 133.93410239368677
leaf_count=4577 1366 722 1351 700 964 613
internal_value=0.000196229 -0.000222923 -0.00159082 -0.00332193 0.000511223 0.000772182
internal_weight=2279.37 1968.4 828.751 454.247 374.504 1139.64
internal_count=10293 8927 3737 2051 1686 5190
is_linear=0
shrinkage=0.013029


Tree=412
num_leaves=7
num_cat=1
split_feature=138 56 0 67 68 18
split_gain=16.5398 17.887 16.1504 14.9167 13.9321 14.2585
threshold=0 -0.054995490238070481 0.013208212796598675 0.014440680388361217 -0.53540500998496998 0.47540526092052465
decision_type=9 2 2 2 2 2
left_child=2 -2 -1 4 -4 -6
right_child=1 -3 3 -5 5 -7
leaf_value=-0.0025483245077438984 0.0023664952561972511 -0.0056733567174598641 -0.0098351900317392854 0.0024925389734841144 0.00013590936077454181 -0.0063923353967049353
leaf_weight=521.14759027957916 631.49027032405138 50.074372559785843 27.199892416596413 341.16488279402256 635.96553556621075 61.649382159113884
leaf_count=2362 2870 217 124 1537 2856 279
internal_value=6.3297e-05 0.00174494 -0.000666107 0.000248932 -0.000808525 -0.000446923
internal_weight=2268.69 681.565 1587.13 1065.98 724.815 697.615
internal_count=10245 3087 7158 4796 3259 3135
cat_boundaries=0 1
cat_threshold=2931657740
is_linear=0
shrinkage=0.013029


Tree=413
num_leaves=7
num_cat=0
split_feature=81 124 48 57 86 81
split_gain=12.468 12.9449 12.3952 15.083 12.119 10.7295
threshold=-0.017501400783658024 500.85383333333658 0.36143292486667639 0.12826440483331683 -0.071391105651855455 -0.027416924014687535
decision_type=2 8 2 2 2 2
left_child=1 2 3 5 -4 -1
right_child=-2 -3 4 -5 -6 -7
leaf_value=-0.0022332275901971537 -0.00090345652543293692 0.0071756651405035692 0.00051818369566291613 0.0060982897894773019 0.0050671606354345169 0.0043470370347571891
leaf_weight=386.31887216120958 1314.2610315605998 54.541829597204924 250.58150459080935 48.412116475403309 164.29213284701109 46.53034982085228
leaf_count=1731 5893 346 1111 220 726 208
internal_value=-8.14918e-05 0.00105466 0.000676719 -0.000745685 0.00232519 -0.0015199
internal_weight=2264.94 950.677 896.135 481.261 414.874 432.849
internal_count=10235 4342 3996 2159 1837 1939
is_linear=0
shrinkage=0.013029


Tree=414
num_leaves=7
num_cat=0
split_feature=16 59 91 123 122 132
split_gain=15.1084 14.5844 13.0619 11.4406 15.1409 14.6292
threshold=-0.46754619479179377 -0.12107030302286147 -0.1335044130682945 75.500000000000014 74.40000000000002 4.5000000000000009
decision_type=2 2 2 2 8 2
left_child=-1 3 -3 4 -2 -6
right_child=1 2 -4 -5 5 -7
leaf_value=0.0052150252739770206 0.0029215835364913836 0.00046638339360988162 -0.0062610312743023831 0.0013795887986603236 -0.0033952101374940154 -0.00013177966161704294
leaf_weight=90.538099326193333 172.37618505209684 82.472694430500269 119.64202462509274 774.81260287761688 352.48704581707716 686.40752873569727
leaf_count=415 906 373 537 3403 1560 3096
internal_value=2.06148e-05 -0.000195931 -0.0035239 0.000143881 -0.000646908 -0.0012406
internal_weight=2278.74 2188.2 202.115 1986.08 1211.27 1038.89
internal_count=10290 9875 910 8965 5562 4656
is_linear=0
shrinkage=0.013029


Tree=415
num_leaves=7
num_cat=0
split_feature=135 16 121 6 90 86
split_gain=14.5066 13.3682 11.8992 13.1853 12.2679 14.3917
threshold=4.5000000000000009 -0.46754619479179377 16.166666666666668 -0.14928124099969861 0.13164141774177554 -0.018309957347810265
decision_type=2 2 8 2 2 2
left_child=1 -1 -3 -4 -5 -6
right_child=-2 2 3 4 5 -7
leaf_value=0.0053328827283530226 0.0012421174944348488 0.001704511419400514 -0.0049142503323775111 -0.0020069826514162682 0.0030390512308406024 -0.0041586732647765651
leaf_weight=55.766654994338751 926.09853323176503 208.45061095058918 179.03670851141214 649.96248512715101 198.68514482676983 61.094624444842339
leaf_count=258 4138 1028 822 2890 882 276
internal_value=-1.3754e-05 -0.000873574 -0.00114316 -0.00168911 -0.00105106 0.00133957
internal_weight=2279.09 1353 1297.23 1088.78 909.742 259.78
internal_count=10294 6156 5898 4870 4048 1158
is_linear=0
shrinkage=0.013029


Tree=416
num_leaves=7
num_cat=0
split_feature=16 65 29 37 83 7
split_gain=13.5477 12.5902 12.2631 11.4871 9.25656 15.3963
threshold=-0.46754619479179377 0.089403174817562117 -0.063766822218894945 0.34080477058887487 -0.18758796900510785 -0.1322422921657562
decision_type=2 2 2 2 2 2
left_child=2 3 -1 4 5 -2
right_child=1 -3 -4 -5 -6 -7
leaf_value=0.00893523507411393 -0.0033959797937755144 -0.0041900565692602988 -0.0011897348759375697 -0.0063972016636596983 0.00082154244265062316 0.00072963414973127149
leaf_weight=52.98536603525281 273.76610586792231 123.09491224586964 32.4129956997931 44.641867861151695 1397.3569806478918 348.0891898907721
leaf_count=246 1221 581 146 202 6325 1540
internal_value=4.50697e-05 -0.000154473 0.0051142 8.75823e-05 0.000233153 -0.00108843
internal_weight=2272.35 2186.95 85.3984 2063.85 2019.21 621.855
internal_count=10261 9869 392 9288 9086 2761
is_linear=0
shrinkage=0.013029


Tree=417
num_leaves=7
num_cat=0
split_feature=1 75 9 59 133 75
split_gain=16.0791 21.9293 12.6846 11.9849 12.5908 11.7886
threshold=0.092228595167398467 -0.094376139342784868 -0.23902181535959241 -0.15056826919317243 1.0000000180025095e-35 -0.016182015649974343
decision_type=2 2 2 2 2 2
left_child=3 -2 -3 4 5 -1
right_child=1 2 -4 -5 -6 -7
leaf_value=0.0013925990824487839 0.00084529251898945654 -0.008225702152833976 -0.0022022218145891035 -0.0021188764345810465 -0.0013051127285072792 0.0049174121225359115
leaf_weight=648.26787988469005 487.97501020133495 67.644656959921122 459.89033427089453 172.20557230710983 206.78557362407446 214.0510486215353
leaf_count=2896 2206 307 2084 784 957 959
internal_value=7.04793e-05 -0.00114496 -0.00298463 0.00106491 0.00157881 0.00227088
internal_weight=2256.82 1015.51 527.535 1241.31 1069.1 862.319
internal_count=10193 4597 2391 5596 4812 3855
is_linear=0
shrinkage=0.013029


Tree=418
num_leaves=7
num_cat=0
split_feature=121 135 44 123 91 92
split_gain=21.7903 18.9285 17.2321 13.1807 12.405 13.4877
threshold=30.416666666666668 9.5000000000000018 0.057887781411409385 27.500000000000004 -0.16381724923849103 0.52893197536468517
decision_type=8 2 2 2 2 2
left_child=-1 2 3 -2 5 -4
right_child=1 -3 4 -5 -6 -7
leaf_value=0.0022251256653269317 0.00018012801605490648 0.003662927099797634 0.003714063319147658 -0.0043785524772484404 -0.0011593049608144409 -0.0019943252399594719
leaf_weight=558.57092836871743 150.52861241996288 150.40460457652807 222.67896395176649 376.92840397357941 697.94760517030954 101.9656887203455
leaf_count=2653 689 681 978 1685 3079 446
internal_value=-5.89373e-06 -0.00073937 -0.00116802 -0.00307908 -0.000180831 0.00192071
internal_weight=2259.02 1700.45 1550.05 527.457 1022.59 324.645
internal_count=10211 7558 6877 2374 4503 1424
is_linear=0
shrinkage=0.013029


Tree=419
num_leaves=7
num_cat=0
split_feature=124 63 98 54 82 97
split_gain=11.3533 10.5948 12.5162 12.114 11.838 11.5184
threshold=844.14833333334286 -0.032047249376773827 -0.13183908164501187 0.11146666109561922 0.061383843421936042 -0.051700389012694352
decision_type=8 2 2 2 2 2
left_child=1 2 5 -4 -3 -1
right_child=-2 4 3 -5 -6 -7
leaf_value=0.00023664606538914901 0.0075112525071020318 0.00068810166129355148 -0.004825516189438034 0.00094984247823420354 -0.0052471057264087779 -0.0075336835647190886
leaf_weight=48.913171127438545 34.015497054904699 1669.6238661557436 78.81064136326313 273.71215130388737 58.357605539262295 94.877589054405689
leaf_count=220 312 7373 360 1240 258 432
internal_value=0.000118988 3.57632e-06 -0.00167288 -0.00034842 0.000485582 -0.0049023
internal_weight=2258.31 2224.3 496.314 352.523 1727.98 143.791
internal_count=10195 9883 2252 1600 7631 652
is_linear=0
shrinkage=0.013029


Tree=420
num_leaves=7
num_cat=0
split_feature=124 54 61 9 15 35
split_gain=11.7123 10.4 14.3689 14.4609 12.9845 13.6504
threshold=694.60783333334268 0.20724934339523318 0.21168740093708041 -0.16495460271835324 -0.13862338662147519 1.0000000180025095e-35
decision_type=8 2 2 2 2 2
left_child=1 2 3 -1 5 -3
right_child=-2 4 -4 -5 -6 -7
leaf_value=-0.0020535751302916466 0.0059270402837744256 0.0036170717175570874 0.0040114563744985789 0.0012096161874826377 -0.001784670435070454 -0.0051587295022546518
leaf_weight=346.83118462562561 55.540963258594275 157.79630628973246 189.16373801976442 684.02859519422054 819.8322824165225 36.480123117566109
leaf_count=1545 417 696 843 3056 3633 159
internal_value=5.53285e-05 -9.24824e-05 0.000717799 0.000111062 -0.00106711 0.0019564
internal_weight=2289.67 2234.13 1220.02 1030.86 1014.11 194.276
internal_count=10349 9932 5444 4601 4488 855
is_linear=0
shrinkage=0.013029


Tree=421
num_leaves=7
num_cat=0
split_feature=90 6 84 18 16 121
split_gain=13.3454 14.28 13.6473 12.1839 11.3356 9.62403
threshold=0.13372802734375003 0.019425511360168461 0.22107800096273425 0.31383667886257177 -0.25979395210742945 36.833333333333336
decision_type=2 2 2 2 2 8
left_child=5 3 4 -2 -3 -1
right_child=1 2 -4 -5 -6 -7
leaf_value=0.00076434132801910372 -0.0035053071150645734 0.0058100474790480517 0.011819753049728489 0.0016027355594042899 -0.0017080837663419877 -0.0013419563191837979
leaf_weight=545.27167642861605 105.96008735522628 85.792054288089275 35.767246030271053 307.88850730657578 55.705907121300697 1131.1514328569174
leaf_count=2545 482 389 157 1396 256 5023
internal_value=-6.32733e-05 0.00161885 0.00470504 0.000291125 0.00285651 -0.00065683
internal_weight=2267.54 591.114 177.265 413.849 141.498 1676.42
internal_count=10248 2680 802 1878 645 7568
is_linear=0
shrinkage=0.013029


Tree=422
num_leaves=7
num_cat=1
split_feature=138 122 10 124 94 90
split_gain=18.6219 13.17 12.8318 17.8772 13.2594 12.3698
threshold=0 34.750000000000007 -0.25421622395515436 15.097833333333512 0.27461618185043341 0.13164141774177554
decision_type=9 10 2 10 2 2
left_child=1 -1 -3 4 -4 -2
right_child=5 2 3 -5 -6 -7
leaf_value=0.007531202251017383 -0.00167654358192067 -0.00094094701472478902 -0.0072479926126302347 0.0044278122861911426 0.0023140363395440229 0.00083292991602719479
leaf_weight=58.459736675024033 1083.3500312715769 289.67837460339069 44.474686153233051 272.71808029711246 53.527317710220814 481.04674486070871
leaf_count=422 4919 1229 188 1148 230 2174
internal_value=-0.000102945 0.00161888 0.00111246 0.0027157 -0.00204629 -0.000899116
internal_weight=2283.25 718.858 660.398 370.72 98.002 1564.4
internal_count=10310 3217 2795 1566 418 7093
cat_boundaries=0 1
cat_threshold=1499746304
is_linear=0
shrinkage=0.013029


Tree=423
num_leaves=7
num_cat=1
split_feature=91 138 48 106 95 98
split_gain=11.3387 14.4789 13.6141 12.4146 12.0423 12.952
threshold=-0.067976698279380784 0 0.32995337247848516 1.5000000000000002 -0.11878142133355139 -0.092330541461706148
decision_type=2 9 2 2 2 2
left_child=1 2 3 -1 5 -3
right_child=-2 4 -4 -5 -6 -7
leaf_value=-0.0020345397100323482 -0.0017488147825363224 -0.00015166659062099437 0.0061768954526155344 0.0078801347900644605 -0.00095119662519025402 0.0029757199178092812
leaf_weight=90.764970868825912 362.56207350641489 485.88677015900612 152.8730995953083 27.291260667145252 733.58459004759789 417.53656630218029
leaf_count=425 1629 2089 788 142 3332 1872
internal_value=0.000361152 0.000762607 0.00349106 0.000290902 0.000286655 0.00129493
internal_weight=2270.5 1907.94 270.929 118.056 1637.01 903.423
internal_count=10277 8648 1355 567 7293 3961
cat_boundaries=0 1
cat_threshold=1094742722
is_linear=0
shrinkage=0.013029


Tree=424
num_leaves=7
num_cat=0
split_feature=123 94 127 105 127 32
split_gain=15.0138 13.2892 12.0906 20.6299 21.0983 13.5258
threshold=187.50000000000003 0.29744851589202886 13.999913194444447 0.29705000000000004 13.999438657407408 -0.050258854404091828
decision_type=2 2 2 2 2 2
left_child=1 2 3 4 -1 -6
right_child=-2 -3 -4 -5 5 -7
leaf_value=-0.0028780121475017522 0.0058745764418442004 0.0013225189278190019 -0.002155751628193502 0.0041154034817216332 0.0059656496754046419 -0.00027610944481164229
leaf_weight=366.15020755305886 73.563287548720837 750.38310918211937 636.05827390030026 180.62432030588388 92.224316421896219 160.92639685794711
leaf_count=1683 332 3373 2873 828 404 724
internal_value=0.000113762 -8.19147e-05 -0.000816102 0.000250084 -0.000880695 0.00200814
internal_weight=2259.93 2186.37 1435.98 799.925 619.301 253.151
internal_count=10217 9885 6512 3639 2811 1128
is_linear=0
shrinkage=0.013029


Tree=425
num_leaves=7
num_cat=1
split_feature=31 138 98 95 81 27
split_gain=12.3512 14.8896 16.0879 15.2662 14.5007 13.044
threshold=-0.57748949527740467 0 -0.10974163562059401 -0.14652999490499494 -0.0067867019679397336 -0.13437122106552121
decision_type=2 9 2 2 2 2
left_child=-1 -2 5 -4 -5 -3
right_child=1 2 3 4 -6 -7
leaf_value=0.0060192760063653341 0.0012509751005561991 -0.0046637389043633192 0.0020288041952409913 0.00035211624527764273 -0.0039654814044719627 -0.00079816651801853551
leaf_weight=52.96548069268465 704.70424103364348 292.58234988898039 383.23493392020464 334.00857050716877 217.55664290487766 300.23073603957891
leaf_count=238 3171 1307 1723 1501 1002 1389
internal_value=-0.000156916 -0.000305327 -0.00102499 3.34311e-05 -0.00135381 -0.00270932
internal_weight=2285.28 2232.32 1527.61 934.8 551.565 592.813
internal_count=10331 10093 6922 4226 2503 2696
cat_boundaries=0 1
cat_threshold=1900303178
is_linear=0
shrinkage=0.013029


Tree=426
num_leaves=7
num_cat=0
split_feature=60 60 19 63 122 21
split_gain=11.908 14.3348 13.6048 16.9438 15.9131 12.1994
threshold=-0.1080157235264778 -0.18329977989196775 0.40288451313972479 -0.12088805064558981 71.600000000000009 -0.182987205684185
decision_type=2 2 2 2 10 2
left_child=1 -1 -2 -4 5 -5
right_child=2 -3 3 4 -6 -7
leaf_value=0.0025197640855143828 0.0017660639432883192 -0.0077661531662480418 -0.0079303315871964795 0.0018752865437021583 -0.00073119733733909345 0.01090139826378626
leaf_weight=34.489972494542599 712.9579687975347 66.667352896183729 48.67537697404623 172.05124828964472 1209.4193189665675 29.217315588146448
leaf_count=164 3266 315 219 838 5335 148
internal_value=8.77488e-05 -0.00426602 0.000291818 -0.00042892 -0.000166222 0.00321933
internal_weight=2273.48 101.157 2172.32 1459.36 1410.69 201.269
internal_count=10285 479 9806 6540 6321 986
is_linear=0
shrinkage=0.013029


Tree=427
num_leaves=7
num_cat=1
split_feature=81 84 138 21 86 29
split_gain=15.2838 16.9516 12.6419 17.0231 12.1427 15.7505
threshold=-0.015549889300018547 0.22572621703147891 0 -0.28486502170562739 -0.0057429522275924674 -0.13367407023906705
decision_type=2 2 9 2 2 2
left_child=1 -1 -2 -4 -5 -6
right_child=2 -3 3 4 5 -7
leaf_value=0.00034980657624206522 0.00066637588058284924 0.0044992916711507147 -0.0051895241242789492 0.00029365677749491301 -0.00064898979714834233 -0.0097058745508196449
leaf_weight=746.52933387830853 526.34963417425752 214.67460206523538 203.61859859526157 424.46418609470129 84.2617182508111 52.56332790851593
leaf_count=3426 2324 972 913 1929 398 240
internal_value=3.57803e-05 0.00127919 -0.000890001 -0.00194391 -0.000796021 -0.00416051
internal_weight=2252.46 961.204 1291.26 764.908 561.289 136.825
internal_count=10202 4398 5804 3480 2567 638
cat_boundaries=0 1
cat_threshold=826601930
is_linear=0
shrinkage=0.013029


Tree=428
num_leaves=7
num_cat=2
split_feature=122 138 138 125 1 67
split_gain=11.5775 20.1277 11.7112 18.0267 13.8375 11.6067
threshold=60.600000000000001 0 1 0.16823529411764709 0.10581583157181741 -0.17257230728864667
decision_type=8 9 9 8 2 2
left_child=1 -1 3 -2 -5 -4
right_child=2 -3 5 4 -6 -7
leaf_value=0.0075232792042036513 -0.0072329348828626917 -0.0003518715722477627 -0.0042570806363237852 0.00079047434883019931 -0.0044722450996549515 0.00090990459082182582
leaf_weight=89.636716160923243 81.281773775815964 128.27951791137457 77.006374038755894 325.85750318318605 113.87040920555592 1467.8383192941546
leaf_count=574 393 570 345 1429 515 6502
internal_value=0.000378242 0.00322941 7.64802e-05 -0.00159358 -0.00057736 0.000646323
internal_weight=2283.77 217.916 2065.85 521.01 439.728 1544.84
internal_count=10328 1144 9184 2337 1944 6847
cat_boundaries=0 1 2
cat_threshold=1671483393 1253081125
is_linear=0
shrinkage=0.013029


Tree=429
num_leaves=7
num_cat=0
split_feature=80 62 10 20 19 83
split_gain=10.0972 11.246 10.0878 9.52092 10.1287 13.8809
threshold=-0.36751613020896906 -0.27393382787704462 -0.29046313464641565 0.035330561921000488 0.46026135981082922 -0.15839166939258573
decision_type=2 2 2 2 2 2
left_child=-1 -2 -3 -4 -5 -6
right_child=1 2 3 4 5 -7
leaf_value=-0.0057218810427766007 0.0016826176842333028 -0.0023039358307049796 -0.0035167236626394804 0.0017093139703552368 -0.0029599765909739933 0.0014479564879079361
leaf_weight=47.642818752676249 686.15878967568278 339.10720279812813 103.91701137647033 612.35438285395503 247.9643102735281 236.09861629456282
leaf_count=212 3104 1560 468 2768 1094 1065
internal_value=0.000168401 0.00029628 -0.000322129 0.000238784 0.000596774 -0.000811065
internal_weight=2273.24 2225.6 1539.44 1200.33 1096.42 484.063
internal_count=10271 10059 6955 5395 4927 2159
is_linear=0
shrinkage=0.013029


Tree=430
num_leaves=7
num_cat=1
split_feature=39 138 39 135 90 39
split_gain=10.1495 11.0165 11.2068 10.8234 12.634 11.5597
threshold=0.38367684185504919 0 0.10172551870346071 2.5850000000000004 0.13164141774177554 0.16129170358181003
decision_type=2 9 2 2 2 2
left_child=1 2 -1 4 -3 -5
right_child=-2 3 -4 5 -6 -7
leaf_value=-0.0080074765589301169 -0.0032621817161482972 -0.0015270507217462336 -0.00076233165089197442 -2.5102296325947095e-05 0.0026743836603576798 0.0025588374897213117
leaf_weight=44.012853145599365 124.54253349080682 486.49820563569665 192.103580981493 469.19395672157407 161.16776436194777 785.90644253790379
leaf_count=213 565 2221 878 2059 718 3573
internal_value=0.000342846 0.000553773 -0.00204642 0.000883189 -0.000479763 0.00159342
internal_weight=2263.43 2138.88 236.116 1902.77 647.666 1255.1
internal_count=10227 9662 1091 8571 2939 5632
cat_boundaries=0 1
cat_threshold=8463956
is_linear=0
shrinkage=0.013029


Tree=431
num_leaves=7
num_cat=1
split_feature=135 16 1 10 138 68
split_gain=14.0375 12.0487 13.2956 14.271 11.7408 12.6275
threshold=17.000000000000004 -0.50217601656913746 0.20459375530481341 -0.34213250875473017 0 -0.19838549196720121
decision_type=2 2 2 2 9 2
left_child=1 -1 4 -4 -3 -6
right_child=-2 2 3 -5 5 -7
leaf_value=0.0059425237968723354 0.0073065157961674882 -0.0015632944088475875 -0.008578678601693623 -0.00088291185211978088 0.0011464732591364602 -0.0025616477927098875
leaf_weight=54.441302724182606 43.957676731050014 527.36951009184122 62.943668305873871 114.98066449165344 1272.9567726291716 176.95901643484831
leaf_count=250 195 2376 293 517 5754 801
internal_value=7.53298e-05 -7.08274e-05 -0.000224636 -0.00362872 8.28718e-05 0.000688128
internal_weight=2253.61 2209.65 2155.21 177.924 1977.29 1449.92
internal_count=10186 9991 9741 810 8931 6555
cat_boundaries=0 1
cat_threshold=1185515028
is_linear=0
shrinkage=0.013029


Tree=432
num_leaves=7
num_cat=0
split_feature=128 128 133 88 122 129
split_gain=14.4081 18.4252 22.5594 17.0664 16.0063 15.3948
threshold=10.167245370370372 0.76172453703703713 1.0000000180025095e-35 -0.036303726956248276 1886.3000000000004 2.5000000000000004
decision_type=2 2 2 2 10 2
left_child=1 2 -1 5 -3 -2
right_child=3 4 -4 -5 -6 -7
leaf_value=0.0012726098017559184 0.0092842112873158487 -0.00087956558469468667 -0.0029467698653255479 0.00016635864854153717 -0.0052020241753373423 -0.00059992820383710345
leaf_weight=1001.5651206672192 85.004889268428087 436.70670965313911 273.1850090958178 220.18074503540993 217.61188481003046 38.764489188790321
leaf_count=4484 372 1974 1314 986 990 169
internal_value=-0.000106957 -0.000545171 0.000367238 0.00234685 -0.00232121 0.00620276
internal_weight=2273.02 1929.07 1274.75 343.95 654.319 123.769
internal_count=10289 8762 5798 1527 2964 541
is_linear=0
shrinkage=0.013029


Tree=433
num_leaves=7
num_cat=0
split_feature=135 121 66 99 128 88
split_gain=11.3503 11.6421 13.372 15.6383 12.0857 15.8379
threshold=7.5000000000000009 29.158333333333335 -0.30571565032005305 -0.39674675464630121 1.0383217592592595 -0.038302898406982415
decision_type=2 8 2 2 2 2
left_child=1 -1 3 4 5 -3
right_child=-2 2 -4 -5 -6 -7
leaf_value=0.0011253327973886438 0.0017051442410450047 -0.004700271751373308 -0.00033594520292236992 -0.0077116007070399534 -0.0042624204539036111 0.0033705914530110376
leaf_weight=476.4116439782083 437.80899876356125 62.675701580941677 916.59813380986452 96.382167935371399 172.07291328907013 117.63218657672405
leaf_count=2275 1952 276 4058 448 770 533
internal_value=-0.000178825 -0.000627149 -0.00123891 -0.00307975 -0.00179989 0.000557688
internal_weight=2279.58 1841.77 1365.36 448.763 352.381 180.308
internal_count=10312 8360 6085 2027 1579 809
is_linear=0
shrinkage=0.013029


Tree=434
num_leaves=7
num_cat=0
split_feature=135 13 91 125 55 17
split_gain=14.0207 12.8651 11.9787 16.3869 18.4769 10.5162
threshold=4.5000000000000009 0.26713943481445318 -0.17770278453826902 0.24357284113381678 0.48614469170570379 0.049893543124198921
decision_type=2 2 2 8 2 2
left_child=1 2 3 -1 -5 -2
right_child=5 -3 -4 4 -6 -7
leaf_value=-0.0050805738431312017 0.0010144918226209769 -0.0045005241620560124 -0.0011733295956634507 0.004263884809579308 -0.0054609740006177692 0.0089705049855829631
leaf_weight=50.232823938131332 887.65399143099785 143.19479085877538 883.15530920028687 244.00393597409129 37.741135124117136 28.435700099915266
leaf_count=247 3975 667 3996 1104 168 127
internal_value=2.31232e-05 -0.00081682 -0.000380344 0.00172722 0.00295073 0.00126821
internal_weight=2274.42 1358.33 1215.13 331.978 281.745 916.09
internal_count=10284 6182 5515 1519 1272 4102
is_linear=0
shrinkage=0.013029


Tree=435
num_leaves=7
num_cat=0
split_feature=118 123 122 73 2 40
split_gain=19.6053 10.0589 10.9726 13.5457 9.80905 9.73734
threshold=1.0000000180025095e-35 137.00000000000003 60.600000000000001 0.081426925957202925 0.25967802107334143 -0.089339461177587495
decision_type=2 2 8 2 2 2
left_child=1 2 3 -1 5 -3
right_child=-2 4 -4 -5 -6 -7
leaf_value=-0.0003716244711637484 0.0069776060838519617 0.0013999198156305517 -0.0010746737074370223 0.0068449060011418362 -0.0052882042915398117 0.00782615843407947
leaf_weight=123.08752122893929 62.876072451472282 271.28079909086227 1681.0272766798735 68.082151859998703 30.653658375144005 46.35318811237812
leaf_count=593 383 1176 7440 397 132 208
internal_value=-0.000155654 -0.00035981 -0.000738127 0.00221427 0.00167117 0.0023531
internal_weight=2283.36 2220.48 1872.2 191.17 348.288 317.634
internal_count=10329 9946 8430 990 1516 1384
is_linear=0
shrinkage=0.013029


Tree=436
num_leaves=7
num_cat=1
split_feature=138 122 98 18 67 30
split_gain=17.0883 16.7925 12.9244 14.1135 12.1957 17.1856
threshold=0 1080.2500000000002 -0.017744624987244603 0.41939386725425726 -0.11491401493549346 0.18277934938669207
decision_type=9 8 2 2 2 2
left_child=1 -1 4 -4 5 -2
right_child=2 -3 3 -5 -6 -7
leaf_value=0.003030004074078474 -0.0013616772055669954 -0.0046075045270922016 0.0004405308787527301 0.0074913391818381405 -0.00064713684975199574 -0.0089371424350507545
leaf_weight=425.40029914677143 150.49390938133001 54.561071790754795 269.41439542919397 58.007563047111034 1235.2194466143847 76.306175589561462
leaf_count=2046 671 234 1226 260 5495 335
internal_value=-4.34734e-05 0.00211231 -0.000630581 0.00170321 -0.00115812 -0.00393038
internal_weight=2269.4 479.961 1789.44 327.422 1462.02 226.8
internal_count=10267 2280 7987 1486 6501 1006
cat_boundaries=0 1
cat_threshold=1128288746
is_linear=0
shrinkage=0.013029


Tree=437
num_leaves=7
num_cat=2
split_feature=123 138 53 138 128 133
split_gain=14.2075 15.4052 12.3647 14.1748 33.1285 12.8828
threshold=137.00000000000003 0 0.19081434607505801 1 8.6669270833333361 1.0000000180025095e-35
decision_type=2 9 2 9 2 2
left_child=1 -1 3 5 -5 -3
right_child=-2 2 -4 4 -6 -7
leaf_value=0.0073879307670673897 0.0024502106594739086 -0.0012487705492343301 0.0024396369205282463 -0.00061366173854995843 0.0079940038558606961 -0.0051080050409018458
leaf_weight=31.382327903062105 346.61696424335241 841.39325068891048 202.8790899887681 550.26213903725147 87.321881860494614 177.39353573322296
leaf_count=313 1531 3782 928 2367 375 850
internal_value=2.81346e-05 -0.000416668 -0.000587736 -0.000962976 0.000563977 -0.00190516
internal_weight=2237.25 1890.63 1859.25 1656.37 637.584 1018.79
internal_count=10146 8615 8302 7374 2742 4632
cat_boundaries=0 1 2
cat_threshold=17059840 2525595797
is_linear=0
shrinkage=0.013029


Tree=438
num_leaves=7
num_cat=0
split_feature=54 6 131 66 42 38
split_gain=13.63 13.4123 13.4741 11.3269 10.7136 10.2984
threshold=0.27876296639442449 -0.11477446928620337 0.22570754716981131 -0.44412128627300257 -0.14533107727766034 -0.20140927284955976
decision_type=2 2 10 2 2 2
left_child=1 2 -1 -2 -4 -3
right_child=3 5 4 -5 -6 -7
leaf_value=0.007746895567678296 0.0058300855857026466 -0.00026014184860901284 -0.0040120811825480772 -0.0026102055848687394 0.0006187237856705069 0.001979540123300841
leaf_weight=23.629242021590471 28.258168634027243 577.12159179523587 224.92298273742199 403.74692346528172 135.61312364786863 878.53827689960599
leaf_count=140 125 2677 1009 1815 604 3908
internal_value=3.12473e-05 0.000520412 -0.00164301 -0.00204944 -0.00227245 0.00109189
internal_weight=2271.83 1839.83 384.165 432.005 360.536 1455.66
internal_count=10278 8338 1753 1940 1613 6585
is_linear=0
shrinkage=0.013029


Tree=439
num_leaves=7
num_cat=1
split_feature=138 11 51 59 122 49
split_gain=15.3022 13.7012 15.07 13.5678 12.7423 17.5283
threshold=0 0.49495282769203192 0.03548777103424073 -0.43915367126464838 578.70000000000016 0.035490790382027633
decision_type=9 2 2 2 8 2
left_child=3 4 -3 -1 5 -2
right_child=1 2 -4 -5 -6 -7
leaf_value=0.0041906199592683345 -0.0012484460597164211 -0.010841879565472013 0.00069432132770205573 -0.0023700485181196423 0.00027831941716152301 0.0044140764417480464
leaf_weight=58.90758852660656 128.2176794372499 34.829369638115168 41.692545559257269 526.14102041721344 1154.9414002895355 332.72139992937446
leaf_count=257 560 156 191 2390 5140 1635
internal_value=0.000121926 0.000749565 -0.00460791 -0.00167656 0.00100983 0.00283946
internal_weight=2277.45 1692.4 76.5219 585.049 1615.88 460.939
internal_count=10329 7682 347 2647 7335 2195
cat_boundaries=0 1
cat_threshold=244942349
is_linear=0
shrinkage=0.013029


Tree=440
num_leaves=7
num_cat=2
split_feature=39 133 138 134 138 45
split_gain=14.0783 12.4849 23.4619 14.0373 21.9026 15.3093
threshold=0.39452655613422399 1.0000000180025095e-35 0 1.0000000180025095e-35 1 -0.26685194671154017
decision_type=2 2 9 2 9 2
left_child=1 3 -3 4 -1 -5
right_child=-2 2 -4 5 -6 -7
leaf_value=-0.00095672306366842907 -0.0044390798371994142 0.0015090467186770209 -0.0043890003428021275 -0.0042209321619556218 0.0033447902855705497 0.00051576758636578848
leaf_weight=289.49072881042957 104.32016554474831 220.93778076395392 220.76266604661942 140.37873056158423 640.34285987913609 646.42151663452387
leaf_count=1263 477 1025 1055 662 2900 2876
internal_value=0.000219168 0.000445706 -0.00150622 0.000948364 0.00203153 -0.000332389
internal_weight=2262.65 2158.33 441.7 1716.63 929.834 786.8
internal_count=10258 9781 2080 7701 4163 3538
cat_boundaries=0 1 2
cat_threshold=1483751713 1656496132
is_linear=0
shrinkage=0.013029


Tree=441
num_leaves=7
num_cat=1
split_feature=127 138 123 36 126 124
split_gain=12.8829 18.4122 15.2915 12.134 11.696 10.8639
threshold=6.9997974537037049 0 25.500000000000004 0.14740139991045001 0.053342816500711245 53.107166666665002
decision_type=2 9 2 2 8 10
left_child=-1 2 -2 4 -4 -6
right_child=1 -3 3 -5 5 -7
leaf_value=0.0046189861938358704 0.00032489440573497567 0.0004719666791671664 -0.0051783887837556228 -0.0105854298756272 -0.0030082703595239175 0.007190201457579504
leaf_weight=99.473826751112938 195.8833364918828 1713.6045787408948 158.66628690809011 44.882573425769806 43.089181512594223 29.104761645197868
leaf_count=446 912 7685 736 229 200 128
internal_value=5.03708e-05 -0.000159032 -0.00240797 -0.0044323 -0.00320722 0.00113323
internal_weight=2284.7 2185.23 471.626 275.743 230.86 72.1939
internal_count=10336 9890 2205 1293 1064 328
cat_boundaries=0 1
cat_threshold=2290190080
is_linear=0
shrinkage=0.013029


Tree=442
num_leaves=7
num_cat=0
split_feature=118 128 128 88 94 127
split_gain=12.7396 13.7991 12.1776 15.4594 11.3344 11.0585
threshold=1.0000000180025095e-35 1.0000000180025095e-35 12.556562500000002 -0.048167793080210679 0.23415494710206988 13.999913194444447
decision_type=2 2 2 2 2 2
left_child=2 -2 5 -4 -5 -1
right_child=1 -3 3 4 -6 -7
leaf_value=0.00032341909334961127 0.0099003390971424791 -0.0027442775318787722 0.0081430597377583781 -0.0043655394999312846 0.0027700468535319673 -0.001645554209163875
leaf_weight=1146.4723159261048 42.860935088247061 21.684128053486347 62.236026428639889 53.294425919651985 125.19312216341496 837.30830441787839
leaf_count=5195 285 111 271 240 557 3729
internal_value=-5.45424e-06 0.00566872 -0.000171852 0.00259109 0.000630573 -0.000507931
internal_weight=2289.05 64.5451 2224.5 240.724 178.488 1983.78
internal_count=10388 396 9992 1068 797 8924
is_linear=0
shrinkage=0.013029


Tree=443
num_leaves=7
num_cat=3
split_feature=138 1 75 21 138 137
split_gain=17.3888 13.3893 14.2659 14.91 14.3995 13.3242
threshold=0 0.050418172031641013 -0.096511729061603532 -0.31092487275600428 1 2
decision_type=9 2 2 2 9 9
left_child=5 -2 4 -4 -3 -1
right_child=1 2 3 -5 -6 -7
leaf_value=0.00089899341521886597 0.0021184067615035648 -0.0025228739880510291 -0.0048684872692078083 -0.00040902453291314191 0.0025974731510832638 -0.0037661923309513677
leaf_weight=152.02777263522148 595.13179970160127 114.10310129821301 165.66043201088905 542.22760309651494 382.93023541942239 317.78537964820862
leaf_count=699 2708 509 725 2476 1738 1428
internal_value=-6.74329e-05 0.000517885 -0.000269128 -0.00145647 0.00142158 -0.00227019
internal_weight=2269.87 1800.05 1204.92 707.888 497.033 469.813
internal_count=10283 8156 5448 3201 2247 2127
cat_boundaries=0 1 2 3
cat_threshold=546866270 1243619712 36
is_linear=0
shrinkage=0.013029


Tree=444
num_leaves=7
num_cat=0
split_feature=135 16 64 10 56 88
split_gain=13.7393 9.66161 10.1906 8.92671 12.7411 11.3385
threshold=14.500000000000002 -0.46754619479179377 0.19010750204324725 -0.26074998080730433 -0.20048837363719937 0.094861753284931197
decision_type=2 2 2 2 2 2
left_child=1 2 -1 -3 5 -5
right_child=-2 3 -4 4 -6 -7
leaf_value=-0.00092745273861314379 0.0064769721298946524 -0.0013420119157550865 0.0079593094412643371 0.0030482264291687021 -0.00038931509155732633 -0.0030125427123419675
leaf_weight=37.570784397423267 57.005811937153339 700.88293327018619 51.372204411774874 395.70552888140082 973.58646274730563 59.799057923257351
leaf_count=179 254 3206 232 1787 4370 277
internal_value=0.000201215 3.79629e-05 0.00422783 -0.000138349 0.000452349 0.00224911
internal_weight=2275.92 2218.92 88.943 2129.97 1429.09 455.505
internal_count=10305 10051 411 9640 6434 2064
is_linear=0
shrinkage=0.013029


Tree=445
num_leaves=7
num_cat=0
split_feature=133 128 90 128 128 50
split_gain=15.5939 23.4164 18.7944 16.4557 16.4009 18.0023
threshold=1.0000000180025095e-35 5.9201620370370378 0.13164141774177554 1.0249884259259263 6.9735358796296305 0.054191064089536674
decision_type=2 2 2 2 2 2
left_child=2 -2 3 -1 -5 -6
right_child=1 -3 -4 4 5 -7
leaf_value=0.00094340296569640303 -0.0040262019722278478 0.0025685786726270567 0.0026506311475201229 -0.0044232023584917764 0.0029360220309718153 -0.0031614210748270913
leaf_weight=723.30122475326061 338.22772167250514 124.58975883200765 474.99106896668673 260.69889698177576 167.31472885981202 160.20421578362584
leaf_count=3229 1621 564 2145 1186 746 719
internal_value=-0.000120223 -0.00224968 0.000432114 -0.000372364 -0.00198948 -4.68985e-05
internal_weight=2249.33 462.817 1786.51 1311.52 588.218 327.519
internal_count=10210 2185 8025 5880 2651 1465
is_linear=0
shrinkage=0.013029


Tree=446
num_leaves=7
num_cat=1
split_feature=123 62 138 54 98 40
split_gain=12.4854 12.0479 11.1416 11.0876 10.4228 17.3092
threshold=187.50000000000003 -0.27393382787704462 0 0.22003783285617831 -0.10974163562059401 -0.13045793026685712
decision_type=2 2 9 2 2 2
left_child=1 -1 3 -3 -4 -6
right_child=-2 2 4 -5 5 -7
leaf_value=0.0010701029804948174 0.0051305210579096466 0.0042865449695078809 -0.0028782483372615728 -0.0013668108168927091 -0.0017280592368480742 0.0026867182518554317
leaf_weight=701.33883331343532 72.446054376661777 124.90509460866451 529.76874425262213 110.36597690731287 535.79988306760788 208.98238471150398
leaf_count=3174 330 584 2414 491 2414 946
internal_value=-0.000165192 -0.000340293 -0.000995642 0.00157181 -0.00147097 -0.000487913
internal_weight=2283.61 2211.16 1509.82 235.271 1274.55 744.782
internal_count=10353 10023 6849 1075 5774 3360
cat_boundaries=0 1
cat_threshold=1627673531
is_linear=0
shrinkage=0.013029


Tree=447
num_leaves=7
num_cat=0
split_feature=128 127 126 127 63 132
split_gain=12.7121 17.7644 19.9179 16.0412 20.3352 19.3802
threshold=16.514195601851856 13.999936342592596 0.1012820512820513 13.999438657407408 -0.030373370274901387 25.500000000000004
decision_type=2 2 8 2 2 2
left_child=1 3 -3 -1 -5 -6
right_child=-2 2 -4 4 5 -7
leaf_value=-0.00033737292182069791 0.0039106191469335328 -0.0019686192146222254 0.0069077786152065444 -0.0037468872519467555 0.0050522064477768972 -0.0026873567966843731
leaf_weight=740.89888744428754 137.64771925657988 873.02633787691593 44.442238949239254 69.942816574126482 345.19340744242072 64.822757571935654
leaf_count=3408 609 3955 195 326 1543 280
internal_value=8.32162e-05 -0.000164378 -0.00153363 0.000864902 0.00271857 0.00382606
internal_weight=2275.97 2138.33 917.469 1220.86 479.959 410.016
internal_count=10316 9707 4150 5557 2149 1823
is_linear=0
shrinkage=0.013029


Tree=448
num_leaves=7
num_cat=1
split_feature=135 138 67 121 40 35
split_gain=12.0526 12.4899 11.8007 11.6632 11.3265 12.3151
threshold=1.7500000000000002 0 0.0078264069743454474 2.7500000000000004 -0.16210377961397168 -0.042117524892091744
decision_type=2 9 2 8 2 2
left_child=-1 2 -2 -3 5 -4
right_child=1 3 4 -5 -6 -7
leaf_value=-0.002227359648800528 -0.001424081989468518 0.0093913416666124259 0.0046713444187870511 0.0012350967140604741 -0.0028405706845101076 -0.0046906268864007694
leaf_weight=362.59032234922051 768.41766777634621 30.18254541233182 168.06877690553665 830.75633369386196 66.67257285118103 27.190119527280331
leaf_count=1722 3371 298 744 3686 289 125
internal_value=-5.37943e-05 0.000363593 -0.000604341 0.00151101 0.00177484 0.00335539
internal_weight=2253.88 1891.29 1030.35 860.939 261.931 195.259
internal_count=10235 8513 4529 3984 1158 869
cat_boundaries=0 1
cat_threshold=3164643517
is_linear=0
shrinkage=0.013029


Tree=449
num_leaves=7
num_cat=0
split_feature=63 121 125 60 125 123
split_gain=10.3101 13.2367 14.6924 13.1366 12.6365 11.9883
threshold=-0.033101422712206834 65.833333333333357 0.16823529411764709 -0.1080157235264778 0.42052631578947369 134.50000000000003
decision_type=2 8 8 2 8 2
left_child=4 2 -2 -3 -1 -6
right_child=1 3 -4 -5 5 -7
leaf_value=0.00063411875492604369 -0.0043808432561015182 -0.0081564420983182631 0.0020746515925646877 -0.00025372871189747911 -0.0053298185361804508 0.00089110167926014145
leaf_weight=237.46978320926428 63.495831519365311 36.70757682621479 891.15410965681076 781.95685052126646 181.5878069922328 73.647301040589809
leaf_count=1124 298 172 4053 3495 828 323
internal_value=0.000137166 0.000600466 0.00164234 -0.000614843 -0.00152878 -0.0035373
internal_weight=2266.02 1773.31 954.65 818.664 492.705 255.235
internal_count=10293 8018 4351 3667 2275 1151
is_linear=0
shrinkage=0.013029


Tree=450
num_leaves=7
num_cat=2
split_feature=138 133 138 40 131 8
split_gain=10.9617 10.6735 15.9108 10.131 10.1193 8.6246
threshold=0 1.0000000180025095e-35 1 -0.33352978527545923 27.176470588235297 0.11734209582209588
decision_type=9 2 9 2 8 2
left_child=4 3 5 -2 -1 -3
right_child=1 2 -4 -5 -6 -7
leaf_value=0.0004539166517802441 -0.0027109509193773075 -0.0075795461995488717 8.3876861255398021e-05 0.00050074917760827616 0.013830255707055629 -0.0019202476710893249
leaf_weight=18.263619743287563 185.4832281395793 104.67783087491989 261.16244641691446 1593.9974750876427 19.646303568035364 81.838612526655197
leaf_count=82 846 518 1161 7039 252 364
internal_value=-0.000154722 -0.00028631 -0.00208415 0.00016503 0.00596778 -0.00485386
internal_weight=2265.07 2227.16 447.679 1779.48 37.9099 186.516
internal_count=10262 9928 2043 7885 334 882
cat_boundaries=0 1 2
cat_threshold=282640 2223016079
is_linear=0
shrinkage=0.013029


Tree=451
num_leaves=7
num_cat=1
split_feature=138 26 135 61 55 22
split_gain=11.9286 11.9342 11.4009 12.6764 12.0615 10.8051
threshold=0 -0.15532778203487393 6.5000000000000009 0.37301738560199743 0.43882681429386144 0.18346444517374041
decision_type=9 2 2 2 2 2
left_child=1 -1 -2 4 -4 -3
right_child=2 5 3 -5 -6 -7
leaf_value=-0.0042728509605232667 0.0001003223822495338 -0.0015762267844056492 0.0046153110499375762 -0.0049316804881708066 -0.0025380451116006376 0.0060029699494140781
leaf_weight=189.89682270586491 1573.2685987055302 111.02679373323917 263.38651410117745 32.608173705637455 46.688165295869112 44.003352552652359
leaf_count=878 7111 521 1198 140 215 206
internal_value=0.000163616 -0.00203056 0.000566875 0.0027207 0.00353488 0.000592615
internal_weight=2260.88 344.927 1915.95 342.683 310.075 155.03
internal_count=10269 1605 8664 1553 1413 727
cat_boundaries=0 1
cat_threshold=10036637
is_linear=0
shrinkage=0.013029


Tree=452
num_leaves=7
num_cat=1
split_feature=10 138 131 131 84 132
split_gain=10.74 14.2704 16.226 12.4384 11.3596 10.3321
threshold=-0.26584370434284205 0 1.1002183406113539 0.98726062966569306 0.025132147595286373 4.5000000000000009
decision_type=2 9 10 10 2 2
left_child=1 -1 3 -3 -4 -2
right_child=5 2 4 -5 -6 -7
leaf_value=-0.0051816462289435037 -0.00089288054605522543 0.0015149730658197535 0.0063947895940655083 0.01102665019481669 -0.0021657372019473751 0.001424525887569836
leaf_weight=115.47767202556133 465.98718157038093 123.98680905625224 27.443102151155472 28.131561547517776 407.88064350932837 1087.9569086097181
leaf_count=536 2062 629 122 128 1812 4961
internal_value=0.000125069 -0.00121055 -0.000330874 0.0033171 -0.00161653 0.000729506
internal_weight=2256.86 702.92 587.442 152.118 435.324 1553.94
internal_count=10250 3227 2691 757 1934 7023
cat_boundaries=0 1
cat_threshold=142639372
is_linear=0
shrinkage=0.013029


Tree=453
num_leaves=7
num_cat=0
split_feature=128 128 118 122 128 122
split_gain=13.4788 15.1175 19.2056 16.6515 17.8502 16.8083
threshold=12.41049189814815 0.85070601851851857 1.0000000180025095e-35 1886.3000000000004 5.020387731481482 78.800000000000011
decision_type=2 2 2 10 2 8
left_child=1 2 -1 4 -3 -6
right_child=-2 3 -4 -5 5 -7
leaf_value=0.00026494169801853944 0.0029448706282481012 -0.0032585221177585054 0.0092442839963945318 -0.0045902897954194508 0.0096880390405194028 0.00044700575153712365
leaf_weight=1211.2432339377701 240.89176215603948 218.29672585055232 41.123120453208685 240.82889630645514 37.711539655923843 256.85679664462805
leaf_count=5435 1078 992 267 1093 189 1141
internal_value=3.75078e-05 -0.000312534 0.000564868 -0.00176962 -0.000440575 0.00165055
internal_weight=2246.95 2006.06 1252.37 753.694 512.865 294.568
internal_count=10195 9117 5702 3415 2322 1330
is_linear=0
shrinkage=0.013029


Tree=454
num_leaves=7
num_cat=0
split_feature=128 125 128 96 41 78
split_gain=9.71517 11.248 11.1442 21.2869 17.3563 14.7911
threshold=16.514195601851856 0.51925925925925942 0.76172453703703713 -0.19210030138492581 0.10031317546963693 -0.063922245055437074
decision_type=2 10 2 2 2 2
left_child=2 -2 4 5 -1 -4
right_child=1 -3 3 -5 -6 -7
leaf_value=-0.0029524941782731874 0.0063809260544908592 -0.0012451490445826894 -0.00031690359815242678 -0.0023574466770721137 0.0012478544757967931 0.0073455512204280158
leaf_weight=197.72199541702867 82.388881772756577 53.943199552595615 109.55468460172415 698.91551096364856 1053.9460582062602 69.377154771238565
leaf_count=876 367 240 514 3148 4830 313
internal_value=1.01244e-05 0.00337267 -0.0002062 -0.00133109 0.00058304 0.00267137
internal_weight=2265.85 136.332 2129.52 877.847 1251.67 178.932
internal_count=10288 607 9681 3975 5706 827
is_linear=0
shrinkage=0.013029


Tree=455
num_leaves=7
num_cat=0
split_feature=60 31 110 130 51 135
split_gain=12.6267 14.6082 11.9216 11.8432 12.2864 11.4493
threshold=-0.096473693847656236 -0.55444949865341175 1.0000000180025095e-35 20.250000000000004 0.019498690031468872 4.5000000000000009
decision_type=2 2 2 2 2 2
left_child=-1 -2 -3 4 -4 -5
right_child=1 2 3 5 -6 -7
leaf_value=-0.0039503724731916288 0.007569485562372965 0.0061855199025812376 -0.0027254281681614954 -0.0011721224512323647 0.0048097267378688809 0.00091289612020756293
leaf_weight=120.98092088103294 46.013701826334 54.344276867806911 47.624156273901463 1055.6599219851196 154.33495632186532 774.4500194452703
leaf_count=572 203 335 217 4768 703 3423
internal_value=0.000131731 0.000364564 0.000203143 4.10472e-05 0.00302953 -0.000289791
internal_weight=2253.41 2132.43 2086.41 2032.07 201.959 1830.11
internal_count=10221 9649 9446 9111 920 8191
is_linear=0
shrinkage=0.013029


Tree=456
num_leaves=7
num_cat=0
split_feature=124 61 135 58 7 14
split_gain=11.8392 14.1392 11.1713 11.1552 14.4464 13.8443
threshold=368.89766666666844 0.27796104550361639 14.500000000000002 -0.043802518397569649 -0.12508747726678845 -0.14048813283443448
decision_type=8 2 2 2 2 2
left_child=2 -2 3 5 -5 -1
right_child=1 -3 -4 4 -6 -7
leaf_value=0.00093734440871228385 0.0040121017124917936 -0.0053770407994490343 0.0057510093077584598 -0.00082186277695301454 0.0024556333999212368 -0.002394223680372269
leaf_weight=297.85201144963503 202.59689685702324 30.807458907365799 49.222631715238094 550.44144179672003 389.06756976246834 728.90709900856018
leaf_count=1333 1087 144 220 2435 1715 3288
internal_value=-1.30897e-05 0.00276025 -0.000335117 -0.000489497 0.000536238 -0.00142779
internal_weight=2248.9 233.404 2015.49 1966.27 939.509 1026.76
internal_count=10222 1231 8991 8771 4150 4621
is_linear=0
shrinkage=0.013029


Tree=457
num_leaves=7
num_cat=1
split_feature=110 75 138 91 1 78
split_gain=16.2949 11.5511 18.774 13.1225 12.8356 14.8459
threshold=1.0000000180025095e-35 -0.10382131114602088 0 -0.25647738575935358 0.050418172031641013 -0.13944138586521146
decision_type=2 2 9 2 2 2
left_child=-1 2 3 -2 5 -3
right_child=1 4 -4 -5 -6 -7
leaf_value=0.0066079258498483581 0.0041190844583037815 0.0048236877971530442 0.0025286963055300149 -0.0024412410046767549 -0.0019893180748713725 -0.00057891741986017427
leaf_weight=59.60689888894558 61.525866329669952 111.55722611397505 499.16315057128668 307.78854811191559 844.29933565109968 373.37625051662326
leaf_count=361 263 506 2245 1389 3796 1672
internal_value=-7.30212e-05 -0.000256302 0.000911832 -0.00130718 -0.0010196 0.000669175
internal_weight=2257.32 2197.71 868.478 369.314 1329.23 484.933
internal_count=10232 9871 3897 1652 5974 2178
cat_boundaries=0 1
cat_threshold=1320198278
is_linear=0
shrinkage=0.013029


Tree=458
num_leaves=7
num_cat=1
split_feature=135 138 26 15 31 42
split_gain=18.1016 11.1228 13.0019 13.4916 15.096 12.9819
threshold=14.500000000000002 0 -0.13569232076406476 -0.0065175897907465688 -0.33793227374553675 -0.1018715277314186
decision_type=2 9 2 2 2 2
left_child=1 -1 3 4 -3 -4
right_child=-2 2 5 -5 -6 -7
leaf_value=-0.0004389450393538084 0.0074976444510231029 0.006735057338481649 0.0022483697380548534 -0.0049728415064522651 -0.00045648529845395894 0.0094996810444702394
leaf_weight=1690.7522308900952 56.566345490515232 67.22848579287529 153.73508533835411 69.440752301365137 182.75940738990903 57.266366949304938
leaf_count=7626 253 301 762 308 828 266
internal_value=0.000265787 7.92746e-05 0.00170563 7.80008e-05 0.00149113 0.00424169
internal_weight=2277.75 2221.18 530.43 319.429 249.988 211.001
internal_count=10344 10091 2465 1437 1129 1028
cat_boundaries=0 1
cat_threshold=3065613061
is_linear=0
shrinkage=0.013029


Tree=459
num_leaves=7
num_cat=2
split_feature=138 125 10 138 81 133
split_gain=11.3671 11.6196 10.863 12.1543 18.2006 10.3702
threshold=0 0.96666666666666679 -0.25631572306156153 1 -0.01370922429487109 1.0000000180025095e-35
decision_type=9 8 2 9 2 2
left_child=1 -1 -2 -4 -5 -6
right_child=2 -3 3 4 5 -7
leaf_value=0.0017041326368392644 -0.0014372803425039022 0.013597514787760421 0.0026201797323480674 0.0016120967945982604 -0.00095824764455747084 -0.0055371283790461258
leaf_weight=39.543184950947762 756.65341740846634 21.038095517084002 335.00681225955486 507.56169702112675 476.3760409578681 101.3418452963233
leaf_count=181 3419 250 1418 2285 2131 475
internal_value=-9.48674e-06 0.00511039 -0.000176246 0.000494709 -0.000185095 -0.00176728
internal_weight=2237.52 60.5813 2176.94 1420.29 1085.28 577.718
internal_count=10159 431 9728 6309 4891 2606
cat_boundaries=0 1 2
cat_threshold=16797714 406880520
is_linear=0
shrinkage=0.013029


Tree=460
num_leaves=7
num_cat=0
split_feature=123 58 135 96 0 21
split_gain=10.0733 12.8428 12.6814 12.2025 11.6143 11.5922
threshold=152.50000000000003 -0.07989527657628058 5.5000000000000009 -0.037529809400439255 0.013208212796598675 -0.25246843695640558
decision_type=2 2 2 2 2 2
left_child=1 -1 3 5 -3 -2
right_child=2 4 -4 -5 -6 -7
leaf_value=-0.0016684285377148048 -0.00099053932639049896 -0.0012453953451786197 0.0077030039805374099 -0.0047216503533494113 0.0013482029323551139 0.006775382068559304
leaf_weight=697.2770141530782 64.741461545228958 432.17013762146235 60.577356807887554 48.264820098876953 907.18911972641945 64.749022468924522
leaf_count=3212 274 1972 287 209 4100 286
internal_value=6.14862e-05 -0.000235413 0.00259175 0.000826132 0.000511112 0.00290844
internal_weight=2274.97 2036.64 238.333 177.755 1339.36 129.49
internal_count=10340 9284 1056 769 6072 560
is_linear=0
shrinkage=0.013029


Tree=461
num_leaves=7
num_cat=0
split_feature=36 84 124 60 87 58
split_gain=15.3368 13.3864 12.2899 11.6967 9.89967 11.6577
threshold=-0.19238400459289548 0.20267454534769061 585.51249999998856 0.033813029527664192 0.16328869760036471 -0.07349976152181624
decision_type=2 2 8 2 2 2
left_child=-1 2 3 -2 -3 -6
right_child=1 4 -4 -5 5 -7
leaf_value=-0.0067414156141218581 -0.0027192257450051409 0.0010063200529165804 0.0060162429536519601 -4.3204899527355423e-05 -0.00043161748189716293 0.0091154505769369867
leaf_weight=54.902029816061258 386.25165761262178 709.29514242522418 45.700652953237295 978.22974662482738 34.635478816926479 57.198763931170106
leaf_count=248 1765 3203 337 4328 154 259
internal_value=1.6273e-05 0.000186164 -0.000577868 -0.000801743 0.00153037 0.0055391
internal_weight=2266.21 2211.31 1410.18 1364.48 801.129 91.8342
internal_count=10294 10046 6430 6093 3616 413
is_linear=0
shrinkage=0.013029


Tree=462
num_leaves=7
num_cat=0
split_feature=50 91 26 98 83 68
split_gain=10.5397 11.1494 13.6199 13.8697 13.4855 13.891
threshold=-0.25641448795795435 -0.16182039678096768 -0.1328906565904617 -0.17015124857425687 -0.022382664494216439 -0.21342551708221433
decision_type=2 2 2 2 2 2
left_child=-1 2 3 -2 5 -4
right_child=1 -3 4 -5 -6 -7
leaf_value=-0.0080813444078981517 -0.0044501543920899582 -0.00071718846248477563 0.0050316961739308996 0.0009779501208517997 -0.0045041822160930781 -0.0012452050902160587
leaf_weight=27.185744538903236 108.0951731055975 1418.1337588559836 281.81488568335772 300.23683882877231 36.939857479184866 75.623543579131365
leaf_count=130 477 6438 1303 1359 173 342
internal_value=-0.000122721 -2.27431e-05 0.00120367 -0.000464235 0.00292832 0.00370385
internal_weight=2248.03 2220.84 802.71 408.332 394.378 357.438
internal_count=10222 10092 3654 1836 1818 1645
is_linear=0
shrinkage=0.013029


Tree=463
num_leaves=7
num_cat=0
split_feature=10 68 93 58 6 1
split_gain=12.825 13.0509 12.3516 20.7103 13.5378 12.0831
threshold=-0.25956165790557856 -0.22164892405271527 -0.25745885074138636 -0.042106734588742249 -0.11145018413662909 0.017160174436867241
decision_type=2 2 2 2 2 2
left_child=-1 2 -2 -4 5 -5
right_child=1 -3 3 4 -6 -7
leaf_value=-0.0015894977454729746 4.3915826137277503e-06 -0.0021274684057800168 0.00032941753005623185 0.0056444746270591737 0.0081032067940340173 -0.0052373630799555431
leaf_weight=759.72323950752616 753.70916800200939 266.20199288986623 276.82663131132722 40.295831792056561 138.87244879454374 29.299359031021595
leaf_count=3493 3410 1206 1250 182 619 128
internal_value=-0.000210298 0.000486249 0.00104871 0.00266825 0.00576235 0.00105662
internal_weight=2264.93 1505.21 1239 485.294 208.468 69.5952
internal_count=10288 6795 5589 2179 929 310
is_linear=0
shrinkage=0.013029


Tree=464
num_leaves=7
num_cat=2
split_feature=110 138 41 6 138 70
split_gain=12.855 10.136 11.7363 11.5254 14.889 13.6727
threshold=1.0000000180025095e-35 0 0.30038927495479589 0.03785128332674504 1 0.17881750315427783
decision_type=2 9 2 2 9 2
left_child=-1 2 -2 -3 5 -5
right_child=1 3 -4 4 -6 -7
leaf_value=0.0059541946935101195 -0.0013221533606868876 -0.00031101053459785873 -0.0084267431708743949 0.005438198720380481 0.0057814915460171253 -0.0014236559653567238
leaf_weight=58.873637393116951 293.25021277368069 1500.8030970022082 44.979111105203629 65.561601683497429 120.53491629287601 191.72293981909752
leaf_count=357 1334 6760 210 283 547 826
internal_value=-1.78561e-05 -0.000178316 -0.00221723 0.000200205 0.00223295 0.000322556
internal_weight=2275.73 2216.85 338.229 1878.62 377.819 257.285
internal_count=10317 9960 1544 8416 1656 1109
cat_boundaries=0 1 2
cat_threshold=143654934 304130209
is_linear=0
shrinkage=0.013029


Tree=465
num_leaves=7
num_cat=2
split_feature=121 138 86 3 66 138
split_gain=13.9369 14.5082 13.172 14.6824 12.0246 13.8067
threshold=30.416666666666668 0 -0.039427496492862694 0.22552259266376498 -0.30244004726409907 1
decision_type=8 9 2 2 2 9
left_child=2 -2 4 -4 -1 -6
right_child=1 -3 3 -5 5 -7
leaf_value=0.0041657323266214409 -0.0033634786944988959 -0.00015881056346284903 0.010697638502774451 0.0021383694815425782 -0.0048118898499345097 0.0010125874020744394
leaf_weight=105.57430323213339 279.02224130928516 1415.4412265121937 49.185165891423821 108.48960404656827 92.40010816603899 203.38575949519873
leaf_count=509 1281 6299 249 539 428 944
internal_value=-0.000119922 -0.000708481 0.00166266 0.00484439 0.000406367 -0.000942227
internal_weight=2253.5 1694.46 559.035 157.675 401.36 295.786
internal_count=10249 7580 2669 788 1881 1372
cat_boundaries=0 1 2
cat_threshold=546340868 34416757
is_linear=0
shrinkage=0.013029


Tree=466
num_leaves=7
num_cat=0
split_feature=62 54 133 134 89 83
split_gain=11.8354 13.5006 12.3453 15.3365 18.4053 12.2411
threshold=-0.3626744002103805 0.3370473980903626 1.0000000180025095e-35 1.0000000180025095e-35 0.39224296808242803 -0.27070720493793482
decision_type=2 2 2 2 2 2
left_child=-1 2 3 -2 -5 -3
right_child=1 5 -4 4 -6 -7
leaf_value=0.0028763359291032295 0.0018832209139947613 0.0042479737505946675 -0.0019166360570500572 -0.0012585634232685956 0.0085627734277222822 -0.0055805330653802675
leaf_weight=229.93273854069412 776.33154179155827 25.282483726739883 415.31555634364486 662.28971473872662 33.348774254322052 127.97843669727445
leaf_count=1029 3495 112 1967 2970 161 592
internal_value=7.87521e-05 -0.000237377 6.52482e-05 0.000625091 -0.000779469 -0.00394706
internal_weight=2270.48 2040.55 1887.29 1471.97 695.638 153.261
internal_count=10326 9297 8593 6626 3131 704
is_linear=0
shrinkage=0.013029


Tree=467
num_leaves=7
num_cat=0
split_feature=128 26 49 60 63 87
split_gain=11.9832 13.319 12.5673 11.9651 11.1404 10.9166
threshold=17.054322916666671 -0.08886889740824698 -0.017918787896633145 0.14948940277099612 -0.032047249376773827 0.04741159267723561
decision_type=2 2 2 2 2 2
left_child=2 5 3 -1 -4 -2
right_child=1 -3 4 -5 -6 -7
leaf_value=-0.0052179837327692409 -0.0019419085990782414 0.011051235517703128 -0.0017496799035316081 0.0021981128483648787 0.00069691659629553553 0.0071776332871739124
leaf_weight=141.53279844671488 59.083829019218683 32.809102393686771 395.96208750829101 49.426220662891865 1551.6459949985147 34.853771463036537
leaf_count=624 261 148 1845 216 7046 155
internal_value=0.000117115 0.00399813 -0.000114153 -0.00329743 0.00019905 0.00147022
internal_weight=2265.31 126.747 2138.57 190.959 1947.61 93.9376
internal_count=10295 564 9731 840 8891 416
is_linear=0
shrinkage=0.013029


Tree=468
num_leaves=7
num_cat=0
split_feature=47 135 19 32 62 122
split_gain=14.5416 18.8117 14.1059 20.1107 14.743 14.2164
threshold=0.21993852406740191 9.5000000000000018 0.45847253501415258 -0.052232345566153519 -0.14300149679183957 698.81989583333348
decision_type=2 2 2 2 2 10
left_child=1 2 5 -4 -5 -1
right_child=-2 -3 3 4 -6 -7
leaf_value=0.0027777599750976292 -0.0041237415129810225 0.0047213462831670935 0.0012400021336383897 -0.0020239339960034272 -0.0089108734778371498 -0.00015180704727566307
leaf_weight=477.8185072671622 122.27234987169504 163.45958951115608 341.26855617389083 419.11393827199936 59.804611556231976 681.7047129124403
leaf_count=2245 554 749 1511 1896 276 3072
internal_value=0.000233307 0.000483171 0.000131667 -0.00117541 -0.00289587 0.00105638
internal_weight=2265.44 2143.17 1979.71 820.187 478.919 1159.52
internal_count=10303 9749 9000 3683 2172 5317
is_linear=0
shrinkage=0.013029


Tree=469
num_leaves=7
num_cat=2
split_feature=128 138 133 128 138 122
split_gain=11.4454 24.5312 16.5472 24.1465 16.3738 19.6914
threshold=12.769623842592596 0 1.0000000180025095e-35 1.0383217592592595 1 523.50000000000011
decision_type=2 9 2 2 9 8
left_child=2 -2 3 4 5 -1
right_child=1 -3 -4 -5 -6 -7
leaf_value=-0.0036834385816497252 0.00022494900368820168 0.010251739184316865 -0.0027884151383120938 -0.0019472769229815564 0.0027248889184974261 0.0019509855614607513
leaf_weight=193.67386815696955 188.58541020750999 43.604949317872524 413.71726166829467 596.93907767161727 591.90374208241701 229.06464405357838
leaf_count=866 845 195 1982 2695 2692 991
internal_value=-0.00015206 0.00258334 -0.000466457 0.000130592 0.00135356 -0.00061764
internal_weight=2257.49 232.19 2025.3 1611.58 1014.64 422.739
internal_count=10266 1040 9226 7244 4549 1857
cat_boundaries=0 1 2
cat_threshold=2222983168 1324687572
is_linear=0
shrinkage=0.013029


Tree=470
num_leaves=7
num_cat=0
split_feature=124 135 50 54 54 116
split_gain=10.216 10.2198 9.74083 8.55701 16.2286 12.1543
threshold=566.27716666666095 14.500000000000002 0.12048674374818803 0.20366776734590533 0.18307510763406756 1.0000000180025095e-35
decision_type=8 2 2 2 2 2
left_child=1 3 -2 4 5 -1
right_child=2 -3 -4 -5 -6 -7
leaf_value=-0.0020186807340616237 0.0068136200924472368 0.0054902102407577936 -0.0036458932982708901 -0.0012798039627623979 0.0039272650904141476 0.00096970976213819361
leaf_weight=405.00260093063116 63.551162250339985 50.311988174915314 19.262781985104084 1010.3050286695361 181.8703134059906 535.94065129011869
leaf_count=1821 446 227 95 4496 809 2404
internal_value=-0.000101592 -0.000272574 0.00437038 -0.00041028 0.000372431 -0.000317112
internal_weight=2266.24 2183.43 82.8139 2133.12 1122.81 940.943
internal_count=10298 9757 541 9530 5034 4225
is_linear=0
shrinkage=0.013029


Tree=471
num_leaves=7
num_cat=0
split_feature=75 81 67 26 32 92
split_gain=10.9593 13.3291 12.3526 18.6888 12.2314 15.0029
threshold=-0.095691971480846391 -0.01370922429487109 0.025945545174181465 -0.089992292225360856 -0.035377247259020798 0.44816119968891149
decision_type=2 2 2 2 2 2
left_child=-1 -2 4 -4 -3 -6
right_child=1 2 3 -5 5 -7
leaf_value=0.00090318204050778602 0.00040508027167330255 -0.0012258044384772639 0.0045284395114152101 -0.0047273351260787074 -0.00016318893544665079 -0.0074143412889400521
leaf_weight=967.51074851118028 630.19455354847014 242.46270806528628 94.598277475684881 59.87217254191637 67.371620997786522 171.93596611917019
leaf_count=4409 2886 1079 429 274 305 792
internal_value=-0.000140515 -0.000937922 -0.00226713 0.000935714 -0.00329392 -0.00537947
internal_weight=2233.95 1266.44 636.241 154.47 481.77 239.308
internal_count=10174 5765 2879 703 2176 1097
is_linear=0
shrinkage=0.013029


Tree=472
num_leaves=7
num_cat=3
split_feature=138 79 67 128 138 138
split_gain=12.7412 13.7392 16.4646 15.0237 14.8389 13.7397
threshold=0 -0.21366158127784726 -0.0036614818964153524 8.3980034722222232 1 2
decision_type=9 2 2 2 9 9
left_child=-1 2 -2 5 -5 -3
right_child=1 3 -4 4 -6 -7
leaf_value=-0.0019354661502843592 0.0002462202857299214 0.0030958456230688377 0.0041083259704052287 -0.00046502073575854693 0.006027524017034951 -0.0020122459089846685
leaf_weight=466.66753809899092 480.55405881255865 93.525994312018156 306.53710288181901 143.68444781750441 93.538589671254158 699.17694104462862
leaf_count=2255 2095 536 1386 623 416 3056
internal_value=-4.04378e-05 0.000454977 0.00175269 -0.000532873 0.00233918 -0.00139368
internal_weight=2283.68 1817.02 787.091 1029.93 237.223 792.703
internal_count=10367 8112 3481 4631 1039 3592
cat_boundaries=0 1 2 3
cat_threshold=2156724365 134252544 17888016
is_linear=0
shrinkage=0.013029


Tree=473
num_leaves=7
num_cat=0
split_feature=128 124 115 79 123 89
split_gain=13.8039 11.3709 10.9455 10.6021 8.85365 11.4096
threshold=17.054322916666671 912.73033333333422 1.0000000180025095e-35 -0.16768562793731687 187.50000000000003 0.22128283232450488
decision_type=2 8 2 2 2 2
left_child=1 2 4 -2 -1 -6
right_child=3 -3 -4 -5 5 -7
leaf_value=-0.00048753564274030042 0.0069111906472171854 0.0078657111826665547 -0.007121392224442199 -0.00063853150795450053 -0.00089316438405151368 0.0099227481854688472
leaf_weight=2009.0474460348487 80.405644103884697 27.47117150388658 40.416276462376118 51.51728168129921 33.918524235486984 31.434531189501286
leaf_count=8995 356 296 183 229 152 143
internal_value=-0.000103624 -0.000356042 -0.000465449 0.00397533 -0.000333374 0.00436004
internal_weight=2274.21 2142.29 2114.82 131.923 2074.4 65.3531
internal_count=10354 9769 9473 585 9290 295
is_linear=0
shrinkage=0.013029


Tree=474
num_leaves=7
num_cat=1
split_feature=123 133 136 41 14 44
split_gain=13.1374 12.5573 14.8091 14.9123 12.2514 11.6747
threshold=187.50000000000003 1.0000000180025095e-35 0 0.0081555177457630652 -0.10027904808521269 0.080611310899257674
decision_type=2 2 1 2 2 2
left_child=1 2 4 -4 -1 -5
right_child=-2 -3 3 5 -6 -7
leaf_value=0.00097602636844046993 0.0056129582035797584 -0.0018666296845677307 -0.0056113025864357397 0.00025027731136363911 -0.0031877397884470353 0.0028408708546719579
leaf_weight=213.86492921411991 74.691829644143581 445.73000544309616 49.480822488665581 550.37364466302097 271.72607481107116 636.84959822148085
leaf_count=929 340 2133 219 2491 1195 2916
internal_value=0.000266724 8.07584e-05 0.000585305 0.00133677 -0.00132787 0.00164079
internal_weight=2242.72 2168.03 1722.3 1236.7 485.591 1187.22
internal_count=10223 9883 7750 5626 2124 5407
cat_boundaries=0 1
cat_threshold=1
is_linear=0
shrinkage=0.013029


Tree=475
num_leaves=7
num_cat=0
split_feature=135 127 7 46 35 1
split_gain=14.6873 12.5836 15.6296 14.913 14.6589 13.2963
threshold=14.500000000000002 13.999936342592596 -0.267251506447792 0.071519814431667342 0.041083741933107383 0.18148538470268252
decision_type=2 2 2 2 2 2
left_child=1 5 4 -4 -3 -1
right_child=-2 2 3 -5 -6 -7
leaf_value=0.0012123820322961908 0.0066830688408738726 0.0027698551396187362 -0.0031511913557734058 0.0019144362107849046 -0.0049157622305808953 -0.0028638732125608728
leaf_weight=1026.1061461847275 52.660580106079578 223.34797383099794 602.16370270773768 117.46069777011871 51.203571170568466 155.86670670285821
leaf_count=4694 236 1014 2723 525 232 712
internal_value=-6.95075e-05 -0.000235042 -0.00131485 -0.00232328 0.0013275 0.000673448
internal_weight=2228.81 2176.15 994.176 719.624 274.552 1181.97
internal_count=10136 9900 4494 3248 1246 5406
is_linear=0
shrinkage=0.013029


Tree=476
num_leaves=7
num_cat=0
split_feature=53 135 13 123 76 45
split_gain=12.6486 11.232 12.1029 12.1011 10.4424 9.78072
threshold=0.28067414462566381 7.5000000000000009 0.26496607065200811 160.50000000000003 0.005955571774393321 -0.010731177404522894
decision_type=2 2 2 2 2 2
left_child=1 2 -1 4 -3 -4
right_child=-2 3 5 -5 -6 -7
leaf_value=-0.00013100424351306447 0.0071879459788790545 0.0031258110891189527 -0.0048314439812333562 0.0096436852275563097 -0.0010890646501777901 0.0033788449901884189
leaf_weight=1605.7687061224133 41.085424225777388 220.66894059628248 162.23264671862125 30.577826172113419 181.15036426112056 28.49475435167551
leaf_count=7310 194 990 749 150 803 138
internal_value=8.67906e-05 -4.63559e-05 -0.000500236 0.00183712 0.00122707 -0.00359683
internal_weight=2269.98 2228.89 1796.5 432.397 401.819 190.727
internal_count=10334 10140 8197 1943 1793 887
is_linear=0
shrinkage=0.013029


Tree=477
num_leaves=7
num_cat=0
split_feature=54 56 69 123 19 62
split_gain=11.9374 12.6886 15.8924 11.5715 11.2664 11.1174
threshold=0.31128415465354925 -0.19948477298021314 0.12503997236490252 142.50000000000003 0.39309132099151617 -0.19487073272466657
decision_type=2 2 2 2 2 2
left_child=1 5 4 -2 -3 -1
right_child=3 2 -4 -5 -6 -7
leaf_value=0.0025758153749962111 -0.0036145866496338783 0.0022219599308368385 -0.0065788547118497062 0.0046659436228110055 -0.0009500915681317513 -0.00083096329534270699
leaf_weight=505.1132841296494 256.64767483994365 238.22023927792907 72.030662525445223 31.620992034673691 929.00132212787867 239.22505496442318
leaf_count=2290 1162 1099 327 137 4195 1120
internal_value=-0.000223019 0.000137358 -0.000670159 -0.00269703 -0.000301744 0.00148115
internal_weight=2271.86 1983.59 1239.25 288.269 1167.22 744.338
internal_count=10330 9031 5621 1299 5294 3410
is_linear=0
shrinkage=0.013029


Tree=478
num_leaves=7
num_cat=0
split_feature=122 135 124 78 52 16
split_gain=10.0655 12.9527 13.6309 17.9917 11.1917 11.89
threshold=259.15000000000003 9.5000000000000018 15.768999999999506 -0.14091877639293668 -0.087761480361223207 -0.41901789605617518
decision_type=8 2 8 2 2 2
left_child=4 2 3 -2 -1 -6
right_child=1 -3 -4 -5 5 -7
leaf_value=0.0058452991201037169 0.0048818216538537365 0.0030611667472960559 -0.00030540197416951492 -0.0060707196593993516 0.0085192013996413987 7.257646636840649e-05
leaf_weight=91.850017808377743 30.334711283445358 169.31238089501858 1460.5192215815187 144.01114027202129 30.153660953044891 339.32582287490368
leaf_count=457 134 771 6530 637 139 1636
internal_value=7.76032e-05 -0.000361685 -0.000717344 -0.00415298 0.00179349 0.000776952
internal_weight=2265.51 1804.18 1634.87 174.346 461.33 369.479
internal_count=10304 8072 7301 771 2232 1775
is_linear=0
shrinkage=0.013029


Tree=479
num_leaves=7
num_cat=1
split_feature=60 98 124 4 138 56
split_gain=11.2672 15.0511 12.7815 11.2728 14.7408 12.59
threshold=-0.049645999446511262 0.14323692023754123 585.51249999998856 -0.012668822426348923 0 -0.27605035901069636
decision_type=2 2 8 2 9 2
left_child=-1 2 3 -2 -5 -6
right_child=1 -3 -4 4 5 -7
leaf_value=-0.0026639514286133465 -0.00097232515546169941 0.0087989764478324413 0.0061165335579016003 -2.6793083899876249e-05 0.010367432464770485 0.0024743394909348053
leaf_weight=233.99213598296046 967.51334112137556 34.478247299790382 59.429532192647457 677.04864942282438 39.788371115922928 230.25833635777235
leaf_count=1100 4282 156 430 3064 175 1004
internal_value=3.73374e-05 0.000352869 0.000202236 1.64536e-05 0.00102652 0.00353105
internal_weight=2242.51 2008.52 1974.04 1914.61 947.095 270.047
internal_count=10211 9111 8955 8525 4243 1179
cat_boundaries=0 1
cat_threshold=4003772416
is_linear=0
shrinkage=0.013029


Tree=480
num_leaves=7
num_cat=1
split_feature=138 26 90 58 59 14
split_gain=16.2172 11.4175 13.4975 14.3145 11.8384 11.2345
threshold=0 -0.15532778203487393 0.12203213945031167 -0.0074291571509093038 -0.4056092351675033 -0.18647871911525724
decision_type=9 2 2 2 2 2
left_child=1 -1 4 -4 -3 -6
right_child=-2 2 3 -5 5 -7
leaf_value=-0.004490953291866843 0.0005422351091541322 0.0042463935017415392 0.0078764060277018138 -0.0033461682411234628 -0.011058081823206688 -0.0021406701689138212
leaf_weight=206.11278128623962 1809.0860515460372 34.826738618314266 53.781558468937874 29.364554867148399 30.621093481779099 104.45871442556381
leaf_count=949 8233 152 240 132 144 474
internal_value=-1.50769e-05 -0.00217284 -0.000363059 0.00391818 -0.00246574 -0.00420946
internal_weight=2268.25 459.165 253.053 83.1461 169.907 135.08
internal_count=10324 2091 1142 372 770 618
cat_boundaries=0 1
cat_threshold=211363412
is_linear=0
shrinkage=0.013029


Tree=481
num_leaves=7
num_cat=1
split_feature=138 5 75 2 127 93
split_gain=11.5928 13.8006 13.9712 11.8579 11.0577 10.8265
threshold=0 0.00096235860837623488 0.024125959724187854 0.24849750101566317 20.020526620370372 -0.053651593625545495
decision_type=9 2 2 2 2 2
left_child=1 2 3 4 -1 -2
right_child=5 -3 -4 -5 -6 -7
leaf_value=-0.0039793786836460187 0.00025996911461719104 0.0005246682571300494 0.0025749038685285962 0.0039459492726137231 -0.011273973946585995 0.005304661904763211
leaf_weight=255.45203633606434 1510.6805928982794 306.67727145552635 59.878765873610973 26.92510187625885 40.649173870682716 75.137542765587568
leaf_count=1215 6807 1405 301 123 190 327
internal_value=-0.000116012 -0.00151268 -0.00318183 -0.00425225 -0.00500539 0.000498122
internal_weight=2275.4 689.582 382.905 323.026 296.101 1585.82
internal_count=10368 3234 1829 1528 1405 7134
cat_boundaries=0 1
cat_threshold=3300393364
is_linear=0
shrinkage=0.013029


Tree=482
num_leaves=7
num_cat=1
split_feature=128 66 137 52 128 39
split_gain=11.4923 14.9564 13.0706 12.7376 11.9646 16.4169
threshold=11.917239583333336 -0.24601807445287702 0 0.011397853493690492 0.85070601851851857 0.39452655613422399
decision_type=2 2 9 2 2 2
left_child=2 -2 -1 -3 5 -4
right_child=1 3 4 -5 -6 -7
leaf_value=-0.0068349392496412581 0.00022435540412892334 0.011856384898885054 0.00085634988202031254 0.0019843649652583066 -0.0015892778381044784 -0.0064501200458320796
leaf_weight=42.011317923665047 171.90770640969276 42.741492792963982 1165.5096583813429 46.041234884411097 718.27322068065405 53.942606125026941
leaf_count=193 773 193 5334 207 3258 247
internal_value=-9.37729e-05 0.00247393 -0.000432654 0.00679335 -0.000254817 0.000529578
internal_weight=2240.43 260.69 1979.74 88.7827 1937.73 1219.45
internal_count=10205 1173 9032 400 8839 5581
cat_boundaries=0 1
cat_threshold=2
is_linear=0
shrinkage=0.013029


Tree=483
num_leaves=7
num_cat=0
split_feature=105 58 1 14 90 14
split_gain=11.9216 14.6805 12.0261 13.0642 15.8407 12.6004
threshold=0.25465000000000004 0.053202735260128982 0.034850455820560462 -0.1083104833960533 0.13164141774177554 -0.11358661949634551
decision_type=2 2 2 2 2 2
left_child=2 -2 5 4 -4 -1
right_child=1 -3 3 -5 -6 -7
leaf_value=-0.0009060221760907464 0.0024679385727552376 -0.0046748348179158402 -0.00094201451466029574 -0.0021893227397205501 0.0042835228370428167 0.0032875604244434718
leaf_weight=230.1712226010859 500.37367030605674 53.46449152380228 340.29372848942876 746.5445992667228 137.76890145614743 256.62854655086994
leaf_count=1039 2284 249 1524 3393 631 1184
internal_value=0.000113059 0.00177331 -0.000424736 -0.00111321 0.000568014 0.0013063
internal_weight=2265.25 553.838 1711.41 1224.61 478.063 486.8
internal_count=10304 2533 7771 5548 2155 2223
is_linear=0
shrinkage=0.013029


Tree=484
num_leaves=7
num_cat=0
split_feature=128 128 128 88 133 66
split_gain=9.74275 10.1541 25.5154 23.7625 18.8068 14.874
threshold=27.019583333333337 0.76172453703703713 5.8548784722222234 -0.023849567398428913 1.0000000180025095e-35 -0.22951116412878034
decision_type=2 2 2 2 2 2
left_child=1 4 -3 -4 -1 -5
right_child=-2 2 3 5 -6 -7
leaf_value=0.001477374093173799 0.007217185642675818 -0.0038315443325150039 0.003167303865190446 -0.0035934995275828546 -0.002407505962021396 0.0034494887233984749
leaf_weight=983.34136372245848 30.361547514796257 367.31180300563574 293.08366968110204 232.16594868153334 268.77866186574101 64.528626646846533
leaf_count=4427 137 1679 1296 1067 1308 297
internal_value=-2.7714e-05 -0.000129572 -0.00113944 0.000539784 0.000642557 -0.00205712
internal_weight=2239.57 2209.21 957.09 589.778 1252.12 296.695
internal_count=10211 10074 4339 2660 5735 1364
is_linear=0
shrinkage=0.013029


Tree=485
num_leaves=7
num_cat=1
split_feature=128 138 131 6 6 6
split_gain=10.1333 9.94367 15.2248 12.4615 9.69296 10.4332
threshold=20.739218750000003 0 14.30729166666667 0.033353134989738471 -0.0024030570639297362 -0.097241267561912523
decision_type=2 9 8 2 2 2
left_child=1 2 3 4 5 -1
right_child=-2 -3 -4 -5 -6 -7
leaf_value=-0.0022206056536988902 0.0046466739713051158 -0.00053519123502913002 0.01109873546025467 0.0067548303668786757 -0.0046535611345722818 0.0034733752632480509
leaf_weight=89.91474212706089 77.289501205086708 1793.0277029126883 27.143147435039282 54.328623183071613 59.693355575203896 137.01615483313799
leaf_count=390 341 8093 299 235 256 593
internal_value=3.30772e-05 -0.000133395 0.0017871 0.00107656 -1.37853e-05 0.00121741
internal_weight=2238.41 2161.12 368.096 340.953 286.624 226.931
internal_count=10207 9866 1773 1474 1239 983
cat_boundaries=0 1
cat_threshold=21254458
is_linear=0
shrinkage=0.013029


Tree=486
num_leaves=7
num_cat=1
split_feature=49 55 138 128 122 91
split_gain=13.6692 15.865 11.3218 32.6356 18.6856 12.9196
threshold=-0.022376252338290211 0.43260066211223608 0 8.6669270833333361 259.15000000000003 -0.071288071572780595
decision_type=2 2 9 2 8 2
left_child=1 -1 3 4 5 -2
right_child=2 -3 -4 -5 -6 -7
leaf_value=-0.005294373383496938 0.0052619176344573812 0.0044503283316969572 -0.00029587945214575723 0.0097891664467438851 -0.0024596008981584224 -0.0027010496018665653
leaf_weight=150.59786672145128 143.31343099847436 34.329126372933388 1623.3176570087671 76.234182890504599 185.52484031021595 45.026114359498024
leaf_count=664 805 150 7310 351 809 202
internal_value=-8.81572e-05 -0.00347529 0.000215027 0.00201704 0.000470508 0.00335522
internal_weight=2258.34 184.927 2073.42 450.099 373.864 188.34
internal_count=10291 814 9477 2167 1816 1007
cat_boundaries=0 1
cat_threshold=1130386304
is_linear=0
shrinkage=0.013029


Tree=487
num_leaves=7
num_cat=1
split_feature=138 56 84 58 54 128
split_gain=10.8221 8.42739 11.4774 12.4203 11.4014 11.1236
threshold=0 -0.21276829391717908 -0.030054860748350617 0.079749722033739104 0.047698272392153747 9.7764699074074084
decision_type=9 2 2 2 2 2
left_child=-1 2 -2 -4 -3 -6
right_child=1 4 3 -5 5 -7
leaf_value=0.0044515056215322793 0.0080055228394281478 -0.006248397997083625 -5.8158366218794557e-06 0.0051221378318123826 -0.00091390246847057068 0.0021137023238362628
leaf_weight=83.647788729518652 38.124671265482903 57.83915589004755 569.39554657042027 92.61003190279007 1169.6899417564273 249.30776695907116
leaf_count=544 170 265 2596 406 5208 1097
internal_value=0.000132052 -5.55041e-05 0.00112092 0.000716275 -0.000613863 -0.000381182
internal_weight=2260.61 2176.97 700.13 662.006 1476.84 1419
internal_count=10286 9742 3172 3002 6570 6305
cat_boundaries=0 1
cat_threshold=1090801696
is_linear=0
shrinkage=0.013029


Tree=488
num_leaves=7
num_cat=0
split_feature=16 97 65 56 10 6
split_gain=10.9181 9.92729 9.66728 11.3541 13.9864 13.7591
threshold=-0.46754619479179377 -0.050413455814123147 0.089403174817562117 -0.19256992638111112 -0.26490798592567438 0.036540605127811439
decision_type=2 2 2 2 2 2
left_child=1 -1 3 4 -2 -5
right_child=2 -3 -4 5 -6 -7
leaf_value=0.010589305978363175 -0.00087903448273420363 0.0013777124351760802 -0.0037004340488279923 -0.0015065632312733954 0.0026885836785000192 0.0016204160050537193
leaf_weight=29.60135817155242 303.50652610883117 58.349438261240721 120.57540559023619 914.89458503946662 482.16931697167456 322.53605715744197
leaf_count=138 1411 270 571 4148 2198 1441
internal_value=5.76817e-05 0.00453808 -0.000127583 8.65806e-05 0.00131086 -0.000691054
internal_weight=2231.63 87.9508 2143.68 2023.11 785.676 1237.43
internal_count=10177 408 9769 9198 3609 5589
is_linear=0
shrinkage=0.013029


Tree=489
num_leaves=7
num_cat=2
split_feature=138 132 136 39 134 9
split_gain=12.3659 12.7088 11.8392 10.2688 9.31556 9.96669
threshold=0 1.5000000000000002 1 0.36932587623596197 1.0000000180025095e-35 -0.10354743897914885
decision_type=9 2 1 2 2 2
left_child=1 -1 4 -4 5 -2
right_child=2 -3 3 -5 -6 -7
leaf_value=0.0019403623398053915 0.0041286810998091474 -0.0031064747758608371 0.0004297406664490971 -0.0041947524657921804 0.0062524286842918454 -0.0028267048064447831
leaf_weight=112.75729293376207 80.287186820060015 334.84490266442299 1465.3721265122294 85.598934080451727 104.92794040590525 60.894054299220443
leaf_count=497 424 1533 6603 387 501 286
internal_value=0.000118704 -0.00179403 0.000602261 0.000171602 0.00319592 0.00112956
internal_weight=2244.68 447.602 1797.08 1550.97 246.109 141.181
internal_count=10231 2030 8201 6990 1211 710
cat_boundaries=0 1 2
cat_threshold=545883677 20
is_linear=0
shrinkage=0.013029


Tree=490
num_leaves=7
num_cat=1
split_feature=62 138 124 91 82 7
split_gain=11.6251 12.5421 13.7624 10.0454 13.6811 10.562
threshold=-0.24884287267923352 0 22.589500000000992 -0.11132830381393431 -0.27629552781581873 -0.17139603197574613
decision_type=2 9 10 2 2 2
left_child=1 -1 -3 4 -4 -6
right_child=-2 2 3 -5 5 -7
leaf_value=0.0030579676853064904 -0.00070173240651291669 -0.006517653412995086 -0.0067616748796409856 -0.0020505271684729274 0.00017692134253909539 0.0048078890753514292
leaf_weight=361.16856835409999 1307.1663647033274 49.794349171221256 28.389654159545898 165.74193896353245 162.77436108142138 171.29906438291073
leaf_count=1669 5975 219 127 749 738 766
internal_value=9.26034e-05 0.00119788 -1.92481e-05 0.000600935 0.001815 0.00255666
internal_weight=2246.33 939.168 577.999 528.205 362.463 334.073
internal_count=10243 4268 2599 2380 1631 1504
cat_boundaries=0 1
cat_threshold=1382072323
is_linear=0
shrinkage=0.013029


Tree=491
num_leaves=7
num_cat=0
split_feature=128 128 133 88 4 123
split_gain=12.9687 22.3917 28.7146 17.2795 15.404 14.1857
threshold=9.5454513888888908 0.85070601851851857 1.0000000180025095e-35 -0.034004086628556245 0.055496597662568099 90.500000000000014
decision_type=2 2 2 2 2 2
left_child=1 2 5 -2 -3 -1
right_child=3 4 -4 -5 -6 -7
leaf_value=0.00064639748277755258 0.0055873251092116334 -0.0036369897222253323 -0.0031429196117225243 -3.8622360762612489e-05 0.0012636351393865023 0.0041353622604277567
leaf_weight=719.80575733818114 153.80580814555287 459.38088044151664 275.56651175767183 231.53018393367529 142.23694906383753 272.27084174007177
leaf_count=3231 677 2079 1342 1053 668 1230
internal_value=3.89974e-05 -0.000409853 0.000572633 0.00221311 -0.00247824 0.0016062
internal_weight=2254.6 1869.26 1267.64 385.336 601.618 992.077
internal_count=10280 8550 5803 1730 2747 4461
is_linear=0
shrinkage=0.013029


Tree=492
num_leaves=7
num_cat=0
split_feature=118 123 72 71 131 71
split_gain=9.17619 9.55564 11.4261 9.97668 15.1047 12.0797
threshold=1.0000000180025095e-35 187.50000000000003 -0.023262776434421536 -0.017841639928519722 0.93049599586670129 -0.011382370255887507
decision_type=2 2 2 2 8 2
left_child=1 3 -3 4 -1 -5
right_child=-2 2 -4 5 -6 -7
leaf_value=-0.0093965849522277285 0.005020479999239433 -0.00068307156539923984 0.0097706399967154561 0.0075665938007759507 -0.0012547184848671737 -5.3593230129029961e-05
leaf_weight=44.180053517222404 59.749749273061752 35.10481970012188 35.011163376271725 35.328938066959381 282.03851234912872 1752.9302619509399
leaf_count=211 371 153 165 155 1255 7929
internal_value=1.34639e-05 -0.000125069 0.00458248 -0.000282659 -0.00237541 9.98986e-05
internal_weight=2244.34 2184.59 70.116 2114.48 326.219 1788.26
internal_count=10239 9868 318 9550 1466 8084
is_linear=0
shrinkage=0.013029


Tree=493
num_leaves=7
num_cat=1
split_feature=31 138 123 95 70 10
split_gain=11.2136 12.521 13.4763 13.0661 10.7628 9.49644
threshold=-0.55444949865341175 0 79.500000000000014 -0.12483450770378111 0.30402073264122015 -0.17371366173028943
decision_type=2 9 2 2 2 2
left_child=-1 2 4 5 -2 -3
right_child=1 3 -4 -5 -6 -7
leaf_value=0.005119928713641927 0.0016050850231834951 -0.00043609066383866235 0.0062145234115341232 -0.001699223522968628 -0.005410692787183073 0.0023811457396579316
leaf_weight=73.102753657847643 290.15424176864326 572.28212555497885 97.154585398733616 846.76500126719475 41.847546506673098 314.0038443133235
leaf_count=332 1426 2534 421 3915 181 1403
internal_value=0.000126186 -4.42764e-05 0.00192053 -0.000539378 0.000711102 0.000563142
internal_weight=2235.31 2162.21 429.156 1733.05 332.002 886.286
internal_count=10212 9880 2028 7852 1607 3937
cat_boundaries=0 1
cat_threshold=558121824
is_linear=0
shrinkage=0.013029


Tree=494
num_leaves=7
num_cat=2
split_feature=75 138 136 125 125 32
split_gain=11.3579 19.754 17.5171 19.5802 17.7674 15.0777
threshold=-0.094376139342784868 0 1 0.12250000000000001 0.16823529411764709 -0.04929490573704242
decision_type=2 9 1 8 10 2
left_child=1 -1 -2 -4 -5 -6
right_child=2 -3 3 4 5 -7
leaf_value=-0.0010451110239408136 -0.0034450863710391391 0.0026455134828434375 0.0089165826179621564 -0.0072916544444665008 0.0022533935679394388 -0.001265465967780642
leaf_weight=424.46605010330677 304.3951958194375 565.49749891832471 40.241576373577118 56.963235482573509 350.14125235192478 502.42105223797262
leaf_count=1923 1365 2592 197 270 1572 2318
internal_value=3.67595e-05 0.00107963 -0.000786565 0.000102582 -0.000292922 0.000180378
internal_weight=2244.13 989.964 1254.16 949.767 909.526 852.562
internal_count=10237 4515 5722 4357 4160 3890
cat_boundaries=0 1 2
cat_threshold=716735110 1
is_linear=0
shrinkage=0.013029


Tree=495
num_leaves=7
num_cat=1
split_feature=135 128 128 128 138 110
split_gain=14.4 11.7319 12.0735 27.2693 42.3799 19.9778
threshold=6.5000000000000009 26.033425925925929 0.76172453703703713 6.0397685185185201 0 1.0000000180025095e-35
decision_type=2 2 2 2 9 2
left_child=1 2 5 -4 -5 -1
right_child=-2 -3 3 4 -6 -7
leaf_value=0.010788621452364448 0.0021595127486429408 0.0078314183554901873 -0.0046741742768727163 -0.0029694289316831673 0.0045246937146892078 4.4735844548493651e-05
leaf_weight=29.636160815134645 432.28442804515362 27.640042126178741 329.08084554597735 298.61777479946613 207.94814502075315 921.77292856946588
leaf_count=190 1940 120 1513 1353 934 4176
internal_value=2.45095e-05 -0.000484723 -0.00061641 -0.00175842 0.000139639 0.000387211
internal_weight=2246.98 1814.7 1787.06 835.647 506.566 951.409
internal_count=10226 8286 8166 3800 2287 4366
cat_boundaries=0 1
cat_threshold=2357233682
is_linear=0
shrinkage=0.013029


Tree=496
num_leaves=7
num_cat=0
split_feature=54 51 64 82 81 62
split_gain=11.5744 20.3896 11.0558 9.2027 12.9273 13.6959
threshold=0.30336260795593267 -0.089231867343187318 0.30454871058464056 -0.198749303817749 -0.017501400783658024 -0.23190096020698545
decision_type=2 2 2 2 2 2
left_child=3 -2 -3 -1 5 -5
right_child=1 2 -4 4 -6 -7
leaf_value=-0.00083558457109968664 0.0074289644003010359 -0.0021299816639230463 -0.0086648504443367514 0.0045970237137240091 -5.8183049605482558e-05 0.00047243997068390078
leaf_weight=653.69881456717849 32.202464252710342 224.6782118268311 54.181844271719456 278.96273975260556 742.70304112881422 267.61509590595961
leaf_count=2994 142 1020 242 1300 3370 1223
internal_value=4.93028e-05 -0.00228114 -0.0034185 0.000423095 0.00106139 0.00258078
internal_weight=2254.04 311.063 278.86 1942.98 1289.28 546.578
internal_count=10291 1404 1262 8887 5893 2523
is_linear=0
shrinkage=0.013029


Tree=497
num_leaves=7
num_cat=0
split_feature=73 19 16 39 79 57
split_gain=13.7835 12.3179 11.0825 11.8032 8.5656 13.8708
threshold=-0.13742141425609586 0.39309132099151617 -0.4819089919328689 0.41538637876510626 -0.25684812664985651 -0.0010478957556188104
decision_type=2 2 2 2 2 2
left_child=-1 2 -2 -4 5 -3
right_child=1 4 3 -5 -6 -7
leaf_value=-0.0045933540174250484 0.009503081940791221 -0.0070020312402603686 0.0017328317886608014 -0.0057286418690626504 -6.148299607474175e-05 -0.00080706279537282716
leaf_weight=112.57511053979397 28.249100368469954 83.438852682709694 543.99614937976003 37.84702305495739 1218.752747617662 227.33844024315476
leaf_count=534 129 380 2517 176 5534 1018
internal_value=-0.000164409 7.00661e-05 0.00163426 0.00124109 -0.000554322 -0.0024825
internal_weight=2252.2 2139.62 610.092 581.843 1529.53 310.777
internal_count=10288 9754 2822 2693 6932 1398
is_linear=0
shrinkage=0.013029


Tree=498
num_leaves=7
num_cat=0
split_feature=123 127 47 72 31 55
split_gain=11.573 13.7222 9.89382 10.1912 9.63326 10.909
threshold=142.50000000000003 13.999658564814817 0.11465222015976907 -0.011569542344659565 -0.55444949865341175 0.48614469170570379
decision_type=2 2 2 2 2 2
left_child=4 -2 3 -3 -1 -6
right_child=1 2 -4 -5 5 -7
leaf_value=0.0046821818172594091 0.0078028950268882857 -5.341326300420618e-05 -0.0034289223614948883 0.0061763991741412829 -0.00027613581708321348 -0.0041579604942006227
leaf_weight=60.992840178310871 61.437491893768311 109.22174844890833 64.131398595869541 74.586801424622536 1742.3780306354165 131.52235807105899
leaf_count=276 268 483 281 344 7981 603
internal_value=-9.10774e-06 0.00232771 0.000952571 0.00248861 -0.000383468 -0.000550061
internal_weight=2244.27 309.377 247.94 183.809 1934.89 1873.9
internal_count=10236 1376 1108 827 8860 8584
is_linear=0
shrinkage=0.013029


Tree=499
num_leaves=7
num_cat=0
split_feature=135 90 84 16 126 46
split_gain=12.3748 9.98342 12.3735 12.3302 9.97243 10.7934
threshold=4.5000000000000009 0.13164141774177554 0.15677508711814883 -0.27540686726570124 1.0000000180025095e-35 -0.025027435272932049
decision_type=2 2 2 2 8 2
left_child=1 -1 3 -3 -4 -6
right_child=-2 2 4 -5 5 -7
leaf_value=-0.0015795791922582165 0.0010398589620140813 0.0007860251341387345 -0.00013590496975248836 -0.0072226310290898505 0.0088860130749012049 0.0005599596950161197
leaf_weight=998.76535874418914 922.88245968706906 96.510647654533386 91.077717833220959 48.5038394741714 67.833555899560452 43.181937217712402
leaf_count=4598 4160 445 405 224 315 199
internal_value=-0.000121701 -0.000918326 0.0009837 -0.00191484 0.00306301 0.00567158
internal_weight=2268.76 1345.87 347.108 145.014 202.093 111.015
internal_count=10346 6186 1588 669 919 514
is_linear=0
shrinkage=0.013029


Tree=500
num_leaves=7
num_cat=0
split_feature=127 126 99 1 123 37
split_gain=10.4806 19.3186 16.0104 13.0246 14.2636 15.1828
threshold=13.999936342592596 0.1012820512820513 -0.5373777151107787 0.1721390783786774 72.500000000000014 0.11130577698349954
decision_type=2 8 2 2 2 2
left_child=3 2 -2 4 -1 -6
right_child=1 -3 -4 -5 5 -7
leaf_value=0.00039106153066624245 0.0016655565579475724 0.0072629781182981003 -0.0022211180387241266 -0.0022822460916091503 -0.0016678139329662333 0.0051803231430302315
leaf_weight=692.78036418370903 234.98634250462055 46.084139719605446 760.91426018252969 187.79872257262468 69.733003795146942 253.63071901351213
leaf_count=3246 1078 204 3447 861 310 1101
internal_value=3.6426e-05 -0.000919943 -0.00130351 0.000864196 0.00144689 0.00370311
internal_weight=2245.93 1041.98 995.901 1203.94 1016.14 323.364
internal_count=10247 4729 4525 5518 4657 1411
is_linear=0
shrinkage=0.013029


Tree=501
num_leaves=7
num_cat=2
split_feature=138 81 128 138 1 59
split_gain=12.444 11.8576 15.2309 19.3378 11.5154 11.5819
threshold=0 -0.0050184612628072492 8.6669270833333361 1 0.092228595167398467 -0.15456578135490415
decision_type=9 2 2 9 2 2
left_child=-1 4 -3 -4 5 -2
right_child=1 2 3 -5 -6 -7
leaf_value=-0.0026727505729793035 0.0034511473500862841 -0.0013785957901772197 -0.00026056093166143763 0.0078148863677670044 -0.00039699972704558957 -0.0016717601493927087
leaf_weight=258.13901893794537 455.21788919903338 868.85484891943634 158.17979218065739 64.550827775150537 357.71452125534415 89.198000926524401
leaf_count=1226 2090 3910 695 288 1644 407
internal_value=-4.09827e-05 0.000312435 -0.00059931 0.00243534 0.00141872 0.00261072
internal_weight=2251.85 1993.72 1091.59 222.731 902.13 544.416
internal_count=10260 9034 4893 983 4141 2497
cat_boundaries=0 1 2
cat_threshold=9512068 2550138888
is_linear=0
shrinkage=0.013029


Tree=502
num_leaves=7
num_cat=0
split_feature=62 18 4 15 7 0
split_gain=14.0129 11.1944 11.814 10.1527 12.4128 11.6962
threshold=-0.24884287267923352 0.47340920567512518 -0.026180371642112728 -0.085264168679714189 -0.17139603197574613 0.21235695481300357
decision_type=2 2 2 2 2 2
left_child=3 -2 -3 4 -1 -6
right_child=1 2 -4 -5 5 -7
leaf_value=-0.0001652646406779363 -0.00067075219049645286 -0.0087921116676220497 -0.0010214043606884119 -0.00033743898746367449 0.0051010296897281418 -0.0032087668222610913
leaf_weight=194.32353747822344 1170.213445706293 61.684720776975155 71.465789750218391 477.03479573875666 244.12364293262362 32.093282274901867
leaf_count=901 5361 280 322 2144 1135 140
internal_value=-0.000203187 -0.00107947 -0.00464892 0.00100202 0.00235843 0.00412977
internal_weight=2250.94 1303.36 133.151 947.575 470.54 276.217
internal_count=10283 5963 602 4320 2176 1275
is_linear=0
shrinkage=0.013029


Tree=503
num_leaves=7
num_cat=2
split_feature=133 138 128 128 128 138
split_gain=15.7364 28.7231 14.7021 13.4168 16.8824 23.1931
threshold=1.0000000180025095e-35 0 10.122378472222223 1.1239062500000003 6.0397685185185201 1
decision_type=2 9 2 2 2 9
left_child=3 2 -2 -1 -5 -6
right_child=1 -3 -4 4 5 -7
leaf_value=0.0015791618241774205 -0.00017165504400692676 -0.0052671132350318312 0.0089282484737024902 -0.0033033530701378649 -0.0012357805474335511 0.0046859429480821078
leaf_weight=1025.7103112582117 198.55774877592921 225.98151269555092 34.816009450703859 271.65182881057262 331.2151934504509 157.15190355852246
leaf_count=4606 942 1096 156 1241 1503 698
internal_value=5.4113e-05 -0.00209469 0.00115938 0.000607479 -0.00070414 0.00074436
internal_weight=2245.08 459.355 233.374 1785.73 760.019 488.367
internal_count=10242 2194 1098 8048 3442 2201
cat_boundaries=0 1 2
cat_threshold=1483227425 2357233667
is_linear=0
shrinkage=0.013029


Tree=504
num_leaves=7
num_cat=0
split_feature=83 1 16 22 76 82
split_gain=14.0974 12.4661 11.2817 9.4057 9.50232 9.39624
threshold=-0.18758796900510785 0.114276010543108 -0.46754619479179377 0.28173266351222997 -0.10610601678490637 -0.15132864564657209
decision_type=2 2 2 2 2 2
left_child=2 3 -1 4 -2 -6
right_child=1 -3 -4 -5 5 -7
leaf_value=0.0042053833416260625 -0.0030600712162780351 -0.00088942083793987279 -0.0019245549397086581 -0.0053609397557116819 0.00083767025044930896 0.0035195808696661317
leaf_weight=54.44093606248498 62.26233789511025 521.03475987911224 678.01633210480213 31.189129784703255 443.44923747144639 444.05709072761238
leaf_count=245 295 2388 3057 144 2046 2023
internal_value=1.58267e-05 0.000738461 -0.0014653 0.00160313 0.00183566 0.00218129
internal_weight=2234.45 1501.99 732.457 980.958 949.769 887.506
internal_count=10198 6896 3302 4508 4364 4069
is_linear=0
shrinkage=0.013029


Tree=505
num_leaves=7
num_cat=1
split_feature=128 138 128 133 95 128
split_gain=14.6894 12.6022 14.8894 25.7838 16.6275 13.9535
threshold=27.019583333333337 0 0.76172453703703713 1.0000000180025095e-35 -0.12724447995424268 6.555503472222223
decision_type=2 9 2 2 2 2
left_child=1 5 3 -3 -4 -1
right_child=-2 2 4 -5 -6 -7
leaf_value=0.00061263671148220264 0.0093021996815414315 0.0015011166381214216 -7.6877291202088324e-05 -0.0037761856253738599 -0.0040231763891832723 0.0058341873277363383
leaf_weight=319.21665332093835 28.727824807167053 860.21958009898663 395.99549701064825 191.55702868103981 333.54913887381554 118.75599339976907
leaf_count=1582 130 3799 1742 914 1564 548
internal_value=0.000159143 3.78488e-05 -0.000451424 0.000538075 -0.00188329 0.00199025
internal_weight=2248.02 2219.29 1781.32 1051.78 729.545 437.973
internal_count=10279 10149 8019 4713 3306 2130
cat_boundaries=0 1
cat_threshold=54808754
is_linear=0
shrinkage=0.013029


Tree=506
num_leaves=7
num_cat=3
split_feature=123 136 138 138 125 27
split_gain=12.9231 12.6793 17.0053 14.3332 15.1311 12.4554
threshold=187.50000000000003 0 1 2 0.71714285714285719 -0.20930373668670652
decision_type=2 1 9 9 8 2
left_child=1 2 -1 5 -5 -3
right_child=-2 3 -4 4 -6 -7
leaf_value=-0.0049823337708990272 0.0052852545659363868 -0.0013797982067166432 -0.0003661078419210535 -0.00010431663265691658 -0.0071816906703731339 0.0037090548866506616
leaf_weight=192.08957707881927 71.987728923559189 109.6394264549017 429.1435785703361 1068.4931454658508 53.155379951000214 315.52088395506144
leaf_count=900 329 511 1859 4889 235 1495
internal_value=-0.000118242 -0.000299334 -0.00185373 0.000335324 -0.000440131 0.00234165
internal_weight=2240.03 2168.04 621.233 1546.81 1121.65 425.16
internal_count=10218 9889 2759 7130 5124 2006
cat_boundaries=0 1 2 3
cat_threshold=1 2290092683 408965931
is_linear=0
shrinkage=0.013029


Tree=507
num_leaves=7
num_cat=0
split_feature=62 6 98 122 69 132
split_gain=14.9114 14.3752 11.3002 11.1863 10.0448 10.7542
threshold=-0.27284406125545496 -0.028190172277390953 -0.26019644737243647 78.800000000000011 -0.012877700850367544 9.5000000000000018
decision_type=2 2 2 8 2 2
left_child=2 3 -1 -2 5 -4
right_child=1 -3 4 -5 -6 -7
leaf_value=-0.0041085513121104644 0.0022420876710433869 0.00034037602593554428 -0.0028642119018028227 -0.0028455480461015434 0.0033625828702694978 0.0023339700567061184
leaf_weight=55.270616512745619 83.372272245585918 861.06871172972023 118.15806626901031 583.01767082512379 379.805823110044 155.8154855966568
leaf_count=240 406 3893 530 2689 1722 739
internal_value=-4.68433e-05 -0.000771627 0.00151372 -0.00220732 0.00199297 9.05111e-05
internal_weight=2236.51 1527.46 709.05 666.39 653.779 273.974
internal_count=10219 6988 3231 3095 2991 1269
is_linear=0
shrinkage=0.013029


Tree=508
num_leaves=7
num_cat=0
split_feature=91 96 79 96 50 122
split_gain=8.94836 14.0386 10.8312 10.984 10.5057 9.71689
threshold=-0.073050551116466508 -0.20825728029012677 -0.20721060782670972 -0.15016087889671323 0.0019543728558346633 259.9500000000001
decision_type=2 2 2 2 2 10
left_child=5 -2 3 -3 -5 -1
right_child=1 2 -4 4 -6 -7
leaf_value=0.0021873465681749049 0.004558640263578731 -0.0070002294287664904 -0.0046251171907138672 0.0086318686579115941 -0.00034420466769434114 -3.1277156802274634e-05
leaf_weight=439.96276733092964 53.254878133535385 30.230761811137199 195.05955854430795 27.742635510861874 99.446715980768204 1398.7493188604712
leaf_count=2151 247 137 885 129 447 6266
internal_value=0.000113675 -0.00163593 -0.00257914 -3.45679e-05 0.00165076 0.00050023
internal_weight=2244.45 405.735 352.48 157.42 127.189 1838.71
internal_count=10262 1845 1598 713 576 8417
is_linear=0
shrinkage=0.013029


Tree=509
num_leaves=7
num_cat=3
split_feature=138 56 138 5 133 138
split_gain=12.4344 12.0304 13.1358 13.734 12.3852 13.8275
threshold=0 -0.20897678285837171 1 0.027702694758772854 1.0000000180025095e-35 2
decision_type=9 2 9 2 2 9
left_child=-1 2 -2 -4 5 -3
right_child=1 4 3 -5 -6 -7
leaf_value=0.0073216623652906359 -0.00069961662785059185 -0.0010134512570011411 0.0037302711577717222 -0.0031955627520320034 -0.003169009178267318 0.0022159954277758353
leaf_weight=28.207905724644661 336.25195322185755 868.68247206509113 360.89367587864399 55.595844514667988 296.99466249346733 291.89776764810085
leaf_count=315 1600 3843 1571 247 1363 1299
internal_value=2.10278e-05 -0.000107096 0.00122929 0.00273631 -0.000798249 -0.000189998
internal_weight=2238.52 2210.32 752.741 416.49 1457.57 1160.58
internal_count=10238 9923 3418 1818 6505 5142
cat_boundaries=0 1 2 3
cat_threshold=16798208 3868721293 418449685
is_linear=0
shrinkage=0.013029


Tree=510
num_leaves=7
num_cat=0
split_feature=16 24 99 82 135 121
split_gain=12.2549 11.1022 11.1703 13.5935 12.5335 13.6487
threshold=-0.46754619479179377 0.40315677225589758 -0.52508971095085133 0.03663358464837075 9.5000000000000018 36.833333333333336
decision_type=2 2 2 2 2 8
left_child=-1 2 -2 4 5 -4
right_child=1 -3 3 -5 -6 -7
leaf_value=0.0048503904218230934 0.0020344628315630232 -0.0048436771288516691 0.0011554700079932684 -0.0070617730801420565 0.0037410939352217577 -0.0014386986631235966
leaf_weight=86.254655942320824 389.44717342033982 81.174609439447522 527.97043346054852 49.900813486427069 125.37366285920143 986.63282569497824
leaf_count=401 1771 379 2516 223 566 4423
internal_value=5.50056e-05 -0.000137975 4.73228e-05 -0.000411294 -0.000205963 -0.000534288
internal_weight=2246.75 2160.5 2079.32 1689.88 1639.98 1514.6
internal_count=10279 9878 9499 7728 7505 6939
is_linear=0
shrinkage=0.013029


Tree=511
num_leaves=7
num_cat=1
split_feature=123 42 40 40 138 91
split_gain=11.0655 14.6978 11.4474 10.2488 9.83994 11.7238
threshold=142.50000000000003 -0.26811937987804407 -0.11991461366415022 -0.1648018732666969 0 -0.074003905057907091
decision_type=2 2 2 2 9 2
left_child=4 -2 3 -3 -1 -6
right_child=1 2 -4 -5 5 -7
leaf_value=-0.0013682956452725553 -0.0041779177891131895 0.0035390407808827389 0.0080433388074998852 -0.0030825342309223239 0.0014733989877059608 -0.0024271031491916836
leaf_weight=1219.5678715407848 53.866876237094402 141.15074486285448 63.423412390053272 54.466885700821877 552.11679097265005 170.67450293153524
leaf_count=5590 240 615 295 243 2578 747
internal_value=-0.000294781 0.00197628 0.00326396 0.00169087 -0.000661232 0.000543374
internal_weight=2255.27 312.908 259.041 195.618 1942.36 722.791
internal_count=10308 1393 1153 858 8915 3325
cat_boundaries=0 1
cat_threshold=2428275855
is_linear=0
shrinkage=0.013029


Tree=512
num_leaves=7
num_cat=0
split_feature=127 71 123 95 1 35
split_gain=12.0293 14.8688 12.3947 13.6843 12.455 10.8616
threshold=6.9997974537037049 0.059507174417376525 141.50000000000003 -0.052094763144850724 0.11584892123937608 -0.077272418886423097
decision_type=2 2 2 2 2 2
left_child=1 -1 -2 4 -4 -6
right_child=2 -3 3 -5 5 -7
leaf_value=-0.0023660400325567557 -0.00070303736103879684 0.0082705957132107426 0.0052002651599003923 -0.0052782730361519876 -0.0052222421239718868 0.0033708341176684154
leaf_weight=34.633325010538101 1839.1064737159759 60.684717729687691 174.627845056355 36.843576855957508 45.410819493234158 53.751080967485905
leaf_count=159 8454 273 791 163 195 237
internal_value=-9.48446e-05 0.00441692 -0.000296288 0.00210798 0.00311304 -0.000573494
internal_weight=2245.06 95.318 2149.74 310.633 273.79 99.1619
internal_count=10272 432 9840 1386 1223 432
is_linear=0
shrinkage=0.013029


Tree=513
num_leaves=7
num_cat=0
split_feature=128 19 90 7 63 83
split_gain=12.6161 11.6083 14.4573 14.1068 14.526 10.7333
threshold=27.019583333333337 0.45195932686328893 0.24045283347368243 -0.17471096664667127 -0.093928888440132127 0.036701919510960586
decision_type=2 2 2 2 2 2
left_child=1 5 3 -3 -5 -1
right_child=-2 2 -4 4 -6 -7
leaf_value=0.00083220458327800837 0.008475602973163918 -0.0037453626912443924 0.0070990463881364443 -0.0083256619957231513 5.8224663964507381e-05 -0.0062911833458448325
leaf_weight=1191.8929840680212 27.904977537691593 330.31185607239604 33.159548081457615 36.541206263005733 601.8609402552247 36.316731460392475
leaf_count=5504 127 1491 149 172 2696 179
internal_value=-0.000120572 -0.000230803 -0.00127113 -0.00156264 -0.000430384 0.000618057
internal_weight=2257.99 2230.08 1001.87 968.714 638.402 1228.21
internal_count=10318 10191 4508 4359 2868 5683
is_linear=0
shrinkage=0.013029


Tree=514
num_leaves=7
num_cat=2
split_feature=116 138 128 138 125 125
split_gain=12.5286 19.4596 16.1483 14.6487 21.5102 19.8812
threshold=1.0000000180025095e-35 0 10.167245370370372 1 0.19375000000000003 0.69615384615384623
decision_type=2 9 2 9 10 10
left_child=1 -1 -3 -2 -5 -6
right_child=3 2 -4 4 5 -7
leaf_value=-0.0025223378143402675 0.0039093293493791389 0.00019795963433881034 0.0078108025508535428 -0.0061133005427539853 0.0013427305029842574 -0.0095745446334238437
leaf_weight=558.60650083422661 237.51396962255239 501.06699978932738 51.523407772183418 79.555153302848339 791.88952542841434 28.660193033516407
leaf_count=2581 1212 2200 221 379 3547 131
internal_value=0.000148497 -0.00083522 0.000900626 0.00110929 0.000320969 0.000953454
internal_weight=2248.82 1111.2 552.59 1137.62 900.105 820.55
internal_count=10271 5002 2421 5269 4057 3678
cat_boundaries=0 1 2
cat_threshold=2161674393 2151694464
is_linear=0
shrinkage=0.013029


Tree=515
num_leaves=7
num_cat=0
split_feature=118 3 57 81 69 52
split_gain=9.88505 10.5883 10.2531 10.3497 11.7059 12.779
threshold=1.0000000180025095e-35 0.36808405816555029 0.073356058448553099 0.042415594682097442 -0.11659422889351843 0.027156271971762184
decision_type=2 2 2 2 2 2
left_child=1 2 -1 4 -4 -6
right_child=-2 -3 3 -5 5 -7
leaf_value=-0.00041362506692618344 0.0052652913811138229 -0.0026320466044443573 -0.0049440233284768278 -0.0007079501541867268 0.00097428986834608323 0.0056665782375665873
leaf_weight=1313.5410836823285 59.802771221846342 243.24856558814645 30.313645880669355 218.75218844413757 192.76019312813878 201.59061439707875
leaf_count=5962 370 1109 141 970 866 910
internal_value=7.03321e-05 -7.25248e-05 0.000246462 0.00159301 0.00277747 0.00337885
internal_weight=2260.01 2200.21 1956.96 643.417 424.664 394.351
internal_count=10328 9958 8849 2887 1917 1776
is_linear=0
shrinkage=0.013029


Tree=516
num_leaves=7
num_cat=1
split_feature=138 121 7 121 4 38
split_gain=10.5939 11.6536 12.2628 11.4699 12.9021 13.7241
threshold=0 4.7500000000000009 -0.083602946251630769 208.16666666666671 -0.0020101269474253054 -0.17909135669469831
decision_type=9 10 2 8 2 2
left_child=1 2 -1 4 5 -2
right_child=3 -3 -4 -5 -6 -7
leaf_value=-0.008633762357641836 0.0017956888755861077 -0.00022717709312182862 0.0011153317049697818 0.0087066987961854185 0.0033180818371794014 -0.004164046115396283
leaf_weight=57.448702305555344 146.3764837346971 1610.8935246765614 34.895160347223282 35.546486273407936 236.84784422256052 117.72191205620766
leaf_count=259 716 7292 158 156 1118 523
internal_value=2.06842e-05 -0.000483412 -0.00496937 0.00159883 0.00111471 -0.000864911
internal_weight=2239.73 1703.24 92.3439 536.493 500.946 264.098
internal_count=10222 7709 417 2513 2357 1239
cat_boundaries=0 1
cat_threshold=3197209740
is_linear=0
shrinkage=0.013029


Tree=517
num_leaves=7
num_cat=0
split_feature=91 132 72 132 35 29
split_gain=11.0871 13.3683 12.9527 11.789 13.2853 11.7304
threshold=-0.11132830381393431 1.5000000000000002 -0.073505833745002733 4.5000000000000009 -0.004887320799753069 -0.13056016713380811
decision_type=2 2 2 2 2 2
left_child=3 2 -2 4 -1 -5
right_child=1 -3 -4 5 -6 -7
leaf_value=-0.00050912012928094755 -0.0033990722981725868 -0.0020616464760226266 0.0067479143906195825 0.0027983622799555808 -0.008011194875034322 -0.00010390180380009192
leaf_weight=450.28972710482776 32.40466733276844 711.67712851986289 59.980726405978203 458.73233214206994 43.288763299584389 486.8885638974607
leaf_count=2005 141 3251 271 2187 190 2215
internal_value=-0.000231193 -0.00145595 0.00319003 0.000453447 -0.00117766 0.00130507
internal_weight=2243.26 804.063 92.3854 1439.2 493.578 945.621
internal_count=10260 3663 412 6597 2195 4402
is_linear=0
shrinkage=0.013029


Tree=518
num_leaves=7
num_cat=0
split_feature=71 47 37 67 131 4
split_gain=9.18742 12.2653 18.7038 12.0255 12.8384 13.4221
threshold=-0.017841639928519722 -0.054097454994916909 0.18830789625644687 0.054435221478343017 10.757142857142858 -0.0020101269474253054
decision_type=2 2 2 2 10 2
left_child=1 2 -1 4 5 -2
right_child=3 -3 -4 -5 -6 -7
leaf_value=-0.0027180363661212857 -0.0012171201303437208 -0.0031542202767788248 0.0093012125119479629 0.0030414166770105322 0.0081299796980733082 0.0012020621551723555
leaf_weight=51.025044068694115 847.33275988325477 271.180455327034 37.586584828794003 267.9683572165668 32.086230479180813 719.02063658833504
leaf_count=238 3853 1238 174 1237 143 3309
internal_value=0.000123393 -0.00178088 0.00241365 0.000491022 6.23025e-05 -0.000106574
internal_weight=2226.2 359.792 88.6116 1866.41 1598.44 1566.35
internal_count=10192 1650 412 8542 7305 7162
is_linear=0
shrinkage=0.013029


Tree=519
num_leaves=7
num_cat=0
split_feature=133 101 127 17 118 6
split_gain=9.92385 12.273 14.2543 11.5836 10.1646 9.08321
threshold=1.0000000180025095e-35 60.500000000000007 6.9997974537037049 -0.0075836968608200541 1.0000000180025095e-35 -0.00619433051906526
decision_type=2 2 2 2 2 2
left_child=1 2 -1 5 -4 -2
right_child=3 -3 4 -5 -6 -7
leaf_value=0.0066747547840538485 -0.0035062082610219066 0.0025456997599996554 -0.00031919606890048075 0.0054972545649292215 0.0068147969939503132 0.00044132472010557428
leaf_weight=54.26763242483139 244.42961727455258 535.51892655156553 1158.3028477951884 38.537855096161366 34.214483704417944 165.6792866513133
leaf_count=245 1177 2398 5191 185 221 780
internal_value=0.000461443 0.000897416 0.000188398 -0.00126919 -0.000110577 -0.00191345
internal_weight=2230.95 1782.3 1246.78 448.647 1192.52 410.109
internal_count=10197 8055 5657 2142 5412 1957
is_linear=0
shrinkage=0.013029


Tree=520
num_leaves=7
num_cat=1
split_feature=135 138 61 125 94 45
split_gain=13.2733 12.3298 11.4668 11.1925 10.4364 10.1167
threshold=7.5000000000000009 0 0.26663058996200567 0.12250000000000001 0.30472515523433691 -0.29616965353488917
decision_type=2 9 2 8 2 2
left_child=1 -1 -2 -3 -5 -6
right_child=2 3 -4 4 5 -7
leaf_value=-0.0030593694194655813 0.0032775010940666888 0.0072329632948058848 -0.0017797222232816192 -0.0009300791364592702 -0.0035107634270581983 0.0019746922328985617
leaf_weight=245.4839671626687 333.94084893167019 35.018298961222172 98.014403622597456 1001.1652486026287 64.201969683170319 474.71966537833214
leaf_count=1214 1514 179 431 4541 296 2128
internal_value=7.76043e-05 -0.000409738 0.00212893 2.36719e-05 -0.00014336 0.00131744
internal_weight=2252.54 1820.59 431.955 1575.11 1540.09 538.922
internal_count=10303 8358 1945 7144 6965 2424
cat_boundaries=0 1
cat_threshold=42992236
is_linear=0
shrinkage=0.013029


Tree=521
num_leaves=7
num_cat=0
split_feature=1 75 82 65 125 130
split_gain=12.3199 15.7007 11.7719 10.3198 10.2844 14.4452
threshold=0.092228595167398467 -0.095095925033092485 -0.26540184020996088 -0.03987107798457145 0.66333333333333344 72.500000000000014
decision_type=2 2 2 2 8 2
left_child=4 2 3 -2 -1 -6
right_child=1 -3 -4 -5 5 -7
leaf_value=0.0013303352220586245 0.0011418397981617216 -0.0024904120418267903 0.0016772678456841554 -0.0082606321799581651 0.00081142306579148611 -0.0095984075750730879
leaf_weight=1129.5718072801828 37.287011902779341 534.61791079863906 396.28766381368041 41.213169068098068 59.897289246320724 35.560755256563425
leaf_count=5059 168 2454 1802 187 386 160
internal_value=0.000104886 -0.000960531 0.000763285 -0.00382436 0.000982821 -0.00310881
internal_weight=2234.44 1009.41 474.788 78.5002 1225.03 95.458
internal_count=10216 4611 2157 355 5605 546
is_linear=0
shrinkage=0.013029


Tree=522
num_leaves=7
num_cat=0
split_feature=10 98 12 36 98 69
split_gain=11.8193 10.2508 12.088 9.72613 11.7067 13.2061
threshold=-0.26584370434284205 0.033462582156062133 -0.12958784401416776 -0.1724131032824516 -0.044268244877457612 0.13668788969516757
decision_type=2 2 2 2 2 2
left_child=1 2 -1 -2 5 -5
right_child=3 -3 -4 4 -6 -7
leaf_value=-0.0047161235100918143 -0.0047941799268830833 0.0030648137335168237 -0.00083269009764371286 0.00037632540456350965 0.002705381462558627 -0.0060529376408881494
leaf_weight=198.04928229749203 55.685746397823095 73.516768928617239 432.64733122847974 1054.9568712711334 375.39474944770336 56.460727252066135
leaf_count=918 250 340 2005 4771 1745 252
internal_value=-0.000121199 -0.00151894 -0.00205609 0.000517332 0.000718461 4.60542e-05
internal_weight=2246.71 704.213 630.697 1542.5 1486.81 1111.42
internal_count=10281 3263 2923 7018 6768 5023
is_linear=0
shrinkage=0.013029


Tree=523
num_leaves=7
num_cat=0
split_feature=81 83 124 85 123 124
split_gain=10.5255 12.5824 10.6499 10.5347 16.9163 11.4261
threshold=-0.01370922429487109 -0.18677362799644467 1.0000000180025095e-35 0.37697933614254003 32.500000000000007 51.239166666666286
decision_type=2 2 10 2 2 10
left_child=3 -2 -3 -1 5 -5
right_child=1 2 -4 4 -6 -7
leaf_value=0.0017169902107624091 -0.0027429901359584297 0.0074687611345705647 -0.00025316588899154094 0.0076733088730043383 -0.0040748848798932737 -0.0015317333608169668
leaf_weight=726.7179456949234 410.58739065378904 30.768091551959515 822.20989418029785 44.533964920789003 151.42472827062011 45.9345618262887
leaf_count=3384 1834 182 3716 206 694 210
internal_value=-8.80613e-05 -0.000871181 3.13623e-05 0.000933418 -0.0014188 0.00302403
internal_weight=2232.18 1263.57 852.978 968.611 241.893 90.4685
internal_count=10226 5732 3898 4494 1110 416
is_linear=0
shrinkage=0.013029


Tree=524
num_leaves=7
num_cat=1
split_feature=135 138 125 125 5 124
split_gain=12.0457 11.0601 13.8947 9.74725 18.575 11.4018
threshold=17.000000000000004 0 0.12250000000000001 0.19375000000000003 0.039238240569829948 47.197333333333667
decision_type=2 9 8 10 2 10
left_child=1 3 -3 4 -1 -5
right_child=-2 2 -4 5 -6 -7
leaf_value=-0.0073822540560650575 0.006642150714203458 0.007110402858635529 0.00015039530965027265 0.0019877555438983091 0.0045699425692061982 -0.0026054124180719044
leaf_weight=104.52363468706608 44.413739874958992 49.481437891721725 1629.5987519677728 151.28918008506298 27.409964188933372 230.8415680155158
leaf_count=521 200 239 7437 703 129 1029
internal_value=-2.13131e-05 -0.000158365 0.000356304 -0.00180936 -0.00488793 -0.000786619
internal_weight=2237.56 2193.14 1679.08 514.064 131.934 382.131
internal_count=10258 10058 7676 2382 650 1732
cat_boundaries=0 1
cat_threshold=1251573893
is_linear=0
shrinkage=0.013029


Tree=525
num_leaves=7
num_cat=0
split_feature=131 127 101 56 80 35
split_gain=11.3075 11.0957 12.0823 11.0341 13.2215 9.60353
threshold=10.757142857142858 6.9997974537037049 60.500000000000007 -0.16600163280963895 -0.15012955665588376 -0.095602635294198976
decision_type=10 2 2 2 2 2
left_child=1 3 5 4 -1 -3
right_child=-2 2 -4 -5 -6 -7
leaf_value=0.013243632132583089 0.0064513371523007212 0.0002074041355269282 0.0011973296880713935 -0.0020654511572432079 0.0014231946092074803 -0.0019221510891987449
leaf_weight=31.646574333310127 45.637002289295197 679.18960068002343 669.83860426582396 30.941532738506794 32.280252769589424 762.66716912016273
leaf_count=146 209 3134 3054 138 144 3464
internal_value=8.24124e-05 -5.13475e-05 -0.000247796 0.00429075 0.00735613 -0.000919412
internal_weight=2252.2 2206.56 2111.7 94.8684 63.9268 1441.86
internal_count=10289 10080 9652 428 290 6598
is_linear=0
shrinkage=0.013029


Tree=526
num_leaves=7
num_cat=0
split_feature=122 54 23 57 57 90
split_gain=9.53935 8.90465 9.46194 12.0068 9.04402 8.70861
threshold=1.0000000180025095e-35 0.092037856578826918 0.17167241126298907 0.060663772746920593 0.093115769326686873 0.13164141774177554
decision_type=8 2 2 2 2 2
left_child=-1 2 3 -2 -5 -3
right_child=1 5 -4 4 -6 -7
leaf_value=0.0066194984033583881 -0.0054898605843604932 -0.00020943154809557383 0.0044253385058410774 0.0059611816604304415 -0.0022411397401124965 0.0017831469999992262
leaf_weight=36.806136099621654 142.66868283599615 1431.05797059834 32.000252559781075 32.355537660419941 72.938563764095306 502.52032017707825
leaf_count=343 650 6412 140 147 332 2266
internal_value=0.000104618 -5.79969e-06 -0.00217448 -0.00303642 0.000302404 0.000308887
internal_weight=2250.35 2213.54 279.963 247.963 105.294 1933.58
internal_count=10290 9947 1269 1129 479 8678
is_linear=0
shrinkage=0.013029


Tree=527
num_leaves=7
num_cat=0
split_feature=39 31 118 46 36 98
split_gain=13.2377 11.7851 9.18828 9.02452 7.4713 8.41193
threshold=0.38367684185504919 -0.55444949865341175 1.0000000180025095e-35 0.029710780829191211 -0.19238400459289548 -0.043253058567643159
decision_type=2 2 2 2 2 2
left_child=1 -1 4 -2 -3 -6
right_child=3 2 -4 -5 5 -7
leaf_value=0.0062553310860622262 -0.0014899064210259817 -0.0063741145160783686 0.0051298283796764503 -0.0087126479835864176 -0.00062950392756792525 0.0013474762621207613
leaf_weight=49.855885583907366 74.862571839243174 32.590493343770504 54.575856270268559 48.00563146173954 1509.5934041142464 481.23322685807943
leaf_count=225 339 146 349 222 6832 2195
internal_value=-0.000200195 4.05544e-05 -0.000110641 -0.00434578 -0.000253739 -0.000151307
internal_weight=2250.72 2127.85 2077.99 122.868 2023.42 1990.83
internal_count=10308 9747 9522 561 9173 9027
is_linear=0
shrinkage=0.013029


Tree=528
num_leaves=7
num_cat=1
split_feature=135 123 13 138 127 128
split_gain=13.5765 15.0213 12.2388 10.8618 10.1809 12.8985
threshold=6.5000000000000009 95.500000000000014 0.2143879905343056 0 13.999913194444447 1.0000000180025095e-35
decision_type=2 2 2 9 2 2
left_child=3 2 -2 -1 -5 -6
right_child=1 -3 -4 4 5 -7
leaf_value=-0.0031019804947296373 -0.0010616895340673145 0.0053179947703758798 0.0058073302932035347 0.00089900427821687067 0.00066347948667915717 -0.002709251901692215
leaf_weight=230.26551456004381 229.29626812040806 152.63619863986969 53.747849639505148 802.42675417847931 349.41057250089943 427.24775704741478
leaf_count=1108 1027 695 244 3714 1596 1901
internal_value=-2.89733e-05 0.00203387 0.000253965 -0.000526297 -0.000129026 -0.00119268
internal_weight=2245.03 435.68 283.044 1809.35 1579.09 776.658
internal_count=10285 1966 1271 8319 7211 3497
cat_boundaries=0 1
cat_threshold=8421510
is_linear=0
shrinkage=0.013029


Tree=529
num_leaves=7
num_cat=1
split_feature=84 138 39 67 20 121
split_gain=12.3872 16.161 12.5353 11.5038 13.4646 10.9511
threshold=0.21409206092357638 0 0.38367684185504919 0.01599008217453957 0.13655237853527072 92.291666666666671
decision_type=2 9 2 2 2 10
left_child=1 -1 3 5 -5 -3
right_child=-2 2 -4 4 -6 -7
leaf_value=-0.002780235030628837 0.0014239249624144572 0.00053155920743251162 -0.0049148568521208708 0.0070532554475465038 0.001017146846659061 -0.003243904469086518
leaf_weight=431.58053099364042 688.73775300756097 524.93156862258911 75.945457372814417 83.141476575285196 250.35530462302268 172.75899716466665
leaf_count=2062 3125 2372 343 365 1172 757
internal_value=-2.74721e-05 -0.000677484 0.000167053 0.000546075 0.00253376 -0.000405655
internal_weight=2227.45 1538.71 1107.13 1031.19 333.497 697.691
internal_count=10196 7071 5009 4666 1537 3129
cat_boundaries=0 1
cat_threshold=3398172885
is_linear=0
shrinkage=0.013029


Tree=530
num_leaves=7
num_cat=0
split_feature=133 35 134 124 45 54
split_gain=11.7494 13.3034 12.0694 11.4773 11.3024 11.7461
threshold=1.0000000180025095e-35 -0.037052964791655534 1.0000000180025095e-35 87.697500000000176 -0.049876231700181954 0.22003783285617831
decision_type=2 2 2 8 2 2
left_child=4 2 -2 -4 5 -1
right_child=1 -3 3 -5 -6 -7
leaf_value=0.0010358459320020238 -0.002678013600623867 -0.0054107454259700906 -0.0012463169621527487 0.0058843835960385379 0.0035349396281126742 -0.0012635644487645828
leaf_weight=983.98935314640403 186.90541654825211 126.19865397363901 77.734196975827217 74.466429587453604 187.05425613746047 610.50335532054305
leaf_count=4496 943 576 357 346 832 2730
internal_value=2.97736e-05 -0.00181219 -0.000464468 0.00225362 0.000511389 0.000155271
internal_weight=2246.85 465.305 339.106 152.201 1781.55 1594.49
internal_count=10280 2222 1646 703 8058 7226
is_linear=0
shrinkage=0.013029


Tree=531
num_leaves=7
num_cat=2
split_feature=6 56 101 138 35 138
split_gain=9.92348 13.5941 14.879 15.2967 16.0101 13.1219
threshold=-0.028190172277390953 -0.27063211798667902 61.500000000000007 0 -0.13752835243940351 1
decision_type=2 2 2 9 2 9
left_child=-1 -2 5 -4 -5 -3
right_child=1 2 3 4 -6 -7
leaf_value=-0.00083762028479585744 0.0060687468746356303 -0.0039779713492195381 0.0065955415412991946 -0.0060525397039219338 0.0020233651779963343 0.00036572197887378748
leaf_weight=1152.7636803183705 79.332390837371349 156.48398236185312 95.850753359496593 47.934283275157213 290.34205730445683 401.58822609856725
leaf_count=5322 363 741 435 220 1303 1806
internal_value=1.16429e-06 0.000903494 0.000486451 0.00229352 0.000843812 -0.00092041
internal_weight=2224.3 1071.53 992.199 434.127 338.276 558.072
internal_count=10190 4868 4505 1958 1523 2547
cat_boundaries=0 1 2
cat_threshold=2860515392 2325750053
is_linear=0
shrinkage=0.013029


Tree=532
num_leaves=7
num_cat=1
split_feature=128 127 99 121 128 138
split_gain=12.2349 17.608 11.176 10.9519 19.4802 15.3127
threshold=16.514195601851856 26.99399305555556 -0.42303305864334101 53.500000000000007 1.0249884259259263 0
decision_type=2 2 2 8 2 9
left_child=3 -2 -3 5 -5 -1
right_child=1 2 -4 4 -6 -7
leaf_value=0.0039922073611812622 0.011615760796579911 0.0036708321977945847 -0.0058200434434649891 0.00029585168832784581 -0.0030649525190732702 -7.4484266041838232e-05
leaf_weight=193.03754751756787 35.137230791151524 73.986604087054729 28.636689744889736 733.62133427709341 486.36865399777889 694.46686495840549
leaf_count=1029 161 332 125 3318 2206 3106
internal_value=2.25307e-06 0.00375385 0.00100061 -0.000244161 -0.00104499 0.000856641
internal_weight=2245.25 137.761 102.623 2107.49 1219.99 887.504
internal_count=10277 618 457 9659 5524 4135
cat_boundaries=0 1
cat_threshold=2151694924
is_linear=0
shrinkage=0.013029


Tree=533
num_leaves=7
num_cat=2
split_feature=56 138 1 5 138 5
split_gain=10.0255 15.7537 12.2693 11.5967 10.7539 21.2089
threshold=-0.19256992638111112 0 0.18972531706094745 -0.002716632559895515 1 0.029057544656097892
decision_type=2 9 2 2 9 2
left_child=2 3 4 -2 -1 -6
right_child=1 -3 -4 -5 5 -7
leaf_value=-9.5414181197848655e-05 -0.00013061376253235463 -0.0012088642099385581 -0.003062066729903729 0.0068300765405909947 0.0040852217575946875 -0.0040803729540254373
leaf_weight=357.89353110641241 84.890569319948554 1155.1066162139177 105.98250874131918 77.172118801623583 398.34562709741294 61.861539881676435
leaf_count=1690 413 5140 505 430 1777 292
internal_value=5.55291e-05 -0.000674226 0.00109543 0.00301415 0.00163621 0.00291965
internal_weight=2241.25 1317.17 924.083 162.063 818.101 460.207
internal_count=10247 5983 4264 843 3759 2069
cat_boundaries=0 1 2
cat_threshold=3775680512 3868987844
is_linear=0
shrinkage=0.013029


Tree=534
num_leaves=7
num_cat=0
split_feature=133 134 41 4 88 1
split_gain=13.5019 18.2666 15.1784 13.3332 14.8211 12.1109
threshold=1.0000000180025095e-35 1.0000000180025095e-35 0.0081555177457630652 0.049906950443983085 -0.0025492135901004072 0.10502514243125917
decision_type=2 2 2 2 2 2
left_child=1 2 -1 4 5 -3
right_child=-2 3 -4 -5 -6 -7
leaf_value=-0.0065463642459951546 -0.0020979668312617553 0.0015302928984134135 0.0019682157093146744 0.0016669764221868505 -0.0047317785543115123 -0.0031634917815809133
leaf_weight=36.290556848049164 457.40518738888204 218.01329557597637 916.41648932546377 228.47517108917236 217.94084887951612 162.05930949375033
leaf_count=162 2200 971 4136 1057 1010 719
internal_value=-0.000103252 0.000410193 0.00163924 -0.00100674 -0.00202902 -0.000473261
internal_weight=2236.6 1779.2 952.707 826.489 598.013 380.073
internal_count=10255 8055 4298 3757 2700 1690
is_linear=0
shrinkage=0.013029


Tree=535
num_leaves=7
num_cat=0
split_feature=91 41 26 10 18 17
split_gain=9.95137 11.4638 12.6017 13.0885 15.5082 12.1832
threshold=-0.16182039678096768 0.098504919558763518 -0.13001447170972821 -0.25536543130874628 0.32507809996604925 -0.20979832112789151
decision_type=2 2 2 2 2 2
left_child=1 5 3 -3 -5 -1
right_child=-2 2 -4 4 -6 -7
leaf_value=-0.0080822429241113845 -0.00084142310482975371 -0.0030993570742264952 0.0036542775349164588 -0.0025667565965980504 0.0044033540651952051 1.7355195454400161e-05
leaf_weight=42.803954117000103 1431.8648310024291 137.79735508561134 303.24345523118973 83.219620721414685 152.64174957573414 114.40344478189945
leaf_count=187 6545 634 1432 386 685 503
internal_value=-0.000182565 0.000948209 0.00168427 8.16045e-05 0.00194375 -0.00221444
internal_weight=2265.97 834.11 676.902 373.659 235.861 157.207
internal_count=10372 3827 3137 1705 1071 690
is_linear=0
shrinkage=0.013029


Tree=536
num_leaves=7
num_cat=0
split_feature=123 89 58 86 87 83
split_gain=11.2714 11.8283 12.4772 12.2609 12.4686 11.0578
threshold=142.50000000000003 0.29247094690799719 -0.077895414084196077 -0.13560294359922406 -0.014076106250286101 -0.016984577290713784
decision_type=2 2 2 2 2 2
left_child=1 -1 3 4 -3 -4
right_child=-2 2 5 -5 -6 -7
leaf_value=-0.0010946633501925261 0.0022995526380511573 -0.0029707807548620085 0.0031350037671059095 -0.0031719122542377565 0.00820818559912854 -0.0049739409934926072
leaf_weight=1311.129350181669 305.41767517477274 29.432915881276131 362.12486859597266 167.983542162925 38.281329918652773 30.353568274527788
leaf_count=5972 1367 135 1686 817 176 148
internal_value=-2.38997e-05 -0.000390524 0.00107873 -0.00128836 0.00336872 0.00250001
internal_weight=2244.72 1939.31 628.176 235.698 67.7142 392.478
internal_count=10301 8934 2962 1128 311 1834
is_linear=0
shrinkage=0.013029


Tree=537
num_leaves=7
num_cat=1
split_feature=128 88 128 110 136 23
split_gain=11.4371 21.4041 18.0932 16.0909 15.9491 12.5464
threshold=8.6669270833333361 -0.023849567398428913 0.85070601851851857 1.0000000180025095e-35 0 0.1424975320696831
decision_type=2 2 2 2 1 2
left_child=2 5 3 -1 -4 -2
right_child=1 -3 4 -5 -6 -7
leaf_value=0.0086650282276368885 0.0032521788761831825 -0.00069951620957511243 0.0022901042154926977 0.00025916251116654221 -0.0033330924118931339 0.010834407139389556
leaf_weight=39.214888932183385 150.19067205116153 226.52693147584796 99.975824195891619 1219.2607857361436 443.80000651627779 48.965137399733067
leaf_count=271 669 1032 472 5519 2036 213
internal_value=0.000121464 0.0020404 -0.000332405 0.000525839 -0.00231676 0.00514828
internal_weight=2227.93 425.683 1802.25 1258.48 543.776 199.156
internal_count=10212 1914 8298 5790 2508 882
cat_boundaries=0 1
cat_threshold=20
is_linear=0
shrinkage=0.013029


Tree=538
num_leaves=7
num_cat=0
split_feature=13 89 73 91 1 75
split_gain=11.6781 9.11022 11.8815 16.1998 11.3299 12.5031
threshold=0.26713943481445318 0.29247094690799719 -0.050075612962245934 -0.30296310782432551 0.049302756786346442 -0.10727767273783682
decision_type=2 2 2 2 2 2
left_child=1 4 -3 -4 -1 -6
right_child=-2 2 3 -5 5 -7
leaf_value=0.001331590367947528 -0.0028760397837318589 -0.0032645736774255863 0.010836358781290818 0.0016913582173505939 0.00065867676858649812 -0.0024014219735889347
leaf_weight=480.75765000283718 219.98761595785618 73.574254751205444 34.557669192552567 495.30632745660841 387.52049445174634 544.46282852441072
leaf_count=2172 1026 350 163 2328 1749 2461
internal_value=-3.06121e-05 0.00028076 0.00161983 0.00230151 -0.000291736 -0.00112949
internal_weight=2236.17 2016.18 603.438 529.864 1412.74 931.983
internal_count=10249 9223 2841 2491 6382 4210
is_linear=0
shrinkage=0.013029


Tree=539
num_leaves=7
num_cat=0
split_feature=135 13 41 131 53 16
split_gain=8.47684 13.0282 11.3055 10.4079 9.41802 12.07
threshold=4.5000000000000009 0.27013756334781652 0.10194624960422517 8.5967734393266326 0.13282842934131625 -0.29713803529739374
decision_type=2 2 2 10 2 2
left_child=1 3 -2 4 -1 -6
right_child=2 -3 -4 -5 5 -7
leaf_value=-0.0012973703260929967 -0.0029269380377713737 -0.0045637640618689263 0.0013657547408309418 0.0067240526247324649 0.0038833544871107631 -0.0012833939877728794
leaf_weight=858.46535450406373 119.36783957853913 141.4139560982585 785.71932416595519 33.204605542123318 156.51184683293104 149.43871047347784
leaf_count=3888 522 665 3576 149 751 718
internal_value=-0.000175864 -0.000834034 0.000797758 -0.000391185 -0.000598063 0.00136258
internal_weight=2244.12 1339.03 905.087 1197.62 1164.42 305.951
internal_count=10269 6171 4098 5506 5357 1469
is_linear=0
shrinkage=0.013029


Tree=540
num_leaves=7
num_cat=0
split_feature=110 127 126 127 132 127
split_gain=10.3639 9.1746 16.5204 14.8548 14.1696 16.7186
threshold=1.0000000180025095e-35 13.999913194444447 0.1012820512820513 13.999438657407408 9.5000000000000018 6.9997974537037049
decision_type=2 2 8 2 2 2
left_child=-1 3 -3 4 5 -2
right_child=1 2 -4 -5 -6 -7
leaf_value=0.0053914843224762837 0.0044679815387440713 -0.0013775447716561507 0.0066467701218839983 0.0025550507392979858 0.0028773173601186518 -0.0023024077064889206
leaf_weight=58.853970631957054 70.115059100091457 974.55003805458546 44.891455858945847 441.26426668465137 165.06333454698324 493.4706633426249
leaf_count=373 319 4387 196 1971 820 2256
internal_value=2.92059e-05 -0.000116646 -0.00101981 0.000670493 -0.000472158 -0.00145554
internal_weight=2248.21 2189.35 1019.44 1169.91 728.649 563.586
internal_count=10322 9949 4583 5366 3395 2575
is_linear=0
shrinkage=0.013029


Tree=541
num_leaves=7
num_cat=1
split_feature=128 127 128 138 128 127
split_gain=12.7086 18.9454 11.0646 27.4449 24.6725 20.2618
threshold=17.054322916666671 26.99399305555556 0.76172453703703713 0 4.8979687500000013 13.99992476851852
decision_type=2 2 2 9 2 2
left_child=2 -2 -1 4 -4 -6
right_child=1 -3 3 -5 5 -7
leaf_value=0.00051311595875562 0.012283229364966881 0.00097090589366590591 -0.0026166674133346716 -0.0029972134424889637 0.0070004431823194099 -0.0050010787750166983
leaf_weight=1251.9423289075494 33.252609170973301 97.193332493305206 120.65950882434845 584.05897941440344 144.90259885415435 28.031921647489071
leaf_count=5751 152 432 554 2670 663 127
internal_value=-3.07997e-05 0.00390553 -0.000273138 -0.00139421 0.00183378 0.00504254
internal_weight=2260.04 130.446 2129.6 877.653 293.594 172.935
internal_count=10349 584 9765 4014 1344 790
cat_boundaries=0 1
cat_threshold=1782607909
is_linear=0
shrinkage=0.013029


Tree=542
num_leaves=7
num_cat=0
split_feature=128 76 118 89 40 30
split_gain=10.1792 10.2425 9.43454 7.28216 13.3874 10.5327
threshold=26.033425925925929 -0.21360964328050611 1.0000000180025095e-35 0.13387605547904971 -0.19753976911306378 0.13927943259477618
decision_type=2 2 2 2 2 2
left_child=1 -1 3 4 -3 -5
right_child=-2 2 -4 5 -6 -7
leaf_value=-0.0064292057693402975 0.0076120324837525939 -0.00063938074475998203 0.0054202106769965161 0.00065894951704802043 0.0071338065086909916 -0.0012522501772070638
leaf_weight=41.321644797921181 29.049174949526787 88.519821189343929 53.722043951973319 987.35979485139251 64.552294559776783 969.42252594977617
leaf_count=195 133 392 342 4556 286 4338
internal_value=4.30037e-05 -5.91384e-05 6.45939e-05 -7.3553e-05 0.00265649 -0.000288002
internal_weight=2233.95 2204.9 2163.58 2109.85 153.072 1956.78
internal_count=10242 10109 9914 9572 678 8894
is_linear=0
shrinkage=0.013029


Tree=543
num_leaves=7
num_cat=0
split_feature=128 87 81 94 79 133
split_gain=10.614 10.7241 9.86086 13.1518 10.3524 10.2814
threshold=17.054322916666671 0.038001434877514846 -0.012769497931003569 0.26178176701068884 -0.30139787495136255 1.0000000180025095e-35
decision_type=2 2 2 2 2 2
left_child=2 -2 3 4 -1 -4
right_child=1 -3 5 -5 -6 -7
leaf_value=-0.0072266179551976305 0.00013440008346807868 0.0076912610168871232 -0.00045750203457355299 0.002489826104702986 -0.00013679465500867995 -0.0034640853377168857
leaf_weight=37.06447696313262 70.27011701837182 57.678065981715918 944.45395199768245 401.5213728826493 469.81246478296816 242.07505730167031
leaf_count=176 316 257 4231 1853 2188 1157
internal_value=-6.77673e-05 0.00356465 -0.000290752 0.000730534 -0.000664621 -0.00107261
internal_weight=2222.88 127.948 2094.93 908.398 506.877 1186.53
internal_count=10178 573 9605 4217 2364 5388
is_linear=0
shrinkage=0.013029


Tree=544
num_leaves=7
num_cat=1
split_feature=135 138 4 29 12 39
split_gain=11.7635 12.5405 11.9038 9.80478 11.6935 11.4416
threshold=1.4500000000000002 0 -0.11255602911114691 -0.13367407023906705 -0.10745296627283095 0.23050364851951602
decision_type=2 9 2 2 2 2
left_child=3 2 -2 4 -1 -6
right_child=1 -3 -4 -5 5 -7
leaf_value=0.0045114486539659104 -0.0082881423346320288 0.0010797818445216448 -0.00078070461553470622 -0.0040684351481466039 0.0016142717590380369 -0.0073883209131188161
leaf_weight=65.418588221073151 39.010209873318672 1473.7154495157301 370.48738697916269 190.33285868167877 50.701421290636063 44.386257983744144
leaf_count=311 193 6623 1749 928 247 213
internal_value=0.000113989 0.000522232 -0.0014731 -0.00207398 0.000298609 -0.00261172
internal_weight=2234.05 1883.21 409.498 350.839 160.506 95.0877
internal_count=10264 8565 1942 1699 771 460
cat_boundaries=0 1
cat_threshold=2156658845
is_linear=0
shrinkage=0.013029


Tree=545
num_leaves=7
num_cat=0
split_feature=56 15 10 17 72 17
split_gain=12.0152 11.3592 10.2008 12.901 12.858 11.1819
threshold=-0.19859561324119565 -0.007396731059998273 -0.20331875234842298 -0.31573586165904993 0.08081266283988954 -0.26778747141361231
decision_type=2 2 2 2 2 2
left_child=1 -1 -2 -4 5 -5
right_child=2 -3 3 4 -6 -7
leaf_value=0.0019677978513290336 -0.0018628867444463609 -0.0016850797883872174 0.0080280057868618478 -0.0054909685420575774 -0.0081954528414879945 0.00092495113217685727
leaf_weight=662.88671476952732 723.92028369382024 184.1490508839488 34.718649007380009 49.718642681837082 30.572872072458267 538.31352184340358
leaf_count=3055 3322 862 155 222 136 2451
internal_value=-4.75847e-05 0.0011729 -0.000798428 0.000381796 -5.60629e-05 0.000376504
internal_weight=2224.28 847.036 1377.24 653.324 618.605 588.032
internal_count=10203 3917 6286 2964 2809 2673
is_linear=0
shrinkage=0.013029


Tree=546
num_leaves=7
num_cat=1
split_feature=123 137 121 125 121 123
split_gain=12.1195 10.8452 14.1638 22.1028 34.2715 28.3413
threshold=142.50000000000003 0 53.500000000000007 0.41967741935483877 88.916666666666671 8.5000000000000018
decision_type=2 9 10 10 10 2
left_child=1 2 -1 4 -4 -6
right_child=-2 -3 3 -5 5 -7
leaf_value=0.0017730996605924659 0.0027093541300737688 -0.0022473123042011773 -0.0030029236494248301 -0.0026091481871508052 0.014681347289302401 0.0026097402588628094
leaf_weight=681.35313113406301 302.1533197760582 318.98134489357471 177.77536699920893 487.70035022497177 38.066590443253517 225.76691895723343
leaf_count=3213 1351 1435 829 2169 171 1071
internal_value=0.000286247 -9.40333e-05 0.000345019 -0.000698871 0.00141159 0.00438624
internal_weight=2231.8 1929.64 1610.66 929.309 441.609 263.834
internal_count=10239 8888 7453 4240 2071 1242
cat_boundaries=0 1
cat_threshold=52
is_linear=0
shrinkage=0.013029


Tree=547
num_leaves=7
num_cat=0
split_feature=135 128 16 81 4 5
split_gain=10.1073 15.5622 13.2756 11.9581 11.9584 11.0388
threshold=4.5000000000000009 4.3958854166666681 -0.4363377839326858 -0.01659610494971275 -0.13113442063331601 -0.0089869424700736982
decision_type=2 2 2 2 2 2
left_child=2 3 -1 -2 -5 -3
right_child=1 5 -4 4 -6 -7
leaf_value=0.0040879457544988574 0.0021722062944276917 0.0066972391602938232 -0.0010580975975990293 0.0067179227276717036 -0.0019001902377956429 0.00070962291080337405
leaf_weight=90.607217025011778 285.835569197312 121.89275484532118 1251.9713736642152 28.727437868714333 384.38816942460835 91.43328308686614
leaf_count=422 1338 544 5779 125 1723 418
internal_value=1.00987e-05 0.00106785 -0.000708825 0.000126405 -0.00129039 0.00414178
internal_weight=2254.86 912.277 1342.58 698.951 413.116 213.326
internal_count=10349 4148 6201 3186 1848 962
is_linear=0
shrinkage=0.013029


Tree=548
num_leaves=7
num_cat=2
split_feature=127 138 126 101 137 116
split_gain=9.90533 10.0849 12.6978 12.5278 11.2245 11.0664
threshold=6.9997974537037049 0 0.053342816500711245 84.500000000000014 1 1.0000000180025095e-35
decision_type=2 9 10 2 9 2
left_child=-1 2 3 -2 -4 -6
right_child=1 -3 4 -5 5 -7
leaf_value=0.0041021927115590514 -0.0037575858184247741 0.00045654526772277146 0.0064806535267984237 0.002246490514917134 -0.0031752684263703654 0.0051339254561095764
leaf_weight=98.922954827547073 353.41802662611008 1541.5870835091919 41.716737493872643 70.29026835411787 90.933697089552879 37.997799687087536
leaf_count=449 1698 6998 186 326 431 176
internal_value=8.66631e-05 -0.000100613 -0.00152656 -0.00275946 0.00144432 -0.000660749
internal_weight=2234.87 2135.94 594.357 423.708 170.648 128.931
internal_count=10264 9815 2817 2024 793 607
cat_boundaries=0 1 2
cat_threshold=2324791579 32
is_linear=0
shrinkage=0.013029


Tree=549
num_leaves=7
num_cat=0
split_feature=45 45 80 61 101 123
split_gain=10.7762 11.4879 14.2287 12.9755 14.6766 12.0011
threshold=-0.039003979414701455 -0.13606950640678403 -0.27325446903705591 0.15592896938323977 69.500000000000014 187.50000000000003
decision_type=2 2 2 2 2 2
left_child=1 5 -3 -4 -5 -1
right_child=-2 2 3 4 -6 -7
leaf_value=-7.0482133146825061e-05 0.0027488926649152025 0.0035965665925808414 -0.0056489165221590074 -0.0030962422371973641 0.0040072828119319297 0.0064993482809269339
leaf_weight=1502.1484046950936 200.7487614415586 62.622109234333038 181.48274089768529 168.17938520759344 69.089863602072001 48.019042752683163
leaf_count=6969 899 281 822 752 301 227
internal_value=-0.000125414 -0.000410304 -0.0021669 -0.00303343 -0.00102199 0.000135915
internal_weight=2232.29 2031.54 481.374 418.752 237.269 1550.17
internal_count=10251 9352 2156 1875 1053 7196
is_linear=0
shrinkage=0.013029


Tree=550
num_leaves=7
num_cat=1
split_feature=138 127 49 51 128 132
split_gain=11.6363 16.2599 14.7995 13.9834 10.0394 15.0542
threshold=0 20.020526620370372 -0.016119817271828648 0.0033803860424086456 6.8887905092592598 24.500000000000004
decision_type=9 2 2 2 2 2
left_child=-1 2 -2 -3 5 -4
right_child=1 3 4 -5 -6 -7
leaf_value=-0.00073218046590539057 -0.0032638105664554483 0.0029334818028606681 0.0023829979675630982 -0.0076818696705960648 0.0053764417654572801 -0.0034851735407150351
leaf_weight=1269.6537289842963 89.853274568915367 31.745245985686779 546.48503620922565 60.13929070904851 145.91488115116954 85.214710958302021
leaf_count=5758 389 148 2581 284 677 380
internal_value=8.41138e-05 0.00115973 0.00172458 -0.00402 0.00230344 0.00158837
internal_weight=2229.01 959.352 867.468 91.8845 777.615 631.7
internal_count=10217 4459 4027 432 3638 2961
cat_boundaries=0 1
cat_threshold=312056903
is_linear=0
shrinkage=0.013029


Tree=551
num_leaves=7
num_cat=0
split_feature=135 121 125 28 130 92
split_gain=13.8497 11.9884 12.7795 11.5146 10.3232 9.71938
threshold=9.5000000000000018 36.833333333333336 0.18375000000000002 0.10379718989133836 26.165000000000003 0.57954087853431713
decision_type=2 8 10 2 2 2
left_child=1 2 -1 -4 -3 -2
right_child=5 4 3 -5 -6 -7
leaf_value=-0.0031778936747821527 0.004850536589156379 0.0053548876747417165 0.0048131983333738991 0.00068869185571516286 -0.0011361125339543632 -0.0033908681191115271
leaf_weight=94.311806846410036 147.80569487065077 42.176954708993435 168.67646263539791 358.14318191818893 1392.8506175354123 28.514632530510426
leaf_count=459 693 192 826 1671 6287 120
internal_value=1.2612e-05 -0.000288361 0.00122292 0.00201398 -0.000942778 0.00350947
internal_weight=2232.48 2056.16 621.131 526.82 1435.03 176.32
internal_count=10248 9435 2956 2497 6479 813
is_linear=0
shrinkage=0.013029


Tree=552
num_leaves=7
num_cat=0
split_feature=19 32 123 76 54 16
split_gain=11.6904 13.6488 19.0378 13.0012 12.7184 14.6839
threshold=0.45937135815620428 -0.052232345566153519 113.50000000000001 -0.0023302226327359672 0.22288768738508227 -0.19480054825544355
decision_type=2 2 2 2 2 2
left_child=4 2 -2 -3 5 -1
right_child=1 3 -4 -5 -6 -7
leaf_value=0.0021875216469621228 -0.0012254075716955268 -0.00082006412200097173 0.0051882613130288619 -0.004918829254352575 -0.0010537117177973538 -0.0039449445935457123
leaf_weight=702.16484855301678 302.23419326171279 281.88703292235732 105.36767136305571 245.88635468482971 500.01651085168123 72.53175101056695
leaf_count=3285 1353 1289 463 1136 2319 332
internal_value=-0.000246332 -0.001352 0.000438713 -0.0027337 0.000565299 0.00161027
internal_weight=2210.09 935.375 407.602 527.773 1274.71 774.697
internal_count=10177 4241 1816 2425 5936 3617
is_linear=0
shrinkage=0.013029


Tree=553
num_leaves=7
num_cat=0
split_feature=83 89 88 52 83 69
split_gain=10.2288 9.45475 13.4563 23.1249 12.6218 12.3876
threshold=-0.19535484164953229 0.29247094690799719 -0.023849567398428913 0.021200357005000118 -0.016984577290713784 -0.11659422889351843
decision_type=2 2 2 2 2 2
left_child=-1 2 3 -2 -3 -4
right_child=1 4 5 -5 -6 -7
leaf_value=-0.0011240107078143015 -0.00014839617915506965 0.0031220383705637604 -0.0098162067864406288 0.0055316827716060503 -0.0029276115043131452 -0.0010130161993175352
leaf_weight=662.25901687704027 454.54009150713682 427.10703815333545 28.27399954199791 165.41888857260346 67.251885425299406 430.035814601928
leaf_count=2996 2000 2019 130 753 330 2019
internal_value=0.000233519 0.000805446 0.000120989 0.00137178 0.00229603 -0.00157046
internal_weight=2234.89 1572.63 1078.27 619.959 494.359 458.31
internal_count=10247 7251 4902 2753 2349 2149
is_linear=0
shrinkage=0.013029


Tree=554
num_leaves=7
num_cat=0
split_feature=135 7 58 123 60 89
split_gain=8.41237 7.80227 11.3118 9.68486 10.4501 8.53069
threshold=17.000000000000004 -0.11685499548912047 -0.077176060527563081 141.50000000000003 1.0000000180025095e-35 0.11574112251400949
decision_type=2 2 2 2 2 2
left_child=1 3 -3 4 -1 -4
right_child=-2 2 5 -5 -6 -7
leaf_value=-0.0043252629230098472 0.0054415764820748662 -0.0012135522763947418 0.0088517586452471278 0.0015569052249475549 -0.00089101124848463362 0.0014591670632079143
leaf_weight=178.41242513246834 42.971636086702347 334.25499413907528 27.37526810914278 218.13548532128334 942.47520507127047 482.4705410823226
leaf_count=847 195 1565 121 981 4319 2203
internal_value=-0.00021985 -0.000333022 0.000647666 -0.00095125 -0.00144004 0.00186787
internal_weight=2226.1 2183.12 844.101 1339.02 1120.89 509.846
internal_count=10231 10036 3889 6147 5166 2324
is_linear=0
shrinkage=0.013029


Tree=555
num_leaves=7
num_cat=0
split_feature=65 84 131 21 48 63
split_gain=10.1864 9.48613 8.78802 8.42061 9.52838 9.11905
threshold=0.083033408969640746 0.042110359296202667 1.3784955475706921 -0.30177345871925348 0.53281614184379589 -0.032047249376773827
decision_type=2 2 10 2 2 2
left_child=3 -2 -3 4 -1 -5
right_child=1 2 -4 5 -6 -7
leaf_value=-0.0016291347354038242 0.002074836741014714 -0.00030951315823874083 -0.0079940264505966516 -0.00095421757438205661 0.003741670740937827 0.0013891547563445743
leaf_weight=510.15302919410169 41.504915218800306 39.679020723327994 69.107616566121578 373.33176622539759 62.310490787029266 1144.9710027631372
leaf_count=2300 195 220 307 1751 276 5246
internal_value=6.91905e-05 -0.0031989 -0.00521137 0.00030512 -0.00104063 0.000812772
internal_weight=2241.06 150.292 108.787 2090.77 572.464 1518.3
internal_count=10295 722 527 9573 2576 6997
is_linear=0
shrinkage=0.013029


Tree=556
num_leaves=7
num_cat=1
split_feature=56 47 124 138 122 7
split_gain=13.7497 14.8156 14.4282 13.9793 21.1627 12.8217
threshold=-0.20124581456184384 0.16300138086080554 45.021769503546608 0 322.00000000000006 -0.27390222251415247
decision_type=2 2 10 9 8 2
left_child=-1 3 -3 4 -2 -5
right_child=1 2 -4 5 -6 -7
leaf_value=0.0013633997959649239 0.011679147463015151 0.00012186413455152653 -0.0069280146177766611 0.0022193711717988546 9.5804710337554937e-05 -0.0013618603908642129
leaf_weight=842.04240036010742 41.044059125706553 84.280990250408649 117.87092746794224 209.84417361021042 74.663287468254566 874.75398856401443
leaf_count=3895 284 384 524 961 321 3924
internal_value=4.79924e-05 -0.000742075 -0.00399866 -0.000191569 0.00391465 -0.000661878
internal_weight=2244.5 1402.46 202.152 1200.31 115.707 1084.6
internal_count=10293 6398 908 5490 605 4885
cat_boundaries=0 1
cat_threshold=1694519552
is_linear=0
shrinkage=0.013029


Tree=557
num_leaves=7
num_cat=1
split_feature=123 137 45 48 122 3
split_gain=8.70756 10.2447 10.6534 10.5899 13.4058 18.0641
threshold=141.50000000000003 0 -0.25570727884769434 0.33431448042392736 682.85000000000014 0.26446127891540533
decision_type=2 9 2 2 10 2
left_child=1 3 -3 -1 5 -5
right_child=-2 2 -4 4 -6 -7
leaf_value=-0.0010001023472855626 0.0021271280452804554 -0.0075746002544220606 -0.0012624838730356735 0.0054721087991944752 -0.00018981356333242476 -0.00015399855634388922
leaf_weight=665.36249211616814 321.85501203685999 53.755875889211893 275.1055807992816 218.10384665057063 533.93838111311197 173.77598695084453
leaf_count=3085 1440 257 1221 1048 2436 807
internal_value=0.000146367 -0.000186331 -0.0022404 0.000251504 0.00115379 0.0029815
internal_weight=2241.9 1920.04 328.861 1591.18 925.818 391.88
internal_count=10294 8854 1478 7376 4291 1855
cat_boundaries=0 1
cat_threshold=52
is_linear=0
shrinkage=0.013029


Tree=558
num_leaves=7
num_cat=1
split_feature=128 135 93 123 137 121
split_gain=12.3245 10.0258 9.92989 9.76344 16.5875 11.3395
threshold=24.680949074074075 1.7500000000000002 -0.03727957792580127 105.50000000000001 0 27.166666666666668
decision_type=2 2 2 2 9 8
left_child=1 -1 3 4 -3 -6
right_child=-2 2 -4 -5 5 -7
leaf_value=-0.0023065578937676214 0.0068566101874038918 -0.0037778515328241499 0.0044174773640474679 0.0014781983116141006 0.0023612612773880018 -0.00076205190383583509
leaf_weight=342.42662006989121 41.377160929143429 229.34361484274268 86.206689398735762 485.32713607698679 262.78843414410949 785.0374353826046
leaf_count=1661 187 1033 388 2166 1298 3535
internal_value=-0.000127148 -0.00026121 0.000118382 -9.35908e-05 -0.000691364 2.21152e-05
internal_weight=2232.51 2191.13 1848.7 1762.5 1277.17 1047.83
internal_count=10268 10081 8420 8032 5866 4833
cat_boundaries=0 1
cat_threshold=3
is_linear=0
shrinkage=0.013029


Tree=559
num_leaves=7
num_cat=1
split_feature=101 130 138 133 128 127
split_gain=11.9551 12.2469 11.7684 10.5754 30.2396 9.53409
threshold=60.500000000000007 23.250000000000004 0 1.0000000180025095e-35 10.167245370370372 13.999878472222223
decision_type=2 2 9 2 2 2
left_child=1 2 -1 5 -5 -2
right_child=3 -3 -4 4 -6 -7
leaf_value=-0.0011558082027225208 0.004094196828680609 -0.00078684116516271243 0.0059166890418266595 -0.0039476935437124088 0.01085309095348304 0.00065084089956672251
leaf_weight=68.591330528259277 293.29292894154787 1402.5067358762026 85.149321088567376 130.95761086791754 27.803727973252535 255.39242102950811
leaf_count=316 1307 6460 398 645 126 1159
internal_value=0.000234713 -0.000403731 0.00307875 0.00163816 -0.00131882 0.00249436
internal_weight=2263.69 1556.25 153.741 707.447 158.761 548.685
internal_count=10411 7174 714 3237 771 2466
cat_boundaries=0 1
cat_threshold=54567362
is_linear=0
shrinkage=0.013029


Tree=560
num_leaves=7
num_cat=0
split_feature=0 69 44 127 130 56
split_gain=10.5891 11.6687 10.3395 8.65722 11.8975 10.2111
threshold=0.013208212796598675 0.094049088656902327 0.057103991508483894 15.36295138888889 129.10000000000002 -0.10588117316365241
decision_type=2 2 2 2 2 2
left_child=2 -2 -1 5 -5 -4
right_child=1 -3 3 4 -6 -7
leaf_value=-0.0034863974884765865 0.0011173829470716753 -0.0020698444605054497 9.6186307865571324e-05 -0.0094156744019628803 -0.00074502293396366262 0.0066045873228836724
leaf_weight=239.26666033267975 1301.5627355594188 228.6593230292201 252.68155135400593 33.468310937285423 126.20627241581678 48.12284329533577
leaf_count=1124 5951 1052 1165 150 578 224
internal_value=3.32829e-05 0.000640379 -0.00129363 -0.000150647 -0.0025961 0.00115052
internal_weight=2229.97 1530.22 699.746 460.479 159.675 300.804
internal_count=10244 7003 3241 2117 728 1389
is_linear=0
shrinkage=0.013029


Tree=561
num_leaves=7
num_cat=0
split_feature=135 15 21 87 90 16
split_gain=13.0146 11.1385 16.0924 11.4766 10.8742 11.9602
threshold=4.5000000000000009 -0.11932581290602683 -0.26890195906162256 -0.010343260131776331 0.13164141774177554 -0.28645648062229151
decision_type=2 2 2 2 2 2
left_child=1 3 -3 -1 -4 -6
right_child=-2 2 4 -5 5 -7
leaf_value=-0.0024106558856899895 0.0011724096369863087 -0.0035721123055034807 -0.0011771637168067177 0.0028310559209750162 0.0067098534297603324 -0.00072591005700024715
leaf_weight=101.61798531934619 927.7963186185807 393.82841532304883 456.41521407850087 230.61737384460866 70.895912669599056 75.115372318774462
leaf_count=463 4210 1814 2117 1080 331 343
internal_value=-1.1169e-05 -0.000837946 -0.00152665 0.00122609 -0.00018683 0.00289955
internal_weight=2256.29 1328.49 996.255 332.235 602.426 146.011
internal_count=10358 6148 4605 1543 2791 674
is_linear=0
shrinkage=0.013029


Tree=562
num_leaves=7
num_cat=1
split_feature=124 128 138 128 128 68
split_gain=11.7517 8.41296 10.8941 18.4125 14.8862 14.8732
threshold=694.60783333334268 16.514195601851856 0 8.6669270833333361 2.9219965277777784 -0.21342551708221433
decision_type=8 2 9 2 2 2
left_child=1 2 4 -4 5 -1
right_child=-2 -3 3 -5 -6 -7
leaf_value=0.0007062810980452205 0.0064240374930590021 0.0032165724006556402 0.00012033490537037279 0.0055684910395130899 -0.0033830057994768312 -0.0037287585140523124
leaf_weight=680.82647912949324 48.337457001209259 127.31891064345837 772.48920572549105 121.21647174656391 333.0002024397254 157.43479731678963
leaf_count=3133 412 572 3377 527 1556 734
internal_value=0.000116727 -2.43799e-05 -0.000225244 0.000853583 -0.00104679 -0.000129122
internal_weight=2240.62 2192.29 2064.97 893.706 1171.26 838.261
internal_count=10311 9899 9327 3904 5423 3867
cat_boundaries=0 1
cat_threshold=2225712142
is_linear=0
shrinkage=0.013029


Tree=563
num_leaves=7
num_cat=0
split_feature=135 21 89 55 7 62
split_gain=11.0859 10.6672 14.8859 13.942 17.5661 9.86465
threshold=14.500000000000002 -0.29976010322570795 0.36195635795593267 0.37204836308956152 -0.0874771513044834 -0.19487073272466657
decision_type=2 2 2 2 2 2
left_child=1 2 3 -1 5 -5
right_child=-2 -3 -4 4 -6 -7
leaf_value=-0.0037315915813938617 0.0058986090818321478 0.00036173874324170517 0.0046837723986034221 0.00077050874508269339 0.006282359190167338 -0.0066595765471156214
leaf_weight=378.22572190314531 50.831703260540962 1555.591543007642 56.466951128095388 76.213799361139536 61.437741227447987 49.535839840769768
leaf_count=1697 234 7186 267 343 279 223
internal_value=-7.36356e-05 -0.000214934 -0.00165621 -0.00229446 0.000612508 -0.00217737
internal_weight=2228.3 2177.47 621.88 565.413 187.187 125.75
internal_count=10229 9995 2809 2542 845 566
is_linear=0
shrinkage=0.013029


Tree=564
num_leaves=7
num_cat=0
split_feature=77 51 2 90 127 27
split_gain=9.31839 11.3841 11.6845 9.83077 9.57886 12.0373
threshold=0.28895279765129095 -0.083099942654371248 0.14954981952905658 -0.028754038736224171 6.9997974537037049 -0.016934531740844246
decision_type=2 2 2 2 2 2
left_child=1 -1 -3 -4 -2 -6
right_child=4 2 3 -5 5 -7
leaf_value=0.0046325296073891848 0.0044634052947773051 0.00054607237403011524 0.0029054984170530057 -0.0056422715247362596 0.00041139125467660223 -0.0035107340045673636
leaf_weight=38.946746051311493 88.776876270771027 116.38792403787374 25.60953900963068 184.47468548640609 1648.4929717686027 143.75874784961343
leaf_count=175 399 530 116 846 7576 670
internal_value=-6.67687e-05 -0.00196852 -0.00276435 -0.004594 0.00030328 9.55254e-05
internal_weight=2246.45 365.419 326.472 210.084 1881.03 1792.25
internal_count=10312 1667 1492 962 8645 8246
is_linear=0
shrinkage=0.013029


Tree=565
num_leaves=7
num_cat=0
split_feature=49 10 86 124 124 79
split_gain=9.53445 14.8986 9.87556 9.03521 13.9872 14.2712
threshold=-0.022376252338290211 -0.24718891084194181 -0.14158985018730161 378.013166666666 397.60983333333633 -0.19520471245050428
decision_type=2 2 2 8 10 2
left_child=1 -1 -3 -2 -5 -6
right_child=3 2 -4 4 5 -7
leaf_value=-0.0076039716887019455 3.4372587992701243e-05 0.0060106754715314068 -0.0023666802464376085 0.010926566217940154 0.0051652490992947758 -0.0023316237094939997
leaf_weight=67.525722846388817 1845.3074145913124 33.125588819384575 80.530641734600067 30.707193460315466 86.408405922353268 84.711406923830509
leaf_count=301 8340 147 356 303 405 387
internal_value=6.72054e-05 -0.00279154 9.7121e-05 0.000321101 0.00293334 0.00145969
internal_weight=2228.32 181.182 113.656 2047.13 201.827 171.12
internal_count=10239 804 503 9435 1095 792
is_linear=0
shrinkage=0.013029


Tree=566
num_leaves=7
num_cat=0
split_feature=63 5 21 6 33 122
split_gain=9.0591 11.0908 9.99497 12.8567 12.9641 13.1568
threshold=-0.069227617233991609 0.089340180158615126 -0.2123058810830116 0.077539671212434783 -0.039638746529817574 1170.45
decision_type=2 2 2 2 2 10
left_child=1 -1 -2 4 -4 -6
right_child=2 -3 3 -5 5 -7
leaf_value=-0.00079712882683010257 -7.635371029969499e-05 -0.0078705078183496594 0.0037177168650076309 0.0086172148101909367 0.001966508542737876 -0.0033781665697461515
leaf_weight=203.71965318545699 1403.9617480784655 45.50249657407403 232.83986997045577 44.51877873763442 181.73463312163949 136.11625779420137
leaf_count=954 6393 208 1113 205 842 631
internal_value=0.000231493 -0.00210729 0.000523698 0.00193748 0.00138707 -0.000324723
internal_weight=2248.39 249.222 1999.17 595.21 550.691 317.851
internal_count=10346 1162 9184 2791 2586 1473
is_linear=0
shrinkage=0.013029


Tree=567
num_leaves=7
num_cat=0
split_feature=133 128 135 128 128 45
split_gain=12.9323 14.9717 13.5003 12.7705 18.9919 14.1936
threshold=1.0000000180025095e-35 5.9201620370370378 7.5000000000000009 0.76172453703703713 6.555503472222223 -0.29616965353488917
decision_type=2 2 2 2 2 2
left_child=2 -2 3 -1 -5 -6
right_child=1 -3 -4 4 5 -7
leaf_value=0.00098215647233657489 -0.0035274919095398651 0.0017299467418358983 0.0026944549235472159 -0.0040596606975535788 -0.0062282653306660043 0.0012952587485364944
leaf_weight=746.01060570590198 333.98801654204726 126.27809670567513 340.33587050810456 282.71441838517785 47.853484109044075 344.07321046292782
leaf_count=3370 1633 579 1543 1306 234 1549
internal_value=-0.000141824 -0.00208462 0.000366598 -0.00019214 -0.00149033 0.000367037
internal_weight=2221.25 460.266 1760.99 1420.65 674.641 391.927
internal_count=10214 2212 8002 6459 3089 1783
is_linear=0
shrinkage=0.013029


Tree=568
num_leaves=7
num_cat=1
split_feature=128 41 31 80 41 136
split_gain=11.8848 8.69094 8.45707 13.1672 9.48934 9.74013
threshold=20.739218750000003 0.20884574949741366 -0.55444949865341175 -0.36751613020896906 0.0081555177457630652 0
decision_type=2 2 2 2 2 1
left_child=2 -2 -1 -4 -5 -6
right_child=1 -3 3 4 5 -7
leaf_value=0.0041832112148986094 0.0091493502614471492 0.00043882432912661906 -0.0082607593335329646 -0.0056067886501570997 -0.0014913544568462397 0.00047216775237240402
leaf_weight=69.205440245568752 39.229487497359514 38.038538493216038 35.05738066509366 54.652419716119766 610.94553395360708 1373.1558851357549
leaf_count=315 175 173 160 247 2740 6397
internal_value=-9.21518e-05 0.00490431 -0.00027387 -0.00042399 -0.0002864 -0.000137894
internal_weight=2220.28 77.268 2143.02 2073.81 2038.75 1984.1
internal_count=10207 348 9859 9544 9384 9137
cat_boundaries=0 1
cat_threshold=1
is_linear=0
shrinkage=0.013029


Tree=569
num_leaves=7
num_cat=0
split_feature=135 128 41 52 82 34
split_gain=10.8132 9.82037 12.7149 10.736 17.1165 9.33337
threshold=4.5000000000000009 11.438373842592595 0.21981310844421389 -0.016242250800132748 -0.11386718228459357 -0.29990085959434504
decision_type=2 2 2 2 2 2
left_child=-1 3 -3 4 -2 -5
right_child=1 2 -4 5 -6 -7
leaf_value=-0.00065563885757127967 0.00076500590412648605 0.0099197989210829344 -0.00016790292514866706 -0.0027894140425375135 -0.0053797106254014687 0.0029768493977971482
leaf_weight=1328.0587630905211 316.31694656796753 46.439646422863007 38.511310134083033 54.252380348742008 100.9281452037394 363.51177786104381
leaf_count=6152 1408 212 183 252 446 1682
internal_value=9.63236e-05 0.00118153 0.00538324 0.000749845 -0.000727973 0.00222455
internal_weight=2248.02 919.96 84.951 835.009 417.245 417.764
internal_count=10335 4183 395 3788 1854 1934
is_linear=0
shrinkage=0.013029


Tree=570
num_leaves=7
num_cat=2
split_feature=133 128 116 138 68 138
split_gain=10.6809 15.9267 11.2318 17.1501 14.3955 13.9556
threshold=1.0000000180025095e-35 5.9201620370370378 1.0000000180025095e-35 0 -0.22164892405271527 1
decision_type=2 2 2 9 2 9
left_child=2 -2 3 -1 5 -4
right_child=1 -3 4 -5 -6 -7
leaf_value=-0.0017608833347401037 -0.0029847656677595455 0.0024850887887336512 -0.00089361825576706052 0.0018600399718818545 -0.0011466942369462165 0.0036463556232031657
leaf_weight=521.8670045658946 324.36950793489814 124.54069352895021 146.13875140249729 370.41674517095089 213.59272856451571 541.73876672796905
leaf_count=2379 1585 566 656 1601 998 2519
internal_value=0.000330128 -0.00146574 0.00077997 -0.000256323 0.0018051 0.00272189
internal_weight=2242.66 448.91 1793.75 892.284 901.47 687.878
internal_count=10304 2151 8153 3980 4173 3175
cat_boundaries=0 1 2
cat_threshold=2295630293 1889546260
is_linear=0
shrinkage=0.013029


Tree=571
num_leaves=7
num_cat=1
split_feature=136 86 128 45 65 121
split_gain=10.6338 12.9338 12.4071 13.4135 14.367 12.6893
threshold=0 0.013250265736132862 10.517557870370373 -0.039003979414701455 -0.03537622652947902 74.541666666666671
decision_type=1 2 2 2 2 10
left_child=1 -1 3 5 -5 -2
right_child=2 -3 -4 4 -6 -7
leaf_value=0.0012662923935040792 -0.00096081936732681091 -0.0025822344014427793 0.0028246742823830858 -0.0014175043207753848 0.0097628781141776561 -0.0044259612565283064
leaf_weight=1052.5748330168426 531.39705603197217 171.84042549319565 120.01931277662516 44.085279762744904 34.072306230664253 270.54648258537054
leaf_count=4940 2367 823 535 193 150 1212
internal_value=-9.28102e-05 0.000719117 -0.00108299 -0.00163003 0.00350058 -0.00213272
internal_weight=2224.54 1224.42 1000.12 880.101 78.1576 801.944
internal_count=10220 5763 4457 3922 343 3579
cat_boundaries=0 1
cat_threshold=28
is_linear=0
shrinkage=0.013029


Tree=572
num_leaves=7
num_cat=1
split_feature=1 138 5 36 84 51
split_gain=11.64 17.1667 15.9704 14.0583 10.8034 10.9578
threshold=0.18972531706094745 0 -0.084936711937189088 -0.18219009041786191 0.20990981161594394 0.11417256668210031
decision_type=2 9 2 2 2 2
left_child=1 2 -1 -3 5 -5
right_child=-2 3 -4 4 -6 -7
leaf_value=0.005088884435696172 -0.002664879491011084 -0.0076059044617901635 0.00071584470328443892 -0.00042288894392878735 0.0013953897758988243 -0.0043593381906341239
leaf_weight=208.37404170446098 239.5496441423893 44.650934018194675 441.21207632310688 703.71205907315016 453.21273830533028 144.07048377394676
leaf_count=936 1112 202 2051 3247 2049 682
internal_value=4.44782e-05 0.0003706 0.00209051 -0.00047234 -0.00022712 -0.00109493
internal_weight=2234.78 1995.23 649.586 1345.65 1301 847.783
internal_count=10279 9167 2987 6180 5978 3929
cat_boundaries=0 1
cat_threshold=291819978
is_linear=0
shrinkage=0.013029


Tree=573
num_leaves=7
num_cat=1
split_feature=16 18 138 121 125 94
split_gain=11.6797 13.7085 11.5951 12.1567 16.9753 13.3896
threshold=-0.41392153501510615 0.47778283059597021 0 37.416666666666679 0.12250000000000001 0.24025532603263858
decision_type=2 2 9 8 8 2
left_child=-1 2 -2 -4 -5 -6
right_child=1 -3 3 4 5 -7
leaf_value=0.0031123268742273163 -0.0018763190028370535 -0.003625306802877132 0.0026300325781569004 0.0084503171037995806 -0.0024020670215257702 0.00071541297602748866
leaf_weight=204.87869076058269 361.68764362484217 174.94735630974174 402.28001214936376 38.018318675458431 351.74288283288479 694.50388786196709
leaf_count=946 1641 801 1971 182 1570 3148
internal_value=0.000153542 -0.000147069 0.000183436 0.000693202 -2.02564e-05 -0.000333587
internal_weight=2228.06 2023.18 1848.23 1486.55 1084.27 1046.25
internal_count=10259 9313 8512 6871 4900 4718
cat_boundaries=0 1
cat_threshold=1285105176
is_linear=0
shrinkage=0.013029


Tree=574
num_leaves=7
num_cat=0
split_feature=130 22 110 128 71 124
split_gain=12.6819 9.61151 9.61015 9.60077 9.65679 12.6887
threshold=23.250000000000004 -0.098606429994106279 1.0000000180025095e-35 4.8979687500000013 0.0074558258056640634 20.675166666667213
decision_type=2 2 2 2 2 8
left_child=3 -2 -3 4 -1 -6
right_child=1 2 -4 -5 5 -7
leaf_value=-0.0046741281569667135 -0.004660356455674617 0.0050662916517062416 -0.00044755941406409761 0.0077813180559862458 -0.0026195010395773802 0.0050421753972436072
leaf_weight=36.348864145576954 88.663214862346649 54.537251863628626 1867.0372011568397 48.346120953559875 52.715312175452709 117.32856766134501
leaf_count=169 401 346 8477 229 246 546
internal_value=-0.000136298 -0.000483623 -0.000289252 0.00259829 0.00136165 0.00266596
internal_weight=2264.98 2010.24 1921.57 254.739 206.393 170.044
internal_count=10414 9224 8823 1190 961 792
is_linear=0
shrinkage=0.013029


Tree=575
num_leaves=7
num_cat=0
split_feature=63 60 62 88 31 99
split_gain=10.0068 10.8759 8.74244 9.85376 11.8276 11.3748
threshold=-0.032047249376773827 -0.096473693847656236 -0.38137109577655787 -0.041576543822884553 -0.26596358418464655 -0.51545667648315419
decision_type=2 2 2 2 2 2
left_child=2 -2 -1 4 -4 -5
right_child=1 -3 3 5 -6 -7
leaf_value=0.0053135031933319969 -0.0041354035698257536 0.00062054991972440945 -0.0013956371893633194 0.00045994393112123945 0.0070223536526753836 -0.0049902819250314577
leaf_weight=27.842588506639004 85.161317802965641 1650.5073590409011 123.29817314818501 90.79589643701911 36.018249273300171 227.11834895983338
leaf_count=126 406 7535 559 426 163 1083
internal_value=-8.41975e-05 0.000385599 -0.00169691 -0.00211321 0.000530244 -0.00343615
internal_weight=2240.74 1735.67 505.073 477.231 159.316 317.914
internal_count=10298 7941 2357 2231 722 1509
is_linear=0
shrinkage=0.013029


Tree=576
num_leaves=7
num_cat=0
split_feature=39 43 133 72 130 125
split_gain=10.9992 13.5508 10.2906 13.7932 11.5845 12.9843
threshold=0.42400380969047552 0.061395797878503806 1.0000000180025095e-35 -0.051128521561622613 22.250000000000004 0.090000000000000011
decision_type=2 2 2 2 2 10
left_child=1 2 4 -4 -1 -6
right_child=-2 -3 3 -5 5 -7
leaf_value=0.0036446434518191805 -0.005040824721350784 0.0038190568698794822 -0.0048706564529049064 4.0979873225963179e-05 -0.0066453333197595841 0.00031601477339747832
leaf_weight=173.53844343498349 66.77825422771275 170.36903031729162 156.53380661457777 253.5510158278048 46.354054253548384 1352.9979514982551
leaf_count=797 310 773 756 1223 222 6121
internal_value=0.000138598 0.00030083 -2.70154e-06 -0.00183903 0.000476681 8.21603e-05
internal_weight=2220.12 2153.34 1982.98 410.085 1572.89 1399.35
internal_count=10202 9892 9119 1979 7140 6343
is_linear=0
shrinkage=0.013029


Tree=577
num_leaves=7
num_cat=1
split_feature=138 55 79 66 66 10
split_gain=10.3361 14.288 12.8337 13.8057 12.7937 11.6034
threshold=0 0.48614469170570379 -0.16676823794841764 -0.46753866970539087 -0.26834714412689203 -0.25631572306156153
decision_type=9 2 2 2 2 2
left_child=2 5 -1 -4 -5 -2
right_child=1 -3 3 4 -6 -7
leaf_value=0.00021781699477851259 -0.00017002125294547958 -0.0056656424359674959 0.005860207682625556 -0.0050691851332113694 -0.00042378857289240103 0.002815228526147141
leaf_weight=844.21801813691854 404.79936877079308 49.787887454032898 30.448976881802082 241.82269459962845 172.25959120690823 485.94766992516816
leaf_count=3934 1832 231 133 1119 788 2228
internal_value=3.53787e-05 0.00106702 -0.000720382 -0.00251582 -0.00314072 0.00145953
internal_weight=2229.28 940.535 1288.75 444.531 414.082 890.747
internal_count=10265 4291 5974 2040 1907 4060
cat_boundaries=0 1
cat_threshold=3233394253
is_linear=0
shrinkage=0.013029


Tree=578
num_leaves=7
num_cat=2
split_feature=137 125 124 125 138 65
split_gain=13.1236 9.89568 16.0118 13.2225 12.8246 12.4328
threshold=0 0.13818181818181821 28.899342105262384 0.16823529411764709 1 -0.10388455912470816
decision_type=9 8 10 8 9 2
left_child=1 2 -1 -3 5 -5
right_child=-2 3 -4 4 -6 -7
leaf_value=-0.0022028721649830284 -0.0021728934759464315 -0.0053926734186726336 0.0096355988480542124 0.0061492371580485041 -0.00039736596940339702 0.001132508753543622
leaf_weight=32.100786052644253 399.12624726817012 68.194635577499866 47.438514843583107 100.95487305894494 1107.9051296636462 481.79990332387388
leaf_count=159 1782 340 232 456 5016 2293
internal_value=-6.40391e-05 0.000404087 0.00488059 0.000202055 0.000429897 0.00197419
internal_weight=2237.52 1838.39 79.5393 1758.85 1690.66 582.755
internal_count=10278 8496 391 8105 7765 2749
cat_boundaries=0 1 2
cat_threshold=52 736645176
is_linear=0
shrinkage=0.013029


Tree=579
num_leaves=7
num_cat=0
split_feature=81 85 57 45 32 34
split_gain=9.53382 12.1154 13.2506 11.0097 11.4438 10.8072
threshold=-0.012769497931003569 0.38256894052028662 0.046778701245784766 -0.039003979414701455 -0.17932757735252378 -0.26205426454544062
decision_type=2 2 2 2 2 2
left_child=1 -1 5 4 -2 -3
right_child=3 2 -4 -5 -6 -7
leaf_value=0.0017205112616045378 -0.0059319550458280012 0.0015710930026495925 0.0015131958987766997 0.0021681439476737446 -0.00089538404680862538 -0.0073496438062790759
leaf_weight=752.28547391667962 82.271744944155216 31.763081923127174 108.11390043795109 182.98027764260769 999.78595765680075 81.292026359587908
leaf_count=3513 370 141 499 824 4572 377
internal_value=-3.62942e-05 0.000932634 -0.00174418 -0.000781995 -0.00128197 -0.00484919
internal_weight=2238.49 973.454 221.169 1265.04 1082.06 113.055
internal_count=10296 4530 1017 5766 4942 518
is_linear=0
shrinkage=0.013029


Tree=580
num_leaves=7
num_cat=1
split_feature=133 45 45 138 113 46
split_gain=13.1226 11.0826 15.7348 17.2152 23.5126 13.4214
threshold=1.0000000180025095e-35 -0.039003979414701455 -0.126998096704483 0 1.0000000180025095e-35 -0.022951028309762474
decision_type=2 2 2 9 2 2
left_child=1 2 3 -1 -5 -6
right_child=-2 -3 -4 4 5 -7
leaf_value=-0.0013260984864368742 -0.0018311827216831965 0.0038603696768560653 -0.0022705417721373788 -0.0010906700303700472 0.0050470154666846199 0.0011506365568510393
leaf_weight=388.63899853825569 455.99167837575078 164.34081669151783 319.56808768957853 292.8520136885345 353.08026878908277 261.53860978037119
leaf_count=1715 2201 729 1414 1334 1650 1260
internal_value=0.000139147 0.000644421 0.000315753 0.000954323 0.00192463 0.00339224
internal_weight=2236.01 1780.02 1615.68 1296.11 907.471 614.619
internal_count=10303 8102 7373 5959 4244 2910
cat_boundaries=0 1
cat_threshold=1420107776
is_linear=0
shrinkage=0.013029


Tree=581
num_leaves=7
num_cat=1
split_feature=115 138 91 122 4 29
split_gain=13.792 13.2938 12.3808 12.3089 12.8734 12.3068
threshold=1.0000000180025095e-35 0 -0.14599201083183286 829.93900000000019 -0.13386315107345578 -0.11607598140835761
decision_type=2 9 2 8 2 2
left_child=1 2 -1 5 -5 -3
right_child=-2 3 -4 4 -6 -7
leaf_value=0.00040850762914035056 -0.0075402723810374271 0.0040804849979211031 -0.0027836896900307311 0.0053048154902883456 -0.0005285520709261552 -0.00011580234170089627
leaf_weight=410.86751378327608 39.958946883678436 318.18839173018932 413.10781792551279 69.293638817965984 776.61332680284977 188.86938281729817
leaf_count=1883 193 1535 1994 299 3434 860
internal_value=-2.2843e-05 0.00011756 -0.00117866 0.000909171 -4.66505e-05 0.00251947
internal_weight=2216.9 2176.94 823.975 1352.96 845.907 507.058
internal_count=10198 10005 3877 6128 3733 2395
cat_boundaries=0 1
cat_threshold=2394523332
is_linear=0
shrinkage=0.013029


Tree=582
num_leaves=7
num_cat=0
split_feature=15 13 127 96 91 12
split_gain=7.88006 8.07481 8.86976 14.1773 7.86971 9.54029
threshold=0.17531687021255496 0.26496607065200811 6.9996932870370374 -0.14121523499488828 -0.034649774432182305 -0.073544632643461214
decision_type=2 2 2 2 2 2
left_child=1 2 3 -1 5 -3
right_child=-2 4 -4 -5 -6 -7
leaf_value=0.011257335245990012 0.0061773572211023513 0.0012342944856632222 -7.3205960393025565e-05 -0.00038959639481786739 -0.0085908183593349247 -0.0046098731998433732
leaf_weight=30.173985883593559 33.038213476538658 100.02924828231335 1916.3035083971918 41.582695320248604 30.562390122562647 89.044783841818571
leaf_count=136 158 462 8824 187 147 417
internal_value=-7.08181e-05 -0.000166281 9.59725e-05 0.00457038 -0.00253274 -0.00152499
internal_weight=2240.73 2207.7 1988.06 71.7567 219.636 189.074
internal_count=10331 10173 9147 323 1026 879
is_linear=0
shrinkage=0.013029


Tree=583
num_leaves=7
num_cat=0
split_feature=68 65 116 49 124 73
split_gain=9.97017 12.9241 10.7403 10.7742 10.6306 10.5107
threshold=-0.23162778466939923 -0.16233408451080319 1.0000000180025095e-35 0.26765677332878118 47.742333333332653 0.0075516260694712409
decision_type=2 2 2 2 10 2
left_child=2 -2 3 4 -1 -4
right_child=1 -3 5 -5 -6 -7
leaf_value=0.00059018030847578522 -0.0083908427869113771 -0.0010205644994539368 -0.00090695989656337534 0.0051458572080679572 -0.0021716096150591548 0.0024192444076836165
leaf_weight=463.29393093287945 44.617241509258747 373.56104858033359 220.73432651534677 53.652176182717085 482.2827530875802 594.79158618859947
leaf_count=2101 198 1730 1024 248 2179 2792
internal_value=-7.95491e-06 -0.00181984 0.000410111 -0.000495312 -0.000819019 0.00151895
internal_weight=2232.93 418.178 1814.75 999.229 945.577 815.526
internal_count=10272 1928 8344 4528 4280 3816
is_linear=0
shrinkage=0.013029


Tree=584
num_leaves=7
num_cat=0
split_feature=47 31 55 6 91 6
split_gain=10.9475 14.6554 8.7947 14.1663 12.2324 12.7267
threshold=0.21993852406740191 -0.55444949865341175 0.48614469170570379 0.03785128332674504 -0.1987626254558563 -0.22652955353260038
decision_type=2 2 2 2 2 2
left_child=1 -1 4 -4 -3 -6
right_child=-2 2 3 -5 5 -7
leaf_value=0.007125427115105604 -0.0037472339553294908 0.0024676188349642427 -0.0056306756264174829 0.0047746563762183407 -0.0059414933623317123 8.1415764340367195e-05
leaf_weight=51.483626075088978 118.7406862154603 372.60786359198391 95.043739426881075 28.323279798030853 61.335981711745262 1482.9077479243279
leaf_count=230 548 1734 444 125 301 6805
internal_value=8.91423e-05 0.000308123 0.000133671 -0.00322809 0.000351147 -0.000160433
internal_weight=2210.44 2091.7 2040.22 123.367 1916.85 1544.24
internal_count=10187 9639 9409 569 8840 7106
is_linear=0
shrinkage=0.013029


Tree=585
num_leaves=7
num_cat=0
split_feature=123 50 115 91 19 11
split_gain=12.176 12.3364 9.37495 9.65245 9.57151 9.36666
threshold=187.50000000000003 -0.25641448795795435 1.0000000180025095e-35 -0.069028206169605241 0.29802767932415014 0.4416970163583756
decision_type=2 2 2 2 2 2
left_child=1 -1 3 -3 -5 -6
right_child=-2 2 -4 4 5 -7
leaf_value=-0.0089774412486203839 0.0051319449795029799 0.00039650129333816404 -0.0060062470998583292 0.0038041151193751225 -0.0019207984036725917 -0.0088760268958799852
leaf_weight=26.322546031326056 73.612571835517883 1762.3079065084457 44.275805830955505 42.118379585444927 269.42806040495634 36.857701413333416
leaf_count=129 343 8090 213 209 1215 167
internal_value=-5.40178e-05 -0.000230643 -0.000120878 4.55819e-06 -0.00197475 -0.00277639
internal_weight=2254.92 2181.31 2154.99 2110.71 348.404 306.286
internal_count=10366 10023 9894 9681 1591 1382
is_linear=0
shrinkage=0.013029


Tree=586
num_leaves=7
num_cat=2
split_feature=138 122 60 138 132 123
split_gain=8.8113 10.5732 8.44605 10.2591 9.06441 11.5178
threshold=0 6.8750000000000027 -0.052537947893142693 1 4.5000000000000009 106.50000000000001
decision_type=9 10 2 9 2 2
left_child=1 -1 3 -2 5 -4
right_child=2 -3 4 -5 -6 -7
leaf_value=0.01361238151950098 0.0018511671422986233 0.00030351065549011336 -0.0020017461180430181 -0.0042302334266831523 0.00072455642063159564 0.0026065853037838074
leaf_weight=18.727528586983681 62.22528513520956 21.237188555300236 511.41875011473894 153.53264840692282 1350.9977868944407 111.60281790792942
leaf_count=253 302 107 2277 712 6108 505
internal_value=-1.86131e-05 0.00535297 -0.000142141 -0.00258592 0.000125076 -0.00117422
internal_weight=2229.74 39.9647 2189.78 215.758 1974.02 623.022
internal_count=10264 360 9904 1014 8890 2782
cat_boundaries=0 1 2
cat_threshold=17842688 3827302448
is_linear=0
shrinkage=0.013029


end of trees

feature_importances:
project_key=345
story_points=298
days_into_sprint=217
in_progress_at_commitment=162
historical_spillover_rate=135
velocity_variance=120
mean_cycle_time_hours=98
history_sprints=92
team_velocity_rolling=87
invest_independent=83
sprint_length_days=61
fasttext_98=54
fasttext_54=49
blocker_count=47
fasttext_1=44
fasttext_62=41
fasttext_47=39
issue_type=39
fasttext_81=38
wip_at_commitment=38
fasttext_63=36
fasttext_16=35
fasttext_92=35
fasttext_99=34
commitment_to_velocity_ratio=34
has_epic=33
fasttext_21=30
fasttext_44=30
description_length=30
added_mid_sprint=30
fasttext_15=29
fasttext_37=28
fasttext_91=28
fasttext_10=27
fasttext_6=26
fasttext_88=26
fasttext_56=24
fasttext_60=23
sprint_committed_points=23
fasttext_39=22
fasttext_58=22
fasttext_84=22
fasttext_61=21
parallel_sprints=21
fasttext_40=20
fasttext_90=20
fasttext_41=19
fasttext_67=19
fasttext_89=19
fasttext_4=18
fasttext_45=18
fasttext_49=18
fasttext_5=17
fasttext_65=17
fasttext_95=17
fasttext_83=16
priority_level=16
fasttext_7=15
fasttext_73=15
fasttext_19=14
fasttext_36=14
fasttext_53=14
fasttext_82=14
fasttext_3=13
fasttext_50=13
fasttext_59=13
fasttext_69=13
reopen_rate=13
fasttext_31=12
fasttext_35=12
fasttext_32=11
fasttext_75=11
fasttext_0=10
fasttext_12=10
fasttext_13=10
fasttext_26=10
fasttext_48=10
fasttext_51=10
fasttext_66=10
dep_out_degree=10
fasttext_55=9
fasttext_68=9
fasttext_71=9
fasttext_74=9
fasttext_79=9
fasttext_86=9
fasttext_94=9
fasttext_18=8
fasttext_52=8
fasttext_57=8
fasttext_72=8
fasttext_96=8
fasttext_14=7
fasttext_17=7
fasttext_22=7
fasttext_27=7
fasttext_29=6
fasttext_76=6
fasttext_78=6
fasttext_87=6
fasttext_9=5
fasttext_38=5
fasttext_42=5
fasttext_80=5
fasttext_93=5
fasttext_97=5
missing_info_flag_count=5
fasttext_2=4
fasttext_24=4
fasttext_25=4
fasttext_46=4
ambiguity_score=4
traceability_coverage_pct=4
fasttext_20=3
fasttext_23=3
fasttext_28=3
fasttext_30=3
fasttext_34=3
fasttext_77=3
unlinked_artifact_count=3
has_linked_tests=3
fasttext_11=2
fasttext_43=2
fasttext_64=2
fasttext_70=2
fasttext_85=2
title_length=2
vague_term_count=2
fasttext_8=1
fasttext_33=1
linked_issue_count=1

parameters:
[boosting: gbdt]
[objective: binary]
[metric: binary_logloss]
[tree_learner: serial]
[device_type: cpu]
[data_sample_strategy: bagging]
[data: ]
[valid: ]
[num_iterations: 3000]
[learning_rate: 0.013029]
[num_leaves: 7]
[num_threads: 16]
[seed: 42]
[deterministic: 0]
[force_col_wise: 0]
[force_row_wise: 0]
[histogram_pool_size: -1]
[max_depth: -1]
[min_data_in_leaf: 124]
[min_sum_hessian_in_leaf: 0.001]
[bagging_fraction: 0.739406]
[pos_bagging_fraction: 1]
[neg_bagging_fraction: 1]
[bagging_freq: 1]
[bagging_seed: 400]
[bagging_by_query: 0]
[feature_fraction: 0.399306]
[feature_fraction_bynode: 1]
[feature_fraction_seed: 30056]
[extra_trees: 0]
[extra_seed: 12879]
[early_stopping_round: 0]
[early_stopping_min_delta: 0]
[first_metric_only: 0]
[max_delta_step: 0]
[lambda_l1: 0]
[lambda_l2: 0.710912]
[linear_lambda: 0]
[min_gain_to_split: 0]
[drop_rate: 0.1]
[max_drop: 50]
[skip_drop: 0.5]
[xgboost_dart_mode: 0]
[uniform_drop: 0]
[drop_seed: 17869]
[top_rate: 0.2]
[other_rate: 0.1]
[min_data_per_group: 100]
[max_cat_threshold: 32]
[cat_l2: 10]
[cat_smooth: 10]
[max_cat_to_onehot: 4]
[top_k: 20]
[monotone_constraints: ]
[monotone_constraints_method: basic]
[monotone_penalty: 0]
[feature_contri: ]
[forcedsplits_filename: ]
[refit_decay_rate: 0.9]
[cegb_tradeoff: 1]
[cegb_penalty_split: 0]
[cegb_penalty_feature_lazy: ]
[cegb_penalty_feature_coupled: ]
[path_smooth: 0]
[interaction_constraints: ]
[verbosity: -1]
[saved_feature_importance_type: 0]
[use_quantized_grad: 0]
[num_grad_quant_bins: 4]
[quant_train_renew_leaf: 0]
[stochastic_rounding: 1]
[linear_tree: 0]
[max_bin: 255]
[max_bin_by_feature: ]
[min_data_in_bin: 3]
[bin_construct_sample_cnt: 200000]
[data_random_seed: 175]
[is_enable_sparse: 1]
[enable_bundle: 1]
[use_missing: 1]
[zero_as_missing: 0]
[feature_pre_filter: 1]
[pre_partition: 0]
[two_round: 0]
[header: 0]
[label_column: ]
[weight_column: ]
[group_column: ]
[ignore_column: ]
[categorical_feature: 136,137,138]
[forcedbins_filename: ]
[precise_float_parser: 0]
[parser_config_file: ]
[objective_seed: 16083]
[num_class: 1]
[is_unbalance: 0]
[scale_pos_weight: 1]
[sigmoid: 1]
[boost_from_average: 1]
[reg_sqrt: 0]
[alpha: 0.9]
[fair_c: 1]
[poisson_max_delta_step: 0.7]
[tweedie_variance_power: 1.5]
[lambdarank_truncation_level: 30]
[lambdarank_norm: 1]
[label_gain: ]
[lambdarank_position_bias_regularization: 0]
[eval_at: ]
[multi_error_top_k: 1]
[auc_mu_weights: ]
[num_machines: 1]
[local_listen_port: 12400]
[time_out: 120]
[machine_list_filename: ]
[machines: ]
[gpu_platform_id: -1]
[gpu_device_id: -1]
[gpu_device_id_list: ]
[gpu_use_dp: 0]
[num_gpu: 1]

end of parameters

pandas_categorical:[["Bug", "Improvement", "New Feature", "Story", "Task"], ["high", "highest", "low", "lowest", "medium", "unknown"], ["ALOY", "APIKIT", "BE", "CLI", "CLOV", "COMPASS", "CONFCLOUD", "CONFSERVER", "CWD", "CXX", "DAEMON", "DM", "FAB", "FE", "INDY", "IS", "JAVA", "JRACLOUD", "JRASERVER", "JSWCLOUD", "JSWSERVER", "MDL", "MESOS", "MULE", "MXNET", "NEXUS", "STL", "TIDOC", "TIMOB", "TISTUD", "USERGRID", "XD"]]
