tree
version=v4
num_class=1
num_tree_per_iteration=1
label_index=0
max_feature_idx=38
objective=regression
feature_names=title_length description_length description_has_code user_story_format mentions_tests ambiguity_score vague_term_count missing_info_flag_count has_acceptance_criteria ac_completeness_score invest_independent invest_valuable invest_testable traceability_coverage_pct unlinked_artifact_count has_linked_tests has_epic linked_issue_count blocker_count dep_out_degree dep_in_degree team_velocity_rolling velocity_variance history_sprints mean_cycle_time_hours historical_spillover_rate reopen_rate sprint_length_days days_into_sprint parallel_sprints sprint_committed_points commitment_to_velocity_ratio wip_at_commitment in_progress_at_commitment added_mid_sprint issue_type priority_level project_key predicted_log
feature_infos=[1:41] [0:5310] [0:1] [0:1] [0:1] [0:1] [0:39] [0:3] [0:1] [0:1] [0:1] [0:1] [0:1] [0:1] [0:3] [0:1] [0:1] [0:16] [0:5] [0:8] [0:11] [0:2369] [0:9085228.3000000007] [4:362] [0:2125.1356666666734] [0:1] [0:0.26000000000000001] [1.1390509259259258:61.040497685185187] [0:58.908530092592592] [0:13] [0:744] [0:162] [0:46] [0:1] [0:1] -1:3:0:1:4:2 -1:4:5:2:0:1 -1:11:22:28:31:23:29:21:26:25:14:15:27:1:7:5:30:2:19:20:0:3:8:12:4:13:9:24:6:18:16:10 [0.6767420844387988:2.6995586070588935]
tree_sizes=1431 1528 1491 1524 1509 1507 1525 1492 1510 1507 1523 1525 1499 1514 1498 1507 1526 1507 1534 1533 1516 1532 1525 1512 1522 1503 1522 1516 1532 1500 1529 1519 1534 1513 1510 1518 1500 1533 1521 1537 1527 1517 1515 1532 1535 1526 1517 1535 1505 1532 1534 1530 1540 1537 1515 1517 1504 1538 1548 1529 1536 1536 1510 1531 1528 1508 1542 1548 1521 1527 1508 1535 1525 1530 1495 1518 1518 1542 1541 1550 1526 1527 1511 1523 1521 1546 1516 1530 1537 1535 1539 1541 1522 1524 1535 1537 1540 1510 1524 1516 1534 1547 1536 1536 1530 1527 1531 1546 1527 1555 1528 1546 1546 1526 1527 1537 1544 1538 1561 1534 1551 1537 1530 1539 1559 1555 1523 1533 1536 1534 1545 1542 1528 1511 1506 1542 1535 1546 1532 1546 1547 1543 1532 1539 1556 1545 1538 1554 1547 1531 1546 1548 1526 1530 1550 1540 1535 1525 1527 1521 1533 1518 1529 1540 1525 1557 1522 1535 1550 1540 1557 1546 1543 1523 1534 1524 1538 1539 1520 1540 1551 1539 1535 1546 1535 1540 1555 1518 1529 1551 1525 1537 1520 1519 1522 1527 1529 1510 1526 1546 1558 1531 1534 1548 1541 1547 1538 1535 1540 1545 1541 1522 1549 1543 1548 1526 1558 1551 1552 1570 1551 1535 1545 1525 1554 1534 1550 1517 1516 1549 1532 1528 1530 1543 1528 1534 1521 1550 1546 1548 1548 1545 1560 1565 1565 1551 1553 1528 1537 1521 1551 1553 1539 1539 1540 1549 1537 1546 1532 1506 1564 1545 1558 1512 1538 1537 1562 1528 1516 1534 1568 1554 1550 1543 1521 1553 1531 1523 1535 1546 1525 1520 1543 1547 1533 1550 1545 1527 1523 1543 1514 1530 1526 1530 1546 1520 1542 1532 1515 1541 1514 1529 1536 1533 1545 1551 1541 1541 1555 1522 1540 1540 1534 1516 1538 1542 1530 1533 1562 1515 1528 1541 1535 1530 1547 1562 1514 1542 1558 1540 1535 1520 1535 1522 1545 1538 1527 1542 1517 1540 1531 1521 1543 1539 1541 1562 1526 1538 1527 1541 1546 1546 1555 1538 1541 1542 1516 1534 1539 1545 1547 1540 1557 1527 1536 1540 1533 1539 1554 1543 1552 1561 1555 1518 1536 1541 1543 1551 1540 1557 1529 1551 1539 1532 1530 1535 1523 1539 1520 1549 1557 1543 1550 1547 1539 1557 1528 1512 1550 1551

Tree=0
num_leaves=15
num_cat=2
split_feature=36 24 35 38 38 2 1 29 38 24 24 29 38 24
split_gain=24.73 16.9423 7.021 4.10854 3.662 2.65747 2.22284 1.91326 1.81784 1.58685 1.6245 1.55245 1.59994 1.29982
threshold=0 1.0000000180025095e-35 1 1.4859309917056773 1.1477000725872661 1.0000000180025095e-35 2.5000000000000004 1.5000000000000002 1.5420878908995419 5.7378333333335476 21.811333333332662 1.5000000000000002 1.6206384216475476 563.21849999999165
decision_type=9 8 1 2 2 2 2 2 2 8 10 2 2 10
left_child=1 -1 4 7 -3 9 8 -2 -6 -5 -11 -8 13 -13
right_child=3 2 -4 5 6 -7 11 -9 -10 10 -12 12 -14 -15
leaf_value=0.3870561722702146 0.37397987807002875 0.37558268170904602 0.37534460488321836 0.38025804205494002 0.37918133633049494 0.37405195685066034 0.37742975800233164 0.37788375567624116 0.38345983729149469 0.37456441356022174 0.37684631812916963 0.38018390617131287 0.3780022717613743 0.37705335334405427
leaf_weight=195 1933 326 728 100 195 470 708 120 165 355 1343 976 742 136
leaf_count=195 1933 326 728 100 195 470 708 120 165 355 1343 976 742 136
internal_value=0.376773 0.378419 0.377999 0.375184 0.378593 0.37606 0.378935 0.374208 0.381142 0.376586 0.376369 0.378625 0.379081 0.379801
internal_weight=8492 4171 3976 4321 3248 2268 2922 2053 360 1798 1698 2562 1854 1112
internal_count=8492 4171 3976 4321 3248 2268 2922 2053 360 1798 1698 2562 1854 1112
cat_boundaries=0 1 2
cat_threshold=36 26
is_linear=0
shrinkage=1


Tree=1
num_leaves=15
num_cat=3
split_feature=37 24 25 38 37 1 38 32 38 31 28 32 33 37
split_gain=46.2968 11.4366 3.32275 3.22499 3.01677 4.09376 2.58515 1.92682 1.65747 1.51598 1.34257 1.44677 1.22451 1.15921
threshold=0 1.0000000180025095e-35 0.34891304347826091 1.191934628319619 1 1.0000000180025095e-35 1.9518437815742264 3.5000000000000004 0.93156888054957487 1.7262355831286176 7.1956597222222234 24.500000000000004 1.0000000180025095e-35 2
decision_type=9 10 10 2 9 2 2 2 2 10 2 2 2 9
left_child=1 2 -1 12 -5 -6 8 -7 -2 -8 -9 -12 -3 -10
right_child=6 3 -4 4 5 7 9 10 13 -11 11 -13 -14 -15
leaf_value=0.012481389113143086 -0.0058191931904555943 -0.0010603700845306803 0.0054215589354978874 0.0008463503088284068 0.0060479344161777594 0.0052686710742809026 -0.0019626179619485302 0.0013510360920138327 -0.0036255334594986581 0.0029082928729675162 0.0039903951990355206 0.00097798499171094936 0.0025148491123691201 -0.0022029834439899637
leaf_weight=100 142 482 150 1411 278 167 108 1295 719 123 444 212 105 2771
leaf_count=100 142 482 150 1411 278 167 108 1295 719 123 444 212 105 2771
internal_value=-1.68365e-05 0.00199975 0.00824549 0.00164895 0.00196809 0.00261424 -0.00243999 0.00217589 -0.00264203 0.000630984 0.00191115 0.00301687 -0.00042085 -0.00251275
internal_weight=8507 4644 250 4394 3807 2396 3863 2118 3632 231 1951 656 587 3490
internal_count=8507 4644 250 4394 3807 2396 3863 2118 3632 231 1951 656 587 3490
cat_boundaries=0 1 2 3
cat_threshold=2310544448 2155876352 603979908
is_linear=0
shrinkage=0.03


Tree=2
num_leaves=15
num_cat=5
split_feature=37 37 37 28 38 1 35 38 23 38 32 23 0 35
split_gain=45.9204 10.0132 4.58716 4.30163 3.79136 3.58498 2.72388 1.9535 1.36728 1.36564 1.24661 1.22803 1.07197 1.30446
threshold=0 1 2 1.0525115740740743 1.1112362603445787 1.0000000180025095e-35 3 1.7224058737958026 73.500000000000014 0.93156888054957487 30.500000000000004 125.50000000000001 13.500000000000002 4
decision_type=9 9 9 2 2 2 1 2 2 2 2 2 2 1
left_child=1 3 6 -1 -3 8 -2 10 -6 -4 12 -8 13 -7
right_child=2 4 9 -5 5 7 11 -9 -10 -11 -12 -13 -14 -15
leaf_value=0.010586948768483812 0.00013646933633712366 -0.0019092288821629384 -0.0057375839093754839 0.0029806000928539167 0.0026893243317127878 0.0031506049035222501 -0.0012096507362488282 0.00074570621362264557 0.0068137649309176658 -0.0026523089843576201 -0.00041964213447228294 -0.0035297534522829937 5.8508736482972823e-05 0.0011500916816930191
leaf_weight=191 1080 214 136 103 115 1533 505 927 195 2552 134 346 143 411
leaf_count=191 1080 214 136 103 115 1533 505 927 195 2552 134 346 143 411
internal_value=3.66973e-05 0.00240127 -0.00199447 0.00766154 0.00196044 0.00220559 -0.000867294 0.00190247 0.00528373 -0.002798 0.00238528 -0.00212795 0.00256538 0.00274978
internal_weight=8585 3966 4619 294 3672 3458 1931 3148 310 2688 2221 851 2087 1944
internal_count=8585 3966 4619 294 3672 3458 1931 3148 310 2688 2221 851 2087 1944
cat_boundaries=0 1 2 3 4 5
cat_threshold=163056706 2097152 2415931952 14 26
is_linear=0
shrinkage=0.03


Tree=3
num_leaves=15
num_cat=3
split_feature=37 24 37 38 1 25 38 38 38 38 37 30 32 22
split_gain=42.1147 9.87085 4.78316 3.01984 2.64496 2.58408 2.56294 1.52462 1.16838 1.16654 1.56888 3.40049 1.56799 1.34744
threshold=0 1.0000000180025095e-35 1 1.1046140279186381 2.5000000000000004 0.34891304347826091 1.9518437815742264 0.93156888054957487 1.7500423721254474 1.6919028817953892 2 162.12500000000003 30.500000000000004 1891.5441250000001
decision_type=9 10 9 2 2 10 2 2 2 2 9 2 2 2
left_child=1 5 -2 -3 -5 -1 7 -4 -9 12 11 -11 13 -6
right_child=2 3 6 4 9 -7 -8 8 -10 10 -12 -13 -14 -15
leaf_value=0.011911107478151097 -2.0624054347106894e-05 -0.0015170383236847624 -0.0056789419800727901 0.0049340555069795509 0.0019512793493978422 0.00561549517085028 0.00069682750418516141 -0.0022063872500234492 -0.0037435330284759402 0.0065478207271025025 -0.00015474010620519367 0.00095953099535034533 -0.00079047084977127498 0.0036245754930278686
leaf_weight=100 1001 212 136 286 1172 142 231 2922 525 126 488 441 134 687
leaf_count=100 1001 212 136 286 1172 142 231 2922 525 126 488 441 134 687
internal_value=-1.44626e-05 0.00234866 -0.00187454 0.0019548 0.00217556 0.00821699 -0.00235978 -0.00256343 -0.0024405 0.00191672 0.00111006 0.00216322 0.00234373 0.00256965
internal_weight=8603 3788 4815 3546 3334 242 3814 3583 3447 3048 1055 567 1993 1859
internal_count=8603 3788 4815 3546 3334 242 3814 3583 3447 3048 1055 567 1993 1859
cat_boundaries=0 1 2 3
cat_threshold=146279424 2164265026 136316928
is_linear=0
shrinkage=0.03


Tree=4
num_leaves=15
num_cat=4
split_feature=37 24 37 38 1 38 38 37 23 31 38 32 37 24
split_gain=38.0054 9.95032 3.91867 3.36943 2.91647 2.48726 1.99769 1.4842 1.46174 1.38612 1.19283 1.77078 1.64254 1.18677
threshold=0 1.0000000180025095e-35 1 1.1287005236820298 1.0000000180025095e-35 1.8514288046861413 1.9518437815742264 2 114.50000000000001 1.7149703331811961 1.7224058737958026 1.5000000000000002 3 606.21066666666422
decision_type=9 10 9 2 2 2 2 9 2 10 2 2 9 10
left_child=1 5 -2 -3 8 -1 7 -4 -5 -8 11 -6 -12 -13
right_child=2 3 6 4 10 -7 9 -9 -10 -11 12 13 -14 -15
leaf_value=0.0044141578865883003 -1.6807875458117336e-05 -0.0013960889415466228 -0.0036254034137054186 0.0032706940504114912 0.005542311910143558 0.010487942760810255 -0.0019130906897933324 -0.0020094887200257472 0.007699113926943898 0.0027624859111306586 0.00049694404179789797 0.0022520992564667832 0.0041468299628328303 -0.00081671399893700955
leaf_weight=101 983 258 675 161 141 152 108 2861 115 121 824 1809 120 121
leaf_count=101 983 258 675 161 141 152 108 2861 115 121 824 1809 120 121
internal_value=7.72316e-05 0.00230903 -0.00171116 0.00190533 0.00216415 0.00806323 -0.00215232 -0.00233389 0.00511587 0.00055741 0.00189394 0.00229681 0.00101011 0.0020597
internal_weight=8550 3802 4748 3549 3291 253 3765 3536 276 229 3015 2071 944 1930
internal_count=8550 3802 4748 3549 3291 253 3765 3536 276 229 3015 2071 944 1930
cat_boundaries=0 1 2 3 4
cat_threshold=163056704 2147487746 570425476 8390656
is_linear=0
shrinkage=0.03


Tree=5
num_leaves=15
num_cat=4
split_feature=37 24 38 25 37 32 38 31 37 35 25 33 28 31
split_gain=38.286 10.8351 3.60505 3.52968 2.47485 2.26651 1.98325 1.67345 1.47465 1.17558 1.14945 1.03355 0.911055 0.865898
threshold=0 1.0000000180025095e-35 1.191934628319619 0.34891304347826091 1 3.5000000000000004 1.9436636695731058 2.2403945073131459 2 3 0.63484848484848488 1.0000000180025095e-35 3.6321701388888892 1.3223331610305522
decision_type=9 10 2 10 9 2 2 8 9 1 10 2 2 8
left_child=1 3 11 -1 -4 13 8 -8 -2 10 -7 12 -3 -6
right_child=6 2 4 -5 5 9 7 -9 -10 -11 -12 -13 -14 -15
leaf_value=0.01221657251487924 -0.0037745027033521269 0.0013189250780967995 0.0007817707018201223 0.0049618772617075592 0.0071308604919498681 0.002166638305877881 -0.0017199324495809644 0.003392340617487207 -0.0020957666241504728 -0.00012608100880286106 0.0053750441443034501 0.0020435773776485942 -0.001881739650066957 0.0033060574091970923
leaf_weight=101 605 100 1390 150 114 1936 136 100 3023 201 106 104 401 100
leaf_count=101 605 100 1390 150 114 1936 136 100 3023 201 106 104 401 100
internal_value=-3.34861e-06 0.00181281 0.00147476 0.0078811 0.0018133 0.00238398 -0.00221282 0.000446285 -0.00239189 0.00211224 0.00232182 -0.000677939 -0.00124288 0.00534357
internal_weight=8567 4703 4452 251 3847 2457 3864 236 3628 2243 2042 605 501 214
internal_count=8567 4703 4452 251 3847 2457 3864 236 3628 2243 2042 605 501 214
cat_boundaries=0 1 2 3 4
cat_threshold=2310544448 2155876352 570425356 26
is_linear=0
shrinkage=0.03


Tree=6
num_leaves=15
num_cat=4
split_feature=37 24 1 25 37 38 38 37 31 23 37 38 25 23
split_gain=35.4159 9.62678 4.06458 3.83844 3.08876 1.81617 1.65038 1.31353 1.25125 1.22293 1.13344 1.80634 1.12497 1.15937
threshold=0 1.0000000180025095e-35 1.0000000180025095e-35 0.34891304347826091 1 1.0314392891008379 1.9855361078882079 2 7.1358333333333341 114.50000000000001 3 1.6730940035018012 0.22290322580645164 19.500000000000004
decision_type=9 10 2 10 9 2 2 9 10 2 9 2 10 2
left_child=1 3 9 -1 12 -4 7 -6 10 -3 -7 -12 13 -2
right_child=4 2 5 -5 6 8 -8 -9 -10 -11 11 -13 -14 -15
leaf_value=0.012260475124451605 0.0026427179163719494 0.0032463813486768378 -0.0023230876865491796 0.0047473076825468412 -0.0034827866189999414 0.0037019117374438794 0.00066148503580982577 -0.0019932551217297992 0.0047059183237954565 0.0070826650353830673 0.0018410686104722649 0.00027425161638394734 -0.0012757194579203818 -0.00034726369303890166
leaf_weight=102 178 158 113 153 723 182 176 2789 109 142 1845 1033 540 339
leaf_count=102 178 158 113 153 723 182 176 2789 109 142 1845 1033 540 339
internal_value=-2.50454e-05 0.00211512 0.00171969 0.00775257 -0.00175642 0.00141416 -0.00216755 -0.00231549 0.00154742 0.00506222 0.00143492 0.00127426 -0.000315096 0.000682169
internal_weight=8582 3837 3582 255 4745 3282 3688 3512 3169 300 3060 2878 1057 517
internal_count=8582 3837 3582 255 4745 3282 3688 3512 3169 300 3060 2878 1057 517
cat_boundaries=0 1 2 3 4
cat_threshold=163056704 2147484194 570425484 136315904
is_linear=0
shrinkage=0.03


Tree=7
num_leaves=15
num_cat=5
split_feature=37 37 38 37 38 7 35 38 38 22 24 35 6 24
split_gain=31.4898 8.9177 5.01637 3.64003 2.61468 2.75196 1.915 1.17053 1.1256 1.22841 1.12504 0.972776 0.84295 0.835932
threshold=0 1 1.8292800565218081 2 1.2010417109342399 1.5000000000000002 3 1.734941182633164 1.6730940035018012 6331.4577500000005 113.25366666666393 4 1.5000000000000002 362.38183333334752
decision_type=9 9 2 9 2 2 1 2 2 2 8 1 2 10
left_child=1 2 -1 11 -3 8 7 -5 9 13 12 -2 -8 -6
right_child=3 4 -4 6 5 -7 10 -9 -10 -11 -12 -13 -14 -15
leaf_value=0.0018949927604757248 -0.0018944047234773901 -0.00071028014637074819 0.010283630379656454 -0.0010968142301405121 0.0021584007812788233 0.0043527959618984103 0.00016205031766650113 -0.0034139978440083968 0.00075325259169918264 0.0046004543687229527 -0.0011652118009535895 -0.0031508592782535086 0.0027946444661289343 0.00059047964610085693
leaf_weight=100 1339 416 179 523 1150 344 693 314 1085 148 560 1184 130 417
leaf_count=100 1339 416 179 523 1150 344 693 314 1085 148 560 1184 130 417
internal_value=-7.94138e-05 0.00193783 0.00702515 -0.00171265 0.00152057 0.00182058 -0.000817284 -0.00194289 0.00150948 0.00198791 -0.000127002 -0.00249415 0.000577891 0.00174116
internal_weight=8582 3839 279 4743 3560 3144 2220 837 2800 1715 1383 2523 823 1567
internal_count=8582 3839 279 4743 3560 3144 2220 837 2800 1715 1383 2523 823 1567
cat_boundaries=0 1 2 3 4 5
cat_threshold=163059712 2097152 1715503525 1 26
is_linear=0
shrinkage=0.03


Tree=8
num_leaves=15
num_cat=3
split_feature=37 37 25 37 38 1 38 31 25 23 28 23 21 27
split_gain=32.5378 7.23441 4.34456 3.02579 2.48966 2.37156 1.8776 1.51345 1.33637 1.28512 1.1846 1.50381 1.09509 1.08355
threshold=0 1 0.34891304347826091 2 1.1046140279186381 1.0000000180025095e-35 1.9436636695731058 1.7149703331811961 0.64142857142857157 126.50000000000001 1.8198611111111114 19.500000000000004 114.53333333333335 27.165231481481488
decision_type=9 9 10 9 2 2 2 10 8 2 2 2 2 2
left_child=1 2 -1 10 -3 9 -5 -8 13 -6 11 12 -2 -7
right_child=3 4 -4 6 5 8 7 -9 -10 -11 -12 -13 -14 -15
leaf_value=0.011572723290106902 0.0004582394516965339 -0.0014508031982812643 0.0039456962930166763 -0.002247690285541796 0.002958839846733099 0.00094697983235594765 -0.0021320881133936134 0.0026163572425356328 0.0046452260042878059 0.0070494728913116783 -0.001472792197588197 -0.00044466028893376893 0.0047604492459898794 0.0021145865950816453
leaf_weight=108 106 214 178 3441 192 1509 110 134 127 108 434 446 107 1360
leaf_count=108 106 214 178 3441 192 1509 110 134 127 108 434 446 107 1360
internal_value=-3.71803e-06 0.00206672 0.00659523 -0.0016495 0.00168004 0.00188841 -0.00206177 0.000475665 0.00163377 0.00443147 -0.000253462 0.00054571 0.00261944 0.00150046
internal_weight=8574 3796 286 4778 3510 3296 3685 244 2996 300 1093 659 213 2869
internal_count=8574 3796 286 4778 3510 3296 3685 244 2996 300 1093 659 213 2869
cat_boundaries=0 1 2 3
cat_threshold=163056640 2097152 2147562066
is_linear=0
shrinkage=0.03


Tree=9
num_leaves=15
num_cat=4
split_feature=37 37 38 1 37 38 2 38 22 32 35 38 38 24
split_gain=31.078 7.54206 3.79175 3.27883 2.96122 1.93015 1.38562 1.19842 1.19293 1.12349 1.62408 1.0265 0.893666 0.871522
threshold=0 1 1.8292800565218081 1.0000000180025095e-35 2 1.0534611096647835 1.0000000180025095e-35 1.6884836739623708 1725.48125 1.5000000000000002 3 0.91774518637173719 1.6557255528732544 61.543500000000357
decision_type=9 9 2 2 9 2 2 2 2 2 1 2 2 10
left_child=1 2 -1 8 6 -5 -2 9 -3 -7 -11 -6 -8 -12
right_child=4 3 -4 5 11 7 12 -9 -10 10 13 -13 -14 -15
leaf_value=0.0023893578550299613 -0.00033701028055769405 0.0063242919310860469 0.0095204172475884356 -0.0021499671436407989 -0.0051329166936603457 0.0048065469896258865 -0.00057979096819649059 0.00067107057888527366 0.0024664742460540371 0.0021576031275747781 0.0020691640498963267 -0.0021732997476994319 -0.0031995429943489817 -0.0011641371635926327
leaf_weight=107 1585 167 180 136 110 115 194 1033 127 1564 110 2561 296 236
leaf_count=107 1585 167 180 136 110 115 194 1033 127 1564 110 2561 296 236
internal_value=-9.72882e-06 0.00201882 0.00663076 0.00162147 -0.00162408 0.00134706 -0.000764367 0.00150259 0.00465782 0.00192676 0.00175337 -0.00228662 -0.00216234 -0.000132383
internal_weight=8521 3775 287 3488 4746 3194 2075 3058 294 2025 1910 2671 490 346
internal_count=8521 3775 287 3488 4746 3194 2075 3058 294 2025 1910 2671 490 346
cat_boundaries=0 1 2 3 4
cat_threshold=163056640 2097152 2415997554 26
is_linear=0
shrinkage=0.03


Tree=10
num_leaves=15
num_cat=3
split_feature=37 37 38 38 27 25 1 38 37 31 30 1 13 27
split_gain=30.2403 8.11349 5.89943 2.05937 2.29176 2.02466 1.69581 1.68525 1.46212 1.21832 0.988602 1.03382 1.08631 0.872995
threshold=0 1 1.6584841159403438 1.0534611096647835 27.999803240740743 0.34891304347826091 1.0000000180025095e-35 1.9518437815742264 2 1.7149703331811961 64.050000000000011 54.500000000000007 1.0000000180025095e-35 18.999762731481486
decision_type=9 9 2 2 2 10 2 2 9 10 2 2 2 2
left_child=1 2 -1 -3 10 -4 -6 8 -2 -9 11 12 -5 -12
right_child=7 3 5 4 6 -7 -8 9 -10 -11 13 -13 -14 -15
leaf_value=0.00093803003326424256 -0.003302703618850867 -0.0016612430615008207 0.010641337672478339 0.0046291091551183385 0.0054120170249983566 0.0057838100026079489 0.0020507449673256833 -0.0016196185496409196 -0.0017266414840606602 0.0027770597397365829 1.8578496641933254e-05 -1.9894286963915196e-07 0.0013749868894681102 0.0012471157798496179
leaf_weight=168 685 204 137 177 152 177 1214 111 2954 116 1072 153 193 1012
leaf_count=168 685 204 137 177 152 177 1214 111 2954 116 1072 153 193 1012
internal_value=8.31006e-05 0.00170898 0.0053642 0.00127538 0.00142938 0.00790318 0.00242477 -0.00187585 -0.00203714 0.000627142 0.000907822 0.00207399 0.00293169 0.000615162
internal_weight=8525 4659 482 4177 3973 314 1366 3866 3639 227 2607 523 370 2084
internal_count=8525 4659 482 4177 3973 314 1366 3866 3639 227 2607 523 370 2084
cat_boundaries=0 1 2 3
cat_threshold=2310540368 136315904 570425476
is_linear=0
shrinkage=0.03


Tree=11
num_leaves=15
num_cat=1
split_feature=27 24 23 35 38 38 1 38 27 38 22 25 27 27
split_gain=14.5618 9.00306 2.46957 2.32847 2.20671 2.15307 2.52096 1.35262 1.28336 1.50176 1.26767 1.20366 1.12617 1.07329
threshold=13.999994212962966 1.0000000180025095e-35 17.500000000000004 0 1.4859309917056773 1.3784544998412733 8.5000000000000018 1.734941182633164 29.624461805555558 1.5212177896639967 1745.6500000000003 0.24695121951219515 13.999450231481484 30.554403935185189
decision_type=2 8 2 1 2 2 2 2 2 2 2 10 2 2
left_child=3 2 -2 7 -5 -3 10 11 -8 -10 -7 -1 -6 -11
right_child=1 5 -4 4 12 6 8 -9 9 13 -12 -13 -14 -15
leaf_value=0.00038150578785981843 0.0040753907953542702 -7.6242279442660424e-05 0.010629016968170896 -0.0015388281594345167 0.0007455818072192972 0.0061413218123454816 0.0006179366632363489 -0.0035933020243857044 0.0050628964844002871 0.0029415074565515491 0.0023347357147355204 -0.0020180932773168178 -0.00085331191908419063 -0.00055260915101530987
leaf_weight=224 103 1235 104 1499 923 136 1406 410 138 170 187 1175 695 148
leaf_count=224 103 1235 104 1499 923 136 1406 410 138 170 187 1175 695 148
internal_value=-0.000149893 0.0012927 0.00736803 -0.00121207 -0.000707254 0.000924978 0.00149089 -0.00206655 0.00106647 0.00244945 0.00393751 -0.00163388 5.87888e-05 0.00131531
internal_weight=8553 3627 207 4926 3117 3420 2185 1809 1862 456 323 1399 1618 318
internal_count=8553 3627 207 4926 3117 3420 2185 1809 1862 456 323 1399 1618 318
cat_boundaries=0 1
cat_threshold=1
is_linear=0
shrinkage=0.03


Tree=12
num_leaves=15
num_cat=5
split_feature=37 37 38 37 38 1 35 31 23 38 22 37 31 30
split_gain=26.3537 8.24863 3.23208 2.441 1.98103 1.85505 1.38488 1.3395 1.17148 1.15044 1.18942 0.882131 0.844818 0.696634
threshold=0 1 1.8168260706295258 2 1.1046140279186381 1.0000000180025095e-35 3 7.7898305084745774 115.50000000000001 1.8038893715340791 124.65000000000002 4 2.308391608391609 58.500000000000007
decision_type=9 9 2 9 2 2 1 8 2 2 2 9 8 2
left_child=1 2 -1 12 -3 8 -5 9 -6 10 -7 -8 -2 -12
right_child=3 4 -4 6 5 7 11 -9 -10 -11 13 -13 -14 -15
leaf_value=0.0025344884156249465 0.00017767570373018537 -0.0013953827122601158 0.0091977166122952959 -0.0025548585530905115 0.0022518432131217758 -0.0013384082440634148 8.1010645246052686e-05 0.0048281269874190912 0.0059997450848657697 8.709299548787437e-05 0.003123019223474769 -0.0016094424715879182 -0.0020588874636640587 0.0015437071506517093
leaf_weight=100 874 205 190 1529 174 118 337 100 132 568 290 1770 184 1887
leaf_count=100 874 205 190 1529 174 118 337 100 132 568 290 1770 184 1887
internal_value=1.17732e-05 0.00187911 0.00667005 -0.00148643 0.00146118 0.00164478 -0.00185645 0.00141512 0.00386859 0.00129591 0.00159508 -0.00133996 -0.000209313 0.00175409
internal_weight=8458 3764 290 4694 3474 3269 3636 2963 306 2863 2295 2107 1058 2177
internal_count=8458 3764 290 4694 3474 3269 3636 2963 306 2863 2295 2107 1058 2177
cat_boundaries=0 1 2 3 4 5
cat_threshold=163059776 2097152 2147549715 1 268435712
is_linear=0
shrinkage=0.03


Tree=13
num_leaves=15
num_cat=5
split_feature=37 37 25 37 38 27 1 25 33 35 38 24 37 38
split_gain=22.5949 7.8103 3.00143 1.62714 1.48773 1.93381 1.40734 1.19591 1.06992 0.943745 0.909386 0.888103 0.864269 1.68554
threshold=0 1 0.34891304347826091 2 1.191934628319619 27.999803240740743 1.0000000180025095e-35 0.4497297297297298 1.0000000180025095e-35 3 1.5212177896639967 729.04833333333033 4 1.6104088686073312
decision_type=9 9 10 9 2 2 2 10 2 1 2 10 9 2
left_child=1 2 -1 9 8 11 -7 -5 -3 -2 -8 12 13 -6
right_child=3 4 -4 7 5 6 10 -9 -10 -11 -12 -13 -14 -15
leaf_value=0.01017893703287006 -0.0015845415435836038 -0.00092394016900693122 0.0039399170233314629 -5.3632250371879924e-05 0.00026483206199137146 0.005197473437186669 0.0028165087180099038 -0.0017872342085720762 0.0023765530875728773 -0.0028434272593057313 0.0010869347576362117 -0.0017943512472147875 0.00072375841410843972 0.0045662997518972469
leaf_weight=109 1254 487 191 740 162 132 527 694 108 1119 569 111 2233 166
leaf_count=109 1254 487 191 740 162 132 527 694 108 1119 569 111 2233 166
internal_value=2.20387e-05 0.00139078 0.00600654 -0.00170111 0.00107007 0.00128563 0.00227104 -0.000886446 -0.000324859 -0.00218762 0.00191858 0.000832757 0.000946622 0.00236955
internal_weight=8602 4795 300 3807 4495 3900 1228 1434 595 2373 1096 2672 2561 328
internal_count=8602 4795 300 3807 4495 3900 1228 1434 595 2373 1096 2672 2561 328
cat_boundaries=0 1 2 3 4 5
cat_threshold=2310543426 2097152 1715503244 26 135790656
is_linear=0
shrinkage=0.03


Tree=14
num_leaves=15
num_cat=3
split_feature=27 24 36 35 38 31 36 28 38 31 31 27 27 38
split_gain=16.324 9.12058 2.57527 2.1648 2.13251 2.01561 1.53313 1.4002 1.18674 1.1271 1.05069 1.16498 0.820722 0.788441
threshold=13.999994212962966 2.6950000000000736 0 1 1.1424083281668806 1.2508030341587599 2 2.5324884259259264 1.4141565041898503 0.43729304635761596 0.80220030067373205 27.165231481481488 7.9998495370370373 1.808646211451852
decision_type=2 8 9 1 2 8 9 2 2 8 10 2 2 2
left_child=3 5 4 9 -3 -2 -5 12 -4 -1 -6 -12 -8 -13
right_child=1 2 8 6 10 -7 7 -9 -10 -11 11 13 -14 -15
leaf_value=0.00062656018171380727 0.0043212011061984313 -0.00074571987136175103 -0.0024404388154573554 -0.0010792899490848901 0.0039311558905315777 0.010031210543945708 0.0034000925656810805 -0.0014821483926631197 0.00044136958300646406 -0.0021577025974802359 0.00075608947128655594 0.0023866965787645487 0.00060175456929541108 0.00027091295097488911
leaf_weight=142 103 334 224 2110 193 121 111 276 302 1667 871 1328 628 180
leaf_count=142 103 334 224 2110 193 121 111 276 302 1667 871 1328 628 180
internal_value=2.12125e-05 0.00154048 0.00115767 -0.00110453 0.00150428 0.00740563 -0.000619412 0.000337794 -0.000771203 -0.00192849 0.00180232 0.00162961 0.00102207 0.00213415
internal_weight=8590 3656 3432 4934 2906 224 3125 1015 526 1809 2572 2379 739 1508
internal_count=8590 3656 3432 4934 2906 224 3125 1015 526 1809 2572 2379 739 1508
cat_boundaries=0 1 2 3
cat_threshold=38 1 48
is_linear=0
shrinkage=0.03


Tree=15
num_leaves=15
num_cat=4
split_feature=37 37 38 37 1 30 23 38 38 1 35 32 28 38
split_gain=22.6142 5.19647 4.60474 2.71722 2.07581 1.95923 1.72169 1.49596 1.5885 1.24639 1.18113 1.13615 0.967875 0.94728
threshold=0 1 1.6584841159403438 2 1.0000000180025095e-35 40.250000000000007 22.500000000000004 1.6730940035018012 1.0534611096647835 54.500000000000007 3 30.500000000000004 5.8600983796296306 1.5358487018018006
decision_type=9 9 2 9 2 2 2 2 2 2 1 2 2 2
left_child=1 2 -1 6 13 -4 9 8 -6 12 -5 -10 -2 -3
right_child=3 4 5 10 7 -7 -8 -9 11 -11 -12 -13 -14 -15
leaf_value=0.00081414273294385948 0.0012293209360840619 0.0018543704534488275 0.010337633764420304 -0.0013340473622943539 -0.001577383337634836 0.0052524735908980108 -0.00097804835851119016 0.00022886228886156182 0.0020388795764521741 0.0036816344957236848 -0.0026615275527011981 -0.00082594604684046893 -0.0020809111317159987 0.0053865300842032881
leaf_weight=163 248 121 107 1353 131 188 1729 1060 1774 121 1223 134 117 157
leaf_count=163 248 121 107 1353 131 188 1729 1060 1774 121 1223 134 117 157
internal_value=6.42802e-05 0.00177857 0.00475705 -0.00130892 0.00136177 0.00709692 -0.000532208 0.00114303 0.00161827 0.00104297 -0.00197215 0.00183768 0.000168233 0.00384915
internal_weight=8626 3835 458 4791 3377 295 2215 3099 2039 486 2576 1908 365 278
internal_count=8626 3835 458 4791 3377 295 2215 3099 2039 486 2576 1908 365 278
cat_boundaries=0 1 2 3 4
cat_threshold=146279488 136315904 2432791043 26
is_linear=0
shrinkage=0.03


Tree=16
num_leaves=15
num_cat=3
split_feature=37 24 38 27 37 32 38 1 21 24 26 22 38 37
split_gain=20.8628 5.96703 2.54507 2.45349 1.66692 1.69604 1.34205 1.02449 0.982684 1.32092 1.39397 0.971552 0.882845 0.895142
threshold=0 1.0000000180025095e-35 1.1477000725872661 17.003738425925928 1 2.5000000000000004 0.93156888054957487 2.5000000000000004 62.708333333333336 283.30766666666727 1.0000000180025095e-35 1642.0350000000003 1.9855361078882079 2
decision_type=9 10 2 2 9 2 2 2 2 10 10 2 2 9
left_child=1 3 -3 -1 5 -4 -2 11 9 10 -9 -7 13 -8
right_child=6 2 4 -5 -6 7 12 8 -10 -11 -12 -13 -14 -15
leaf_value=0.0026088071054104585 -0.004497268373379484 -0.0010159693406249799 0.0052558760411714704 0.0084991662003882622 0.00060818034767093669 0.0056122786449457245 -0.0026880037336084847 0.0069165799745550269 0.0011608711511104327 0.00080229292241191217 0.0022071947594077919 0.0016942529804192673 0.00053446139914855835 -0.0013515472786920452
leaf_weight=116 136 444 127 141 1582 111 557 102 1657 168 127 117 189 3054
leaf_count=116 136 444 127 141 1582 111 557 102 1657 168 127 117 189 3054
internal_value=4.34774e-05 0.00139323 0.00113866 0.00584048 0.00137837 0.00187385 -0.00156509 0.00169384 0.00148206 0.00282265 0.00430482 0.00360171 -0.00146427 -0.00156888
internal_weight=8628 4692 4435 257 3991 2409 3936 2282 2054 397 229 228 3800 3611
internal_count=8628 4692 4435 257 3991 2409 3936 2282 2054 397 229 228 3800 3611
cat_boundaries=0 1 2 3
cat_threshold=2310544448 137366528 537133196
is_linear=0
shrinkage=0.03


Tree=17
num_leaves=15
num_cat=4
split_feature=37 37 38 37 23 38 25 27 24 21 35 38 25 38
split_gain=20.0906 4.95311 4.70128 2.34768 1.67272 1.53245 1.43976 1.26905 1.59433 1.31384 1.10919 0.816824 1.07142 0.799217
threshold=0 1 1.6584841159403438 2 42.500000000000007 1.1046140279186381 0.45972972972972981 29.165914351851857 174.82500000000351 80.916666666666671 3 1.9518437815742264 0.22290322580645164 1.6730940035018012
decision_type=9 9 2 9 2 2 10 2 10 2 1 2 10 2
left_child=1 5 -3 10 -4 -1 11 13 -9 -10 -2 12 -5 -7
right_child=3 2 4 6 -6 7 -8 8 9 -11 -12 -13 -14 -15
leaf_value=-0.0012580253736978449 -0.001327939036193343 0.00080118171015026291 0.0048256133077985985 0.0007484718389851523 0.0092327888131969495 0.0014532752454055674 -0.0017862836037165835 0.00016679028641416937 0.0055580719858395848 0.0023491824952153757 -0.002652534972285851 0.0020945577126786968 -0.00093259819185082698 0.00028391256004543786
leaf_weight=213 1350 197 182 541 135 1278 640 239 144 567 1101 139 924 894
leaf_count=213 1350 197 182 541 135 1278 640 239 144 567 1101 139 924 894
internal_value=2.76262e-05 0.001632 0.00435596 -0.00128838 0.00670249 0.00120041 -0.00058069 0.00137198 0.00228654 0.00299908 -0.00193131 -0.000103276 -0.000311807 0.000971963
internal_weight=8544 3849 514 4695 317 3335 2244 3122 950 711 2451 1604 1465 2172
internal_count=8544 3849 514 4695 317 3335 2244 3122 950 711 2451 1604 1465 2172
cat_boundaries=0 1 2 3 4
cat_threshold=163060736 9967616 642048132 26
is_linear=0
shrinkage=0.03


Tree=18
num_leaves=15
num_cat=2
split_feature=37 24 25 38 27 1 30 0 27 38 37 25 21 24
split_gain=18.0193 4.90332 2.32546 1.75381 1.6706 2.08831 1.26348 1.19821 1.44141 1.15847 1.07083 0.963239 0.669313 0.716365
threshold=0 1.0000000180025095e-35 0.34891304347826091 1.0614142532224591 27.999803240740743 1.0000000180025095e-35 53.500000000000007 13.500000000000002 13.999994212962966 1.9855361078882079 1 0.24695121951219515 62.708333333333336 100.57766666666519
decision_type=9 10 10 2 2 2 2 2 2 2 9 10 2 10
left_child=1 2 -1 -3 6 -6 7 8 -5 10 -2 -12 -7 -14
right_child=9 3 -4 4 5 12 -8 -9 -10 -11 11 -13 13 -15
leaf_value=0.0088028713656607468 -0.002669863745254685 -0.0014837090666939426 0.0029643124203491758 0.0017364791241090965 0.0054862246553505382 0.0033398698781247579 0.00045773223199703511 -0.00050422844581771641 0.0057427141338829753 0.00088052655476030342 0.00072444872526255882 -0.0014809604189700322 -0.00097104344488704733 0.0016188887462171445
leaf_weight=103 695 234 152 272 142 179 2260 120 115 178 190 2879 107 945
leaf_count=103 695 234 152 272 142 179 2260 120 115 178 190 2879 107 945
internal_value=7.94003e-06 0.00127605 0.00532263 0.00104306 0.00118588 0.00204139 0.000761367 0.00211485 0.00292696 -0.00148066 -0.00159625 -0.00134006 0.00164402 0.00135546
internal_weight=8571 4629 255 4374 4140 1373 2767 507 387 3942 3764 3069 1231 1052
internal_count=8571 4629 255 4374 4140 1373 2767 507 387 3942 3764 3069 1231 1052
cat_boundaries=0 1 2
cat_threshold=2310539328 570425476
is_linear=0
shrinkage=0.03


Tree=19
num_leaves=15
num_cat=1
split_feature=27 24 25 38 31 27 32 1 35 32 38 38 1 32
split_gain=10.7267 5.29293 2.42011 1.94333 1.73993 1.3509 1.26189 1.05848 0.978662 1.20163 0.760688 1.08673 0.759737 0.786351
threshold=13.999994212962966 1.0000000180025095e-35 0.22290322580645164 1.3418690721661384 0.80220030067373205 27.165231481481488 8.5000000000000018 14.500000000000002 0 16.500000000000004 1.734941182633164 1.2753108571817291 7.5000000000000009 30.500000000000004
decision_type=2 8 10 2 10 2 2 2 1 2 2 2 2 2
left_child=2 -2 -1 -3 -5 7 -7 -6 10 -10 11 -4 -8 -14
right_child=1 3 8 4 5 6 12 -9 9 -11 -12 -13 13 -15
leaf_value=0.00051091606413794966 0.0059783450497059047 -0.0001181157085944527 -0.0025329061403437472 0.0039323975123630025 0.002534127399175256 -0.001125758338952437 0.0042132025713320165 -0.00021603787738846519 -0.00043256641317131357 -0.0018602896570908015 -0.0030358407349197693 -0.0007310439444692423 0.0021246746973254088 -0.00058169414543486934
leaf_weight=843 197 1099 519 223 152 120 136 735 1721 767 371 718 851 109
leaf_count=843 197 1099 519 223 152 120 136 735 1721 767 371 718 851 109
internal_value=-4.35118e-05 0.00119653 -0.000952896 0.000921493 0.00141269 0.00114551 0.0017949 0.000255242 -0.00125416 -0.000869211 -0.00183298 -0.00148704 0.00211468 0.00181739
internal_weight=8561 3622 4939 3425 2326 2103 1216 887 4096 2488 1608 1237 1096 960
internal_count=8561 3622 4939 3425 2326 2103 1216 887 4096 2488 1608 1237 1096 960
cat_boundaries=0 1
cat_threshold=1
is_linear=0
shrinkage=0.03


Tree=20
num_leaves=15
num_cat=4
split_feature=37 37 25 37 36 30 28 1 23 1 0 25 13 2
split_gain=16.0255 4.50673 4.30306 1.17445 1.08934 1.39563 1.17402 0.89902 1.43227 0.835986 0.988805 0.76483 0.763051 0.743949
threshold=0 1 0.34891304347826091 2 3 62.500000000000007 0.93167824074074079 1.0000000180025095e-35 117.50000000000001 32.500000000000007 6.5000000000000009 0.45972972972972981 0.50000000000000011 1.0000000180025095e-35
decision_type=9 9 10 9 9 2 2 2 2 2 2 10 2 2
left_child=1 2 -1 -2 6 -6 9 8 -7 10 -3 12 -5 -13
right_child=3 4 -4 11 5 7 -8 -9 -10 -11 -12 13 -14 -15
leaf_value=0.0098163143985976389 -0.0023135759846659304 0.003919912440842728 0.0022039576716295236 -0.00080188200682617446 0.0029462895849200637 0.00052084342060328202 -0.0010722035599408425 0.00085472810462497396 0.0051872150164664439 -0.00026366866836074874 0.0008126936976964828 -0.001204680722765908 0.0015811893426709704 -0.0028030912915710357
leaf_weight=104 973 131 187 1160 383 122 432 2590 115 329 311 1273 135 330
leaf_count=104 973 131 187 1160 383 122 432 2590 115 329 311 1273 135 330
internal_value=2.35633e-05 0.0011989 0.00476092 -0.00140416 0.000953779 0.00124293 0.000178333 0.00101656 0.00278512 0.000881335 0.00173361 -0.00109192 -0.000553454 -0.00153374
internal_weight=8575 4704 291 3871 4413 3210 1203 2827 237 771 442 2898 1295 1603
internal_count=8575 4704 291 3871 4413 3210 1203 2827 237 771 442 2898 1295 1603
cat_boundaries=0 1 2 3 4
cat_threshold=2310544448 2097152 637534340 5
is_linear=0
shrinkage=0.03


Tree=21
num_leaves=15
num_cat=3
split_feature=37 24 25 38 37 37 25 1 25 6 0 38 1 0
split_gain=15.3109 5.21405 2.18726 1.48164 1.22898 1.15308 1.25739 1.09014 0.815044 0.966213 0.918406 0.814622 0.742737 0.710394
threshold=0 1.0000000180025095e-35 0.34891304347826091 1.2059197819453547 1 2 0.45972972972972981 2.5000000000000004 0.22290322580645164 1.5000000000000002 5.5000000000000009 1.9436636695731058 52.500000000000007 11.500000000000002
decision_type=9 10 10 2 9 9 10 2 10 2 2 2 2 2
left_child=1 2 -1 -3 7 -2 11 -5 9 10 -6 13 -10 -7
right_child=5 3 -4 4 8 6 -8 -9 12 -11 -12 -13 -14 -15
leaf_value=0.0086004282083910685 -0.0024730058467441153 -0.00041262087116779154 0.0029622664611206905 0.0036322009335550982 0.002475523613003224 -0.00043513485882127733 -0.001685902185878741 0.0013913048973893038 0.00033117259027315172 0.0032608893248252569 0.00010884574035707092 0.0016334243877934394 -0.0019358706420438514 -0.0023612383143801997
leaf_weight=107 721 644 147 217 191 1141 1717 1961 438 150 649 146 185 203
leaf_count=107 721 644 147 217 191 1141 1717 1961 438 150 649 146 185 203
internal_value=-1.59883e-06 0.00115472 0.0053374 0.000917774 0.00114378 -0.00138136 -0.00112901 0.00160719 0.00050494 0.00104303 0.000646983 -0.000494859 -0.000342026 -0.000726057
internal_weight=8617 4689 254 4435 3791 3928 3207 2178 1613 990 840 1490 623 1344
internal_count=8617 4689 254 4435 3791 3928 3207 2178 1613 990 840 1490 623 1344
cat_boundaries=0 1 2 3
cat_threshold=2293767232 134219776 570425476
is_linear=0
shrinkage=0.03


Tree=22
num_leaves=15
num_cat=2
split_feature=24 35 25 25 23 24 28 32 23 35 30 32 24 30
split_gain=6.90558 6.18002 2.3368 1.71936 1.5138 1.26847 1.44282 1.04697 1.09826 0.995455 1.58042 1.13797 1.00935 0.976397
threshold=1.0000000180025095e-35 0 0.24195121951219514 0.34891304347826091 31.500000000000004 77.847333333332799 1.0043287037037041 2.5000000000000004 69.500000000000014 1 216.20000000000002 14.500000000000002 58.034000000003658 194.10000000000002
decision_type=8 1 10 10 2 10 2 2 2 1 2 2 10 2
left_child=3 5 4 -1 -3 6 -2 -7 -9 10 11 12 -4 -10
right_child=1 2 9 -5 -6 7 -8 8 13 -11 -12 -13 -14 -15
leaf_value=0.0079251872297883136 0.00082624108921290922 -0.0014030761497388117 -0.0011921719895202024 0.0028901875031021374 0.0011527543708344118 0.0040345921957376024 -0.0017528551842567305 -0.00014692354852649018 0.0027541829993698638 -0.0015159193515923556 0.0026006128044735472 -0.0016069516023102686 0.00090328327915807237 0.0010890793619238628
leaf_weight=102 566 283 374 152 793 118 298 474 414 2229 132 817 463 1352
leaf_count=102 566 283 374 152 793 118 298 474 414 2229 132 817 463 1352
internal_value=3.94252e-05 -0.000109458 -0.000759524 0.00491212 0.000480542 0.000917206 -6.33083e-05 0.00128037 0.00113528 -0.00109375 -0.000555262 -0.000810479 -3.30372e-05 0.00147943
internal_weight=8567 8313 5091 254 1076 3222 864 2358 2240 4015 1786 1654 837 1766
internal_count=8567 8313 5091 254 1076 3222 864 2358 2240 4015 1786 1654 837 1766
cat_boundaries=0 1 2
cat_threshold=8 18
is_linear=0
shrinkage=0.03


Tree=23
num_leaves=15
num_cat=3
split_feature=27 24 25 36 38 1 35 36 29 25 38 38 38 17
split_gain=7.64497 7.18151 1.96992 1.81529 1.4042 1.17139 1.14059 1.61708 1.37203 0.83245 0.827968 1.08972 0.773555 0.741384
threshold=15.333049768518519 13.420333333333257 0.22290322580645164 0 1.2010417109342399 1.0000000180025095e-35 1 2 2.5000000000000004 0.37750000000000006 1.734941182633164 1.857563854910526 1.2753108571817291 1.0000000180025095e-35
decision_type=2 8 10 9 2 2 1 9 2 10 2 2 2 2
left_child=2 -2 -1 4 13 -6 10 -8 -9 -5 12 -12 -4 -3
right_child=1 3 6 9 5 -7 7 8 -10 -11 11 -13 -14 -15
leaf_value=0.00042736775945723018 0.0065439042757641465 -0.0014743850370299567 -0.0021611412753376903 0.00011554970363385051 0.003635805312642884 0.0011998423201955483 -0.0011175582111533717 -2.1418527231617191e-05 0.0034865896670272997 -0.0020560257447505134 -0.0042950574759824016 -0.0011931001156908724 -0.00068596738342436355 0.0014376554044505802
leaf_weight=1006 203 254 540 470 198 1730 1857 640 119 240 216 193 785 114
leaf_count=1006 203 254 540 470 198 1730 1857 640 119 240 216 193 785 114
internal_value=-7.52556e-05 0.00108267 -0.000769017 0.000713865 0.001121 0.00145001 -0.0010457 -0.000641769 0.000521712 -0.000609914 -0.00164192 -0.0028313 -0.00128717 -0.000572286
internal_weight=8565 3209 5356 3006 2296 1928 4350 2616 759 710 1734 409 1325 368
internal_count=8565 3209 5356 3006 2296 1928 4350 2616 759 710 1734 409 1325 368
cat_boundaries=0 1 2 3
cat_threshold=34 1 48
is_linear=0
shrinkage=0.03


Tree=24
num_leaves=15
num_cat=3
split_feature=37 31 37 36 33 27 1 33 38 38 22 24 30 31
split_gain=11.2825 2.51415 1.67715 1.60773 2.03868 2.62566 1.1374 0.908855 0.990926 1.51045 1.54947 1.09415 0.955665 0.928581
threshold=0 8.173220338983052 1 2 1.0000000180025095e-35 15.333049768518519 1.0000000180025095e-35 1.0000000180025095e-35 1.7224058737958026 1.191934628319619 5597.8500000000013 533.18250000001296 230.07500000000002 1.6951526799060435
decision_type=9 8 9 9 2 2 2 2 2 2 2 10 2 10
left_child=1 3 -2 6 5 -5 -1 8 9 -8 11 12 13 -11
right_child=2 -3 -4 4 -6 -7 7 -9 -10 10 -12 -13 -14 -15
leaf_value=0.0027315849717730496 -0.002400619017442963 0.0052073078886182463 -0.00081046266849126535 0.0018625796995459523 -0.00043989136408950478 0.0074435253168751549 -0.0012813829318838543 0.0017866239014295527 -0.0005746783049304546 0.00067079911831188842 0.0042888826745063596 -0.001383384390077977 3.3671200910413804e-05 0.0027619158589655942
leaf_weight=242 701 132 4077 198 131 123 280 482 721 358 127 176 440 410
leaf_count=242 701 132 4077 198 131 123 280 482 721 358 127 176 440 410
internal_value=-7.76335e-05 0.00113622 -0.00104829 0.000993586 0.00265524 0.00400107 0.000750963 0.000593381 0.000364422 0.000742475 0.00111751 0.000826497 0.00114847 0.00178715
internal_weight=8598 3820 4778 3688 452 321 3236 2994 2512 1791 1511 1384 1208 768
internal_count=8598 3820 4778 3688 452 321 3236 2994 2512 1791 1511 1384 1208 768
cat_boundaries=0 1 2 3
cat_threshold=163056640 570425476 49
is_linear=0
shrinkage=0.03


Tree=25
num_leaves=15
num_cat=4
split_feature=37 24 35 37 23 38 23 1 23 31 0 35 27 31
split_gain=13.9472 3.85751 1.94404 1.74078 1.75516 1.47547 1.30324 1.08766 1.6246 1.56569 0.894285 0.859384 1.03552 1.08798
threshold=0 1.0000000180025095e-35 1 2 18.500000000000004 1.1046140279186381 15.500000000000002 1.0000000180025095e-35 114.50000000000001 7.1358333333333341 11.500000000000002 3 13.99935763888889 2.663388135598137
decision_type=9 10 1 9 2 2 2 2 2 10 2 1 2 8
left_child=1 2 -1 4 6 -3 -2 8 -7 -9 11 -6 13 -13
right_child=3 5 -4 -5 10 7 -8 9 -10 -11 -12 12 -14 -15
leaf_value=0.0076963003028593041 0.00027006772863766911 -0.0013330854268446205 0.0019102285621473538 -0.0016023913665372744 0.0010132389933519106 0.00093635108835418116 0.0043602368964015372 0.00094819133496832047 0.0053683593817289753 0.0045579040727378528 -0.0023267630979565382 -0.00086851472062442236 -0.0015675985043718268 0.002324948583838421
leaf_weight=113 211 214 132 2631 268 163 105 3141 137 112 289 255 697 154
leaf_count=113 211 214 132 2631 268 163 105 3141 137 112 289 255 697 154
internal_value=2.84802e-05 0.0013201 0.00497101 -0.00109608 -0.000418296 0.00108616 0.00162914 0.00123187 0.0029603 0.00107247 -0.000809861 -0.000490804 -0.000856671 0.000333914
internal_weight=8622 4012 245 4610 1979 3767 316 3553 300 3253 1663 1374 1106 409
internal_count=8622 4012 245 4610 1979 3767 316 3553 300 3253 1663 1374 1106 409
cat_boundaries=0 1 2 3 4
cat_threshold=146283586 18 2432786944 6
is_linear=0
shrinkage=0.03


Tree=26
num_leaves=15
num_cat=3
split_feature=37 37 38 0 27 38 27 37 13 21 22 25 0 31
split_gain=11.7286 5.26031 2.9153 2.06552 1.92176 1.26482 1.28463 0.940963 0.672101 2.00311 0.721953 0.967509 0.663051 0.65034
threshold=0 1 1.6584841159403438 6.5000000000000009 17.003738425925928 1.191934628319619 27.165231481481488 2 1.0000000180025095e-35 50.500000000000007 2593.2500000000005 0.52250000000000008 5.5000000000000009 2.4757543249946594
decision_type=9 9 2 2 2 2 2 9 2 2 2 8 2 8
left_child=1 2 -1 -4 -5 -3 8 -2 9 -7 11 13 -11 -10
right_child=7 5 3 4 -6 6 -8 -9 10 12 -12 -13 -14 -15
leaf_value=0.00092210236802202415 -0.0024016116512162841 -0.00073511809261502155 0.0090473297854353277 0.00090776098393221345 0.0066267101724657258 0.003278702971266092 0.0014327011029049328 -0.001102990616418697 -0.00034200992841372589 0.0018757575282301658 0.00087353282103625439 0.0019440653000776542 -0.00072834829292686416 -0.0021320804740570104
leaf_weight=192 615 583 105 101 111 241 1534 3187 583 117 486 123 355 266
leaf_count=192 615 583 105 101 111 241 1534 3187 583 117 486 123 355 266
internal_value=-7.62435e-05 0.000909434 0.00376544 0.00560637 0.00390212 0.000562445 0.000768141 -0.0013188 0.000298572 0.00105339 -7.05543e-05 -0.000542598 -8.2839e-05 -0.000902857
internal_weight=8599 4797 509 317 212 4288 3705 3802 2171 713 1458 972 472 849
internal_count=8599 4797 509 317 212 4288 3705 3802 2171 713 1458 972 472 849
cat_boundaries=0 1 2 3
cat_threshold=2310544450 136315968 570425348
is_linear=0
shrinkage=0.03


Tree=27
num_leaves=15
num_cat=3
split_feature=37 37 28 38 38 27 1 35 21 28 23 21 38 31
split_gain=11.0338 3.5074 2.54873 1.18278 1.10577 1.04655 0.897135 0.788762 0.737959 0.897351 0.73032 0.786109 0.685918 1.19327
threshold=0 1 0.89800347222222232 1.0073962651787427 0.93156888054957487 27.999803240740743 1.0000000180025095e-35 2 79.200000000000003 8.1187905092592612 17.500000000000004 17.166666666666668 1.9152691674019804 2.6228785436617055
decision_type=9 9 2 2 2 2 2 1 2 2 2 2 2 10
left_child=1 2 -1 -3 -2 10 -7 8 9 -8 -5 -12 -6 -14
right_child=4 3 -4 5 12 6 7 -9 -10 -11 11 -13 13 -15
leaf_value=0.0062636886943329417 -0.0037553507334002071 -0.0018571719257029849 0.00066891251757122765 0.0018764329451055823 -0.0011350246904124543 0.003760123147683985 0.0012070627100518451 -0.0011322313607180195 0.0011897253605818575 0.0049878140405516871 0.0024560277415057495 0.00028384430856361948 -0.00098256427466923593 0.0029594818649974724
leaf_weight=199 137 142 116 353 3353 153 113 104 948 113 160 2386 206 104
leaf_count=199 137 142 116 353 3353 153 113 104 948 113 160 2386 206 104
internal_value=9.92441e-05 0.0010563 0.00407406 0.000835115 -0.00110626 0.000925336 0.00158917 0.00132927 0.00154382 0.00309744 0.000597654 0.000420352 -0.0010102 0.000339929
internal_weight=8587 4787 315 4472 3800 4330 1431 1278 1174 226 2899 2546 3663 310
internal_count=8587 4787 315 4472 3800 4330 1431 1278 1174 226 2899 2546 3663 310
cat_boundaries=0 1 2 3
cat_threshold=2310540354 2098176 10
is_linear=0
shrinkage=0.03


Tree=28
num_leaves=15
num_cat=1
split_feature=27 24 38 25 38 27 23 17 35 31 27 32 23 31
split_gain=6.40751 5.79163 2.24376 1.78392 1.0426 0.977483 1.50027 0.927779 0.872861 0.790014 1.03693 1.1212 1.0453 0.70195
threshold=15.333049768518519 13.420333333333257 1.2010417109342399 0.24195121951219514 1.968278988508539 13.999334490740742 45.500000000000007 1.0000000180025095e-35 0 0.80220030067373205 26.99399305555556 8.5000000000000018 152.50000000000003 1.9937957151507582
decision_type=2 8 2 10 2 2 2 2 1 8 2 2 2 8
left_child=3 4 7 13 -2 6 -5 -3 -8 -4 12 -12 -11 -1
right_child=1 2 9 5 -6 -7 8 -9 -10 10 11 -13 -14 -15
leaf_value=2.1166269435157437e-05 0.0037658277266513327 -0.001860737602916785 0.0032378288835257368 -0.0013417294395102694 0.0080871588949547463 -0.0013457268398511259 0.0020665584558324651 0.00095383917806862761 -0.00013207033472743433 0.00064267803435198733 -0.0010897853131712283 0.0016492843345894195 -0.0019341653422705583 0.0021063819803488772
leaf_weight=1075 100 386 141 731 101 2596 229 145 511 616 149 1382 184 168
leaf_count=1075 100 386 141 731 101 2596 229 145 511 616 149 1382 184 168
internal_value=-5.23454e-05 0.00100715 0.000677167 -0.000691636 0.00593724 -0.000995626 -0.000377774 -0.00109216 0.000574458 0.00105723 0.000925327 0.00138271 5.00041e-05 0.000302998
internal_weight=8514 3204 3003 5310 201 4067 1471 531 740 2472 2331 1531 800 1243
internal_count=8514 3204 3003 5310 201 4067 1471 531 740 2472 2331 1531 800 1243
cat_boundaries=0 1
cat_threshold=24
is_linear=0
shrinkage=0.03


Tree=29
num_leaves=15
num_cat=4
split_feature=37 1 37 35 38 38 32 37 32 23 22 31 27 27
split_gain=9.78624 1.70969 2.1017 4.19045 1.62194 1.29644 1.3948 1.20881 0.81191 0.745691 1.08215 0.739124 0.737564 0.781353
threshold=0 2.5000000000000004 1 2 1.6884836739623708 1.2475639257427391 29.500000000000004 3 7.5000000000000009 129.50000000000003 1370.1740000000002 2.4757543249946594 13.999542824074075 26.99399305555556
decision_type=9 2 9 1 2 2 2 9 2 2 2 10 2 2
left_child=1 9 3 -3 5 -4 12 -2 -5 10 -1 -6 -7 -14
right_child=7 2 4 8 11 6 -8 -9 -10 -11 -12 -13 13 -15
leaf_value=0.0044505824799658637 -0.001378077732421416 0.006170875808782875 -0.00017421879605557434 0.0017230417435148766 0.00016804453834274045 0.0036441387875036819 -0.0013687004539170266 -0.00041037184649683306 -0.0016930263787771592 0.0052137638542768174 0.00016819594739640056 -0.0017105048473839148 0.00059847042250392424 0.0021374978023546028
leaf_weight=101 2238 190 501 153 731 179 133 2465 106 113 112 254 461 834
leaf_count=101 2238 190 501 153 731 179 133 2465 106 113 112 254 461 834
internal_value=4.57558e-05 0.00116188 0.000973535 0.0028722 0.000686407 0.00115823 0.00157364 -0.000872818 0.00031288 0.00324387 0.00219881 -0.000316373 0.00183912 0.00158963
internal_weight=8571 3868 3542 449 3093 2108 1607 4703 259 326 213 985 1474 1295
internal_count=8571 3868 3542 449 3093 2108 1607 4703 259 326 213 985 1474 1295
cat_boundaries=0 1 2 3 4
cat_threshold=163055680 136314880 26 641761572
is_linear=0
shrinkage=0.03


Tree=30
num_leaves=15
num_cat=3
split_feature=37 21 38 37 1 38 23 38 36 38 33 27 32 21
split_gain=8.77642 1.92117 1.4248 1.29169 1.27224 0.805598 0.738762 0.738184 0.713567 1.90502 1.35053 0.920632 0.711568 0.702803
threshold=0 5.5833333333333348 1.0314392891008379 1 1.0000000180025095e-35 1.5358487018018006 137.00000000000003 0.96876807254970798 2 1.8458870987773237 1.0000000180025095e-35 13.999878472222223 8.5000000000000018 90.416666666666671
decision_type=9 2 2 9 2 2 2 2 9 2 2 2 2 2
left_child=1 -1 -3 7 5 -4 -5 -2 10 11 -6 -10 -8 -12
right_child=3 2 4 6 8 -7 12 -9 9 -11 13 -13 -14 -15
leaf_value=0.0047356950758570219 -0.0032728078202855894 -0.0024546017367905429 0.0011707172885639812 -0.00012676583959376117 0.00039687687427839008 0.0043797378532869939 -0.0028574679241578425 -0.0012388818890132955 0.0027676454413618928 0.0047644568950869137 0.0033416439448112874 -0.00084704399597831069 -0.00040614190232595663 0.00098326382609229771
leaf_weight=123 173 109 127 1880 2382 158 193 2240 103 150 231 165 238 224
leaf_count=123 173 109 127 1880 2382 158 193 2240 103 150 231 165 238 224
internal_value=-3.23258e-05 0.00104525 0.000923714 -0.000893064 0.00102774 0.00294975 -0.000381936 -0.00137899 0.000859449 0.00200928 0.000680552 0.000542184 -0.00150384 0.0021806
internal_weight=8496 3772 3649 4724 3540 285 2311 2413 3255 418 2837 268 431 455
internal_count=8496 3772 3649 4724 3540 285 2311 2413 3255 418 2837 268 431 455
cat_boundaries=0 1 2 3
cat_threshold=163056640 1715766156 49
is_linear=0
shrinkage=0.03


Tree=31
num_leaves=15
num_cat=0
split_feature=27 24 25 38 38 23 25 27 27 31 0 1 31 1
split_gain=5.15497 3.68269 1.62082 1.59457 1.57062 1.12333 1.12108 1.08765 2.37835 0.901454 0.893545 0.827736 0.733693 0.676885
threshold=17.003738425925928 25.644333333333275 0.24195121951219514 1.3304786427951076 1.876104009600944 68.500000000000014 0.39791666666666675 13.999334490740742 13.986660879629632 3.5964306480092683 7.5000000000000009 1.0000000180025095e-35 7.7898305084745774 41.500000000000007
decision_type=2 8 10 2 2 2 10 2 2 8 2 2 8 2
left_child=2 4 9 -3 -2 10 -7 8 12 -1 -5 -8 -4 -14
right_child=1 3 7 5 -6 6 11 -9 -10 -11 -12 -13 13 -15
leaf_value=0.00012454993068112261 0.0023175682345883243 -0.00032432769267261476 -0.0008568264585700889 0.00094239330861580969 0.0074394099186943135 0.0037310007055582008 0.0035002114181581856 -0.0012077911666620218 0.0038005057213509955 0.0030565062463146575 -0.0019826972346069123 0.0010049787845242621 0.0027279383111615766 -0.00067987953887923679
leaf_weight=1263 113 927 1141 232 103 188 133 2681 123 102 158 1192 108 102
leaf_count=1263 113 927 1141 232 103 188 133 2681 123 102 158 1192 108 102
internal_value=-6.5576e-06 0.00098416 -0.000553247 0.000695975 0.00475993 0.00119299 0.00156305 -0.000847893 -0.000193288 0.000343641 -0.000242643 0.00125544 -0.000556898 0.00107271
internal_weight=8566 3046 5520 2830 216 1903 1513 4155 1474 1365 390 1325 1351 210
internal_count=8566 3046 5520 2830 216 1903 1513 4155 1474 1365 390 1325 1351 210
is_linear=0
shrinkage=0.03


Tree=32
num_leaves=15
num_cat=3
split_feature=37 37 27 37 0 23 25 21 1 28 6 23 28 23
split_gain=8.76566 2.36873 2.04894 0.960545 0.902199 0.986208 0.885448 0.715826 0.938558 1.23945 0.991179 1.02531 0.947584 0.72033
threshold=0 1 17.003738425925928 2 11.500000000000002 95.500000000000014 0.43223443223443231 156.37500000000003 2.5000000000000004 2.5324884259259264 2.5000000000000004 138.50000000000003 20.991348379629631 31.500000000000004
decision_type=9 9 2 9 2 2 10 2 2 2 2 2 2 2
left_child=1 2 -1 -2 6 -6 -5 8 9 -3 12 -12 -10 -9
right_child=3 7 -4 4 5 -7 -8 13 10 -11 11 -13 -14 -15
leaf_value=0.00062820623259833683 -0.0017523739039733061 0.0036903241851945542 0.0056398024371398297 0.00023392586531249457 -0.00094687698884129263 -0.0038036000239368103 -0.00091496947924051767 -0.00092963872896872121 0.00046722758918797837 -0.00020174031927668994 0.0036851675235084255 0.0001137506767899092 0.0025303583053308864 0.0017011185750485428
leaf_weight=124 1021 227 180 1015 349 158 1490 383 2942 109 198 114 215 124
leaf_count=124 1021 227 180 1015 349 158 1490 383 2942 109 198 114 215 124
internal_value=6.48524e-05 0.000956529 0.00348109 -0.000955725 -0.000680774 -0.00183714 -0.000449449 0.000770903 0.000913786 0.00242772 0.000767149 0.00238023 0.000607732 -0.000286219
internal_weight=8649 4616 304 4033 3012 507 2505 4312 3805 336 3469 312 3157 507
internal_count=8649 4616 304 4033 3012 507 2505 4312 3805 336 3469 312 3157 507
cat_boundaries=0 1 2 3
cat_threshold=2293237840 2097152 637534596
is_linear=0
shrinkage=0.03


Tree=33
num_leaves=15
num_cat=3
split_feature=27 24 23 35 38 30 35 38 26 36 26 30 23 27
split_gain=4.28299 3.14584 1.56203 1.33358 1.18624 1.0473 0.896054 0.855452 1.4822 0.935722 0.836893 0.649395 0.594264 0.821406
threshold=13.999994212962966 1.0000000180025095e-35 17.500000000000004 0 1.1112362603445787 24.165000000000003 1 1.5212177896639967 0.054093567251461992 2 0.039230769230769243 117.50000000000001 59.500000000000007 13.999403935185187
decision_type=2 10 2 1 2 2 1 2 8 9 10 2 2 2
left_child=3 2 -2 7 -3 -6 -7 11 10 -10 12 -1 -9 -14
right_child=1 4 -4 -5 5 6 -8 8 9 -11 -12 -13 13 -15
leaf_value=-0.00019019878275114451 0.0017130501142413057 -0.0012195083083308281 0.0068632934112919991 -0.0011471215703685819 0.0035491625666639135 0.00084516872712671126 -0.0004539448321635255 -0.0003811765530512535 -0.0022292944368400712 0.00061962746195885212 0.0027468201728831779 -0.0015205718160887633 0.0035827538709325545 0.00018849077667774898
leaf_weight=988 106 319 106 2253 112 2458 589 280 229 181 228 496 110 154
leaf_count=988 106 319 106 2253 112 2458 589 280 229 181 228 496 110 154
internal_value=-3.23259e-05 0.000740254 0.00428817 -0.000611879 0.000523993 0.000700054 0.000595328 -0.00015467 0.00044689 -0.00101086 0.00122108 -0.000634852 0.00058162 0.00160277
internal_weight=8609 3690 212 4919 3478 3159 3047 2666 1182 410 772 1484 544 264
internal_count=8609 3690 212 4919 3478 3159 3047 2666 1182 410 772 1484 544 264
cat_boundaries=0 1 2 3
cat_threshold=26 28 48
is_linear=0
shrinkage=0.03


Tree=34
num_leaves=15
num_cat=3
split_feature=27 30 35 38 35 30 25 23 29 36 38 31 25 22
split_gain=4.03449 3.58131 1.68966 1.16713 1.13801 1.42354 0.886875 0.66398 0.647528 1.21228 1.058 0.980588 0.705138 0.622913
threshold=17.003738425925928 40.250000000000007 0 1.9855361078882079 1 172.25000000000003 0.17000000000000001 14.500000000000002 1.0000000180025095e-35 2 1.7143045272162694 1.0823369463999704 0.5064102564102565 1370.1740000000002
decision_type=2 2 1 2 1 2 10 2 2 9 2 10 8 2
left_child=2 -2 8 4 7 -6 -4 -3 -1 10 11 -10 -13 -12
right_child=1 3 6 -5 5 -7 -8 -9 9 -11 13 12 -14 -15
leaf_value=-0.00033732594172833098 0.005055376661990141 -0.0015426411677825465 0.00072063166148775162 0.0037511424576480161 0.0018478716651927495 -0.0023897367251611507 -0.0012708071855000427 0.00082217532991878193 -0.00059359854671955958 0.0034138407694437531 0.00065293027255136301 0.0037028055684641004 0.00051372152381540779 -0.0016356598652148408
leaf_weight=2027 172 112 221 102 101 243 2254 2327 154 111 170 156 104 289
leaf_count=2027 172 112 221 102 101 243 2254 2327 154 111 170 156 104 289
internal_value=-2.3339e-05 0.000850015 -0.000510004 0.000599297 0.000483778 -0.00111319 -0.00108859 0.000710668 -3.06991e-05 0.000600628 0.000201521 0.0013035 0.00242717 -0.000788034
internal_weight=8543 3057 5486 2885 2783 344 2475 2439 3011 984 873 414 260 459
internal_count=8543 3057 5486 2885 2783 344 2475 2439 3011 984 873 414 260 459
cat_boundaries=0 1 2 3
cat_threshold=26 14 49
is_linear=0
shrinkage=0.03


Tree=35
num_leaves=15
num_cat=4
split_feature=37 37 25 35 32 26 32 32 31 37 23 1 23 27
split_gain=7.34844 1.66329 3.15508 0.851915 1.14856 0.817643 1.34721 0.863558 0.923575 0.774317 0.699447 1.14823 0.88668 0.899017
threshold=0 1 0.34891304347826091 2 9.5000000000000018 0.036375661375661381 2.5000000000000004 29.500000000000004 4.6669339748730296 3 69.500000000000014 1.0000000180025095e-35 80.500000000000014 22.397447916666671
decision_type=9 9 10 1 2 10 2 2 10 9 2 2 2 2
left_child=1 2 -1 5 -5 6 -3 8 10 -2 -8 -12 -13 -14
right_child=9 3 -4 4 -6 -7 7 -9 -10 -11 11 12 13 -15
leaf_value=0.0069012957739715388 -0.0016784505119607418 0.0044473673592044689 0.00057316446366409467 0.00055300477329794332 -0.0018647020008842594 0.00030407107623288296 0.0001667436265138316 -0.00096807377870547864 0.0035585519323048957 -0.000686815952976452 0.0043284253656567465 0.003792337339504489 0.0030074019561162945 0.00054269192992208138
leaf_weight=117 969 111 180 567 257 1409 556 174 143 2812 113 105 156 911
leaf_count=117 969 111 180 567 257 1409 556 174 143 2812 113 105 156 911
internal_value=4.3081e-05 0.000821591 0.00296619 0.00067385 -0.000198651 0.000869329 0.00122417 0.00105838 0.00123611 -0.000944711 0.00105571 0.00144035 0.0011619 0.000903043
internal_weight=8580 4799 297 4502 824 3678 2269 2158 1984 3781 1841 1285 1172 1067
internal_count=8580 4799 297 4502 824 3678 2269 2158 1984 3781 1841 1285 1172 1067
cat_boundaries=0 1 2 3 4
cat_threshold=2310540866 2098176 26 637534340
is_linear=0
shrinkage=0.03


Tree=36
num_leaves=15
num_cat=4
split_feature=37 37 38 31 35 35 38 1 32 23 23 30 23 21
split_gain=6.89702 2.76806 2.87753 1.67554 1.09154 1.02044 1.00904 1.26563 1.10033 1.28424 0.891305 0.876832 1.02609 0.709437
threshold=0 1 1.6584841159403438 2.8525735171920967 2 3 1.6919028817953892 3.5000000000000004 3.5000000000000004 68.500000000000014 32.500000000000007 185.22500000000002 158.50000000000003 120.05833333333335
decision_type=9 9 2 8 1 1 2 2 2 2 2 2 2 2
left_child=1 2 -1 10 -3 -2 8 -8 -6 -10 -4 12 -11 -7
right_child=5 4 3 -5 6 13 7 -9 9 11 -12 -13 -14 -15
leaf_value=-3.8032758176176014e-05 -0.00024031686379421505 -0.00063468930223084324 0.0014220616406433889 0.0079872686640475865 0.003444581525400281 -0.0012923006800964402 0.0032523443704470991 -0.00030541930597896295 -0.0011010980767230444 0.0037284446203161544 0.0053270002232166007 0.0009208264801087683 0.00018216938167516105 0.00060075366203380623
leaf_weight=173 1777 543 111 100 182 2652 100 899 229 239 100 1188 106 191
leaf_count=173 1777 543 111 100 182 2652 100 899 229 239 100 1188 106 191
internal_value=-2.10007e-05 0.000894846 0.00300141 0.00478867 0.00059462 -0.000808182 0.000822816 5.07132e-05 0.00122382 0.000994437 0.00327274 0.00130747 0.00263886 -0.00116104
internal_weight=8590 3970 484 311 3486 4620 2943 999 1944 1762 211 1533 345 2843
internal_count=8590 3970 484 311 3486 4620 2943 999 1944 1762 211 1533 345 2843
cat_boundaries=0 1 2 3 4
cat_threshold=146287682 136315904 1 24
is_linear=0
shrinkage=0.03


Tree=37
num_leaves=15
num_cat=2
split_feature=37 37 27 0 38 38 27 28 21 38 38 24 0 31
split_gain=8.22774 3.13041 2.13414 1.47214 1.13988 0.819572 0.812404 0.757095 0.708667 0.696486 0.70788 1.04876 0.809739 0.670065
threshold=0 1 17.423611111111114 6.5000000000000009 1.191934628319619 1.9955428685650738 27.165231481481488 2.6342824074074076 23.166666666666668 0.93156888054957487 1.7500423721254474 19.162500000003494 8.5000000000000018 2.2745139927365949
decision_type=9 9 2 2 2 2 2 2 2 2 2 10 2 10
left_child=1 2 3 -1 7 9 -6 -3 -5 -2 -11 -12 -13 -14
right_child=5 4 -4 8 6 -7 -8 -9 -10 10 11 12 13 -15
leaf_value=0.0049654233810724688 -0.0032024178474524016 0.0016333592814506493 0.0066704351074362463 0.0022180110950026691 0.00040660780273292854 0.00098396253526020282 0.0013162046341972829 -0.0011610368401413053 -0.0011227263653824403 -0.00084151383337842519 -0.0040670972224619659 0.00014610261118762607 -0.0037754429253223148 -0.00057779807104611574
leaf_weight=105 138 107 121 124 2115 176 1518 473 106 2997 158 208 138 103
leaf_count=105 138 107 121 124 2115 176 1518 473 106 2997 158 208 138 103
internal_value=-1.79573e-06 0.000848064 0.00318566 0.00202207 0.000588106 -0.00101413 0.000786671 -0.000645519 0.000678367 -0.00111082 -0.00103073 -0.00196497 -0.00122524 -0.00240881
internal_weight=8587 4669 456 335 4213 3918 3633 580 230 3742 3604 607 449 241
internal_count=8587 4669 456 335 4213 3918 3633 580 230 3742 3604 607 449 241
cat_boundaries=0 1 2
cat_threshold=2310544448 136315904
is_linear=0
shrinkage=0.03


Tree=38
num_leaves=15
num_cat=4
split_feature=37 37 38 37 1 0 38 24 24 36 38 38 23 30
split_gain=5.95115 1.88135 2.2211 0.902286 0.787439 0.699977 0.727838 0.840555 0.789885 0.628949 0.608078 0.754904 0.973593 1.21007
threshold=0 1 1.6584841159403438 2 44.500000000000007 11.500000000000002 1.4773522854726033 27.198500000000063 318.34849999999631 3 1.191934628319619 1.7721088323550365 76.500000000000014 179.02500000000003
decision_type=9 9 2 9 2 2 2 8 10 9 2 2 2 2
left_child=1 2 -1 -2 -4 6 8 -8 -5 -3 -11 12 -12 -14
right_child=3 9 4 5 -6 -7 7 -9 -10 10 11 -13 13 -15
leaf_value=-0.00034232496302708123 -0.0019041636146793588 -0.0010728974869402819 0.00549912502947049 -0.0012170093560879246 0.0024929434876820003 -0.0018158522197882121 -0.0013157362357302 0.00052404998060604402 0.0013528015375111678 -0.00034655627422526227 0.0002759020312905941 -0.00022236875261459876 0.0026097244232617996 0.00083959394448454322
leaf_weight=166 716 223 152 1227 162 440 304 844 118 604 1306 677 497 1156
leaf_count=166 716 223 152 1227 162 440 304 844 118 604 1306 677 497 1156
internal_value=-3.16274e-05 0.000646271 0.00241408 -0.000949091 0.00394817 -0.000710262 -0.000517981 3.68592e-05 -0.000991554 0.00045117 0.000533663 0.00068135 0.000888115 0.00137181
internal_weight=8592 4943 480 3649 314 2933 2493 1148 1345 4463 4240 3636 2959 1653
internal_count=8592 4943 480 3649 314 2933 2493 1148 1345 4463 4240 3636 2959 1653
cat_boundaries=0 1 2 3 4
cat_threshold=2310548594 136314880 570425476 1
is_linear=0
shrinkage=0.03


Tree=39
num_leaves=15
num_cat=2
split_feature=37 37 25 31 38 23 1 6 33 22 31 38 38 25
split_gain=6.24334 1.74931 1.79853 1.09259 0.848031 0.756884 1.80325 1.55696 0.914116 0.980871 0.972733 0.845435 1.10354 1.02895
threshold=0 1 0.34891304347826091 2.9393877551020409 1.9855361078882079 76.500000000000014 1.0000000180025095e-35 2.5000000000000004 1.0000000180025095e-35 1619.2460000000001 2.4757543249946594 1.2175165533487335 1.68139503945965 0.37750000000000006
decision_type=9 9 10 8 2 2 2 2 2 2 8 2 2 10
left_child=1 2 -1 -4 -2 7 -7 -3 10 -10 11 -8 13 -13
right_child=4 5 3 -5 -6 6 8 -9 9 -11 -12 12 -14 -15
leaf_value=0.0047450913327838863 -0.00097400918460971225 -0.00022214646343816607 -0.00046052447785545326 0.0032391862570802913 0.0011233450904242939 0.0037097804605735053 -0.0013117742225619811 0.0035256493366736846 0.00041908652297417188 0.0034182398044102793 -0.00035067537426937992 0.0044369174311445509 7.9345735458507958e-05 0.0014277030496410862
leaf_weight=192 3717 1475 179 120 182 186 129 107 190 203 896 132 412 454
leaf_count=192 3717 1475 179 120 182 186 129 107 190 203 896 132 412 454
internal_value=1.13863e-05 0.000749961 0.00242979 0.00102431 -0.000873866 0.000547507 0.000863438 3.13391e-05 0.000644307 0.00196827 0.000387107 0.000973666 0.00126908 0.00210555
internal_weight=8574 4675 491 299 3899 4184 2602 1582 2416 393 2023 1127 998 586
internal_count=8574 4675 491 299 3899 4184 2602 1582 2416 393 2023 1127 998 586
cat_boundaries=0 1 2
cat_threshold=2310540352 136315904
is_linear=0
shrinkage=0.03


Tree=40
num_leaves=15
num_cat=3
split_feature=37 30 27 35 23 24 35 32 25 13 32 30 23 25
split_gain=6.1464 1.42016 2.08772 1.42844 2.09636 1.10565 0.923575 0.858837 0.765911 0.698361 0.665297 1.10052 0.858824 0.651277
threshold=0 45.050000000000004 17.003738425925928 1 54.500000000000007 6.5023333333351196 2 3.5000000000000004 0.53923076923076929 0.50000000000000011 29.500000000000004 289.02500000000003 186.50000000000003 0.34891304347826091
decision_type=9 2 2 1 2 10 1 2 10 2 2 2 2 10
left_child=1 2 5 13 -5 -1 -2 -6 9 -8 11 12 -9 -3
right_child=6 3 -4 4 7 -7 8 10 -10 -11 -12 -13 -14 -15
leaf_value=-0.00089569470676246511 -0.0012890494152298065 0.00060335105304563192 0.0052326345499022859 0.0048870736516731898 -0.00090221560565637471 0.0022488999934106762 -0.00031909249993069351 0.0010151052320320078 -0.0011871726129882628 0.0013449004885935506 -0.00059254197376354628 0.0031629162285221149 -0.0014302315853750535 -0.0016826064638828775
leaf_weight=153 1755 173 153 113 266 294 1889 1845 841 258 244 203 139 319
leaf_count=153 1755 173 153 113 266 294 1889 1845 841 258 244 203 139 319
internal_value=-1.77213e-05 0.000863028 0.00220788 0.000621271 0.000880783 0.00117256 -0.000742555 0.000716192 -0.000418343 -0.000119134 0.000893278 0.00105905 0.000843784 -0.000861298
internal_weight=8645 3902 600 3302 2810 447 4743 2697 2988 2147 2431 2187 1984 492
internal_count=8645 3902 600 3302 2810 447 4743 2697 2988 2147 2431 2187 1984 492
cat_boundaries=0 1 2 3
cat_threshold=163057216 1 1
is_linear=0
shrinkage=0.03


Tree=41
num_leaves=15
num_cat=5
split_feature=37 37 38 35 37 31 25 35 27 31 13 6 1 28
split_gain=4.90939 2.07046 2.95267 1.50445 1.01194 0.892213 0.700611 0.6941 0.588823 0.586737 0.82465 0.557762 0.595084 0.797931
threshold=0 1 1.6584841159403438 2 3 0.40720431576072119 0.36181818181818187 4 13.999334490740742 1.6316860465116281 1.0000000180025095e-35 2.5000000000000004 12.500000000000002 2.3552777777777782
decision_type=9 9 2 1 9 8 10 1 2 10 2 2 2 2
left_child=1 2 -1 -4 -2 -3 11 9 -8 10 -7 12 13 -6
right_child=4 5 3 -5 6 7 8 -9 -10 -11 -12 -13 -14 -15
leaf_value=-0.00056852908029892963 -0.0016583029804840943 0.0032128559303883876 0.0066860707629472016 0.0019712930869798897 0.0020551195434651095 0.0017046783515252172 3.392142162506478e-05 -0.00050337324840801225 -0.0010395640302098056 0.00092824025710677531 -0.00057120523467304053 0.002118450710848999 -0.00048134236909219019 -0.00086548330223783579
leaf_weight=158 756 108 140 153 221 187 612 573 1850 1914 613 109 1016 136
leaf_count=158 756 108 140 153 221 187 612 573 1850 1914 613 109 1016 136
internal_value=-7.15506e-06 0.000786619 0.00267767 0.00451956 -0.000656975 0.000528282 -0.000461328 0.000441683 -0.000772719 0.000640704 -3.92174e-05 5.2863e-05 -0.00011112 0.000942509
internal_weight=8546 3846 451 293 4700 3395 3944 3287 2462 2714 800 1482 1373 357
internal_count=8546 3846 451 293 4700 3395 3944 3287 2462 2714 800 1482 1373 357
cat_boundaries=0 1 2 3 4 5
cat_threshold=162531346 136314880 26 1644167180 26
is_linear=0
shrinkage=0.03


Tree=42
num_leaves=15
num_cat=3
split_feature=37 30 27 35 38 13 0 25 32 36 38 38 31 38
split_gain=4.91543 1.45812 2.46537 1.19246 1.19757 0.83072 0.832684 0.794442 0.747166 0.655718 0.707653 0.66203 1.06192 1.45044
threshold=0 40.250000000000007 17.003738425925928 1 2.0563436588022119 1.0000000180025095e-35 10.500000000000002 0.56205128205128219 18.500000000000004 2 1.4859309917056773 1.6949536981615163 2.6228785436617055 1.9152691674019804
decision_type=9 2 2 1 2 2 2 8 2 9 2 2 10 2
left_child=1 2 5 4 7 -1 -7 -3 -9 -2 -11 -12 -13 -14
right_child=9 3 -4 -5 -6 6 -8 8 -10 10 11 12 13 -15
leaf_value=0.0024712573137121198 -0.0022568612586086369 0.00043969638478991049 0.0057978043113008984 -0.00059994262811379308 0.0039168757432725939 0.0013447699882374029 -0.0020021103990709292 0.0038319330036639229 0.00089247077218319274 -0.0010541521130204483 0.00046268394309218245 -0.0015207867121582151 -0.00080579284062285144 0.0035230231906420418
leaf_weight=213 249 2893 124 781 101 164 113 124 209 2022 723 578 207 105
leaf_count=213 249 2893 124 781 101 164 113 124 209 2022 723 578 207 105
internal_value=4.29797e-06 0.000653928 0.00201891 0.000451504 0.000698032 0.00106262 -2.05639e-05 0.00059942 0.00198705 -0.000785156 -0.000678428 -0.00021164 -0.000759434 0.00065102
internal_weight=8606 4722 614 4108 3327 490 277 3226 333 3884 3635 1613 890 312
internal_count=8606 4722 614 4108 3327 490 277 3226 333 3884 3635 1613 890 312
cat_boundaries=0 1 2 3
cat_threshold=2310552640 26 32
is_linear=0
shrinkage=0.03


Tree=43
num_leaves=15
num_cat=2
split_feature=37 31 37 1 23 0 30 30 32 1 28 23 21 31
split_gain=4.41288 1.10652 0.839812 0.757695 0.562528 0.551948 1.13079 1.23596 0.75322 0.980566 0.725275 0.728488 0.702005 0.655132
threshold=0 7.7898305084745774 1 2.5000000000000004 126.50000000000001 11.500000000000002 40.250000000000007 30.165000000000003 4.5000000000000009 40.500000000000007 5.8600983796296306 167.50000000000003 61.583333333333336 3.7558696440645338
decision_type=9 8 9 2 2 2 2 2 2 2 2 2 2 10
left_child=1 3 -2 4 -1 6 7 -5 -7 -10 11 13 -12 -8
right_child=2 -3 -4 5 -6 8 10 -9 9 -11 12 -13 -14 -15
leaf_value=0.0010819676059571376 -0.00020793804825734854 0.0028653299204218401 -0.0010238285798230061 0.0011245817450676546 0.0037249040136750986 0.0012622528684975501 0.00043473760729866652 0.0050392892443641823 -0.0034770350494938546 9.572143996642393e-05 0.0031024975268784064 -0.001904930170672904 0.00075495769922865057 -0.0018970247140248954
leaf_weight=199 2271 211 2297 258 114 144 1339 101 119 165 132 157 872 118
leaf_count=199 2271 211 2297 258 114 144 1339 101 119 165 132 157 872 118
internal_value=1.39109e-05 0.000750058 -0.000619545 0.000632032 0.00204457 0.000502187 0.000647012 0.00222593 -0.000505161 -0.00140131 0.000430498 3.66733e-05 0.0010636 0.000245892
internal_weight=8497 3929 4568 3718 313 3405 2977 359 428 284 2618 1614 1004 1457
internal_count=8497 3929 4568 3718 313 3405 2977 359 428 284 2618 1614 1004 1457
cat_boundaries=0 1 2
cat_threshold=163061584 3489939498
is_linear=0
shrinkage=0.03


Tree=44
num_leaves=15
num_cat=2
split_feature=37 37 25 38 38 31 38 38 23 1 38 30 1 27
split_gain=5.32059 1.29479 2.0956 0.979427 0.738201 1.05677 0.81821 0.902676 0.710294 1.04948 0.922294 1.55977 1.1749 0.861223
threshold=0 1 0.34891304347826091 1.0073962651787427 1.9436636695731058 2.292361087676754 1.7500423721254474 1.4859309917056773 74.500000000000014 136.50000000000003 1.7953369306397675 244.62500000000003 4.5000000000000009 27.977615740740745
decision_type=9 9 10 2 2 10 2 2 2 2 2 2 2 2
left_child=1 2 -1 -3 6 -6 7 -2 9 -5 11 12 -10 -13
right_child=4 3 -4 8 5 -7 -8 -9 10 -11 -12 13 -14 -15
leaf_value=0.0057172828934109595 -0.0010522168613080925 -0.0018894624317118483 0.0006941769364376798 -4.1529586112002477e-06 -0.00084505712626835425 0.0030899507578994547 -0.001973490989592624 4.9160849680114682e-05 0.0049887974946804855 0.0031659686311148105 -0.00017045886470810334 -0.00094225230270502964 0.0016459567920901461 0.0010510693992087893
leaf_weight=122 2097 139 193 1563 148 105 533 984 103 100 503 332 1164 473
leaf_count=122 2097 139 193 1563 148 105 533 984 103 100 503 332 1164 473
internal_value=4.63446e-05 0.000724645 0.00255841 0.000587143 -0.000776533 0.000788049 -0.000888211 -0.000700462 0.000669758 0.000186474 0.000981875 0.00126162 0.00191771 0.000228979
internal_weight=8559 4692 315 4377 3867 253 3614 3081 4238 1663 2575 2072 1267 805
internal_count=8559 4692 315 4377 3867 253 3614 3081 4238 1663 2575 2072 1267 805
cat_boundaries=0 1 2
cat_threshold=2293767233 2098176
is_linear=0
shrinkage=0.03


Tree=45
num_leaves=15
num_cat=3
split_feature=37 37 38 31 37 38 38 24 0 30 32 23 23 24
split_gain=4.00603 1.60297 1.84389 1.15516 1.12939 1.01986 0.820202 1.30278 1.02529 0.894239 0.831314 0.736522 0.738531 1.01973
threshold=0 1 1.6584841159403438 1.200840336134454 2 1.0314392891008379 1.6919028817953892 573.08966666666458 13.500000000000002 265.77500000000003 1.5000000000000002 55.500000000000007 126.50000000000001 90.152000000001735
decision_type=9 9 2 8 9 2 2 10 2 2 2 2 2 10
left_child=1 2 -1 -4 -2 -3 7 8 10 11 -7 -8 -13 -14
right_child=4 5 3 -5 -6 6 9 -9 -10 -11 -12 12 13 -15
leaf_value=-3.7284444633134921e-05 -0.0014247310473688123 -0.0019754138680643887 0.0018518772220362306 0.005628965116954248 -0.00030470471026308092 0.0035197961362278523 0.0019622468102340387 -0.0014160344491895172 -0.0011484503464032866 0.0024007026304920702 0.0011664252008845484 -0.0014011840556244224 -0.0013798586110775636 0.0019805510213799686
leaf_weight=172 1045 142 136 157 3578 146 107 194 161 117 1808 505 151 176
leaf_count=172 1045 142 136 157 3578 146 107 194 161 117 1808 505 151 176
internal_value=3.94355e-05 0.000737147 0.00237724 0.00387578 -0.000560408 0.000513543 0.000620101 0.000936845 0.00115267 -7.24782e-05 0.00134227 -0.000380638 -0.000681947 0.000428802
internal_weight=8595 3972 465 293 4623 3507 3365 2309 2115 1056 1954 939 832 327
internal_count=8595 3972 465 293 4623 3507 3365 2309 2115 1056 1954 939 832 327
cat_boundaries=0 1 2 3
cat_threshold=163069760 136315904 637534341
is_linear=0
shrinkage=0.03


Tree=46
num_leaves=15
num_cat=0
split_feature=27 24 38 2 38 29 38 5 31 1 22 31 24 30
split_gain=1.85829 2.68496 0.975148 0.835165 0.990303 0.854983 0.808125 0.657521 0.656702 0.825078 0.799386 0.743921 0.6712 0.662023
threshold=17.003738425925928 30.008166666670007 1.7918911053400099 1.0000000180025095e-35 1.4897325055362927 1.5000000000000002 1.6919028817953892 0.5192500000000001 1.783196239717979 54.500000000000007 1650.9240000000002 2.6228785436617055 22.589500000000992 90.500000000000014
decision_type=2 8 2 2 2 2 2 2 10 2 2 10 10 2
left_child=3 2 -2 4 5 -1 -5 -3 9 -6 -10 -12 -11 -14
right_child=1 7 -4 6 8 -7 -8 -9 10 12 11 -13 13 -15
leaf_value=-0.00083519241484476857 0.0015981912598363123 0.0001575370909306585 0.0055906745005781071 -0.00052903108857537426 0.0012242428536201806 0.001532918182771881 -0.0022984541763751459 0.0020219336501719268 -0.0010280943295510015 -0.0015338099644907439 -0.00087786537838046956 0.002012991048048216 -0.00038444436476249431 0.0025154155505717627
leaf_weight=2061 104 2636 117 630 830 147 368 182 622 225 138 191 206 108
leaf_count=2061 104 2636 117 630 830 147 368 182 622 225 138 191 206 108
internal_value=-6.82064e-05 0.000527667 0.00371186 -0.000395905 -0.000222758 -0.000677533 -0.00118148 0.000277949 0.000210062 0.00063074 -0.000395519 0.000800413 -0.000283187 0.00061296
internal_weight=8565 3039 221 5526 4528 2208 998 2818 2320 1369 951 329 539 314
internal_count=8565 3039 221 5526 4528 2208 998 2818 2320 1369 951 329 539 314
is_linear=0
shrinkage=0.03


Tree=47
num_leaves=15
num_cat=1
split_feature=35 24 27 38 38 27 24 32 27 32 38 38 23 24
split_gain=2.44564 2.04235 1.15372 0.76303 0.941785 0.916265 0.838732 0.936825 0.869745 0.700629 0.622107 1.12833 0.943634 0.634514
threshold=0 1.0000000180025095e-35 27.999803240740743 1.1477000725872661 1.6919028817953892 28.365295138888893 224.07766666666839 24.500000000000004 29.624641203703707 23.500000000000004 1.857563854910526 1.7382643940218145 106.50000000000001 47.769833333333061
decision_type=1 8 2 2 2 2 10 2 2 2 2 2 2 10
left_child=1 -1 -3 -4 5 -5 -7 8 -8 10 11 -2 -12 -13
right_child=9 2 3 4 -6 6 7 -9 -10 -11 12 13 -14 -15
leaf_value=0.004023491144645959 -0.00051087837149175227 -2.8448323184310977e-05 -0.001242802745954126 0.0041926020088038692 -0.00018851002237253874 0.00013358185568833168 0.00089725904305406072 -0.00046418393376550758 0.0038481739147438578 -0.0020483160869682691 0.0018347004773143756 -0.003440081537014055 -0.0011108615741307012 -0.00065594268675245662
leaf_weight=130 1859 4182 127 115 326 319 141 101 248 338 216 205 179 115
leaf_count=130 1859 4182 127 115 326 319 141 101 248 338 216 205 179 115
internal_value=-5.60075e-05 0.000305937 0.00021955 0.00097273 0.00119783 0.00168695 0.00133077 0.00211016 0.00277856 -0.000761551 -0.000595541 -0.000794113 0.000499876 -0.00243953
internal_weight=8601 5689 5559 1377 1250 924 809 490 389 2912 2574 2179 395 320
internal_count=8601 5689 5559 1377 1250 924 809 490 389 2912 2574 2179 395 320
cat_boundaries=0 1
cat_threshold=26
is_linear=0
shrinkage=0.03


Tree=48
num_leaves=15
num_cat=6
split_feature=37 37 35 0 13 37 0 2 25 31 31 35 25 36
split_gain=4.10011 1.16992 1.36563 1.25585 0.784409 0.585198 0.602745 0.547068 0.715364 0.66627 0.527819 0.502185 0.479943 0.645697
threshold=0 1 2 10.500000000000002 1.0000000180025095e-35 3 11.500000000000002 1.0000000180025095e-35 0.64142857142857157 0.35714348202647267 2.7185790898072359 4 0.4497297297297298 5
decision_type=9 9 1 2 2 9 2 2 8 10 10 1 10 9
left_child=5 2 3 -2 -4 11 12 8 9 -3 -8 -1 13 -7
right_child=1 7 4 -5 -6 6 10 -9 -10 -11 -12 -13 -14 -15
leaf_value=0.00043662925290230376 0.004530474394850899 0.0024822454265239157 -0.0015619147690801669 0.00053432031481895803 0.0016084351870705614 -0.0004291898192109022 -0.0023238918594545386 -0.00078297267894397423 0.0027388194831827082 0.00032111540457912537 1.807748885359615e-05 -0.0016406863319585522 -0.00073345508969907222 0.0011735618787325835
leaf_weight=120 213 133 124 106 162 612 282 342 121 3704 125 900 1260 346
leaf_count=120 213 133 124 106 162 612 282 342 121 3704 125 900 1260 346
internal_value=-2.23361e-05 0.000543579 0.00176995 0.00310526 0.000225977 -0.000783218 -0.000541328 0.000367325 0.000467647 0.000396026 -0.00160461 -0.00139443 -0.000348657 0.000157445
internal_weight=8550 4905 605 319 286 3645 2625 4300 3958 3837 407 1020 2218 958
internal_count=8550 4905 605 319 286 3645 2625 4300 3958 3837 407 1020 2218 958
cat_boundaries=0 1 2 3 4 5 6
cat_threshold=910476206 153620480 26 637534348 24 50
is_linear=0
shrinkage=0.03


Tree=49
num_leaves=15
num_cat=3
split_feature=37 31 38 37 1 22 37 38 33 28 38 38 22 24
split_gain=3.82948 1.71726 0.847314 0.811625 0.73034 1.0167 0.823625 1.29184 0.93167 0.995071 0.769538 0.971556 1.01664 0.90657
threshold=0 7.7898305084745774 0.91774518637173719 1 2.5000000000000004 1229.9500000000003 2 1.6276520532671259 1.0000000180025095e-35 9.0120312500000015 1.1359050296590947 1.6446032258704248 6331.4577500000005 563.21849999999165
decision_type=9 8 2 9 2 2 9 2 2 2 2 2 2 10
left_child=1 4 -2 -4 5 -1 7 -6 10 -10 -8 12 13 -12
right_child=2 -3 3 -5 6 -7 8 -9 9 -11 11 -13 -14 -15
leaf_value=0.0042152858962519815 -0.0027926363190150971 0.003568077999871929 -0.0012688879454235203 -0.00024922757623001187 -0.00087209315897653929 0.0006028728903670396 -0.0018023991848967853 0.0029025025165961308 0.00084166917091901057 0.0041685020769014957 0.00074403223746001578 -0.00050668496268643922 0.0033649046220816672 -0.0018486563337759838
leaf_weight=117 144 185 872 3541 115 175 180 281 424 100 1203 967 120 135
leaf_count=117 144 185 872 3541 115 175 180 281 424 100 1203 967 120 135
internal_value=6.73449e-05 0.000743447 -0.00052689 -0.000454151 0.000608493 0.00205031 0.000489057 0.00176185 0.000321316 0.00147656 9.01706e-05 0.00023065 0.000719678 0.000482438
internal_weight=8559 4002 4557 4413 3817 292 3525 396 3129 524 2605 2425 1458 1338
internal_count=8559 4002 4557 4413 3817 292 3525 396 3129 524 2605 2425 1458 1338
cat_boundaries=0 1 2 3
cat_threshold=146291779 604012548 136315904
is_linear=0
shrinkage=0.03


Tree=50
num_leaves=15
num_cat=1
split_feature=35 24 31 38 27 27 27 21 21 10 38 1 30 31
split_gain=2.45609 2.80681 1.09743 0.941371 0.832058 0.827283 0.792354 0.675461 0.630561 0.550908 0.568293 0.578822 1.0585 1.06588
threshold=0 1.0000000180025095e-35 0.40720431576072119 1.9606657237512668 29.165914351851857 29.99902777777778 30.998680555555559 87.225000000000009 115.93333333333335 1.0000000180025095e-35 1.4141565041898503 19.500000000000004 53.500000000000007 1.3979820057947443
decision_type=1 8 8 2 2 2 2 2 2 2 2 2 2 8
left_child=1 -1 -2 -4 9 7 8 -6 -7 -3 -11 12 13 -12
right_child=2 4 3 -5 5 6 -8 -9 -10 10 11 -13 -14 -15
leaf_value=0.0047836430623541554 0.0013872799305888169 -0.0015620229387900135 -0.0010570032331959247 0.0011935537240751525 0.0042847665072445872 -0.0010207493737013562 0.0020859797939192502 0.0013093447296889226 0.0013316877296778793 -0.0003004102972588693 0.00092344620460644363 9.7183144699374669e-05 0.00038670506108706774 0.0050342031434858926
leaf_weight=124 201 183 2553 179 103 311 183 206 153 1750 125 1800 589 104
leaf_count=124 201 183 2553 179 103 311 183 206 153 1750 125 1800 589 104
internal_value=-4.7135e-05 0.000319514 -0.000749589 -0.000909547 0.000219576 0.00102415 0.000414265 0.00230115 -0.000245054 5.05644e-05 0.000118125 0.000397894 0.00105961 0.00279034
internal_weight=8564 5631 2933 2732 5507 956 647 309 464 4551 4368 2618 818 229
internal_count=8564 5631 2933 2732 5507 956 647 309 464 4551 4368 2618 818 229
cat_boundaries=0 1
cat_threshold=26
is_linear=0
shrinkage=0.03


Tree=51
num_leaves=15
num_cat=3
split_feature=37 31 1 35 1 25 38 38 31 5 31 24 1 37
split_gain=2.60341 0.907493 0.908597 0.865739 1.02925 1.11717 0.857685 0.679367 0.652146 0.642187 0.643873 0.625746 0.65564 0.521356
threshold=0 8.173220338983052 1.0000000180025095e-35 1 53.500000000000007 0.22290322580645164 1.5968699207050587 1.0314392891008379 0.40720431576072119 0.31010000000000004 1.7262355831286176 46.047166666671409 21.500000000000004 2
decision_type=9 8 2 1 2 10 2 2 8 2 10 10 2 9
left_child=1 2 6 8 11 -6 -1 -4 -2 -7 -11 12 -5 -10
right_child=3 -3 7 4 5 9 -8 -9 13 10 -12 -13 -14 -15
leaf_value=0.00065803052919409879 0.0011707436300483186 0.00290286460102499 -0.0019414359276965518 0.0013966413044778372 0.0028213098352724638 -0.00037794679522753236 0.0039342165907807862 0.00047671600830846554 -0.0020345825814084878 -7.4502600698114025e-05 0.0033046564571422468 -0.00081265190195351595 -0.00056178411557886968 -0.00077904803753245291
leaf_weight=158 121 152 108 281 185 499 132 3286 410 101 102 1459 340 1221
leaf_count=158 121 152 108 281 185 499 132 3286 410 101 102 1459 340 1221
internal_value=5.00467e-05 0.000629572 0.000537486 -0.000421481 -0.000107932 0.000747347 0.00214926 0.000399768 -0.00094885 0.00020079 0.0016234 -0.000473178 0.000324396 -0.00111191
internal_weight=8555 3836 3684 4719 2967 887 290 3394 1752 702 203 2080 621 1631
internal_count=8555 3836 3684 4719 2967 887 290 3394 1752 702 203 2080 621 1631
cat_boundaries=0 1 2 3
cat_threshold=163055696 1 570434306
is_linear=0
shrinkage=0.03


Tree=52
num_leaves=15
num_cat=1
split_feature=36 38 38 1 30 24 32 31 27 13 0 26 1 38
split_gain=1.96848 1.13118 0.815242 0.901111 0.913762 1.10429 1.04426 0.652488 0.59635 0.886468 0.577665 0.574697 0.529484 0.498172
threshold=0 1.0073962651787427 2.0563436588022119 53.500000000000007 103.50000000000001 82.384499999999989 7.5000000000000009 6.3930205949656758 14.999583333333335 1.0000000180025095e-35 15.500000000000002 0.04083333333333334 17.500000000000004 1.5389922476472135
decision_type=9 2 2 2 2 10 2 10 2 2 2 8 2 2
left_child=1 -1 3 4 6 -6 8 10 9 12 13 -9 -3 -2
right_child=7 2 -4 -5 5 -7 -8 11 -10 -11 -12 -13 -14 -15
leaf_value=-0.0019067237647669929 -0.00076570540334746783 0.0046376634802884203 0.00298179157319615 -0.0001227881681421687 -0.0008139821458946388 0.00087098627310395311 -0.00045286775468132245 0.0024352007723108934 0.0040016623714227151 0.00035429451666977343 -0.0024552107197749946 -0.00049682530291777637 0.0017242281803609345 -7.3507331551792043e-05
leaf_weight=172 2106 104 123 1375 454 1529 156 130 142 209 135 112 122 1684
leaf_count=172 2106 104 123 1375 454 1529 156 130 142 209 135 112 122 1684
internal_value=3.38578e-05 0.000476904 0.000575326 0.000502974 0.000819771 0.000485219 0.00172484 -0.000432579 0.00231362 0.00176258 -0.000526832 0.00107823 0.00306492 -0.000458143
internal_weight=8553 4386 4214 4091 2716 1983 733 4167 577 435 3925 242 226 3790
internal_count=8553 4386 4214 4091 2716 1983 733 4167 577 435 3925 242 226 3790
cat_boundaries=0 1
cat_threshold=38
is_linear=0
shrinkage=0.03


Tree=53
num_leaves=15
num_cat=3
split_feature=37 37 28 30 29 1 31 25 33 30 37 28 22 28
split_gain=2.79722 0.757118 0.997423 0.94647 2.02124 0.793776 1.014 0.853792 0.818526 0.716306 0.547491 0.432756 1.00095 0.869275
threshold=0 1 1.177337962962963 72.500000000000014 1.0000000180025095e-35 47.500000000000007 0.60070754716981145 0.59003601440576248 1.0000000180025095e-35 192.22500000000002 2 4.0796238425925937 1410.5812500000002 15.785370370370371
decision_type=9 9 2 2 2 2 10 10 2 2 9 2 2 2
left_child=1 2 3 4 -1 6 -3 -8 11 -10 -2 -7 -13 -14
right_child=10 5 -4 -5 -6 8 7 -9 9 -11 -12 12 13 -15
leaf_value=0.0041418912617360156 -0.0011242625661505277 0.0032185083515384612 -0.00071004977518018201 0.0049206107187545998 -0.0010982172900747338 -0.0011036586811989091 0.00040826659996873112 0.0026058816065979672 -0.00033260840387083589 0.002864184061947622 -0.00033419242503192071 0.0018502759356768084 0.00036288983465244918 -0.0032078592273790171
leaf_weight=133 1016 142 116 103 132 572 1859 174 120 133 3576 182 154 102
leaf_count=133 1016 142 116 103 132 572 1859 174 120 133 3576 182 154 102
internal_value=-9.03922e-06 0.000578573 0.0016809 0.00248024 0.00153172 0.000418963 0.000767549 0.000596356 -0.000178017 0.00134792 -0.000511062 -0.000560257 0.000149392 -0.00105983
internal_weight=8514 3922 484 368 265 3438 2175 2033 1263 253 4592 1010 438 256
internal_count=8514 3922 484 368 265 3438 2175 2033 1263 253 4592 1010 438 256
cat_boundaries=0 1 2 3
cat_threshold=163065176 153093120 637796996
is_linear=0
shrinkage=0.03


Tree=54
num_leaves=15
num_cat=3
split_feature=37 36 13 21 0 25 24 32 30 13 35 28 32 1
split_gain=2.68372 1.06434 1.41263 0.991534 1.59219 0.956891 0.905122 1.3149 0.675613 0.734075 0.637038 0.599566 0.553675 0.495918
threshold=0 1 0.50000000000000011 81.208333333333343 13.500000000000002 0.62481481481481493 75.343166666665937 2.5000000000000004 121.50000000000001 1.0000000180025095e-35 2 3.8016782407407415 29.500000000000004 217.50000000000003
decision_type=9 9 2 2 2 8 10 2 2 2 1 2 2 2
left_child=1 5 3 4 -3 6 8 -8 9 -1 12 -10 -9 -2
right_child=13 2 -4 -5 -6 -7 7 10 11 -11 -12 -13 -14 -15
leaf_value=0.0013045042694107747 -0.00062694677308847407 0.0033273956565535623 0.0048344913743332855 -0.0015210146605441311 -0.0012564277449463688 0.00248090822018174 0.0030953589089428831 0.00065171070828066806 -0.0035098978690803048 -0.00092993394991404974 -0.00105813427587911 -0.0004710026195404672 -0.00097456618889689591 0.0011678398216885702
leaf_weight=206 4459 210 108 106 101 172 161 1760 121 370 269 113 211 143
leaf_count=206 4459 210 108 106 101 172 161 1760 121 370 269 113 211 143
internal_value=-7.96527e-05 0.000497884 0.00174346 0.000984715 0.00183876 0.000300017 0.00018413 0.000476681 -0.000683048 -0.000130812 0.000288463 -0.0020424 0.000475203 -0.000569938
internal_weight=8510 3908 525 417 311 3383 3211 2401 810 576 2240 234 1971 4602
internal_count=8510 3908 525 417 311 3383 3211 2401 810 576 2240 234 1971 4602
cat_boundaries=0 1 2 3
cat_threshold=146279442 49 26
is_linear=0
shrinkage=0.03


Tree=55
num_leaves=15
num_cat=3
split_feature=37 1 30 13 5 22 31 22 36 23 1 6 36 28
split_gain=2.98838 0.862665 0.875102 1.11705 1.06589 1.01923 0.832228 0.723948 0.542614 0.498359 0.984389 0.689413 0.497287 0.487828
threshold=0 138.50000000000003 53.500000000000007 1.0000000180025095e-35 0.10265000000000002 393.00000000000006 1.0284500202347231 90.850000000000009 1 114.50000000000001 1.0000000180025095e-35 2.5000000000000004 2 1.1896817129629633
decision_type=9 2 2 2 2 2 8 2 9 2 2 2 9 2
left_child=12 2 3 6 5 -5 -2 -8 -3 11 -11 -4 -1 -14
right_child=1 8 9 4 -6 -7 7 -9 -10 10 -12 -13 13 -15
leaf_value=-0.00054465442939022476 0.00092873227378974363 0.00071657083495549714 -0.00023700044623925775 -2.5387327196505153e-05 -0.0019052446600784296 0.0032431954315683496 0.0018578183859624751 0.005360454032571787 0.0035703104396816341 0.0031164687152659097 0.00037246676920622319 0.0020236027359334359 -0.003241492134455422 -0.00077772818261291838
leaf_weight=3276 180 147 2065 239 142 134 101 112 118 128 1457 129 132 160
leaf_count=3276 180 147 2065 239 142 134 101 112 118 128 1457 129 132 160
internal_value=6.31955e-06 0.000482848 0.000389671 0.00122595 0.000306749 0.00114885 0.00243049 0.00369958 0.00214906 0.000188735 0.000594064 -0.000104084 -0.000654569 -0.00182885
internal_weight=8520 4952 4687 908 515 373 393 213 265 3779 1585 2194 3568 292
internal_count=8520 4952 4687 908 515 373 393 213 265 3779 1585 2194 3568 292
cat_boundaries=0 1 2 3
cat_threshold=910475965 33 21
is_linear=0
shrinkage=0.03


Tree=56
num_leaves=15
num_cat=4
split_feature=37 35 37 31 22 31 25 5 7 21 35 13 26 26
split_gain=2.49544 0.845004 1.44607 1.30563 0.862715 0.936129 1.10967 1.02908 0.87787 0.974807 1.33346 1.31791 0.774601 0.73882
threshold=0 1 2 2.9865742244263793 3586.807875 2.4757543249946594 0.4497297297297298 0.43650000000000005 1.0000000180025095e-35 54.833333333333336 3 1.0000000180025095e-35 0.05634920634920635 0.030776515151515155
decision_type=9 1 9 8 2 10 8 2 2 2 1 2 8 10
left_child=1 2 3 -1 5 8 -7 -8 -3 11 -11 -10 -4 -12
right_child=-2 4 12 -5 -6 6 7 -9 9 10 13 -13 -14 -15
leaf_value=0.0016637631303635357 -0.00052844014587592107 -0.00086153187540092288 0.0013950065004495341 0.0057843909362480708 -0.00035313188260947153 -0.0017904608784247524 2.7015847753525546e-05 0.0030449611429680733 0.0045493305574313908 -0.0012098488040155151 0.0019928592656623758 0.0006185254102329845 -0.00090676403505093384 0.00015590035107379663
leaf_weight=203 3821 188 304 105 1209 258 699 119 173 212 624 138 232 288
leaf_count=203 3821 188 304 105 1209 258 699 119 173 212 624 138 232 288
internal_value=4.16426e-05 0.000500096 0.00135693 0.00297203 0.000312057 0.00061118 -7.50041e-05 0.000466057 0.0010661 0.00131864 0.000907346 0.00280511 0.000391415 0.00139744
internal_weight=8573 4752 844 308 3908 2699 1076 818 1623 1435 1124 311 536 912
internal_count=8573 4752 844 308 3908 2699 1076 818 1623 1435 1124 311 536 912
cat_boundaries=0 1 2 3 4
cat_threshold=2310551617 18 136316928 1
is_linear=0
shrinkage=0.03


Tree=57
num_leaves=15
num_cat=1
split_feature=35 38 27 30 38 38 25 38 1 32 30 30 30 23
split_gain=1.87116 0.963801 0.895352 1.75861 0.732658 1.41117 0.94728 0.851005 0.749605 0.699135 0.614 0.555261 0.86422 0.67323
threshold=0 1.1424083281668806 17.003738425925928 39.500000000000007 1.857563854910526 1.7382643940218145 0.45972972972972981 1.4498298182549301 44.500000000000007 7.5000000000000009 39.500000000000007 327.65000000000003 275.27500000000003 186.50000000000003
decision_type=1 2 2 2 2 2 10 2 2 2 2 2 2 2
left_child=1 -1 -3 -4 5 7 -6 -2 -7 -5 -9 12 13 -11
right_child=4 2 3 9 6 8 -8 10 -10 11 -12 -13 -14 -15
leaf_value=-0.0010058270432372492 -0.0010218717913850642 6.3769204048463095e-05 0.004727424014783879 -0.00087502068897925094 0.001531142799112006 -0.00087587563895737727 -0.0015206745797128377 0.0017428282141470565 -0.0038316748271398434 0.0012037593311882667 -0.00022890324756188836 0.0024458220087214327 -0.00066435215956597393 -0.0010619605612009763
leaf_weight=462 1324 2831 101 233 280 127 136 182 197 1388 649 181 339 129
leaf_count=462 1324 2831 101 233 280 127 136 182 197 1388 649 181 339 129
internal_value=-1.02533e-05 0.000306791 0.000423957 0.000854025 -0.000629428 -0.000827107 0.000533433 -0.000549569 -0.00267307 0.000681684 0.000202932 0.000859746 0.00070507 0.00101109
internal_weight=8559 5664 5202 2371 2895 2479 416 2155 324 2270 831 2037 1856 1517
internal_count=8559 5664 5202 2371 2895 2479 416 2155 324 2270 831 2037 1856 1517
cat_boundaries=0 1
cat_threshold=26
is_linear=0
shrinkage=0.03


Tree=58
num_leaves=15
num_cat=1
split_feature=35 24 27 1 31 1 31 28 31 31 2 22 24 24
split_gain=1.62301 1.85072 0.743392 0.651088 0.63534 0.980926 0.596301 0.792406 0.761344 0.614527 0.50471 0.713366 0.464222 0.390601
threshold=0 1.0000000180025095e-35 30.998680555555559 227.50000000000003 0.48064734522197577 64.500000000000014 3.3691925433176455 2.1946817129629634 2.308391608391609 2.3685450375054251 1.0000000180025095e-35 8658.0000000000018 150.92599999999581 102.23433333333175
decision_type=1 8 2 2 10 2 10 2 8 8 2 2 10 10
left_child=1 -1 6 4 5 -2 8 13 10 -10 11 -3 -9 -8
right_child=3 2 -4 -5 -6 -7 7 12 9 -11 -12 -13 -14 -15
leaf_value=0.0038344282716078529 0.0024076625600577511 0.00049672237979992177 0.0021829417984579403 0.0017738529428277373 -0.00077459735575516472 -0.0010644899619122346 0.00084763694532908674 -0.0012073835678864269 -0.002726548331427491 -0.0003609169205049408 -0.0014487519866498318 -0.0013370303043527254 0.00085573434035505266 0.0029935693625674489
leaf_weight=133 149 2980 174 106 2525 144 129 150 108 1164 142 204 284 187
leaf_count=133 149 2980 174 106 2525 144 129 150 108 1164 142 204 284 187
internal_value=4.02939e-05 0.000336815 0.000253183 -0.000532507 -0.000621151 0.000701212 0.000190397 0.000974752 6.24579e-05 -0.000561772 0.000301189 0.000379233 0.000142675 0.00211754
internal_weight=8579 5655 5522 2924 2818 293 5348 750 4598 1272 3326 3184 434 316
internal_count=8579 5655 5522 2924 2818 293 5348 750 4598 1272 3326 3184 434 316
cat_boundaries=0 1
cat_threshold=26
is_linear=0
shrinkage=0.03


Tree=59
num_leaves=15
num_cat=3
split_feature=37 37 38 29 24 38 38 24 35 6 0 23 23 24
split_gain=2.09107 1.26656 1.51123 0.787692 0.511388 0.488136 0.564923 0.663776 0.53759 0.648723 0.519748 0.636965 0.684094 0.680589
threshold=0 1 1.6584841159403438 1.0000000180025095e-35 13.420333333333257 1.191934628319619 1.6730940035018012 573.08966666666458 2 2.5000000000000004 6.5000000000000009 122.50000000000001 56.500000000000007 90.152000000001735
decision_type=9 9 2 2 8 2 2 10 1 2 2 2 2 10
left_child=1 2 -1 -4 -2 -3 7 8 9 -7 -8 12 -12 -13
right_child=4 5 3 -5 -6 6 10 -9 -10 -11 11 13 -14 -15
leaf_value=-0.00024121831166925591 -0.0016672063996996836 -0.00055222395093385544 0.0049243660798680231 0.0018482307696448903 -0.00043263743869101747 0.00042042837454957889 -0.00084033263702030787 -0.001401030623457498 0.0019902455092432269 0.0024687189046857837 0.0017129281022685713 -0.0001520627361268063 -0.0010134787756822265 0.0029805404438260704
leaf_weight=190 330 609 131 175 3555 1775 549 135 275 151 112 112 318 141
leaf_count=190 330 609 131 175 3555 1775 549 135 275 151 112 112 318 141
internal_value=-2.25807e-05 0.000404646 0.00182352 0.00316514 -0.000536124 0.000232209 0.000366749 0.000640889 0.000766132 0.000578015 -0.000153048 0.000399395 -0.000303345 0.00159378
internal_weight=8558 4673 496 306 3885 4177 3568 2336 2201 1926 1232 683 430 253
internal_count=8558 4673 496 306 3885 4177 3568 2336 2201 1926 1232 683 430 253
cat_boundaries=0 1 2 3
cat_threshold=2310540608 136315968 9
is_linear=0
shrinkage=0.03


Tree=60
num_leaves=15
num_cat=2
split_feature=37 2 31 30 0 30 30 35 21 25 1 31 31 26
split_gain=2.50058 0.957989 0.829709 0.646015 1.24707 1.09642 0.619902 0.609497 0.67164 0.6364 1.49564 0.668376 0.893745 0.592105
threshold=0 1.0000000180025095e-35 7.7898305084745774 52.500000000000007 5.5000000000000009 30.165000000000003 18.250000000000004 1 32.250000000000007 0.57409090909090921 43.500000000000007 2.3393548387096779 1.0823369463999704 0.047727272727272736
decision_type=9 2 8 2 2 2 2 1 2 10 2 10 10 10
left_child=-1 2 3 4 -2 6 -6 -5 -9 11 -11 12 -10 -7
right_child=1 -3 -4 7 5 13 -8 8 9 10 -12 -13 -14 -15
leaf_value=-0.00074326435945338914 0.0034263856275075256 -0.0006320665953832487 0.002263504602619773 -0.00057663660383813319 0.00061744567647110666 0.0031343242758265061 -0.0018042800611925913 -0.0019355743766895364 -0.00045240455897351819 0.0038103995239211902 -0.00076358817856420167 -0.00023835631398170764 0.0010428175884936047 0.00030630176654085518
leaf_weight=2688 176 764 231 641 216 169 170 105 468 155 110 1041 1556 110
leaf_count=2688 176 764 231 641 216 169 170 105 468 155 110 1041 1556 110
internal_value=1.37771e-05 0.000358631 0.000506354 0.000423803 0.00118083 0.000586518 -0.000449117 0.000267606 0.000425588 0.000501317 0.00191176 0.00037937 0.000697084 0.00201933
internal_weight=8600 5912 5148 4917 841 665 386 4076 3435 3330 265 3065 2024 279
internal_count=8600 5912 5148 4917 841 665 386 4076 3435 3330 265 3065 2024 279
cat_boundaries=0 1 2
cat_threshold=1715847340 1
is_linear=0
shrinkage=0.03


Tree=61
num_leaves=15
num_cat=0
split_feature=2 38 38 1 24 23 23 33 22 38 10 38 26 32
split_gain=1.46084 1.24438 0.742578 0.941697 0.95048 0.871807 0.815562 0.701772 1.46865 0.657551 0.79158 0.69173 0.698746 0.605122
threshold=1.0000000180025095e-35 0.99524857657652632 1.515334424059211 12.500000000000002 159.31983333333397 114.50000000000001 30.500000000000004 1.0000000180025095e-35 1443.4020000000003 2.0563436588022119 1.0000000180025095e-35 1.6884836739623708 0.067972350230414758 28.500000000000004
decision_type=2 2 2 2 8 2 2 2 2 2 2 2 10 2
left_child=1 -1 6 4 -4 -6 -3 13 -9 10 -5 -12 -13 -8
right_child=-2 2 3 9 5 -7 7 8 -10 -11 11 12 -14 -15
leaf_value=-0.0019407657301457296 -0.00099598018951536156 -0.00071755498320129547 0.0025899692070299432 -0.002055299634169509 -0.0011795415702926101 0.0023132823689310396 0.0001666884907269435 0.0003147210965273689 0.0038552259291400729 0.0019836151622461551 0.00086100053797751638 0.00018752111987392473 -0.0015127693779709004 -0.0014507566177808372
leaf_weight=245 1131 1177 364 134 159 108 1614 447 138 198 1142 1174 267 239
leaf_count=245 1131 1177 364 134 159 108 1614 447 138 198 1142 1174 267 239
internal_value=8.24497e-06 0.000161604 0.000233533 0.000541987 0.00159277 0.000233286 -6.90336e-05 0.000244055 0.00114992 0.000314528 0.000192894 0.000309525 -0.000127522 -4.19296e-05
internal_weight=8537 7406 7161 3546 631 267 3615 2438 585 2915 2717 2583 1441 1853
internal_count=8537 7406 7161 3546 631 267 3615 2438 585 2915 2717 2583 1441 1853
is_linear=0
shrinkage=0.03


Tree=62
num_leaves=15
num_cat=4
split_feature=37 24 27 35 32 1 35 36 5 0 22 22 22 32
split_gain=1.9807 0.982313 1.73644 0.871195 0.794614 0.802276 0.679987 0.67736 0.627576 0.542379 0.521125 0.477204 0.450022 0.419322
threshold=0 27.530000000000005 17.003738425925928 1 1.5000000000000002 17.500000000000004 2 3 0.61250000000000016 8.5000000000000018 1208.8000000000004 698.6912500000002 6402.0500000000002 9.5000000000000018
decision_type=9 10 2 1 2 2 1 9 2 2 2 2 2 2
left_child=1 2 3 -1 5 -3 10 13 -9 -8 11 -2 -11 -6
right_child=6 4 -4 -5 7 -7 9 8 -10 12 -12 -13 -14 -15
leaf_value=0.0018889710622696347 -5.3296910318366775e-05 0.0038764952197627009 0.0039280389504165215 -0.00087477604796382764 -8.7152853761242864e-05 0.00055097002473741992 -0.00036398639317124611 0.00027594817651029269 0.0022438959752257865 -0.0010217610490832754 0.0011519620037929877 -0.0019717495629671387 -0.0027079532492604711 -0.0014688078604858557
leaf_weight=185 1140 106 192 209 552 170 1250 2753 154 969 294 130 167 308
leaf_count=185 1140 106 192 209 552 170 1250 2753 154 969 294 130 167 308
internal_value=1.91826e-05 0.000439809 0.00158866 0.000448663 0.00027438 0.00182816 -0.000473663 0.000160537 0.000378898 -0.00079186 1.37172e-05 -0.000249674 -0.00126964 -0.000575289
internal_weight=8579 4629 586 394 4043 276 3950 3767 2907 2386 1564 1270 1136 860
internal_count=8579 4629 586 394 4043 276 3950 3767 2907 2386 1564 1270 1136 860
cat_boundaries=0 1 2 3 4
cat_threshold=2309490768 10 28 5
is_linear=0
shrinkage=0.03


Tree=63
num_leaves=15
num_cat=3
split_feature=37 30 30 1 25 35 38 30 31 38 38 38 37 31
split_gain=1.40748 1.14986 0.899141 0.909335 0.647346 0.640234 0.857232 0.789736 0.932193 0.626668 0.544953 0.521129 0.469772 0.599802
threshold=0 40.250000000000007 30.165000000000003 40.500000000000007 0.36181818181818187 1 2.0419870592411393 180.25000000000003 0.95670914542728658 0.89933239457432401 1.0614142532224591 1.8698911339896702 2 2.6781286894923264
decision_type=9 2 2 2 10 1 2 2 8 2 2 2 9 8
left_child=1 2 3 4 -1 7 10 8 -3 -2 -7 -12 13 -11
right_child=9 5 -4 -5 -6 6 -8 -9 -10 12 11 -13 -14 -15
leaf_value=0.00068109543975292434 -0.0027506746988847988 -0.0019729441293284493 0.0035919321874835946 -0.00072118250288634152 0.0039252582804299892 -0.0016553145660679592 0.0026852133208694795 -0.0018766730438319608 0.001379377862697848 -0.00057828466222137928 0.00038602040492595506 -0.00091305447363708751 -0.00023027131232144788 -0.0023605930478833121
leaf_weight=124 107 113 146 183 100 139 128 302 220 676 2934 307 2852 227
leaf_count=124 107 113 146 183 100 139 128 302 220 676 2934 307 2852 227
internal_value=-6.20526e-05 0.000286674 0.0015722 0.000847679 0.00212938 0.000115776 0.000274558 -0.000753852 0.000241803 -0.000485572 0.000184079 0.000262967 -0.00042232 -0.00101509
internal_weight=8558 4696 553 407 224 4143 3508 635 333 3862 3380 3241 3755 903
internal_count=8558 4696 553 407 224 4143 3508 635 333 3862 3380 3241 3755 903
cat_boundaries=0 1 2 3
cat_threshold=2308979794 1 1677721740
is_linear=0
shrinkage=0.03


Tree=64
num_leaves=15
num_cat=3
split_feature=37 37 0 2 31 30 23 0 25 37 31 1 32 31
split_gain=1.66609 1.28768 1.38399 1.09019 0.914499 0.806108 0.767922 0.607606 0.594197 0.537534 0.495819 0.465341 0.876746 0.424089
threshold=0 1 6.5000000000000009 1.0000000180025095e-35 0.28611556982343506 41.250000000000007 135.50000000000003 15.500000000000002 0.5064102564102565 2 1.9937957151507582 41.500000000000007 6.5000000000000009 1.0823369463999704
decision_type=9 9 2 2 8 2 2 2 10 9 8 2 2 10
left_child=-1 2 -2 4 -3 -4 8 9 11 -6 -7 12 -5 -11
right_child=1 3 5 6 7 10 -8 -9 -10 13 -12 -13 -14 -15
leaf_value=-0.0012357033213533882 0.0042191678093106881 0.0025193794462358382 0.0025834948172910196 0.0032994632385031429 0.0021846682254750378 -0.0019820086693821044 -0.002102989495526065 -0.0015485518608830521 -0.0017424723041738021 -0.0004071847942094643 0.0009765563698369079 -0.0005255330751917387 -0.0006247958768709884 0.00025443227809483781
leaf_weight=902 136 146 118 101 107 104 319 191 196 1075 100 317 104 4616
leaf_count=902 136 146 118 101 107 104 319 191 196 1075 100 317 104 4616
internal_value=-2.38025e-05 0.000120927 0.0016457 2.13997e-05 0.000173496 0.000609873 -0.000878211 0.000116308 -0.000334055 0.000171152 -0.000531732 0.000194776 0.00130862 0.000129229
internal_weight=8532 7630 458 7172 6135 322 1037 5989 718 5798 204 522 205 5691
internal_count=8532 7630 458 7172 6135 322 1037 5989 718 5798 204 522 205 5691
cat_boundaries=0 1 2 3
cat_threshold=637534212 136315904 1581120
is_linear=0
shrinkage=0.03


Tree=65
num_leaves=15
num_cat=3
split_feature=37 38 33 31 36 30 21 29 38 22 31 35 23 30
split_gain=1.36596 0.689832 0.647917 2.08905 1.49721 1.3338 1.3169 0.692749 0.789384 0.68508 0.599489 0.905138 0.815237 0.915679
threshold=0 0.89933239457432401 1.0000000180025095e-35 3.5561282932416955 1 71.250000000000014 153.0916666666667 1.5000000000000002 1.6061756835759751 1619.2460000000001 2.4757543249946594 2 103.50000000000001 249.05000000000004
decision_type=9 2 2 8 9 2 2 2 2 2 8 1 2 2
left_child=2 -2 4 6 10 -6 7 -4 9 -9 12 -12 -1 -14
right_child=1 -3 3 -5 5 -7 -8 8 -10 -11 11 -13 13 -15
leaf_value=-0.00023795910504807938 -0.0025440523263494498 -0.00025814389956973214 0.003232609132806269 0.0050729551750489255 0.00082547265686452604 0.004915466293365367 -0.0025135529306142203 9.9154199240729217e-06 -0.0011714262444792048 0.0035215301995194749 -1.6521511978994071e-05 -0.0020398223347485619 0.0015124247910112008 -0.00091561142666313536
leaf_weight=927 122 4550 117 110 203 111 103 100 140 100 829 253 711 174
leaf_count=927 122 4550 117 110 203 111 103 100 140 100 829 253 711 174
internal_value=2.80518e-05 -0.000317157 0.000443614 0.00129327 0.000267544 0.0022012 0.000550829 0.00124149 0.000556308 0.00176572 4.99637e-05 -0.000508627 0.000383791 0.00103505
internal_weight=8550 4672 3878 670 3208 314 560 457 340 200 2894 1082 1812 885
internal_count=8550 4672 3878 670 3208 314 560 457 340 200 2894 1082 1812 885
cat_boundaries=0 1 2 3
cat_threshold=162008130 49 10
is_linear=0
shrinkage=0.03


Tree=66
num_leaves=15
num_cat=1
split_feature=37 21 33 13 38 27 32 1 23 28 32 13 23 31
split_gain=2.0968 0.625585 1.3271 0.932671 1.28805 0.869225 1.17079 1.07851 0.709725 0.661605 0.532532 0.698186 0.852796 0.653906
threshold=0 72.833333333333357 1.0000000180025095e-35 1.0000000180025095e-35 1.3491908335397691 14.020572916666667 19.500000000000004 48.500000000000007 76.500000000000014 0.53105902777777791 8.5000000000000018 1.0000000180025095e-35 97.500000000000014 2.3393548387096779
decision_type=9 2 2 2 2 2 2 2 2 2 2 2 2 10
left_child=1 2 3 4 -1 -5 7 -7 -6 -10 -3 12 -12 -13
right_child=-2 10 -4 5 8 6 -8 -9 9 -11 11 13 -14 -15
leaf_value=-0.0014461539489967585 -0.0004915121177088129 -0.0007632752081428311 0.002742824749355438 -0.00098307144647190835 0.0039991765106484915 0.003874305546568237 -0.0011036369240341277 -0.00017547723557800055 1.0866900073023328e-05 0.0031346752850565118 -0.0031375431415585379 0.0011165362009638721 0.00026495233268903219 -0.00012770831842861418
leaf_weight=103 4598 475 289 460 144 145 156 100 142 107 106 932 177 642
leaf_count=103 4598 475 289 460 144 145 156 100 142 107 106 932 177 642
internal_value=-5.57486e-05 0.000448041 0.000896965 0.000503852 0.00154008 -9.30937e-05 0.000927828 0.00222133 0.00232273 0.00135323 0.000133098 0.00036238 -0.00100948 0.000609036
internal_weight=8576 3978 1646 1357 496 861 401 245 393 249 2332 1857 283 1574
internal_count=8576 3978 1646 1357 496 861 401 245 393 249 2332 1857 283 1574
cat_boundaries=0 1
cat_threshold=162012498
is_linear=0
shrinkage=0.03


Tree=67
num_leaves=15
num_cat=2
split_feature=37 2 23 31 23 21 25 28 38 1 35 23 1 25
split_gain=1.30568 0.888335 0.91262 0.855955 0.667896 0.602929 0.580031 0.487241 0.480043 0.464407 0.404614 0.496989 0.530115 0.775548
threshold=0 1.0000000180025095e-35 135.50000000000003 0.1799720450492425 96.500000000000014 54.166666666666679 0.64142857142857157 0.89800347222222232 0.89933239457432401 217.50000000000003 1 96.500000000000014 58.500000000000007 0.22290322580645164
decision_type=9 2 2 10 2 2 8 2 2 2 1 2 2 10
left_child=1 3 4 -1 5 -3 -5 -4 -2 10 11 12 -10 -14
right_child=8 2 7 6 -6 -7 -8 -9 9 -11 -12 -13 13 -15
leaf_value=0.002869559745868173 -0.0023974880390498481 0.00067592868449590994 -0.0036260554792049027 0.00030461977374854728 0.0015819395733354935 -0.0025940244084725209 0.0021706593000831512 -0.0010341412749310785 -0.00038317381967699235 0.0016110846218606917 -0.00089856569772976712 -0.0019705112958352243 0.0024394478959968509 -2.1152885195710568e-05
leaf_weight=128 111 102 108 3845 174 101 156 165 1682 101 1201 138 161 406
leaf_count=128 111 102 108 3845 174 101 156 165 1682 101 1201 138 161 406
internal_value=-3.80793e-05 0.000291741 -0.000738525 0.000454635 0.000218052 -0.000950994 0.000377377 -0.00205951 -0.000452449 -0.00039515 -0.000451625 -0.000222055 -0.000115756 0.000677536
internal_weight=8579 4779 650 4129 377 203 4001 273 3800 3689 3588 2387 2249 567
internal_count=8579 4779 650 4129 377 203 4001 273 3800 3689 3588 2387 2249 567
cat_boundaries=0 1 2
cat_threshold=430967882 26
is_linear=0
shrinkage=0.03


Tree=68
num_leaves=15
num_cat=3
split_feature=37 30 37 30 35 1 32 1 23 28 31 23 38 28
split_gain=1.54631 0.77869 1.10144 0.929273 0.789877 0.74106 1.01516 0.814343 0.673196 1.44561 0.666522 0.611276 0.547619 0.53456
threshold=0 40.250000000000007 1 24.165000000000003 2 44.500000000000007 7.5000000000000009 121.50000000000001 18.500000000000004 0.62855902777777783 3.4211241418764309 48.500000000000007 1.1046140279186381 3.0785185185185191
decision_type=9 2 9 2 1 2 2 2 2 2 10 2 2 2
left_child=-1 2 3 -2 5 6 -3 10 9 -6 -7 -10 -13 -14
right_child=1 4 -4 -5 8 7 -8 -9 11 -11 -12 12 13 -15
leaf_value=-0.00059995755523411078 0.00089254041523356166 0.001776580008016409 0.00034299809092079239 0.0047623151044321214 0.0037379771494911378 -0.0024190981449373791 -0.0010245054496546128 0.00068419129234200326 -0.00081998272778954567 -0.00029761808308638096 3.1542871613055471e-05 -0.0016265796410734764 0.00011964695738570297 0.00095123192208890531
leaf_weight=2868 103 228 494 122 154 384 238 157 454 166 135 120 1800 1134
leaf_count=2868 103 228 494 122 154 384 238 157 454 166 135 120 1800 1134
internal_value=-3.3196e-05 0.000253136 0.00117636 0.00286355 0.000120083 -0.00056947 0.000345983 -0.00120896 0.000326431 0.00164451 -0.00178165 0.000207127 0.000359814 0.000441057
internal_weight=8557 5689 719 225 4970 1142 466 676 3828 320 519 3508 3054 2934
internal_count=8557 5689 719 225 4970 1142 466 676 3828 320 519 3508 3054 2934
cat_boundaries=0 1 2 3
cat_threshold=1716052661 136316928 1
is_linear=0
shrinkage=0.03


Tree=69
num_leaves=15
num_cat=1
split_feature=27 30 24 23 5 23 36 0 31 38 30 27 30 28
split_gain=1.09911 1.4871 1.51075 1.04067 1.64239 1.0343 0.727703 0.643736 0.606033 0.592989 0.505712 0.7219 0.566875 0.613815
threshold=17.003738425925928 180.25000000000003 25.644333333333275 73.500000000000014 0.054100000000000002 132.50000000000003 0 11.500000000000002 1.1025975288833789 0.91774518637173719 309.12500000000006 29.579843750000002 296.02500000000003 14.642100694444446
decision_type=2 2 8 2 2 2 9 2 8 2 2 2 2 2
left_child=7 2 -2 8 5 -5 10 9 -4 -1 12 -12 13 -3
right_child=1 6 3 4 -6 -7 -8 -9 -10 -11 11 -13 -14 -15
leaf_value=-0.0023376179938869816 0.0043899602109933548 0.00038585220197893586 0.0012754404998371657 0.0055830616688128942 -0.00037106249595658398 0.0016806863514466385 -0.0022959201168117073 -0.0009705796481975918 -0.0012314614172258943 -5.662933744592672e-05 0.00026072358042893878 0.003307564205197895 -0.0022248181128081412 -0.0010342646068341578
leaf_weight=105 136 1315 146 117 159 128 105 943 214 4442 214 104 101 346
leaf_count=105 136 1315 146 117 159 128 105 943 214 4442 214 104 101 346
internal_value=-2.63633e-06 0.000450453 0.00147674 0.000958153 0.00200333 0.00354427 2.77273e-05 -0.000257241 -0.000214773 -0.000109302 0.000155318 0.00125717 -4.26598e-05 9.00302e-05
internal_weight=8575 3085 900 764 404 245 2185 5490 360 4547 2080 318 1762 1661
internal_count=8575 3085 900 764 404 245 2185 5490 360 4547 2080 318 1762 1661
cat_boundaries=0 1
cat_threshold=36
is_linear=0
shrinkage=0.03


Tree=70
num_leaves=15
num_cat=4
split_feature=37 31 36 5 36 5 35 27 27 21 25 27 23 1
split_gain=1.4915 0.802126 0.678284 0.678022 0.575612 1.0979 0.971796 0.813267 0.974514 0.724216 0.543495 0.637012 0.541284 0.537301
threshold=0 0.1799720450492425 1 0.72080000000000011 2 0.18465000000000001 3 17.003738425925928 25.409369212962968 78.833333333333357 0.17000000000000001 29.212303240740741 186.50000000000003 222.50000000000003
decision_type=9 10 9 2 9 2 1 2 2 2 10 2 2 2
left_child=2 -2 -1 4 5 9 7 -6 -9 -3 -8 12 -12 -4
right_child=1 3 13 -5 6 -7 10 8 -10 -11 11 -13 -14 -15
leaf_value=-0.002054673551655976 0.0025994110960907636 0.0006355135369191092 -0.00041828306917983887 0.0026920774828937681 0.00054016368020148506 -0.002297601357770743 0.0022910325426626233 0.005067903647138345 0.00094874373806524092 -0.0021630659599788486 -0.00014601312870348107 0.00069187525769305786 -0.002426180158322677 0.0017158277397718998
leaf_weight=216 137 496 4098 101 252 224 104 107 100 100 1487 952 100 109
leaf_count=216 137 496 4098 101 252 224 104 107 100 100 1487 952 100 109
internal_value=-6.62631e-05 0.00034118 -0.000449234 0.000265125 0.000202626 -0.000500909 0.000388963 0.00164874 0.00307797 0.000165953 0.000164792 7.83481e-05 -0.000289691 -0.000362129
internal_weight=8583 4160 4423 4023 3922 820 3102 459 207 596 2643 2539 1587 4207
internal_count=8583 4160 4423 4023 3922 820 3102 459 207 596 2643 2539 1587 4207
cat_boundaries=0 1 2 3 4
cat_threshold=3057762990 32 17 18
is_linear=0
shrinkage=0.03


Tree=71
num_leaves=15
num_cat=2
split_feature=37 21 1 38 38 31 31 38 25 1 35 1 31 30
split_gain=1.44671 0.613977 0.735599 0.594551 0.767936 0.741858 0.569519 0.563694 0.559311 0.472884 0.618226 1.00886 0.745686 0.491704
threshold=0 6.166666666666667 39.500000000000007 1.9152691674019804 1.734941182633164 2.6228785436617055 0.28611556982343506 1.0073962651787427 0.64142857142857157 138.50000000000003 1 70.500000000000014 2.4965495079846103 222.10000000000002
decision_type=9 2 2 2 2 10 8 2 8 2 1 2 10 2
left_child=3 2 -2 4 6 -5 -1 -3 9 10 13 12 -12 -9
right_child=1 7 -4 5 -6 -7 -8 8 -10 -11 11 -13 -14 -15
leaf_value=0.0017905131459586543 0.0034792206573706023 -0.001608966222954724 0.00019432604009675427 -0.00032773471012750128 -0.001705351789333773 0.0027960828345110814 -0.00050580036817212347 0.00058025172631788696 0.0020616926663719554 0.0014836415574041256 0.0004871832571915367 -0.002636443410779355 -0.0019824839010339308 -0.00016324169635016991
leaf_weight=101 117 147 129 193 495 106 2587 2269 153 251 501 173 141 1237
leaf_count=101 117 147 129 193 495 106 2587 2269 153 251 501 173 141 1237
internal_value=-2.69912e-05 0.00029379 0.00175665 -0.000497904 -0.000619483 0.000779706 -0.000419518 0.00022053 0.000277447 0.000217738 0.000144204 -0.000595826 -5.52203e-05 0.000317025
internal_weight=8600 5118 246 3482 3183 299 2688 4872 4725 4572 4321 815 642 3506
internal_count=8600 5118 246 3482 3183 299 2688 4872 4725 4572 4321 815 642 3506
cat_boundaries=0 1 2
cat_threshold=910545285 26
is_linear=0
shrinkage=0.03


Tree=72
num_leaves=15
num_cat=4
split_feature=37 1 1 14 37 37 38 38 27 36 38 23 38 33
split_gain=1.51891 0.70777 0.759572 0.631985 0.53066 0.520085 1.08942 0.473558 0.43806 0.385713 0.365993 0.656235 0.598799 1.37152
threshold=0 133.50000000000003 82.500000000000014 2.5000000000000004 1 2 1.8292800565218081 0.89933239457432401 27.526001157407411 3 1.8038893715340791 62.500000000000007 1.3304786427951076 1.0000000180025095e-35
decision_type=9 2 2 2 9 9 2 2 2 9 2 2 2 2
left_child=7 2 5 8 -3 6 -2 -1 -4 -9 11 -7 13 -13
right_child=1 4 3 -5 -6 10 -8 9 -10 -11 -12 12 -14 -15
leaf_value=-0.002501802157079294 1.1204057324089502e-05 0.0032887501796045578 -0.0023307624053344814 0.00083989864158303393 0.00064809272215195679 -0.00019617106219678847 0.003424942516079959 -0.0017185108168229746 -0.00012096293555572628 -0.0003385573924591964 -0.00046978890884425843 -0.00067948163169269122 0.0010046072968485197 0.0031113852393772341
leaf_weight=101 190 111 228 139 198 1149 151 185 125 3290 520 544 1566 102
leaf_count=101 190 111 228 139 198 1149 151 185 125 3290 520 544 1566 102
internal_value=-3.66724e-06 0.000332505 0.000241993 -0.000873553 0.00172408 0.00037199 0.00147947 -0.000475469 -0.00154826 -0.000417942 0.000270174 0.000385462 0.000687585 -8.09237e-05
internal_weight=8599 5023 4714 492 309 4222 341 3576 353 3475 3881 3361 2212 646
internal_count=8599 5023 4714 492 309 4222 341 3576 353 3475 3881 3361 2212 646
cat_boundaries=0 1 2 3 4
cat_threshold=927056868 2283798528 3670016 32
is_linear=0
shrinkage=0.03


Tree=73
num_leaves=15
num_cat=0
split_feature=27 24 38 33 24 24 24 30 13 32 22 29 32 25
split_gain=0.937876 1.40772 0.585087 0.571555 0.555341 1.08468 0.539435 0.877873 0.663542 0.778453 0.663826 0.514093 0.47114 0.470308
threshold=18.142488425925929 29.284500000000993 1.3418690721661384 1.0000000180025095e-35 99.208500000000086 141.45299999999978 234.50883333332607 225.05000000000004 0.50000000000000011 22.500000000000004 5988.4640000000018 4.5000000000000009 17.500000000000004 0.24195121951219514
decision_type=2 8 2 2 8 10 10 2 2 2 2 2 2 10
left_child=11 -2 3 12 -4 -6 7 -7 10 -10 -8 13 -3 -1
right_child=1 2 4 -5 5 6 8 -9 9 -11 -12 -13 -14 -15
leaf_value=0.00018106739961254036 0.0031183925997983249 0.00015113695747846656 -0.00070071361823771249 0.0013527135077474296 0.0035109143485315144 0.0012107994051895545 0.0010408131919931196 -0.0016855525571655664 0.00075759426818876817 -0.0022696718729929913 0.0036183606403361445 0.0016886900436180103 -0.0013217003594855766 -0.00046416022858558099
leaf_weight=1351 162 345 271 147 120 167 593 216 256 109 106 119 451 4109
leaf_count=1351 162 345 271 147 120 167 593 216 256 109 106 119 451 4109
internal_value=-3.34118e-05 0.000399906 0.000241547 -0.000365955 0.000553231 0.000770091 0.000542794 -0.000422652 0.000890318 -0.000146439 0.00143169 -0.000261993 -0.000683348 -0.000304508
internal_weight=8522 2943 2781 943 1838 1567 1447 383 1064 365 699 5579 796 5460
internal_count=8522 2943 2781 943 1838 1567 1447 383 1064 365 699 5579 796 5460
is_linear=0
shrinkage=0.03


Tree=74
num_leaves=15
num_cat=5
split_feature=37 33 31 36 30 30 36 24 35 25 28 25 5 37
split_gain=1.21352 0.844771 1.69063 1.14145 2.51301 0.853799 0.780865 1.1307 0.752263 1.0333 0.74324 0.624559 0.624232 0.52324
threshold=0 1.0000000180025095e-35 3.5561282932416955 1 71.250000000000014 69.250000000000014 2 217.58266666667305 3 0.42052631578947369 0.89800347222222232 0.30384615384615393 0.069050000000000014 4
decision_type=9 2 8 9 2 2 9 10 1 10 2 10 2 9
left_child=1 3 5 8 11 -3 7 -7 9 -1 -11 -5 -9 -10
right_child=-2 2 -4 4 -6 6 -8 12 13 10 -12 -13 -14 -15
leaf_value=7.8799708184840918e-05 -0.00040001953593688644 0.002126975951841407 0.0036641857211943715 0.0012052719653756531 0.0050592108794212847 0.002556134146731347 -0.0020604854466121955 -0.0023195111778719973 -0.00074306986495209515 -0.0037253771524078079 -0.00097064672048720183 -0.0017159886375176594 0.00089984411050998919 0.00039329642042599101
leaf_weight=510 3721 201 190 162 132 150 134 117 426 140 238 111 101 2245
leaf_count=510 3721 201 190 162 132 150 134 117 426 140 238 111 101 2245
internal_value=7.06196e-06 0.000319098 0.00115334 0.000131968 0.00162071 0.000474728 -0.000186829 0.00053683 -4.18812e-05 -0.000793295 -0.00199092 1.75067e-05 -0.000827975 0.000209961
internal_weight=8578 4857 893 3964 405 703 502 368 3559 888 378 273 218 2671
internal_count=8578 4857 893 3964 405 703 502 368 3559 888 378 273 218 2671
cat_boundaries=0 1 2 3 4 5
cat_threshold=414723330 49 48 1 8388608
is_linear=0
shrinkage=0.03


Tree=75
num_leaves=15
num_cat=4
split_feature=37 0 37 38 31 31 35 31 38 35 31 38 31 31
split_gain=1.05925 0.617655 0.563584 1.12743 1.01612 0.986484 0.54487 0.636043 0.471677 1.01836 0.806522 0.62797 0.820742 0.585449
threshold=0 17.500000000000004 1 1.5932057642721424 0.98907071189679896 1.8322390932420876 2 1.1585652028159574 1.7627074056173453 3 1.3979820057947443 1.8634251031291942 1.9261208576998052 2.2583927231807954
decision_type=9 2 9 2 8 10 1 8 2 1 10 2 10 10
left_child=6 2 3 -2 -5 -6 7 -1 13 -10 -11 12 -12 -4
right_child=1 -3 8 4 5 -7 -8 -9 9 10 11 -13 -14 -15
leaf_value=-0.00098456308123610545 -0.00096049959355566108 -0.0021383126152001997 0.00042871300415913186 -0.00050089269883196372 0.0045699314856564779 0.000840017600794619 -0.0010958232186169018 0.0015241367169449842 0.0018938683491747674 -0.0020413301997832603 0.00091059842587423484 0.00043463424484179542 -0.0022009924482926345 -0.00023640618263269679
leaf_weight=186 168 110 3167 104 152 110 1160 178 138 320 111 482 244 1909
leaf_count=186 168 110 3167 104 152 110 1160 178 138 320 111 482 244 1909
internal_value=-6.42412e-05 9.18704e-05 0.000127531 0.00105437 0.00200803 0.00300394 -0.000778322 0.000235742 4.81162e-05 -0.000462861 -0.000753811 -0.000270576 -0.00122807 0.000178573
internal_weight=8539 7015 6905 534 366 262 1524 364 6371 1295 1157 837 355 5076
internal_count=8539 7015 6905 534 366 262 1524 364 6371 1295 1157 837 355 5076
cat_boundaries=0 1 2 3 4
cat_threshold=655196574 137363520 24 4
is_linear=0
shrinkage=0.03


Tree=76
num_leaves=15
num_cat=4
split_feature=37 17 38 1 35 32 1 37 14 38 37 10 22 23
split_gain=1.0312 0.878657 0.774644 0.573788 0.615585 0.596037 1.11687 0.845161 0.729019 0.47022 0.450039 0.798892 0.508382 0.499715
threshold=0 3.5000000000000004 1.0534611096647835 236.50000000000003 1 6.5000000000000009 44.500000000000007 2 2.5000000000000004 1.6992738803446856 3 1.0000000180025095e-35 80.350000000000009 18.500000000000004
decision_type=9 2 2 2 1 2 2 9 2 2 9 2 2 2
left_child=-1 2 -2 4 5 6 7 -4 -9 -8 -6 -12 -13 -14
right_child=1 -3 3 -5 10 -7 9 8 -10 -11 11 12 13 -15
leaf_value=-0.0005973436332026977 -0.0012720829922246901 0.0030158600438386202 0.0035754408534350137 0.002291610426513753 0.0015481354282024433 -0.00082229852367541754 0.00030295504515536094 -0.0014089912774301518 0.0021197403588016101 -0.0017167549649031607 -0.0015803245245842844 -0.0012831630880939951 0.0015775402233562802 0.00036363497831025783
leaf_weight=1709 314 100 116 122 274 875 209 102 109 206 192 156 332 3782
leaf_count=1709 314 100 116 122 274 875 209 102 109 206 192 156 332 3782
internal_value=6.02437e-05 0.000223918 0.000183123 0.000253692 0.000214557 -0.000290108 0.000333566 0.00164477 0.000395179 -0.0006996 0.000386659 0.000312034 0.000397854 0.000461597
internal_weight=8598 6889 6789 6475 6353 1617 742 327 211 415 4736 4462 4270 4114
internal_count=8598 6889 6789 6475 6353 1617 742 327 211 415 4736 4462 4270 4114
cat_boundaries=0 1 2 3 4
cat_threshold=1711587516 1 270532609 2102018
is_linear=0
shrinkage=0.03


Tree=77
num_leaves=15
num_cat=2
split_feature=38 23 38 38 37 26 1 22 1 25 22 37 32 28
split_gain=1.09569 1.56016 0.763208 0.67176 1.19499 1.05973 0.762546 1.00596 0.696762 1.01102 0.644563 0.546965 0.535989 0.603277
threshold=2.0563436588022119 96.500000000000014 1.0073962651787427 1.7224058737958026 0 0.06030303030303031 15.500000000000002 1016.9160000000002 101.50000000000001 0.57409090909090921 7391.3750000000009 1 30.500000000000004 20.991348379629631
decision_type=2 2 2 2 9 8 2 2 2 10 2 9 2 2
left_child=2 -2 -1 4 5 10 7 -5 -6 -10 12 -8 13 -4
right_child=1 -3 3 6 8 -7 11 -9 9 -11 -12 -13 -14 -15
leaf_value=-0.0013578607795521789 0.0040170399807417803 -0.00056380787216126914 0.00029766063974035091 0.0033154217724568479 -0.00039337900441501524 0.0028057934313021121 -0.001316873422818588 -0.0003197535467793194 0.0020605477742548367 -0.00099217156342302376 0.0022697726267681692 -0.00017229396896342925 -0.0013693777314357219 0.0019857219931686161
leaf_weight=387 144 125 2056 101 2886 186 787 213 261 156 166 734 155 210
leaf_count=387 144 125 2056 101 2886 186 787 213 261 156 166 734 155 210
internal_value=4.04243e-06 0.00188839 -5.70434e-05 6.59156e-06 0.000158514 0.000616385 -0.000496449 0.000849523 -0.000227065 0.000918523 0.000461353 -0.000774316 0.000337356 0.000454101
internal_weight=8567 269 8298 7911 6076 2773 1835 314 3303 417 2587 1521 2421 2266
internal_count=8567 269 8298 7911 6076 2773 1835 314 3303 417 2587 1521 2421 2266
cat_boundaries=0 1 2
cat_threshold=444600088 545277960
is_linear=0
shrinkage=0.03


Tree=78
num_leaves=15
num_cat=1
split_feature=38 35 24 32 27 1 38 38 25 1 22 28 27 30
split_gain=0.657693 0.523518 1.04544 0.659484 2.5211 0.605354 0.542247 1.00333 0.547859 0.490332 0.559074 0.487745 0.483607 0.822034
threshold=0.87105300439944 0 1.0000000180025095e-35 7.5000000000000009 16.020740740740745 36.500000000000007 1.7224058737958026 1.857563854910526 0.22290322580645164 135.50000000000003 9210.8000000000011 3.9747627314814822 29.116319444444446 309.12500000000006
decision_type=2 1 8 2 2 2 2 2 10 2 2 2 2 2
left_child=-1 2 -2 4 5 11 8 -8 -7 10 -5 -3 -4 -14
right_child=1 3 12 9 -6 6 7 -9 -10 -11 -12 -13 13 -15
leaf_value=-0.0023924566976561701 0.0029804720529237713 6.3606013650712058e-05 4.8942861530636231e-06 -0.00083169621318465172 0.0042655223128385839 0.0016407613922643849 -0.0029711972899468882 5.4757379301449732e-06 -0.0005804538530315449 0.0010540270034668094 -0.0031816538629850536 0.0021965268614613227 0.00044307615325019426 0.0032717185494946584
leaf_weight=102 119 412 4485 931 120 127 210 198 469 109 101 126 904 103
leaf_count=102 119 412 4485 931 120 127 210 198 469 109 101 126 904 103
internal_value=2.05077e-06 3.10786e-05 0.000198213 -0.000303114 7.70802e-05 -0.000248869 -0.000683987 -0.00152664 -0.000107141 -0.000859568 -0.00106168 0.000563138 0.000138288 0.000732401
internal_weight=8516 8414 5611 2803 1662 1542 1004 408 596 1141 1032 538 5492 1007
internal_count=8516 8414 5611 2803 1662 1542 1004 408 596 1141 1032 538 5492 1007
cat_boundaries=0 1
cat_threshold=26
is_linear=0
shrinkage=0.03


Tree=79
num_leaves=15
num_cat=2
split_feature=37 2 31 23 37 28 29 31 1 26 38 1 31 38
split_gain=1.01952 0.733996 0.865708 0.532301 0.549079 0.504865 0.490675 0.450946 0.436977 0.563681 0.560347 0.458944 0.438884 0.429046
threshold=0 1.0000000180025095e-35 8.173220338983052 135.50000000000003 1 8.0082060185185195 1.5000000000000002 0.1799720450492425 18.500000000000004 0.04083333333333334 1.5452585176293827 53.500000000000007 1.1912860821249494 1.0314392891008379
decision_type=9 2 10 2 9 2 2 8 2 10 2 2 10 2
left_child=5 2 7 4 -3 8 -5 -2 10 11 -1 -10 -11 -9
right_child=1 3 -4 6 -6 -7 -8 13 9 12 -12 -13 -14 -15
leaf_value=-0.00034687374106016504 0.0022048793942045907 -0.00090416848687372949 0.0027696838780684628 -0.00011809228797161466 0.00071077006768718106 -0.0023321944070349055 -0.0025823426757376382 -0.00095433797691207899 -0.0011769261510608357 -0.0034172180870940027 0.0021025765951687716 0.00074968127704238847 -0.0011127326565834902 0.00025946432057339714
leaf_weight=406 103 387 124 119 353 155 187 275 238 114 106 209 214 5583
leaf_count=406 103 387 124 119 353 155 187 275 238 114 106 209 214 5583
internal_value=1.49578e-05 0.000162273 0.000288692 -0.000571603 -0.000136413 -0.000709752 -0.00162402 0.000237083 -0.000519868 -0.000969178 0.000160239 -0.000276119 -0.00191368 0.000202483
internal_weight=8573 7131 6085 1046 740 1442 306 5961 1287 775 512 447 328 5858
internal_count=8573 7131 6085 1046 740 1442 306 5961 1287 775 512 447 328 5858
cat_boundaries=0 1 2
cat_threshold=1695388462 12584960
is_linear=0
shrinkage=0.03


Tree=80
num_leaves=15
num_cat=3
split_feature=37 25 37 0 31 35 38 1 1 0 31 32 31 31
split_gain=0.820225 1.91708 0.680104 0.565988 0.597523 0.755479 0.462753 0.507171 0.456711 0.406886 0.364678 0.338517 0.637172 0.910736
threshold=0 0.34891304347826091 1 13.500000000000002 1.1585652028159574 2 1.0073962651787427 227.50000000000003 22.500000000000004 4.5000000000000009 1.034847013113162 22.500000000000004 4.6669339748730296 5.3583467094703057
decision_type=9 10 9 2 8 1 2 2 2 2 10 2 10 10
left_child=1 -1 8 6 -5 -6 -4 11 9 -2 -11 12 -8 -14
right_child=2 -3 3 4 5 -7 7 -9 -10 10 -12 -13 13 -15
leaf_value=0.0045931889055696642 -0.0012830924214164278 -0.00030953000845748403 -0.0013338029903206916 -0.0027095377498284673 -0.0017690245190608964 0.0010871770552925723 0.00013110988380202499 0.0020687600747659437 -0.0010755294020708018 0.0020566067930408998 -0.00010050738680906391 -0.00030940089936410921 0.0037387466638035653 0.00054530840727137319
leaf_weight=115 131 191 192 129 149 166 4491 123 909 114 185 1289 107 323
leaf_count=115 131 191 192 129 149 166 4491 123 909 114 185 1289 107 323
internal_value=-1.57538e-05 0.00148448 -7.27097e-05 4.65801e-05 -0.00098978 -0.000285498 0.000117172 0.000161161 -0.000689312 0.000111103 0.000721937 0.000123378 0.000236739 0.00133995
internal_weight=8614 306 8308 6969 444 315 6525 6333 1339 430 299 6210 4921 430
internal_count=8614 306 8308 6969 444 315 6525 6333 1339 430 299 6210 4921 430
cat_boundaries=0 1 2 3
cat_threshold=2098176 637551012 3
is_linear=0
shrinkage=0.03


Tree=81
num_leaves=15
num_cat=4
split_feature=35 37 38 37 21 21 23 23 32 21 23 1 30 35
split_gain=0.751813 1.13279 0.805245 0.587406 0.438876 0.75043 0.455615 0.591489 0.764391 0.503106 0.501314 0.691522 0.696918 0.605959
threshold=0 1 1.6584841159403438 2 60.750000000000007 49.583333333333336 9.5000000000000018 18.500000000000004 11.500000000000002 63.166666666666679 114.50000000000001 71.500000000000014 249.05000000000004 3
decision_type=1 9 2 9 2 2 2 2 2 2 2 2 2 1
left_child=1 2 -1 -2 5 -3 -6 8 -8 -9 13 -12 -13 -11
right_child=3 4 -4 -5 6 -7 7 9 -10 10 11 12 -14 -15
leaf_value=0.00047327199495866026 -0.00093121076006421482 3.9484166784484833e-05 0.0034787629696811681 -6.0445180340448454e-05 -0.0016518029733231501 -0.0013954371693467211 0.002692380527473553 0.0022276479042193384 -0.00035485325858761104 0.00074310009119313411 0.0009326893457896094 0.00082463857695035147 -0.0021155379567404878 -0.00056682408908692214
leaf_weight=163 1139 1449 158 1791 106 424 202 108 117 426 1043 138 153 1170
leaf_count=163 1139 1449 158 1791 106 424 202 108 117 426 1043 138 153 1170
internal_value=-1.17146e-05 0.000190265 0.00189362 -0.00040096 8.44448e-05 -0.000285346 0.000284694 0.00034584 0.00157474 0.000216802 0.000142682 0.000571902 -0.000721227 -0.000216078
internal_weight=8587 5657 321 2930 5336 1873 3463 3357 319 3038 2930 1334 291 1596
internal_count=8587 5657 321 2930 5336 1873 3463 3357 319 3038 2930 1334 291 1596
cat_boundaries=0 1 2 3 4
cat_threshold=26 136347912 589335431 18
is_linear=0
shrinkage=0.03


Tree=82
num_leaves=15
num_cat=4
split_feature=37 35 21 25 37 24 30 32 22 0 35 26 38 23
split_gain=1.05424 0.676229 1.00827 0.977423 0.90058 0.707953 0.767791 0.578871 0.596923 0.588335 0.566622 0.583822 0.537009 0.667749
threshold=0 1 58.06666666666667 0.39791666666666675 2 107.82050000000076 181.10000000000002 2.5000000000000004 80.350000000000009 6.5000000000000009 3 0.039230769230769243 1.2753108571817291 123.50000000000001
decision_type=9 1 2 10 9 10 2 2 2 2 1 10 2 2
left_child=-1 2 3 -2 -3 -4 -7 10 -9 -10 11 -6 -5 -14
right_child=1 4 5 12 7 6 -8 8 9 -11 -12 -13 13 -15
leaf_value=-0.00068379907668950394 0.0018085426437830059 0.002519332927943443 -0.0015621588109401849 -0.0014180252561018893 0.0040745322670787572 0.0017182153217960149 -0.0012831333396210378 -0.0015230730617205137 -0.00018540638486105941 0.00054216183180906324 0.00022758363341472747 0.0011031995187228431 0.0018090994897529999 -0.00057657714618706722
leaf_weight=1650 294 156 656 236 100 150 157 183 1759 2319 279 147 173 271
leaf_count=1650 294 156 656 236 100 150 157 183 1759 2319 279 147 173 271
internal_value=-5.1345e-06 0.00015839 -0.000315725 0.000363223 0.000344443 -0.00100571 0.000183324 0.000268463 0.000153115 0.000228333 0.00120798 0.00221643 -0.000261665 0.000352977
internal_weight=8530 6880 1937 974 4943 963 307 4787 4261 4078 526 247 680 444
internal_count=8530 6880 1937 974 4943 963 307 4787 4261 4078 526 247 680 444
cat_boundaries=0 1 2 3 4
cat_threshold=637858358 1 2097152 12
is_linear=0
shrinkage=0.03


Tree=83
num_leaves=15
num_cat=2
split_feature=17 37 35 30 22 1 6 22 22 23 30 31 1 32
split_gain=0.871864 0.758682 0.699897 0.699295 0.910607 0.859335 0.845743 0.677208 0.897773 0.676072 0.646857 0.623212 0.585465 0.820136
threshold=3.5000000000000004 0 1 40.250000000000007 393.00000000000006 48.500000000000007 2.5000000000000004 6402.0500000000002 5742.3000000000002 125.50000000000001 212.12500000000003 1.2712272492314391 36.500000000000007 7.5000000000000009
decision_type=2 9 1 2 2 2 2 2 2 2 2 8 2 2
left_child=1 -1 10 4 5 11 7 8 -5 -8 -3 -4 13 -9
right_child=-2 2 3 6 -6 -7 9 12 -10 -11 -12 -13 -14 -15
leaf_value=-0.00036957432399314569 0.0024269144893168731 0.00055312423746120966 -0.00042247878302904693 -7.0124948851396144e-05 0.0028376689250450894 -0.001528187180026036 0.0025078607495551243 0.0017217486969869375 0.0025599859365010172 -0.0003142991089524942 0.002952699949471465 0.0023648010057659933 -0.0016830804024251273 -0.0011373482171721681
leaf_weight=3372 133 306 121 2743 179 152 199 143 122 124 151 179 439 245
leaf_count=3372 133 306 121 2743 179 152 199 143 122 124 151 179 439 245
internal_value=1.67954e-05 -2.10271e-05 0.000209602 9.80631e-05 0.00102668 0.000309502 -4.76353e-05 -0.000176421 4.18728e-05 0.00142443 0.00131716 0.0012406 -0.000932663 -8.36089e-05
internal_weight=8608 8475 5103 4646 631 452 4015 3692 2865 323 457 300 827 388
internal_count=8608 8475 5103 4646 631 452 4015 3692 2865 323 457 300 827 388
cat_boundaries=0 1 2
cat_threshold=651551372 2
is_linear=0
shrinkage=0.03


Tree=84
num_leaves=15
num_cat=5
split_feature=37 0 30 0 24 37 24 37 31 24 24 27 35 37
split_gain=0.874567 0.671274 0.73092 0.600427 0.569657 0.50201 0.498388 0.580738 0.490638 0.489277 0.637857 0.630613 0.766136 0.727534
threshold=0 11.500000000000002 62.500000000000007 9.5000000000000018 5.9314999999999065 1 3.7850000000000006 2 1.0004392299048519 263.3524999999924 185.87033333333386 29.99902777777778 3 4
decision_type=9 2 2 2 8 9 10 9 8 10 8 2 1 9
left_child=-1 2 3 -2 -4 -5 -3 -8 -9 10 11 12 13 -6
right_child=1 6 4 5 9 -7 7 8 -10 -11 -12 -13 -14 -15
leaf_value=-0.00070561775586481178 0.00059279163643249672 -0.0022514323345092417 0.0020122794302375015 0.00055665321874601593 0.0014951750929423208 0.0036744513386124823 -0.0010017598878923316 -0.0010948039419923184 0.0013263622799492721 0.00049963332239941541 -0.00092079660596243549 -0.0016130277476058929 -0.00038984626140133938 0.000110636687806681
leaf_weight=1386 862 143 134 100 541 109 483 108 249 1433 771 191 1197 918
leaf_count=1386 862 143 134 100 541 109 483 108 249 1433 771 191 1197 918
internal_value=-1.80633e-05 0.000114395 0.000229067 0.000942556 8.16905e-05 0.00238513 -0.000614239 -0.000335526 0.000577726 3.04732e-05 -0.00015535 5.19422e-05 0.000171675 0.00063071
internal_weight=8625 7239 6256 1071 5185 209 983 840 357 5051 3618 2847 2656 1459
internal_count=8625 7239 6256 1071 5185 209 983 840 357 5051 3618 2847 2656 1459
cat_boundaries=0 1 2 3 4 5
cat_threshold=1644204478 274743296 274737152 14 268437504
is_linear=0
shrinkage=0.03


Tree=85
num_leaves=15
num_cat=1
split_feature=38 37 13 25 24 27 30 7 38 31 1 38 31 23
split_gain=0.845388 0.77139 0.564999 1.0189 0.529163 0.930631 0.690686 1.17833 0.900196 0.637837 0.488557 1.02187 0.481573 0.462848
threshold=0.87105300439944 0 0.50000000000000011 0.5594117647058825 41.257833333334283 18.999762731481486 72.500000000000014 1.0000000180025095e-35 1.6949536981615163 7.7898305084745774 12.500000000000002 1.5525159571993972 2.6781286894923264 98.500000000000014
decision_type=2 9 2 10 10 2 2 2 2 10 2 2 10 2
left_child=-1 4 10 -4 5 6 8 -8 -2 -6 11 12 -3 -12
right_child=1 2 3 -5 9 -7 7 -9 -10 -11 13 -13 -14 -15
leaf_value=-0.0026045885516049446 0.00067039082888210118 0.00024493160484315347 0.0018746306693214175 -0.0010196427793180292 0.00011579328289291303 0.0033045902189967986 0.0035363907047256727 3.2369113832828588e-05 -0.0022115387387491542 0.0024430656921836215 -0.00032027774157424331 0.0025468505778364287 -0.0019488141041050556 -0.0012286406278257593
leaf_weight=106 345 344 277 181 3836 132 157 192 136 109 1684 146 122 721
leaf_count=106 345 344 277 181 3836 132 157 192 136 109 1684 146 122 721
internal_value=5.77759e-05 9.14445e-05 -0.000250255 0.000730824 0.000333257 0.000964813 0.000592703 0.00160868 -0.000144458 0.000180096 -0.000400019 0.000356767 -0.000329397 -0.000592598
internal_weight=8488 8382 3475 458 4907 962 830 349 481 3945 3017 612 466 2405
internal_count=8488 8382 3475 458 4907 962 830 349 481 3945 3017 612 466 2405
cat_boundaries=0 1
cat_threshold=2325745634
is_linear=0
shrinkage=0.03


Tree=86
num_leaves=15
num_cat=0
split_feature=1 27 24 25 31 31 31 31 38 31 28 38 0 31
split_gain=0.553634 0.477746 1.03498 0.567038 0.570192 0.567624 0.654505 0.557148 0.688416 0.547812 0.5439 0.49898 0.46587 0.383166
threshold=227.50000000000003 17.003738425925928 29.284500000000993 0.65500000000000014 0.89374728614850207 1.6316860465116281 1.3223331610305522 2.3393548387096779 1.775397581923065 2.2263297191155131 18.047332175925927 1.8168260706295258 6.5000000000000009 1.793377120963328
decision_type=2 2 10 10 8 10 8 10 2 10 2 2 2 10
left_child=1 -1 11 4 -4 6 12 9 10 13 -9 -3 -6 -7
right_child=-2 2 3 -5 5 7 -8 8 -10 -11 -12 -13 -14 -15
leaf_value=-0.00020990185190433597 0.0016407685103768017 0.00076560755305063834 0.0016825958716297715 0.0022186164202337914 0.0014514075175318265 0.0014962589182071565 -0.001983805592133949 -0.00044869398410505207 -0.0026519864302996582 0.0025089120690972777 0.0012783873315243648 0.0036513921573558556 -0.0010052174507622618 -5.6027824172517687e-06
leaf_weight=5400 180 104 174 110 124 208 274 751 103 128 210 112 158 577
leaf_count=5400 180 104 174 110 124 208 274 751 103 128 210 112 158 577
internal_value=-5.53562e-06 -4.06755e-05 0.000260618 0.000107162 2.13618e-05 -9.27537e-05 -0.000939591 0.000145406 -0.000321111 0.00068908 -7.12881e-05 0.00226194 7.50006e-05 0.000392343
internal_weight=8613 8433 3033 2817 2707 2533 556 1977 1064 913 961 216 282 785
internal_count=8613 8433 3033 2817 2707 2533 556 1977 1064 913 961 216 282 785
is_linear=0
shrinkage=0.03


Tree=87
num_leaves=15
num_cat=2
split_feature=37 31 31 23 6 0 22 0 7 22 11 38 35 30
split_gain=0.792936 0.704711 0.608111 0.507158 0.503184 1.19851 0.466952 0.981058 0.928563 0.530902 0.497673 0.462086 0.404103 0.504618
threshold=0 8.173220338983052 9.8538461538461561 149.50000000000003 2.5000000000000004 8.5000000000000018 6402.0500000000002 8.5000000000000018 1.0000000180025095e-35 5742.3000000000002 1.0000000180025095e-35 1.1659161292103 1 237.12500000000003
decision_type=9 8 10 2 2 2 2 2 2 2 2 2 1 2
left_child=-1 3 -3 4 6 -6 9 8 -8 10 -2 -5 13 -13
right_child=1 2 -4 11 5 -7 7 -9 -10 -11 -12 12 -14 -15
leaf_value=-0.00034419316747359772 0.00041927665821410909 0.0034596539137522336 0.00051506075815497523 0.0014677418482666703 3.6469460549778889e-05 0.003781147592626512 0.002868961734395172 -0.001644179351038082 -0.00020441496976781549 0.0022558220341387723 -0.0013174559493871548 0.00071573901009332837 -0.0014365150157087984 -0.0010812344959280876
leaf_weight=2717 3088 113 143 106 200 125 111 334 436 135 156 301 333 264
leaf_count=2717 3088 113 143 106 200 125 111 334 436 135 156 301 333 264
internal_value=7.85655e-05 0.000275199 0.00181482 0.000205171 0.000338899 0.00147673 0.000252092 -0.000363026 0.00041925 0.000412471 0.000335759 -0.00040553 -0.000626652 -0.000121754
internal_weight=8562 5845 256 5589 4585 325 4260 881 547 3379 3244 1004 898 565
internal_count=8562 5845 256 5589 4585 325 4260 881 547 3379 3244 1004 898 565
cat_boundaries=0 1 2
cat_threshold=1715585701 28
is_linear=0
shrinkage=0.03


Tree=88
num_leaves=15
num_cat=2
split_feature=37 38 25 25 17 36 38 23 38 23 30 1 28 38
split_gain=0.69092 0.736984 0.605083 0.465668 0.444536 0.404055 0.943452 0.650617 0.837869 0.682507 1.0076 0.606578 0.869794 0.862822
threshold=0 1.2010417109342399 0.62481481481481493 0.5594117647058825 1.0000000180025095e-35 1 1.857563854910526 109.50000000000001 1.5123781137803387 76.500000000000014 189.10000000000002 72.500000000000014 0.62855902777777783 1.5294853015304153
decision_type=9 2 10 10 2 9 2 2 2 2 2 2 2 2
left_child=1 3 5 4 -1 7 -7 8 9 -3 -11 12 -9 -14
right_child=-2 2 -4 -5 -6 6 -8 11 -10 10 -12 -13 13 -15
leaf_value=-0.0023439476006374411 -0.00028348333587277779 -0.00052831788638032715 0.0021558531391929134 0.00071208726926325376 3.1200602966779411e-05 -0.00015792622707072601 0.003048932841591924 0.00016342282972648333 -0.00083996518360741966 0.0041641805632648488 -6.3010898661827118e-05 -0.00061308590801022308 0.00082303284922533699 0.0032174187156135811
leaf_weight=203 4940 172 170 116 109 178 154 663 851 101 102 295 345 223
leaf_count=203 4940 172 170 116 109 178 154 663 851 101 102 295 345 223
internal_value=-5.19308e-05 0.000258802 0.000413434 -0.000910791 -0.00151417 0.000317386 0.00129072 0.000194567 -0.000319352 0.000862092 0.00204017 0.000608729 0.000901527 0.00176308
internal_weight=8622 3682 3254 428 312 3084 332 2752 1226 375 203 1526 1231 568
internal_count=8622 3682 3254 428 312 3084 332 2752 1226 375 203 1526 1231 568
cat_boundaries=0 1 2
cat_threshold=161483008 49
is_linear=0
shrinkage=0.03


Tree=89
num_leaves=15
num_cat=2
split_feature=37 32 37 38 23 30 22 23 1 28 32 38 30 22
split_gain=0.972326 0.508804 0.656894 0.588806 0.786224 1.08267 0.913648 1.5279 0.971995 0.785287 0.752488 0.73772 0.653038 0.692274
threshold=0 26.500000000000004 1 1.7291312830872976 72.500000000000014 181.10000000000002 1566.7500000000002 144.50000000000003 22.500000000000004 0.62855902777777783 12.500000000000002 1.1112362603445787 160.02500000000003 6444.0500000000002
decision_type=9 2 9 2 2 2 2 2 2 2 2 2 2 2
left_child=1 2 -1 4 -4 6 8 -8 -6 -10 -7 -12 -5 -14
right_child=-2 -3 3 12 5 10 7 -9 9 -11 11 -13 13 -15
leaf_value=0.0014633937539797544 -0.00046932087131990811 -0.00074599389003945839 -0.00010439204227613947 -0.00076940914909876467 -0.00074049330876195074 -0.0014876474564070985 0.0045114799729312084 0.00032804277186758467 0.00028701965929940344 0.0036672684941888574 -0.0015738292864019361 0.00088429234505805045 0.0011304918886414807 -0.0013782897407565121
leaf_weight=391 2781 459 1487 955 203 191 201 129 118 130 126 859 415 130
leaf_count=391 2781 459 1487 955 203 191 201 129 118 130 126 859 415 130
internal_value=-9.20385e-06 0.000212087 0.000294913 0.00019914 0.000415607 0.000810722 0.00167659 0.00287614 0.000798876 0.00205892 0.000235684 0.000569852 -0.00029654 0.000532067
internal_weight=8575 5794 5335 4944 3444 1957 781 330 451 248 1176 985 1500 545
internal_count=8575 5794 5335 4944 3444 1957 781 330 451 248 1176 985 1500 545
cat_boundaries=0 1 2
cat_threshold=3635948626 2622528
is_linear=0
shrinkage=0.03


Tree=90
num_leaves=15
num_cat=3
split_feature=35 37 30 37 27 27 31 25 30 38 5 13 31 31
split_gain=0.640061 0.753027 0.714285 0.638766 0.621545 0.601088 0.587229 0.607089 0.764528 0.549325 0.533739 1.0148 0.592811 0.4944
threshold=0 1 311.72500000000008 2 17.003738425925928 29.212303240740741 6.3930205949656758 0.45972972972972981 39.500000000000007 1.7721088323550365 0.31010000000000004 1.0000000180025095e-35 1.7149703331811961 1.0823369463999704
decision_type=1 9 2 9 2 2 10 10 2 2 2 2 10 10
left_child=1 -1 3 -2 6 9 7 8 -5 -3 11 -11 -12 -10
right_child=2 5 -4 4 -6 -7 -8 -9 13 10 12 -13 -14 -15
leaf_value=0.0019278476622015441 -0.00078149004366568015 0.00014115753489150667 -0.0028414937524124978 0.0020055312837127508 0.0019192514320263709 0.00083085008045743396 0.0018526814969808381 -0.0011365819786442444 -0.0015091979018358799 0.00097934055291766303 -0.0010907131605338127 -0.0020038799332551004 0.0017653996173484141 0.00027735852479584373
leaf_weight=208 1198 3750 100 172 158 915 131 457 195 137 126 409 136 489
leaf_count=208 1198 3750 100 172 158 915 131 457 195 137 126 409 136 489
internal_value=1.30181e-05 0.000198047 -0.000348927 -0.000261153 0.000132017 0.00012891 -6.26251e-05 -0.000253718 0.000217624 -1.17183e-05 -0.000721229 -0.00125534 0.000391849 -0.000231967
internal_weight=8581 5681 2900 2800 1602 5473 1444 1313 856 4558 808 546 262 684
internal_count=8581 5681 2900 2800 1602 5473 1444 1313 856 4558 808 546 262 684
cat_boundaries=0 1 2 3
cat_threshold=26 136314880 591702026
is_linear=0
shrinkage=0.03


Tree=91
num_leaves=15
num_cat=3
split_feature=37 17 31 25 0 0 0 0 24 28 37 22 37 30
split_gain=0.949688 0.78824 0.513399 0.493183 0.550759 0.539485 0.48393 0.554154 0.783944 0.576481 0.587222 0.559821 0.687252 0.696274
threshold=0 3.5000000000000004 9.0326086956521756 0.24695121951219515 16.500000000000004 4.5000000000000009 7.5000000000000009 11.500000000000002 550.35749999999314 0.53105902777777791 1 6347.2600000000002 2 243.55000000000004
decision_type=9 2 10 10 2 2 2 2 10 2 9 2 9 2
left_child=-1 2 3 5 6 -2 -5 8 11 10 -9 12 -8 -14
right_child=1 -3 -4 4 -6 -7 7 9 -10 -11 -12 -13 13 -15
leaf_value=-0.0007317568688352305 0.0020359843350063588 0.0027723857151150774 0.0017322089991819881 -0.00028550163666781516 -0.0021550222749214592 0.00033078112729881005 0.00013570605854843295 -0.0010589640499895504 -0.0017578335885438832 -0.0015124798895163362 0.0015292815078182943 -0.00061651369535125971 0.00197250296774315 0.00018193193141278211
leaf_weight=1320 194 101 170 2898 111 1199 658 135 127 280 165 258 642 281
leaf_count=1320 194 101 170 2898 111 1199 658 135 127 280 165 258 642 281
internal_value=4.99383e-06 0.000140528 0.000103381 6.3528e-05 -6.30414e-05 0.000568261 -2.03871e-05 0.000281381 0.000521778 -0.000533483 0.000380248 0.000679207 0.000890652 0.00141208
internal_weight=8539 7219 7118 6948 5555 1393 5444 2546 1966 580 300 1839 1581 923
internal_count=8539 7219 7118 6948 5555 1393 5444 2546 1966 580 300 1839 1581 923
cat_boundaries=0 1 2 3
cat_threshold=638886429 268437504 1086341506
is_linear=0
shrinkage=0.03


Tree=92
num_leaves=15
num_cat=4
split_feature=37 35 30 30 27 37 1 21 13 38 0 21 1 37
split_gain=0.9791 0.611448 0.952833 0.924469 0.75909 0.721796 0.575281 0.596173 0.497565 1.27017 1.15779 0.7708 0.669214 0.603691
threshold=0 1 40.250000000000007 324.57500000000005 30.512980324074078 2 145.50000000000003 101.00000000000001 1.0000000180025095e-35 1.4346020944335611 14.500000000000002 70.958333333333357 20.500000000000004 3
decision_type=9 1 2 2 2 9 2 2 2 2 2 2 2 9
left_child=1 2 5 4 8 -1 7 -4 9 12 13 -11 -3 -10
right_child=-2 3 6 -5 -6 -7 -8 -9 10 11 -12 -13 -14 -15
leaf_value=0.0030100044229718248 -0.00051901520767222431 -0.0023222341308838878 -0.00047273158997112805 0.0024015859066186325 -0.00090464549554253554 0.00011427567363716661 0.0014591722525152805 -0.002068003677314204 -0.00035760767844277225 0.0024958061545051514 -0.0026643913132999432 8.9184894247657862e-05 0.00057062169429092835 0.0006204634947473694
leaf_weight=111 2377 117 1063 195 431 230 111 263 775 437 119 165 187 2079
leaf_count=111 2377 117 1063 195 431 230 111 263 775 437 119 165 187 2079
internal_value=-1.67723e-06 0.00019456 -0.000275612 0.000380323 0.000289756 0.00114849 -0.00061547 -0.000789139 0.000422467 0.00103796 0.000234902 0.00183618 -0.000542747 0.000355791
internal_weight=8660 6283 1778 4505 4310 341 1437 1326 3879 906 2973 602 304 2854
internal_count=8660 6283 1778 4505 4310 341 1437 1326 3879 906 2973 602 304 2854
cat_boundaries=0 1 2 3 4
cat_threshold=419003586 1 144703552 277893122
is_linear=0
shrinkage=0.03


Tree=93
num_leaves=15
num_cat=0
split_feature=38 0 24 25 32 26 1 1 23 28 33 22 25 31
split_gain=0.682968 0.363007 0.647248 0.569755 0.739991 0.927393 0.607212 0.464121 0.418268 0.803025 0.70975 1.16644 1.4001 1.15983
threshold=0.87105300439944 11.500000000000002 3.7850000000000006 0.30384615384615393 4.5000000000000009 0.051315789473684217 27.500000000000004 236.50000000000003 32.500000000000007 2.0209432870370372 1.0000000180025095e-35 1619.2460000000001 0.45972972972972981 1.9505869062052248
decision_type=2 2 10 10 2 8 2 2 2 2 2 2 10 10
left_child=-1 7 -3 -4 5 -5 -6 8 9 -2 -10 13 -13 -12
right_child=1 2 3 4 6 -7 -8 -9 10 -11 11 12 -14 -15
leaf_value=-0.002426630133745548 7.3871130962095075e-05 -0.0023439833683574309 0.00069597642116654994 0.0022308978872767984 -0.0033030706030676656 -0.0014315993280816703 -0.0008102822903725415 0.0018710482449802968 -1.7358942789421343e-05 -0.0013329290184709761 0.0012516534322757915 0.00044149492979128163 0.004277652333808047 -0.0009982978998616871
leaf_weight=107 1128 149 383 137 119 114 337 126 4297 540 444 178 165 385
leaf_count=107 1128 149 383 137 119 114 337 126 4297 540 444 178 165 385
internal_value=-4.47845e-05 -1.48083e-05 -0.000489422 -0.000235909 -0.000740735 0.000567453 -0.00146081 6.61564e-05 3.4292e-05 -0.000381568 0.000161126 0.000815519 0.00228688 0.000206742
internal_weight=8609 8502 1239 1090 707 251 456 7263 7137 1668 5469 1172 343 829
internal_count=8609 8502 1239 1090 707 251 456 7263 7137 1668 5469 1172 343 829
is_linear=0
shrinkage=0.03


Tree=94
num_leaves=15
num_cat=2
split_feature=37 30 37 31 6 21 30 38 29 30 31 0 38 30
split_gain=0.614221 0.678057 0.982242 0.633587 0.633948 1.02862 0.785202 0.491036 0.500308 0.489637 0.436887 0.419869 0.373107 0.742697
threshold=0 40.250000000000007 1 0.62923872590659724 2.5000000000000004 84.950000000000003 223.82500000000002 1.7291312830872976 1.0000000180025095e-35 23.750000000000004 1.16811088898138 8.5000000000000018 2.028828769623503 148.50000000000003
decision_type=9 2 9 8 2 2 2 2 2 2 10 2 2 2
left_child=-1 2 9 11 12 -6 -7 8 10 -2 -4 -3 -5 -14
right_child=1 3 7 4 5 6 -8 -9 -10 -11 -12 -13 13 -15
leaf_value=-0.00043779297008621784 0.0010043245271860973 -0.00047867678591501312 -0.00093818319152648509 -5.4250229546781943e-05 -0.00028957080928713758 0.0045213431664654661 0.00084332699182181102 -0.0014734155651167384 0.0022800251613426508 0.0037094148933437877 0.0015131069437758821 -0.0028238307027742982 -0.00033073030488279566 0.0031257823043502869
leaf_weight=2222 103 192 171 4552 203 106 103 120 126 145 106 107 127 100
leaf_count=2222 103 192 171 4552 203 106 103 120 126 145 106 107 127 100
internal_value=-1.04321e-05 0.000141709 0.000975025 2.49389e-05 0.000102287 0.00123141 0.00270873 0.000207192 0.000712762 0.0024857 -1.44367e-07 -0.00131791 4.94422e-06 0.00119196
internal_weight=8483 6261 771 5490 5191 412 209 523 403 248 277 299 4779 227
internal_count=8483 6261 771 5490 5191 412 209 523 403 248 277 299 4779 227
cat_boundaries=0 1 2
cat_threshold=1666003102 2283800576
is_linear=0
shrinkage=0.03


Tree=95
num_leaves=15
num_cat=2
split_feature=37 38 31 2 31 37 22 23 30 38 32 31 23 24
split_gain=1.02822 1.26514 1.22946 0.599988 0.498753 0.411359 0.458484 0.574845 0.376382 0.403999 0.374226 0.682872 1.1011 0.58968
threshold=0 1.6584841159403438 1.1912860821249494 1.0000000180025095e-35 0.28611556982343506 1 6785.2500000000009 127.50000000000001 192.22500000000002 1.5024617807939327 23.500000000000004 4.2896428047626047 153.50000000000003 128.70066666667003
decision_type=9 2 8 2 8 9 2 2 2 2 2 10 2 10
left_child=1 -1 -3 4 -2 -6 10 8 9 -8 11 -7 13 -13
right_child=3 2 -4 -5 5 6 7 -9 -10 -11 -12 12 -14 -15
leaf_value=-0.0007888564673418499 0.0017374806213326965 0.0003008721742398021 0.004099446552100431 -0.00067920234581966799 -0.00059052832193867179 0.0002065279356843923 -0.0016690874011179462 0.00073445868773463487 -0.0028480213432838875 0.0005383062612132302 -0.00029535802202812283 -0.00064568921590560217 0.0040059583423365103 0.0022750255231290106
leaf_weight=157 156 132 183 1150 853 3915 183 180 105 126 1104 162 114 101
leaf_count=157 156 132 183 1150 853 3915 183 180 105 126 1104 162 114 101
internal_value=3.55275e-05 0.00138187 0.00250766 -4.40962e-05 6.01946e-05 2.19574e-05 0.00010998 -0.000680902 -0.00129628 -0.000768985 0.000197246 0.000323954 0.00154338 0.000475954
internal_weight=8621 472 315 8149 6999 6843 5990 594 414 309 5396 4292 377 263
internal_count=8621 472 315 8149 6999 6843 5990 594 414 309 5396 4292 377 263
cat_boundaries=0 1 2
cat_threshold=136314880 621019527
is_linear=0
shrinkage=0.03


Tree=96
num_leaves=15
num_cat=2
split_feature=35 32 23 27 24 28 23 33 29 38 36 27 22 32
split_gain=0.522387 0.539495 0.628614 0.715671 0.494355 0.431523 0.560394 0.451632 0.379266 0.33288 0.485445 0.737889 0.465627 0.404188
threshold=0 4.5000000000000009 122.50000000000001 13.999982638888889 1.0000000180025095e-35 1.1896817129629633 45.500000000000007 1.0000000180025095e-35 1.0000000180025095e-35 1.7953369306397675 1 13.999334490740742 906.93750000000011 30.500000000000004
decision_type=1 2 2 2 8 2 2 2 2 2 9 2 2 2
left_child=4 2 3 -2 -1 8 -7 -8 -3 13 12 -12 -11 -6
right_child=1 5 -4 -5 9 6 7 -9 -10 10 11 -13 -14 -15
leaf_value=0.0019687277353792024 0.00011314914671086084 -0.00067285700222118831 -0.001147542033952871 0.0022882470603023345 0.00028259610669715581 -0.0017457044741421624 -0.00035908013619673218 0.0013293291829359077 -0.0021222348572153254 0.000843054369098769 0.0024880363667585158 -0.00061547606410765712 -0.0013957904789217658 -0.00085027778037653149
leaf_weight=132 853 378 279 162 4391 191 554 192 285 103 111 182 444 303
leaf_count=132 853 378 279 162 4391 191 554 192 285 103 111 182 444 303
internal_value=-1.34207e-05 -0.000340653 0.000113638 0.000460308 0.000154048 -0.000710191 -0.000295762 7.54703e-05 -0.00129589 0.000111042 -0.000438977 0.000541767 -0.000956726 0.000209469
internal_weight=8560 2894 1294 1015 5666 1600 937 746 663 5534 840 293 547 4694
internal_count=8560 2894 1294 1015 5666 1600 937 746 663 5534 840 293 547 4694
cat_boundaries=0 1 2
cat_threshold=26 48
is_linear=0
shrinkage=0.03


Tree=97
num_leaves=15
num_cat=0
split_feature=17 1 38 22 30 27 38 38 31 10 19 22 27 38
split_gain=0.554533 0.461684 1.18498 1.45221 0.98165 0.619959 0.560749 0.51304 1.38286 0.58719 0.786372 0.551937 0.435611 0.55116
threshold=3.5000000000000004 14.500000000000002 1.5656809208714537 855.05000000000007 217.50000000000003 29.624641203703707 1.7459997164571208 2.0419870592411393 1.6012326489300175 1.0000000180025095e-35 1.0000000180025095e-35 10820.35 9.9995775462962992 1.2518215528079846
decision_type=2 2 2 2 2 2 2 2 8 2 2 2 2 2
left_child=1 2 5 -4 6 -1 -5 9 -9 -3 11 12 13 -11
right_child=-2 7 3 4 -6 -7 -8 8 -10 10 -12 -13 -14 -15
leaf_value=-0.00039179973688633436 0.0019487710604106164 -0.0017835798705413634 0.0034530114477386701 0.0010045224922795254 0.002520817061964381 0.0020157273690316027 -0.0016709499476838189 -0.0013464719498802399 0.0032865072507047444 -0.001009317420651384 0.0022473891167782058 -0.0023512643870701737 -0.00026214411202365307 0.0015910293316715451
leaf_weight=1157 124 215 208 119 134 105 173 106 128 104 117 109 5515 249
leaf_count=1157 124 215 208 119 134 105 173 106 128 104 117 109 5515 249
internal_value=-4.28503e-05 -7.21146e-05 0.000340094 0.00139823 0.000394961 -0.00019149 -0.000580603 -0.000191563 0.00118781 -0.000242723 -0.000188361 -0.000236041 -0.00019675 0.000824922
internal_weight=8563 8439 1896 634 426 1262 292 6543 234 6309 6094 5977 5868 353
internal_count=8563 8439 1896 634 426 1262 292 6543 234 6309 6094 5977 5868 353
is_linear=0
shrinkage=0.03


Tree=98
num_leaves=15
num_cat=3
split_feature=17 38 37 23 1 35 35 23 32 32 30 1 30 31
split_gain=0.5506 0.526275 0.502136 0.61476 0.553177 0.442908 0.3365 0.463059 0.422848 0.453292 0.332736 0.786554 0.797701 0.747136
threshold=3.5000000000000004 0.87105300439944 0 96.500000000000014 90.500000000000014 1 2 61.500000000000007 14.500000000000002 8.5000000000000018 107.30000000000001 65.500000000000014 98.500000000000014 1.4812770183432644
decision_type=2 2 9 2 2 1 1 2 2 2 2 2 2 10
left_child=1 -1 3 4 6 -6 7 8 9 -3 11 12 -4 -13
right_child=-2 2 10 -5 5 -7 -8 -9 -10 -11 -12 13 -14 -15
leaf_value=-0.0021941531840169314 0.0019752845668146377 -0.00053420089580344431 0.00053305247963041352 -0.0018897881032089176 0.0022754522126038059 -0.00010193234382990508 -0.00091398661428753825 0.00093872548961626058 -0.0011691141299240914 0.0018607432891715417 -7.3671554196181127e-05 -0.0010570674664228197 0.0028392590676289604 0.0010460623004582038
leaf_weight=103 121 198 1535 230 119 162 773 286 379 111 3719 519 148 215
leaf_count=103 121 198 1535 230 119 162 773 286 379 111 3719 519 148 215
internal_value=-3.41601e-05 -6.27752e-05 -3.66218e-05 -0.000418055 -0.000253204 0.00098221 -0.000451917 -7.50488e-05 -0.000497563 0.000326119 0.000104254 0.000378457 0.000735856 -0.000441028
internal_weight=8618 8497 8394 2258 2028 281 1747 974 688 309 6136 2417 1683 734
internal_count=8618 8497 8394 2258 2028 281 1747 974 688 309 6136 2417 1683 734
cat_boundaries=0 1 2 3
cat_threshold=608481335 26 18
is_linear=0
shrinkage=0.03


Tree=99
num_leaves=15
num_cat=4
split_feature=38 31 36 38 37 30 5 22 2 31 26 24 35 37
split_gain=0.628956 0.802213 0.609229 0.590728 0.572433 0.461933 0.438683 0.402107 0.385331 0.421802 0.436148 0.432941 0.394099 0.595897
threshold=1.9436636695731058 2.6397879858657247 0 0.87105300439944 1 40.250000000000007 0.81665000000000021 96.812500000000014 1.0000000180025095e-35 0.35714348202647267 0.06186224489795919 29.284500000000993 2 3
decision_type=2 8 9 2 9 2 2 2 2 8 8 10 1 9
left_child=3 2 -2 -1 5 7 8 -5 9 -6 12 -12 -11 -14
right_child=1 -3 -4 4 6 -7 -8 -9 -10 10 11 -13 13 -15
leaf_value=-0.0022948174309343674 0.0022533716688538496 0.0027329742691416122 -0.00028886860037752565 -0.0011776983054920232 0.0015045029500600465 -0.0015125623396957577 0.0018557594664162023 0.001354690906891101 -0.00053881680447530041 -0.0010472105401629996 -0.00036372151486923764 0.0020047119749395993 0.0015358951994369075 4.0887060878468176e-07
leaf_weight=104 100 165 366 105 190 398 120 122 941 291 107 198 228 5151
leaf_count=104 100 165 366 105 190 398 120 122 941 291 107 198 228 5151
internal_value=2.3658e-05 0.000935336 0.000298833 -4.86573e-05 -1.89031e-05 -0.000882497 5.69345e-05 0.000183321 2.66376e-05 0.000112946 6.86958e-05 0.00117382 9.24918e-06 6.82229e-05
internal_weight=8586 631 466 7955 7851 625 7226 227 7106 6165 5975 305 5670 5379
internal_count=8586 631 466 7955 7851 625 7226 227 7106 6165 5975 305 5670 5379
cat_boundaries=0 1 2 3 4
cat_threshold=6 539230221 4 167784528
is_linear=0
shrinkage=0.03


Tree=100
num_leaves=15
num_cat=2
split_feature=37 27 24 32 31 38 30 29 38 37 30 0 1 25
split_gain=0.63808 1.0628 1.00147 1.10876 1.01127 0.648701 0.863352 0.82338 0.558455 0.524411 0.777778 0.933185 0.670559 0.572456
threshold=0 17.423611111111114 3.2871666666666903 4.5000000000000009 1.200840336134454 1.6919028817953892 160.02500000000003 3.5000000000000004 1.0073962651787427 1 230.07500000000002 6.5000000000000009 54.500000000000007 0.22290322580645164
decision_type=9 2 10 2 8 2 2 2 2 9 2 2 2 10
left_child=1 2 4 -4 -1 8 -7 -8 -2 10 11 -10 -11 -14
right_child=5 -3 3 -5 -6 6 7 -9 9 12 -12 -13 13 -15
leaf_value=-0.0032868824994305747 -0.0010000324495102061 0.0033434649344417262 0.0040252503977401301 0.00016707276879969867 0.00061563078701550511 -0.00097078730647660633 0.0008576323841941937 -0.0015607607042119819 0.0017712237132617222 -0.00040194980215388707 -0.00018204574295785998 0.00032958557022077812 0.0021612465288765596 0.00022437777741975693
leaf_weight=106 376 132 103 192 137 1290 569 163 655 1950 969 1055 169 733
leaf_count=106 376 132 103 192 137 1290 569 163 655 1950 969 1055 169 733
internal_value=3.5654e-05 0.000917571 0.000339425 0.00151417 -0.0010867 -3.99748e-05 -0.000503821 0.00031911 0.000118735 0.000194789 0.000495151 0.000881792 -8.8778e-05 0.000587272
internal_weight=8599 670 538 295 243 7929 2022 732 5907 5531 2679 1710 2852 902
internal_count=8599 670 538 295 243 7929 2022 732 5907 5531 2679 1710 2852 902
cat_boundaries=0 1 2
cat_threshold=154665984 310397698
is_linear=0
shrinkage=0.03


Tree=101
num_leaves=15
num_cat=3
split_feature=38 31 30 0 37 30 37 24 37 26 23 30 23 1
split_gain=0.52395 1.56231 0.560239 0.482323 0.680531 0.587225 0.774249 0.577527 0.74589 0.737221 0.527506 0.614169 0.857825 0.504988
threshold=1.9855361078882079 2.6050267885282072 162.12500000000003 11.500000000000002 0 102.50000000000001 1 6.5023333333351196 2 0.05634920634920635 15.500000000000002 327.65000000000003 192.50000000000003 8.5000000000000018
decision_type=2 8 2 2 9 2 9 8 9 10 2 2 2 2
left_child=3 2 -2 4 -1 6 -6 -5 -9 -10 -7 12 13 -12
right_child=1 -3 -4 7 5 10 -8 8 9 -11 11 -13 -14 -15
leaf_value=-0.00065760944343795679 -0.0008152383256971777 0.0038977932132596635 0.0018125381171429419 -0.0028234452406382736 0.0016545476176477465 -0.001945461411518395 0.00022333991833961236 -0.00098915582437083573 0.001888509884245001 -0.00097729353108982593 0.00090790389108406087 0.001643301895985912 -0.0027962705636253721 -0.00017387217607769327
leaf_weight=1191 257 119 102 102 433 133 1512 733 199 136 448 189 104 2918
leaf_count=1191 257 119 102 102 433 133 1512 733 199 136 448 189 104 2918
internal_value=-4.633e-05 0.000918829 -6.86277e-05 -0.0001033 -8.15437e-06 0.000127596 0.000551613 -0.000666695 -0.000460713 0.000704062 -8.9555e-05 -2.20951e-05 -0.000112804 -2.98925e-05
internal_weight=8576 478 359 8098 6928 5737 1945 1170 1068 335 3792 3659 3470 3366
internal_count=8576 478 359 8098 6928 5737 1945 1170 1068 335 3792 3659 3470 3366
cat_boundaries=0 1 2 3
cat_threshold=1678082814 2418540544 2990569472
is_linear=0
shrinkage=0.03


Tree=102
num_leaves=15
num_cat=1
split_feature=35 38 38 38 1 31 38 5 31 31 24 25 38 30
split_gain=0.520246 0.610083 0.730038 0.753183 0.706755 0.631953 0.519824 0.470603 0.451423 0.319047 0.544731 0.495029 0.271628 0.337033
threshold=0 1.9518437815742264 1.7257320910883733 1.775397581923065 41.500000000000007 0.5018165865072145 1.5123781137803387 0.10265000000000002 1.1255252100840338 2.6397879858657247 56.07100000000036 0.28285714285714292 1.1477000725872661 324.57500000000005
decision_type=1 2 2 2 2 8 2 2 10 8 10 8 2 2
left_child=12 2 5 -4 -5 -2 9 -3 -8 11 -11 -7 -1 -14
right_child=1 7 3 4 -6 6 8 -9 -10 10 -12 -13 13 -15
leaf_value=-0.00050457461658472743 0.0016055249675286944 -0.00012898964407664221 -0.0032099550053495546 0.0010760436536018194 -0.0015832552282766456 -0.0016042996169378361 0.0021658598187718993 0.0026818005566704361 8.9301033215107108e-06 0.0005124855126403937 -0.0019856072178215702 -3.51820674875532e-06 0.00017527501050087666 0.0014225928195014713
leaf_weight=505 161 113 153 131 287 225 107 102 475 105 312 765 4927 203
leaf_count=505 161 113 153 131 287 225 107 102 475 105 312 765 4927 203
internal_value=-9.6734e-06 -0.000332813 -0.000455507 -0.00140903 -0.000749839 -0.000202269 -0.000348602 0.0012045 0.000405479 -0.000660524 -0.00135659 -0.000367332 0.000159 0.000224633
internal_weight=8571 2936 2721 571 418 2150 1989 215 582 1407 417 990 5635 5130
internal_count=8571 2936 2721 571 418 2150 1989 215 582 1407 417 990 5635 5130
cat_boundaries=0 1
cat_threshold=26
is_linear=0
shrinkage=0.03


Tree=103
num_leaves=15
num_cat=2
split_feature=37 0 32 30 24 23 1 23 34 21 31 32 31 37
split_gain=0.427895 0.717938 0.926791 0.983934 0.488285 0.462568 0.397647 0.85306 1.03554 0.707292 0.718508 1.00111 0.570029 0.514945
threshold=0 6.5000000000000009 6.5000000000000009 28.165000000000003 15.979166666666389 16.500000000000004 17.500000000000004 144.50000000000003 1.0000000180025095e-35 118.83333333333336 2.5201640784751711 2.5000000000000004 1.8964901477832516 1
decision_type=9 2 2 2 8 2 2 2 2 2 10 2 8 9
left_child=1 -1 3 -3 5 -2 7 8 9 10 11 -6 -13 -8
right_child=4 2 -4 -5 6 -7 13 -9 -10 -11 -12 12 -14 -15
leaf_value=0.0022084323507890356 0.00082801517505103203 -0.00071985928854603016 -0.0015198885054614384 0.0025779995188767923 0.0043054914232685199 -0.0012727140573971106 -0.00065656170083922927 0.0020728155064845097 -0.0006943264352472176 -0.00095805738028965492 -0.00036334135375414413 0.00048509101752956503 0.0028068246919562231 4.6942753837124585e-05
leaf_weight=208 117 148 194 181 109 487 1197 238 733 169 202 348 131 4177
leaf_count=208 117 148 194 181 109 487 1197 238 733 169 202 348 131 4177
internal_value=1.85908e-05 0.000707928 0.000124704 0.00109446 -4.59672e-05 -0.000865785 2.17642e-05 0.000391133 0.000154584 0.000803439 0.00118026 0.00171055 0.00112005 -0.00011089
internal_weight=8639 731 523 329 7908 604 7304 1930 1692 959 790 588 479 5374
internal_count=8639 731 523 329 7908 604 7304 1930 1692 959 790 588 479 5374
cat_boundaries=0 1 2
cat_threshold=137372738 612651061
is_linear=0
shrinkage=0.03


Tree=104
num_leaves=15
num_cat=4
split_feature=17 2 36 37 22 28 22 37 20 37 28 28 31 1
split_gain=0.60643 0.445181 0.435064 0.425218 0.398096 0.670572 0.554136 0.499113 0.354481 0.333698 0.733196 0.810136 0.653985 0.760067
threshold=3.5000000000000004 1.0000000180025095e-35 0 1 1443.4020000000003 1.9757060185185187 5742.3000000000002 2 1.0000000180025095e-35 3 1.1232986111111114 3.0406018518518523 1.4812770183432644 49.500000000000007
decision_type=2 2 9 9 2 2 2 9 2 9 2 2 8 2
left_child=1 3 -3 -1 7 -6 -7 -4 9 -5 12 -12 13 -11
right_child=-2 2 4 8 5 6 -8 -9 -10 10 11 -13 -14 -15
leaf_value=-0.00061352205863353978 0.0020230222759811682 0.0011383149768807925 0.0015184648455008221 6.3851703105809193e-05 -0.0025866886528192793 -0.0015297088428836811 0.0013814415950764668 -0.00068283008750698239 -0.0008040713172973278 0.0015199958125237899 -0.0025317984302283118 0.0004446183928568545 0.0019411663007850542 -0.0014937776234333535
leaf_weight=795 129 110 106 4985 232 143 100 458 355 163 114 296 437 140
leaf_count=795 129 110 106 4985 232 143 100 458 355 163 114 296 437 140
internal_value=-1.83417e-05 -4.95648e-05 -0.000598382 3.69953e-05 -0.000785642 -0.00143309 -0.000331705 -0.000254295 0.000117446 0.00017096 0.000629226 -0.000382971 0.00119854 0.000127493
internal_weight=8563 8434 1149 7285 1039 475 243 564 6490 6135 1150 410 740 303
internal_count=8563 8434 1149 7285 1039 475 243 564 6490 6135 1150 410 740 303
cat_boundaries=0 1 2 3 4
cat_threshold=4 1644430133 268435473 2227750914
is_linear=0
shrinkage=0.03


Tree=105
num_leaves=15
num_cat=2
split_feature=37 28 27 27 17 1 32 22 27 30 28 37 30 31
split_gain=0.55938 1.41441 1.62212 0.838952 0.597986 0.430105 0.557708 0.650978 0.547213 0.578535 0.540603 0.380575 0.362554 0.616665
threshold=0 1.1472222222222224 17.003738425925928 13.999600694444448 3.5000000000000004 12.500000000000002 1.5000000000000002 6444.0500000000002 13.99992476851852 49.500000000000007 9.9436805555555576 1 170.12500000000003 1.3223331610305522
decision_type=9 2 2 2 2 2 2 2 2 2 2 9 2 8
left_child=1 2 3 -1 5 6 -2 8 9 -8 12 -11 13 -10
right_child=4 -3 -4 -5 -6 -7 7 -9 10 11 -12 -13 -14 -15
leaf_value=0.0020493074502908335 0.0020696227991164537 -0.00187288686983753 0.0047027060559619808 -0.0010122474526520818 0.0021138212973373415 -0.00017658814261832894 0.0012427802835273639 -0.0017496773282541557 0.0024817211379490373 -2.4702137029550459e-05 -0.00053239753591829595 -0.0016916042749500391 0.0023891956013053915 -0.00052447119210240721
leaf_weight=174 157 125 121 150 115 6348 187 141 106 312 151 199 229 146
leaf_count=174 157 125 121 150 115 6348 187 141 106 312 151 199 229 146
internal_value=3.0495e-05 0.000930446 0.00173881 0.000631921 -3.40133e-05 -6.5024e-05 0.000369994 0.000188592 0.000394078 -0.000184956 0.00103358 -0.000707435 0.00152519 0.000740038
internal_weight=8661 570 445 324 8091 7976 1628 1471 1330 698 632 511 481 252
internal_count=8661 570 445 324 8091 7976 1628 1471 1330 698 632 511 481 252
cat_boundaries=0 1 2
cat_threshold=136839232 2428502018
is_linear=0
shrinkage=0.03


Tree=106
num_leaves=15
num_cat=3
split_feature=35 30 32 37 1 25 38 31 38 37 0 17 30 38
split_gain=0.544563 0.797111 0.791438 0.758918 0.439685 0.98559 0.460844 0.565391 0.543479 0.429796 0.54537 0.407564 0.617986 0.538701
threshold=0 324.57500000000005 30.500000000000004 1 32.500000000000007 0.43223443223443231 1.6884836739623708 2.7397474403805018 1.8901161922517982 2 6.5000000000000009 1.0000000180025095e-35 40.250000000000007 1.734941182633164
decision_type=1 2 2 9 2 10 2 10 2 9 2 2 2 2
left_child=1 9 -3 11 5 -5 -6 8 -8 10 -1 12 -2 -14
right_child=3 2 -4 4 6 -7 7 -9 -10 -11 -12 -13 13 -15
leaf_value=0.0025564501782895863 -0.00012559032180625333 0.0036289136951546306 8.5802884880519867e-05 0.0017323400287329073 0.00013970570421658804 -0.00062786281193306633 -0.0029084051431598678 0.0003813584377783556 -0.00025948650509361989 2.1034464467295659e-07 -1.1224884919839787e-05 -0.00021067900288392633 -0.0014671500445901352 -0.003822833660891966
leaf_weight=140 228 115 112 346 714 295 177 154 115 5106 159 391 374 114
leaf_count=140 228 115 112 346 714 295 177 154 115 5106 159 391 374 114
internal_value=-3.31824e-05 0.000138981 0.00188077 -0.000365835 1.54724e-05 0.000646131 -0.000332888 -0.00108946 -0.00186517 6.60859e-05 0.00115249 -0.000980776 -0.00141502 -0.00201745
internal_weight=8540 5632 227 2908 1801 641 1160 446 292 5405 299 1107 716 488
internal_count=8540 5632 227 2908 1801 641 1160 446 292 5405 299 1107 716 488
cat_boundaries=0 1 2 3
cat_threshold=26 723552270 167805194
is_linear=0
shrinkage=0.03


Tree=107
num_leaves=15
num_cat=2
split_feature=38 36 37 38 17 24 25 23 25 28 23 38 38 0
split_gain=0.741167 1.67288 0.427778 0.36888 0.546218 0.370919 0.33593 0.672668 0.503871 0.431619 0.597107 0.49114 0.368403 0.702434
threshold=2.0563436588022119 0 1 1.9152691674019804 1.5000000000000002 13.420333333333257 0.19000000000000003 18.500000000000004 0.20937500000000003 5.9232233796296301 58.500000000000007 1.5123781137803387 1.3418690721661384 4.5000000000000009
decision_type=2 9 9 2 2 10 10 2 10 2 2 2 2 2
left_child=2 -2 3 4 5 -1 7 -4 -8 10 11 -9 -10 -14
right_child=1 -3 6 -5 -6 -7 8 9 12 -11 -12 -13 13 -15
leaf_value=-0.0015825318631052256 0.0032887784462472219 -0.0013757003621440687 0.0023189802893947035 0.00070624863865064835 -0.0023447227201406034 -0.00030734567752691597 -0.0016490717963497648 -0.0010130941363641149 -0.00037620753424274963 0.0015254838032066631 -0.0018571067940974177 0.0012570111907033216 -0.00084891104264528557 0.00034444621336469726
leaf_weight=235 162 111 159 212 151 1624 179 139 1798 157 151 224 527 2816
leaf_count=235 162 111 159 212 151 1624 179 139 1798 157 151 224 527 2816
internal_value=-7.59534e-05 0.00146231 -0.000126114 -0.000481789 -0.000609491 -0.000468545 3.16973e-06 0.000564513 -8.44024e-05 0.000148775 -0.000271737 0.000387742 -2.99235e-05 0.000156322
internal_weight=8645 273 8372 2222 2010 1859 6150 830 5320 671 514 363 5141 3343
internal_count=8645 273 8372 2222 2010 1859 6150 830 5320 671 514 363 5141 3343
cat_boundaries=0 1 2
cat_threshold=5 1979716511
is_linear=0
shrinkage=0.03


Tree=108
num_leaves=15
num_cat=4
split_feature=37 35 5 32 5 38 21 38 37 38 34 35 32 22
split_gain=0.646089 0.766621 0.852252 1.11599 0.717113 0.576673 0.871491 0.546904 0.511757 0.494013 0.527014 1.31895 0.487121 0.439909
threshold=0 1 0.28175000000000006 12.500000000000002 0.61250000000000016 1.7066419745853765 65.90000000000002 1.4859309917056773 2 1.3304786427951076 1.0000000180025095e-35 3 26.500000000000004 1386.5015000000003
decision_type=9 1 2 2 2 2 2 2 9 2 2 1 2 2
left_child=1 2 3 -1 12 7 -7 9 -9 10 11 -2 -3 -14
right_child=5 4 -4 -5 -6 6 -8 8 -10 -11 -12 -13 13 -15
leaf_value=0.0011064736027863215 -1.1748466064626186e-05 0.00018182571679445277 -0.00059281766144363395 0.0047053947048132407 0.0021791363466256018 -0.0017550245678622128 0.00040284189205595301 -0.0004926938178638617 0.00097040718613053737 -0.00081303556648815753 -0.00038688104709176478 0.0033270784472081098 0.00049457599080117952 -0.0016253514609993764
leaf_weight=275 500 3076 143 108 149 475 261 305 695 1020 1048 126 131 269
leaf_count=275 500 3076 143 108 149 475 261 305 695 1020 1048 126 131 269
internal_value=2.93012e-05 0.000297824 0.00135763 0.00212131 0.000140731 -0.00022248 -0.000989803 -7.01998e-05 0.000528939 -0.000292597 2.45159e-05 0.000713244 5.37589e-05 -0.000931075
internal_weight=8581 4151 526 383 3625 4430 736 3694 1000 2694 1674 626 3476 400
internal_count=8581 4151 526 383 3625 4430 736 3694 1000 2694 1674 626 3476 400
cat_boundaries=0 1 2 3 4
cat_threshold=423111755 18 2684358688 19
is_linear=0
shrinkage=0.03


Tree=109
num_leaves=15
num_cat=2
split_feature=38 31 37 37 31 32 26 31 38 30 38 32 28 28
split_gain=0.503407 0.430826 0.791754 0.64312 0.606815 0.579311 1.27969 0.636562 0.617259 0.950473 0.505383 0.495745 0.482208 0.470884
threshold=1.0073962651787427 2.308391608391609 0 1 7.7898305084745774 1.5000000000000002 0.022474747474747477 1.0133141338059373 2.028828769623503 296.02500000000003 1.9092248573365234 30.500000000000004 15.638628472222225 2.8361574074074078
decision_type=2 10 9 9 10 2 10 8 2 2 2 2 2 2
left_child=-1 3 -3 13 11 6 -5 -7 9 10 12 -4 -9 -2
right_child=1 2 4 5 -6 7 -8 8 -10 -11 -12 -13 -14 -15
leaf_value=-0.0010685144622248929 -0.00063605369981886142 -0.0011017639632949939 4.9764536529352461e-05 0.0036999933843577461 0.0016152264858857531 -0.00041685829130689087 -0.00016708434454773901 0.00073947245802409079 0.0027242855486798688 -0.0023129584428834529 -0.0015049420907038999 -0.0015770583233626729 -0.000896349915580278 0.00070681334292188136
leaf_weight=369 1072 702 1712 146 203 843 163 2388 110 109 104 187 174 301
leaf_count=369 1072 702 1712 146 203 843 163 2388 110 109 104 187 174 301
internal_value=1.54765e-05 6.41729e-05 -0.000237617 0.00022059 5.59555e-05 0.000410796 0.00166008 0.00030835 0.000520257 0.00043289 0.000545154 -0.000110433 0.000628374 -0.000339189
internal_weight=8583 8214 2804 5410 2102 4037 309 3728 2885 2775 2666 1899 2562 1373
internal_count=8583 8214 2804 5410 2102 4037 309 3728 2885 2775 2666 1899 2562 1373
cat_boundaries=0 1 2
cat_threshold=3829444610 940851391
is_linear=0
shrinkage=0.03


Tree=110
num_leaves=15
num_cat=3
split_feature=31 35 31 37 17 28 28 38 38 24 37 27 31 31
split_gain=0.5802 0.594933 0.524523 1.00031 0.699088 0.679891 0.519068 0.439942 0.477745 0.601525 0.437225 0.492522 0.407128 0.343593
threshold=0.1106014271151886 0 1.0133141338059373 1 1.0000000180025095e-35 3.4354398148148153 20.991348379629631 1.857563854910526 1.734941182633164 20.074999999999566 2 8.9101967592592608 2.1229755687037861 2.308391608391609
decision_type=8 1 8 9 2 2 2 2 2 10 9 2 8 8
left_child=-1 2 4 -4 5 10 13 8 -3 -10 -2 -12 -11 -5
right_child=1 7 3 6 -6 -7 -8 -9 9 12 11 -13 -14 -15
leaf_value=0.0021460655207540735 0.0020508368156462878 -0.00032793108206226893 0.0025856483003687848 0.00037922845999167551 -0.0021248738293879652 -0.001502539070880981 0.0016453489282627729 0.00059356128857118457 -0.0034889730690338184 -0.001703033171271762 0.0017664221692184853 -0.00072615936578518739 0.00074910216573625802 -0.00015831579786413554
leaf_weight=115 121 2113 157 2495 187 202 219 383 100 156 101 243 100 1874
leaf_count=115 121 2113 157 2495 187 202 219 383 100 156 101 243 100 1874
internal_value=2.95267e-05 7.25175e-07 0.000180313 0.00030382 -0.000503809 -4.93274e-05 0.000219622 -0.000351239 -0.000499222 -0.0015159 0.00058196 5.51388e-06 -0.000745168 0.000148659
internal_weight=8566 8451 5599 4745 854 667 4588 2852 2469 356 465 344 256 4369
internal_count=8566 8451 5599 4745 854 667 4588 2852 2469 356 465 344 256 4369
cat_boundaries=0 1 2 3
cat_threshold=26 136314880 9963520
is_linear=0
shrinkage=0.03


Tree=111
num_leaves=15
num_cat=3
split_feature=37 2 23 29 23 37 25 27 1 37 23 33 23 33
split_gain=0.478642 0.361116 0.50147 0.577434 0.476925 0.536098 0.425212 0.364078 0.421856 0.652494 0.559045 0.914143 1.00651 0.65393
threshold=0 1.0000000180025095e-35 135.50000000000003 1.5000000000000002 118.50000000000001 1 0.32250000000000006 12.999375000000002 12.500000000000002 2 50.500000000000007 1.0000000180025095e-35 29.500000000000004 1.0000000180025095e-35
decision_type=9 2 2 2 2 9 8 2 2 9 2 2 2 2
left_child=-1 7 4 -4 5 -3 -7 -2 9 -9 11 -10 -13 -12
right_child=1 2 3 -5 -6 6 -8 8 10 -11 13 12 -14 -15
leaf_value=-0.00042579344283376672 -0.00038710933245192212 -0.0010776331042436492 0.0001282028080269444 -0.0026425866728906583 0.0018751834674145685 -0.00018090649411948233 0.0022817880729795433 -0.00050802092180464204 0.0013589366314263717 0.0012953106105090117 -0.00018463107589988345 -0.0023901770013416632 0.0010871192366635847 0.00085333144285342356
leaf_weight=1448 703 325 119 157 110 171 100 232 769 782 2713 145 155 684
leaf_count=1448 703 325 119 157 110 171 100 232 769 782 2713 145 155 684
internal_value=6.99642e-05 0.00017051 -0.000363669 -0.00144793 6.02081e-05 -0.000274771 0.000701935 0.000255625 0.000338078 0.000890478 0.000212657 0.000810992 -0.000593574 2.4367e-05
internal_weight=8613 7165 982 276 706 596 271 6183 5480 1014 4466 1069 300 3397
internal_count=8613 7165 982 276 706 596 271 6183 5480 1014 4466 1069 300 3397
cat_boundaries=0 1 2 3
cat_threshold=638333350 12584968 2164310016
is_linear=0
shrinkage=0.03


Tree=112
num_leaves=15
num_cat=2
split_feature=30 33 37 31 31 35 24 24 24 25 26 31 23 12
split_gain=0.425819 0.487713 1.25103 0.957067 0.73796 0.560962 0.589773 0.509912 0.632083 0.465159 0.855933 0.589793 0.511568 0.493087
threshold=387.75000000000006 1.0000000180025095e-35 0 3.3691925433176455 5.3583467094703057 1 450.47533333333797 217.58266666667305 99.208500000000086 0.22290322580645164 0.039230769230769243 1.091356184798808 19.500000000000004 1.0000000180025095e-35
decision_type=2 2 9 8 10 1 10 10 10 10 10 8 2 2
left_child=1 5 -3 7 -5 9 -7 8 -4 10 12 -11 -1 -13
right_child=-2 2 3 4 -6 6 -8 -9 -10 11 -12 13 -14 -15
leaf_value=0.0032926545758156715 0.0019841296129628305 -0.00030466171708216412 0.0006344145634584492 0.0046788384991314725 0.0011590409302109895 -0.00029892309490713243 -0.0024770721153191547 -0.00037532533637741922 0.0031953119510831703 -0.0011774763072391937 -0.00019099362790499119 0.00027716281697035667 0.00090730555794046571 -0.0015217575389247591
leaf_weight=147 101 954 320 113 102 3150 116 247 119 334 327 2258 180 146
leaf_count=147 101 954 320 113 102 3150 116 247 119 334 327 2258 180 146
internal_value=4.76545e-05 2.46797e-05 0.000454871 0.00124861 0.00300898 -9.51769e-05 -0.000375137 0.000715087 0.0013286 0.000174974 0.000894312 3.79107e-06 0.00197962 0.000167911
internal_weight=8614 8513 1855 901 215 6658 3266 686 439 3392 654 2738 327 2404
internal_count=8614 8513 1855 901 215 6658 3266 686 439 3392 654 2738 327 2404
cat_boundaries=0 1 2
cat_threshold=2790309925 24
is_linear=0
shrinkage=0.03


Tree=113
num_leaves=15
num_cat=4
split_feature=35 21 30 37 30 31 37 14 37 1 30 28 27 23
split_gain=0.412732 0.729717 0.572289 0.534628 0.414473 0.685608 0.582239 0.308518 0.300381 0.692539 0.648312 0.506915 0.484671 0.506263
threshold=0 190.00000000000003 304.85000000000008 1 52.500000000000007 0.78967355096602276 2 2.5000000000000004 3 21.500000000000004 110.50000000000001 1.6597569444444447 13.999959490740741 26.500000000000004
decision_type=1 2 2 9 2 10 9 2 9 2 2 2 2 2
left_child=2 8 3 -1 6 -6 7 -5 9 10 12 -11 13 -2
right_child=1 -3 -4 4 5 -7 -8 -9 -10 11 -12 -13 -14 -15
leaf_value=-0.00089722469828446027 -0.00068006584551512156 0.0021786130709231747 -0.0024517997523181073 -0.0011297106440358148 -0.0023782525387688134 4.088054572466316e-05 0.0020634305084025568 0.00092163691208558846 0.00022617536265736435 -0.0013867926961196521 -0.0010339567806139322 0.00057723968892931128 0.0028168341957830957 0.001581394795709545
leaf_weight=681 171 158 106 130 117 1067 193 134 4702 533 196 152 105 186
leaf_count=681 171 158 106 130 117 1067 193 134 4702 533 196 152 105 186
internal_value=3.59754e-05 0.000165701 -0.000294912 -0.00019772 9.74424e-05 -0.000198172 0.000865456 -8.52666e-05 0.000113363 -0.000281197 0.000411794 -0.000950978 0.00102514 0.000498174
internal_weight=8631 6203 2428 2322 1641 1184 457 264 6045 1343 658 685 462 357
internal_count=8631 6203 2428 2322 1641 1184 457 264 6045 1343 658 685 462 357
cat_boundaries=0 1 2 3 4
cat_threshold=1 587213578 12845200 1149259829
is_linear=0
shrinkage=0.03


Tree=114
num_leaves=15
num_cat=0
split_feature=31 22 16 17 27 25 0 0 1 28 1 25 1 1
split_gain=0.521096 0.517811 0.701272 0.537019 0.330932 0.614402 0.439253 0.53591 0.791645 0.498995 0.471206 0.908215 0.810345 0.547216
threshold=0.1106014271151886 9979.5000000000018 1.0000000180025095e-35 3.5000000000000004 13.999890046296299 0.29288856304985345 11.500000000000002 9.5000000000000018 33.500000000000007 1.6925868055555557 47.500000000000007 0.59003601440576248 37.500000000000007 12.500000000000002
decision_type=8 2 2 2 2 8 2 2 2 2 2 10 2 2
left_child=-1 3 -3 4 -2 -6 7 10 -9 -10 11 12 13 -7
right_child=1 2 -4 -5 5 6 -8 8 9 -11 -12 -13 -14 -15
leaf_value=0.0018622698855679481 -0.00025724139906676028 -0.0023317368927767827 0.00058969294042165933 0.0020021237758919598 0.00086519102315654858 0.00045502344464214443 -0.0011249232208916235 -0.00097479965929433705 0.000353357821467866 0.0030145507227121427 -0.00067387993095387286 0.0021285154054908281 0.0016524000924749715 -0.00091854726328355904
leaf_weight=125 4160 204 116 114 806 421 316 116 103 165 858 193 206 687
leaf_count=125 4160 204 116 114 806 421 316 116 103 165 858 193 206 687
internal_value=-6.05644e-05 -8.89583e-05 -0.00127272 -4.24508e-05 -7.14736e-05 0.000128163 -6.56522e-05 5.6112e-05 0.00109562 0.00199178 -0.000112672 0.000206849 -7.54054e-05 -0.00039664
internal_weight=8590 8465 320 8145 8031 3871 3065 2749 384 268 2365 1507 1314 1108
internal_count=8590 8465 320 8145 8031 3871 3065 2749 384 268 2365 1507 1314 1108
is_linear=0
shrinkage=0.03


Tree=115
num_leaves=15
num_cat=2
split_feature=1 22 37 22 0 27 1 17 10 17 32 37 2 27
split_gain=0.314961 0.331452 0.408675 0.834447 0.411011 0.729565 0.339004 0.326413 0.524217 0.352219 0.350823 0.33201 0.383459 0.460389
threshold=224.50000000000003 10820.35 0 449.2000000000001 10.500000000000002 12.999594907407408 34.500000000000007 3.5000000000000004 1.0000000180025095e-35 1.5000000000000002 35.500000000000007 1 1.0000000180025095e-35 13.418373842592596
decision_type=2 2 9 2 2 2 2 2 2 2 2 9 2 2
left_child=1 2 3 4 5 -1 -3 8 9 -4 11 -10 -13 -14
right_child=-2 6 7 -5 -6 -7 -8 -9 10 -11 -12 12 13 -15
leaf_value=-0.0011655978997998102 0.0011667770068565079 2.9698192250453732e-05 -0.000400631885413338 0.0030051769662823059 -0.0014321514463517815 0.0021365318324046245 -0.0023548997873357232 0.0015425220918464095 -0.00041762405811192707 -0.0026119312424561941 0.0012897929978870981 0.00014414431834457636 0.0010664357509097605 -0.00096075027579701241
leaf_weight=102 196 103 141 120 108 147 112 111 1919 120 172 4527 122 581
leaf_count=102 196 103 141 120 108 147 112 111 1919 120 172 4527 122 581
internal_value=-2.2011e-05 -4.9799e-05 -1.92013e-05 0.000823672 0.000113465 0.000783852 -0.00121251 -7.24397e-05 -9.61781e-05 -0.00141732 -4.90782e-05 -8.12906e-05 4.28341e-05 -0.000608948
internal_weight=8581 8385 8170 477 357 249 215 7693 7582 261 7321 7149 5230 703
internal_count=8581 8385 8170 477 357 249 215 7693 7582 261 7321 7149 5230 703
cat_boundaries=0 1 2
cat_threshold=153625664 1682244406
is_linear=0
shrinkage=0.03


Tree=116
num_leaves=15
num_cat=3
split_feature=0 37 30 37 21 1 37 7 1 27 30 5 32 21
split_gain=0.514478 0.458398 0.448869 0.409488 0.345484 0.325554 0.547262 0.466518 0.421553 0.771086 0.543977 0.659724 0.595152 0.573051
threshold=13.500000000000002 0 39.500000000000007 1 59.500000000000007 118.50000000000001 2 1.0000000180025095e-35 47.500000000000007 30.998680555555559 117.50000000000001 0.58570000000000011 3.5000000000000004 117.96666666666668
decision_type=2 9 2 9 2 2 9 2 2 2 2 2 2 2
left_child=1 -1 -2 -3 -4 8 -7 -8 9 10 13 12 -12 -5
right_child=2 3 4 5 -6 6 7 -9 -10 -11 11 -13 -14 -15
leaf_value=-0.00047184179385884267 -0.001983826089494687 0.0019729676930541873 0.00068676730920930228 0.00077717679642831314 -0.0010893405017101667 5.5166997035485111e-05 0.00058388046150774527 0.0031989123519770143 -0.00026648875217779227 0.0025902508658304387 -0.0024502422949027958 0.0022676231085089964 -0.00011376733057841192 -0.001105029393574628
leaf_weight=1119 200 103 189 1520 206 374 118 128 2051 124 103 100 2070 161
leaf_count=1119 200 103 189 1520 206 374 118 128 2051 124 103 100 2070 161
internal_value=2.51365e-05 8.86576e-05 -0.000825833 0.000180618 -0.000239507 0.000150385 0.000805714 0.00186859 8.43385e-05 0.000260784 0.000187731 -0.000114875 -0.000224516 0.000596906
internal_weight=8566 7971 595 6852 395 6749 620 246 6129 4078 3954 2273 2173 1681
internal_count=8566 7971 595 6852 395 6749 620 246 6129 4078 3954 2273 2173 1681
cat_boundaries=0 1 2 3
cat_threshold=604078269 18351104 46155776
is_linear=0
shrinkage=0.03


Tree=117
num_leaves=15
num_cat=3
split_feature=38 37 38 30 25 31 38 23 37 32 30 31 17 35
split_gain=0.350834 1.04359 0.692622 1.0819 0.665676 0.778526 1.09167 0.619155 0.922974 0.731878 0.614659 0.599819 0.594914 0.503524
threshold=1.4773522854726033 0 1.734941182633164 265.77500000000003 0.45972972972972981 2.2745139927365949 1.8832241836716148 93.500000000000014 1 26.500000000000004 54.750000000000007 1.9261208576998052 1.0000000180025095e-35 2
decision_type=2 9 2 2 10 8 2 2 9 2 2 10 2 1
left_child=1 13 7 4 5 -4 -7 8 -2 -9 -10 -6 -12 -1
right_child=2 -3 3 -5 11 6 -8 9 10 -11 12 -13 -14 -15
leaf_value=-0.00069220424744726892 -0.0012264780579883674 -2.3561184553114029e-05 -0.00060943128982694056 0.0018879831735276343 -0.00032900281138834541 -0.00059004008433932958 0.0025098603929492457 0.0014133535220519943 0.0014177976261004045 -0.00082638345021123611 -0.00056052168838018859 -0.0023738029292258802 0.0015615137383016642 -0.002586011548828281
leaf_weight=375 346 3496 892 193 250 203 206 859 430 155 490 267 157 203
leaf_count=375 346 3496 892 193 250 203 206 859 430 155 490 267 157 203
internal_value=-1.97664e-05 -0.000220895 0.00016445 -0.000247655 -0.000474376 -0.000112498 0.000971279 0.000504518 0.000100864 0.00107099 0.000533721 -0.00138502 -4.55919e-05 -0.00139
internal_weight=8522 4074 4448 2011 1818 1301 409 2437 1423 1014 1077 517 647 578
internal_count=8522 4074 4448 2011 1818 1301 409 2437 1423 1014 1077 517 647 578
cat_boundaries=0 1 2 3
cat_threshold=1211941316 134223905 19
is_linear=0
shrinkage=0.03


Tree=118
num_leaves=15
num_cat=1
split_feature=37 1 32 13 29 30 25 38 30 31 30 25 30 30
split_gain=0.361595 1.08509 0.530336 0.68265 0.985213 0.59766 0.595619 0.462664 0.778298 0.645818 0.472841 0.547142 0.700963 0.594752
threshold=0 104.50000000000001 3.5000000000000004 0.50000000000000011 1.0000000180025095e-35 48.500000000000007 0.40833333333333338 1.734941182633164 265.77500000000003 0.23920529801324505 242.05000000000004 0.5156695156695158 160.02500000000003 120.50000000000001
decision_type=9 2 2 2 2 2 10 2 2 8 2 10 2 2
left_child=1 2 6 4 5 -4 -1 9 10 -2 11 12 13 -9
right_child=7 -3 3 -5 -6 -7 -8 8 -10 -11 -12 -13 -14 -15
leaf_value=0.0025975563978621113 0.0021354596388881049 0.0026029063820268757 0.0020691764792427421 0.0018554831555568029 -0.0026333385609868393 -0.00036100076525696738 -0.00036551062836979493 -0.00035797399472416039 0.0017860965387368165 -3.8088379556868166e-05 -0.0026456622532148484 -0.0021908204202362169 0.00097705209762634642 -0.0020975335628692234
leaf_weight=144 126 176 105 129 158 687 106 814 119 5221 108 170 271 226
leaf_count=144 126 176 105 129 158 687 106 814 119 5221 108 170 271 226
internal_value=-3.38911e-05 0.000386773 9.62e-05 -0.000192265 -0.000470328 -3.88182e-05 0.00134122 -0.000124001 -0.000554027 1.31304e-05 -0.000729278 -0.000589529 -0.000381886 -0.000735994
internal_weight=8560 1505 1329 1079 950 792 250 7055 1708 5347 1589 1481 1311 1040
internal_count=8560 1505 1329 1079 950 792 250 7055 1708 5347 1589 1481 1311 1040
cat_boundaries=0 1
cat_threshold=2283799920
is_linear=0
shrinkage=0.03


Tree=119
num_leaves=15
num_cat=4
split_feature=31 37 31 31 37 6 31 6 32 0 37 37 30 24
split_gain=0.276785 0.50015 0.360818 0.373923 0.297456 0.377716 0.324242 0.313385 0.487598 0.397778 0.709629 0.495638 0.414887 0.414234
threshold=2.308391608391609 0 2.4177913468856578 2.5201640784751711 1 2.5000000000000004 2.2263297191155131 2.5000000000000004 12.500000000000002 11.500000000000002 2 3 111.50000000000001 58.034000000003658
decision_type=10 9 10 10 9 2 8 2 2 2 9 9 2 10
left_child=4 -2 -3 -4 5 -1 7 9 -9 11 -11 12 13 -6
right_child=1 2 3 -5 6 -7 -8 8 -10 10 -12 -13 -14 -15
leaf_value=-0.00010495514714723358 -0.00082500299659140188 -0.0012675009097565849 0.0018525220533272466 7.4223277566632206e-05 0.0010571898939082808 -0.0020598147451730059 0.0014564342956524341 0.0020805564069977175 -0.00019884548421899144 -0.0026668682771296831 -6.0360787402521005e-05 0.00012106756702483249 -0.00014881973555907834 0.0032812066594572757
leaf_weight=746 776 169 113 1827 281 101 200 195 149 106 511 3073 164 103
leaf_count=746 776 169 113 1827 281 101 200 195 149 106 511 3073 164 103
internal_value=5.94768e-05 -0.000179452 6.16957e-05 0.000177805 0.000181934 -0.000334116 0.000273465 0.000222426 0.00109326 0.00015174 -0.000552358 0.000271715 0.00109432 0.00165374
internal_weight=8514 2885 2109 1940 5629 847 4782 4582 344 4238 617 3621 548 384
internal_count=8514 2885 2109 1940 5629 847 4782 4582 344 4238 617 3621 548 384
cat_boundaries=0 1 2 3 4
cat_threshold=3831538304 570769636 270532608 271589634
is_linear=0
shrinkage=0.03


Tree=120
num_leaves=15
num_cat=1
split_feature=38 23 37 10 38 30 23 25 26 28 23 24 27 22
split_gain=0.635525 0.906995 0.551277 0.410337 0.578698 0.364366 0.331457 0.65471 0.420743 0.402531 0.390114 0.335407 0.449144 0.603507
threshold=2.0419870592411393 96.500000000000014 0 1.0000000180025095e-35 1.515334424059211 330.27500000000003 18.500000000000004 0.19000000000000003 0.05634920634920635 2.5324884259259264 26.500000000000004 468.26983333333635 29.998732638888892 1763.2697500000002
decision_type=2 2 9 2 2 2 2 8 8 2 2 10 2 2
left_child=2 -2 -1 4 -4 6 7 -5 9 -9 -8 -12 13 -13
right_child=1 -3 3 5 -6 -7 10 8 -10 -11 11 12 -14 -15
leaf_value=-0.00062414568836303844 0.0028255162336054346 -0.00046842382894158897 0.00047014134149682131 0.0025200764172297577 -0.0024915235076203115 0.0014340824875601588 -0.00093865203203809949 0.0015366605147045399 -0.001532772396269994 -0.00073079396240895481 0.00010932028950339187 -0.0003779192885318533 0.0010790351861142691 -0.0029073900052505293
leaf_weight=1402 164 139 106 139 135 172 397 190 102 112 4988 274 101 123
leaf_count=1402 164 139 106 139 135 172 397 190 102 112 4988 274 101 123
internal_value=-3.49187e-05 0.00131443 -8.45309e-05 2.69637e-05 -0.00118888 7.14148e-05 3.49413e-05 0.000744133 0.000133103 0.00069575 -3.0517e-05 3.52011e-05 -0.000707181 -0.00116161
internal_weight=8544 303 8241 6839 241 6598 6426 543 404 302 5883 5486 498 397
internal_count=8544 303 8241 6839 241 6598 6426 543 404 302 5883 5486 498 397
cat_boundaries=0 1
cat_threshold=1679839804
is_linear=0
shrinkage=0.03


Tree=121
num_leaves=15
num_cat=1
split_feature=38 31 1 31 36 0 31 0 24 28 23 31 38 23
split_gain=0.400958 0.337325 0.793634 0.405595 0.448307 0.527679 0.431475 0.297059 1.32667 0.490917 0.733658 0.473395 0.449303 0.404841
threshold=0.87105300439944 7.7898305084745774 27.500000000000004 5.1020956475013444 0 8.5000000000000018 4.6669339748730296 11.500000000000002 5.2015000000000002 0.93167824074074079 21.500000000000004 1.3223331610305522 1.3226886667638997 186.50000000000003
decision_type=2 10 2 10 9 2 10 2 8 2 2 10 2 2
left_child=-1 3 -3 6 -5 -6 7 13 -9 10 -10 -11 -13 -2
right_child=1 2 -4 4 5 -7 -8 8 9 11 -12 12 -14 -15
leaf_value=-0.0018641797790654223 0.00014038127193196937 -0.00072211155763598383 0.0026017478339608524 0.00058093670591221453 -0.0027791573988417018 -8.016153519357821e-05 0.0018587371381895187 -0.0037109293224345339 0.0024644755124523954 -0.0024543953494725341 -0.00010833601117292748 -0.0015818193638246626 0.00082409115410700894 -0.0012404281864188574
leaf_weight=101 6380 118 143 121 156 112 117 101 128 123 452 124 160 197
leaf_count=101 6380 118 143 121 156 112 117 101 128 123 452 124 160 197
internal_value=1.48101e-05 3.7317e-05 0.00109901 3.40423e-06 -0.000941964 -0.00159182 5.06605e-05 2.30617e-05 -0.000436122 -0.00010101 0.000459457 -0.000899709 -0.000226377 9.90221e-05
internal_weight=8533 8432 261 8171 389 268 7782 7665 1088 987 580 407 284 6577
internal_count=8533 8432 261 8171 389 268 7782 7665 1088 987 580 407 284 6577
cat_boundaries=0 1
cat_threshold=20
is_linear=0
shrinkage=0.03


Tree=122
num_leaves=15
num_cat=3
split_feature=17 24 25 38 37 38 26 36 30 30 36 31 21 23
split_gain=0.434589 0.361709 0.431199 0.393462 0.457085 0.508353 0.906945 0.685298 0.903292 0.80728 0.724455 0.640075 0.578632 0.724469
threshold=3.5000000000000004 533.18250000001296 0.49489795918367352 0.87105300439944 0 1.7224058737958026 0.06186224489795919 1 71.250000000000014 160.02500000000003 2 2.1475599371451475 105.61666666666669 94.500000000000014
decision_type=2 10 10 2 9 2 8 9 2 2 9 10 2 2
left_child=1 3 -3 -1 -5 6 12 9 -9 10 -7 -8 -6 -14
right_child=-2 2 -4 4 5 7 11 8 -10 -11 -12 -13 13 -15
leaf_value=-0.0018027898183261806 0.0016916668121594676 0.00029086716548571811 -0.0018107206257769624 -0.00025810563595308328 0.00053206928121558015 -0.00012471032512942603 0.0037139484430794723 -0.00054185288145135234 0.0030015355857565653 0.00038056062179083676 -0.0019070390880706512 0.00053899831428491282 -0.0017425728935803121 0.00034623233306865336
leaf_weight=110 129 145 223 3411 2017 398 124 130 129 580 433 106 255 361
leaf_count=110 129 145 223 3411 2017 398 124 130 129 580 433 106 255 361
internal_value=-3.64183e-05 -6.28874e-05 -0.000982649 -2.08621e-05 3.81216e-06 0.000201026 0.000444108 -0.000214502 0.00117754 -0.000475 -0.00107786 0.00225071 0.000286296 -0.000518452
internal_weight=8551 8422 368 8054 7944 4533 2863 1670 259 1411 831 230 2633 616
internal_count=8551 8422 368 8054 7944 4533 2863 1670 259 1411 831 230 2633 616
cat_boundaries=0 1 2 3
cat_threshold=3830501439 49 1
is_linear=0
shrinkage=0.03


Tree=123
num_leaves=15
num_cat=2
split_feature=25 37 6 23 27 27 27 36 27 24 24 29 27 1
split_gain=0.353544 0.472399 0.407985 0.428931 0.392045 0.995122 0.414523 0.437977 0.381913 0.557827 0.594944 0.37683 0.366124 0.752971
threshold=0.24195121951219514 0 2.5000000000000004 110.50000000000001 18.333043981481485 20.413738425925931 14.99986689814815 1 30.343460648148152 192.58433333333423 275.2264999999968 1.0000000180025095e-35 29.624641203703707 33.500000000000007
decision_type=10 9 2 2 2 2 2 9 2 8 10 2 2 2
left_child=1 -1 3 -3 6 -6 7 11 12 -10 -11 -2 -7 -14
right_child=4 2 -4 -5 5 8 -8 -9 9 10 -12 -13 13 -15
leaf_value=0.0022486080663657046 0.00033294450734891662 -8.5047981382966632e-05 0.0019783124265917908 0.0014485851440075685 0.0028999760480516632 5.015254804172513e-05 -0.0016474651093057427 -0.00012099311710537988 -0.0018330384889736916 0.001848641147678728 -0.00085444047334533757 -0.0016964889090348011 -0.00012087090141790213 0.002705422856861811
leaf_weight=102 112 1342 112 187 115 1617 195 3580 218 116 199 311 192 152
leaf_count=102 112 1342 112 187 115 1617 195 3580 218 116 199 311 192 152
internal_value=-1.96907e-05 0.000361541 0.000229147 0.000102519 -0.000117309 0.00017149 -0.000296794 -0.000230998 4.56777e-05 -0.000666405 0.00014098 -0.00113237 0.000239222 0.00112796
internal_weight=8550 1743 1641 1529 6807 2609 4198 4003 2494 533 315 423 1961 344
internal_count=8550 1743 1641 1529 6807 2609 4198 4003 2494 533 315 423 1961 344
cat_boundaries=0 1 2
cat_threshold=2098178 32
is_linear=0
shrinkage=0.03


Tree=124
num_leaves=15
num_cat=2
split_feature=38 37 21 31 22 38 37 30 29 30 30 24 31 30
split_gain=0.450574 0.332471 0.395956 0.392656 0.295835 0.358773 0.775175 0.523743 0.53738 0.786434 0.583451 0.450719 0.585144 0.699012
threshold=1.0073962651787427 0 3.1666666666666674 2.546372464368829 55.100000000000009 1.6730940035018012 1 28.165000000000003 3.5000000000000004 265.77500000000003 41.250000000000007 17.86833333333605 1.3223331610305522 80.500000000000014
decision_type=2 9 2 10 2 2 9 2 2 2 2 10 10 2
left_child=-1 3 -3 -2 -4 6 -6 -7 9 10 -9 -12 13 -13
right_child=1 2 4 -5 5 7 -8 8 -10 -11 11 12 -14 -15
leaf_value=-0.0010695963790265473 -0.00012304035851952552 0.001519011204457987 -0.00095349458347900441 -0.0012339186911131329 0.00010098539365995114 -0.0022660957923015404 0.0012905489429734492 0.0019324167827021721 -0.0011935242213721776 0.0018347456762317701 -0.0017371049843766446 -0.00062333214711429719 -0.00048335554100032617 0.0023082089438021445
leaf_weight=365 1244 173 247 372 3463 106 566 114 338 210 172 128 878 171
leaf_count=365 1244 173 247 372 3463 106 566 114 338 210 172 128 878 171
internal_value=-3.83064e-05 7.69959e-06 0.000102658 -0.000376433 6.44907e-05 0.000105402 0.000271551 -0.000210806 -0.000102471 0.000117956 -0.000128473 -0.000302632 -9.30068e-05 0.00105323
internal_weight=8547 8182 6566 1616 6393 6146 4029 2117 2011 1673 1463 1349 1177 299
internal_count=8547 8182 6566 1616 6393 6146 4029 2117 2011 1673 1463 1349 1177 299
cat_boundaries=0 1 2
cat_threshold=1813049863 2153777200
is_linear=0
shrinkage=0.03


Tree=125
num_leaves=15
num_cat=2
split_feature=24 37 31 31 31 1 38 24 31 31 37 27 24 38
split_gain=0.405049 0.483684 0.593306 0.557633 0.411116 0.507901 0.684334 0.683116 0.482996 0.441104 0.425244 0.424039 0.574919 0.422157
threshold=673.12316666666027 0 2.6781286894923264 8.173220338983052 5.3583467094703057 2.5000000000000004 1.3418690721661384 182.81433333333351 4.1843694096601078 3.8737525032687317 1 30.512980324074078 189.69133333333465 1.6884836739623708
decision_type=10 9 8 10 10 2 2 10 8 10 9 2 10 2
left_child=1 2 -1 4 5 6 -3 -8 9 11 -10 13 -13 -7
right_child=-2 3 -4 -5 -6 8 7 -9 10 -11 -12 12 -14 -15
leaf_value=-0.00013777765167987343 -0.0014971319632535833 -0.00078108303818915942 -0.0013353042559759495 0.0018763096770710963 -0.0010316612415818029 0.00030105676050891573 0.0038465138658158753 0.00081339856499172952 -9.7168597276322536e-06 -0.0019446986362938639 0.0017047833521525754 -0.0023339091568201215 9.667225679955803e-05 -0.00032020513893803583
leaf_weight=1723 169 116 475 159 287 2828 107 178 250 107 274 159 195 1510
leaf_count=1723 169 116 475 159 287 2828 107 178 250 107 274 159 195 1510
internal_value=-4.30462e-05 -1.36795e-05 -0.000394774 0.000122523 7.63362e-05 0.000131891 0.00116149 0.00195215 5.43279e-05 -4.0101e-05 0.000919145 3.33297e-06 -0.00099503 8.48038e-05
internal_weight=8537 8368 2198 6170 6011 5724 401 285 5323 4799 524 4692 354 4338
internal_count=8537 8368 2198 6170 6011 5724 401 285 5323 4799 524 4692 354 4338
cat_boundaries=0 1 2
cat_threshold=3825243069 146817024
is_linear=0
shrinkage=0.03


Tree=126
num_leaves=15
num_cat=0
split_feature=22 0 29 29 25 17 32 28 22 0 17 22 31 31
split_gain=0.362427 0.523699 0.488134 0.480971 0.46883 0.409031 0.365211 0.698569 0.463698 0.573799 0.50879 0.502789 0.744203 0.500875
threshold=6444.0500000000002 8.5000000000000018 3.5000000000000004 1.5000000000000002 0.22290322580645164 3.5000000000000004 20.500000000000004 20.991348379629631 2103.7500000000005 18.500000000000004 1.5000000000000002 2362.6500000000005 2.4373340707964606 2.0058608930058344
decision_type=2 2 2 2 10 2 2 2 2 2 2 2 10 10
left_child=5 2 3 4 -2 6 7 8 9 10 -1 -10 13 -13
right_child=1 -3 -4 -5 -6 -7 -8 -9 11 -11 -12 12 -14 -15
leaf_value=0.00010448787016011793 0.00070254396482457605 -0.0014140293640467628 -0.0019595851490157657 0.0014224864835614844 -0.0015033391262233421 0.0019601701210252942 -0.00033387484471699422 0.0023680633237771688 0.002356480710699947 -0.0022336514898176701 -0.0011680674732788695 0.00035380520399505517 0.00226882031350181 -0.0017038959733955562
leaf_weight=3879 177 389 100 217 170 100 1871 125 135 105 305 718 162 125
leaf_count=3879 177 389 100 217 170 100 1871 125 135 105 305 718 162 125
internal_value=-1.86495e-05 -0.000539937 -2.78559e-05 0.000314649 -0.000378148 5.42961e-05 2.86278e-05 0.000150746 9.9693e-05 -4.32468e-05 1.17227e-05 0.000637473 0.000406561 4.86894e-05
internal_weight=8578 1053 664 564 347 7525 7425 5554 5429 4289 4184 1140 1005 843
internal_count=8578 1053 664 564 347 7525 7425 5554 5429 4289 4184 1140 1005 843
is_linear=0
shrinkage=0.03


Tree=127
num_leaves=15
num_cat=3
split_feature=0 37 38 30 28 37 26 5 21 25 32 36 38 7
split_gain=0.398356 0.500462 0.393548 0.355491 0.4705 0.350417 0.545522 0.299567 0.295968 0.233705 0.880221 0.509319 0.537842 0.546288
threshold=13.500000000000002 0 1.0073962651787427 37.250000000000007 1.0043287037037041 1 0.044466403162055343 0.81665000000000021 14.833333333333334 0.37750000000000006 8.5000000000000018 2 1.7291312830872976 1.5000000000000002
decision_type=2 9 2 2 2 9 8 2 2 10 2 9 2 2
left_child=2 -2 -1 -3 -5 6 8 9 -4 -7 11 12 13 -11
right_child=1 3 5 4 -6 7 -8 -9 -10 10 -12 -13 -14 -15
leaf_value=-0.00090808497187087975 0.00081826191173628871 -0.0023959818730551392 0.0011248286450759736 0.00040779486445612024 -0.0019815058887932622 0.00027762146364815072 0.0028244300255836504 0.0016419217428932332 -0.0009608796619113933 -0.00096675920248973611 0.00015555129863705931 0.00072382256621494889 -0.0020309555242515169 0.0012540788278670705
leaf_weight=356 139 155 151 171 131 2489 108 107 103 545 3508 167 337 122
leaf_count=356 139 155 151 171 131 2489 108 107 103 545 3508 167 337 122
internal_value=1.11184e-05 -0.000737081 6.69081e-05 -0.00120176 -0.000628624 0.000112358 0.00101053 6.6185e-05 0.000279049 4.27556e-05 -8.21816e-05 -0.000794365 -0.00104371 -0.000560549
internal_weight=8589 596 7993 457 302 7637 362 7275 254 7168 4679 1171 1004 667
internal_count=8589 596 7993 457 302 7637 362 7275 254 7168 4679 1171 1004 667
cat_boundaries=0 1 2 3
cat_threshold=2155905152 169355008 49
is_linear=0
shrinkage=0.03


Tree=128
num_leaves=15
num_cat=2
split_feature=38 36 30 37 0 31 23 25 1 22 27 1 28 27
split_gain=0.508034 1.22607 0.663643 0.517895 0.49552 0.514863 0.442383 0.607666 0.529252 0.524639 0.638669 0.625759 0.79228 0.873452
threshold=2.0563436588022119 0 368.50000000000006 1 13.500000000000002 2.308391608391609 50.500000000000007 0.17000000000000001 45.500000000000007 1891.5441250000001 22.397447916666671 1.0000000180025095e-35 0.67822337962962975 13.999473379629633
decision_type=2 9 2 9 2 8 2 10 2 2 2 2 2 2
left_child=2 -2 3 6 5 -5 7 -1 -9 11 -11 -8 13 -13
right_child=1 -3 -4 4 -6 -7 9 8 -10 10 -12 12 -14 -15
leaf_value=0.0032840634003226264 0.0028818030764531841 -0.0012101393914365742 -0.0022079188279950849 0.00019067704458924266 -0.00117343799876894 -0.00050819599328445232 0.0020960642903704533 0.0015516106166107806 -0.0010002422401408568 0.0019780444314657121 0.00033799124654457663 0.00077503139747744259 0.00044577239589944033 -0.0013419772594259153
leaf_weight=101 163 102 117 2766 385 1444 110 198 116 272 997 232 823 719
leaf_count=101 163 102 117 2766 385 1444 110 198 116 272 997 232 823 719
internal_value=7.68571e-05 0.00136987 3.54743e-05 6.76288e-05 -0.000142931 -4.90314e-05 0.000338248 0.00125995 0.000608888 0.000218005 0.000689524 -9.95948e-05 -0.000235741 -0.000825525
internal_weight=8545 265 8280 8163 4595 4210 3568 415 314 3153 1269 1884 1774 951
internal_count=8545 265 8280 8163 4595 4210 3568 415 314 3153 1269 1884 1774 951
cat_boundaries=0 1 2
cat_threshold=5 145755233
is_linear=0
shrinkage=0.03


Tree=129
num_leaves=15
num_cat=2
split_feature=38 30 36 31 24 37 13 22 21 27 27 30 31 31
split_gain=0.355648 0.85339 0.719421 0.651802 0.633884 0.505886 0.535299 0.851257 0.695082 0.72258 0.439745 0.614808 0.942016 0.68814
threshold=1.9855361078882079 162.12500000000003 0 1.5004810776138553 1.8535000000000084 1 1.0000000180025095e-35 2488.8378750000002 49.583333333333336 13.020619212962965 28.116521990740743 185.22500000000002 1.9179829084725484 1.351928431051425
decision_type=2 2 9 8 8 9 2 2 2 2 2 2 10 10
left_child=4 2 3 -2 -1 6 8 -8 9 -6 -7 12 13 -12
right_child=1 -3 -4 -5 5 10 7 -9 -10 -11 11 -13 -14 -15
leaf_value=-0.0017778817109248943 -0.00061638457937078777 0.0026782895864120551 -0.0019598062673780261 0.0026901328734526843 0.00050481335690629283 -0.00024401945100052471 -0.00058031515680780044 0.0024672926844097674 -0.00022751217989769594 0.0033410190426530467 0.0020605229982716398 -2.8953411874255285e-05 0.0037455654934617794 -0.00091865303896300151
leaf_weight=190 112 147 109 103 143 5415 471 100 176 186 129 1067 108 152
leaf_count=190 112 147 109 103 143 5415 471 100 176 186 129 1067 108 152
internal_value=-1.90342e-05 0.000782463 -7.768e-05 0.000924661 -6.54278e-05 -2.44858e-05 0.000577326 -4.65835e-05 0.00129421 0.00210826 -0.000119396 0.000343269 0.00136425 0.000449011
internal_weight=8608 471 324 215 8137 7947 1076 571 505 329 6871 1456 389 281
internal_count=8608 471 324 215 8137 7947 1076 571 505 329 6871 1456 389 281
cat_boundaries=0 1 2
cat_threshold=5 145757505
is_linear=0
shrinkage=0.03


Tree=130
num_leaves=15
num_cat=1
split_feature=37 32 21 27 2 21 7 27 27 23 0 28 28 23
split_gain=0.418551 0.3598 0.48365 0.460737 0.602768 0.680026 0.878188 0.854274 0.800693 0.614438 0.581785 0.587837 0.574994 0.491025
threshold=0 23.500000000000004 81.208333333333343 13.957795138888892 1.0000000180025095e-35 70.958333333333357 1.0000000180025095e-35 13.999461805555557 17.003738425925928 109.50000000000001 11.500000000000002 3.7224016203703707 0.783269675925926 138.50000000000003
decision_type=9 2 2 2 2 2 2 2 2 2 2 2 2 2
left_child=-1 3 -3 12 5 6 10 -8 -9 -10 11 -5 -2 -6
right_child=1 2 -4 4 13 -7 7 8 9 -11 -12 -13 -14 -15
leaf_value=-0.000462146100316515 0.00019290231819985389 -0.00096894990211968146 0.00017799907054356893 -1.9091348711006692e-05 7.7872423121930453e-05 0.00016672284719524631 0.0037438769959439724 0.00047681814270561718 0.0040305872944369908 0.0012831866171435942 -0.0017161193940819811 0.0018680546925851315 -0.0011761681943647357 -0.0017089879488471546
leaf_weight=1221 788 572 785 491 435 2368 138 518 125 177 119 213 425 203
leaf_count=1221 788 572 785 491 435 2368 138 518 125 177 119 213 425 203
internal_value=5.00549e-05 0.000135506 -0.000305461 0.000235464 0.000367798 0.000499807 0.000942671 0.00156012 0.00119261 0.00242036 0.000223941 0.000551878 -0.00028678 -0.000490674
internal_weight=8578 7357 1357 6000 4787 4149 1781 958 820 302 823 704 1213 638
internal_count=8578 7357 1357 6000 4787 4149 1781 958 820 302 823 704 1213 638
cat_boundaries=0 1
cat_threshold=571032245
is_linear=0
shrinkage=0.03


Tree=131
num_leaves=15
num_cat=2
split_feature=5 38 37 37 18 14 22 23 30 27 23 28 28 21
split_gain=0.36924 0.323737 0.586212 0.514272 0.810482 0.533736 0.581188 0.506262 0.413859 1.05281 0.554114 0.423762 0.642717 0.402228
threshold=0.91665000000000008 1.4528232603363593 0 1 1.0000000180025095e-35 1.5000000000000002 740.95000000000016 14.500000000000002 267.02500000000003 27.977615740740745 143.50000000000003 13.078443287037038 8.0891261574074083 45.000000000000007
decision_type=2 2 9 9 2 2 2 2 2 2 2 2 2 2
left_child=1 2 -1 5 8 -3 13 -8 11 10 -10 12 -5 -7
right_child=-2 3 -4 4 -6 6 7 -9 9 -11 -12 -13 -14 -15
leaf_value=-0.0021353960406434321 0.0016059044116051998 0.0022158321696439417 -0.00015548963174067675 -0.00010344427466157919 -0.0022778178833724153 0.000484893948037132 -0.0024298090514768022 0.00053084319391516293 0.0011967738905981386 0.0029499120899374055 -0.0018351997241390766 -0.0016205991457280671 0.0013628921494535998 0.0024386540532298387
leaf_weight=130 127 187 3660 2767 137 393 102 106 109 151 108 145 298 125
leaf_count=130 127 187 3660 2767 137 393 102 106 109 151 108 145 298 125
internal_value=3.60345e-07 -2.3862e-05 -0.000229447 0.000144497 -1.32759e-05 0.000778098 0.00041849 -0.000921015 7.33952e-05 0.00102631 -0.000312227 -3.5849e-05 3.91229e-05 0.000956361
internal_weight=8545 8418 3790 4628 3715 913 726 208 3578 368 217 3210 3065 518
internal_count=8545 8418 3790 4628 3715 913 726 208 3578 368 217 3210 3065 518
cat_boundaries=0 1 2
cat_threshold=137887746 1081639078
is_linear=0
shrinkage=0.03


Tree=132
num_leaves=15
num_cat=2
split_feature=35 30 38 23 37 25 25 23 23 22 22 28 38 30
split_gain=0.302033 0.701747 0.447642 0.637906 0.368297 0.648942 0.45408 0.314508 0.497387 0.801905 0.751662 0.515615 0.7464 0.417175
threshold=0 290.65000000000003 2.0563436588022119 101.50000000000001 1 0.21937500000000001 0.34891304347826091 120.50000000000001 137.00000000000003 1619.2460000000001 1498.6875000000002 3.7224016203703707 1.5123781137803387 269.52500000000003
decision_type=1 2 2 2 9 10 10 2 2 2 2 2 2 2
left_child=1 4 7 -4 5 -1 -7 -2 9 -9 11 -10 -13 -12
right_child=2 -3 3 -5 -6 6 -8 8 10 -11 13 12 -14 -15
leaf_value=-0.00090657157564048201 -2.8342582806310391e-05 -0.0025068296209595289 0.0032401202871697021 -0.0001001390858711499 -0.00031414116016261292 0.0029870526867554238 0.00048859267786227926 -0.00046368077336626269 -6.9122593637428351e-05 0.0023553307674325759 -0.0002075191927786441 0.000707912651595889 0.0038537527705856259 -0.0022051581446178091
leaf_weight=149 4445 118 100 106 1864 115 152 139 263 262 423 207 101 121
leaf_count=149 4445 118 100 106 1864 115 152 139 263 262 423 207 101 121
internal_value=3.51703e-05 -0.00024992 0.000146194 0.00152135 -0.000134212 0.00066361 0.00156471 9.89172e-05 0.00047205 0.00137817 0.000146173 0.000906458 0.0017395 -0.000651847
internal_weight=8565 2398 6167 206 2280 416 267 5961 1516 401 1115 571 308 544
internal_count=8565 2398 6167 206 2280 416 267 5961 1516 401 1115 571 308 544
cat_boundaries=0 1 2
cat_threshold=1 211812417
is_linear=0
shrinkage=0.03


Tree=133
num_leaves=15
num_cat=4
split_feature=0 24 37 36 27 24 38 17 37 30 30 35 38 24
split_gain=0.356756 0.719652 0.645892 0.456748 0.365269 0.330511 0.312662 0.310416 0.303945 0.558532 0.577272 0.789474 0.781216 0.55176
threshold=11.500000000000002 5.2015000000000002 0 1 30.998709490740744 55.387666666666668 1.2518215528079846 3.5000000000000004 2 125.37500000000001 97.500000000000014 3 1.8634251031291942 27.530000000000005
decision_type=2 8 9 9 2 10 2 2 9 2 2 1 2 10
left_child=4 -2 6 5 7 -4 -3 8 9 10 11 -1 -13 -11
right_child=1 2 3 -5 -6 -7 -8 -9 -10 13 -12 12 -14 -15
leaf_value=-0.001686697138293477 -0.0029188691807554706 -0.0023170985498959574 0.00085366408506940515 0.0015802016787934681 0.0013620154031259762 -0.0014791990886442363 -0.00058110782758190825 0.0016157899379009972 -9.9120450018085486e-05 -0.001438371448306663 0.0030372258011800036 0.0021332427905002456 -0.00053087075584449378 0.00053962678386596961
leaf_weight=100 102 111 105 213 185 114 588 107 5939 220 107 281 153 300
leaf_count=100 102 111 105 213 185 114 588 107 5939 220 107 281 153 300
internal_value=-3.30339e-05 -0.000505453 -0.000287797 0.000618532 4.57665e-05 -0.000344952 -0.000844696 1.1979e-05 -1.21911e-05 0.000429642 0.001026 0.000622999 0.00116716 -0.000297219
internal_weight=8625 1233 1131 432 7392 219 699 7207 7100 1161 641 534 434 520
internal_count=8625 1233 1131 432 7392 219 699 7207 7100 1161 641 534 434 520
cat_boundaries=0 1 2 3 4
cat_threshold=843601922 5 423100480 4
is_linear=0
shrinkage=0.03


Tree=134
num_leaves=15
num_cat=4
split_feature=22 1 5 37 37 5 17 28 1 30 27 35 2 35
split_gain=0.42525 0.612337 0.283283 0.513952 0.473291 0.562027 0.463882 0.45101 0.407297 0.328342 0.364513 0.341333 0.308231 0.324914
threshold=10820.35 36.500000000000007 0.18465000000000001 0 1 0.30385000000000001 1.5000000000000002 17.8953587962963 98.500000000000014 91.500000000000014 13.999461805555557 2 1.0000000180025095e-35 3
decision_type=2 2 2 9 9 2 2 2 2 2 2 1 2 1
left_child=2 -2 3 -1 8 12 7 9 -4 10 -7 -11 13 -6
right_child=1 -3 4 -5 5 6 -8 -9 -10 11 -12 -13 -14 -15
leaf_value=0.0012308242136553245 0.00034066271489092075 -0.0028630792174167375 -0.0014549215687589239 8.3140608643124121e-05 0.00075586789754029525 -0.00040680633507285359 0.0018095035973810143 0.0019203388063318053 0.00060419536610091225 8.4759531052968723e-05 0.0014311957408193474 -0.0011468333899583144 -0.0020967231494695188 -0.00084763407460640232
leaf_weight=367 104 111 418 5201 147 166 164 115 109 552 234 311 122 422
leaf_count=367 104 111 418 5201 147 166 164 115 109 552 234 311 122 422
internal_value=3.95126e-06 -0.00131336 3.79597e-05 0.000161147 -0.000210557 -1.73152e-05 0.000301212 0.000121706 -0.00100987 -4.20655e-05 0.000668425 -0.000371377 -0.000728375 -0.000434985
internal_weight=8543 215 8328 5568 2760 2233 1542 1378 527 1263 400 863 691 569
internal_count=8543 215 8328 5568 2760 2233 1542 1378 527 1263 400 863 691 569
cat_boundaries=0 1 2 3 4
cat_threshold=3162132 2149634196 14 6
is_linear=0
shrinkage=0.03


Tree=135
num_leaves=15
num_cat=3
split_feature=2 27 27 27 35 1 28 22 28 37 21 37 30 28
split_gain=0.476967 0.460991 0.340081 0.740352 0.571676 0.426499 0.740756 0.758795 0.374026 0.613132 0.597208 0.599469 0.962609 0.601734
threshold=1.0000000180025095e-35 11.66547453703704 13.957795138888892 13.999334490740742 0 1.0000000180025095e-35 2.9389178240740743 1226.2728750000001 3.6321701388888892 1 80.708333333333357 2 170.12500000000003 10.160497685185186
decision_type=2 2 2 2 1 2 2 2 2 9 2 9 2 2
left_child=2 -2 -1 4 -4 6 7 -5 9 -7 11 12 -10 -13
right_child=1 -3 3 5 -6 8 -8 -9 10 -11 -12 13 -14 -15
leaf_value=-0.00028038032405976139 0.0012631141493987777 -0.00073558124732339344 0.0033166933535831045 0.0029968929479731931 0.00015716421865171899 -0.00046826234811340691 -0.00063465696995862605 0.00046615381142224962 0.0035987635245719163 0.00042845501456521021 -0.00013158887577974628 0.0010389732995247716 0.00063469175798153241 -0.00097299611974482284
leaf_weight=1613 115 1072 110 190 104 1969 199 243 162 1042 1034 339 252 221
leaf_count=1613 115 1072 110 190 104 1969 199 243 162 1042 1034 339 252 221
internal_value=1.67192e-05 -0.000541942 0.000105397 0.000211494 0.00194355 0.000145902 0.000880361 0.00157664 5.34175e-05 -0.000158073 0.000370547 0.000903616 0.00175222 0.000240666
internal_weight=8665 1187 7478 5865 214 5651 632 433 5019 3011 2008 974 414 560
internal_count=8665 1187 7478 5865 214 5651 632 433 5019 3011 2008 974 414 560
cat_boundaries=0 1 2 3
cat_threshold=24 1955350530 10487808
is_linear=0
shrinkage=0.03


Tree=136
num_leaves=15
num_cat=4
split_feature=37 1 37 27 32 5 24 31 30 30 37 38 37 23
split_gain=0.519247 0.429392 0.817728 0.45008 0.357003 0.348213 0.343043 1.2112 0.525316 0.697099 0.61917 0.491455 0.627664 0.763502
threshold=0 138.50000000000003 1 30.998709490740744 6.5000000000000009 0.31010000000000004 3.2871666666666903 1.4275325344541894 181.10000000000002 175.10000000000002 2 1.7291312830872976 3 74.500000000000014
decision_type=9 2 9 2 2 2 8 8 2 2 9 2 9 2
left_child=4 3 -3 6 -1 -4 7 -2 9 10 -8 12 13 -12
right_child=1 2 5 -5 -6 -7 8 -9 -10 -11 11 -13 -14 -15
leaf_value=-0.00042427519278683538 -0.0030653432464958835 0.0030226342945087067 -0.00029534235771094407 0.0014861082645696245 -0.0019707556690157549 0.0015611161914057447 0.0019178980301708696 0.00078420398810938481 -0.00036764833444633818 0.0023249271027517933 -8.3236056951402748e-06 -0.00053952991996946331 -6.269431195708143e-05 0.0016261534999783564
leaf_weight=743 140 113 314 178 164 128 157 155 2271 134 492 961 2105 539
leaf_count=743 140 113 314 178 164 128 157 155 2271 134 492 961 2105 539
internal_value=-2.14598e-05 5.8986e-05 0.000862828 -3.48493e-06 -0.000696227 0.000236915 -4.16137e-05 -0.0010427 2.73534e-06 0.000194427 0.000127316 5.38872e-05 0.000235907 0.000838042
internal_weight=8594 7687 555 7132 907 442 6954 295 6659 4388 4254 4097 3136 1031
internal_count=8594 7687 555 7132 907 442 6954 295 6659 4388 4254 4097 3136 1031
cat_boundaries=0 1 2 3 4
cat_threshold=1627664935 2157969408 136314880 277366784
is_linear=0
shrinkage=0.03


Tree=137
num_leaves=15
num_cat=2
split_feature=5 24 37 22 22 21 23 28 21 31 37 1 31 25
split_gain=0.265326 0.437904 0.560711 0.601851 0.496056 0.446786 0.418466 0.468978 0.4183 0.980994 0.526416 0.602404 0.471733 0.478261
threshold=0.045000000000000005 468.26983333333635 0 5324.3125000000009 3720.1325000000002 59.833333333333336 98.500000000000014 2.3552777777777782 121.89166666666668 1.5380656807169777 1 29.500000000000004 1.821574542623589 0.49489795918367352
decision_type=2 10 9 2 2 2 2 2 2 10 9 2 10 10
left_child=1 2 3 4 -1 6 -4 -8 9 10 -7 -12 -11 -14
right_child=-2 -3 5 -5 -6 8 7 -9 -10 12 11 -13 13 -15
leaf_value=0.00059109506396193214 -0.00019061159429856154 -0.00094318260064521335 -0.00018446795246809407 -0.00079806234974926199 0.0024256178042473243 0.00030110421359239009 -0.0030258745532653745 -0.00056200881957920498 -0.00047912447338765144 -0.0015376030277012723 0.0045453532695040122 0.0013993090084300208 0.0015152165181345745 -0.0011110598903498611
leaf_weight=2016 3370 310 1043 267 142 139 109 192 383 159 103 117 166 100
leaf_count=2016 3370 310 1043 267 142 139 109 192 383 159 103 117 166 100
internal_value=1.70985e-05 0.00015053 0.00021922 0.000543328 0.00071181 -9.55711e-05 -0.000468844 -0.00145424 0.000333497 0.00073048 0.00188511 0.00274735 -0.000244845 0.000527895
internal_weight=8616 5246 4936 2425 2158 2511 1344 301 1167 784 359 220 425 266
internal_count=8616 5246 4936 2425 2158 2511 1344 301 1167 784 359 220 425 266
cat_boundaries=0 1 2
cat_threshold=196135060 603979776
is_linear=0
shrinkage=0.03


Tree=138
num_leaves=15
num_cat=4
split_feature=0 37 37 24 38 36 27 38 38 6 30 24 37 38
split_gain=0.457887 0.524329 0.498437 0.457423 0.553982 0.506126 0.616034 0.701011 0.451529 0.417631 0.412198 0.650719 0.53807 0.477029
threshold=11.500000000000002 0 1 563.21849999999165 1.7500423721254474 2 13.999461805555557 1.9275478924961773 1.895721935892595 2.5000000000000004 196.30000000000004 384.59266666667077 3 1.6139453975271552
decision_type=2 9 9 10 2 9 2 2 2 2 2 10 9 2
left_child=1 9 8 4 10 -6 7 -7 -2 -1 11 12 13 -3
right_child=2 3 -4 -5 5 6 -8 -9 -10 -11 -12 -13 -14 -15
leaf_value=-0.00031391692243294895 -0.0013562221456474314 0.00047634218592077946 0.0001950388276880691 -0.00097090020842031293 -0.00083907433466098023 -5.5262488313019273e-05 -0.00044053606007028365 0.0033321977875958612 0.00081375616016448476 -0.0022938651586166367 1.7373985655587763e-06 0.0023503778040577634 0.00034353970781970456 0.0028213841460003495
leaf_weight=1228 630 149 483 290 696 112 331 108 100 104 1498 182 2458 164
leaf_count=1228 630 149 483 290 696 112 331 108 100 104 1498 182 2458 164
internal_value=-1.81776e-05 7.12815e-05 -0.00055803 0.000191036 0.000250508 -0.000308353 0.000370536 0.00160767 -0.00104465 -0.000465016 0.000407079 0.000612701 0.00049857 0.00165227
internal_weight=8533 7320 1213 5988 5698 1247 551 220 730 1332 4451 2953 2771 313
internal_count=8533 7320 1213 5988 5698 1247 551 220 730 1332 4451 2953 2771 313
cat_boundaries=0 1 2 3 4
cat_threshold=1713406916 946366466 48 402653186
is_linear=0
shrinkage=0.03


Tree=139
num_leaves=15
num_cat=1
split_feature=38 37 30 13 0 23 1 38 23 24 6 23 30 30
split_gain=0.351441 0.352656 0.346873 0.910427 0.585777 0.63185 0.556356 0.633504 0.519621 0.404497 0.388107 0.607621 0.365688 0.33897
threshold=0.87105300439944 0 62.500000000000007 1.0000000180025095e-35 13.500000000000002 65.500000000000014 49.500000000000007 1.4162197106192453 76.500000000000014 1.0000000180025095e-35 2.5000000000000004 64.500000000000014 74.250000000000014 156.25000000000003
decision_type=2 9 2 2 2 2 2 2 2 10 2 2 2 2
left_child=-1 -2 3 6 5 -5 7 -3 -7 -4 12 -12 -11 -13
right_child=1 2 9 4 -6 8 -8 -9 -10 10 11 13 -14 -15
leaf_value=-0.0017383639719698904 -0.0003644505715794726 0.00060371822902009135 0.0018332473134311535 0.0010223149777759345 -0.0021408165844290384 -0.0024733436859749863 0.00038363616509561304 0.003530153645236336 0.00012252494084662689 -0.0012969560866891597 0.0027381307468125927 -0.0012669053325420337 -4.2453943757979055e-05 0.00081527915529822439
leaf_weight=103 1668 106 108 414 105 106 202 179 201 219 112 101 4639 232
leaf_count=103 1668 106 108 414 105 106 202 179 201 219 112 101 4639 232
internal_value=3.36242e-06 2.47397e-05 0.000121646 0.000559247 -4.73296e-05 0.000257547 0.00158806 0.00244173 -0.000773768 1.5685e-05 -2.13312e-05 0.000826647 -9.90073e-05 0.000183746
internal_weight=8495 8392 6724 1313 826 721 487 285 307 5411 5303 445 4858 333
internal_count=8495 8392 6724 1313 826 721 487 285 307 5411 5303 445 4858 333
cat_boundaries=0 1
cat_threshold=1812250813
is_linear=0
shrinkage=0.03


Tree=140
num_leaves=15
num_cat=2
split_feature=38 31 32 22 31 24 31 37 31 37 31 22 21 21
split_gain=0.338878 1.17326 0.290875 0.468743 0.382697 0.455036 0.276734 0.513163 0.420907 0.785502 0.628395 0.664049 0.526057 0.88174
threshold=2.0563436588022119 1.5792087835482749 26.500000000000004 2103.7500000000005 4.6669339748730296 234.50883333332607 2.3393548387096779 0 1.0823369463999704 1 1.1144551101072844 9278.126000000002 117.96666666666668 76.291666666666671
decision_type=2 8 2 2 10 10 8 9 10 9 10 2 2 2
left_child=2 -2 4 -4 6 -6 8 -8 9 12 -10 -12 13 -1
right_child=1 -3 3 -5 5 -7 7 -9 10 -11 11 -13 -14 -15
leaf_value=0.0002376745433215738 -0.0011059623726457357 0.002841458212603135 -0.00021318275967487836 -0.0019754675456377514 0.00021380534457303302 0.001973978968437862 -0.0017972062700708869 -0.00018322585889326179 0.002556828303628468 -0.00089125849255434499 0.00029500732441510623 -0.0017709204365917461 -0.00029221508127564856 0.0035283263238509084
leaf_weight=228 125 148 676 170 463 185 189 1700 105 928 2952 147 426 108
leaf_count=228 125 148 676 170 463 185 189 1700 105 928 2952 147 426 108
internal_value=-5.92568e-06 0.00103403 -4.02265e-05 -0.000567306 1.97801e-05 0.000716324 -4.67628e-05 -0.000355193 7.22861e-05 -0.00031079 0.000274346 0.000197011 0.000402546 0.00129538
internal_weight=8550 273 8277 846 7431 648 6783 1889 4894 1690 3204 3099 762 336
internal_count=8550 273 8277 846 7431 648 6783 1889 4894 1690 3204 3099 762 336
cat_boundaries=0 1 2
cat_threshold=3221225482 2485133446
is_linear=0
shrinkage=0.03


Tree=141
num_leaves=15
num_cat=2
split_feature=38 32 30 27 5 37 6 31 37 27 0 31 31 31
split_gain=0.412253 0.39824 0.552738 0.411161 0.452796 0.520568 0.440154 0.478228 0.421946 0.697298 0.514547 0.729398 0.62563 0.804802
threshold=0.87105300439944 22.500000000000004 330.27500000000003 6.9996585648148155 0.15470000000000003 0 1.5000000000000002 0.58245581906418831 1 15.999756944444448 8.5000000000000018 2.7963381933970175 1.7614762638217427 1.0741549409671685
decision_type=2 2 2 2 2 9 2 10 9 2 2 8 8 10
left_child=-1 2 3 -2 8 -6 7 -7 9 10 12 -12 13 -5
right_child=1 -3 -4 4 5 6 -8 -9 -10 -11 11 -13 -14 -15
leaf_value=-0.0018610737028155618 -0.001268128090814571 -0.00039460445421024874 0.0021057196824057467 0.00084916374179628412 -0.0013182039262932257 0.0014307427354339909 0.00047175217606088585 -0.00063967226458599101 0.00014258792379493376 0.0031291717195352452 -0.0011931016203644042 0.0012654478913676497 0.00033019012614386153 0.0043481915828419244
leaf_weight=104 192 1554 126 139 312 112 903 970 3164 107 263 185 330 103
leaf_count=104 192 1554 126 139 312 112 903 970 3164 107 263 185 330 103
internal_value=1.6224e-05 3.93019e-05 0.00013694 0.000100352 0.000140235 -0.000199699 -1.71663e-05 -0.000425359 0.000322204 0.000817945 0.000583512 -0.000177852 0.00117983 0.00233842
internal_weight=8564 8460 6906 6780 6588 2297 1985 1082 4291 1127 1020 448 572 242
internal_count=8564 8460 6906 6780 6588 2297 1985 1082 4291 1127 1020 448 572 242
cat_boundaries=0 1 2
cat_threshold=1209593892 438882848
is_linear=0
shrinkage=0.03


Tree=142
num_leaves=15
num_cat=2
split_feature=38 24 27 31 24 37 31 31 31 31 31 37 1 38
split_gain=0.268121 0.323476 0.510438 0.577245 0.617577 0.585702 0.716808 0.462458 0.821934 0.492743 0.508979 0.426623 1.38053 0.375378
threshold=0.87105300439944 55.387666666666668 18.333043981481485 1.1585652028159574 6.2545000000001165 0 1.3156234434667111 2.6228785436617055 3.9515712945590997 1.8322390932420876 1.351928431051425 1 27.500000000000004 1.6992738803446856
decision_type=2 8 2 8 10 9 10 8 10 10 10 9 2 2
left_child=-1 2 3 4 -2 7 -7 9 -9 10 -5 12 -3 -8
right_child=1 11 -4 5 -6 6 13 8 -10 -11 -12 -13 -14 -15
leaf_value=-0.0014458139644597063 -0.002395082021024651 -0.00077988058966808914 0.0017303117125827287 -0.001513746400259582 -0.0001166584833086502 0.0032075116699522015 0.001068479293053406 0.0024014126374771829 -0.00024604932529062194 -0.0018699954910483692 0.0010243558357395822 -0.00014648135289794704 0.0033395048108228252 -0.00046529426837676308
leaf_weight=110 130 166 210 114 607 118 598 157 322 193 189 5411 131 189
leaf_count=110 130 166 210 114 607 118 598 157 322 193 189 5411 131 189
internal_value=2.58543e-05 4.48213e-05 0.000307255 0.000193063 -0.000518551 0.00047203 0.00101584 -4.27199e-05 0.000621699 -0.000685228 6.94263e-05 -8.51543e-05 0.00100331 0.00070014
internal_weight=8645 8535 2827 2617 737 1880 905 975 479 496 303 5708 297 787
internal_count=8645 8535 2827 2617 737 1880 905 975 479 496 303 5708 297 787
cat_boundaries=0 1 2
cat_threshold=958406691 167772195
is_linear=0
shrinkage=0.03


Tree=143
num_leaves=15
num_cat=2
split_feature=28 28 21 28 1 37 31 30 21 13 37 21 0 22
split_gain=0.324654 0.504379 0.611255 0.37793 0.354776 0.296229 0.551302 0.36604 0.354811 0.41222 0.694199 0.581005 1.11326 0.466467
threshold=20.991348379629631 15.638628472222225 105.28333333333335 14.450526620370374 55.500000000000007 0 7.7898305084745774 351.42500000000007 182.54166666666669 1.0000000180025095e-35 1 50.500000000000007 8.5000000000000018 2274.3996250000005
decision_type=2 2 2 2 2 9 8 2 2 2 9 2 2 2
left_child=1 3 -3 5 -2 -1 7 8 9 10 -7 12 -12 -11
right_child=4 2 -4 -5 -6 6 -8 -9 -10 13 11 -13 -14 -15
leaf_value=-0.0001433089202930346 0.0017114241625169151 -0.00011857826290055995 -0.0029009189277927833 0.0018157510333271188 -0.00039463144344696345 -0.00030490879095043053 0.0021476471025783281 -0.0016118655898882184 0.001768181943728801 -0.00027316937293608455 0.00068245528313458294 8.4507642499736813e-05 0.004135397775800363 0.0005991228983899629
leaf_weight=3832 212 186 115 110 109 365 130 102 127 1966 198 191 146 767
leaf_count=3832 212 186 115 110 109 365 130 102 127 1966 198 191 146 767
internal_value=6.02851e-05 2.37999e-05 -0.0011816 6.95303e-05 0.000996284 4.49796e-05 0.000225516 0.000161398 0.000209503 0.000155015 0.000711883 0.00138539 0.00214795 -2.83658e-05
internal_weight=8556 8235 301 7934 321 7824 3992 3862 3760 3633 900 535 344 2733
internal_count=8556 8235 301 7934 321 7824 3992 3862 3760 3633 900 535 344 2733
cat_boundaries=0 1 2
cat_threshold=2973889175 1107298568
is_linear=0
shrinkage=0.03


Tree=144
num_leaves=15
num_cat=1
split_feature=32 22 28 31 23 31 24 37 24 1 32 28 25 23
split_gain=0.362193 0.768174 0.42713 0.397143 0.374039 0.448604 0.360156 0.341467 0.462545 0.401816 0.554986 0.468081 0.924745 0.504908
threshold=26.500000000000004 1642.0350000000003 10.354369212962965 4.6669339748730296 126.50000000000001 6.3930205949656758 673.12316666666027 0 7.486666666665756 3.5000000000000004 14.500000000000002 2.1058738425925934 0.24195121951219514 79.500000000000014
decision_type=2 2 2 10 2 10 10 9 10 2 2 2 8 2
left_child=3 2 -2 6 -5 -6 7 -1 -9 10 -10 -11 -13 -14
right_child=1 -3 -4 4 5 -7 -8 8 9 11 -12 12 13 -15
leaf_value=0.00027094504684224539 0.00035484804134967336 -0.0021030139633492094 -0.0015139155711944336 0.00026750248114049678 0.00056811811351000743 0.0031822848631658618 -0.0014528250649676355 -0.0014965554120582203 0.0021226009503828689 -0.00048207559311243535 -0.00037660281087537078 0.0023391376825883377 -0.00094644233672132436 0.00055248663729318592
leaf_weight=3669 529 213 139 406 129 109 142 215 170 1681 151 172 349 481
leaf_count=3669 529 213 139 406 129 109 142 215 170 1681 151 172 349 481
internal_value=4.18729e-05 -0.000534236 -3.40115e-05 0.000108012 0.000821059 0.00176536 4.26916e-05 7.35225e-05 -0.000151869 -5.61333e-05 0.000946963 -0.000176146 0.000337095 -7.77859e-05
internal_weight=8555 881 668 7674 644 238 7030 6888 3219 3004 321 2683 1002 830
internal_count=8555 881 668 7674 644 238 7030 6888 3219 3004 321 2683 1002 830
cat_boundaries=0 1
cat_threshold=3894463560
is_linear=0
shrinkage=0.03


Tree=145
num_leaves=15
num_cat=3
split_feature=31 31 31 31 37 22 32 38 32 22 0 22 37 37
split_gain=0.363422 0.558417 0.512728 0.469169 1.01358 0.949239 0.437724 0.407131 0.478555 0.711687 0.432021 0.423843 0.416366 0.401737
threshold=2.308391608391609 2.3685450375054251 1.0133141338059373 1.1144551101072844 0 8658.0000000000018 1.0000000180025095e-35 1.8698911339896702 6.5000000000000009 5597.8500000000013 7.5000000000000009 906.93750000000011 1 2
decision_type=10 10 8 8 9 2 2 2 2 2 2 2 9 9
left_child=2 -2 7 4 -4 6 -5 8 9 10 -1 12 -12 -3
right_child=1 13 3 5 -6 -7 -8 -9 -10 -11 11 -13 -14 -15
leaf_value=0.00075621880254825009 -0.002091506881689009 -0.00069081000596629564 0.003393582601599129 -0.0014476282676203851 2.0830830664653787e-06 -0.0018028352196069364 0.00044977149288204682 -0.0015225564605042116 -0.00085642817522318948 0.0021059486405415966 0.0013586639222033891 -0.0020655881365730794 -0.00091264116745959551 0.0001044010820919335
leaf_weight=323 136 790 130 113 193 187 3461 201 469 165 108 138 179 2000
leaf_count=323 136 790 130 113 193 187 3461 201 469 165 108 138 179 2000
internal_value=5.71451e-05 -0.00021437 0.000197335 0.000374993 0.00147221 0.000280762 0.000389781 -0.000261009 -7.75272e-05 0.000322587 -7.08012e-05 -0.000699336 -4.23932e-05 -0.000122868
internal_weight=8593 2926 5667 4084 323 3761 3574 1583 1382 913 748 425 287 2790
internal_count=8593 2926 5667 4084 323 3761 3574 1583 1382 913 748 425 287 2790
cat_boundaries=0 1 2 3
cat_threshold=77596672 545259654 3837800450
is_linear=0
shrinkage=0.03


Tree=146
num_leaves=15
num_cat=2
split_feature=0 37 1 21 25 37 14 21 33 14 14 1 32 24
split_gain=0.472252 0.533406 0.764894 0.805543 0.425127 0.360076 0.43699 0.675607 0.704376 0.844212 0.574548 0.665967 1.42597 0.516255
threshold=11.500000000000002 0 40.500000000000007 97.833333333333357 0.20937500000000003 1 1.5000000000000002 161.50000000000003 1.0000000180025095e-35 2.5000000000000004 2.5000000000000004 42.500000000000007 3.5000000000000004 70.494166666665862
decision_type=2 9 2 2 8 9 2 2 2 2 2 2 2 10
left_child=5 2 -2 -4 -3 6 -1 10 9 -9 -8 12 -12 -13
right_child=1 4 3 -5 -6 -7 7 8 -10 -11 11 13 -14 -15
leaf_value=0.0016780432996953405 -0.0021849505422159845 -0.0013503742234038036 -0.0010666140489148917 0.0016901715313592416 0.00082508715798337449 -0.00010639301622321178 -0.00014254944783352491 0.0019065812871452759 -0.0029696028345885376 -0.0015634209175147365 0.0029623181344628925 0.0012804695665103833 -0.00086958375765638658 0.0037720099927929154
leaf_weight=205 328 109 344 132 313 5243 669 110 108 148 123 267 302 104
leaf_count=205 328 109 344 132 313 5243 669 110 108 148 123 267 302 104
internal_value=-6.6563e-05 -0.000611268 -0.0010571 -0.000302127 0.000257087 2.51816e-05 0.000362746 0.000217466 -0.000935463 -8.39626e-05 0.000505501 0.00105016 0.000239414 0.00197891
internal_weight=8505 1226 804 476 422 7279 2036 1831 366 258 1465 796 425 371
internal_count=8505 1226 804 476 422 7279 2036 1831 366 258 1465 796 425 371
cat_boundaries=0 1 2
cat_threshold=2423805954 2569806082
is_linear=0
shrinkage=0.03


Tree=147
num_leaves=15
num_cat=1
split_feature=37 2 30 31 26 31 30 22 28 0 31 31 28 31
split_gain=0.428994 0.319989 0.460861 0.457963 0.402194 0.424409 0.769185 0.957221 0.413999 0.918565 0.366136 0.296176 0.642447 0.524011
threshold=0 1.0000000180025095e-35 304.85000000000008 0.1799720450492425 1.0000000180025095e-35 1.6406667080513999 244.62500000000003 1980.7027500000002 0.83592013888888894 7.5000000000000009 3.6569070953420728 2.308391608391609 6.3706655092592603 2.7397474403805018
decision_type=9 2 2 8 8 8 2 2 2 2 10 10 2 10
left_child=-1 2 3 -2 5 8 7 11 -5 -10 -4 12 -7 -13
right_child=1 -3 10 4 -6 6 -8 -9 9 -11 -12 13 -14 -15
leaf_value=-0.0005772420501206888 0.0021063820794841055 -0.0003872399191769463 0.00031999808497580108 -0.00021416857614238704 0.0003044053818671727 -2.2486266880777888e-05 -0.0013008846831624396 0.002441760367682119 -0.00010526370468587443 -0.00313809589615915 0.002186806891567342 -0.0015870840915739365 0.0020037202506923233 0.00029826105370359346
leaf_weight=946 102 1056 203 607 3273 580 300 176 196 166 177 218 186 339
leaf_count=946 102 1056 203 607 3273 580 300 176 196 166 177 218 186 339
internal_value=2.17161e-05 9.71107e-05 0.000175671 0.000112954 7.92954e-05 -0.000186884 8.57479e-05 0.000363259 -0.00069304 -0.00149601 0.00118954 8.67544e-05 0.000469517 -0.00043963
internal_weight=8525 7579 6523 6143 6041 2768 1799 1499 969 362 380 1323 766 557
internal_count=8525 7579 6523 6143 6041 2768 1799 1499 969 362 380 1323 766 557
cat_boundaries=0 1
cat_threshold=1746219632
is_linear=0
shrinkage=0.03


Tree=148
num_leaves=15
num_cat=2
split_feature=37 33 22 22 37 0 22 0 24 27 24 24 13 27
split_gain=0.258748 0.404047 1.15127 0.788832 0.814405 0.477907 0.467233 0.562641 0.449315 0.419935 0.44363 0.393243 0.377478 0.634383
threshold=0 1.0000000180025095e-35 6331.4577500000005 1619.2460000000001 1 6.5000000000000009 5597.8500000000013 6.5000000000000009 231.02700000000507 30.512980324074078 533.18250000001296 194.20583333333272 1.0000000180025095e-35 27.999803240740743
decision_type=9 2 2 2 9 2 2 2 10 2 10 10 2 2
left_child=-1 6 3 4 5 -3 9 -8 -5 10 12 -11 -2 -14
right_child=1 2 -4 8 -6 -7 7 -9 -10 11 -12 -13 13 -15
leaf_value=-0.00020878677393383163 0.00067918950842284849 -0.0019633537189093536 -0.00227257442050297 0.0012062015644131372 0.0020223239450037839 0.00038402006144342186 -0.00030305495840648159 0.0022484322550684905 0.0039330182226350241 -0.0022873188565100296 -0.0011463794816424318 -0.0002036705248431898 -0.00041202685494022963 0.00080774146514095099
leaf_weight=3900 759 115 103 104 191 243 142 172 114 147 279 183 1523 513
leaf_count=3900 759 115 103 104 191 243 142 172 114 147 279 183 1523 513
internal_value=-2.94411e-05 0.000123197 0.000705462 0.00110538 0.000499123 -0.00035997 -1.27196e-05 0.00109457 0.00263215 -0.000114861 -5.68659e-06 -0.00113184 0.000108179 -0.000104688
internal_weight=8488 4588 870 767 549 358 3718 314 218 3404 3074 330 2795 2036
internal_count=8488 4588 870 767 549 358 3718 314 218 3404 3074 330 2795 2036
cat_boundaries=0 1 2
cat_threshold=4115403429 33605888
is_linear=0
shrinkage=0.03


Tree=149
num_leaves=15
num_cat=1
split_feature=35 21 0 1 21 13 1 24 1 1 28 38 23 38
split_gain=0.409575 0.477892 0.649372 0.555161 0.52871 0.693355 0.5187 0.514505 0.573924 0.526443 0.495981 0.578232 0.68341 0.826567
threshold=0 6.166666666666667 6.5000000000000009 37.500000000000007 101.00000000000001 1.0000000180025095e-35 11.500000000000002 203.10616666666351 57.500000000000007 62.500000000000007 8.3192303240740753 1.8127161312414042 76.500000000000014 1.5687241745801401
decision_type=1 2 2 2 2 2 2 10 2 2 2 2 2 2
left_child=1 2 -1 6 -5 -6 10 8 -7 -9 11 12 -3 -14
right_child=-2 3 -4 4 5 7 -8 9 -10 -11 -12 -13 13 -15
leaf_value=0.0027395741582075333 -0.00033615651617673059 0.00027184538563295943 0.0002077417071776053 6.9213906158244336e-05 -0.00056956055919418769 0.00092984904207947571 -0.00056956477951041981 0.0020111764602021862 0.0037278640959594474 -0.00066325628339424165 -0.0010831525449131458 -0.0012309598521415578 0.00058764392613725618 0.0040794666325673461
leaf_weight=141 2910 609 258 1546 177 116 1775 131 153 134 212 146 137 110
leaf_count=141 2910 609 258 1546 177 116 1775 131 153 134 212 146 137 110
internal_value=-4.77168e-05 0.00010139 0.00110245 2.54446e-05 0.000380596 0.00105767 -0.000242731 0.00159703 0.00252129 0.000658822 0.000235135 0.000514054 0.000811685 0.00214271
internal_weight=8555 5645 399 5246 2257 711 2989 534 269 265 1214 1002 856 247
internal_count=8555 5645 399 5246 2257 711 2989 534 269 265 1214 1002 856 247
cat_boundaries=0 1
cat_threshold=26
is_linear=0
shrinkage=0.03


Tree=150
num_leaves=15
num_cat=1
split_feature=28 28 37 31 1 28 1 0 0 25 24 30 24 31
split_gain=0.338373 0.659128 0.396755 0.576147 0.702993 0.643264 0.561738 0.415263 0.40883 0.417862 0.387253 0.638867 0.372406 0.50548
threshold=15.638628472222225 20.991348379629631 0 2.6781286894923264 20.500000000000004 6.9361747685185202 227.50000000000003 4.5000000000000009 11.500000000000002 0.24695121951219515 533.18250000001296 226.10000000000002 88.281833333336408 1.361581038887312
decision_type=2 2 9 10 2 2 2 2 2 10 10 2 8 10
left_child=2 -2 6 4 5 7 8 -4 10 -10 -1 -12 13 -9
right_child=1 -3 3 -5 -6 -7 -8 12 9 -11 11 -13 -14 -15
leaf_value=0.00038872228054950494 -0.0016380238935948597 0.00031741696434984265 -0.00019669308616464737 -0.0012049830018823742 -0.00036924142285450621 -0.0013555969404714073 0.0024101857407691162 -0.00049934908563859372 0.00085384048711129284 -0.00086784883352679159 -0.0022516039992809636 0.00083642404425788566 0.0027536793116142702 0.0022959309695249406
leaf_weight=4468 292 331 136 419 1361 102 108 114 167 528 132 111 177 119
leaf_count=4468 292 331 136 419 1361 102 108 114 167 528 132 111 177 119
internal_value=7.41525e-05 -0.000599098 0.000126965 -0.00019227 1.79853e-05 0.000831281 0.000267399 0.00123982 0.000225085 -0.000454148 0.00032529 -0.000841023 0.00171632 0.000928283
internal_weight=8565 623 7942 2428 2009 648 5514 546 5406 695 4711 243 410 233
internal_count=8565 623 7942 2428 2009 648 5514 546 5406 695 4711 243 410 233
cat_boundaries=0 1
cat_threshold=2557516920
is_linear=0
shrinkage=0.03


Tree=151
num_leaves=15
num_cat=1
split_feature=38 31 30 30 27 27 23 38 37 21 32 17 5 31
split_gain=0.396624 1.15298 0.317591 1.02147 0.443357 0.689487 1.02579 0.5833 0.524774 0.705249 0.411835 0.576243 0.521458 0.442797
threshold=2.0563436588022119 1.6012326489300175 194.10000000000002 199.10000000000002 27.999803240740743 29.99912615740741 76.500000000000014 1.5177778120740018 0 105.28333333333335 30.500000000000004 1.5000000000000002 0.18465000000000001 2.2152717697949975
decision_type=2 8 2 2 2 2 2 2 9 2 2 2 2 10
left_child=2 -2 4 -4 8 6 -6 -7 9 -1 11 13 -12 -5
right_child=1 -3 3 10 5 7 -8 -9 -10 -11 12 -13 -14 -15
leaf_value=-0.00027396462146546825 -0.00092808280153520648 0.0030888289976728094 -0.0028449402085276069 -0.00080642522243714514 -0.00010363498500423858 0.0012618737356465278 0.0036586473679760686 -0.0018070364271142434 0.00020127508530173787 -0.0027497100172589111 -0.002646869598122846 0.0015035842028480735 0.00020833268291580508 0.00018097063832257885
leaf_weight=1239 122 136 134 645 116 113 149 110 4142 113 126 204 106 1116
leaf_count=1239 122 136 134 645 116 113 149 110 4142 113 126 204 106 1116
internal_value=3.0945e-05 0.00118936 -5.0072e-06 -0.000302057 0.000110744 0.000977325 0.00201176 -0.000251938 3.37704e-05 -0.000477356 -0.00014696 -5.8269e-06 -0.00134234 -0.000180682
internal_weight=8571 258 8313 2331 5982 488 265 223 5494 1352 2197 1965 232 1761
internal_count=8571 258 8313 2331 5982 488 265 223 5494 1352 2197 1965 232 1761
cat_boundaries=0 1
cat_threshold=1677994941
is_linear=0
shrinkage=0.03


Tree=152
num_leaves=15
num_cat=0
split_feature=30 38 38 24 31 23 31 21 1 24 31 30 30 30
split_gain=0.459226 0.394423 0.856963 0.353112 0.587639 0.365113 0.354448 0.541711 0.541925 0.594208 0.479085 0.47853 0.465367 0.766899
threshold=324.57500000000005 2.1247279273171897 2.0419870592411393 7.486666666665756 1.2190404267189183 50.500000000000007 2.308391608391609 105.28333333333335 34.500000000000007 46.346166666668147 2.3817218117571479 250.60000000000002 265.77500000000003 242.05000000000004
decision_type=2 2 2 8 10 2 8 2 2 10 10 2 2 2
left_child=1 2 3 4 -1 -6 12 8 9 -8 -10 -11 13 -5
right_child=-2 -3 -4 6 5 -7 7 -9 10 11 -12 -13 -14 -15
leaf_value=-0.0021353667832759988 0.001190585842620526 -0.0018274127644752817 0.0021697733535647121 0.00021237009017978936 0.0010992437770255491 -0.0010408189957448561 0.00064301235375751275 -0.0023151393687147474 -0.0010307213227827849 -0.0013561582306368767 0.00046364495548409059 0.00028747518806968155 0.0019213282029247945 -0.0017743292515413006
leaf_weight=185 302 105 164 4464 144 143 256 109 229 717 1231 205 135 182
leaf_count=185 302 105 164 4464 144 143 256 109 229 717 1231 205 135 182
internal_value=4.15288e-05 -4.3696e-07 2.30604e-05 -2.09472e-05 -0.000816926 3.29407e-05 2.896e-05 -0.000242614 -0.000156979 -0.000635672 0.000229255 -0.000990708 0.000184997 0.000134544
internal_weight=8571 8269 8164 8000 472 287 7528 2747 2638 1178 1460 922 4781 4646
internal_count=8571 8269 8164 8000 472 287 7528 2747 2638 1178 1460 922 4781 4646
is_linear=0
shrinkage=0.03


Tree=153
num_leaves=15
num_cat=4
split_feature=35 30 32 37 30 38 33 37 27 38 27 38 38 37
split_gain=0.48953 0.628692 0.555654 0.466846 0.461954 0.409321 0.406354 0.442284 0.724629 0.5398 0.689678 0.35294 0.349522 0.336133
threshold=0 327.65000000000003 30.500000000000004 1 304.85000000000008 1.6446032258704248 1.0000000180025095e-35 2 15.36295138888889 1.734941182633164 13.999855324074074 1.8038893715340791 1.1424083281668806 3
decision_type=1 2 2 9 2 2 2 9 2 2 2 2 2 9
left_child=1 3 -3 5 6 -1 7 -2 9 -9 11 -11 -5 -8
right_child=4 2 -4 12 -6 -7 13 8 -10 10 -12 -13 -14 -15
leaf_value=0.00055508393259827112 -0.0012548829708807811 0.0034185877515205947 0.00028703929648454324 -0.00081053245995719807 -0.0022827266078442334 0.0025682615703333102 0.0013196226992458105 8.1699011018649265e-06 0.0018612872788005255 -0.0019785435165977105 -0.0031766516903411405 2.3517363044374015e-05 0.00012262087019007106 -9.9465085934543116e-05
leaf_weight=420 427 101 103 393 100 116 240 1084 143 112 119 271 4472 380
leaf_count=420 427 101 103 393 100 116 240 1084 143 112 119 271 4472 380
internal_value=3.91404e-05 0.000202265 0.00183746 0.000140877 -0.000278506 0.000972626 -0.000207311 -0.000401952 -0.000182993 -0.000368467 -0.00118176 -0.000561942 4.71428e-05 0.000469539
internal_weight=8481 5605 204 5401 2876 536 2776 2156 1729 1586 502 383 4865 620
internal_count=8481 5605 204 5401 2876 536 2776 2156 1729 1586 502 383 4865 620
cat_boundaries=0 1 2 3 4
cat_threshold=26 1242071082 151037956 411043840
is_linear=0
shrinkage=0.03


Tree=154
num_leaves=15
num_cat=1
split_feature=1 22 30 21 30 0 37 28 28 21 22 31 38 1
split_gain=0.317492 0.334266 0.615492 0.653112 0.569466 0.493854 0.753074 0.538305 1.21549 0.469962 0.462538 0.448666 0.445008 0.756165
threshold=227.50000000000003 6402.0500000000002 111.50000000000001 129.92500000000004 236.05000000000004 8.5000000000000018 0 7.7874305555555567 1.9757060185185187 56.833333333333336 7391.3750000000009 0.55936451399967002 1.6483028889430995 20.500000000000004
decision_type=2 2 2 2 2 2 9 2 2 2 2 10 2 2
left_child=1 5 3 -3 10 11 7 8 -7 -9 -4 12 13 -1
right_child=-2 2 4 -5 -6 6 -8 9 -10 -11 -12 -13 -14 -15
leaf_value=0.0014761947822295677 0.0011592532250254918 0.0021816225466501759 -0.0027544374472807287 -0.00062477493682298651 0.0003017332338804037 0.00066197321788650045 -0.00021531815439344197 0.0015363118766419737 0.0033218218232975633 -0.00087117962088584613 -0.00089681446875794425 -0.00010294887766256338 -0.002643262699749621 -0.0016932711166306267
leaf_weight=109 191 127 194 181 196 871 1274 101 188 263 319 4173 124 179
leaf_count=109 191 127 194 181 196 871 1274 101 188 263 319 4173 124 179
internal_value=-5.00361e-05 -7.78677e-05 -0.000587338 0.000532408 -0.00107377 -6.71527e-06 0.00031541 0.000786552 0.00113417 -0.000203167 -0.00159931 -0.000196196 -0.00114067 -0.000493716
internal_weight=8490 8299 1017 308 709 7282 2697 1423 1059 364 513 4585 412 288
internal_count=8490 8299 1017 308 709 7282 2697 1423 1059 364 513 4585 412 288
cat_boundaries=0 1
cat_threshold=2293254485
is_linear=0
shrinkage=0.03


Tree=155
num_leaves=15
num_cat=2
split_feature=38 37 38 24 24 24 31 35 21 14 21 31 23 1
split_gain=0.298424 0.744305 0.566852 0.599612 0.688196 0.534777 0.964506 0.490419 0.944263 0.541384 0.569732 0.753622 0.591281 0.880393
threshold=1.6730940035018012 0 1.5452585176293827 182.81433333333351 234.50883333332607 313.44366666666468 2.2263297191155131 1 142.07500000000005 2.5000000000000004 86.391666666666694 4.1843694096601078 126.50000000000001 27.500000000000004
decision_type=2 9 2 10 10 10 10 1 2 2 2 8 2 2
left_child=2 -2 -1 -4 -5 -6 -7 8 9 10 11 -3 13 -12
right_child=1 7 3 4 5 6 -8 -9 -10 -11 12 -13 -14 -15
leaf_value=-1.9529655193161846e-05 0.0020811745795445181 -0.0018598643386904623 0.001194332304532777 -0.0022303583824100927 0.0022920306548657055 -0.0022982746152509304 0.0016655283419584686 -0.00086634726064116019 0.0019625825148418936 0.00083903155664625834 -0.0024883351197971379 0.00094392124130131879 0.0020405616131982047 0.00096531775946986215
leaf_weight=4763 107 429 793 111 103 111 110 1025 190 281 118 108 113 152
leaf_count=4763 107 429 793 111 103 111 110 1025 190 281 118 108 113 152
internal_value=1.33816e-05 -0.000260311 0.000128642 0.000703351 -0.000191703 0.000506725 -0.000325341 -0.000371089 -2.56356e-06 -0.000313474 -0.000665489 -0.00129597 0.000218507 -0.000544056
internal_weight=8514 2523 5991 1228 435 324 221 2416 1391 1201 920 537 383 270
internal_count=8514 2523 5991 1228 435 324 221 2416 1391 1201 920 537 383 270
cat_boundaries=0 1 2
cat_threshold=138936320 14
is_linear=0
shrinkage=0.03


Tree=156
num_leaves=15
num_cat=2
split_feature=25 6 5 21 37 22 35 31 31 1 27 27 27 27
split_gain=0.350483 0.580618 0.631601 0.66813 1.02285 0.394476 0.372448 0.363847 0.636524 0.342664 0.483259 0.307663 0.359292 0.361487
threshold=0.24195121951219514 2.5000000000000004 0.11435000000000002 125.83333333333336 0 2593.2500000000005 1 0.91867732558139548 1.3433035714285715 43.500000000000007 13.999519675925926 30.998680555555559 30.512980324074078 29.624641203703707
decision_type=10 2 2 2 9 2 1 8 10 2 2 2 2 2
left_child=1 2 3 4 -1 6 -6 -4 -9 10 -8 12 13 -2
right_child=11 -3 7 -5 5 -7 9 8 -10 -11 -12 -13 -14 -15
leaf_value=0.0025152411158686798 -0.00020189615308441501 0.0024118099039852885 0.00045217706047509222 -0.00077741388126014496 0.0011883614250287717 0.0019108788906709781 0.0016335381205921293 -0.0028543327815334675 -0.00014947125674045301 -0.0019057061164792564 -0.0011223833133647246 0.00097308783140033484 -0.0012371714799652618 0.00078086779026742981
leaf_weight=256 5968 112 155 256 137 108 100 138 181 122 134 210 284 357
leaf_count=256 5968 112 155 256 137 108 100 138 181 122 134 210 284 357
internal_value=-6.13217e-05 0.0003242 0.000176871 0.000567438 0.000969167 0.000264357 -9.09788e-05 -0.000740221 -0.0013196 -0.000599841 5.53609e-05 -0.000157377 -0.000193297 -0.000146426
internal_weight=8518 1699 1587 1113 857 601 493 474 319 356 234 6819 6609 6325
internal_count=8518 1699 1587 1113 857 601 493 474 319 356 234 6819 6609 6325
cat_boundaries=0 1 2
cat_threshold=2418049030 12
is_linear=0
shrinkage=0.03


Tree=157
num_leaves=15
num_cat=3
split_feature=37 32 1 37 22 0 23 1 1 35 24 23 0 22
split_gain=0.275324 0.639087 0.517429 0.630816 0.494347 0.426769 0.391655 0.368355 0.512949 0.46639 0.448067 0.4479 0.412831 0.417613
threshold=0 2.5000000000000004 17.500000000000004 1 80.350000000000009 9.5000000000000018 186.50000000000003 38.500000000000007 42.500000000000007 2 100.57766666666519 44.500000000000007 8.5000000000000018 6402.0500000000002
decision_type=9 2 2 9 2 2 2 2 2 1 8 2 2 2
left_child=7 2 -2 5 -3 -4 -6 9 -9 -1 -11 -12 -10 -14
right_child=1 4 3 -5 6 -7 -8 8 12 10 11 -13 13 -15
leaf_value=0.0019223235758254302 0.0027365756751062103 -0.0013335846146689647 -0.0017137704698513422 0.0021216424429749553 0.00015441687393604554 0.00091316501123647883 -0.0011685161184027384 -0.0026033878074958917 0.00014519837460745224 -0.00028492402276916138 -0.00022597681152055393 0.0023974782042580863 -0.00047652311881367224 -0.0020384096972133757
leaf_weight=110 136 229 116 131 4429 107 211 100 722 1099 111 124 707 197
leaf_count=110 136 229 116 131 4429 107 211 100 722 1099 111 124 707 197
internal_value=-2.36979e-07 0.000130788 0.00116375 0.0005595 2.7103e-05 -0.000433857 9.42576e-05 -0.000221454 -0.000517946 0.000131407 -3.04521e-05 0.00115831 -0.00038969 -0.00081689
internal_weight=8529 5359 490 354 4869 223 4640 3170 1726 1444 1334 235 1626 904
internal_count=8529 5359 490 354 4869 223 4640 3170 1726 1444 1334 235 1626 904
cat_boundaries=0 1 2 3
cat_threshold=1923695211 2151719056 4
is_linear=0
shrinkage=0.03


Tree=158
num_leaves=15
num_cat=2
split_feature=27 37 28 31 31 1 17 38 38 1 0 35 26 1
split_gain=0.393532 0.535231 1.07336 0.963794 0.427242 0.415774 0.407293 0.29017 0.31593 0.619609 0.443089 0.46389 0.539325 0.391874
threshold=6.9996585648148155 0 0.62855902777777783 1.548166151126823 0.1106014271151886 47.500000000000007 3.5000000000000004 0.87105300439944 1.6919028817953892 3.5000000000000004 6.5000000000000009 1 0.07571428571428572 14.500000000000002
decision_type=2 9 2 10 8 2 2 2 2 2 2 1 10 2
left_child=-1 2 3 5 -3 -2 7 -6 -9 -10 13 -12 -13 -11
right_child=1 4 -4 -5 6 -7 -8 8 9 10 11 12 -14 -15
leaf_value=-0.0013047083975239232 0.0019955733945853141 0.0018760552067520484 -0.00099311473424078082 0.0040406037231611952 -0.0016412950465187 -0.00043721716580612041 0.0017878159457662452 7.0831541438636737e-05 0.0018723847449624111 0.000529463741442909 0.00062417381550238296 -6.9572283042832218e-05 -0.0017398974490296759 -0.001467457695025689
leaf_weight=198 129 106 173 123 104 124 108 5529 105 106 430 557 253 534
leaf_count=198 129 106 173 123 104 124 108 5529 105 106 430 557 253 534
internal_value=1.72209e-05 4.84513e-05 0.000945258 0.00186226 -1.55992e-05 0.000803218 -4.15728e-05 -6.75079e-05 -4.57254e-05 -0.000370382 -0.000495643 -0.000164766 -0.00058408 -0.00113672
internal_weight=8579 8381 549 376 7832 253 7726 7618 7514 1985 1880 1240 810 640
internal_count=8579 8381 549 376 7832 253 7726 7618 7514 1985 1880 1240 810 640
cat_boundaries=0 1 2
cat_threshold=136840272 12
is_linear=0
shrinkage=0.03


Tree=159
num_leaves=15
num_cat=3
split_feature=37 28 22 21 32 24 25 23 22 23 35 35 22 27
split_gain=0.438821 0.390843 0.321728 0.811634 0.293106 0.310202 0.223966 0.221131 0.382748 0.367722 0.258692 0.242591 0.26133 0.215934
threshold=0 1.1232986111111114 266.40000000000003 59.833333333333336 25.500000000000004 397.60983333333633 0.45972972972972981 64.500000000000014 2593.2500000000005 26.500000000000004 1 2 855.05000000000007 30.998680555555559
decision_type=9 2 2 2 2 8 10 2 2 2 1 1 2 2
left_child=1 7 -3 -4 13 6 -6 9 11 -1 -11 -9 -13 -2
right_child=4 2 3 -5 5 -7 -8 8 -10 10 -12 12 -14 -15
leaf_value=-0.001302351213988378 0.00013461493177700136 -0.00098428744939155861 0.0025112085596209624 -0.00075434040098049993 -0.0015894989542416728 0.00074203858748180689 -0.0003772055891532818 -0.0029293071432039139 0.00020020892108445914 0.0012513212847746521 -0.00047971115764338778 -0.0019281096459215809 -0.00011429178893566131 0.0012099928273065716
leaf_weight=214 5875 120 137 137 172 182 677 104 127 134 162 167 125 173
leaf_count=214 5875 120 137 137 172 182 677 104 127 134 162 167 125 173
internal_value=-1.13757e-05 -0.000489382 0.000311108 0.000878434 8.55523e-05 -0.000381873 -0.000622806 -0.000799437 -0.00123288 -0.000354947 0.00033 -0.00169248 -0.00111351 0.000165376
internal_weight=8506 1427 394 274 7079 1031 849 1033 523 510 296 396 292 6048
internal_count=8506 1427 394 274 7079 1031 849 1033 523 510 296 396 292 6048
cat_boundaries=0 1 2 3
cat_threshold=545588085 28 16
is_linear=0
shrinkage=0.03


Tree=160
num_leaves=15
num_cat=0
split_feature=17 1 38 30 29 22 6 38 23 17 26 10 24 23
split_gain=0.25412 0.318909 0.235893 0.63716 0.498853 0.722745 0.940978 0.50729 0.449987 1.09296 0.841589 0.770255 0.431366 0.926792
threshold=3.5000000000000004 206.50000000000003 1.4773522854726033 277.02500000000003 2.5000000000000004 2274.3996250000005 1.0000000180025095e-35 1.3683301080682579 20.500000000000004 1.0000000180025095e-35 0.042572463768115944 1.0000000180025095e-35 234.50883333332607 109.50000000000001
decision_type=2 2 2 2 2 2 2 2 2 2 10 2 8 2
left_child=1 2 3 4 7 -6 -7 -1 9 10 -4 -10 -13 -14
right_child=-2 -3 8 -5 5 6 -8 -9 11 -11 -12 12 13 -15
leaf_value=-1.6711064828404668e-05 0.0014090141128653135 0.0011286156191490592 -0.00094829057827497919 -0.0014770799863509066 -4.9464432816891064e-05 0.0032835928063098064 -0.00039477739140720051 -0.00090555176312165267 -0.0019608772512712687 0.0033171319291630586 0.0023639364990172907 -8.6948895981472251e-05 -0.00029259100032504645 0.0015372374566825729
leaf_weight=2023 117 220 223 321 546 162 102 809 169 132 100 2695 487 510
leaf_count=2023 117 220 223 321 546 162 102 809 169 132 100 2695 487 510
internal_value=2.04093e-05 1.29334e-06 -2.86633e-05 -0.000195779 -8.28475e-05 0.000573663 0.0018624 -0.000270621 0.000124785 0.00101711 7.71667e-05 1.9628e-05 0.000110285 0.00064343
internal_weight=8616 8499 8279 3963 3642 810 264 2832 4316 455 323 3861 3692 997
internal_count=8616 8499 8279 3963 3642 810 264 2832 4316 455 323 3861 3692 997
is_linear=0
shrinkage=0.03


Tree=161
num_leaves=15
num_cat=0
split_feature=22 23 28 22 1 38 23 29 31 21 31 13 24 31
split_gain=0.263612 0.460075 1.10416 0.393774 0.340738 0.420132 1.03621 0.27846 0.482206 0.710695 0.35326 0.435667 0.374481 0.576754
threshold=6402.0500000000002 16.500000000000004 0.93167824074074079 5742.3000000000002 14.500000000000002 1.6693024123988318 33.500000000000007 4.5000000000000009 2.1326743243938995 56.833333333333336 1.0823369463999704 0.50000000000000011 45.290999999999777 1.2190404267189183
decision_type=2 2 2 2 2 2 2 2 8 2 8 2 8 8
left_child=3 2 -2 7 -3 6 -6 10 -9 -10 11 -1 -12 -14
right_child=1 4 -4 -5 5 -7 -8 8 9 -11 12 -13 13 -15
leaf_value=-0.00023823050145826085 0.002917049631792539 -0.0020042942368787937 -0.0014256976544857025 0.001642107656011441 -0.0014210083802951173 -0.0011047772360116394 0.0020831895764702214 0.002380498799487765 0.0015691037815185667 -0.0015737919782080351 0.00050781043133355181 -0.0018520768072564598 0.0018435675397548558 -0.00011432201120772352
leaf_weight=1041 109 158 102 140 148 397 156 122 138 122 1450 176 140 4132
leaf_count=1041 109 158 102 140 148 397 156 122 138 122 1450 176 140 4132
internal_value=2.9144e-06 -0.000437448 0.000817712 6.60678e-05 -0.000745759 -0.000462094 0.000377198 3.59291e-05 0.000824488 9.43604e-05 -7.48198e-06 -0.000471622 9.12349e-05 -5.0159e-05
internal_weight=8531 1070 211 7461 859 701 304 7321 382 260 6939 1217 5722 4272
internal_count=8531 1070 211 7461 859 701 304 7321 382 260 6939 1217 5722 4272
is_linear=0
shrinkage=0.03


Tree=162
num_leaves=15
num_cat=0
split_feature=33 23 21 31 25 24 31 25 25 24 25 0 23 23
split_gain=0.351492 0.976316 0.827251 0.538633 0.957483 0.690326 0.570215 0.544108 0.551152 0.409184 0.354108 0.406023 0.437108 0.615853
threshold=1.0000000180025095e-35 26.500000000000004 190.00000000000003 3.1885887096774197 0.61769230769230787 192.58433333333423 4.7969387755102053 0.43223443223443231 0.51925925925925942 44.212833333332135 0.24195121951219514 6.5000000000000009 111.50000000000001 56.500000000000007
decision_type=2 2 2 8 10 10 10 10 10 10 10 2 2 2
left_child=2 9 10 5 6 -3 -5 -7 -9 -2 11 -1 13 -13
right_child=1 3 -4 4 -6 7 -8 8 -10 -11 -12 12 -14 -15
leaf_value=0.00096634289778012316 2.3719335518103183e-05 0.00090256527833547113 0.0018186925319090593 0.0043159942397075456 5.17790247222984e-05 -0.0022013081574764593 0.0012903097349609522 0.0016808237616762357 -0.0011551871622498566 -0.0019469066081342823 -0.00027932525548320005 0.0001264086596554995 0.0016997878886056395 -0.0017930874308338387
leaf_weight=480 182 710 195 123 191 136 103 115 133 198 5136 607 106 200
leaf_count=480 182 710 195 123 191 136 103 115 133 198 5136 607 106 200
internal_value=-5.13617e-06 0.000356207 -0.000106757 0.000698052 0.00161549 0.000348353 0.00293703 -0.000676362 0.000159899 -0.00100308 -0.000164264 0.000259967 -0.000111402 -0.000349303
internal_weight=8615 1891 6724 1511 417 1094 226 384 248 380 6529 1393 913 807
internal_count=8615 1891 6724 1511 417 1094 226 384 248 380 6529 1393 913 807
is_linear=0
shrinkage=0.03


Tree=163
num_leaves=15
num_cat=1
split_feature=38 1 0 37 31 31 31 30 1 24 28 22 23 30
split_gain=0.295065 0.33423 0.205685 0.970045 0.674536 0.493504 0.461204 0.976965 0.440416 0.436352 0.406309 0.548699 0.35772 0.614186
threshold=0.87105300439944 251.50000000000003 5.5000000000000009 0 4.2896428047626047 2.2745139927365949 0.78967355096602276 39.500000000000007 58.500000000000007 335.07299999999589 6.3179513888888899 1182.1500000000003 67.500000000000014 196.30000000000004
decision_type=2 2 2 9 10 10 8 2 2 10 2 2 2 2
left_child=-1 2 3 -2 5 6 7 -5 12 10 11 -7 -8 -14
right_child=1 -3 -4 4 -6 9 8 -9 -10 -11 -12 -13 13 -15
leaf_value=-0.0015549826154109233 0.0027280078818817644 0.0014908304578670254 -5.661069791926119e-05 0.001163987812244951 0.0020460434919223188 -0.00062785661860328653 -0.00030999523869550393 -0.0028797042286428419 0.0019023747658568687 0.00066517254798038102 -0.00012683352024075301 -0.0035218851142062627 0.0018252655533934012 -0.0005979095951465902
leaf_weight=104 127 143 6323 101 150 115 465 115 176 132 153 121 250 151
leaf_count=104 127 143 6323 101 150 115 465 115 176 132 153 121 250 151
internal_value=3.33074e-05 5.26904e-05 2.81464e-05 0.000288808 0.000113487 -4.88226e-05 0.000272734 -0.000988904 0.000534263 -0.000825248 -0.001331 -0.00211166 0.000256217 0.000912798
internal_weight=8626 8522 8379 2056 1929 1779 1258 216 1042 521 389 236 866 401
internal_count=8626 8522 8379 2056 1929 1779 1258 216 1042 521 389 236 866 401
cat_boundaries=0 1
cat_threshold=169869312
is_linear=0
shrinkage=0.03


Tree=164
num_leaves=15
num_cat=0
split_feature=31 23 33 30 7 22 31 28 24 24 31 27 27 6
split_gain=0.250048 0.2591 0.741422 0.620755 0.590209 0.401984 0.392104 0.411414 0.380608 0.434934 0.349423 0.265529 0.397055 0.596578
threshold=6.564965103067685 138.50000000000003 1.0000000180025095e-35 175.10000000000002 1.5000000000000002 1498.6875000000002 3.2302347516243981 5.8600983796296306 290.64533333333651 90.152000000001735 2.4177913468856578 30.512980324074078 18.333043981481485 2.5000000000000004
decision_type=10 2 2 2 2 2 8 2 10 10 10 2 2 2
left_child=1 11 4 -4 5 6 10 -8 9 -7 -3 12 -1 -14
right_child=-2 2 3 -5 -6 8 7 -9 -10 -11 -12 -13 13 -15
leaf_value=-7.0688714210200311e-05 0.00071574763986621348 -0.00052898931491654369 -0.00045586486876398566 0.0027849639800419522 0.0013297726678679165 -0.0017245155258912264 -0.0023446031987294554 0.00020266718017852067 -0.0028325808905008592 0.0001149784327830158 0.0016396900932977587 -0.00079252621249350553 0.00029890348658418039 0.002374545843408936
leaf_weight=4746 398 140 103 110 117 306 125 105 134 186 128 340 1490 136
leaf_count=4746 398 140 103 110 117 306 125 105 134 186 128 340 1490 136
internal_value=-1.85258e-05 -5.43134e-05 -0.000417386 0.0012178 -0.000698043 -0.000909124 -0.000273039 -0.00118172 -0.00141515 -0.0010291 0.000506798 2.4338e-05 6.79246e-05 0.000472512
internal_weight=8564 8166 1454 213 1241 1124 498 230 626 492 268 6712 6372 1626
internal_count=8564 8166 1454 213 1241 1124 498 230 626 492 268 6712 6372 1626
is_linear=0
shrinkage=0.03


Tree=165
num_leaves=15
num_cat=1
split_feature=37 1 38 34 1 2 23 4 29 22 38 27 25 24
split_gain=0.351959 0.639548 0.511595 0.365555 0.429055 0.31556 0.450484 0.438952 0.434728 0.401378 0.315922 0.807178 0.303787 0.299226
threshold=0 97.500000000000014 1.3018282965975281 1.0000000180025095e-35 18.500000000000004 1.0000000180025095e-35 135.50000000000003 1.0000000180025095e-35 1.5000000000000002 855.05000000000007 1.7500423721254474 13.999913194444447 0.13818181818181821 65.556500000001691
decision_type=9 2 2 2 2 2 2 2 2 2 2 2 8 10
left_child=1 2 3 4 -1 7 9 -2 -8 -7 11 -11 -4 -3
right_child=5 13 12 -5 -6 6 8 -9 -10 10 -12 -13 -14 -15
leaf_value=0.0021616821003528869 0.00022723367223591699 0.00020253746600792509 0.00071511396142127719 -0.00037876523709278869 -0.00018459016341673397 -0.00067018919414153712 -5.1477177645817085e-05 0.001889782339733626 -0.0024491447407588665 0.0032597177651189514 -0.00041762989860959346 -0.00031042141673843495 -0.00089487742622490268 0.0021443829149702226
leaf_weight=151 5157 160 115 351 131 322 126 147 148 113 125 115 1274 129
leaf_count=151 5157 160 115 351 131 322 126 147 148 113 125 115 1274 129
internal_value=6.60683e-05 -0.000249685 -0.000439441 0.000267435 0.00107175 0.000182872 -0.000320669 0.000273311 -0.00134657 9.57704e-05 0.000794464 0.00145899 -0.000761581 0.00106931
internal_weight=8564 2311 2022 633 282 6253 949 5304 274 675 353 228 1389 289
internal_count=8564 2311 2022 633 282 6253 949 5304 274 675 353 228 1389 289
cat_boundaries=0 1
cat_threshold=3960804023
is_linear=0
shrinkage=0.03


Tree=166
num_leaves=15
num_cat=2
split_feature=38 23 24 31 1 37 36 30 38 38 31 24 1 28
split_gain=0.325616 1.03538 0.441192 0.569537 0.315438 0.40774 0.504405 1.35551 0.746759 0.499772 0.391586 0.505937 0.3402 0.397869
threshold=2.0563436588022119 96.500000000000014 7.486666666665756 1.2190404267189183 187.50000000000003 0 1 39.500000000000007 1.6884836739623708 1.5212177896639967 1.5126086035176944 36.430833333333148 18.500000000000004 2.0209432870370372
decision_type=2 2 8 8 2 9 9 2 2 2 10 10 2 2
left_child=2 -2 3 -1 5 6 8 -8 9 10 11 -4 -11 -14
right_child=1 -3 4 -5 -6 -7 7 -9 -10 12 -12 -13 13 -15
leaf_value=-0.0022691151355958188 0.00280132011715965 -0.00086376077128763314 0.00053295897832399662 -0.00013927602605031975 0.0011061148187544465 -0.00011786111313631613 -0.00045799210073148945 0.0037478319695995496 -0.00043478663813224506 0.0029270384813436363 0.0010973764446432991 -0.0017456096485858003 -9.9084231564227268e-05 0.0019953352722472378
leaf_weight=170 145 133 202 337 251 5318 141 135 913 113 247 155 153 175
leaf_count=170 145 133 202 337 251 5318 141 135 913 113 247 155 153 175
internal_value=3.79176e-05 0.00104788 4.13054e-06 -0.000853423 5.98501e-05 2.50762e-05 0.000364233 0.00154329 0.000191036 0.000739636 0.00017904 -0.000456336 0.00150744 0.00101837
internal_weight=8588 278 8310 507 7803 7552 2234 276 1958 1045 604 357 441 328
internal_count=8588 278 8310 507 7803 7552 2234 276 1958 1045 604 357 441 328
cat_boundaries=0 1 2
cat_threshold=1387808098 49
is_linear=0
shrinkage=0.03


Tree=167
num_leaves=15
num_cat=0
split_feature=27 17 32 30 22 24 24 22 31 31 1 38 23 25
split_gain=0.311483 0.355362 0.221631 0.45702 0.334352 0.299767 0.482029 0.431871 0.551808 0.569415 0.524453 0.483302 0.724392 1.15102
threshold=6.9996585648148155 3.5000000000000004 26.500000000000004 327.65000000000003 1745.6500000000003 82.384499999999989 65.556500000001691 1980.7027500000002 4.6669339748730296 0.48064734522197577 65.500000000000014 1.8210532289640942 63.500000000000007 0.47913043478260875
decision_type=2 2 2 2 2 8 10 2 10 8 2 2 2 10
left_child=-1 2 3 5 -4 6 -2 8 9 -7 11 12 -9 -14
right_child=1 -3 4 -5 -6 7 -8 10 -10 -11 -12 -13 13 -15
leaf_value=-0.0012517332370147146 -9.914894877799987e-05 0.0015426961348392069 -0.00020871065274542336 0.0015543998999555417 -0.0016412846838209099 0.0019101886755242099 -0.0010644758743920217 3.4225380117277381e-05 0.0014878833105334837 -0.00034338063140176481 -0.00052590964233507355 -0.00065419098703540688 0.0031288959940941603 0.00038000367604231893
leaf_weight=197 3002 125 654 163 189 106 551 320 181 2101 303 154 290 260
leaf_count=197 3002 125 654 163 189 106 551 320 181 2101 303 154 290 260
internal_value=-7.25776e-05 -4.49203e-05 -6.89053e-05 -1.66092e-05 -0.000529893 -5.18424e-05 -0.000248852 0.000136576 -0.000104546 -0.000235144 0.000570487 0.00089491 0.00116912 0.00182942
internal_weight=8596 8399 8274 7431 843 7268 3553 3715 2388 2207 1327 1024 870 550
internal_count=8596 8399 8274 7431 843 7268 3553 3715 2388 2207 1327 1024 870 550
is_linear=0
shrinkage=0.03


Tree=168
num_leaves=15
num_cat=2
split_feature=31 38 31 37 24 1 22 33 22 24 37 0 1 25
split_gain=0.287446 0.762918 0.510419 0.574581 0.516189 0.669364 0.50744 0.498986 0.534878 0.441365 0.430539 0.456928 0.503639 0.380284
threshold=2.4757543249946594 1.9342538058622119 1.548166151126823 0 68.355666666666664 18.500000000000004 998.9652500000002 1.0000000180025095e-35 1650.9240000000002 3.2871666666666903 1 8.5000000000000018 23.500000000000004 0.19000000000000003
decision_type=10 2 8 9 8 2 2 2 2 10 9 2 2 10
left_child=2 7 9 -4 5 -5 -7 -2 -9 -1 11 12 -11 -12
right_child=1 -3 3 4 -6 6 -8 8 -10 10 13 -13 -14 -15
leaf_value=-0.0016074873929794288 -0.00061334153634499424 0.0015631599215425781 -0.00062258809841567652 0.0029365552671400731 0.00033177807586900701 0.0015078417777670426 -0.00047332033329459039 -0.00011736922968034254 0.0021524703036993743 0.00027386099562219538 0.00041997559216072069 -0.00036667861485982245 0.00287091922764059 -0.0004055435139911564
leaf_weight=171 1904 194 392 171 1684 308 187 370 125 131 680 174 138 1921
leaf_count=171 1904 194 392 171 1684 308 187 370 125 131 680 174 138 1921
internal_value=1.72499e-05 -0.000246401 0.000132013 0.000432709 0.000608801 0.0013184 0.000759403 -0.000392735 0.000455823 -0.000124443 -4.11318e-05 0.000812937 0.00160618 -0.000188995
internal_weight=8550 2593 5957 2742 2350 666 495 2399 495 3215 3044 443 269 2601
internal_count=8550 2593 5957 2742 2350 666 495 2399 495 3215 3044 443 269 2601
cat_boundaries=0 1 2
cat_threshold=2415952000 471867392
is_linear=0
shrinkage=0.03


Tree=169
num_leaves=15
num_cat=2
split_feature=37 32 35 0 13 30 23 23 28 32 23 25 28 28
split_gain=0.334852 0.268809 0.332924 0.298653 0.306944 0.318434 0.205075 0.643319 0.512067 0.739042 0.577848 0.522407 0.843715 0.495563
threshold=0 2.5000000000000004 1 6.5000000000000009 1.0000000180025095e-35 52.500000000000007 50.500000000000007 45.500000000000007 4.0796238425925937 30.500000000000004 72.500000000000014 0.37750000000000006 8.5183912037037057 0.93167824074074079
decision_type=9 2 1 2 2 2 2 2 2 2 2 10 2 2
left_child=1 2 -1 -3 5 -5 7 13 -8 10 -10 12 -12 -2
right_child=6 3 -4 4 -6 -7 8 -9 9 -11 11 -13 -14 -15
leaf_value=-0.0007606823905667101 0.00043072249284043093 -0.0024511322987456926 0.001032612367817382 0.001234114081179723 -0.001886756235733628 -0.0011368744231787366 -0.00036570435655355443 0.0020866479460514269 -0.00073029434950281432 -0.0015129832795710034 0.0039885305040696798 0.0004108121285831626 0.00050741575202846434 -0.00045673305773821305
leaf_weight=226 1486 117 144 100 120 104 3039 155 330 197 103 1368 160 915
leaf_count=226 1486 117 144 100 120 104 3039 155 330 197 103 1368 160 915
internal_value=-6.76525e-05 -0.000643746 -5.5402e-05 -0.00115197 -0.000682822 2.53748e-05 -6.55171e-06 0.000213448 -0.000114765 0.00023862 0.000414584 0.000646227 0.00187074 9.2521e-05
internal_weight=8564 811 370 441 324 204 7753 2556 5197 2158 1961 1631 263 2401
internal_count=8564 811 370 441 324 204 7753 2556 5197 2158 1961 1631 263 2401
cat_boundaries=0 1 2
cat_threshold=688726148 1
is_linear=0
shrinkage=0.03


Tree=170
num_leaves=15
num_cat=1
split_feature=37 33 23 22 22 24 27 27 28 7 22 38 22 25
split_gain=0.483381 0.305897 0.527748 0.853075 0.709869 0.680035 0.463523 0.365649 0.364643 0.440466 0.464301 0.641112 0.502231 0.494725
threshold=0 1.0000000180025095e-35 27.500000000000004 1382.0940000000001 3652.6060000000002 217.58266666667305 13.999959490740741 6.9996585648148155 2.4405266203703708 1.0000000180025095e-35 3652.6060000000002 1.5687241745801401 6664.7640000000001 0.39791666666666675
decision_type=9 2 2 2 2 10 2 2 2 2 2 2 2 10
left_child=-1 7 -3 6 -5 -6 -4 -2 9 -9 13 12 -12 -11
right_child=1 2 3 4 5 -7 -8 8 -10 10 11 -13 -14 -15
leaf_value=-0.00039888138719913096 -0.001661600099338604 -0.0010497733398737823 0.00056942789920279475 0.0031010816583609642 0.0019588514439291011 -0.0010984142621927853 -0.0011269303500611224 -0.000356520360047795 -0.00023270917204068383 0.0017278949057687538 -0.00030093415634499542 -0.00099181307723047204 0.0025880630171965231 0.00045773985388881749
leaf_weight=2264 116 170 501 197 164 109 204 703 2302 389 113 350 104 950
leaf_count=2264 116 170 501 197 164 109 204 703 2302 389 113 350 104 950
internal_value=-2.33608e-05 0.000110516 0.00051254 0.000738576 0.00172859 0.000738185 7.85668e-05 3.17216e-06 4.24948e-05 0.000285316 0.000522047 -0.000197498 0.00108365 0.000826739
internal_weight=8636 6372 1345 1175 470 273 705 5027 4911 2609 1906 567 217 1339
internal_count=8636 6372 1345 1175 470 273 705 5027 4911 2609 1906 567 217 1339
cat_boundaries=0 1
cat_threshold=565768740
is_linear=0
shrinkage=0.03


Tree=171
num_leaves=15
num_cat=1
split_feature=32 28 24 28 21 31 0 37 21 21 31 21 29 27
split_gain=0.21635 0.391848 0.920892 0.43733 0.416823 0.416552 0.416812 0.390752 0.940859 0.656927 0.548968 0.380159 0.377965 0.369247
threshold=26.500000000000004 20.991348379629631 215.06666666666862 17.665509259259263 193.00000000000003 1.0823369463999704 13.500000000000002 0 117.96666666666668 76.291666666666671 0.95670914542728658 74.166666666666671 1.0000000180025095e-35 11.06232638888889
decision_type=2 2 10 2 2 10 2 9 2 2 8 2 2 2
left_child=1 3 -3 4 5 6 7 8 9 12 13 -2 -1 -9
right_child=11 2 -4 -5 -6 -7 -8 10 -10 -11 -12 -13 -14 -15
leaf_value=0.0012879292034990036 -0.0013077163726668679 -0.00074413016850095512 0.0029543602605752476 -0.0015740169966968415 0.0013303149160224404 0.00016320125469584614 -0.001829709955271474 -0.0018431800016384969 -0.0010756281832657807 0.0030344572553458885 -0.0020710917100324805 1.9163577871230027e-05 -0.00063817586159761644 3.6016543559767206e-05
leaf_weight=213 292 112 132 149 228 5249 159 112 293 117 193 581 161 589
leaf_count=213 292 112 132 149 228 5249 159 112 293 117 193 581 161 589
internal_value=2.2952e-05 7.36535e-05 0.00125669 3.49745e-05 6.77527e-05 2.71283e-05 -0.000361683 -0.000222579 0.000266316 0.00107253 -0.000647061 -0.00042465 0.000458777 -0.000264226
internal_weight=8580 7707 244 7463 7314 7086 1837 1678 784 491 894 873 374 701
internal_count=8580 7707 244 7463 7314 7086 1837 1678 784 491 894 873 374 701
cat_boundaries=0 1
cat_threshold=2486726722
is_linear=0
shrinkage=0.03


Tree=172
num_leaves=15
num_cat=1
split_feature=24 31 31 25 24 31 22 6 0 22 37 24 22 32
split_gain=0.268402 0.484326 1.1262 0.307972 0.292472 0.277671 0.223601 0.419431 0.412859 0.920735 0.46367 0.756651 0.563797 0.348791
threshold=7.486666666665756 1.2190404267189183 1.8322390932420876 0.39791666666666675 10.720666666667677 0.71691003666217534 3652.6060000000002 2.5000000000000004 8.5000000000000018 6402.0500000000002 0 40.519833333331633 5742.3000000000002 20.500000000000004
decision_type=8 10 10 10 8 10 2 2 2 2 9 10 2 2
left_child=1 5 -3 -4 -2 -1 -6 8 10 -10 11 -8 13 -12
right_child=4 2 3 -5 6 -7 7 -9 9 -11 12 -13 -14 -15
leaf_value=-0.00058079666370012531 0.0012615713510353214 0.0025245421102736143 7.3564552756793356e-05 -0.0021728986447692666 0.0001041180898210417 -0.0026027507177150255 -0.00042987261251662133 0.0012673376034945249 0.00032322699330950108 -0.0021731193482652064 -0.00071808256405744364 0.0026342281073448246 0.00025194078219297947 -0.002793364506983839
leaf_weight=117 174 115 102 119 6032 128 161 144 234 308 220 132 421 109
leaf_count=117 174 115 102 119 6032 128 161 144 234 308 220 132 421 109
internal_value=-3.95587e-07 -0.000622813 0.000116818 -0.00113607 4.51778e-05 -0.00163716 1.79065e-05 -0.000282862 -0.0004237 -0.00109536 -7.46685e-05 0.00091917 -0.000468931 -0.00140564
internal_weight=8516 581 336 221 7935 245 7761 1729 1585 542 1043 293 750 329
internal_count=8516 581 336 221 7935 245 7761 1729 1585 542 1043 293 750 329
cat_boundaries=0 1
cat_threshold=276824064
is_linear=0
shrinkage=0.03


Tree=173
num_leaves=15
num_cat=2
split_feature=1 26 21 21 28 35 23 23 23 1 31 36 21 30
split_gain=0.328881 0.342744 0.254515 0.525846 0.491393 0.352485 0.683539 0.588454 0.775063 0.537082 0.523318 0.51886 0.48608 0.412664
threshold=206.50000000000003 1.0000000180025095e-35 59.833333333333336 53.500000000000007 1.1896817129629633 0 22.500000000000004 18.500000000000004 15.500000000000002 25.500000000000004 2.0297841757511592 1 63.833333333333336 49.500000000000007
decision_type=2 8 2 2 2 1 2 2 2 2 10 9 2 2
left_child=2 -2 3 -1 -5 6 9 8 -7 -4 11 -8 -9 -14
right_child=1 -3 5 4 -6 7 10 12 -10 -11 -12 -13 13 -15
leaf_value=2.4001113230932255e-06 -0.00011067518901116061 0.0022022412302890502 0.00032816603775296055 -0.0020079672088513128 -0.00015325676804283061 0.00016253760109742726 0.00016165623678409473 0.0017345481249870453 0.0032536786355960527 -0.0022645921277133032 0.0026445344991754445 0.0020438843927786366 0.001601209868191053 -0.00023174478515694221
leaf_weight=3336 103 131 233 243 273 203 443 127 114 104 165 182 115 2853
leaf_count=3336 103 131 233 243 273 203 443 127 114 104 165 182 115 2853
internal_value=7.48346e-05 0.00118416 4.38987e-05 -0.000135454 -0.0010267 0.000196105 0.00065343 4.3008e-05 0.00127418 -0.000471973 0.00114178 0.00074505 -8.29535e-05 -0.000160724
internal_weight=8625 234 8391 3852 516 4539 1127 3412 317 337 790 625 3095 2968
internal_count=8625 234 8391 3852 516 4539 1127 3412 317 337 790 625 3095 2968
cat_boundaries=0 1 2
cat_threshold=22 48
is_linear=0
shrinkage=0.03


Tree=174
num_leaves=15
num_cat=3
split_feature=31 1 38 23 28 37 27 38 37 30 38 22 37 23
split_gain=0.332327 0.269835 0.905208 0.809126 0.613102 0.673458 0.864718 0.665064 0.561282 0.711399 0.487555 0.612051 0.418242 0.393076
threshold=0.1106014271151886 18.500000000000004 1.5525159571993972 142.50000000000003 1.8669155092592595 0 11.416377314814817 1.2818373912122256 1 212.12500000000003 1.6772641188331379 1357.8665000000003 2 167.50000000000003
decision_type=8 2 2 2 2 9 2 2 9 2 2 2 9 2
left_child=-1 2 4 8 5 -2 -7 -8 9 10 -4 -12 -3 -14
right_child=1 12 3 -5 -6 6 7 -9 -10 -11 11 -13 13 -15
leaf_value=0.0015045108154276752 -0.0009668430835831557 -0.00058803331491582179 0.0011134568897678571 0.0032405515353284065 -0.00078903015703037018 0.0031939985440112648 0.0020796881483671425 -0.0004800802424674989 0.0018153230566458354 0.0020184160970692132 0.00017828526863952228 -0.0027515623165177234 8.8772809720914027e-05 -0.00080177255777263772
leaf_weight=127 222 1461 102 126 785 123 134 287 229 121 124 133 4136 500
leaf_count=127 222 1461 102 126 785 123 134 287 229 121 124 133 4136 500
internal_value=-1.8753e-05 -4.15579e-05 0.000228912 0.0010253 -0.000199832 0.000403981 0.00096346 0.000334668 0.000631612 2.84705e-05 -0.000641442 -0.00133794 -0.000147403 -7.25827e-06
internal_weight=8610 8483 2386 835 1551 766 544 421 709 480 359 257 6097 4636
internal_count=8610 8483 2386 835 1551 766 544 421 709 480 359 257 6097 4636
cat_boundaries=0 1 2 3
cat_threshold=1213743110 2699036672 1686135487
is_linear=0
shrinkage=0.03


Tree=175
num_leaves=15
num_cat=0
split_feature=31 31 31 38 25 27 0 25 25 30 27 22 5 38
split_gain=0.325415 0.496327 0.461044 0.405916 0.314125 0.653516 0.377251 0.42239 0.568811 0.415729 0.299296 0.287067 0.269653 0.406205
threshold=1.0133141338059373 0.95670914542728658 1.0527308838133072 1.8698911339896702 0.15000000000000005 13.999600694444448 9.5000000000000018 0.48074074074074075 0.33666666666666673 16.750000000000004 13.999496527777781 9979.5000000000018 0.61250000000000016 1.4705384473244392
decision_type=8 10 8 2 10 2 2 10 10 2 2 2 2 2
left_child=1 3 -2 4 5 -1 7 8 10 -8 -6 12 -4 -14
right_child=2 -3 11 -5 6 -7 9 -9 -10 -11 -12 -13 13 -15
leaf_value=0.0025744509360283215 0.0020540910785638009 -0.0021380941950812247 2.6462693612622109e-05 -0.0015670335485569399 -0.0009637174580711871 -0.00061763804413820221 0.00037451208932051319 -0.0013780576175071951 0.0018006547511352897 -0.0019891606205178856 0.00085367255430254666 -0.0011178938951343297 0.0024996389785901375 6.6755867737811056e-05
leaf_weight=113 103 138 6463 183 206 118 102 137 191 195 135 190 101 159
leaf_count=113 103 138 6463 183 206 118 102 137 191 195 135 190 101 159
internal_value=-2.44141e-05 -0.000422679 6.17557e-05 -0.000251138 -4.9961e-05 0.00094386 -0.000287614 0.000107401 0.000489934 -0.00117739 -0.000244223 3.20709e-05 6.45703e-05 0.00101184
internal_weight=8534 1518 7016 1380 1197 231 966 669 532 297 341 6913 6723 260
internal_count=8534 1518 7016 1380 1197 231 966 669 532 297 341 6913 6723 260
is_linear=0
shrinkage=0.03


Tree=176
num_leaves=15
num_cat=4
split_feature=25 6 0 21 37 31 37 32 37 22 21 13 24 37
split_gain=0.295173 0.662442 0.515659 0.491999 0.80599 0.430483 0.40757 0.393157 0.494698 0.366433 0.414413 0.342039 0.329374 0.311681
threshold=0.24195121951219514 2.5000000000000004 17.500000000000004 125.83333333333336 0 0.1799720450492425 1 8.5000000000000018 2 102.42400000000002 47.500000000000007 1.0000000180025095e-35 249.01249999999391 3
decision_type=10 2 2 2 9 8 9 2 9 2 2 2 10 9
left_child=1 3 5 4 -1 -2 12 8 -8 -6 11 -11 -7 -9
right_child=2 -3 -4 -5 9 6 7 13 -10 10 -12 -13 -14 -15
leaf_value=0.0017820159123398407 0.0019180370785295965 0.0025391492176153776 -0.0021157004788449596 -0.00070224053648707918 -0.0014648640062729828 0.0019901570860159923 -0.0013924752790308386 0.00016833249846033858 -0.00022191101527467056 0.0020838878666499358 -0.00025602744424173008 3.2271642068570305e-05 -0.00015346393039958044 -0.00051744402844451035
leaf_weight=318 100 118 109 400 125 156 395 3518 1711 164 484 132 110 708
leaf_count=318 100 118 109 400 125 156 395 3518 1711 164 484 132 110 708
internal_value=2.02952e-05 0.000368878 -6.88605e-05 0.000211089 0.000509807 -3.55512e-05 -6.516e-05 -0.000114082 -0.000449127 4.26144e-05 0.000284744 0.00116898 0.00106371 5.26153e-05
internal_weight=8548 1741 6807 1623 1223 6698 6598 6332 2106 905 780 296 266 4226
internal_count=8548 1741 6807 1623 1223 6698 6598 6332 2106 905 780 296 266 4226
cat_boundaries=0 1 2 3 4
cat_threshold=2418049026 135798872 18593 272648192
is_linear=0
shrinkage=0.03


Tree=177
num_leaves=15
num_cat=2
split_feature=37 24 1 32 24 24 37 13 23 31 24 1 1 22
split_gain=0.283943 0.306015 0.522214 0.707513 0.683982 0.529023 0.479597 0.429239 0.529719 0.344042 0.543032 0.340183 0.336416 0.422176
threshold=0 26.866833333333421 31.500000000000004 3.5000000000000004 203.10616666666351 95.695500000000052 1 1.0000000180025095e-35 117.50000000000001 1.1912860821249494 50.714166666665996 71.500000000000014 73.500000000000014 3478.5500000000006
decision_type=9 10 2 2 10 10 9 2 2 10 10 2 2 2
left_child=1 7 4 6 5 9 -4 8 -1 -3 -11 -8 13 -5
right_child=-2 2 3 12 -6 -7 11 -9 -10 10 -12 -13 -14 -15
leaf_value=0.0015761075402243804 0.00012128058650366579 -0.0017970824894595094 0.0011795477851310038 0.00095780586791688132 -0.0028723530754638468 0.0014477046393585624 -0.0019400819471942627 -0.001896329235122539 -0.0011134635613941144 0.0011282698384535929 -0.0010506243416820429 1.5457058770282723e-05 0.00010739299846745874 0.0032036811584098771
leaf_weight=103 6219 175 106 239 107 128 187 225 183 166 271 140 194 110
leaf_count=103 6219 175 106 239 107 128 187 225 183 166 271 140 194 110
internal_value=1.54048e-05 -0.000266083 -8.53541e-05 0.000387655 -0.000630403 -0.000306229 -0.000516868 -0.000916045 -0.000144842 -0.000673065 -0.000222944 -0.00107012 0.00110894 0.00166567
internal_weight=8553 2334 1823 976 847 740 433 511 286 612 437 327 543 349
internal_count=8553 2334 1823 976 847 740 433 511 286 612 437 327 543 349
cat_boundaries=0 1 2
cat_threshold=1485144194 134250626
is_linear=0
shrinkage=0.03


Tree=178
num_leaves=15
num_cat=3
split_feature=37 25 36 27 22 28 23 23 1 25 22 35 24 27
split_gain=0.270792 0.378751 0.612354 0.524957 0.592548 0.435852 0.444393 0.383955 0.362614 0.42545 0.357801 0.263319 0.370232 0.262681
threshold=0 0.24195121951219514 1 13.999392361111113 3156.4052500000007 0.62855902777777783 83.500000000000014 56.500000000000007 30.500000000000004 0.17000000000000001 5988.4640000000018 2 73.106000000003419 13.999890046296299
decision_type=9 10 9 2 2 2 2 2 2 10 2 1 10 2
left_child=1 5 10 4 -4 7 -7 8 -1 -10 -3 -5 13 -13
right_child=-2 2 3 11 -6 6 -8 -9 9 -11 -12 12 -14 -15
leaf_value=0.0018891156923564268 8.15653580495834e-05 -0.00089240809998327689 -2.646368887508288e-06 0.00077484321047086263 0.0027306492148105655 0.0001968180924261644 0.0026544322581529352 -0.0008560608963307458 0.00096677932443774563 -0.0016058314795994641 -0.0025945517706374324 -0.00059533634417675786 0.00076844033948363403 -0.0021112469855938268
leaf_weight=116 5806 629 200 110 111 162 112 384 132 103 135 256 107 172
leaf_count=116 5806 629 200 110 111 162 112 384 132 103 135 256 107 172
internal_value=-3.43484e-05 -0.000280229 -0.000551949 -3.90926e-05 0.000972903 0.000180184 0.00120139 -0.000200511 0.000516671 -0.000160791 -0.00117776 -0.000527653 -0.000795078 -0.00120453
internal_weight=8535 2729 1720 956 311 1009 274 735 351 235 764 645 535 428
internal_count=8535 2729 1720 956 311 1009 274 735 351 235 764 645 535 428
cat_boundaries=0 1 2 3
cat_threshold=816427780 48 2
is_linear=0
shrinkage=0.03


Tree=179
num_leaves=15
num_cat=2
split_feature=37 38 27 23 28 24 27 35 7 22 21 13 27 27
split_gain=0.300263 0.370415 0.612679 0.498326 0.497353 0.421192 0.426642 0.376158 0.328421 0.52418 0.442105 0.493696 0.325612 0.416565
threshold=0 1.5889311423337833 11.06232638888889 96.500000000000014 7.9728298611111121 37.745500000001051 13.999427083333336 1 1.0000000180025095e-35 6402.0500000000002 35.166666666666679 1.0000000180025095e-35 30.512980324074078 29.624641203703707
decision_type=9 2 2 2 2 10 2 1 2 2 2 2 2 2
left_child=1 3 -3 4 5 -1 -7 -5 10 -10 -4 -12 13 -2
right_child=12 2 8 7 -6 6 -8 -9 9 -11 11 -13 -14 -15
leaf_value=-0.0015394840487796399 5.973122515439908e-05 0.0023232246944819126 -0.0022568663368683034 -0.0005506109538881076 0.000847225849112522 -0.0009827122220920938 0.00058373436763987777 -0.0027272996029878071 0.0010669924503750297 -0.00088892101424780344 0.00091685112676350398 -0.001385013862249032 -0.00068524938788266357 0.0011059087974416492
leaf_weight=324 5140 101 123 163 248 316 310 149 348 191 180 157 480 367
leaf_count=324 5140 101 123 163 248 316 310 149 348 191 180 157 480 367
internal_value=-5.31607e-05 -0.000320989 9.65151e-05 -0.000627256 -0.000349132 -0.000661444 -0.000206996 -0.00169518 -0.000128608 0.000373895 -0.00071741 -0.000155531 6.40266e-05 0.000129451
internal_weight=8597 2610 1100 1510 1198 950 626 312 999 539 460 337 5987 5507
internal_count=8597 2610 1100 1510 1198 950 626 312 999 539 460 337 5987 5507
cat_boundaries=0 1 2
cat_threshold=425538069 1
is_linear=0
shrinkage=0.03


Tree=180
num_leaves=15
num_cat=2
split_feature=38 32 38 38 9 1 37 1 26 23 31 37 23 23
split_gain=0.370314 0.336451 0.336048 0.317025 0.267839 0.303181 0.755957 0.809139 1.08537 0.559981 0.558053 0.533761 0.644063 0.639982
threshold=0.87105300439944 19.500000000000004 1.7675622929972186 1.6657596917213222 0.83335000000000015 35.500000000000007 0 46.500000000000007 0.02355875831485588 153.50000000000003 0.95670914542728658 1 143.50000000000003 86.500000000000014
decision_type=2 2 2 2 2 2 9 2 8 2 10 9 2 2
left_child=-1 4 3 -3 5 11 7 -7 9 10 -9 12 13 -2
right_child=1 2 -4 -5 -6 6 -8 8 -10 -11 -12 -13 -14 -15
leaf_value=-0.0017519312944416932 -0.00012502570750409523 -0.00025531394153978685 -0.0014168083086808763 0.0011499013153457598 -0.0013412945444332971 0.0025252931570022125 3.6507858078098696e-05 -0.0012491507141470203 0.0024342167927770293 -0.0017389304922291126 0.00093541263609276857 0.00061906810123027434 0.0010784742875506969 -0.0013501057620463972
leaf_weight=103 1398 1814 206 157 104 248 1975 137 222 131 454 841 280 529
leaf_count=103 1398 1814 206 157 104 248 1975 137 222 131 454 841 280 529
internal_value=3.6083e-05 5.77597e-05 -0.00026388 -0.000143382 0.00016857 0.000193836 0.000399394 0.000992024 0.000599724 3.56562e-05 0.000429008 -1.97481e-05 -0.000264781 -0.000461335
internal_weight=8599 8496 2177 1971 6319 6215 3167 1192 944 722 591 3048 2207 1927
internal_count=8599 8496 2177 1971 6319 6215 3167 1192 944 722 591 3048 2207 1927
cat_boundaries=0 1 2
cat_threshold=1247845376 3904936098
is_linear=0
shrinkage=0.03


Tree=181
num_leaves=15
num_cat=1
split_feature=38 31 22 38 37 13 38 0 25 1 24 5 32 31
split_gain=0.286435 0.663888 0.284952 0.267964 0.234233 0.862048 0.684356 0.380471 0.292302 0.380915 0.242624 0.232757 0.301138 0.47868
threshold=2.0419870592411393 1.5792087835482749 10820.35 0.87105300439944 0 1.0000000180025095e-35 1.4960115837253987 9.5000000000000018 0.53923076923076929 55.500000000000007 13.420333333333257 0.38195000000000007 30.500000000000004 1.9398048454894361
decision_type=2 8 2 2 9 2 2 2 10 2 10 2 2 10
left_child=2 -2 3 -1 5 6 -5 8 9 -7 -9 12 -6 -14
right_child=1 -3 -4 4 11 7 -8 10 -10 -11 -12 -13 13 -15
leaf_value=-0.0014778571938305108 -0.00052653755802011134 0.0022399308261171935 -0.0014005164823733098 0.00058405463280415942 -3.6909361622381686e-05 0.001916750292897632 0.0035975047608953902 -0.0022314759822562335 -0.00070094441650840242 -0.00043631840793336368 -0.00018527604383202867 0.00039702832029517635 0.00065370116222372937 -0.001752008386414737
leaf_weight=106 149 164 129 156 5745 160 120 100 138 101 109 1043 111 226
leaf_count=106 149 164 129 156 5745 160 120 100 138 101 109 1043 111 226
internal_value=3.22064e-05 0.000922986 -1.61382e-06 2.06238e-05 4.04564e-05 0.000498157 0.00189425 -0.000127403 0.000415743 0.00100618 -0.00116432 -1.70059e-05 -8.80364e-05 -0.000959623
internal_weight=8557 313 8244 8115 8009 884 276 608 399 261 209 7125 6082 337
internal_count=8557 313 8244 8115 8009 884 276 608 399 261 209 7125 6082 337
cat_boundaries=0 1
cat_threshold=37258912
is_linear=0
shrinkage=0.03


Tree=182
num_leaves=15
num_cat=2
split_feature=1 35 38 24 36 23 38 25 32 31 38 30 38 1
split_gain=0.196696 0.235701 0.532151 0.787052 0.60968 0.482603 0.393897 0.322051 0.321675 0.454675 0.508375 0.45297 0.406773 0.404019
threshold=251.50000000000003 0 1.9152691674019804 1.8535000000000084 1 75.500000000000014 1.6949536981615163 0.66333333333333344 1.5000000000000002 1.2808240993126334 1.4733377647244394 31.165000000000003 1.3626803529608773 38.500000000000007
decision_type=2 1 2 10 9 2 2 10 2 8 2 2 2 2
left_child=1 8 3 -3 -4 -6 7 -5 -1 10 12 -11 -10 -13
right_child=-2 2 4 6 5 -7 -8 -9 9 11 -12 13 -14 -15
leaf_value=0.001183664493555962 0.0010542268797586326 -0.0029392270666547117 -0.0011042540105991065 1.7238875611658323e-06 0.0027330536434274849 0.00042756677458585373 -0.00085309769093580914 -0.0014054361984073634 -0.00060109699801392234 0.0019313144703369794 0.0001978116016133364 -0.00013337028488273096 -0.0024785638556705319 0.00057174870084348271
leaf_weight=243 153 100 110 2632 147 184 745 155 319 135 448 1787 154 1238
leaf_count=243 153 100 110 2632 147 184 745 155 319 135 448 1787 154 1238
internal_value=-1.17599e-05 -3.11831e-05 -0.000194677 -0.000314644 0.000788936 0.00140889 -0.000240335 -7.65358e-05 0.000122986 6.013e-05 -0.000526416 0.000231082 -0.00121237 0.000155204
internal_weight=8550 8397 4073 3632 441 331 3532 2787 4324 4081 921 3160 473 3025
internal_count=8550 8397 4073 3632 441 331 3532 2787 4324 4081 921 3160 473 3025
cat_boundaries=0 1 2
cat_threshold=24 48
is_linear=0
shrinkage=0.03


Tree=183
num_leaves=15
num_cat=1
split_feature=37 38 38 31 31 38 38 1 38 0 24 23 23 31
split_gain=0.335621 0.388567 0.48575 0.34021 0.584134 0.237678 0.212116 0.511399 0.416052 0.558833 0.516908 0.470324 0.464476 0.441507
threshold=0 1.5089540031843378 1.6949536981615163 8.173220338983052 9.8538461538461561 1.8038893715340791 1.6919028817953892 2.5000000000000004 1.4773522854726033 8.5000000000000018 36.430833333333148 95.500000000000014 148.50000000000003 3.050351864883885
decision_type=9 2 2 8 10 2 2 2 2 2 10 2 2 10
left_child=1 -1 -3 6 -5 -4 8 -8 13 10 -10 -11 -13 -2
right_child=3 2 5 4 -6 -7 7 -9 9 11 -12 12 -14 -15
leaf_value=-0.0010113639787637484 0.00010026206020796227 0.00083982807923275136 -0.0016121604642903547 0.002919151489761206 -0.00010705647093797088 7.0935465229375583e-05 0.001791458085492671 -0.00034065759492782582 0.0017753984417994411 0.00053115399189750264 -0.00014351493211091964 0.0033425189480673191 0.00070369172283727213 -0.00083162958499620465
leaf_weight=599 2908 335 160 101 133 143 107 1883 147 318 899 148 101 543
leaf_count=599 2908 335 160 101 133 143 107 1883 147 318 899 148 101 543
internal_value=-4.0844e-06 -0.000458915 5.25713e-05 7.36431e-05 0.00119913 -0.000817828 3.64121e-05 -0.000226016 0.000139539 0.000537282 0.00012616 0.00129572 0.00227215 -4.63671e-05
internal_weight=8525 1237 638 7288 234 303 7054 1990 5064 1613 1046 567 249 3451
internal_count=8525 1237 638 7288 234 303 7054 1990 5064 1613 1046 567 249 3451
cat_boundaries=0 1
cat_threshold=1627767755
is_linear=0
shrinkage=0.03


Tree=184
num_leaves=15
num_cat=3
split_feature=26 24 38 1 22 16 30 37 38 31 24 25 37 37
split_gain=0.277001 0.259949 0.563468 0.51068 0.401298 0.331339 0.327199 0.452734 0.47148 0.508341 0.337315 0.336637 0.312011 0.305296
threshold=0.21000000000000005 15.200166666666847 2.028828769623503 32.500000000000007 740.95000000000016 1.0000000180025095e-35 40.250000000000007 0 1.6139453975271552 0.43729304635761596 191.71016666666679 0.55158730158730174 1 2
decision_type=8 8 2 2 2 2 2 9 2 8 8 10 9 9
left_child=1 2 3 4 -1 12 7 8 9 -3 11 -9 -5 -8
right_child=-2 6 -4 5 -6 -7 13 10 -10 -11 -12 -13 -14 -15
leaf_value=0.00088046587675400976 0.0013486777308343116 0.003295930239265347 0.0014601833212913738 0.00040095735433316157 -0.0014222848344840767 -0.0025345670263475285 -0.0010929493552546826 -0.00018511803687258461 -0.00058451153552076512 0.0009074651151038881 -0.0011303433454618904 0.001726293010253388 -0.0015169153233286496 -7.6102037240151336e-05
leaf_weight=205 121 115 108 114 102 166 268 279 112 265 199 118 219 6161
leaf_count=205 121 115 108 114 102 166 268 279 112 265 199 118 219 6161
internal_value=-7.65184e-05 -9.69725e-05 -0.000574695 -0.000847358 0.000115383 -0.00143967 -3.88858e-05 0.000442244 0.00110368 0.00163029 -0.00012027 0.000383009 -0.000893859 -0.000120309
internal_weight=8552 8431 914 806 307 499 7517 1088 492 380 596 397 333 6429
internal_count=8552 8431 914 806 307 499 7517 1088 492 380 596 397 333 6429
cat_boundaries=0 1 2 3
cat_threshold=2323679529 37224448 136314919
is_linear=0
shrinkage=0.03


Tree=185
num_leaves=15
num_cat=3
split_feature=17 35 37 37 31 27 26 24 32 24 16 24 18 31
split_gain=0.403369 0.442208 0.705324 0.633404 1.21735 0.49845 0.490792 0.579363 0.522622 0.512751 0.485182 0.421919 0.389795 0.358879
threshold=3.5000000000000004 0 1 2 1.034847013113162 17.423611111111114 0.054093567251461992 199.9661666666577 1.5000000000000002 27.530000000000005 1.0000000180025095e-35 7.486666666665756 1.0000000180025095e-35 0.98907071189679896
decision_type=2 1 9 9 8 2 8 10 2 8 2 8 2 10
left_child=1 3 -3 4 -1 11 8 -8 13 -10 -6 -4 -11 -5
right_child=-2 2 5 6 10 -7 7 -9 9 12 -12 -13 -14 -15
leaf_value=-0.0013726084149627339 0.0016587710106572093 -0.0010340432729220468 -0.0017038796240884861 0.002766893141930008 0.0035363947274163364 0.0016097649362815829 -0.0010239078628301826 0.0011680370655510789 0.0013580957471608615 5.7086193635171057e-05 0.0012082217475583796 -2.2380062941084493e-05 -0.0013470065495233363 0.00034315646626055242
leaf_weight=121 129 884 146 112 134 156 657 130 263 3675 202 1676 187 108
leaf_count=121 129 884 146 112 134 156 657 130 263 3675 202 1676 187 108
internal_value=-6.12847e-06 -3.15423e-05 -0.000334118 0.000123776 0.0011817 -1.76821e-05 2.74545e-05 -0.000661833 0.000152367 7.63832e-05 0.00213672 -0.000157122 -1.09007e-05 0.00157706
internal_weight=8580 8451 2862 5589 457 1978 5132 787 4345 4125 336 1822 3862 220
internal_count=8580 8451 2862 5589 457 1978 5132 787 4345 4125 336 1822 3862 220
cat_boundaries=0 1 2 3
cat_threshold=26 2835654921 170393896
is_linear=0
shrinkage=0.03


Tree=186
num_leaves=15
num_cat=1
split_feature=22 37 5 30 32 31 22 6 38 21 21 31 31 31
split_gain=0.209469 0.253413 0.304922 0.609692 0.47746 0.428451 0.428275 0.467528 0.424639 0.455622 0.413421 0.412366 0.480086 0.636438
threshold=14292.450000000003 0 0.11435000000000002 304.85000000000008 31.500000000000004 5.3583467094703057 577.50000000000011 2.5000000000000004 1.7066419745853765 105.61666666666669 40.500000000000007 3.50347924244396 2.6781286894923264 2.1736188001355781
decision_type=2 9 2 2 2 10 2 2 2 2 2 8 10 10
left_child=1 -1 4 6 5 11 10 8 9 -8 -4 12 13 -3
right_child=-2 2 3 -5 -6 -7 7 -9 -10 -11 -12 -13 -14 -15
leaf_value=0.00020478952137804063 -0.0013091868302749041 7.763768699573698e-05 -0.00077362896706432863 0.0015698947384953498 -0.0018935404272002107 -0.0011256693461294865 -0.00049459896952808722 0.00098278824824273893 0.00054927754510358416 -0.0023840015224985312 -0.0027113616228633527 0.0013644364521017557 -0.00088756258096167487 0.0016627536314031616
leaf_weight=4344 104 1333 313 123 106 212 389 209 204 163 145 279 343 275
leaf_count=4344 104 1333 313 123 106 212 389 209 204 163 145 279 343 275
internal_value=2.89629e-05 4.54558e-05 -0.000123805 -0.000456489 7.75647e-05 0.000163125 -0.000631644 -0.000273094 -0.000620289 -0.00105252 -0.0013871 0.000285647 0.000131376 0.000348724
internal_weight=8542 8438 4094 1546 2548 2442 1423 965 756 552 458 2230 1951 1608
internal_count=8542 8438 4094 1546 2548 2442 1423 965 756 552 458 2230 1951 1608
cat_boundaries=0 1
cat_threshold=3537905106
is_linear=0
shrinkage=0.03


Tree=187
num_leaves=15
num_cat=0
split_feature=5 27 24 5 23 25 31 22 31 31 29 28 24 32
split_gain=0.252398 0.367104 0.282981 0.486399 0.417638 0.253377 0.243825 0.65279 0.249774 0.495482 0.417094 0.505797 0.397719 0.346645
threshold=0.72080000000000011 13.999901620370371 7.486666666665756 0.28990000000000005 15.500000000000002 0.30384615384615393 0.35714348202647267 449.2000000000001 1.0823369463999704 1.1255252100840338 1.5000000000000002 1.177337962962963 138.59733333333386 6.5000000000000009
decision_type=2 2 8 2 2 10 8 2 8 8 2 2 10 2
left_child=2 -2 3 4 -1 -6 7 -4 10 -10 11 13 -13 -8
right_child=1 -3 6 -5 5 -7 8 -9 9 -11 -12 12 -14 -15
leaf_value=0.0012731934941539 -0.00024052569011333757 0.0022682147017264965 -0.00085585234804159927 -0.0023544421101764443 -1.4898103343351826e-05 -0.0016239980211334856 0.00093317003539406657 0.002077725777469043 0.001968222760926347 2.9491752738182058e-05 -0.0015289863889677378 -0.0016640850804038702 0.00054634713554097447 -0.0004331334573294897
leaf_weight=124 104 106 115 121 193 162 389 168 121 6086 237 260 102 293
leaf_count=124 104 106 115 121 193 162 389 168 121 6086 237 260 102 293
internal_value=-1.45568e-06 0.00102579 -2.72258e-05 -0.000654958 -0.000225651 -0.000749192 2.12414e-05 0.000885636 -1.14273e-05 6.72856e-05 -0.000392825 -0.000134904 -0.00104126 0.00034618
internal_weight=8581 210 8371 600 479 355 7771 283 7488 6207 1281 1044 362 682
internal_count=8581 210 8371 600 479 355 7771 283 7488 6207 1281 1044 362 682
is_linear=0
shrinkage=0.03


Tree=188
num_leaves=15
num_cat=2
split_feature=38 1 37 0 7 21 14 33 21 21 36 23 1 0
split_gain=0.241381 0.270505 0.566079 0.339493 0.334846 0.26933 0.537553 0.61175 1.31275 0.468696 0.462168 0.473688 0.42761 0.40355
threshold=0.87105300439944 146.50000000000003 0 9.5000000000000018 1.0000000180025095e-35 117.96666666666668 2.5000000000000004 1.0000000180025095e-35 173.63333333333335 114.53333333333335 1 24.500000000000004 30.500000000000004 13.500000000000002
decision_type=2 2 9 2 2 2 2 2 2 2 9 2 2 2
left_child=-1 5 4 -4 -3 9 7 8 12 13 11 -8 -7 -2
right_child=1 2 3 -5 -6 6 10 -9 -10 -11 -12 -13 -14 -15
leaf_value=-0.0014475460235095982 6.3782935109117601e-05 -0.0017030704914235046 0.0026463055177559178 0.00049670932507823876 0.00055046387427553007 -0.0012730759872033833 -0.0014950974552722816 -0.0015208155512809753 0.0025721140369600816 0.0018108948335168839 -0.0025422573728688543 0.0010824851980432868 0.00046803973322108558 -0.00085224949276747279
leaf_weight=105 6081 103 143 123 140 249 165 190 184 131 158 105 259 466
leaf_count=105 6081 103 143 123 140 249 165 190 184 131 158 105 259 466
internal_value=-1.79578e-05 -2.91911e-07 0.000670266 0.00159245 -0.00038874 -4.30203e-05 -0.000436327 -1.29927e-05 0.000401005 3.41334e-05 -0.00130871 -0.000475108 -0.000385381 -1.41809e-06
internal_weight=8602 8497 509 266 243 7988 1310 882 692 6678 428 270 508 6547
internal_count=8602 8497 509 266 243 7988 1310 882 692 6678 428 270 508 6547
cat_boundaries=0 1 2
cat_threshold=813713408 4
is_linear=0
shrinkage=0.03


Tree=189
num_leaves=15
num_cat=2
split_feature=31 37 31 37 31 31 31 28 0 25 25 31 25 31
split_gain=0.265921 0.470409 0.489351 0.369796 0.753673 0.784111 0.543091 0.392986 0.345934 0.591363 0.743753 0.597351 0.431845 0.523376
threshold=2.4757543249946594 0 2.5647058434165593 1 1.8322390932420876 1.5004810776138553 2.4004002287021158 6.8865509259259268 9.5000000000000018 0.42052631578947369 0.52250000000000008 1.8868934128790211 0.30384615384615393 1.4919352507587804
decision_type=8 9 8 9 10 10 10 2 2 8 10 10 10 10
left_child=3 2 -2 4 5 7 8 -1 -5 12 11 -11 -10 -14
right_child=1 -3 -4 6 -6 -7 -8 -9 9 10 -12 -13 13 -15
leaf_value=-0.00074369926878358557 -0.0020042866022945069 -0.00082421723589699728 0.00010792476584596465 3.9291453580464443e-06 -0.0021226071708676355 0.0020016737857138293 0.0023793677289915436 0.0012732316300389356 0.00058006922419010995 0.0039399499373937042 0.00019392137122799754 0.00088462760982894345 -0.0023037764256075024 0.00039019551355805662
leaf_weight=589 104 886 1943 3288 190 142 102 102 547 134 218 101 125 135
leaf_count=589 104 886 1943 3288 190 142 102 102 547 134 218 101 125 135
internal_value=-1.94377e-05 -0.000251363 6.0866e-07 0.00010047 -0.000413579 -2.87294e-05 0.00021399 -0.000445976 0.000165896 0.000588554 0.00145602 0.00262681 0.000101614 -0.000904983
internal_weight=8606 2933 2047 5673 1023 833 4650 691 4548 1260 453 235 807 260
internal_count=8606 2933 2047 5673 1023 833 4650 691 4548 1260 453 235 807 260
cat_boundaries=0 1 2
cat_threshold=453036784 304414757
is_linear=0
shrinkage=0.03


Tree=190
num_leaves=15
num_cat=0
split_feature=27 27 27 31 31 38 31 22 31 1 31 27 0 32
split_gain=0.287726 0.274507 0.557171 0.238723 0.912489 0.501512 0.705273 0.640805 0.458862 0.452564 0.523369 0.555611 0.541515 0.47801
threshold=6.9996585648148155 30.999247685185189 30.673940972222226 1.8048797023563459 1.7614762638217427 1.9342538058622119 2.663388135598137 3841.1500000000005 3.0984761025167402 56.500000000000007 2.2745139927365949 29.072586805555559 5.5000000000000009 17.500000000000004
decision_type=2 2 2 10 10 2 10 2 10 2 10 2 2 2
left_child=-1 2 3 4 -2 7 -7 9 -9 10 11 12 -5 -14
right_child=1 -3 -4 5 -6 6 -8 8 -10 -11 -12 -13 13 -15
leaf_value=-0.0010919834225562078 0.00014312548179222869 -0.0013190396024756843 0.0022325434441316044 -0.0015614785271204389 0.0027060683863237502 -0.00041130138963001639 0.0025035297684828004 -0.0018499096750782798 0.00010465198935454954 0.0004688774324729834 -0.00060757071029331298 0.0019048075998790706 0.0015177292494354781 -0.00065634199913421813
leaf_weight=196 4056 126 108 157 129 146 153 329 161 1048 1484 166 203 165
leaf_count=196 4056 126 108 157 129 146 153 329 161 1048 1484 166 203 165
internal_value=4.43147e-05 7.07308e-05 9.18158e-05 6.36105e-05 0.000222127 -0.000101741 0.00108023 -0.000196923 -0.0012077 -4.32525e-05 -0.000290017 0.000391966 -8.638e-05 0.000542942
internal_weight=8627 8431 8305 8197 4185 4012 299 3713 490 3223 2175 691 525 368
internal_count=8627 8431 8305 8197 4185 4012 299 3713 490 3223 2175 691 525 368
is_linear=0
shrinkage=0.03


Tree=191
num_leaves=15
num_cat=2
split_feature=38 23 30 24 37 38 1 38 1 38 0 28 0 35
split_gain=0.399179 1.108 0.416901 0.388695 0.430905 1.15629 0.899058 0.328048 0.652479 0.441811 0.488586 0.419645 0.640691 0.43747
threshold=1.9855361078882079 97.500000000000014 94.500000000000014 1.8535000000000084 0 1.5889311423337833 22.500000000000004 1.6949536981615163 14.500000000000002 1.4773522854726033 3.5000000000000004 1.8198611111111114 3.5000000000000004 1
decision_type=2 2 2 8 9 2 2 2 2 2 2 2 2 1
left_child=3 2 -2 -1 5 6 -5 9 -9 11 -11 13 -13 -6
right_child=1 -3 -4 4 7 -7 -8 8 -10 10 -12 12 -14 -15
leaf_value=-0.0014226997214096958 0.0012230597746735116 -0.00049497010401942151 0.0038662946060299876 -0.0019937590918244611 0.00073139841974644254 0.0029500731590087525 0.0016722715821709821 0.00096234390344510882 -0.00066878444031739795 -0.001530060076361729 0.00054697950469310757 0.0018108102491339751 -0.00050676824458001618 -0.00023793209767317657
leaf_weight=176 116 247 100 133 809 160 110 261 1430 108 1813 113 2149 853
leaf_count=176 116 247 100 133 809 160 110 261 1430 108 1813 113 2149 853
internal_value=2.06502e-05 0.000877423 0.00244678 -2.82329e-05 2.68113e-06 0.000946227 -0.000334239 -4.89672e-05 -0.000417025 5.74309e-05 0.000430207 -0.000125062 -0.000390992 0.000236871
internal_weight=8578 463 216 8115 7939 403 243 7536 1691 5845 1921 3924 2262 1662
internal_count=8578 463 216 8115 7939 403 243 7536 1691 5845 1921 3924 2262 1662
cat_boundaries=0 1 2
cat_threshold=1209013312 10
is_linear=0
shrinkage=0.03


Tree=192
num_leaves=15
num_cat=0
split_feature=1 0 31 26 1 31 23 31 16 0 24 26 23 31
split_gain=0.352745 0.269716 0.224476 0.32994 0.307664 0.325393 0.365839 0.304423 0.395439 0.321388 0.699319 0.65591 0.673601 0.385942
threshold=206.50000000000003 8.5000000000000018 4.9699358591885447 0.15142857142857144 89.500000000000014 7.7898305084745774 113.50000000000001 4.1843694096601078 1.0000000180025095e-35 11.500000000000002 5.2015000000000002 0.07571428571428572 21.500000000000004 1.0004392299048519
decision_type=2 2 10 8 2 10 2 10 2 2 8 10 2 8
left_child=2 -2 3 7 5 -4 -7 9 -9 -1 -11 12 -12 -14
right_child=1 -3 4 -5 -6 6 -8 8 -10 10 11 -13 13 -15
leaf_value=3.4660887793403351e-05 5.7034928527895668e-05 0.0021128219227126289 -0.0014271239406714344 0.0014118006728589534 0.00096195478652359799 -0.0010212563880019052 0.0013076944847552772 -6.1198946005150455e-05 0.0023660095521587541 -0.0028881214219100265 0.0018705236446112394 -0.0024993367550362432 -0.0019773272498366024 -4.7217098101697276e-05
leaf_weight=6266 107 124 334 150 103 137 109 134 110 103 145 105 114 512
leaf_count=6266 107 124 334 150 103 137 109 134 110 103 145 105 114 512
internal_value=4.19565e-06 0.00116057 -2.79028e-05 1.86862e-05 -0.000548977 -0.000817298 1.06771e-05 -9.21697e-06 0.00103303 -4.43183e-05 -0.000549818 -0.00027488 2.80616e-05 -0.000398707
internal_weight=8553 231 8322 7639 683 580 246 7489 244 7245 979 876 771 626
internal_count=8553 231 8322 7639 683 580 246 7489 244 7245 979 876 771 626
is_linear=0
shrinkage=0.03


Tree=193
num_leaves=15
num_cat=0
split_feature=24 32 7 31 27 27 21 0 28 28 32 27 24 31
split_gain=0.368741 0.356237 0.470277 0.381243 0.273536 0.692905 0.587427 0.385078 0.284867 0.727687 0.476907 0.395475 0.34191 0.325884
threshold=533.18250000001296 7.5000000000000009 1.0000000180025095e-35 2.6228785436617055 29.999490740740743 29.616950231481486 91.450000000000003 4.5000000000000009 8.4320428240740757 7.9728298611111121 19.500000000000004 13.958015046296298 97.45466666667491 2.4583729458101327
decision_type=8 2 2 8 2 2 2 2 2 2 2 2 10 10
left_child=4 -2 -3 -4 5 8 -7 -6 9 -1 11 -10 -13 -12
right_child=1 2 3 -5 7 6 -8 -9 10 -11 13 12 -14 -15
leaf_value=9.0229759772563419e-05 -0.0022423950386227447 0.00076403970150063199 4.4411401778681958e-05 -0.0021278143607306225 -0.002207252285575037 0.0034307906381282542 0.00020314878357648113 -0.0002193511312613887 -0.0012418195354248712 0.0024903895546168346 -3.7387023415331807e-05 -0.0001844658137137477 0.0011645436631183006 -0.0016895996612404447
leaf_weight=5699 113 196 134 159 106 102 101 508 166 116 165 398 294 308
leaf_count=5699 113 196 134 159 106 102 101 508 166 116 165 398 294 308
internal_value=-8.35905e-06 -0.000724269 -0.000373455 -0.00113437 4.57635e-05 9.65865e-05 0.00182492 -0.000562539 4.74889e-05 0.000138109 -0.000348422 7.32126e-05 0.000388668 -0.00111325
internal_weight=8565 602 489 293 7963 7349 203 614 7146 5815 1331 858 692 473
internal_count=8565 602 489 293 7963 7349 203 614 7146 5815 1331 858 692 473
is_linear=0
shrinkage=0.03


Tree=194
num_leaves=15
num_cat=2
split_feature=38 27 14 22 38 31 25 38 31 35 21 21 30 35
split_gain=0.216695 0.227445 0.231035 0.759692 0.675853 0.554733 0.850205 0.488564 0.44362 0.335461 0.320676 0.321395 0.544245 0.543617
threshold=0.87105300439944 30.999247685185189 1.5000000000000002 10820.35 1.9342538058622119 1.0004392299048519 0.29772727272727278 1.6171330948313154 1.9617718730540388 0 182.54166666666669 16.500000000000004 15.250000000000002 1
decision_type=2 2 2 2 2 10 10 2 10 1 2 2 2 1
left_child=-1 2 4 10 5 9 -7 -8 -9 -2 11 13 -13 -4
right_child=1 -3 3 -5 -6 6 7 8 -10 -11 -12 12 -14 -15
leaf_value=-0.0013875880430102127 -8.157561983188126e-05 -0.0012866319413296877 0.0017455601124712484 -0.0019674862079943219 0.0023368245387215391 0.0028189741088845187 0.00056836237716476154 0.00058017812599314733 -0.0019100190189854447 -0.002333597580992938 0.0013015868527457184 0.0014760021176025088 -0.00016573517285630484 6.9549940149611191e-05
leaf_weight=101 139 120 223 180 142 121 705 106 164 103 168 188 5450 707
leaf_count=101 139 120 223 180 142 121 705 106 164 103 168 188 5450 707
internal_value=-6.17196e-06 1.02117e-05 2.87468e-05 -4.40524e-05 0.000368936 0.000160087 0.000447123 0.000152771 -0.000932386 -0.00113988 7.34577e-06 -2.57591e-05 -0.000110991 0.000490949
internal_weight=8617 8516 8396 6916 1480 1338 1096 975 270 242 6736 6568 5638 930
internal_count=8617 8516 8396 6916 1480 1338 1096 975 270 242 6736 6568 5638 930
cat_boundaries=0 1 2
cat_threshold=17 10
is_linear=0
shrinkage=0.03


Tree=195
num_leaves=15
num_cat=0
split_feature=31 24 38 2 31 22 29 24 29 13 30 27 24 1
split_gain=0.319687 0.605257 0.513656 0.374117 0.337439 0.406996 0.359461 0.387523 0.488659 0.366716 1.08272 0.442316 0.56608 0.743623
threshold=1.5126086035176944 3.2871666666666903 2.0563436588022119 1.0000000180025095e-35 0.35714348202647267 494.05000000000001 3.5000000000000004 249.01249999999391 2.5000000000000004 0.50000000000000011 94.500000000000014 13.999311342592593 100.57766666666519 38.500000000000007
decision_type=10 8 2 2 8 2 2 10 2 2 2 2 8 2
left_child=1 -1 3 -2 5 -3 7 9 -9 11 -11 12 -6 -14
right_child=2 4 -4 -5 6 -7 -8 8 -10 10 -12 -13 13 -15
leaf_value=-0.0017091667553437938 0.0002760469225943488 -0.00036023483417617775 0.001954338492181241 -0.00044899794936674242 -5.9265159925712846e-05 0.0019070611749751748 -0.0013752948781240856 7.7431029262574946e-05 -0.0028139412206131965 -0.00028595006731691732 0.0032537689732853319 -0.000437372941769845 0.0032506712015413892 -0.00016161332365923696
leaf_weight=212 4255 126 149 754 553 164 201 111 100 221 120 1315 127 105
leaf_count=212 4255 126 149 754 553 164 201 111 100 221 120 1315 127 105
internal_value=7.02722e-05 -0.000157676 0.00021854 0.000166907 -5.30261e-05 0.00092196 -0.000152131 -5.9425e-05 -0.00129289 4.71955e-05 0.000959699 -0.000100978 0.000462538 0.00170632
internal_weight=8513 3355 5158 5009 3143 290 2853 2652 211 2441 341 2100 785 232
internal_count=8513 3355 5158 5009 3143 290 2853 2652 211 2441 341 2100 785 232
is_linear=0
shrinkage=0.03


Tree=196
num_leaves=15
num_cat=0
split_feature=25 0 25 31 32 21 13 23 27 24 5 38 38 23
split_gain=0.474913 0.664289 0.478168 0.652975 0.673791 0.418398 0.44924 0.934178 0.546513 0.432961 0.480663 0.465684 0.777563 0.450867
threshold=0.24195121951219514 4.5000000000000009 0.20937500000000003 1.0823369463999704 3.5000000000000004 59.833333333333336 1.0000000180025095e-35 97.500000000000014 13.999473379629633 7.486666666665756 0.61250000000000016 1.4988588267721559 1.4647542936048363 116.50000000000001
decision_type=10 2 8 8 2 2 2 2 2 10 2 2 2 2
left_child=1 -1 -3 -4 -5 -2 7 -7 -8 -10 11 12 -11 -13
right_child=5 2 3 4 -6 6 8 -9 9 10 -12 13 -14 -15
leaf_value=0.0021062022641949031 -0.0002964742788761474 -9.0577678228944412e-05 -0.00038455761680568292 0.00028462993795983491 0.0030375723036484342 -0.0015281860821230926 0.0015935844786561511 0.00050134951470508454 0.0021389557368993429 0.00019955095476441122 0.0020067979647324253 -0.0010911728573419017 0.0028720757478408305 0.00015319138436862875
leaf_weight=207 3186 992 185 141 185 380 290 441 101 1056 117 488 108 566
leaf_count=207 3186 992 185 141 185 380 290 441 101 1056 117 488 108 566
internal_value=6.64435e-05 0.000512907 0.000293471 0.00103902 0.00184688 -4.69463e-05 0.000177186 -0.000438021 0.00036247 0.000215909 0.000132728 3.38701e-05 0.000447517 -0.000422947
internal_weight=8443 1710 1503 511 326 6733 3547 821 2726 2436 2335 2218 1164 1054
internal_count=8443 1710 1503 511 326 6733 3547 821 2726 2436 2335 2218 1164 1054
is_linear=0
shrinkage=0.03


Tree=197
num_leaves=15
num_cat=0
split_feature=27 31 28 28 21 1 22 31 21 38 30 22 31 31
split_gain=0.233348 0.220716 0.203286 0.451708 0.43579 0.341522 0.278266 0.179019 0.435922 0.375172 0.62273 0.564276 0.300705 0.21817
threshold=6.9996585648148155 0.1106014271151886 20.991348379629631 16.50072916666667 86.083333333333357 55.500000000000007 1980.7027500000002 0.62923872590659724 193.00000000000003 1.59949202993294 42.250000000000007 280.4500000000001 0.43729304635761596 0.71691003666217534
decision_type=2 8 2 2 2 2 2 8 2 2 2 2 10 8
left_child=-1 -2 3 7 -5 6 -4 9 13 10 11 -3 -11 -9
right_child=1 2 5 4 -6 -7 -8 8 -10 12 -12 -13 -14 -15
leaf_value=-0.00097419426515381953 0.0013828069099690765 -0.00037635716642366425 0.00039107885109049013 1.8206125172644346e-05 -0.0025388760670597785 -0.00062038736232930677 0.0025398644494658736 0.0012850801992906435 0.0016827678096015006 -0.0025296424304727806 -0.0013596393163898028 0.0026086562414370153 -0.00040583142931361428 2.5250369566052806e-05
leaf_weight=206 110 113 110 118 122 107 107 126 150 110 150 115 132 6814
leaf_count=206 110 113 110 118 122 107 107 126 150 110 150 115 132 6814
internal_value=2.33196e-05 4.78291e-05 3.0081e-05 6.13248e-08 -0.00128164 0.000766675 0.00145062 3.99588e-05 8.27068e-05 -0.000448886 0.000141591 0.00112924 -0.0013712 4.81234e-05
internal_weight=8590 8384 8274 7950 240 324 217 7710 7090 620 378 228 242 6940
internal_count=8590 8384 8274 7950 240 324 217 7710 7090 620 378 228 242 6940
is_linear=0
shrinkage=0.03


Tree=198
num_leaves=15
num_cat=2
split_feature=26 24 28 35 21 17 0 35 38 23 38 30 24 29
split_gain=0.242371 0.470008 0.592688 0.52794 0.368323 0.367921 0.336843 0.263794 0.31596 0.268987 0.22853 0.302293 0.473217 0.404323
threshold=0.06186224489795919 52.772333333333087 6.8365682870370383 0 49.583333333333336 3.5000000000000004 8.5000000000000018 1 1.8038893715340791 23.500000000000004 2.097171485519326 194.10000000000002 246.96533333333753 4.5000000000000009
decision_type=8 10 2 1 2 2 2 1 2 2 2 2 10 2
left_child=5 2 3 4 -2 7 -3 8 9 -1 11 13 -13 -9
right_child=1 6 -4 -5 -6 -7 -8 10 -10 -11 -12 12 -14 -15
leaf_value=-0.00026818273805095244 0.00079194618536124314 0.00050052800728735743 0.0031279989805459828 0.0019704851295853803 -0.0014126515825591923 0.0017408659584554178 -0.0015301989689674776 0.0001015854636272862 0.00051595993269234889 -0.0020208371737536943 -0.0013354390313236905 -0.00066521635372475602 0.00020944510281312962 0.0016539574243898431
leaf_weight=139 146 160 101 143 128 105 136 4712 125 182 114 1230 1017 156
leaf_count=139 146 160 101 143 128 105 136 4712 125 182 114 1230 1017 156
internal_value=2.85837e-05 0.000521123 0.00106606 0.00056664 -0.000229561 -2.29494e-05 -0.000432509 -4.70798e-05 -0.000746875 -0.0012619 -2.86814e-06 1.84789e-05 -0.000269342 0.000151333
internal_weight=8594 814 518 417 274 7780 296 7675 446 321 7229 7115 2247 4868
internal_count=8594 814 518 417 274 7780 296 7675 446 321 7229 7115 2247 4868
cat_boundaries=0 1 2
cat_threshold=3 4
is_linear=0
shrinkage=0.03


Tree=199
num_leaves=15
num_cat=2
split_feature=25 37 6 1 23 38 32 32 24 7 37 27 24 27
split_gain=0.356692 0.926384 0.378237 0.379769 0.615752 0.425873 0.3795 0.364277 0.375878 0.349898 0.327286 0.42824 0.38425 0.738747
threshold=0.28285714285714292 0 2.5000000000000004 20.500000000000004 90.500000000000014 1.3929604921418315 1.5000000000000002 4.5000000000000009 21.811333333332662 1.0000000180025095e-35 1 17.003738425925928 27.198500000000063 13.999322916666669
decision_type=10 9 2 2 2 2 2 2 10 2 9 2 10 2
left_child=1 -1 3 6 5 -5 -3 8 -7 -8 11 12 13 -2
right_child=10 2 -4 4 -6 7 9 -9 -10 -11 -12 -13 -14 -15
leaf_value=0.0027697521089447325 0.0017397807780071162 0.0022176818363263198 0.0016614063132784765 0.00026894884000920854 0.0011525766696389205 -0.0019134909464655636 0.0017589812935329973 -0.0017999322402780665 0.00017283360593506255 -8.7548990583266411e-05 -0.00025217819505926018 0.001811736116852303 0.00043045689255878991 -0.0010962889829442323
leaf_weight=121 102 114 142 369 233 107 118 291 284 425 4610 142 1031 436
leaf_count=121 102 114 142 369 233 107 118 291 284 425 4610 142 1031 436
internal_value=-6.36272e-06 0.000322268 0.000166001 5.74552e-05 -0.000242715 -0.000552043 0.00064409 -0.000996245 -0.000398104 0.000313723 -0.000120949 0.000232739 9.13172e-05 -0.000558595
internal_weight=8525 2204 2083 1941 1284 1051 657 682 391 543 6321 1711 1569 538
internal_count=8525 2204 2083 1941 1284 1051 657 682 391 543 6321 1711 1569 538
cat_boundaries=0 1 2
cat_threshold=69208064 1513627896
is_linear=0
shrinkage=0.03


Tree=200
num_leaves=15
num_cat=2
split_feature=32 0 38 24 0 5 37 37 31 31 32 38 26 25
split_gain=0.252677 0.418088 0.358622 0.339722 0.301285 0.259833 0.563127 0.489041 0.608065 0.441348 0.419527 0.772954 0.633109 0.636717
threshold=23.500000000000004 5.5000000000000009 1.2916679701068572 219.61766666665443 10.500000000000002 0.18465000000000001 0 1 0.1106014271151886 2.5394102990033227 13.500000000000002 1.3418690721661384 1.0000000180025095e-35 0.49489795918367352
decision_type=2 2 2 10 2 2 9 9 10 8 2 2 10 10
left_child=5 2 -2 -4 -3 7 -7 9 -9 -1 -10 -12 -13 -14
right_child=1 4 3 -5 -6 6 -8 8 10 -11 11 12 13 -15
leaf_value=7.3450031933064642e-05 2.5132800181411571e-05 0.00013282962554387275 -0.00071765622116388083 -0.0030059632532155284 -0.001245739167193384 -0.0014724886073599918 -5.4324423519343636e-05 0.0027073024392344994 5.4227778291270537e-05 -0.00089030699280660418 -0.00046794807735255994 0.0025724347885409228 0.0018589064846399419 -0.00080045640683285414
leaf_weight=1820 122 837 106 130 172 278 2040 103 1522 559 263 266 171 154
leaf_count=1820 122 837 106 130 172 278 2040 103 1522 559 263 266 171 154
internal_value=-4.0867e-05 -0.000414681 -0.00129548 -0.00197816 -0.000102169 3.03432e-05 -0.000230993 0.00015504 0.00044885 -0.000152366 0.000352834 0.000885012 0.00148709 0.000598778
internal_weight=8543 1367 358 236 1009 7176 2318 4858 2479 2379 2376 854 591 325
internal_count=8543 1367 358 236 1009 7176 2318 4858 2479 2379 2376 854 591 325
cat_boundaries=0 1 2
cat_threshold=1076908052 3988800331
is_linear=0
shrinkage=0.03


Tree=201
num_leaves=15
num_cat=1
split_feature=25 38 38 36 38 0 1 30 22 5 22 32 0 22
split_gain=0.264688 0.232034 0.209799 0.808886 0.998731 0.653549 0.741413 0.643605 0.436834 0.408585 0.439915 0.395895 0.382336 0.362676
threshold=0.070000000000000021 0.87105300439944 1.7584636155476543 0 1.8405256233609908 10.500000000000002 21.500000000000004 265.77500000000003 5324.3125000000009 0.10265000000000002 991.47500000000002 3.5000000000000004 13.500000000000002 1391.0015000000005
decision_type=10 2 2 9 2 2 2 2 2 2 2 2 2 2
left_child=-1 -2 12 7 -5 6 -6 8 9 10 -4 -8 -3 -11
right_child=1 2 3 4 5 -7 11 -9 -10 13 -12 -13 -14 -15
leaf_value=0.0014241479712141238 -0.0013694885361685671 0.00015736840033468385 -2.0610508386641162e-05 -0.0011787064689644411 0.002566246773864233 0.0026425757370832047 0.00089754328696036952 0.0012750058286183047 -0.0025511155883653153 -0.0010388082609408432 -0.0023253045783000231 -0.0010923496132197803 -0.00074952390885114342 0.0011945704781398997
leaf_weight=119 110 6136 113 268 113 163 161 105 174 135 219 204 449 127
leaf_count=119 110 6136 113 268 113 163 161 105 174 135 219 204 449 127
internal_value=1.91119e-05 -6.11983e-07 1.73845e-05 -0.000271392 0.000355275 0.00100217 0.000442785 -0.000917461 -0.00122916 -0.000841918 -0.00154088 -0.000214616 9.55317e-05 4.37837e-05
internal_weight=8596 8477 8367 1782 909 641 478 873 768 594 332 365 6585 262
internal_count=8596 8477 8367 1782 909 641 478 873 768 594 332 365 6585 262
cat_boundaries=0 1
cat_threshold=48
is_linear=0
shrinkage=0.03


Tree=202
num_leaves=15
num_cat=2
split_feature=32 21 1 1 24 0 22 30 38 32 37 37 1 0
split_gain=0.216442 0.346025 0.485255 0.498831 0.398655 0.380889 0.321021 0.303148 0.444663 0.343111 0.369626 0.295207 0.582755 0.483952
threshold=23.500000000000004 80.291666666666686 30.500000000000004 44.500000000000007 82.384499999999989 5.5000000000000009 1459.6446250000004 330.27500000000003 2.1247279273171897 21.500000000000004 0 1 124.50000000000001 9.5000000000000018
decision_type=2 2 2 2 10 2 2 2 2 2 9 9 2 2
left_child=7 4 5 -4 -2 -3 -5 8 9 11 -11 -1 13 -13
right_child=1 2 3 6 -6 -7 -8 -9 -10 10 -12 12 -14 -15
leaf_value=-0.00012431495392477526 0.00037134829904971411 -0.00044794231487469652 -0.002083037848146084 0.00086045783845740866 -0.0013986049764352 0.001656491208813774 -0.00096125438269854596 0.0015007804508786649 -0.001840870159502203 0.00024282598953597419 0.0023190108720213174 -0.00010496708413527614 0.0018869847962939132 0.00081981860115835795
leaf_weight=3896 160 118 136 197 403 225 156 134 109 226 115 1758 190 717
leaf_count=3896 160 118 136 197 403 225 156 134 109 226 115 1758 190 717
internal_value=2.05804e-05 -0.000321224 6.74455e-05 -0.000539343 -0.000895599 0.000932517 5.53952e-05 8.73147e-05 6.02994e-05 9.03237e-05 0.00101813 4.21019e-05 0.000284787 0.000162941
internal_weight=8540 1395 832 489 563 343 353 7145 7011 6902 341 6561 2665 2475
internal_count=8540 1395 832 489 563 343 353 7145 7011 6902 341 6561 2665 2475
cat_boundaries=0 1 2
cat_threshold=67143680 843672119
is_linear=0
shrinkage=0.03


Tree=203
num_leaves=15
num_cat=3
split_feature=1 37 30 30 30 13 21 1 32 37 25 35 1 13
split_gain=0.290692 0.646276 0.437712 0.865959 0.511263 1.90307 0.589779 0.645654 0.531582 0.526378 0.50953 0.479688 0.468018 0.429081
threshold=139.50000000000003 0 194.10000000000002 199.10000000000002 142.42500000000004 0.50000000000000011 87.225000000000009 44.500000000000007 6.5000000000000009 1 0.34891304347826091 2 46.500000000000007 1.0000000180025095e-35
decision_type=2 9 2 2 2 2 2 2 2 9 10 1 2 2
left_child=2 -2 4 -4 8 6 10 -8 9 -1 -6 -5 13 -11
right_child=1 -3 3 11 5 -7 7 -9 -10 12 -12 -13 -14 -15
leaf_value=0.0014106810091871697 0.0025219383593992192 4.9408776036503503e-05 -0.0030231790998674879 -0.00048807773795085023 0.0026399550714188871 0.0030153653559323351 -0.0014107678976787738 0.00085922890060961745 -0.00051899884360699004 0.00098316505035297161 0.00025822256223936738 0.0010114622191027846 -0.00048521582700721005 -8.1152473486715125e-05
leaf_weight=255 112 446 114 1876 101 231 361 164 1855 580 405 205 1025 827
leaf_count=255 112 446 114 1876 101 231 361 164 1855 580 405 205 1025 827
internal_value=-7.02618e-05 0.000591769 -0.000116444 -0.000477309 2.00302e-05 0.000554193 2.75648e-06 -0.000701664 -0.000128387 0.000141275 0.000733628 -0.000337842 2.36544e-06 0.000357585
internal_weight=8557 558 7999 2195 5804 1262 1031 525 4542 2687 506 2081 2432 1407
internal_count=8557 558 7999 2195 5804 1262 1031 525 4542 2687 506 2081 2432 1407
cat_boundaries=0 1 2 3
cat_threshold=2292187136 2147517444 25
is_linear=0
shrinkage=0.03


Tree=204
num_leaves=15
num_cat=1
split_feature=17 37 30 30 30 1 24 10 31 24 1 24 1 27
split_gain=0.238952 0.278228 0.535085 0.639471 0.439712 0.227978 0.220443 0.18909 0.378925 0.168599 0.348204 0.287747 0.482943 0.439914
threshold=3.5000000000000004 0 71.250000000000014 41.250000000000007 30.165000000000003 222.50000000000003 7.486666666665756 1.0000000180025095e-35 2.4004002287021158 910.07416666666734 29.500000000000004 468.26983333333635 27.500000000000004 29.5983275462963
decision_type=2 9 2 2 2 2 10 2 8 8 2 10 2 2
left_child=1 2 3 4 6 7 -1 8 -3 11 -11 -9 -13 -14
right_child=-2 5 -4 -5 -6 -7 -8 9 -10 10 -12 12 13 -15
leaf_value=-0.00081344686248797048 0.0013739919037941623 8.4520842464567682e-05 0.0021738438396437078 -0.0019255750437667505 0.0022203912980211411 0.0010841813237805452 0.0007134502029292123 -6.6486281089803594e-06 -0.0022760771384791418 0.0021000778616064846 -0.00013646142561496658 -0.002034269113529667 -0.00093800700456242708 0.0015282395072370911
leaf_weight=140 119 153 151 107 119 161 217 6619 102 101 165 173 174 104
leaf_count=140 119 153 151 107 119 161 217 6619 102 101 165 173 174 104
internal_value=3.8999e-05 2.02782e-05 0.000574431 0.000170028 0.000641098 -3.28904e-05 0.000114667 -5.66261e-05 -0.000859718 -2.87105e-05 0.000712751 -5.66071e-05 -0.000789811 -1.53824e-05
internal_weight=8605 8486 734 583 476 7752 357 7591 255 7336 266 7070 451 278
internal_count=8605 8486 734 583 476 7752 357 7591 255 7336 266 7070 451 278
cat_boundaries=0 1
cat_threshold=3679904
is_linear=0
shrinkage=0.03


Tree=205
num_leaves=15
num_cat=2
split_feature=37 38 38 1 1 5 24 37 32 32 1 29 30 38
split_gain=0.336843 0.222312 0.274148 0.235951 0.281993 0.185249 0.359293 0.312446 0.864321 0.365426 0.309373 0.302586 0.578686 0.454565
threshold=0 2.1247279273171897 2.0563436588022119 227.50000000000003 168.50000000000003 0.17425000000000002 6.2545000000001165 1 31.500000000000004 1.5000000000000002 95.500000000000014 1.5000000000000002 201.45000000000002 1.7143045272162694
decision_type=9 2 2 2 2 2 8 9 2 2 2 2 2 2
left_child=-1 2 3 4 5 7 -7 8 9 -2 -11 13 -13 -8
right_child=1 -3 -4 -5 -6 6 11 -9 -10 10 -12 12 -14 -15
leaf_value=-0.00081164783368791469 0.0023195519332791892 -0.0012028846370894461 0.0014385645918261545 0.0011864896810769756 -0.0011822269793243748 -0.0017672025526584197 -2.1653483446799274e-05 -3.6666387697214052e-05 -0.0021206572178821912 0.00039215672911733709 0.0019988818824716397 -0.0011566553394894825 0.00018246871622661431 0.0014780353709445606
leaf_weight=417 104 125 130 161 170 119 987 3058 112 1736 115 529 644 223
leaf_count=417 104 125 130 161 170 119 987 3058 112 1736 115 529 644 223
internal_value=9.9166e-06 5.25543e-05 7.20221e-05 4.96985e-05 2.6225e-05 5.31605e-05 -0.000158444 0.000156465 0.000440238 0.000589201 0.00049198 -7.81078e-05 -0.00042145 0.000254735
internal_weight=8630 8213 8088 7958 7797 7627 2502 5125 2067 1955 1851 2383 1173 1210
internal_count=8630 8213 8088 7958 7797 7627 2502 5125 2067 1955 1851 2383 1173 1210
cat_boundaries=0 1 2
cat_threshold=795269 1127241776
is_linear=0
shrinkage=0.03


Tree=206
num_leaves=15
num_cat=2
split_feature=24 31 23 0 38 31 6 23 17 35 37 38 31 21
split_gain=0.294389 0.307119 0.86058 0.308114 0.30116 0.410302 0.373853 0.767919 0.378661 0.385138 0.369978 0.385911 0.323931 0.309337
threshold=489.39266666665793 3.50347924244396 167.50000000000003 6.5000000000000009 1.7224058737958026 0.43729304635761596 1.5000000000000002 90.500000000000014 1.5000000000000002 0 1 1.5968699207050587 0.35714348202647267 74.166666666666671
decision_type=10 10 2 2 2 10 2 2 2 1 9 2 8 2
left_child=4 2 3 -2 10 -6 8 -8 9 13 11 -1 -12 -7
right_child=1 -3 -4 -5 5 6 7 -9 -10 -11 12 -13 -14 -15
leaf_value=-0.0009191389563778529 0.0010675368342986879 0.00064363789640187901 -0.0034363224340403183 -0.0010555986466952748 -0.0016723519081228175 -0.00046283422645883852 0.0021326685617099063 -0.00059257891563286712 -0.0016914616745604565 0.00016633424120733045 0.0014891363174283059 0.0010471437212968753 0.00018798891275212867 -0.0023458202538367743
leaf_weight=490 102 113 105 155 172 295 178 195 169 898 178 110 5288 107
leaf_count=490 102 113 105 155 172 295 178 195 169 898 178 110 5288 107
internal_value=4.11464e-06 -0.000721709 -0.00114791 -0.000212953 4.67837e-05 -0.000271076 -0.000140229 0.000707941 -0.000355592 -0.000181929 0.000152318 -0.000549496 0.00022994 -0.000940628
internal_weight=8555 475 362 257 8080 2014 1842 373 1469 1300 6066 600 5466 402
internal_count=8555 475 362 257 8080 2014 1842 373 1469 1300 6066 600 5466 402
cat_boundaries=0 1 2
cat_threshold=1 1094259601
is_linear=0
shrinkage=0.03


Tree=207
num_leaves=15
num_cat=3
split_feature=22 37 12 33 31 27 22 37 38 38 31 37 31 38
split_gain=0.724332 0.312576 0.538012 0.713896 0.35938 0.244253 0.233575 0.221223 0.293398 0.571437 0.494654 0.41025 0.340139 0.329421
threshold=10820.35 0 1.0000000180025095e-35 1.0000000180025095e-35 9.0326086956521756 6.9996585648148155 14292.450000000003 1 1.6730940035018012 1.5123781137803387 2.5394102990033227 2 0.91867732558139548 1.3361105912349134
decision_type=2 9 2 2 8 2 2 9 2 2 10 9 10 2
left_child=1 2 3 4 -1 -3 -2 -7 9 12 -10 -11 13 -9
right_child=6 5 -4 -5 -6 7 -8 8 10 11 -12 -13 -14 -15
leaf_value=0.0016389642627544206 -0.0026942425172051623 -0.0010755788785558535 -0.0010556705095805226 0.0034223892456955378 -0.00065902794402123235 0.00017402979614101227 -0.00070231442805379629 2.1970217878168281e-05 -0.00027664814036327834 0.001732231218010447 -0.0021430658633034907 8.4299891784142409e-05 -7.2192488020455064e-05 -0.0021218039354649726
leaf_weight=123 108 181 105 108 122 4497 104 110 635 248 160 302 1516 156
leaf_count=123 108 181 105 108 122 4497 104 110 635 248 160 302 1516 156
internal_value=1.44241e-05 5.88482e-05 0.000811889 0.00139039 0.000494658 1.36019e-05 -0.00171707 3.94778e-05 -0.000154088 1.50895e-05 -0.000652279 0.000860395 -0.000245807 -0.00123528
internal_weight=8475 8263 458 353 245 7805 212 7624 3127 2332 795 550 1782 266
internal_count=8475 8263 458 353 245 7805 212 7624 3127 2332 795 550 1782 266
cat_boundaries=0 1 2 3
cat_threshold=18892096 3657767048 9961474
is_linear=0
shrinkage=0.03


Tree=208
num_leaves=15
num_cat=2
split_feature=37 38 28 25 30 38 30 21 21 28 27 28 35 1
split_gain=0.409858 0.2985 0.492884 0.663164 0.397615 0.352007 0.291873 0.257896 0.333991 0.420607 0.480607 0.296044 0.252243 0.380245
threshold=0 1.3383635705676038 1.8198611111111114 0.28285714285714292 194.10000000000002 1.4141565041898503 29.165000000000003 4.7500000000000009 13.833333333333334 26.983998842592595 30.998709490740744 20.991348379629631 1 43.500000000000007
decision_type=9 2 2 10 2 2 2 2 2 2 2 2 1 2
left_child=7 2 3 -2 5 -3 -7 -1 -9 10 11 -10 -8 -14
right_child=1 4 -4 -5 -6 6 12 8 9 -11 -12 -13 13 -15
leaf_value=0.001059170785537433 0.0019836539919230625 -0.0014011880923719521 -0.00067581556120246229 -0.00023641906976937759 -0.0020676322353841122 -0.0011425858025570766 0.00071029629499573153 -0.0010098338877368304 8.0028601859998837e-05 -0.0017101999365973328 0.0019311859351065423 0.0014190890545875184 -0.00098788782107025498 0.0004292778728816921
leaf_weight=252 217 274 398 274 146 244 311 243 5159 110 135 153 357 326
leaf_count=252 217 274 398 274 146 244 311 243 5159 110 135 153 357 326
internal_value=-1.49459e-05 -0.000333444 0.000108773 0.000744754 -0.000572568 -0.000428203 -0.000212857 0.000119449 7.88253e-05 0.000126431 0.000163521 0.000118597 1.53659e-05 -0.000306972
internal_weight=8599 2547 889 491 1658 1512 1238 6052 5800 5557 5447 5312 994 683
internal_count=8599 2547 889 491 1658 1512 1238 6052 5800 5557 5447 5312 994 683
cat_boundaries=0 1 2
cat_threshold=334007680 18
is_linear=0
shrinkage=0.03


Tree=209
num_leaves=15
num_cat=1
split_feature=31 31 28 38 31 22 28 24 37 32 7 28 1 22
split_gain=0.203857 0.625014 0.748362 0.452422 0.678966 0.460745 0.430542 0.326124 0.682734 0.711297 0.443001 0.525463 0.571691 0.488325
threshold=1.8048797023563459 1.7149703331811961 0.53105902777777791 1.9342538058622119 2.6397879858657247 3841.1500000000005 18.047332175925927 86.438000000000699 0 1.5000000000000002 1.5000000000000002 3.9747627314814822 32.500000000000007 2410.2000000000003
decision_type=8 10 2 2 8 2 2 10 9 2 2 2 2 2
left_child=1 6 -3 5 -5 -2 7 -1 -9 -10 11 12 -11 -14
right_child=3 2 -4 4 -6 -7 -8 8 9 10 -12 -13 13 -15
leaf_value=-8.5857375639142257e-05 -7.0917469674624915e-05 0.0034168447056764977 0.00021836268985432318 -0.00055295070612125779 0.002226541502898464 -0.0010368895864892346 -0.00179571131696784 0.0017015685231147755 0.0018712651441954279 0.00064000430763377968 -0.0016761870988644659 0.0014259122637743683 -0.0023485250513388053 -5.3947405362337389e-05
leaf_weight=2224 3758 115 154 143 177 504 106 316 181 290 150 202 164 170
leaf_count=2224 3758 115 154 143 177 504 106 316 181 290 150 202 164 170
internal_value=3.37979e-05 0.000188252 0.00158574 -0.000103464 0.000984456 -0.000185148 8.94022e-05 0.000143452 0.000489673 0.00014274 -0.000176354 9.60125e-05 -0.0003345 -0.00118063
internal_weight=8654 4072 269 4582 320 4262 3803 3697 1473 1157 976 826 624 334
internal_count=8654 4072 269 4582 320 4262 3803 3697 1473 1157 976 826 624 334
cat_boundaries=0 1
cat_threshold=945815555
is_linear=0
shrinkage=0.03


Tree=210
num_leaves=15
num_cat=1
split_feature=24 25 23 30 30 0 31 1 36 27 27 31 31 38
split_gain=0.260788 0.277558 0.420072 0.319644 0.399182 0.362123 0.258792 0.348593 0.523838 0.716295 0.940621 0.65256 0.505604 0.401934
threshold=770.65416666668386 0.19000000000000003 19.500000000000004 64.050000000000011 42.250000000000007 8.5000000000000018 1.548166151126823 64.500000000000014 0 12.999716435185187 13.999311342592593 1.3881787869164817 0.85584415584415596 1.7584636155476543
decision_type=10 8 2 2 2 2 10 2 9 2 2 10 10 2
left_child=1 2 -1 4 -4 -5 7 8 9 -3 -11 -12 -10 -9
right_child=-2 6 3 5 -6 -7 -8 13 12 10 11 -13 -14 -15
leaf_value=0.0017804880257127648 0.0014100839309534859 -0.0014117449329312665 3.0951136299832297e-05 0.00033241074332701311 0.0024164251091881332 -0.0013398082190684067 4.9243613026754518e-05 -0.00042105303445505487 0.0028320794989464475 0.0023352851698291485 9.4119442291906399e-05 -0.0017939092001601237 3.7956859467907204e-05 -0.001936192793828259
leaf_weight=177 116 394 154 315 107 185 4755 543 102 144 935 200 136 222
leaf_count=177 116 394 154 315 107 185 4755 543 102 144 935 200 136 222
internal_value=-2.60703e-06 -2.21879e-05 0.000464089 0.000157909 0.0010089 -0.00028631 -8.35696e-05 -0.000319566 -0.000102926 -0.000291578 5.12126e-05 -0.000238573 0.00118562 -0.000860741
internal_weight=8485 8369 938 761 261 500 7431 2676 1911 1673 1279 1135 238 765
internal_count=8485 8369 938 761 261 500 7431 2676 1911 1673 1279 1135 238 765
cat_boundaries=0 1
cat_threshold=52
is_linear=0
shrinkage=0.03


Tree=211
num_leaves=15
num_cat=3
split_feature=5 38 37 27 27 27 27 31 31 35 23 31 31 35
split_gain=0.333155 0.210831 0.248929 0.245839 0.308123 0.250701 0.383313 0.671415 0.389402 0.378704 0.635312 0.338161 0.519338 0.500187
threshold=0.72080000000000011 1.0073962651787427 0 6.9996585648148155 8.9101967592592608 11.999675925925928 13.999334490740742 1.091356184798808 1.16811088898138 1 68.500000000000014 2.4757543249946594 2.6228785436617055 2
decision_type=2 2 9 2 2 2 2 8 10 1 2 8 10 1
left_child=1 -1 -3 -4 -5 -6 7 -7 -9 10 -10 -8 -13 -14
right_child=-2 2 3 4 5 6 11 8 9 -11 -12 12 13 -15
leaf_value=-0.00062455835635734282 0.0013646207260804854 0.00094634598510546987 -0.0011785876193164807 0.0012609623756899963 -0.0005228166217023522 -0.00081185739522509693 0.0002005627338522183 0.0024806939694840624 0.00024570824361448603 -6.765527963937031e-05 0.0033327257751847024 -0.0013287866344043452 0.00090036524873131547 -0.00032979090076638726
leaf_weight=368 185 298 138 200 595 199 3829 157 132 255 110 350 371 1348
leaf_count=368 185 298 138 200 595 199 3829 157 132 255 110 350 371 1348
internal_value=0.000105406 7.75072e-05 0.000109875 7.61045e-05 9.9151e-05 6.75198e-05 0.000119549 0.000713967 0.00117825 0.00076681 0.00158347 3.35813e-05 -0.000275443 -6.09755e-05
internal_weight=8535 8350 7982 7684 7546 7346 6751 853 654 497 242 5898 2069 1719
internal_count=8535 8350 7982 7684 7546 7346 6751 853 654 497 242 5898 2069 1719
cat_boundaries=0 1 2 3
cat_threshold=33563960 28 18
is_linear=0
shrinkage=0.03


Tree=212
num_leaves=15
num_cat=2
split_feature=0 37 28 38 1 31 31 1 37 23 23 31 30 17
split_gain=0.243319 0.510604 0.290949 0.55357 0.482623 0.441898 1.12396 0.848778 0.467813 0.435703 0.547437 0.427185 0.468956 0.480424
threshold=13.500000000000002 0 4.1058854166666672 1.4057423441957975 1.0000000180025095e-35 2.4757543249946594 2.6050267885282072 69.500000000000014 1 73.500000000000014 17.500000000000004 1.5558757604867117 121.50000000000001 1.0000000180025095e-35
decision_type=2 9 2 2 2 10 10 2 9 2 2 10 2 2
left_child=2 -2 4 11 9 -6 -7 -8 -9 10 -1 -4 -13 -14
right_child=1 -3 3 -5 5 6 7 8 -10 -11 -12 12 13 -15
leaf_value=0.001347459437350322 0.001233177667520067 -0.00095480172625301706 -0.00086617945569742003 0.00080515697512991151 -8.7238348038554723e-06 -0.0032293857029720169 -0.0009006926589422414 -0.00027179234041492843 0.002161598437860976 0.0022170190795419912 -0.00071625983072120603 0.0013587804370896273 -0.00046987090866704547 0.0011376200505580788
leaf_weight=226 110 503 426 1175 3506 138 689 134 145 137 237 263 689 221
leaf_count=226 110 503 426 1175 3506 138 689 134 145 137 237 263 689 221
internal_value=1.83582e-05 -0.000557638 6.25713e-05 0.000310778 -6.95328e-05 -0.000173658 -0.000696494 -0.0003354 0.00106061 0.00073084 0.000291085 -5.2508e-05 0.000242994 -7.94802e-05
internal_weight=8599 613 7986 2774 5212 4612 1106 968 279 600 463 1599 1173 910
internal_count=8599 613 7986 2774 5212 4612 1106 968 279 600 463 1599 1173 910
cat_boundaries=0 1 2
cat_threshold=2149580928 541067392
is_linear=0
shrinkage=0.03


Tree=213
num_leaves=15
num_cat=3
split_feature=37 38 30 31 38 18 29 0 30 37 38 28 38 37
split_gain=0.337735 0.577817 0.710417 0.616628 0.220697 0.567354 0.574999 0.665615 0.61838 0.394943 0.44707 0.38727 0.381614 0.325529
threshold=0 2.0025080201610339 53.500000000000007 1.5380656807169777 1.6483028889430995 1.0000000180025095e-35 3.5000000000000004 7.5000000000000009 265.77500000000003 1 1.6341997584885097 3.0785185185185191 1.7191567781258066 2
decision_type=9 2 2 10 2 2 2 2 2 9 2 2 2 9
left_child=1 2 3 -1 9 6 8 -8 11 -2 -11 13 -13 -6
right_child=4 -3 -4 -5 5 -7 7 -9 -10 10 -12 12 -14 -15
leaf_value=-0.00034093734046988436 -0.0012269313360773746 0.002652761563832793 -0.0015257415718185035 0.0021071743973080852 0.0011902801416152598 -0.0024632504840056356 -0.0025883767485325023 1.5383679618346776e-05 0.0017440039602442546 3.4126326762888474e-05 0.001894197480659149 0.0022034661484429158 -1.0538913750726925e-05 -0.0004798924256775242
leaf_weight=178 208 107 148 193 104 106 184 170 163 5115 119 111 190 1497
leaf_count=178 208 107 148 193 104 106 184 170 163 5115 119 111 190 1497
internal_value=-3.01261e-05 0.000635273 0.000231576 0.000932609 -8.31023e-05 -0.000315011 -0.000220875 -0.00133798 -2.93709e-05 2.43467e-05 7.62711e-05 -0.000181348 0.000805921 -0.000366962
internal_weight=8593 626 519 371 7967 2525 2419 354 2065 5442 5234 1902 301 1601
internal_count=8593 626 519 371 7967 2525 2419 354 2065 5442 5234 1902 301 1601
cat_boundaries=0 1 2 3
cat_threshold=1075840224 134221826 135266304
is_linear=0
shrinkage=0.03


Tree=214
num_leaves=15
num_cat=1
split_feature=33 21 28 0 37 31 31 29 21 27 27 30 24 31
split_gain=0.201237 0.550574 0.697158 0.408328 0.476468 0.4536 0.562161 0.416278 0.402916 0.598468 0.373788 0.297041 0.291337 0.257917
threshold=1.0000000180025095e-35 140.16666666666671 14.014756944444445 6.5000000000000009 0 2.0058608930058344 1.0133141338059373 1.5000000000000002 182.54166666666669 17.003738425925928 13.999484953703705 171.25000000000003 328.26683333333648 1.7149703331811961
decision_type=2 2 2 2 9 10 10 2 2 2 2 2 8 10
left_child=8 2 3 12 7 6 -6 -5 13 -10 -8 -9 -2 -1
right_child=1 -3 -4 4 5 -7 10 11 9 -11 -12 -13 -14 -15
leaf_value=-0.00034645991302013169 -4.1193377229487695e-05 -0.0012228796932040088 0.0028423092453329656 0.0026022572117140575 -0.00058346699057226022 -0.0012974470710614694 0.0027869423226397688 -0.00022786359106694178 -0.00064118871178943664 0.002411310646791745 0.0004124385484652932 0.0017701561970738466 -0.0017938588066984003 3.4714057725471504e-05
leaf_weight=2895 422 201 102 163 206 160 115 147 100 137 124 123 107 3565
leaf_count=2895 422 201 102 163 206 160 115 147 100 137 124 123 107 3565
internal_value=-1.47039e-05 0.000260453 0.000439092 0.000282661 0.000628378 7.1309e-05 0.000565048 0.00137337 -9.15358e-05 0.00112334 0.00155498 0.000682345 -0.000395702 -0.000136106
internal_weight=8567 1870 1669 1567 1038 605 445 433 6697 237 239 270 529 6460
internal_count=8567 1870 1669 1567 1038 605 445 433 6697 237 239 270 529 6460
cat_boundaries=0 1
cat_threshold=413141024
is_linear=0
shrinkage=0.03


Tree=215
num_leaves=15
num_cat=2
split_feature=27 6 35 0 38 38 21 38 37 30 30 30 30 23
split_gain=0.273319 0.233976 0.564222 0.574306 0.4588 0.591371 0.46612 0.442139 0.43994 0.326451 0.599585 0.47505 0.601336 0.476633
threshold=31.328431712962963 1.5000000000000002 0 10.500000000000002 1.4773522854726033 1.7627074056173453 82.733333333333348 1.3491908335397691 1 117.50000000000001 140.40000000000003 180.25000000000003 170.12500000000003 79.500000000000014
decision_type=2 2 1 2 2 2 2 2 9 2 2 2 2 2
left_child=1 9 4 8 7 6 -6 -3 -4 -1 -11 12 13 -12
right_child=-2 2 3 -5 5 -7 -8 -9 -10 10 11 -13 -14 -15
leaf_value=0.00017320961586335414 -0.0015113193991603058 0.0012946073226269008 -0.0014764640959231609 0.0012630127790510992 0.00097818194768658964 0.00027397465867627608 0.0036075292116201077 -0.0014918917210803447 0.0001381083225614616 -0.0011748869342750718 -0.00072389372900568002 -0.00032258694285121705 0.0017736468327009566 0.00090970192905616995
leaf_weight=3568 103 103 268 198 101 171 152 102 338 520 349 2033 245 298
leaf_count=3568 103 103 268 198 101 171 152 102 338 520 349 2033 245 298
internal_value=2.47309e-05 4.34632e-05 0.000392773 -0.000137984 0.00105659 0.00163677 0.00255787 -9.18459e-05 -0.000598012 -2.79128e-05 -0.000236216 -6.93414e-05 0.000507843 2.85197e-05
internal_weight=8549 8446 1433 804 629 424 253 205 606 7013 3445 2925 892 647
internal_count=8549 8446 1433 804 629 424 253 205 606 7013 3445 2925 892 647
cat_boundaries=0 1 2
cat_threshold=12 2451572864
is_linear=0
shrinkage=0.03


Tree=216
num_leaves=15
num_cat=1
split_feature=22 32 33 22 38 30 17 31 31 37 24 28 7 31
split_gain=0.312057 0.60798 0.547438 0.543491 0.56011 0.48237 0.379331 0.267827 0.264145 0.422738 0.711386 0.578106 0.572653 0.511975
threshold=6402.0500000000002 4.5000000000000009 1.0000000180025095e-35 7391.3750000000009 1.6693024123988318 113.50000000000001 3.5000000000000004 1.0741549409671685 1.548166151126823 0 170.43233333333259 3.6321701388888892 1.0000000180025095e-35 2.1229755687037861
decision_type=2 2 2 2 2 2 2 10 10 9 10 2 2 10
left_child=6 5 3 -3 7 -2 8 -5 -1 -10 11 12 -11 -12
right_child=1 2 -4 4 -6 -7 -8 -9 9 10 13 -13 -14 -15
leaf_value=-0.00017006171021212714 0.0021424467155399421 -0.0017527287448085693 -0.0021971110344932571 4.5760485700497002e-05 -0.0010226507097831927 -0.00051523553393781178 0.0018507280893390998 0.0020723196252320822 -0.00044815402423438623 -0.00057034748506848702 0.00064675418571273114 0.0012471393477574636 0.00089526041997979383 -0.00041048925611625276
leaf_weight=2799 126 188 205 107 192 120 108 130 752 450 598 975 514 1327
leaf_count=2799 126 188 205 107 192 120 108 130 752 450 598 975 514 1327
internal_value=1.74647e-05 -0.000462408 -0.00085398 -0.000407721 0.000181699 0.000846016 8.55896e-05 0.00115738 5.98802e-05 0.00019931 0.000325635 0.000732062 0.000211107 -8.20573e-05
internal_weight=8591 1068 822 617 429 246 7523 237 7415 4616 3864 1939 964 1925
internal_count=8591 1068 822 617 429 246 7523 237 7415 4616 3864 1939 964 1925
cat_boundaries=0 1
cat_threshold=2768281858
is_linear=0
shrinkage=0.03


Tree=217
num_leaves=15
num_cat=3
split_feature=37 1 31 37 26 20 26 28 29 24 23 36 21 22
split_gain=0.187251 0.260115 0.610489 0.484846 0.482947 0.311121 0.301081 0.469246 0.611437 0.57968 0.471611 0.458355 0.580838 0.750045
threshold=0 35.500000000000007 0.28611556982343506 1 0.06186224489795919 1.0000000180025095e-35 1.0000000180025095e-35 11.813281250000001 3.5000000000000004 144.58100000000096 95.500000000000014 2 91.450000000000003 1900.9126250000002
decision_type=9 2 10 9 10 2 8 2 2 10 2 9 2 2
left_child=-1 2 -2 -3 5 6 11 8 10 -9 -8 -4 13 -13
right_child=1 3 4 -5 -6 -7 7 9 -10 -11 -12 12 -14 -15
leaf_value=-0.00036123340011174845 0.0019109260065822064 0.0019190836158160069 -0.0004343569290269366 0.00015399278893139142 0.0014199152961373329 -0.0016225207782656753 -0.00050493247078310763 -0.0034565158912423298 -0.0019464093480465554 -0.00048338627995280414 0.00070871474663000982 0.00059934030784471572 -0.00040736981420477308 0.0034335796096658503
leaf_weight=1151 127 136 773 3635 157 149 780 101 176 142 457 356 310 110
leaf_count=1151 127 136 773 3635 157 149 780 101 176 142 457 356 310 110
internal_value=-6.96872e-06 4.8489e-05 -0.000132422 0.000223148 -0.000206334 -0.000282458 -0.000220159 -0.000501378 -0.000291955 -0.00171913 -5.656e-05 8.0486e-05 0.000591316 0.00126837
internal_weight=8560 7409 3638 3771 3511 3354 3205 1656 1413 243 1237 1549 776 466
internal_count=8560 7409 3638 3771 3511 3354 3205 1656 1413 243 1237 1549 776 466
cat_boundaries=0 1 2 3
cat_threshold=555336489 201326594 17
is_linear=0
shrinkage=0.03


Tree=218
num_leaves=15
num_cat=1
split_feature=24 38 30 38 30 31 22 25 37 21 38 38 24 22
split_gain=0.282149 0.549878 0.378285 0.529536 0.514964 0.31277 0.291952 0.283086 0.515188 0.390443 0.349728 0.396411 0.524383 0.691311
threshold=15.979166666666389 1.9855361078882079 60.500000000000007 1.7291312830872976 30.165000000000003 0.35714348202647267 1274.8447500000002 0.29772727272727278 0 37.583333333333336 1.4162197106192453 1.6919028817953892 45.290999999999777 5988.4640000000018
decision_type=8 2 2 2 2 8 2 10 9 2 2 2 10 2
left_child=1 2 4 -4 -1 6 -2 8 -7 -10 -9 12 -12 -14
right_child=5 -3 3 -5 -6 7 -8 10 9 -11 11 -13 13 -15
leaf_value=-0.0010142798501498057 0.000164028588767675 0.0012430355587479223 -0.0004811231943644595 -0.003066150264599575 0.00093231035948529385 0.0021116051149178061 0.0021650650388881807 -0.00033711753627236853 0.0012704471529934793 1.1409144551816203e-05 0.0015575381949562213 -0.00025510518937908803 3.7732504905830527e-06 0.0022273396338720847
leaf_weight=331 142 143 158 130 194 131 122 2430 265 1356 306 1334 1428 138
leaf_count=331 142 143 158 130 194 131 122 2430 265 1356 306 1334 1428 138
internal_value=1.34115e-05 -0.000472512 -0.000774263 -0.00164798 -0.000294968 7.41202e-05 0.00108875 3.78638e-05 0.000370934 0.000215904 -6.56739e-05 0.000140068 0.000421671 0.00019972
internal_weight=8608 956 813 288 525 7652 264 7388 1752 1621 5636 3206 1872 1566
internal_count=8608 956 813 288 525 7652 264 7388 1752 1621 5636 3206 1872 1566
cat_boundaries=0 1
cat_threshold=335546368
is_linear=0
shrinkage=0.03


Tree=219
num_leaves=15
num_cat=1
split_feature=38 30 30 21 30 17 10 17 5 13 17 37 25 5
split_gain=0.294864 0.205913 0.544598 0.417514 0.407894 0.826627 0.376505 0.637775 0.350527 0.433081 0.330639 0.982825 0.409539 0.290649
threshold=2.1247279273171897 194.10000000000002 199.10000000000002 190.00000000000003 169.12500000000003 1.0000000180025095e-35 1.0000000180025095e-35 1.5000000000000002 0.15470000000000003 1.0000000180025095e-35 1.5000000000000002 0 0.57409090909090921 0.045000000000000005
decision_type=2 2 2 2 2 2 2 2 2 2 2 9 10 2
left_child=1 3 -3 4 10 8 -4 -8 9 -6 13 -12 -13 -1
right_child=-2 2 6 -5 5 -7 7 -9 -10 -11 11 12 -14 -15
leaf_value=0.00016197781636989724 -0.0014869080097076859 -0.0022109977830023992 -0.0017754953354597093 0.0018616185194460322 -0.00081143466128341321 0.002494979998901027 -0.00024241128435842341 0.001685546099761268 -0.0011417798033751848 0.0015530803826110499 -0.0028195068226954103 0.0010049845000898968 -0.0012779959580506634 -0.00031710628583996411
leaf_weight=3207 131 126 126 111 113 173 1911 168 148 182 142 189 113 1768
leaf_count=3207 131 126 126 111 113 173 1911 168 148 182 142 189 113 1768
internal_value=-7.44796e-05 -5.26525e-05 -0.000292739 3.84053e-05 4.87143e-06 0.000736391 -0.000183124 -8.66167e-05 4.96278e-05 0.000647351 -7.82834e-05 -0.000862695 0.000145925 -8.2776e-06
internal_weight=8608 8477 2331 6146 6035 616 2205 2079 443 295 5419 444 302 4975
internal_count=8608 8477 2331 6146 6035 616 2205 2079 443 295 5419 444 302 4975
cat_boundaries=0 1
cat_threshold=270534660
is_linear=0
shrinkage=0.03


Tree=220
num_leaves=15
num_cat=1
split_feature=32 38 23 25 0 22 30 30 30 19 23 37 30 30
split_gain=0.323054 0.271379 0.467134 0.571365 0.797622 0.253841 0.278646 0.584708 0.548918 0.407329 0.419795 0.354506 0.344591 1.00376
threshold=18.500000000000004 1.5932057642721424 152.50000000000003 0.45972972972972981 7.5000000000000009 10353.798000000001 30.165000000000003 22.250000000000004 33.250000000000007 1.0000000180025095e-35 186.50000000000003 0 37.250000000000007 40.250000000000007
decision_type=2 2 2 10 2 2 2 2 2 2 2 9 2 2
left_child=5 -2 3 -3 -5 6 7 11 -8 10 12 -1 -10 -14
right_child=1 2 -4 4 -6 -7 8 -9 9 -11 -12 -13 13 -15
leaf_value=0.0011883952947298211 -0.000504097292368369 -0.00065369436306085581 -0.0011562523616731031 0.00012318736783285833 0.0034194833062647376 -0.00088790356096896258 0.0021440278438367801 -0.0013084094953708741 -0.0012086474249760309 -0.0010850392918695102 -0.001645780684865223 -0.00020754215064752317 0.0031330307026343819 0.00025408081135712629
leaf_weight=208 1809 162 158 147 120 231 131 353 135 220 104 651 112 4061
leaf_count=208 1809 162 158 147 120 231 131 353 135 220 104 651 112 4061
internal_value=-2.63415e-05 -0.000322225 0.000238263 0.00075186 0.00160467 8.78928e-05 0.000125618 -0.000280515 0.000228963 0.000174802 0.000237623 0.000141892 0.000283091 0.00033135
internal_weight=8602 2396 587 429 267 6206 5975 1212 4763 4632 4412 859 4308 4173
internal_count=8602 2396 587 429 267 6206 5975 1212 4763 4632 4412 859 4308 4173
cat_boundaries=0 1
cat_threshold=5265701
is_linear=0
shrinkage=0.03


Tree=221
num_leaves=15
num_cat=2
split_feature=30 30 37 32 35 30 30 31 1 22 30 32 1 0
split_gain=0.217878 0.601403 0.449786 0.377502 0.587867 0.370159 0.54612 0.314173 0.26952 0.249219 0.505338 0.443486 0.502064 0.383548
threshold=30.165000000000003 33.250000000000007 0 2.5000000000000004 1 37.250000000000007 40.250000000000007 1.3433035714285715 49.500000000000007 6402.0500000000002 260.75000000000006 4.5000000000000009 15.500000000000002 8.5000000000000018
decision_type=2 2 9 2 1 2 2 8 2 2 2 2 2 2
left_child=2 -2 7 4 -4 -3 -7 -1 -6 13 11 -11 -13 -8
right_child=1 5 3 -5 8 6 9 -9 -10 10 -12 12 -14 -15
leaf_value=-0.0026690546910389762 0.0020797609936987239 -0.0014218769927368791 0.002373265709090782 -0.00079660896340960001 0.00072867706493960453 0.0020459625120929558 -3.3425651098514397e-05 -0.00049449902922501718 -0.00067736454948317257 0.0006149510940162056 0.0013810032908982447 -0.0024908147182306456 -0.00054713845810079457 0.00047227155544470072
leaf_weight=113 137 146 104 358 230 128 3859 127 263 205 131 153 548 2076
leaf_count=113 137 146 104 358 230 128 3859 127 263 205 131 153 548 2076
internal_value=4.97928e-05 0.000110621 -0.000326016 -2.60983e-05 0.000435513 7.33902e-05 0.000104138 -0.00145762 -2.09764e-05 6.84877e-05 -0.000360608 -0.00061243 -0.000971365 0.000143462
internal_weight=8578 7383 1195 955 597 7246 7100 240 493 6972 1037 906 701 5935
internal_count=8578 7383 1195 955 597 7246 7100 240 493 6972 1037 906 701 5935
cat_boundaries=0 1 2
cat_threshold=540557320 12
is_linear=0
shrinkage=0.03


Tree=222
num_leaves=15
num_cat=1
split_feature=24 30 37 1 16 1 23 24 25 38 23 30 24 22
split_gain=0.243337 0.57605 0.466437 1.42513 0.43791 0.398957 0.286647 0.182484 0.204187 0.324378 0.804009 0.471681 0.391578 0.563338
threshold=7.486666666665756 28.165000000000003 0 28.500000000000004 1.0000000180025095e-35 49.500000000000007 29.500000000000004 770.65416666668386 0.36181818181818187 1.6030844264312401 72.500000000000014 152.50000000000003 95.085333333332684 1498.6875000000002
decision_type=8 2 9 2 2 2 2 10 10 2 2 2 10 2
left_child=1 6 3 -2 5 -3 -1 8 9 10 -4 -12 -11 -14
right_child=2 4 7 -5 -6 -7 -8 -9 -10 12 11 -13 13 -15
leaf_value=-0.00075362143610848244 -0.0008859826946239237 -0.0019962013397773776 0.00018273230914534239 0.0037190276870363147 0.0013439493282926202 0.00049274608782422138 -0.0030028354038834793 0.0012482730702514635 -0.00012188525451816627 0.00010898408961437165 0.0030585701021275695 0.00043935673616519105 -0.0029329938900211116 -3.5580207246087799e-05
leaf_weight=103 123 113 1328 119 154 119 101 106 4861 907 155 103 103 146
leaf_count=103 123 113 1328 119 154 119 101 106 4861 907 155 103 103 146
internal_value=1.0081e-05 -0.000577754 5.37011e-05 0.00132376 0.000103716 -0.000719543 -0.0018672 1.20986e-05 -5.1201e-06 0.00020188 0.000480454 0.00201292 -0.000180315 -0.00123411
internal_weight=8541 590 7951 242 386 232 204 7709 7603 2742 1586 258 1156 249
internal_count=8541 590 7951 242 386 232 204 7709 7603 2742 1586 258 1156 249
cat_boundaries=0 1
cat_threshold=135794752
is_linear=0
shrinkage=0.03


Tree=223
num_leaves=15
num_cat=2
split_feature=22 1 37 33 0 24 38 1 28 38 35 28 26 23
split_gain=0.294389 0.914954 0.32316 1.00405 0.678275 0.434637 0.463713 0.326975 0.730576 0.691614 0.675772 0.589253 0.597397 0.631375
threshold=10820.35 36.500000000000007 0 1.0000000180025095e-35 6.5000000000000009 2.6950000000000736 1.4897325055362927 18.500000000000004 4.1058854166666672 1.3304786427951076 1 8.6778009259259274 0.06186224489795919 141.50000000000003
decision_type=2 2 9 2 2 10 2 2 2 2 1 2 10 2
left_child=2 -2 3 4 -1 -6 -7 10 9 -9 -4 12 13 -12
right_child=1 -3 7 -5 5 6 -8 8 -10 -11 11 -13 -14 -15
leaf_value=0.0016033760859288152 0.00097747205037740045 -0.0029541814030687274 0.0025475149655186042 0.00305712768985402 -0.0022233388602195324 -0.001025357307396007 0.0014784943158615772 0.00040896395074882589 0.00028433693477570248 -0.00064318956145816681 5.6397057239270946e-06 -0.00091541154267774376 0.0026229624600048258 0.0017733046347607991
leaf_weight=182 100 114 101 126 109 160 114 704 2028 2793 1357 385 101 210
leaf_count=182 100 114 101 126 109 160 114 704 2028 2793 1357 385 101 210
internal_value=-1.82252e-05 -0.00111696 9.8667e-06 0.000626476 9.55074e-05 -0.000621025 1.63912e-05 -4.63748e-05 -0.000168667 -0.000431375 0.000267088 0.0001418 0.00038667 0.000242532
internal_weight=8584 214 8370 691 565 383 274 7679 5525 3497 2154 2053 1668 1567
internal_count=8584 214 8370 691 565 383 274 7679 5525 3497 2154 2053 1668 1567
cat_boundaries=0 1 2
cat_threshold=137404992 4
is_linear=0
shrinkage=0.03


Tree=224
num_leaves=15
num_cat=2
split_feature=0 31 37 13 37 31 1 7 28 21 24 1 17 7
split_gain=0.338653 0.373337 0.301465 0.420116 0.375473 0.411576 0.368247 0.611879 0.577654 0.383673 0.482172 0.432136 0.439312 0.373058
threshold=13.500000000000002 1.1585652028159574 0 1.0000000180025095e-35 1 1.6406667080513999 12.500000000000002 1.0000000180025095e-35 8.1187905092592612 35.500000000000007 176.42833333332604 22.500000000000004 2.5000000000000004 1.5000000000000002
decision_type=2 8 9 2 9 8 2 2 2 2 10 2 2 2
left_child=2 -2 3 -1 -5 -6 7 -4 -9 10 -8 -11 -13 -10
right_child=1 -3 6 4 5 -7 9 8 13 11 -12 12 -14 -15
leaf_value=0.00011064651912647604 -0.0018914918873735246 -0.00022980374099950914 0.002698714616967158 -9.7234028864151504e-05 -0.0032703061803777958 -0.00081655766176884522 0.0002532618813554519 0.00067034189515940154 0.00046933388211638542 -0.0008022040171061 0.0021946991783320406 -7.2099614895460167e-05 0.0017046578323844676 -0.0017827909611851946
leaf_weight=512 172 416 108 191 116 131 1071 1053 111 744 129 3424 130 164
leaf_count=512 172 416 108 191 116 131 1071 1053 111 744 129 3424 130 164
internal_value=-2.13464e-05 -0.000715876 3.04526e-05 -0.000467935 -0.00115495 -0.00189231 9.92664e-05 0.000527193 0.000350594 -1.23215e-05 0.000461966 -0.000144743 -7.10849e-06 -0.000873751
internal_weight=8472 588 7884 950 438 247 6934 1436 1328 5498 1200 4298 3554 275
internal_count=8472 588 7884 950 438 247 6934 1436 1328 5498 1200 4298 3554 275
cat_boundaries=0 1 2
cat_threshold=687898838 536903680
is_linear=0
shrinkage=0.03


Tree=225
num_leaves=15
num_cat=3
split_feature=17 31 31 37 32 30 1 38 37 38 30 1 37 24
split_gain=0.236831 0.200662 0.359839 0.466122 0.523369 0.364284 0.32146 0.43488 0.401711 0.344542 0.298061 0.291055 0.239494 0.30454
threshold=3.5000000000000004 1.0133141338059373 0.97209623732310757 0 6.5000000000000009 31.165000000000003 55.500000000000007 1.5656809208714537 1 1.7721088323550365 21.250000000000004 207.50000000000003 2 44.908166666670887
decision_type=2 8 10 9 2 2 2 2 9 2 2 2 9 8
left_child=1 2 3 4 5 -1 7 8 -5 -9 -8 12 -3 -14
right_child=-2 11 -4 6 -6 -7 10 9 -10 -11 -12 -13 13 -15
leaf_value=0.00012605009971470649 0.0013333561515435576 -0.00067553376810851036 -0.0019537057724157603 0.00026668100375607011 -0.00056689670070114815 0.0019716160084668247 -0.00056418220153819692 0.0017907865396910346 -0.0021530370380923739 -0.00052262627817172968 -0.0025320769423789534 0.0013681469085321833 0.00045106566750858048 -2.2354460613926341e-05
leaf_weight=177 125 369 109 114 283 211 147 125 129 108 131 156 1654 4692
leaf_count=177 125 369 109 114 283 211 147 125 129 108 131 156 1654 4692
internal_value=3.71335e-05 1.7856e-05 -0.000292373 -0.000165295 0.000408062 0.0011297 -0.000672037 -0.000207561 -0.00109549 0.000718475 -0.0014915 8.71167e-05 5.73564e-05 0.000100877
internal_weight=8530 8405 1534 1425 671 388 754 476 243 233 278 6871 6715 6346
internal_count=8530 8405 1534 1425 671 388 754 476 243 233 278 6871 6715 6346
cat_boundaries=0 1 2 3
cat_threshold=2690687109 33556512 134492931
is_linear=0
shrinkage=0.03


Tree=226
num_leaves=15
num_cat=1
split_feature=37 1 31 1 0 32 32 7 38 25 1 25 24 24
split_gain=0.27545 0.295421 0.27215 0.448779 0.364024 0.333278 0.324724 0.411249 0.479035 0.299492 0.509142 0.290262 0.274033 0.479552
threshold=0 24.500000000000004 5.1020956475013444 89.500000000000014 11.500000000000002 22.500000000000004 4.5000000000000009 1.0000000180025095e-35 1.5327642771159449 0.30384615384615393 25.500000000000004 0.5594117647058825 290.64533333333651 195.64700000000801
decision_type=9 2 10 2 2 2 2 2 2 10 2 10 10 10
left_child=1 -1 4 5 12 11 7 -6 -9 -8 -11 -4 13 -2
right_child=2 -3 3 -5 6 -7 9 8 -10 10 -12 -13 -14 -15
leaf_value=-0.00019990365304569792 0.0001641905364847458 0.0017423935736080498 -0.0011309387644215082 0.001078220601641358 -0.00078072983572761024 -0.0021694297049427401 0.00012455749873188323 -0.00034116460068617016 0.0024924836170582753 -0.0029688435221599981 -0.00070121221675775475 0.00065259684245426984 0.00054652300135035259 -0.0006530870752960681
leaf_weight=118 4554 175 226 117 195 150 200 104 111 118 364 129 1222 753
leaf_count=118 4554 175 226 117 195 150 200 104 111 118 364 129 1222 753
internal_value=4.01534e-05 0.000928483 7.44207e-06 -0.000595932 5.66972e-05 -0.000983805 -0.000450285 0.000216932 0.00112179 -0.000851398 -0.00125636 -0.000482837 0.000141492 4.82286e-05
internal_weight=8536 293 8243 622 7621 505 1092 410 215 682 482 355 6529 5307
internal_count=8536 293 8243 622 7621 505 1092 410 215 682 482 355 6529 5307
cat_boundaries=0 1
cat_threshold=134218820
is_linear=0
shrinkage=0.03


Tree=227
num_leaves=15
num_cat=0
split_feature=32 28 22 38 0 27 24 24 26 31 22 24 32 25
split_gain=0.243935 0.500219 0.401625 0.420083 0.352939 0.500494 0.480346 0.611755 0.459056 0.601571 0.488263 0.454452 1.05228 0.427586
threshold=26.500000000000004 25.616458333333338 1240.1218750000005 1.4468374558644539 5.5000000000000009 13.999380787037039 120.45833333333286 76.205833333332421 0.03509852216748769 1.7614762638217427 1016.9160000000002 52.772333333333087 7.5000000000000009 0.37750000000000006
decision_type=2 2 2 2 2 2 8 10 10 8 2 10 2 10
left_child=1 4 -2 -4 5 11 7 -7 9 13 -11 -1 -13 -8
right_child=2 -3 3 -5 -6 6 8 -9 -10 10 -12 12 -14 -15
leaf_value=0.00071329631569522732 5.4288394048181271e-05 0.0021033511271212843 -0.00015362598046732062 -0.0022946487844788602 -7.9623965518302089e-05 0.00088679893702699663 0.00046082587755965786 0.0034128806835634273 -0.0011081586865078531 -0.0014592580033008587 0.00069623988040856438 0.00020132356932770241 -0.0033773098332237385 0.003083925258102711
leaf_weight=205 514 107 156 175 5696 414 104 109 176 145 272 204 116 121
leaf_count=205 514 107 156 175 5696 414 104 109 176 145 272 204 116 121
internal_value=1.32008e-05 6.65037e-05 -0.000470562 -0.00128559 3.76829e-05 0.000395764 0.000703183 0.00141327 0.000249181 0.000621286 -5.32738e-05 -0.000389471 -0.00109593 0.00187147
internal_weight=8514 7669 845 331 7562 1866 1341 523 818 642 417 525 320 225
internal_count=8514 7669 845 331 7562 1866 1341 523 818 642 417 525 320 225
is_linear=0
shrinkage=0.03


Tree=228
num_leaves=15
num_cat=0
split_feature=17 38 28 17 22 31 27 27 24 22 27 1 30 24
split_gain=0.251376 0.237518 0.273823 0.281184 0.255958 0.273086 0.222191 0.226171 0.209053 0.413647 0.256835 0.567623 0.589324 0.505929
threshold=3.5000000000000004 1.191934628319619 2.6342824074074076 1.0000000180025095e-35 147.65000000000003 1.5558757604867117 24.683640046296301 29.5983275462963 571.78549999999711 1479.67975 17.003738425925928 111.50000000000001 40.250000000000007 1.8535000000000084
decision_type=2 2 2 2 2 10 2 2 10 2 2 2 2 8
left_child=1 2 4 6 -1 -6 -4 -8 10 -10 13 12 -12 -3
right_child=-2 8 3 -5 5 -7 7 -9 9 -11 11 -13 -14 -15
leaf_value=-0.00049506822935578597 0.0014147432173100944 -0.0017582104319585955 -0.00053463208895787042 0.00041587615697911436 0.0020629556302870201 -5.0967996021923184e-05 -0.0025786312854615967 -0.00064683745214715602 0.00071251510538988642 -0.0017091542458866251 0.0023042026809562233 0.0019156271556151569 0.00013779449479720966 7.9520989846064067e-05
leaf_weight=191 124 139 444 180 110 110 120 100 108 154 120 206 1940 4488
leaf_count=191 124 139 444 180 110 110 120 100 108 154 120 206 1940 4488
internal_value=7.385e-05 5.40794e-05 -0.000326596 -0.000635828 0.00030842 0.00100599 -0.000920928 -0.00170054 0.000120851 -0.000710909 0.000152465 0.000414142 0.000263993 2.43136e-05
internal_weight=8534 8410 1255 844 411 220 664 220 7155 262 6893 2266 2060 4627
internal_count=8534 8410 1255 844 411 220 664 220 7155 262 6893 2266 2060 4627
is_linear=0
shrinkage=0.03


Tree=229
num_leaves=15
num_cat=2
split_feature=38 5 37 1 1 7 30 28 30 31 38 37 24 31
split_gain=0.319652 0.378814 0.361308 0.59859 0.826489 0.575418 0.446208 0.513293 0.389123 0.387887 0.350366 0.619727 0.618082 0.699495
threshold=1.6730940035018012 0.5192500000000001 0 12.500000000000002 81.500000000000014 1.0000000180025095e-35 200.60000000000002 2.265405092592593 265.77500000000003 2.7082911712623328 1.515334424059211 1 53.943333333333584 3.0695184816355225
decision_type=2 2 9 2 2 2 2 2 2 8 2 9 10 10
left_child=10 2 8 -4 6 -6 7 9 -2 -5 11 -1 -12 -14
right_child=1 -3 3 4 5 -7 -8 -9 -10 -11 12 -13 13 -15
leaf_value=7.6930404873608134e-05 -0.00078830515984576292 -0.0019104711810315964 0.0021153812372262308 -0.0013321324054613312 7.2212281833904297e-05 0.0025546858665790964 -0.0024313465214187376 0.0015649609292838907 0.0010353510558669423 0.00056936688979880665 0.0012656313087791205 -0.0008552078728458006 -0.00042851177747216972 0.0014653451350699117
leaf_weight=3688 1142 133 121 339 208 141 114 101 116 135 533 767 774 227
leaf_count=3688 1142 133 121 339 208 141 114 101 116 135 533 767 774 227
internal_value=-7.04235e-05 -0.00035172 -0.000265946 0.000117495 -0.000114268 0.00107516 -0.00071675 -0.000376813 -0.000615255 -0.000790566 4.93469e-05 -8.52992e-05 0.000440382 9.64266e-07
internal_weight=8539 2550 2417 1159 1038 349 689 575 1258 474 5989 4455 1534 1001
internal_count=8539 2550 2417 1159 1038 349 689 575 1258 474 5989 4455 1534 1001
cat_boundaries=0 1 2
cat_threshold=545277960 2261007201
is_linear=0
shrinkage=0.03


Tree=230
num_leaves=15
num_cat=2
split_feature=30 38 37 38 23 24 23 21 32 38 38 0 31 35
split_gain=0.333367 0.301497 0.355491 0.599074 0.3463 0.511456 0.410997 0.730792 0.534523 0.4674 0.421607 0.38957 0.464037 0.339981
threshold=387.75000000000006 1.734941182633164 0 1.775397581923065 114.50000000000001 122.76233333333396 130.50000000000003 105.28333333333335 15.500000000000002 1.5499976981119348 1.4191287053647768 9.5000000000000018 2.6397879858657247 1
decision_type=2 2 9 2 2 10 2 2 2 2 2 2 8 1
left_child=1 4 -3 -4 -1 11 10 8 -8 -10 -7 12 -6 -5
right_child=-2 2 3 13 5 6 7 -9 9 -11 -12 -13 -14 -15
leaf_value=-0.00010065499064274239 0.0016371125596476932 0.0011893796529774824 -0.0017292017858122307 -0.0013138935689200112 0.0017304084245480741 -3.631591548919531e-05 -0.00089594367811050108 -0.0021617851251636276 0.00025918628063251111 0.0025528802250183238 0.0024768983526155352 0.0022712281423951743 -0.00058039990482211578 -7.3773505062131142e-05
leaf_weight=4885 104 111 299 225 153 127 282 149 370 102 114 190 160 1326
leaf_count=4885 104 111 299 225 153 127 282 149 370 102 114 190 160 1326
internal_value=-5.10848e-05 -7.17574e-05 -0.000397982 -0.000496967 2.61799e-05 0.000402372 5.18225e-05 -0.000241937 0.000137449 0.000754857 0.00115251 0.00119965 0.000549165 -0.000262622
internal_weight=8597 8493 1961 1850 6532 1647 1144 903 754 472 241 503 313 1551
internal_count=8597 8493 1961 1850 6532 1647 1144 903 754 472 241 503 313 1551
cat_boundaries=0 1 2
cat_threshold=2282749952 16
is_linear=0
shrinkage=0.03


Tree=231
num_leaves=15
num_cat=3
split_feature=24 30 1 37 22 25 25 30 30 30 21 36 37 30
split_gain=0.224116 0.47865 0.968899 0.573193 0.503833 0.42358 0.367532 0.29011 1.05932 0.579568 0.506082 0.576365 0.432082 0.389593
threshold=75.343166666665937 148.50000000000003 42.500000000000007 0 1208.8000000000004 0.40833333333333338 0.65500000000000014 71.250000000000014 81.500000000000014 64.050000000000011 81.208333333333343 1 2 125.37500000000001
decision_type=8 2 2 9 2 10 8 2 2 2 2 9 9 2
left_child=1 6 3 -3 -4 -6 7 9 -9 -1 11 12 -10 -14
right_child=-2 2 4 -5 5 -7 -8 8 10 -11 -12 -13 13 -15
leaf_value=-0.00016653247683749576 0.00013057977197315527 -0.0030363122977197484 0.0018396590396784424 -0.00079867218518320812 0.00088735681870750691 -0.0013104768045741366 0.0017877345032860884 0.0024801972297249001 -0.001077540167242599 -0.0024166877272324889 -0.0010955841779159228 0.0022498942710399584 0.0011475219117749432 -0.00083679610110753337
leaf_weight=1433 4674 178 124 284 134 192 101 171 215 111 305 111 298 127
leaf_count=1433 4674 178 124 284 134 192 101 171 215 111 305 111 298 127
internal_value=-8.36924e-06 -0.000179999 -0.000778755 -0.0017438 0.000212027 -0.000407073 1.01349e-05 -5.46567e-05 0.000289682 -0.000328299 -6.50323e-05 0.000353501 -1.03971e-05 0.000541812
internal_weight=8458 3784 912 462 450 326 2872 2771 1227 1544 1056 751 640 425
internal_count=8458 3784 912 462 450 326 2872 2771 1227 1544 1056 751 640 425
cat_boundaries=0 1 2 3
cat_threshold=12584960 49 8388608
is_linear=0
shrinkage=0.03


Tree=232
num_leaves=15
num_cat=1
split_feature=24 31 31 31 28 29 29 1 35 1 5 1 24 24
split_gain=0.214991 0.4642 0.705387 0.6301 0.37383 0.559726 0.472903 0.455484 0.324584 0.461102 0.536426 0.270852 0.193472 0.530414
threshold=302.92683333333349 2.1097505018640668 1.9075202752519049 2.2263297191155131 2.7889699074074081 2.5000000000000004 3.5000000000000004 38.500000000000007 0 13.500000000000002 0.23305000000000003 27.500000000000004 116.65266666666663 86.438000000000699
decision_type=10 8 10 10 2 2 2 2 1 2 2 2 10 10
left_child=12 2 8 -3 6 -6 11 -7 9 -2 -11 -5 13 -1
right_child=1 3 -4 4 5 7 -8 -9 -10 10 -12 -13 -14 -15
leaf_value=-9.6405844995723481e-05 -0.00083180618684684088 -0.0020593088693612325 0.0030778349160927492 0.00066144018347899449 -0.0023862642557908069 0.0015352103221530635 -0.00041629266824002556 -0.0010574832559650529 -0.0010078930688984188 0.002750671244376301 -2.3550788492821483e-06 0.0026813044397858902 -0.00032253763405890512 0.00093792010351864013
leaf_weight=4291 102 130 114 119 102 124 164 120 101 146 113 120 2322 498
leaf_count=4291 102 130 114 119 102 124 164 120 101 146 113 120 2322 498
internal_value=-2.98256e-05 0.000302433 0.000964383 -0.000131337 0.000203291 -0.000520031 0.000824307 0.000260115 0.000442882 0.000853066 0.00154954 0.0016756 -9.78098e-05 1.1152e-05
internal_weight=8566 1455 576 879 749 346 403 244 462 361 259 239 7111 4789
internal_count=8566 1455 576 879 749 346 403 244 462 361 259 239 7111 4789
cat_boundaries=0 1
cat_threshold=24
is_linear=0
shrinkage=0.03


Tree=233
num_leaves=15
num_cat=3
split_feature=24 38 37 32 37 30 23 37 5 38 13 24 31 5
split_gain=0.254455 0.93758 0.230826 0.388617 0.884616 0.396982 0.326973 0.41555 0.417414 0.436838 0.401103 0.467856 0.522129 0.431609
threshold=3.2871666666666903 1.8292800565218081 0 4.5000000000000009 1 129.25000000000003 109.50000000000001 2 0.12770000000000001 1.59949202993294 0.50000000000000011 246.96533333333753 1.783196239717979 0.23305000000000003
decision_type=8 2 9 2 9 2 2 9 2 2 2 10 10 2
left_child=1 -1 -2 4 -4 -6 7 -5 -9 -10 11 -8 -13 -14
right_child=2 -3 3 6 5 -7 10 8 9 -11 -12 12 13 -15
leaf_value=-0.0022690107767285904 -0.00017881445090715408 0.00083866938434855505 0.0031096016995446835 -0.0019386618547732315 0.00054592448043315088 -0.0011867199597569802 -1.1303635236187523e-05 0.00019489150254046802 -0.0015303580126478152 0.00027636053249558529 -0.00051467055736758498 0.0028549308199378219 6.4212403599826331e-05 0.0018539802061387563
leaf_weight=187 3427 164 105 124 1005 135 753 921 329 190 467 122 352 185
leaf_count=187 3427 164 105 124 1005 135 753 921 329 190 467 122 352 185
internal_value=-2.61675e-05 -0.000816989 8.03805e-06 0.000144703 0.000599238 0.00033778 -1.92382e-05 -0.000339683 -0.00018723 -0.000868939 0.000247487 0.00049956 0.00108329 0.000680799
internal_weight=8466 351 8115 4688 1245 1140 3443 1564 1440 519 1879 1412 659 537
internal_count=8466 351 8115 4688 1245 1140 3443 1564 1440 519 1879 1412 659 537
cat_boundaries=0 1 2 3
cat_threshold=2243974027 137364480 137363456
is_linear=0
shrinkage=0.03


Tree=234
num_leaves=15
num_cat=2
split_feature=5 31 23 22 31 22 36 16 22 23 35 31 38 38
split_gain=0.1893 0.1748 0.259838 0.488824 0.307723 0.341049 0.370267 0.354677 0.340095 0.301318 0.562287 0.615676 0.868087 0.643391
threshold=0.91665000000000008 8.173220338983052 137.00000000000003 4828.3540000000012 1.1025975288833789 3478.5500000000006 0 1.0000000180025095e-35 1642.0350000000003 115.50000000000001 1 1.7085313261190753 1.431278643817594 1.7918911053400099
decision_type=2 10 2 2 10 2 9 2 2 2 1 10 2 2
left_child=1 2 9 4 -4 6 7 -6 -8 -1 11 13 -13 -11
right_child=-2 -3 3 -5 5 -7 8 -9 -10 10 -12 12 -14 -15
leaf_value=-7.09088576837119e-05 0.0010707858487212498 0.00072003483985934183 -0.0014190383321951111 -0.0015318365413981643 0.0012692356531471504 0.0015546781887887451 -8.1692133208666486e-05 -0.00023078672382897429 -0.0024629095316949217 0.00090827714743044001 -0.0013781846771378679 -9.263582457550706e-05 0.0028690866371451885 -0.0019373395984891703
leaf_weight=5831 137 255 155 293 190 115 106 560 110 201 109 147 226 111
leaf_count=5831 137 255 155 293 190 115 106 560 110 201 109 147 226 111
internal_value=-3.53976e-05 -5.34196e-05 -7.76079e-05 -0.000430122 -0.000168955 1.02893e-05 -0.000173566 0.000147256 -0.00123708 3.74968e-06 0.000552029 0.00086664 0.00170187 -0.000104106
internal_weight=8546 8409 8154 1529 1236 1081 966 750 216 6625 794 685 373 312
internal_count=8546 8409 8154 1529 1236 1081 966 750 216 6625 794 685 373 312
cat_boundaries=0 1 2
cat_threshold=36 11
is_linear=0
shrinkage=0.03


Tree=235
num_leaves=15
num_cat=1
split_feature=38 23 24 1 37 1 1 23 38 28 31 0 24 23
split_gain=0.205128 0.806827 0.372108 1.00971 0.294091 0.928092 0.203384 0.55026 0.484187 0.698194 0.402085 0.47449 0.50847 0.385096
threshold=2.0814296770522973 82.500000000000014 3.7850000000000006 28.500000000000004 0 34.500000000000007 14.500000000000002 143.50000000000003 1.8127161312414042 0.93167824074074079 1.2358579214433381 4.5000000000000009 56.879833333333302 58.500000000000007
decision_type=2 2 8 2 9 2 2 2 2 2 10 2 10 2
left_child=2 -2 3 -1 5 -4 7 8 9 10 -6 -12 -13 -14
right_child=1 -3 4 -5 6 -7 -8 -9 -10 -11 11 12 13 -15
leaf_value=0.0010351352315774421 0.0028185497306269379 -0.0008920500412905397 -0.0010228041582414447 -0.0024193123898263325 0.0017525239931250503 0.0026999843117031875 -8.6749388563429132e-05 0.0017367071595022598 -0.0016231811202905031 -0.00050795498016604059 -0.00126184754339712 -0.00094782003228153502 0.00054413810591487323 0.0027227723817668447
leaf_weight=128 104 107 107 188 279 138 6001 206 136 619 126 105 170 128
leaf_count=128 104 107 107 188 279 138 6001 206 136 619 126 105 170 128
internal_value=1.31075e-05 0.000936871 -1.02887e-05 -0.00102004 2.95219e-05 0.00103199 -3.41125e-06 0.000279278 8.71925e-05 0.000250199 0.000831013 0.000344999 0.000847388 0.00147993
internal_weight=8542 211 8331 316 8015 245 7770 1769 1563 1427 808 529 403 298
internal_count=8542 211 8331 316 8015 245 7770 1769 1563 1427 808 529 403 298
cat_boundaries=0 1
cat_threshold=134218880
is_linear=0
shrinkage=0.03


Tree=236
num_leaves=15
num_cat=0
split_feature=30 30 27 30 24 0 30 17 30 27 30 30 30 26
split_gain=0.254008 0.245949 0.238735 0.236764 0.646529 0.365037 0.364801 0.455239 0.361168 0.293342 0.355242 0.360439 0.534643 0.444027
threshold=9.1250000000000018 6.2500000000000009 13.999693287037038 30.165000000000003 9.0368333333314528 8.5000000000000018 26.165000000000003 1.0000000180025095e-35 33.250000000000007 6.9996585648148155 62.500000000000007 37.250000000000007 40.250000000000007 0.06186224489795919
decision_type=2 2 2 2 10 2 2 2 2 2 2 2 2 10
left_child=1 2 -1 4 5 -2 7 -6 -5 -10 11 -11 -13 -14
right_child=3 -3 -4 8 6 -7 -8 -9 9 10 -12 12 13 -15
leaf_value=-0.00044470413627135236 -0.00061780021229214898 0.0018139465787325895 0.0013219344731081615 0.0015189735204912723 0.0010578866728529748 -0.0029574682829570519 -0.0015609043523565761 -0.00098803145898671897 -0.0015306855415159804 -0.0009980394545082863 -0.0001121536195725206 0.0027267686466379 0.00011501110262442317 0.0019318976011887495
leaf_weight=184 113 123 110 135 297 128 108 146 118 130 5998 103 686 147
leaf_count=184 113 123 110 135 297 128 108 146 118 130 5998 103 686 147
internal_value=-3.45485e-05 0.000687536 0.000216283 -7.16813e-05 -0.000564401 -0.00186045 2.47201e-06 0.000383611 -1.83488e-05 -4.72459e-05 -2.24659e-05 0.000482175 0.00068776 0.000435638
internal_weight=8526 417 294 8109 792 241 551 443 7317 7182 7064 1066 936 833
internal_count=8526 417 294 8109 792 241 551 443 7317 7182 7064 1066 936 833
is_linear=0
shrinkage=0.03


Tree=237
num_leaves=15
num_cat=1
split_feature=37 23 24 26 25 23 24 21 0 23 5 33 23 21
split_gain=0.153014 0.318363 0.398931 0.315788 0.280823 0.781518 0.27347 0.25312 0.39047 0.548525 0.346633 0.243017 0.644 0.626601
threshold=0 96.500000000000014 136.90299999999817 0.036375661375661381 0.17000000000000001 58.500000000000007 318.34849999999631 4.7500000000000009 11.500000000000002 69.500000000000014 0.18465000000000001 1.0000000180025095e-35 63.500000000000007 182.54166666666669
decision_type=9 2 10 8 10 2 10 2 2 2 2 2 2 2
left_child=4 3 -3 6 5 -1 -2 -6 11 -10 -11 13 -13 -9
right_child=1 2 -4 -5 7 -7 -8 8 9 10 -12 12 -14 -15
leaf_value=0.0021543922849712334 7.9189512214043333e-05 0.00038712137849070133 -0.0020114735885192244 -0.0004870872374793015 0.0010772574904425809 -0.00054881095278503018 0.0014853773180353031 -6.2175421023870478e-05 -0.0023545711050025168 0.00043638708281239658 -0.0014424658994405314 -0.0012203001227197689 0.001095747921255327 0.0019623214189293018
leaf_weight=211 2182 100 166 963 219 177 132 3093 138 276 130 134 558 144
leaf_count=211 2182 100 166 963 219 177 132 3093 138 276 130 134 558 144
internal_value=3.99078e-05 -0.000111285 -0.00110975 -3.05779e-05 0.000145289 0.00092123 0.000159404 8.1433e-05 3.2677e-05 -0.000720604 -0.000165216 0.000136975 0.000647265 2.78856e-05
internal_weight=8623 3543 266 3277 5080 388 2314 4692 4473 544 406 3929 692 3237
internal_count=8623 3543 266 3277 5080 388 2314 4692 4473 544 406 3929 692 3237
cat_boundaries=0 1
cat_threshold=447220876
is_linear=0
shrinkage=0.03


Tree=238
num_leaves=15
num_cat=3
split_feature=30 30 17 30 27 38 38 22 25 37 17 37 37 22
split_gain=0.242847 0.665118 0.813477 0.54993 0.545829 0.522469 0.402458 0.369348 0.446369 0.341345 0.323991 0.536418 0.439693 0.521052
threshold=194.10000000000002 160.02500000000003 1.0000000180025095e-35 199.10000000000002 18.333043981481485 1.2518215528079846 1.9606657237512668 1745.6500000000003 0.47913043478260875 0 1.5000000000000002 1 2 9979.5000000000018
decision_type=2 2 2 2 2 2 2 2 10 9 2 9 9 2
left_child=1 10 5 -2 -4 -3 9 8 -7 -5 12 -12 -1 -14
right_child=3 2 4 6 -6 7 -8 -9 -10 -11 11 -13 13 -15
leaf_value=-0.0002390009014224746 -0.0023063016789762868 -0.001168755839455421 0.00089011209782167164 -0.00017324308496126966 0.003727930319470689 0.0030432940652559792 0.0016341946675841297 6.2561351118220947e-07 0.00038594257689135913 -0.0018241713311290368 -0.0017528214267175644 0.00028560533825504152 0.00045512154792867857 -0.0014052224988057597
leaf_weight=2669 115 167 122 2000 122 109 105 259 119 110 240 218 2068 145
leaf_count=2669 115 167 122 2000 122 109 105 259 119 110 240 218 2068 145
internal_value=-2.22529e-05 7.53592e-05 0.000830765 -0.000283585 0.00230902 0.000279245 -0.000178568 0.000775787 0.00165634 -0.000268777 -5.16735e-05 -0.000814601 1.98998e-05 0.000331729
internal_weight=8568 6238 898 2330 244 654 2215 487 228 2110 5340 458 4882 2213
internal_count=8568 6238 898 2330 244 654 2215 487 228 2110 5340 458 4882 2213
cat_boundaries=0 1 2 3
cat_threshold=2415921152 337660036 683776787
is_linear=0
shrinkage=0.03


Tree=239
num_leaves=15
num_cat=1
split_feature=37 1 30 30 21 31 30 21 38 28 28 32 24 38
split_gain=0.267715 0.293818 0.501049 0.968189 0.451798 0.278303 0.216703 0.210181 0.200298 0.188091 0.439836 0.410784 0.489107 0.477813
threshold=0 129.50000000000003 167.50000000000003 71.250000000000014 63.500000000000007 0.46316937957065346 9.1250000000000018 6.166666666666667 1.1659161292103 6.3179513888888899 8.3192303240740753 30.500000000000004 343.21749999999776 1.4191287053647768
decision_type=9 2 2 2 2 10 2 2 2 2 2 2 10 2
left_child=1 2 3 5 -5 -1 8 -7 -2 -8 -11 12 13 -12
right_child=6 -3 -4 4 -6 7 9 -9 -10 10 11 -13 -14 -15
leaf_value=-0.0022040312299716541 -0.00020385918756159405 0.0011556831999135057 -0.001856365475422618 0.0025526943713456633 0.00029015667385704039 0.00056165456981398156 -3.2684790025541101e-05 -0.000824318359998154 0.0014191040127032185 0.0011033851708799143 -0.00048064999955842636 -0.0015237158446754784 0.0014494641878344636 0.00069341552231953546
leaf_weight=110 102 109 198 124 221 120 4685 549 208 483 789 133 243 516
leaf_count=110 102 109 198 124 221 120 4685 549 208 483 789 133 243 516
internal_value=3.42019e-05 -0.00033902 -0.000464824 -0.000219695 0.00110336 -0.000805643 0.000109126 -0.000575713 0.000885097 7.41629e-05 0.000305485 7.62256e-05 0.000213688 -1.64218e-05
internal_weight=8590 1431 1322 1124 345 779 7159 669 310 6849 2164 1681 1548 1305
internal_count=8590 1431 1322 1124 345 779 7159 669 310 6849 2164 1681 1548 1305
cat_boundaries=0 1
cat_threshold=741147257
is_linear=0
shrinkage=0.03


Tree=240
num_leaves=15
num_cat=1
split_feature=37 32 30 28 28 1 23 23 30 16 24 1 23 24
split_gain=0.243587 0.343337 0.775169 0.432111 0.57837 0.468661 0.490159 0.594021 0.399096 0.347815 0.433809 0.333185 0.716142 0.456579
threshold=0 22.500000000000004 318.05000000000007 3.6321701388888892 8.3192303240740753 26.500000000000004 69.500000000000014 131.50000000000003 171.25000000000003 1.0000000180025095e-35 141.45299999999978 57.500000000000007 18.500000000000004 159.31983333333397
decision_type=9 2 2 2 2 2 2 2 2 2 10 2 2 10
left_child=1 2 3 -1 -5 8 -7 -8 -6 -3 -11 -2 -13 -14
right_child=11 9 -4 4 5 6 7 -9 -10 10 -12 12 13 -15
leaf_value=3.843358376046119e-05 -0.00029484769867887419 -0.0014696545207463657 0.0029412450814518226 0.0017098630894814911 0.0006843293738304911 -0.00081096498589662807 0.0024936504056319022 -0.00012438060884596778 -0.0017382847089274767 0.0017980014803983708 -0.00033246514158176454 0.0023195324106769551 -0.0002179224707529397 0.001180799029023127
leaf_weight=2266 2785 186 101 380 102 118 195 130 153 102 549 138 1093 260
leaf_count=2266 2785 186 101 380 102 118 195 130 153 102 549 138 1093 260
internal_value=5.92927e-05 0.000218934 0.000351857 0.000273649 0.00076808 0.000255362 0.000845143 0.00144644 -0.000769239 -0.000325547 1.34069e-06 -0.000100849 0.000260841 5.08636e-05
internal_weight=8558 4282 3445 3344 1078 698 443 325 255 837 651 4276 1491 1353
internal_count=8558 4282 3445 3344 1078 698 443 325 255 837 651 4276 1491 1353
cat_boundaries=0 1
cat_threshold=45919592
is_linear=0
shrinkage=0.03


Tree=241
num_leaves=15
num_cat=3
split_feature=31 31 37 25 30 36 33 25 38 24 21 2 37 30
split_gain=0.261192 0.380787 0.509541 0.509882 0.477526 0.327124 0.296791 0.291629 0.289388 0.271637 0.223627 0.222491 0.274498 0.31453
threshold=1.0133141338059373 0.97209623732310757 0 0.15000000000000005 42.250000000000007 1 1.0000000180025095e-35 0.33666666666666673 2.0814296770522973 71.978666666666115 84.950000000000003 1.0000000180025095e-35 2 181.10000000000002
decision_type=8 10 9 10 2 9 2 10 2 10 2 2 9 2
left_child=1 2 5 -4 6 7 9 -1 11 -5 -7 12 -2 -14
right_child=8 -3 3 4 -6 10 -8 -9 -10 -11 -12 -13 13 -15
leaf_value=-0.0012748972190685941 -0.00073069189364058948 -0.0021367556639862333 0.0017980669302029711 0.00010540671502894838 -0.0010756613512112043 -0.0030155597341298642 -0.00083051821322269019 0.0007167979576124632 0.0012620862465865805 0.0017791019300975675 -0.0010467547501903027 -0.00046534545521088243 0.00027813141975504863 -0.00017959193367336941
leaf_weight=146 384 110 137 192 322 108 126 121 159 160 100 925 3267 2304
leaf_count=146 384 110 137 192 322 108 126 121 159 160 100 925 3267 2304
internal_value=-8.02909e-05 -0.000436649 -0.000304205 0.00010583 -0.000182642 -0.00109229 0.000418931 -0.000358854 -3.23766e-06 0.000866177 -0.00197411 -3.24799e-05 3.47578e-05 8.86715e-05
internal_weight=8561 1522 1412 937 800 475 478 267 7039 352 208 6880 5955 5571
internal_count=8561 1522 1412 937 800 475 478 267 7039 352 208 6880 5955 5571
cat_boundaries=0 1 2 3
cat_threshold=480247824 7 1315495
is_linear=0
shrinkage=0.03


Tree=242
num_leaves=15
num_cat=1
split_feature=32 21 0 38 27 0 21 27 17 23 16 32 37 20
split_gain=0.227044 0.262489 0.229707 0.242092 0.358772 0.292863 0.666393 0.55231 0.346188 0.503166 0.273168 0.256415 0.162072 0.232758
threshold=19.500000000000004 35.166666666666679 11.500000000000002 1.2518215528079846 25.409369212962968 7.5000000000000009 59.166666666666679 27.440329861111113 1.0000000180025095e-35 126.50000000000001 1.0000000180025095e-35 26.500000000000004 0 1.0000000180025095e-35
decision_type=2 2 2 2 2 2 2 2 2 2 2 2 9 2
left_child=12 -2 3 4 10 8 -7 -8 9 -5 -3 -10 -1 -14
right_child=1 2 -4 5 -6 6 7 -9 11 -11 -12 -13 13 -15
leaf_value=-0.00012734603378868832 0.00080286606134162574 -4.09392531929088e-05 -0.0013515889967205903 -0.0010520972626342578 -0.00064730828818441782 -0.0018219799087421983 -0.00030585322188232667 0.0020710594082100791 -0.00097120828593224976 0.0008726133087358592 0.0017153408024775778 -0.002899488855180985 0.00025401768943176135 -0.00073779986160973617
leaf_weight=1860 196 145 186 353 220 119 194 161 161 187 177 101 4318 224
leaf_count=1860 196 145 186 353 220 119 194 161 161 187 177 101 4318 224
internal_value=1.79663e-05 -0.000244953 -0.000347435 -0.0002447 0.000286478 -0.000470325 0.000120864 0.000772127 -0.000819731 -0.000385577 0.000924469 -0.00171455 0.000108317 0.000204653
internal_weight=8602 2200 2004 1818 542 1276 474 355 802 540 322 262 6402 4542
internal_count=8602 2200 2004 1818 542 1276 474 355 802 540 322 262 6402 4542
cat_boundaries=0 1
cat_threshold=1669403542
is_linear=0
shrinkage=0.03


Tree=243
num_leaves=15
num_cat=1
split_feature=27 27 27 25 24 27 37 24 12 5 31 23 21 23
split_gain=0.21868 0.248816 0.303672 0.441618 0.229563 0.433754 0.404216 0.402229 0.312734 0.352409 0.458817 0.488876 0.379474 0.346035
threshold=31.328431712962963 30.998680555555559 30.512980324074078 0.43223443223443231 176.42833333332604 29.165914351851857 0 164.70933333333156 1.0000000180025095e-35 0.069050000000000014 2.7082911712623328 84.500000000000014 50.500000000000007 50.500000000000007
decision_type=2 2 2 10 10 2 9 10 2 2 8 2 2 2
left_child=1 2 4 -4 6 -6 8 -8 9 10 11 -1 -13 -12
right_child=-2 -3 3 -5 5 -7 7 -9 -10 -11 13 12 -14 -15
leaf_value=-0.00011104965903541596 -0.0013838724452048504 0.0013800680647821943 -0.0025499722487558789 -0.00010601448177538336 -0.00039715103583015475 0.0006194264479944013 0.00026320051299898574 0.0020677406540515059 0.0013910525484467284 -0.00089173568841717532 2.7267154384375982e-05 0.0028303721376537979 0.00049013634829387699 -0.0020863749729853722
leaf_weight=768 104 116 103 188 2134 459 3337 115 104 613 131 101 163 149
leaf_count=768 104 116 103 188 2134 459 3337 115 104 613 131 101 163 149
internal_value=-1.65771e-05 1.89604e-07 -1.89456e-05 -0.000971058 1.53701e-05 -0.000217202 0.000125397 0.000322383 -0.000210294 -0.0002979 -2.04453e-05 0.000271777 0.00138545 -0.00109749
internal_weight=8585 8481 8365 291 8074 2593 5481 3452 2029 1925 1312 1032 264 280
internal_count=8585 8481 8365 291 8074 2593 5481 3452 2029 1925 1312 1032 264 280
cat_boundaries=0 1
cat_threshold=796955823
is_linear=0
shrinkage=0.03


Tree=244
num_leaves=15
num_cat=3
split_feature=24 2 31 33 32 13 37 21 38 37 21 30 37 30
split_gain=0.332295 0.238756 0.326981 0.36156 0.305346 0.271626 0.820024 0.767463 0.573468 0.491069 0.464128 0.398477 0.419272 0.383365
threshold=673.12316666666027 1.0000000180025095e-35 1.1585652028159574 1.0000000180025095e-35 15.500000000000002 1.0000000180025095e-35 0 190.00000000000003 1.6919028817953892 1 177.50000000000003 265.77500000000003 2 244.62500000000003
decision_type=10 2 10 2 2 2 9 2 2 9 2 2 9 2
left_child=1 5 -3 -4 -5 6 10 8 9 -7 -1 12 -10 -11
right_child=-2 2 3 4 -6 7 -8 -9 11 13 -12 -13 -14 -15
leaf_value=3.562845058885312e-05 -0.0013232445828068441 0.00051231318406776561 -0.0010444524561474958 0.0015420584294546502 -0.00073030367691215097 -0.0013090885192423435 0.0010207751503503411 0.0018668881478474809 -0.001303249953650701 0.00029813976242487795 -0.0018889276284279465 0.00095900834909417047 -0.00013164755953108207 -0.00056871382165137106
leaf_weight=1246 176 264 652 104 109 211 909 178 704 2730 124 121 465 552
leaf_count=1246 176 264 652 104 109 211 909 178 704 2730 124 121 465 552
internal_value=-3.31911e-05 -6.06129e-06 -0.000411835 -0.000693887 0.000379206 5.72147e-05 0.000328328 -6.733e-05 -0.000139312 6.03158e-05 -0.000137561 -0.000679855 -0.000849489 0.000151881
internal_weight=8545 8369 1129 865 213 7240 2279 4961 4783 3493 1370 1290 1169 3282
internal_count=8545 8369 1129 865 213 7240 2279 4961 4783 3493 1370 1290 1169 3282
cat_boundaries=0 1 2 3
cat_threshold=3865085977 272105750 2156922880
is_linear=0
shrinkage=0.03


Tree=245
num_leaves=15
num_cat=1
split_feature=37 28 28 21 28 30 21 27 27 27 0 26 23 17
split_gain=0.271127 0.19928 0.425391 0.420614 0.296302 0.227185 0.26027 0.204823 0.30959 0.25183 0.582275 0.215037 0.213208 0.522213
threshold=0 26.031406250000003 16.50072916666667 84.38333333333334 20.991348379629631 360.75000000000006 193.00000000000003 30.998680555555559 30.512980324074078 29.624641203703707 6.5000000000000009 1.0000000180025095e-35 167.50000000000003 1.0000000180025095e-35
decision_type=9 2 2 2 2 2 2 2 2 2 2 10 2 2
left_child=-1 2 5 -4 -5 6 7 8 9 12 -11 -10 -2 -14
right_child=1 -3 3 4 -6 -7 -8 -9 11 10 -12 -13 13 -15
leaf_value=-0.00098055794487305952 9.5463269862205625e-05 0.0011875907202872136 0.00018366586700405762 -0.0026461431410280054 -0.00053034593250969304 -0.0012242360151091104 0.0012901462874188548 0.0013441781560166938 -0.0020843200685922054 -0.00042456792315802679 0.0022601242613472395 -0.00020067564505734482 0.00011844982644689011 -0.0019869433222629595
leaf_weight=229 6324 135 184 136 106 119 161 112 100 142 149 120 331 156
leaf_count=229 6324 135 184 136 106 119 161 112 100 142 149 120 331 156
internal_value=1.56587e-05 4.43591e-05 2.54533e-05 -0.000897412 -0.00171939 7.64179e-05 9.67968e-05 7.09521e-05 5.14764e-05 8.58101e-05 0.000950068 -0.00105688 4.88847e-05 -0.000555968
internal_weight=8504 8275 8140 426 242 7714 7595 7434 7322 7102 291 220 6811 487
internal_count=8504 8275 8140 426 242 7714 7595 7434 7322 7102 291 220 6811 487
cat_boundaries=0 1
cat_threshold=17379408
is_linear=0
shrinkage=0.03


Tree=246
num_leaves=15
num_cat=3
split_feature=28 38 32 37 0 21 30 35 13 37 29 30 31 13
split_gain=0.210499 0.342621 0.338194 0.327431 0.381868 0.331139 0.522176 0.426277 0.401212 0.574464 0.502713 0.427453 0.372681 0.360498
threshold=6.3706655092592603 1.7953369306397675 33.500000000000007 0 3.5000000000000004 59.833333333333336 172.25000000000003 1 1.0000000180025095e-35 2 1.0000000180025095e-35 33.250000000000007 2.6397879858657247 1.0000000180025095e-35
decision_type=2 2 2 9 2 2 2 1 2 9 2 2 8 2
left_child=2 -2 3 -1 -5 6 8 -7 9 10 11 -6 -10 -9
right_child=1 -3 -4 4 5 7 -8 13 12 -11 -12 -13 -14 -15
leaf_value=0.00031028623127935835 0.000125848359525973 0.0018245222246956211 0.0010913587824661452 -0.0014416022895700337 0.00059471630388870827 0.00091044008266322717 -0.0023397712777659761 -0.00076970622486486186 -0.0011593989699967291 -0.00049937251032700048 -0.00027935545041612851 0.0033166984405963579 -3.3437287210400555e-05 0.00010048300806425518
leaf_weight=1062 2331 112 199 238 100 400 128 599 712 552 148 108 421 1505
leaf_count=1062 2331 112 199 238 100 400 128 599 712 552 148 108 421 1505
internal_value=-3.19813e-05 0.000203725 -0.000125278 -0.000165812 -0.000268853 -0.000209699 -0.00048104 2.53408e-05 -0.000364471 0.000105378 0.00102823 0.00200805 -0.000741014 -0.00014656
internal_weight=8615 2443 6172 5973 4911 4673 2169 2504 2041 908 356 208 1133 2104
internal_count=8615 2443 6172 5973 4911 4673 2169 2504 2041 908 356 208 1133 2104
cat_boundaries=0 1 2 3
cat_threshold=102798304 6 144457730
is_linear=0
shrinkage=0.03


Tree=247
num_leaves=15
num_cat=0
split_feature=30 24 30 30 25 22 24 19 31 31 22 23 30 31
split_gain=0.228436 0.179255 0.386901 0.655755 0.421886 0.67439 0.315732 0.305481 0.351842 0.558469 0.288435 0.488452 0.824831 0.674852
threshold=387.75000000000006 55.387666666666668 37.250000000000007 43.500000000000007 0.17000000000000001 280.4500000000001 58.034000000003658 1.0000000180025095e-35 1.6951526799060435 2.308391608391609 1391.0015000000005 58.500000000000007 72.500000000000014 1.3814177727516221
decision_type=2 8 2 2 10 2 8 2 10 10 2 2 2 10
left_child=1 2 4 -4 -1 -6 -3 -8 -9 -10 11 13 -13 -5
right_child=-2 6 3 10 5 -7 7 8 9 -11 -12 12 -14 -15
leaf_value=0.0010561760849835482 0.0013933796251016433 -0.0017366242225174433 0.0027083861109339327 0.0035935984916136698 -0.00010231633488088847 -0.0022437770465427698 -1.0397896603612559e-05 -0.0022860922784463541 0.0013509429000122559 -0.0015932812372193438 -0.00010560335030257316 -0.0018022964602480457 0.00075036856737228691 0.00072335133346943903
leaf_weight=157 107 104 107 101 500 180 5187 115 106 128 869 151 464 273
leaf_count=157 107 104 107 101 500 180 5187 115 106 128 869 151 464 273
internal_value=1.59282e-05 -1.53059e-06 0.000194598 0.000424672 -0.000345542 -0.000669174 -9.89687e-05 -6.82035e-05 -0.000927337 -0.000259573 0.000293156 0.000643531 0.000123617 0.00149847
internal_weight=8549 8442 2802 1965 837 680 5640 5536 349 234 1858 989 615 374
internal_count=8549 8442 2802 1965 837 680 5640 5536 349 234 1858 989 615 374
is_linear=0
shrinkage=0.03


Tree=248
num_leaves=15
num_cat=2
split_feature=37 28 1 30 30 25 27 30 30 13 30 37 27 23
split_gain=0.203697 0.408994 0.457697 0.233777 0.408951 0.310043 0.213266 0.178514 0.666554 0.345141 0.790207 0.849165 0.497546 0.385428
threshold=0 7.0819502314814828 116.50000000000001 32.165000000000006 24.165000000000003 0.47913043478260875 13.999473379629633 194.10000000000002 199.10000000000002 0.50000000000000011 140.40000000000003 1 20.020526620370372 53.500000000000007
decision_type=9 2 2 2 2 10 2 2 2 2 2 9 2 2
left_child=1 2 3 4 6 -5 -1 9 -9 -2 11 -11 -12 -13
right_child=7 -3 -4 5 -6 -7 -8 8 -10 10 12 13 -14 -15
leaf_value=0.00013491453723981977 -3.7579628520925945e-05 -0.0019664355131242526 0.0015962044073637785 -0.0018884483011742492 0.0015519927973685487 0.00012062689217892603 -0.0015252203260763333 -0.0023098372649262423 -0.00012915874676576889 -0.0016405807643566021 0.00058816353272829599 0.0020757864024229609 0.0033067108871976171 -1.0577394588229555e-05
leaf_weight=150 4561 146 106 189 106 109 130 134 2154 177 112 143 132 180
leaf_count=150 4561 146 106 189 106 109 130 134 2154 177 112 143 132 180
internal_value=-8.7211e-05 -0.000502326 -0.000238102 -0.000522366 -3.50524e-05 -0.00115359 -0.000635862 -3.5331e-05 -0.000256873 6.01516e-05 0.000659281 -2.37102e-05 0.00205885 0.000885686
internal_weight=8529 936 790 684 386 298 280 7593 2288 5305 744 500 244 323
internal_count=8529 936 790 684 386 298 280 7593 2288 5305 744 500 244 323
cat_boundaries=0 1 2
cat_threshold=35722022 18560
is_linear=0
shrinkage=0.03


Tree=249
num_leaves=15
num_cat=3
split_feature=22 0 27 17 37 32 30 30 30 31 27 24 37 36
split_gain=0.372109 0.449465 0.247111 0.359858 0.322766 0.642322 0.83617 0.951398 0.767618 0.423743 0.373852 0.424775 0.342075 0.334412
threshold=10085.200000000003 8.5000000000000018 6.9996585648148155 3.5000000000000004 0 6.5000000000000009 125.37500000000001 99.500000000000014 72.500000000000014 2.6397879858657247 14.999583333333335 141.45299999999978 1 2
decision_type=2 2 2 2 9 2 2 2 2 10 2 10 9 9
left_child=2 -2 -1 4 5 6 7 10 -7 -8 11 12 13 -4
right_child=1 -3 3 -5 -6 8 9 -9 -10 -11 -12 -13 -14 -15
leaf_value=-0.0010041067885020031 -6.9785306309313455e-05 -0.0023594730238560152 -0.0017972674137471537 0.0017283341970043974 -6.3409775621930671e-05 -0.0023961827475502489 -0.0016248250479900066 0.0040478127086903933 0.00012735840585513286 0.00078469541434299716 0.0024646168996909313 0.0019191740502744713 0.001018649841821373 0.0003758849037388388
leaf_weight=195 192 129 104 117 5817 124 155 101 867 114 123 175 220 142
leaf_count=195 192 129 104 117 5817 124 155 101 867 114 123 175 220 142
internal_value=1.21776e-05 -0.00098994 5.11502e-05 7.66838e-05 5.2352e-05 0.000367807 0.000857121 0.00131141 -0.000188403 -0.00060369 0.000949658 0.000658956 0.000185698 -0.000577164
internal_weight=8575 321 8254 8059 7942 2125 1134 865 991 269 764 641 466 246
internal_count=8575 321 8254 8059 7942 2125 1134 865 991 269 764 641 466 246
cat_boundaries=0 1 2 3
cat_threshold=3625985221 402653185 48
is_linear=0
shrinkage=0.03


Tree=250
num_leaves=15
num_cat=2
split_feature=31 31 31 23 25 37 1 31 37 25 25 23 0 30
split_gain=0.262749 0.589518 0.391931 0.408322 0.376251 0.305454 0.459308 0.579989 0.931077 0.733767 0.511408 0.688965 0.393355 0.329938
threshold=1.0133141338059373 1.0527308838133072 0.85584415584415596 11.500000000000002 0.37750000000000006 0 62.500000000000007 2.7185790898072359 1 0.47913043478260875 0.46863636363636368 67.500000000000014 8.5000000000000018 39.500000000000007
decision_type=8 8 10 2 10 9 2 10 9 10 8 2 2 2
left_child=2 -2 3 -1 -4 -3 13 8 12 -9 -10 -12 -8 -7
right_child=1 5 4 -5 -6 6 7 9 10 -11 11 -13 -14 -15
leaf_value=-0.0018149779094211481 0.0022445314611670457 -0.00019315490595518938 -0.0004244822051075934 5.0905949700975692e-05 -0.0024362086817583911 0.00081305320059726915 0.0002088785552395842 0.0030651160823914557 5.8019163132283006e-05 0.00036363094392400541 0.0038168817333697658 0.00050878215111077813 -0.0020567482124481881 -0.00016669360922852666
leaf_weight=117 108 3375 196 1079 146 363 117 179 216 183 109 118 168 2093
leaf_count=117 108 3375 196 1079 146 363 117 179 216 183 109 118 168 2093
internal_value=-3.25397e-05 4.51761e-05 -0.000387718 -0.000131626 -0.00128329 1.08558e-05 0.000204995 0.000718086 0.000230101 0.00169945 0.00107861 0.00209725 -0.00108846 -2.18858e-05
internal_weight=8567 7029 1538 1196 342 6921 3546 1090 728 362 443 227 285 2456
internal_count=8567 7029 1538 1196 342 6921 3546 1090 728 362 443 227 285 2456
cat_boundaries=0 1 2
cat_threshold=2702993920 310378560
is_linear=0
shrinkage=0.03


Tree=251
num_leaves=15
num_cat=1
split_feature=31 31 36 1 2 27 31 32 25 32 25 1 13 30
split_gain=0.173354 0.581328 0.24489 0.400568 0.162007 0.299542 0.200642 0.217842 0.190676 0.502864 0.466269 0.246347 0.172104 0.592553
threshold=5.3583467094703057 6.0013333333333341 0 28.500000000000004 1.0000000180025095e-35 11.37492476851852 4.6669339748730296 35.500000000000007 0.45972972972972981 13.500000000000002 0.30384615384615393 51.500000000000007 1.0000000180025095e-35 117.50000000000001
decision_type=10 10 9 2 2 2 10 2 10 2 8 2 2 2
left_child=4 -2 3 -3 6 -6 7 12 10 -10 -7 -11 13 -1
right_child=1 2 -4 -5 5 8 -8 -9 9 11 -12 -13 -14 -15
leaf_value=0.00068763378344166473 -0.0022457615692488054 -0.00076864342047157906 -0.0007489730313506365 0.0015954958235615086 0.0012439667601680871 -0.0011030508175513363 0.0012151123669022564 0.0013083287688286237 -0.0021866850905005999 -0.00098237789429376945 0.00068405754799668738 0.00099574814910504848 -3.9546365490986723e-05 -0.00035152035001973831
leaf_weight=1288 130 109 201 158 103 232 145 129 171 118 303 109 4567 801
leaf_count=1288 130 109 201 158 103 232 145 129 171 118 303 109 4567 801
internal_value=2.15984e-05 -0.00047103 2.19506e-05 0.000607604 5.85796e-05 -0.000291329 0.000110889 8.72912e-05 -0.000460821 -0.000958058 -9.09128e-05 -3.25288e-05 6.36262e-05 0.000289184
internal_weight=8564 598 468 267 7966 1036 6930 6785 933 398 535 227 6656 2089
internal_count=8564 598 468 267 7966 1036 6930 6785 933 398 535 227 6656 2089
cat_boundaries=0 1
cat_threshold=17
is_linear=0
shrinkage=0.03


Tree=252
num_leaves=15
num_cat=2
split_feature=22 37 27 1 1 31 31 1 1 37 21 27 21 31
split_gain=0.352326 0.363041 0.35487 0.392469 0.274044 0.975232 0.514715 0.609323 0.325686 0.480053 0.322136 0.315459 0.263043 0.229561
threshold=9979.5000000000018 0 18.333043981481485 36.500000000000007 20.500000000000004 2.6950646800153701 1.5792087835482749 7.5000000000000009 27.500000000000004 1 24.500000000000004 13.99992476851852 3.5833333333333335 0.23920529801324505
decision_type=2 9 2 2 2 10 8 2 2 9 2 2 2 8
left_child=1 4 3 -2 5 6 11 -8 -6 -10 12 -1 -11 -3
right_child=2 13 -4 -5 8 -7 7 -9 9 10 -12 -13 -14 -15
leaf_value=-0.0007377768437960184 -0.00027425597851106433 0.0016335219117429326 0.00054097547309003141 -0.0027485266895309291 -0.0016927371554654733 -0.0017064761949003005 0.00051375409626230894 0.0034220281981307099 0.0014743612607332666 -0.00036423002411491975 -6.3874428772071402e-05 0.0011000434695341594 -0.0017651083837515753 0.00019803623395561905
leaf_weight=200 112 102 107 119 174 182 147 116 114 234 651 145 249 5890
leaf_count=200 112 102 107 119 174 182 147 116 114 234 651 145 249 5890
internal_value=6.19241e-05 0.000101032 -0.000887299 -0.00154888 -0.000226908 0.000220063 0.000796757 0.00179649 -0.000476821 -0.000307294 -0.000495039 3.46404e-05 -0.00108642 0.000222101
internal_weight=8542 8204 338 231 2212 790 608 263 1422 1248 1134 345 483 5992
internal_count=8542 8204 338 231 2212 790 608 263 1422 1248 1134 345 483 5992
cat_boundaries=0 1 2
cat_threshold=1837978520 134483968
is_linear=0
shrinkage=0.03


Tree=253
num_leaves=15
num_cat=1
split_feature=37 1 24 0 24 31 31 23 28 25 0 38 25 38
split_gain=0.173641 0.234859 0.502704 0.184398 0.678331 0.55982 0.617636 0.832454 0.629598 0.532262 0.608434 0.369441 0.352526 0.654592
threshold=0 81.500000000000014 37.187333333332795 5.5000000000000009 113.25366666666393 0.83747257569109268 1.8048797023563459 76.500000000000014 16.781001157407413 0.51925925925925942 4.5000000000000009 1.389986200018126 0.43223443223443231 1.6949536981615163
decision_type=9 2 10 2 8 10 10 2 2 10 2 2 8 2
left_child=1 -1 -3 4 12 -6 7 -7 9 10 -8 -11 13 -2
right_child=3 2 -4 -5 5 6 8 -9 -10 11 -12 -13 -14 -15
leaf_value=-0.00061004911249600252 0.0022490413906052706 -0.0006303661962244535 0.0020004902999395521 -6.2853201184158379e-05 -0.0022854010347173942 -0.00024493161252328225 -0.0029284536453954833 0.0027344368779100479 0.001599686734272905 -0.0010450611389699459 -0.00029024393557859906 0.001375682882529319 -1.7462734878480835e-05 6.9177457521033312e-05
leaf_weight=888 321 168 107 5570 104 193 172 150 106 112 145 115 223 202
leaf_count=888 321 168 107 5570 104 193 172 150 106 112 145 115 223 202
internal_value=-3.04905e-05 -0.000369627 0.000393276 2.31828e-05 0.00028333 -0.000191289 2.8034e-05 0.001058 -0.000515471 -0.000927615 -0.0017217 0.000181307 0.000981263 0.00140711
internal_weight=8576 1163 275 7413 1843 1097 993 343 650 544 317 227 746 523
internal_count=8576 1163 275 7413 1843 1097 993 343 650 544 317 227 746 523
cat_boundaries=0 1
cat_threshold=1745178925
is_linear=0
shrinkage=0.03


Tree=254
num_leaves=15
num_cat=1
split_feature=24 31 27 27 27 0 24 38 36 23 38 30 21 1
split_gain=0.212229 0.777633 0.197403 0.443404 0.416645 0.537032 0.418042 0.533041 0.650149 0.649148 0.607633 0.600676 0.778924 0.442899
threshold=1.8535000000000084 1.7370912872960502 30.998680555555559 30.512980324074078 29.624641203703707 7.5000000000000009 195.64700000000801 1.6884836739623708 0 72.500000000000014 1.9152691674019804 244.62500000000003 85.333333333333357 110.50000000000001
decision_type=8 10 2 2 2 2 8 2 9 2 2 2 2 2
left_child=1 -1 3 4 6 -6 7 9 -9 13 -10 12 -11 -2
right_child=2 -3 -4 -5 5 -7 -8 8 10 11 -12 -13 -14 -15
leaf_value=0.00041851994531995801 -1.6442291327940382e-05 -0.0028366600157054426 0.00098494413293926351 -0.0011138412420898531 0.0001498432421406144 0.0025236270537208568 -0.00032418454303662656 -0.0010065966409257411 -0.00035942510274022596 0.00097073037929525075 0.0012235713916402739 -0.00057473219264278345 0.00368831490736594 0.0013289690687806909
leaf_weight=181 2348 104 204 289 219 141 2097 648 591 841 346 189 107 243
leaf_count=181 2348 104 204 289 219 141 2097 648 591 841 346 189 107 243
internal_value=3.55566e-05 -0.000769335 6.33182e-05 3.99888e-05 8.29047e-05 0.00107958 3.44835e-05 0.000176047 -0.000284798 0.00037198 0.000222741 0.000969577 0.00127746 0.000109739
internal_weight=8548 285 8263 8059 7770 360 7410 5313 1585 3728 937 1137 948 2591
internal_count=8548 285 8263 8059 7770 360 7410 5313 1585 3728 937 1137 948 2591
cat_boundaries=0 1
cat_threshold=48
is_linear=0
shrinkage=0.03


Tree=255
num_leaves=15
num_cat=1
split_feature=30 32 38 32 21 13 30 0 5 27 38 37 27 27
split_gain=0.227293 0.591484 0.834073 0.808292 0.565553 0.545595 0.44865 0.234999 0.211937 0.484016 0.358791 0.525894 0.354584 0.510067
threshold=259.62500000000006 22.500000000000004 1.4553527012778564 15.500000000000002 82.733333333333348 0.50000000000000011 254.60000000000002 6.5000000000000009 0.17425000000000002 30.619351851851857 2.0563436588022119 0 12.999375000000002 13.999322916666669
decision_type=2 2 2 2 2 2 2 2 2 2 2 9 2 2
left_child=6 2 -2 -4 -3 7 8 -6 12 10 11 -10 -1 -14
right_child=1 4 3 -5 5 -7 -8 -9 9 -11 -12 -13 13 -15
leaf_value=-0.00041637269406005989 -0.00026277129221515558 -0.0016332448863778898 0.00064801473208577723 0.0039745003782926981 0.00026533303236419669 -0.0014049591581581286 -0.0020423723484389485 0.0020762021623265286 -0.00092054669439949456 -0.0022425949457766754 0.0015976455912692471 7.2740887122677928e-05 0.0011277224584350593 9.1332348739965046e-05
leaf_weight=998 194 176 130 133 128 103 100 130 689 105 100 1531 485 3598
leaf_count=998 194 176 130 133 128 103 100 130 689 105 100 1531 485 3598
internal_value=9.56808e-06 0.000436197 0.00122948 0.00233023 -0.000238907 0.000440881 -4.61865e-05 0.00117779 -1.95919e-05 -0.000250341 -0.000160174 -0.000239355 9.05371e-05 0.00021444
internal_weight=8600 994 457 263 537 361 7606 258 7506 2425 2320 2220 5081 4083
internal_count=8600 994 457 263 537 361 7606 258 7506 2425 2320 2220 5081 4083
cat_boundaries=0 1
cat_threshold=1354265092
is_linear=0
shrinkage=0.03


Tree=256
num_leaves=15
num_cat=1
split_feature=6 24 25 1 1 38 23 0 24 38 36 23 38 1
split_gain=0.260415 0.508637 0.481698 0.343616 0.512902 0.566177 0.324856 0.431765 0.290287 0.282135 0.406731 0.705033 0.485042 0.323233
threshold=1.5000000000000002 18.804166666666863 0.22290322580645164 98.500000000000014 131.50000000000003 1.5389922476472135 138.50000000000003 9.5000000000000018 182.81433333333351 1.7224058737958026 0 30.500000000000004 1.775397581923065 27.500000000000004
decision_type=2 10 10 2 2 2 2 2 10 2 9 2 2 2
left_child=9 -2 -3 6 -5 -6 7 8 -4 -1 11 -11 13 -12
right_child=1 2 3 4 5 -7 -8 -9 -10 10 12 -13 -14 -15
leaf_value=3.0727370050302012e-05 -0.0008608178865503577 0.0020813393620241964 -0.00023269356122207745 -0.0017182315884250831 -0.00083826185989072067 0.0021666773106636741 -0.00036763279216497072 0.0027143132827483984 0.0014797429068318206 -0.00086340054307343817 -0.00029802730221084307 0.0026392546622658903 -0.00031372671779726646 -0.0023665805759606881
leaf_weight=5518 250 175 171 148 122 105 161 124 186 106 103 101 1146 200
leaf_count=5518 250 175 171 148 122 105 161 124 186 106 103 101 1146 200
internal_value=1.60707e-06 0.000369482 0.000627514 0.000377348 -0.000344174 0.000551688 0.000798797 0.00118922 0.0006595 -7.2337e-05 -0.000415761 0.000806656 -0.000591874 -0.00166341
internal_weight=8616 1442 1192 1017 375 227 642 481 357 7174 1656 207 1449 303
internal_count=8616 1442 1192 1017 375 227 642 481 357 7174 1656 207 1449 303
cat_boundaries=0 1
cat_threshold=4
is_linear=0
shrinkage=0.03


Tree=257
num_leaves=15
num_cat=1
split_feature=4 1 37 1 1 22 31 38 2 30 33 22 22 31
split_gain=0.271403 0.27386 0.177124 0.179036 0.391934 0.209685 0.204333 0.200932 0.148655 0.2831 0.361043 0.354945 0.198732 0.303725
threshold=1.0000000180025095e-35 50.500000000000007 0 20.500000000000004 40.500000000000007 322.00000000000006 1.2808240993126334 1.3226886667638997 1.0000000180025095e-35 257.87500000000006 1.0000000180025095e-35 1080.2500000000002 1443.4020000000003 1.6809829120180766
decision_type=2 2 9 2 2 2 8 2 2 2 2 2 2 10
left_child=2 -2 3 6 -5 -6 -1 -8 -4 10 12 -12 13 -10
right_child=1 -3 8 4 5 -7 7 -9 9 -11 11 -13 -14 -15
leaf_value=0.0010101395082445098 0.0021187688513048765 5.2846379699590409e-05 0.0001439282152730063 -0.0022142744217126162 -0.0010493840662273365 0.00081575022926295374 -0.0014503824366589209 0.00030227981063401773 -0.0009145291673896067 -0.0017249261509949484 -8.9740124696156752e-05 0.0022397107305753578 -0.00095571385634341899 0.00076560540261367952
leaf_weight=130 116 115 6546 128 109 108 105 134 170 104 134 105 329 225
leaf_count=130 116 115 6546 128 109 108 105 134 170 104 134 105 329 225
internal_value=7.59461e-05 0.00109028 4.78074e-05 -0.000400795 -0.000897707 -0.000121114 5.29362e-05 -0.000467718 9.02883e-05 -0.000237944 -7.73563e-05 0.000933659 -0.000411103 4.25095e-05
internal_weight=8558 231 8327 714 345 217 369 239 7613 1067 963 239 724 395
internal_count=8558 231 8327 714 345 217 369 239 7613 1067 963 239 724 395
cat_boundaries=0 1
cat_threshold=83988501
is_linear=0
shrinkage=0.03


Tree=258
num_leaves=15
num_cat=3
split_feature=37 31 31 4 31 30 30 38 13 27 35 31 27 36
split_gain=0.245555 0.370623 0.32993 0.312906 0.30866 0.355873 0.298909 0.459117 0.380776 0.328309 0.280169 0.942939 0.286272 0.216837
threshold=0 2.5394102990033227 4.7969387755102053 1.0000000180025095e-35 2.0297841757511592 223.82500000000002 16.750000000000004 2.0419870592411393 1.0000000180025095e-35 15.333049768518519 1 1.1585652028159574 8.9101967592592608 2
decision_type=9 8 10 2 10 2 2 2 2 2 1 10 2 9
left_child=1 4 -3 6 5 10 8 13 -2 -9 11 12 -1 -8
right_child=3 2 -4 -5 -6 -7 7 9 -10 -11 -12 -13 -14 -15
leaf_value=0.00094851738276442374 0.0022254184053685537 -0.0013697697488164685 0.00031441933674172367 0.0013243293746296935 0.0011312034294877031 -0.001615635003593828 -0.00014386812133187777 0.00026623555885033951 1.9202641361758489e-05 0.0025841595616318213 -0.00032144227351779908 0.00247236402335917 -0.00087322817214630294 0.00032990864613348397
leaf_weight=112 127 415 140 180 176 144 4307 118 158 103 1153 156 253 1079
leaf_count=112 127 415 140 180 176 144 4307 118 158 103 1153 156 253 1079
internal_value=-1.17178e-05 -0.00025824 -0.000944929 9.2045e-05 -6.84057e-05 -0.000184539 5.4555e-05 6.38061e-06 0.00100232 0.00134653 -6.14345e-05 0.00051035 -0.000314227 -4.8609e-05
internal_weight=8621 2549 555 6072 1994 1818 5892 5607 285 221 1674 521 365 5386
internal_count=8621 2549 555 6072 1994 1818 5892 5607 285 221 1674 521 365 5386
cat_boundaries=0 1 2 3
cat_threshold=2391347592 8 50
is_linear=0
shrinkage=0.03


Tree=259
num_leaves=15
num_cat=4
split_feature=22 17 25 6 5 35 24 36 23 28 30 38 37 37
split_gain=0.292125 0.856607 0.227252 0.404737 0.612106 0.625245 0.44186 0.364872 0.55097 0.479033 0.293658 0.278184 0.272376 0.252089
threshold=10820.35 1.0000000180025095e-35 0.24195121951219514 2.5000000000000004 0.11435000000000002 0 116.65266666666663 1 26.500000000000004 4.0796238425925937 65.500000000000014 2.0563436588022119 2 3
decision_type=2 2 10 2 2 1 10 9 2 2 2 2 9 9
left_child=2 -2 3 4 5 -1 7 9 -9 10 -7 13 -6 -4
right_child=1 -3 11 -5 12 6 -8 8 -10 -11 -12 -13 -14 -15
leaf_value=-0.0011589177679270505 -0.0028746355715132243 0.00094355728225966934 3.8003857001324251e-05 0.0021991541712150834 -0.001467692409781044 0.0010208803615045414 -0.0005672750727369868 0.001011108274164747 0.0034988390401249621 0.0024307693280458736 -0.00072620309711357079 0.0013221937913105073 -1.4787965097835892e-05 -0.00051531456682503527
leaf_weight=140 111 101 5685 104 191 166 145 193 137 104 181 139 286 842
leaf_count=140 111 101 5685 104 191 166 145 193 137 104 181 139 286 842
internal_value=4.40971e-05 -0.00105559 7.21416e-05 0.000387701 0.000265607 0.000665306 0.000943433 0.00123599 0.00198378 0.000630853 0.000109577 -5.82525e-06 -0.000627638 -3.41069e-05
internal_weight=8525 212 8313 1647 1543 1066 926 781 330 451 347 6666 477 6527
internal_count=8525 212 8313 1647 1543 1066 926 781 330 451 347 6666 477 6527
cat_boundaries=0 1 2 3 4
cat_threshold=2 49 2283798528 4267722960
is_linear=0
shrinkage=0.03


Tree=260
num_leaves=15
num_cat=1
split_feature=30 17 29 5 1 23 24 1 33 24 24 37 33 30
split_gain=0.220668 0.471264 0.866574 0.427243 0.567529 0.700517 0.590373 0.81816 0.688705 0.625156 0.533041 0.391014 0.673969 0.43419
threshold=121.50000000000001 1.5000000000000002 1.0000000180025095e-35 0.61250000000000016 57.500000000000007 167.50000000000003 234.50883333332607 47.500000000000007 1.0000000180025095e-35 267.78216666666566 224.07766666666839 0 1.0000000180025095e-35 83.500000000000014
decision_type=2 2 2 2 2 2 10 2 2 10 10 9 2 2
left_child=1 11 -3 4 6 -6 -2 8 9 -8 -7 12 13 -1
right_child=3 2 -4 -5 5 10 7 -9 -10 -11 -12 -13 -14 -15
leaf_value=-4.4251255311169904e-05 -0.00082568252125815686 0.00033884845984478789 -0.0026556732817087322 0.0011958208749642037 0.00059859208059171115 0.00018224682448045261 0.0028888936627673792 -0.0024097411446097603 -0.0014195711921267914 0.00040369746009673687 -0.0028556991843095817 9.0192406861296816e-05 0.0031226304791702065 0.0019363923453363692
leaf_weight=380 1725 207 150 194 1047 106 106 106 159 648 102 3409 104 135
leaf_count=380 1725 207 150 194 1047 106 106 106 159 648 102 3409 104 135
internal_value=-2.34748e-05 0.000125316 -0.000919354 -0.000179078 -0.000245778 0.000282679 -0.000487474 8.50582e-05 0.000374706 0.000753075 -0.00130752 0.000217904 0.000905169 0.000474947
internal_weight=8578 4385 357 4193 3999 1255 2744 1019 913 754 208 4028 619 515
internal_count=8578 4385 357 4193 3999 1255 2744 1019 913 754 208 4028 619 515
cat_boundaries=0 1
cat_threshold=270533828
is_linear=0
shrinkage=0.03


Tree=261
num_leaves=15
num_cat=2
split_feature=25 0 6 22 37 1 31 38 38 27 24 37 31 6
split_gain=0.168867 0.529132 0.384045 0.377813 0.435986 0.28815 0.243592 0.911866 0.434905 0.781179 0.48418 0.480818 0.622491 0.429048
threshold=0.24195121951219514 4.5000000000000009 2.5000000000000004 102.42400000000002 0 12.500000000000002 1.0133141338059373 1.8832241836716148 1.895721935892595 13.999473379629633 19.162500000003494 1 1.16811088898138 1.5000000000000002
decision_type=8 2 2 2 9 2 8 2 2 2 10 9 8 2
left_child=1 -1 3 -3 -5 -6 7 13 11 -10 -11 -8 -13 -2
right_child=6 2 -4 4 5 -7 8 -9 9 10 -12 12 -14 -15
leaf_value=0.0016514127057950284 9.6898040533125379e-05 -0.0018115940537602412 0.0018083705977554822 0.0014977406070953824 0.00082094612094407824 -0.00038973870943599046 -0.00068858152189939269 -0.0031611384454000497 0.0024452849748178326 0.0017543255085440571 -0.00067935293662065466 0.001641824909440446 -5.083008861015418e-05 -0.0019737468832172452
leaf_weight=209 633 106 103 154 219 921 1033 107 173 102 264 205 4238 105
leaf_count=209 633 106 103 154 219 921 1033 107 173 102 264 205 4238 105
internal_value=-2.9481e-05 0.000237059 4.03862e-05 -8.96869e-05 5.13658e-05 -0.000155793 -9.59995e-05 -0.000572957 -2.89955e-05 0.000784093 -1.11468e-06 -0.000109027 2.72078e-05 -0.000197706
internal_weight=8572 1712 1503 1400 1294 1140 6860 845 6015 539 366 5476 4443 738
internal_count=8572 1712 1503 1400 1294 1140 6860 845 6015 539 366 5476 4443 738
cat_boundaries=0 1 2
cat_threshold=268468230 2418315267
is_linear=0
shrinkage=0.03


Tree=262
num_leaves=15
num_cat=1
split_feature=1 7 23 37 1 30 27 30 33 30 16 30 1 24
split_gain=0.244904 0.438723 0.286471 0.278364 0.504303 0.478606 0.605327 0.276251 0.79129 0.710269 0.774431 0.401216 0.363336 0.465144
threshold=168.50000000000003 1.0000000180025095e-35 64.500000000000014 0 125.50000000000001 309.12500000000006 29.579843750000002 194.10000000000002 1.0000000180025095e-35 160.02500000000003 1.0000000180025095e-35 117.50000000000001 38.500000000000007 95.611666666665712
decision_type=2 2 2 9 2 2 2 2 2 2 2 2 2 8
left_child=3 -2 -3 5 7 -1 -7 9 -9 11 -11 12 13 -5
right_child=1 2 -4 4 -6 6 -8 8 -10 10 -12 -13 -14 -15
leaf_value=-0.00023010914580585569 -0.0019068177152820323 -0.00099614625671305321 0.0012048623898630499 0.00022298960421229561 0.0018398850444064007 -0.00021906514516545098 0.0027839845483699304 0.00012768827927847181 -0.0026820610560697772 0.00033494760090768146 0.0035875380217031765 -0.00072879696436753546 -0.00018726148857044092 0.0015229862743337246
leaf_weight=4416 172 104 109 872 160 134 110 383 118 158 113 458 964 346
leaf_count=4416 172 104 109 872 160 134 110 383 118 158 113 458 964 346
internal_value=-4.03055e-05 -0.000779849 0.000130192 -5.71803e-06 0.000193246 -0.000158304 0.00113477 0.000116596 -0.000534089 0.000228583 0.00169119 7.84436e-05 0.000247883 0.000592283
internal_weight=8617 385 213 8232 3572 4660 244 3412 501 2911 271 2640 2182 1218
internal_count=8617 385 213 8232 3572 4660 244 3412 501 2911 271 2640 2182 1218
cat_boundaries=0 1
cat_threshold=744261763
is_linear=0
shrinkage=0.03


Tree=263
num_leaves=15
num_cat=3
split_feature=37 32 35 24 1 24 24 24 36 27 13 18 38 1
split_gain=0.18522 0.492256 0.509082 0.287457 0.287295 0.194117 0.224931 0.21178 0.468102 0.422549 0.298702 0.271566 0.785589 0.214587
threshold=0 6.5000000000000009 1 8.2841666666674438 45.500000000000007 10.720666666667677 15.979166666666389 28.082333333333086 2 13.999762731481484 1.0000000180025095e-35 1.0000000180025095e-35 1.4675504255523146 47.500000000000007
decision_type=9 2 1 8 2 8 8 8 9 2 2 2 2 2
left_child=1 4 -3 -2 -1 -5 -7 8 9 13 -10 -9 -13 -8
right_child=3 2 -4 5 -6 6 7 11 10 -11 -12 12 -14 -15
leaf_value=0.0028133757369976269 -0.00085990727949737027 -0.001834872023816305 0.00095033272440263696 0.001219452115818858 0.00065192519495656232 -0.0010612986692015503 0.0015434893004043532 4.2921400880904438e-05 0.00048555095138656622 0.0028120022546499965 -0.0014887092552163591 0.0012081243138815654 -0.0020976657920788663 -0.00033108615613155129
leaf_weight=102 328 100 119 125 121 167 107 6561 166 117 118 101 180 113
leaf_count=102 328 100 119 125 121 167 107 6561 166 117 118 101 180 113
internal_value=4.31057e-05 0.00063408 -0.00036184 9.9928e-06 0.00164057 4.67984e-05 2.75871e-05 5.19532e-05 0.000582413 0.00131627 -0.000323355 3.80708e-06 -0.000909464 0.000580639
internal_weight=8525 442 219 8083 223 7755 7630 7463 621 337 284 6842 281 220
internal_count=8525 442 219 8083 223 7755 7630 7463 621 337 284 6842 281 220
cat_boundaries=0 1 2 3
cat_threshold=3155008 1 20
is_linear=0
shrinkage=0.03


Tree=264
num_leaves=15
num_cat=1
split_feature=38 36 5 21 24 27 29 24 5 29 31 22 21 31
split_gain=0.393576 0.613208 0.470804 0.853078 0.417161 0.617433 0.415246 0.601818 0.545081 0.299667 0.261806 0.519516 0.244866 0.464263
threshold=1.7500423721254474 0 0.13810000000000003 105.61666666666669 313.44366666666468 14.99986689814815 2.5000000000000004 37.187333333332795 0.054100000000000002 1.5000000000000002 0.35714348202647267 457.10000000000008 105.28333333333335 2.3393548387096779
decision_type=2 9 2 2 10 2 2 8 2 2 8 2 2 10
left_child=10 2 4 -4 5 -2 7 8 -3 -9 11 -1 -12 -14
right_child=1 6 3 -5 -6 -7 -8 9 -10 -11 12 -13 13 -15
leaf_value=-0.00039940969691284605 -0.001343954412268585 0.0014198887394741178 -0.0011400417700226345 0.0018108905079582025 -5.2045388424414256e-05 -0.0040716987892112227 0.0012508930232357478 -0.0019543348894625842 -0.00074380737542274538 4.3333772001250721e-05 0.00014958773437807454 0.0024481619447469711 -0.00013715087784696 -0.0021427873351232071
leaf_weight=111 295 247 274 130 126 100 228 193 182 104 5027 120 1286 113
leaf_count=111 295 247 274 130 126 100 228 193 182 104 5027 120 1286 113
internal_value=-2.06625e-05 -0.000404091 -0.000948823 -0.000190484 -0.00155508 -0.00203452 0.000132638 -0.000216722 0.000501957 -0.00125481 8.75637e-05 0.00107985 5.18933e-05 -0.00029915
internal_weight=8536 1879 925 404 521 395 954 726 429 297 6657 231 6426 1399
internal_count=8536 1879 925 404 521 395 954 726 429 297 6657 231 6426 1399
cat_boundaries=0 1
cat_threshold=48
is_linear=0
shrinkage=0.03


Tree=265
num_leaves=15
num_cat=2
split_feature=31 23 27 1 31 30 33 37 31 2 37 27 30 30
split_gain=0.194472 0.428432 0.362516 0.619446 0.287904 0.280653 0.293541 0.327072 0.27492 0.303259 0.330414 0.271168 0.257155 0.268363
threshold=1.0823369463999704 134.50000000000003 18.333043981481485 22.500000000000004 1.1144551101072844 41.250000000000007 1.0000000180025095e-35 0 1.1451224889862892 1.0000000180025095e-35 1 12.99934027777778 161.12500000000003 256.05000000000007
decision_type=8 2 2 2 8 2 2 9 8 2 9 2 2 2
left_child=1 2 5 -4 -2 6 7 -1 -6 10 -10 -11 -13 -14
right_child=4 -3 3 -5 8 -7 -8 -9 9 11 -12 12 13 -15
leaf_value=0.0016660547093006557 0.0015945964372742955 -0.001804710086569405 -0.00082840905312503519 0.0022792325916006825 -0.0015272698141931267 -0.0007528726718713355 -0.0010526881901515061 -3.6602699411365859e-05 0.0014627633590616879 0.0009718925912561388 9.1696785766592944e-05 -0.0010885695448345832 0.0005788804938416241 -0.0012308611148976881
leaf_weight=135 107 156 102 133 101 716 148 346 153 106 5570 478 228 109
leaf_count=135 107 156 102 133 101 716 148 346 153 106 5570 478 228 109
internal_value=-2.12192e-05 -0.00030484 -0.000156751 0.000930384 5.0638e-05 -0.000346697 0.000115659 0.00047515 2.61452e-05 4.97597e-05 0.000131067 -0.000455477 -0.000641123 -6.4662e-06
internal_weight=8588 1736 1580 235 6852 1345 629 481 6745 6644 5723 921 815 337
internal_count=8588 1736 1580 235 6852 1345 629 481 6745 6644 5723 921 815 337
cat_boundaries=0 1 2
cat_threshold=538476549 346
is_linear=0
shrinkage=0.03


Tree=266
num_leaves=15
num_cat=1
split_feature=24 38 1 13 30 26 26 29 1 1 37 27 27 23
split_gain=0.224508 0.178029 0.449849 0.582742 0.424891 0.421189 0.33443 0.384694 0.362888 0.304307 0.885988 0.578258 0.904699 0.575794
threshold=673.12316666666027 1.6919028817953892 25.500000000000004 1.0000000180025095e-35 238.65000000000001 0.06186224489795919 0.020869565217391309 4.5000000000000009 32.500000000000007 25.500000000000004 0 30.585781250000004 29.666261574074078 15.500000000000002
decision_type=10 2 2 2 2 10 8 2 2 2 9 2 2 2
left_child=1 5 3 -3 -5 6 7 9 -9 10 -1 12 -11 -12
right_child=-2 2 -4 4 -6 -7 -8 8 -10 11 13 -13 -14 -15
leaf_value=-0.00080881092910139746 -0.0011228958694762254 0.0020356818962578558 -0.00052601429305654994 -0.00048381270255057861 0.0016770436103446501 0.0011206621709600227 -0.00038786570085019622 0.0026939709142316135 0.00015075474833686121 0.00023691056810973434 -0.00022536222211696875 -0.0018856088820716392 0.0028317701609557842 0.0015841387286782264
leaf_weight=985 173 151 1630 433 101 316 1509 100 102 2188 335 106 128 300
leaf_count=985 173 151 1630 433 101 316 1509 100 102 2188 335 106 128 300
internal_value=-5.31543e-05 -3.10806e-05 -0.000254914 0.000390188 -7.51114e-05 5.42997e-05 -4.27334e-06 0.000132117 0.00140977 6.82659e-05 -0.000250013 0.000281153 0.000380322 0.00061976
internal_weight=8557 8384 2315 685 534 6069 5753 4244 202 4042 1620 2422 2316 635
internal_count=8557 8384 2315 685 534 6069 5753 4244 202 4042 1620 2422 2316 635
cat_boundaries=0 1
cat_threshold=450922624
is_linear=0
shrinkage=0.03


Tree=267
num_leaves=15
num_cat=0
split_feature=22 31 31 24 28 31 28 28 30 1 22 22 5 30
split_gain=0.584342 0.238844 0.307889 0.246825 0.402835 0.599033 0.392983 0.369457 0.345518 0.598075 0.525891 0.56519 0.647766 0.546337
threshold=11720.000000000002 0.62923872590659724 0.6909759149202378 263.3524999999924 15.638628472222225 1.9617718730540388 14.014756944444445 20.464664351851855 105.50000000000001 40.500000000000007 6444.0500000000002 2325.4227500000002 0.060650000000000003 142.42500000000004
decision_type=2 8 8 10 2 10 2 2 2 2 2 2 2 2
left_child=1 -1 -3 4 6 -6 8 -5 -4 -10 11 13 -13 -11
right_child=-2 2 3 7 5 -7 -8 -9 9 10 -12 12 -14 -15
leaf_value=-0.0004896804161298884 -0.0017218787661840906 0.0016568971166617894 0.00022396868028998576 0.00023533980207763753 -0.0028448407044885929 -0.00018482739197264172 0.0018787694906056305 0.001798529005423188 -0.00064777261859740563 -0.0011434296806987032 -0.0010308519970549013 0.0034535749767991624 0.0005899488757739761 0.00065135414527952489
leaf_weight=742 176 109 2822 1466 111 243 101 150 1517 227 237 110 201 466
leaf_count=742 176 109 2822 1466 111 243 101 150 1517 227 237 110 201 466
internal_value=-1.08823e-05 2.4537e-05 7.37058e-05 5.11508e-05 -3.70228e-05 -0.0010189 2.41609e-05 0.000380438 -9.40823e-06 -0.000248201 0.000240237 0.000540284 0.00160281 6.34524e-05
internal_weight=8678 8502 7760 7651 6035 354 5681 1616 5580 2758 1241 1004 311 693
internal_count=8678 8502 7760 7651 6035 354 5681 1616 5580 2758 1241 1004 311 693
is_linear=0
shrinkage=0.03


Tree=268
num_leaves=15
num_cat=3
split_feature=24 35 28 36 23 37 28 17 32 30 1 22 0 30
split_gain=0.382066 0.312764 0.457517 0.380084 0.41428 0.446585 0.31077 0.481265 0.47593 0.361415 0.305083 0.170748 0.486026 0.740754
threshold=15.979166666666389 0 6.4242476851851862 1 14.500000000000002 2 15.638628472222225 1.0000000180025095e-35 10.500000000000002 252.12500000000003 43.500000000000007 5324.3125000000009 8.5000000000000018 107.30000000000001
decision_type=8 1 2 9 2 9 2 2 2 2 2 2 2 2
left_child=1 2 3 4 -1 -6 11 8 -8 -10 -7 -2 13 -13
right_child=6 -3 -4 -5 5 10 7 -9 9 -11 -12 12 -14 -15
leaf_value=0.00096748821574804038 0.00014761129934640698 -0.001648559318435174 -0.001736716552253778 0.0015362453380320222 0.00072799147167978311 -0.0028083146703852847 0.00064021613261300238 0.00082414795887792444 -0.0026964351521286825 -0.00076930951455590096 -0.00064607100367235638 0.0018946626292619905 -0.0011520682431259894 -0.00036611185019383126
leaf_weight=155 5956 195 162 115 104 110 108 156 159 195 126 174 365 521
leaf_count=155 5956 195 162 115 104 110 108 156 159 195 126 174 365 521
internal_value=-4.27954e-05 -0.000604591 -0.000315454 5.68243e-05 -0.00031162 -0.000903907 2.83674e-05 -0.000616567 -0.00110304 -0.00163488 -0.00158666 8.5176e-05 -0.00026564 0.000199895
internal_weight=8601 967 772 610 495 340 7634 618 462 354 236 7016 1060 695
internal_count=8601 967 772 610 495 340 7634 618 462 354 236 7016 1060 695
cat_boundaries=0 1 2 3
cat_threshold=11 52 583008384
is_linear=0
shrinkage=0.03


Tree=269
num_leaves=15
num_cat=2
split_feature=31 1 31 23 22 35 24 24 23 36 30 30 30 23
split_gain=0.229909 0.434718 0.241223 0.264494 0.204416 0.362681 0.424785 0.587654 0.443738 0.379677 0.367279 0.511177 0.518618 0.538384
threshold=5.3583467094703057 90.500000000000014 6.0013333333333341 126.50000000000001 1032.6000000000001 0 82.384499999999989 116.65266666666663 135.50000000000003 1 52.500000000000007 140.40000000000003 227.05000000000004 110.50000000000001
decision_type=10 2 10 2 2 1 10 10 2 9 2 2 2 2
left_child=4 2 -2 -4 -1 -6 8 9 -7 -8 -9 -12 13 -13
right_child=1 -3 3 -5 5 6 7 10 -10 -11 11 12 -14 -15
leaf_value=-0.00018987079405448991 -0.0022485516289757054 0.0010524633351818502 -0.0011775190785328121 0.00051425433569238514 0.0014692611891465881 -6.1785279911632913e-05 0.00050269585237382099 0.0018805138614634502 -0.0012813012952967765 0.0027179022121283964 -0.00094946910533887888 0.00030849548614349194 -0.0002501647902327849 0.0019580319156311454
leaf_weight=3672 110 113 271 120 161 1224 175 103 344 127 381 619 880 250
leaf_count=3672 110 113 271 120 161 1224 175 103 344 127 381 619 880 250
internal_value=-6.90697e-05 -0.000628354 -0.00100746 -0.000658305 -2.57985e-05 0.000115495 5.86495e-05 0.000298863 -0.000329332 0.0015409 0.000130885 4.62788e-05 0.000263191 0.000783046
internal_weight=8550 614 501 391 7936 4264 4103 2535 1568 302 2233 2130 1749 869
internal_count=8550 614 501 391 7936 4264 4103 2535 1568 302 2233 2130 1749 869
cat_boundaries=0 1 2
cat_threshold=4 48
is_linear=0
shrinkage=0.03


Tree=270
num_leaves=15
num_cat=1
split_feature=27 37 31 17 31 31 23 30 13 31 30 31 5 23
split_gain=0.197762 0.275875 0.220876 0.175172 0.170608 0.361545 0.385432 0.470506 0.310354 0.249624 0.47412 0.372601 0.330014 0.37507
threshold=6.9996585648148155 0 1.9733563969785732 3.5000000000000004 0.35714348202647267 1.0823369463999704 22.500000000000004 87.500000000000014 1.0000000180025095e-35 2.308391608391609 324.57500000000005 2.3685450375054251 0.11435000000000002 72.500000000000014
decision_type=2 9 10 2 8 8 2 2 2 10 2 10 2 2
left_child=-1 2 -2 4 8 6 7 -6 -3 12 11 -11 13 -7
right_child=1 3 -4 -5 5 9 -8 -9 -10 10 -12 -13 -14 -15
leaf_value=-0.00099548958488650469 0.00013250716701804777 -0.00038715140589197972 0.0019482127728176573 0.0011242685051685247 -0.00060819014567124871 5.1466629039200589e-05 -0.0008659462663405047 0.0015401004073240297 0.0015742524961732621 -0.0019037555730901656 0.001174506842916303 -0.00025414482920116838 -0.00021290688383545405 0.00083108484687739953
leaf_weight=195 128 139 114 111 227 1343 970 154 152 130 201 2367 1384 947
leaf_count=195 128 139 114 111 227 1343 970 154 152 130 201 2367 1384 947
internal_value=-5.10544e-05 -2.90436e-05 0.00094864 -5.92581e-05 -7.57248e-05 -0.000102594 -0.000548373 0.000260148 0.000637362 -8.07898e-06 -0.000227195 -0.000340028 0.000152829 0.000373868
internal_weight=8562 8367 242 8125 8014 7723 1351 381 291 6372 2698 2497 3674 2290
internal_count=8562 8367 242 8125 8014 7723 1351 381 291 6372 2698 2497 3674 2290
cat_boundaries=0 1
cat_threshold=134217928
is_linear=0
shrinkage=0.03


Tree=271
num_leaves=15
num_cat=2
split_feature=27 27 37 25 33 22 20 37 6 21 27 22 1 1
split_gain=0.222316 0.226716 0.228217 0.478323 0.560365 0.697512 0.548321 0.476472 0.41098 0.495143 0.748676 0.375244 0.373145 0.367765
threshold=6.9996585648148155 30.999247685185189 0 0.4497297297297298 1.0000000180025095e-35 1711.7312500000005 1.0000000180025095e-35 1 1.0000000180025095e-35 79.200000000000003 14.124722222222223 2751.3490000000006 28.500000000000004 222.50000000000003
decision_type=2 2 9 8 2 2 2 9 2 2 2 2 2 2
left_child=-1 2 3 6 7 -6 8 11 9 10 -2 -5 -11 -4
right_child=1 -3 13 4 5 -7 -8 -9 -10 12 -12 -13 -14 -15
leaf_value=-0.00090733339803752153 0.00030968169665670597 -0.00114826326110051 -5.2804926159278147e-05 0.00042004913056094045 0.00055634885056581897 0.0032166438676040645 -0.002223436109447253 0.0016986854711680539 -0.00063326509530106396 -0.0012064330334747402 0.0031331731828115879 -0.00073032896596409152 0.00085877649310128973 0.0017762085521077313
leaf_weight=204 261 130 4855 1175 215 151 105 200 488 193 125 326 133 101
leaf_count=204 261 130 4855 1175 215 151 105 200 488 193 125 326 133 101
internal_value=7.12926e-05 9.48963e-05 0.000114302 0.000304222 0.000589029 0.0016539 -0.000144555 0.000359903 3.73466e-05 0.000496979 0.00122402 0.000169074 -0.000363878 -1.54996e-05
internal_weight=8662 8458 8328 3372 2067 366 1305 1701 1200 712 386 1501 326 4956
internal_count=8662 8458 8328 3372 2067 366 1305 1701 1200 712 386 1501 326 4956
cat_boundaries=0 1 2
cat_threshold=1244413068 1074006144
is_linear=0
shrinkage=0.03


Tree=272
num_leaves=15
num_cat=1
split_feature=30 27 20 37 33 0 38 38 23 27 22 13 24 27
split_gain=0.348391 0.335869 0.564588 0.39264 0.739662 0.486628 0.363711 0.912081 1.38479 0.629926 0.309505 0.307162 0.29434 0.286184
threshold=230.07500000000002 17.003738425925928 1.0000000180025095e-35 0 1.0000000180025095e-35 6.5000000000000009 1.3998054003980769 1.5327642771159449 71.500000000000014 24.683640046296301 597.00775000000021 0.50000000000000011 335.07299999999589 30.998784722222226
decision_type=2 2 2 9 2 2 2 2 2 2 2 2 8 2
left_child=1 3 6 4 5 -1 10 8 -8 -9 -3 12 -11 -2
right_child=13 2 -4 -5 -6 -7 7 9 -10 11 -12 -13 -14 -15
leaf_value=-0.0002142335076753358 -0.00053453307583746555 -0.0016925448474760811 0.0022174422945162018 3.2594954035747768e-05 0.0011791740907568437 -0.0025557720084194444 -0.00067293448619378839 0.0013705144187219308 0.0036934150092301104 -0.0007700824456467097 3.0021977326587626e-05 -0.0020259733855611185 0.0011820774004328994 0.0011018954424042869
leaf_weight=133 1453 117 147 4915 114 200 104 210 176 228 475 107 100 103
leaf_count=133 1453 117 147 4915 114 200 104 210 176 228 475 107 100 103
internal_value=-2.00376e-05 6.99144e-05 0.000442254 -4.56344e-05 -0.000886699 -0.00162056 0.000270235 0.000641853 0.00207163 2.11749e-05 -0.000310418 -0.00063023 -0.000174912 -0.000426209
internal_weight=8582 7026 1664 5362 447 333 1517 925 280 645 592 435 328 1556
internal_count=8582 7026 1664 5362 447 333 1517 925 280 645 592 435 328 1556
cat_boundaries=0 1
cat_threshold=153106432
is_linear=0
shrinkage=0.03


Tree=273
num_leaves=15
num_cat=1
split_feature=31 24 28 30 35 32 26 28 5 5 27 28 1 7
split_gain=0.239958 0.398226 0.258408 0.229619 0.376274 0.360774 0.297513 0.409672 0.515159 0.402913 0.4035 0.509747 0.328701 0.293958
threshold=0.91867732558139548 7.486666666665756 25.087922453703708 82.500000000000014 0 1.5000000000000002 0.054093567251461992 3.876163194444445 0.21825000000000003 0.43650000000000005 11.974820601851855 0.53105902777777791 29.500000000000004 1.0000000180025095e-35
decision_type=10 8 2 2 1 2 8 2 2 2 2 2 2 2
left_child=1 -1 3 4 -2 -5 9 8 -8 10 -6 12 -12 -13
right_child=2 -3 -4 5 6 -7 7 -9 -10 -11 11 13 -14 -15
leaf_value=-0.0018710875840321794 -0.00075660941478916091 -0.00022658047578658921 -0.0012219901417526576 -0.0013602295153600985 -0.00012837829713800003 3.9159302865583514e-06 -0.0010076168447992701 0.0016051425722385334 0.0014257595312836416 -0.00093333393873339424 0.0031640926784537028 0.0016090769192968041 0.0013804878390822394 -0.00034242693856644457
leaf_weight=146 231 1436 145 181 201 4847 337 110 102 103 159 117 224 171
leaf_count=146 231 1436 145 181 201 4847 337 110 102 103 159 117 224 171
internal_value=-4.49806e-05 -0.000378349 3.11437e-05 5.79319e-05 0.000353375 -4.51911e-05 0.000523152 -3.20104e-05 -0.000442231 0.000841118 0.00105071 0.00140392 0.00212094 0.000450372
internal_weight=8510 1582 6928 6783 1755 5028 1524 549 439 975 872 671 383 288
internal_count=8510 1582 6928 6783 1755 5028 1524 549 439 975 872 671 383 288
cat_boundaries=0 1
cat_threshold=4
is_linear=0
shrinkage=0.03


Tree=274
num_leaves=15
num_cat=0
split_feature=30 38 29 28 30 30 21 32 30 30 17 38 38 32
split_gain=0.186669 0.456334 0.443291 0.428182 0.312531 0.365165 0.391449 0.333806 0.299476 0.791339 0.37145 0.600397 0.714103 0.455238
threshold=304.85000000000008 2.1247279273171897 2.5000000000000004 10.284861111111114 277.02500000000003 260.75000000000006 91.450000000000003 24.500000000000004 180.25000000000003 175.10000000000002 1.5000000000000002 1.808646211451852 1.6657596917213222 10.500000000000002
decision_type=2 2 2 2 2 2 2 2 2 2 2 2 2 2
left_child=1 4 3 -2 5 8 -7 -6 9 -1 11 12 13 -10
right_child=2 -3 -4 -5 7 6 -8 -9 10 -11 -12 -13 -14 -15
leaf_value=9.9371383308285971e-05 0.00086225948213825563 -0.0019639936722267199 0.001887943791358799 -0.0015699756481544166 0.00017260644746980126 9.7878840193152424e-05 0.0023334096742380771 -0.001914179467071057 -0.0018741326268718692 0.0024755875926009961 0.00098172726265814453 -0.0020905363766408874 0.0013510300616100823 -0.00026409427075013079
leaf_weight=5678 169 102 166 106 130 150 133 147 192 129 180 179 213 894
leaf_count=5678 169 102 166 106 130 150 133 147 192 129 180 179 213 894
internal_value=6.26024e-05 2.99833e-05 0.000663726 -7.52566e-05 5.53273e-05 9.07263e-05 0.0011485 -0.000934821 5.06259e-05 0.000152158 -0.000304982 -0.000461685 -0.000237232 -0.000548742
internal_weight=8568 8127 441 275 8025 7748 283 277 7465 5807 1658 1478 1299 1086
internal_count=8568 8127 441 275 8025 7748 283 277 7465 5807 1658 1478 1299 1086
is_linear=0
shrinkage=0.03


Tree=275
num_leaves=15
num_cat=2
split_feature=31 31 37 38 30 37 32 28 28 31 31 21 31 31
split_gain=0.315718 0.486926 0.407408 0.3749 0.338656 0.293673 0.261852 0.49169 0.472732 0.317877 0.365789 0.500926 0.408622 0.309733
threshold=0.62923872590659724 0.71691003666217534 0 1.7224058737958026 69.250000000000014 1 27.500000000000004 20.991348379629631 16.50072916666667 7.7898305084745774 1.8048797023563459 193.00000000000003 1.7085313261190753 1.839223276723277
decision_type=8 8 9 2 2 9 2 2 2 10 8 2 10 8
left_child=2 -2 -1 4 -4 -3 7 8 9 10 11 12 -7 -12
right_child=1 5 3 -5 -6 6 -8 -9 -10 -11 13 -13 -14 -15
leaf_value=-0.0022278916454451362 0.0018844767124112695 -0.00036536623243920194 0.00046292800627635165 -0.0016509755580902915 -0.0014398556150263175 0.00017492204894208245 -0.00045244587007233411 0.0015727508449725693 -0.0014051455386700886 0.0016723198824481976 -0.0017162486630519038 0.0023957593158014457 0.0016758081847656286 -3.9863150531022083e-05
leaf_weight=109 125 1585 409 146 106 1755 702 214 180 122 103 110 180 2684
leaf_count=109 125 1585 409 146 106 1755 702 214 180 122 103 110 180 2684
internal_value=-3.02695e-05 2.72229e-05 -0.000609674 -0.000304515 7.12871e-05 -3.18399e-06 9.21534e-05 0.000163812 0.000105083 0.000159956 0.000121772 0.000426488 0.000314539 -0.000101818
internal_weight=8530 7760 770 661 515 7635 6050 5348 5134 4954 4832 2045 1935 2787
internal_count=8530 7760 770 661 515 7635 6050 5348 5134 4954 4832 2045 1935 2787
cat_boundaries=0 1 2
cat_threshold=203423748 562869157
is_linear=0
shrinkage=0.03


Tree=276
num_leaves=15
num_cat=0
split_feature=6 17 24 24 31 27 31 32 22 17 23 28 22 22
split_gain=0.204447 0.426509 0.46573 0.398974 0.379286 0.708337 0.642557 0.434877 0.359278 0.317042 0.313726 0.307687 0.801221 0.641452
threshold=1.0000000180025095e-35 1.5000000000000002 973.2273333333527 477.90816666665728 1.7085313261190753 27.957916666666673 1.8048797023563459 2.5000000000000004 2593.2500000000005 1.5000000000000002 104.50000000000001 7.2364699074074084 1443.4020000000003 3884.0117500000001
decision_type=2 2 8 10 10 2 10 2 2 2 2 2 2 2
left_child=1 2 3 -1 5 -2 -6 -8 -3 11 -5 13 -13 -9
right_child=4 8 -4 10 6 -7 7 9 -10 -11 -12 12 -14 -15
leaf_value=0.00022908409987682939 -0.00029325478918532316 -0.0013979116382722911 0.0021337927317064305 0.00017714759946065896 0.0023639163906566392 -0.0024266117798889845 0.0014813530121112839 -0.0010652870560878952 0.00069429027785703834 0.0010471538651861834 -0.0020853935878031049 0.0013253245037170322 -0.00092634305893039587 0.0012827989850719009
leaf_weight=4517 1372 275 111 100 109 156 159 673 101 172 123 288 281 124
leaf_count=4517 1372 275 111 100 109 156 159 673 101 172 123 288 281 124
internal_value=2.03794e-05 0.000137466 0.000212912 0.000167929 -0.000163187 -0.000511058 0.000131136 -1.22772e-05 -0.000835911 -0.00016669 -0.0010708 -0.000319532 0.000213341 -0.000699964
internal_weight=8561 5227 4851 4740 3334 1528 1806 1697 376 1538 223 1366 569 797
internal_count=8561 5227 4851 4740 3334 1528 1806 1697 376 1538 223 1366 569 797
is_linear=0
shrinkage=0.03


Tree=277
num_leaves=15
num_cat=0
split_feature=27 25 38 38 31 27 31 24 28 13 38 17 38 24
split_gain=0.259828 0.308628 0.287634 0.456636 0.32694 0.281481 0.343213 0.269013 0.510423 0.397754 0.522761 0.603339 0.419928 0.472443
threshold=13.999646990740741 0.13818181818181821 1.8901161922517982 1.7500423721254474 1.6696380125571664 13.99941550925926 1.7262355831286176 263.3524999999924 18.654953703703708 0.50000000000000011 1.4162197106192453 1.5000000000000002 1.37536191954252 533.18250000001296
decision_type=2 10 2 2 8 2 10 10 2 2 2 2 2 10
left_child=1 -1 3 -3 -5 6 -4 -2 9 12 -11 -12 -9 -14
right_child=7 2 5 4 -6 -7 -8 8 -10 10 11 -13 13 -15
leaf_value=0.00096106892684474584 4.2289175881937264e-05 -0.00018538563324991406 8.3008491575518357e-05 -0.00040858735834540388 -0.0022194288992949834 -0.00051418701074804171 0.0024588874772312904 -0.00029753094984972227 0.0020017587240157729 0.0010462688386591867 -0.0023829832882297018 0.0004806052458505811 0.0015898869555230097 -0.00054277891499237988
leaf_weight=209 3695 2607 112 177 182 131 107 266 184 139 162 112 450 118
leaf_count=209 3695 2607 112 177 182 131 107 266 184 139 162 112 450 118
internal_value=4.11978e-05 -0.000157065 -0.000227538 -0.000323519 -0.00132662 0.000585827 0.00124383 0.000177537 0.000526763 0.000309121 -0.000452262 -0.00121247 0.000686161 0.00114683
internal_weight=8651 3525 3316 2966 359 350 219 5126 1431 1247 413 274 834 568
internal_count=8651 3525 3316 2966 359 350 219 5126 1431 1247 413 274 834 568
is_linear=0
shrinkage=0.03


Tree=278
num_leaves=15
num_cat=1
split_feature=5 1 22 30 22 0 37 31 23 31 32 25 1 22
split_gain=0.461477 0.622044 0.374351 0.269509 0.19126 0.19694 0.268697 0.206636 0.272465 0.311495 0.350504 0.752 0.60484 0.252498
threshold=0.61250000000000016 52.500000000000007 1219.8040000000001 2.2500000000000004 10928.000000000002 16.500000000000004 0 5.3583467094703057 186.50000000000003 3.4211241418764309 23.500000000000004 0.51925925925925942 55.500000000000007 1461.1986250000002
decision_type=2 2 2 2 2 2 9 10 2 10 2 10 2 2
left_child=3 2 -2 -1 5 6 -5 8 9 -8 11 12 -11 -9
right_child=1 -3 -4 4 -6 -7 7 13 -10 10 -12 -13 -14 -15
leaf_value=-0.0013888176565524191 0.00087704194777056966 -0.00060477153246756639 0.0033417926184160429 0.0013000946261761885 -0.00089385139746401383 -0.00085820543012865211 6.5780761330845247e-05 1.829828754953432e-05 -0.000948232765281884 -0.00064883540704613546 -0.00024944069742140033 0.0033150526199034209 0.0020075666993701205 -0.0012870856998110742
leaf_weight=122 114 120 108 149 196 207 6102 334 217 180 208 116 135 222
leaf_count=122 114 120 108 149 196 207 6102 334 217 180 208 116 135 222
internal_value=5.57631e-05 0.00113545 0.00207611 1.06663e-05 3.18338e-05 5.48877e-05 7.9553e-05 5.35486e-05 9.80916e-05 0.000131774 0.000761962 0.00125006 0.000489623 -0.000502916
internal_weight=8530 342 222 8188 8066 7870 7663 7514 6958 6741 639 431 315 556
internal_count=8530 342 222 8188 8066 7870 7663 7514 6958 6741 639 431 315 556
cat_boundaries=0 1
cat_threshold=2097152
is_linear=0
shrinkage=0.03


Tree=279
num_leaves=15
num_cat=1
split_feature=27 31 37 20 1 27 27 24 28 0 24 25 31 25
split_gain=0.249368 0.315607 0.269719 0.585107 0.456393 0.63969 0.984603 0.787374 0.457859 0.681907 0.474796 0.437945 0.319537 0.280611
threshold=6.9996585648148155 0.1106014271151886 0 1.0000000180025095e-35 20.500000000000004 13.999531250000002 13.999982638888889 52.772333333333087 1.0000000180025095e-35 10.500000000000002 63.82650000000141 0.49489795918367352 1.1144551101072844 0.28285714285714292
decision_type=2 8 9 2 2 2 2 10 2 2 8 10 8 8
left_child=-1 -2 3 4 5 7 -7 -3 9 11 -10 12 -6 -11
right_child=1 2 -4 -5 8 6 -8 -9 10 13 -12 -13 -14 -15
leaf_value=-0.0010989159982215376 0.0015707351788143186 0.0043652368877904815 -0.00010367399442654309 -0.0018828989117692157 -0.00017132646154745349 -0.0010962458411474167 0.0023778476376995262 0.00069799364069177681 0.0019493129050754236 -2.6808654589471049e-05 -0.0004299205974446701 0.00057551436456701455 -0.002109383942410475 0.0021564877511829963
leaf_weight=189 114 102 6623 101 112 180 124 109 198 104 122 124 242 108
leaf_count=189 114 102 6623 101 112 180 124 109 198 104 122 124 242 108
internal_value=-2.13142e-05 3.03913e-06 -1.86262e-05 0.000326419 0.000474882 0.00120168 0.000320819 0.00247078 0.000104288 -0.0003307 0.00104223 -0.000958778 -0.00149621 0.00108544
internal_weight=8552 8363 8249 1626 1525 515 304 211 1010 690 320 478 354 212
internal_count=8552 8363 8249 1626 1525 515 304 211 1010 690 320 478 354 212
cat_boundaries=0 1
cat_threshold=1218998344
is_linear=0
shrinkage=0.03


Tree=280
num_leaves=15
num_cat=3
split_feature=27 24 27 1 38 27 37 30 37 36 30 5 38 38
split_gain=0.259524 0.617777 0.360324 0.385213 0.260776 0.235578 0.254546 0.202092 0.453326 0.310954 0.293689 0.353401 0.282437 0.345341
threshold=30.512980324074078 194.20583333333272 29.624641203703707 27.500000000000004 1.5177778120740018 6.9996585648148155 0 37.250000000000007 1 2 42.250000000000007 0.40835000000000005 1.6849137139248793 1.4404135773235456
decision_type=2 10 2 2 2 2 9 2 9 9 2 2 2 2
left_child=2 -2 5 -4 -3 -1 -7 8 12 -10 -9 -12 13 -8
right_child=1 4 3 -5 -6 6 7 10 9 -11 11 -13 -14 -15
leaf_value=-0.00098122379721795206 -0.0018368956380453349 0.001117522508480201 -5.6622075784650651e-05 0.0019403032653979837 -0.00072562720709209961 0.0013411938138407371 -0.0012897583831633841 0.0013001364841033797 0.00058927345358701958 -0.00077112687440500664 -1.5101674003717486e-05 0.0006621858447420719 -0.0018706973907683276 0.0005036700464389677
leaf_weight=199 215 156 161 189 124 128 210 182 523 202 5119 802 192 179
leaf_count=199 215 156 161 189 124 128 210 182 523 202 5119 802 192 179
internal_value=3.93865e-05 -0.000627428 8.02068e-05 0.00102172 0.00030127 3.761e-05 6.45104e-05 4.0589e-05 -0.000298057 0.000204903 0.000113123 7.6637e-05 -0.000913479 -0.000464505
internal_weight=8581 495 8086 350 280 7736 7537 7409 1306 725 6103 5921 581 389
internal_count=8581 495 8086 350 280 7736 7537 7409 1306 725 6103 5921 581 389
cat_boundaries=0 1 2 3
cat_threshold=134217792 553468208 17
is_linear=0
shrinkage=0.03


Tree=281
num_leaves=15
num_cat=3
split_feature=2 31 38 35 24 0 36 23 31 17 38 23 35 32
split_gain=0.222058 0.39305 0.394705 1.28986 0.40209 0.38118 0.35694 0.323341 0.302802 0.325397 0.284395 0.300838 0.42473 0.396586
threshold=1.0000000180025095e-35 1.5380656807169777 1.8634251031291942 0 375.1326666666684 7.5000000000000009 1 127.50000000000001 1.6235054850240356 1.0000000180025095e-35 2.0563436588022119 169.00000000000003 2 23.500000000000004
decision_type=2 8 2 1 10 2 9 2 10 2 2 2 1 2
left_child=1 2 4 -4 6 -5 -1 8 9 -2 11 12 -3 -13
right_child=7 10 3 5 -6 -7 -8 -9 -10 -11 -12 13 -14 -15
leaf_value=0.00083689271995659174 4.5620378294123186e-05 0.00029057859357739779 0.0014526111293845332 -0.0037746058300868655 0.0015190045919565034 -0.0013440782723831027 -0.00028912978830060568 -0.0011228840562282128 -0.00053295140004506222 0.0020481290846827973 0.0016283453555264384 0.0015753755302763525 -0.00046404313336046165 -0.00026610371786869646
leaf_weight=279 251 3168 113 107 137 127 2069 350 471 103 132 304 842 161
leaf_count=279 251 3168 113 107 137 127 2069 350 471 103 132 304 842 161
internal_value=2.44301e-05 8.4966e-05 -0.000193166 -0.00114095 -6.0819e-05 -0.00235484 -0.000152998 -0.000358827 -3.46813e-05 0.000628271 0.000255938 0.000215456 0.000131694 0.000937788
internal_weight=8614 7439 2832 347 2485 234 2348 1175 825 354 4607 4475 4010 465
internal_count=8614 7439 2832 347 2485 234 2348 1175 825 354 4607 4475 4010 465
cat_boundaries=0 1 2 3
cat_threshold=6 3 25
is_linear=0
shrinkage=0.03


Tree=282
num_leaves=15
num_cat=1
split_feature=17 30 10 1 31 35 30 27 27 30 30 31 27 27
split_gain=0.298514 0.326024 0.228526 0.276075 0.199958 0.185594 0.420582 0.381959 0.433335 0.297055 0.440129 0.284423 0.456377 0.362083
threshold=3.5000000000000004 387.75000000000006 1.0000000180025095e-35 25.500000000000004 0.1106014271151886 0 213.07500000000002 18.999762731481486 13.999901620370371 72.500000000000014 107.30000000000001 1.0823369463999704 13.999322916666669 13.999484953703705
decision_type=2 2 2 2 8 1 2 2 2 2 2 8 2 2
left_child=1 2 3 -1 -4 6 7 8 11 -10 -11 13 -13 -6
right_child=-2 -3 4 -5 5 -7 -8 -9 9 10 -12 12 -14 -15
leaf_value=0.00026768127165269109 0.0014324317881042456 0.00163793081392322 0.0011773461161055049 -0.0017319806149659923 -0.0015485244700352528 -0.00015888751007218157 0.001767229673285961 -0.00112557169072203 5.2283942375494087e-05 0.0032539447401627643 0.00054830323155712047 0.00090645257263644648 -0.00027108921660532853 0.00057615851085971695
leaf_weight=102 123 101 118 159 210 5647 138 220 138 103 114 483 766 110
leaf_count=102 123 101 118 159 210 5647 138 220 138 103 114 483 766 110
internal_value=-3.47962e-05 -5.62577e-05 -7.68538e-05 -0.000950504 -4.85175e-05 -6.67609e-05 0.000161204 5.85829e-05 0.000193985 0.0011405 0.00183255 -2.01724e-05 0.000184277 -0.000818165
internal_weight=8532 8409 8308 261 8047 7929 2282 2144 1924 355 217 1569 1249 320
internal_count=8532 8409 8308 261 8047 7929 2282 2144 1924 355 217 1569 1249 320
cat_boundaries=0 1
cat_threshold=18
is_linear=0
shrinkage=0.03


Tree=283
num_leaves=15
num_cat=1
split_feature=24 25 25 22 38 38 25 24 21 36 1 30 32 24
split_gain=0.338823 0.474525 0.189543 0.649744 0.302419 0.518903 0.500303 0.351129 0.288035 0.236104 0.27074 0.338581 0.436439 0.647663
threshold=533.18250000001296 0.51925925925925942 0.46863636363636368 7451.8250000000016 1.775397581923065 1.6772641188331379 0.51925925925925942 82.384499999999989 105.87500000000001 0 101.50000000000001 40.250000000000007 11.500000000000002 49.605666666665861
decision_type=10 10 8 2 2 2 10 10 2 9 2 2 2 10
left_child=2 -2 9 4 5 8 -6 -7 -4 -1 11 -11 13 -13
right_child=1 -3 3 -5 6 7 -8 -9 -10 10 -12 12 -14 -15
leaf_value=9.6130192732060173e-05 0.00035586050453795384 -0.001774342448431449 0.00024967581444667003 0.0026127489649361985 0.00049017489750646738 0.00029772093067211762 -0.0018603180226101398 0.0025998187701106474 -0.00091294848604092107 0.001279559154290615 -0.0015852988897662222 0.00028648652427364139 0.00016735548006399767 -0.0017433754084424484
leaf_weight=3541 168 214 2328 102 163 105 163 138 209 123 145 231 650 365
leaf_count=3541 168 214 2328 102 163 105 163 138 209 123 145 231 650 365
internal_value=3.6e-05 -0.000837499 7.63821e-05 0.000256746 0.000179376 0.000280746 -0.000685072 0.00160509 0.000153898 -3.80805e-05 -0.000350299 -0.00022205 -0.000370283 -0.000956634
internal_weight=8645 382 8263 3208 3106 2780 326 243 2537 5055 1514 1369 1246 596
internal_count=8645 382 8263 3208 3106 2780 326 243 2537 5055 1514 1369 1246 596
cat_boundaries=0 1
cat_threshold=21
is_linear=0
shrinkage=0.03


Tree=284
num_leaves=15
num_cat=2
split_feature=24 37 38 27 28 0 30 30 31 17 31 38 35 23
split_gain=0.23343 0.198508 0.32216 0.292623 0.298135 0.338864 0.178657 0.609368 0.35994 0.377332 0.586101 0.357159 0.333625 0.308258
threshold=770.65416666668386 0 1.6557255528732544 11.374409722222223 4.402997685185186 6.5000000000000009 179.02500000000003 170.12500000000003 1.1353641777370593 1.5000000000000002 2.2152717697949975 2.0142380429532039 1 72.500000000000014
decision_type=10 9 2 2 2 2 2 2 10 2 10 2 1 2
left_child=1 2 3 -1 5 -5 7 11 -8 -10 -11 -3 -13 -9
right_child=-2 6 -4 4 -6 -7 8 13 9 10 -12 12 -14 -15
leaf_value=-0.0019316391209327935 0.0013130715815639047 0.00011918765861214262 0.00083443957170213222 0.0011793813866437378 -0.0018129927486713441 -0.00071153586204431582 -0.0017970811757139669 0.00059617097758584553 -0.00022239444791510437 0.0027733227676633595 -0.00013168810112646742 0.00024238276591782745 -0.0019699533275577357 0.0027000409116944633
leaf_weight=149 121 4623 137 137 105 226 117 135 2213 101 164 109 136 117
leaf_count=149 121 4623 137 137 105 226 117 135 2213 101 164 109 136 117
internal_value=4.71521e-06 -1.39778e-05 -0.000475251 -0.000773761 -0.00040512 2.1161e-06 3.16782e-05 0.000134497 -0.000171063 -9.42898e-05 0.000975505 6.00318e-05 -0.0010562 0.00157297
internal_weight=8590 8469 754 617 468 363 7715 5120 2595 2478 265 4868 245 252
internal_count=8590 8469 754 617 468 363 7715 5120 2595 2478 265 4868 245 252
cat_boundaries=0 1 2
cat_threshold=1208324611 6
is_linear=0
shrinkage=0.03


Tree=285
num_leaves=15
num_cat=1
split_feature=38 27 23 38 31 37 1 23 21 38 38 30 38 22
split_gain=0.243017 0.222088 0.198585 0.674334 0.956169 0.851955 0.413321 0.373822 0.334636 0.29588 0.270543 0.383022 0.373453 0.464882
threshold=0.87105300439944 31.139942129629635 74.500000000000014 1.9022696358317035 1.5004810776138553 0 54.500000000000007 77.500000000000014 62.500000000000007 1.4252194742187168 1.3162753872393453 26.165000000000003 1.4141565041898503 1182.1500000000003
decision_type=2 2 2 2 8 9 2 2 2 2 2 2 2 2
left_child=-1 2 3 5 -5 6 9 -4 -8 -2 -7 -12 13 -13
right_child=1 -3 7 4 -6 10 8 -9 -10 -11 11 12 -14 -15
leaf_value=-0.0014191022068296339 0.00059175918507944089 -0.0012496270593617047 0.0019093572646379472 -0.00019217860303874425 0.0031391516944353024 0.00037995610935490543 -0.0011556125803617761 0.0001740153885505855 -0.0034990443170789887 -0.0011307172223818129 0.0010070697119067206 -0.0019630523411166153 -8.6374479654240327e-05 -2.0698345581288721e-05
leaf_weight=102 126 116 115 177 138 1210 120 3919 101 312 219 243 1470 204
leaf_count=102 126 116 115 177 138 1210 120 3919 101 312 219 243 1470 204
internal_value=3.64916e-05 5.40206e-05 7.21225e-05 -6.92202e-05 0.00126726 -0.000174337 -0.00115142 0.000223486 -0.00222659 -0.00063521 2.14781e-05 -0.000181492 -0.000317274 -0.00107661
internal_weight=8572 8470 8354 4320 315 4005 659 4034 221 438 3346 2136 1917 447
internal_count=8572 8470 8354 4320 315 4005 659 4034 221 438 3346 2136 1917 447
cat_boundaries=0 1
cat_threshold=271321112
is_linear=0
shrinkage=0.03


Tree=286
num_leaves=15
num_cat=3
split_feature=25 1 23 31 32 37 37 25 24 0 21 37 31 21
split_gain=0.273935 0.450017 0.658545 0.31457 0.351263 0.359917 0.300316 0.450385 0.492003 0.388991 0.35221 0.242099 0.334497 0.482185
threshold=0.17000000000000001 12.500000000000002 54.500000000000007 1.0133141338059373 1.0000000180025095e-35 0 1 0.51925925925925942 90.152000000001735 10.500000000000002 101.00000000000001 2 1.3814177727516221 101.00000000000001
decision_type=10 2 2 8 2 9 9 10 10 2 2 9 8 2
left_child=1 -1 -3 6 -5 -6 -2 8 9 -8 -10 -7 13 -13
right_child=3 2 -4 4 5 11 7 -9 10 -11 -12 12 -14 -15
leaf_value=0.0019935686728254388 0.00094178739600110715 0.0007788132314581963 -0.0013683003179787853 -0.0013556062838857529 0.0014032980459354196 -0.00074118378405858365 -0.00044648220523420344 -0.0020633520163697628 0.0014946548863284637 -0.0022320253314683214 -0.00037470660764956845 5.8342221403555196e-05 -2.0099954737953578e-06 0.0015546122119221143
leaf_weight=156 113 477 176 157 170 326 389 169 166 153 200 487 5183 322
leaf_count=156 113 477 176 157 170 326 389 169 166 153 200 487 5183 322
internal_value=2.03724e-05 0.000545945 0.000200112 -3.38955e-05 4.65471e-05 8.04772e-05 -0.00048309 -0.000635434 -0.000376663 -0.000950519 0.000473146 4.25952e-05 8.64012e-05 0.000653891
internal_weight=8644 809 653 7835 6645 6488 1190 1077 908 542 366 6318 5992 809
internal_count=8644 809 653 7835 6645 6488 1190 1077 908 542 366 6318 5992 809
cat_boundaries=0 1 2 3
cat_threshold=134217816 536903842 1075318791
is_linear=0
shrinkage=0.03


Tree=287
num_leaves=15
num_cat=0
split_feature=22 22 17 17 31 31 31 5 27 24 27 21 22 21
split_gain=0.21179 0.154495 0.177713 0.316783 0.313246 0.364764 0.337807 0.158477 0.440845 0.312624 0.282005 0.379647 0.388766 0.785337
threshold=10820.35 9756.2500000000018 3.5000000000000004 1.5000000000000002 3.7558696440645338 2.1603571428571429 1.567773832781554 0.045000000000000005 8.9101967592592608 5.2015000000000002 13.999947916666668 120.70833333333334 5081.2375000000002 70.958333333333357
decision_type=2 2 2 2 8 10 10 2 2 10 2 2 2 2
left_child=1 2 3 7 5 6 -5 10 -9 -10 11 12 -1 -14
right_child=-2 -3 -4 4 -6 -7 -8 8 9 -11 -12 -13 13 -15
leaf_value=-0.00018826104462925963 -0.001024342174197293 0.00080061665391549465 0.0010363022336682885 -0.0013621501999929728 0.00047351031095090815 -0.0023837086707137753 0.00070072859630052899 0.0016547612938920106 -0.0015147549867797947 -0.00023063266171453092 0.00030765075790486996 -0.001637654493546371 -0.00077660112381529279 0.0028394134807724343
leaf_weight=2315 220 175 122 186 136 149 116 106 183 2524 2035 148 102 115
leaf_count=2315 220 175 122 186 136 149 116 106 183 2524 2035 148 102 115
internal_value=-0.000105467 -8.14354e-05 -0.000100175 -0.000117261 -0.000788502 -0.00116906 -0.000569786 -6.49204e-05 -0.000243126 -0.000317443 4.1398e-05 -0.000160775 -7.44491e-05 0.00113972
internal_weight=8632 8412 8237 8115 587 451 302 7528 2813 2707 4715 2680 2532 217
internal_count=8632 8412 8237 8115 587 451 302 7528 2813 2707 4715 2680 2532 217
is_linear=0
shrinkage=0.03


Tree=288
num_leaves=15
num_cat=0
split_feature=25 30 13 23 38 25 38 38 24 27 32 23 5 22
split_gain=0.286079 0.239328 0.162915 0.726871 0.354102 0.464504 0.419563 0.466883 0.322607 0.318333 0.299145 0.267936 0.554353 0.699808
threshold=0.73666666666666669 45.050000000000004 0.50000000000000011 20.500000000000004 1.3653038506993593 0.47913043478260875 1.6171330948313154 1.9152691674019804 164.70933333333156 29.11533564814815 12.500000000000002 126.50000000000001 0.40835000000000005 1891.5441250000001
decision_type=10 2 2 2 2 10 2 2 10 2 2 2 2 2
left_child=2 -2 11 -4 10 6 -6 8 -8 -7 -5 -1 -13 -14
right_child=1 -3 3 4 5 9 7 -9 -10 -11 -12 12 13 -15
leaf_value=-0.00013959896910358642 -0.0018346189828994481 -0.00015519678829597276 0.0022159121428494866 -0.00043848566233033409 0.0014613246953781894 -0.00046491741856098309 6.0809688828885553e-05 0.0012716720431632902 -0.0023039010701338862 -0.0023721446403158972 0.0014046560609217871 8.9538543946572513e-05 0.0035574614123906941 5.0805938563176558e-05
leaf_weight=5221 138 171 161 114 185 241 100 107 108 117 260 1381 100 105
leaf_count=5221 138 171 161 114 185 241 100 107 108 117 260 1381 100 105
internal_value=-9.1381e-06 -0.00090523 2.46293e-05 0.000320224 7.24925e-05 -0.000263301 0.000327347 -0.000338639 -0.00116702 -0.00108823 0.000842843 -3.5862e-05 0.000305633 0.00176137
internal_weight=8509 309 8200 1393 1232 858 500 315 208 358 374 6807 1586 205
internal_count=8509 309 8200 1393 1232 858 500 315 208 358 374 6807 1586 205
is_linear=0
shrinkage=0.03


Tree=289
num_leaves=15
num_cat=1
split_feature=37 38 1 1 1 31 24 24 21 31 31 1 38 24
split_gain=0.24266 0.289835 0.353918 0.307465 0.490772 0.194282 0.158773 0.168374 0.264524 0.122567 0.386523 0.37742 0.583684 0.655471
threshold=0 1.5889311423337833 35.500000000000007 10.500000000000002 33.500000000000007 1.0611799304874792 770.65416666668386 533.18250000001296 84.075000000000003 1.0133141338059373 0.87253384912959397 55.500000000000007 1.5255583055047022 86.438000000000699
decision_type=9 2 2 2 2 10 10 10 2 10 10 2 2 8
left_child=1 3 -3 -1 -5 -6 7 9 -9 10 11 12 13 -2
right_child=6 2 -4 4 5 -7 -8 8 -10 -11 -12 -13 -14 -15
leaf_value=-0.002038024852408853 -0.0014609058848219078 -0.00082611096527324894 0.001620316356778718 0.0011019588200142606 -0.0021994475769662411 -0.0004306574186268382 0.0011180417673620888 0.00041767850839532908 -0.0015879597909716438 9.2483901194772346e-05 -0.0012051400528166835 -0.0006197138402135084 0.0013639805002603679 0.00084733141432516282
leaf_weight=160 218 109 104 120 107 117 117 100 145 5921 285 510 340 225
leaf_count=160 218 109 104 120 107 117 117 100 145 5921 285 510 340 225
internal_value=-2.73702e-05 -0.000551733 0.000368389 -0.000951541 -0.0004462 -0.00127557 2.11318e-05 4.58643e-06 -0.000769332 2.98711e-05 -0.000205066 1.53684e-05 0.000429024 -0.000288551
internal_weight=8578 717 213 504 344 224 7861 7744 245 7499 1578 1293 783 443
internal_count=8578 717 213 504 344 224 7861 7744 245 7499 1578 1293 783 443
cat_boundaries=0 1
cat_threshold=1208558103
is_linear=0
shrinkage=0.03


Tree=290
num_leaves=15
num_cat=0
split_feature=28 1 0 27 21 27 0 22 1 5 1 5 28 17
split_gain=0.32559 0.486786 0.446748 0.616364 0.511574 0.354661 0.322625 0.481182 0.760341 0.349552 0.36274 0.332217 0.283866 0.289499
threshold=6.3179513888888899 7.5000000000000009 6.5000000000000009 13.999484953703705 68.833333333333357 22.041406250000005 9.5000000000000018 1448.9137500000002 58.500000000000007 0.18465000000000001 71.500000000000014 0.17425000000000002 5.6662384259259264 1.0000000180025095e-35
decision_type=2 2 2 2 2 2 2 2 2 2 2 2 2 2
left_child=12 -2 3 -3 -5 -6 7 8 -4 -8 -11 -9 13 -1
right_child=1 2 6 4 5 -7 9 11 -10 10 -12 -13 -14 -15
leaf_value=6.7104264650222472e-05 -0.00084633150567863229 -0.0008438519340217515 -0.00047529127412338634 0.0027346773820998704 0.0022912564612714722 0.00039607965519739327 0.001226482288373911 -0.00030070599455839242 0.0022438064862793082 0.00085839487675987256 -0.0015393436021687219 -0.0021243717415057413 -0.0013418168262607116 -0.00038445984580445618
leaf_weight=4121 293 132 277 186 119 351 370 218 139 121 107 153 163 1852
leaf_count=4121 293 132 277 186 119 351 370 218 139 121 107 153 163 1852
internal_value=1.03901e-05 0.000301531 0.000456305 0.00102658 0.00140295 0.000875922 0.000131845 -0.00026728 0.000433253 0.000657114 -0.00026686 -0.00105278 -0.000106617 -7.29086e-05
internal_weight=8602 2466 2173 788 656 470 1385 787 416 598 228 371 6136 5973
internal_count=8602 2466 2173 788 656 470 1385 787 416 598 228 371 6136 5973
is_linear=0
shrinkage=0.03


Tree=291
num_leaves=15
num_cat=0
split_feature=28 25 24 30 24 30 27 1 6 30 16 30 30 1
split_gain=0.284145 0.26765 0.264728 0.789818 0.72358 0.676939 0.909084 0.675935 0.263672 0.391029 0.376373 0.347902 0.439649 0.380505
threshold=26.983998842592595 0.54027027027027041 75.343166666665937 15.250000000000002 120.45833333333286 130.50000000000003 21.03633680555556 20.500000000000004 1.5000000000000002 116.50000000000001 1.0000000180025095e-35 108.30000000000001 102.50000000000001 40.500000000000007
decision_type=2 10 10 2 10 2 2 2 2 2 2 2 2 2
left_child=1 2 8 -4 5 7 -7 -5 11 10 -10 12 -1 -13
right_child=-2 -3 3 4 -6 6 -8 -9 9 -11 -12 13 -14 -15
leaf_value=-0.00016235068966532787 -0.0015447443181619747 -0.00040702741902426295 0.002621421138994778 0.0019842645347825367 -0.00010765691778331261 0.0040061783920100425 0.00019924386568127733 -0.0006196224356747104 0.00057670971272153046 0.0015007126985155806 -0.0015147808705338231 -0.0012147753062039975 0.0017185038831521525 -6.4988395084306249e-05
leaf_weight=1647 120 1732 117 137 2606 128 101 260 212 196 122 605 120 453
leaf_count=1647 120 1732 117 137 2606 128 101 260 212 196 122 605 120 453
internal_value=-9.51943e-05 -7.45748e-05 1.13154e-05 0.000200003 0.000112346 0.00102821 0.00232714 0.000278948 -0.000177035 0.000436979 -0.000187248 -0.00029223 -3.46186e-05 -0.000722475
internal_weight=8556 8436 6704 3349 3232 626 229 397 3355 530 334 2825 1767 1058
internal_count=8556 8436 6704 3349 3232 626 229 397 3355 530 334 2825 1767 1058
is_linear=0
shrinkage=0.03


Tree=292
num_leaves=15
num_cat=3
split_feature=0 37 31 37 1 1 0 24 1 7 37 31 30 26
split_gain=0.25211 0.336468 0.520016 0.302619 0.438124 0.506751 0.323438 0.295322 0.478538 0.252733 0.245739 0.262075 0.222676 0.316617
threshold=11.500000000000002 0 2.9865742244263793 1 29.500000000000004 5.5000000000000009 7.5000000000000009 35.164499999999904 63.500000000000007 1.0000000180025095e-35 2 1.0284500202347231 237.12500000000003 0.039230769230769243
decision_type=2 9 10 9 2 2 2 8 2 2 9 10 2 10
left_child=3 2 7 4 5 -1 -7 8 -2 -9 11 -5 13 -3
right_child=1 12 -4 10 -6 6 -8 9 -10 -11 -12 -13 -14 -15
leaf_value=-0.00012923384008761175 -0.0031831093445812224 0.0010704389954040818 0.0010866362694650889 -0.0017949390349411001 -8.5247270056794654e-05 0.001246787224093818 0.0034616013515505542 -0.0014593256557957836 -0.00054142814897302841 0.00036106193596920506 6.418795569799481e-05 -0.00024712269758161363 -0.0011560018512639491 -0.00044583893976469688
leaf_weight=131 139 273 101 127 366 140 103 143 111 132 6065 438 102 227
leaf_count=131 139 273 101 127 366 140 103 143 111 132 6065 438 102 227
internal_value=6.51293e-06 -0.000391459 -0.000870792 7.28236e-05 0.000643953 0.00137477 0.00218558 -0.00126395 -0.0020102 -0.00058554 8.0941e-06 -0.00058469 0.000119464 0.000382049
internal_weight=8598 1228 626 7370 740 374 243 525 250 275 6630 565 602 500
internal_count=8598 1228 626 7370 740 374 243 525 250 275 6630 565 602 500
cat_boundaries=0 1 2 3
cat_threshold=284712962 20463922 604311744
is_linear=0
shrinkage=0.03


Tree=293
num_leaves=15
num_cat=0
split_feature=30 5 5 1 21 28 26 26 30 22 22 28 29 25
split_gain=0.175877 0.390252 0.22209 0.362138 0.391285 0.589774 0.520806 0.365148 0.419977 0.442707 0.345025 0.335048 0.344287 0.302105
threshold=324.57500000000005 0.22400000000000003 0.18465000000000001 22.500000000000004 111.83333333333336 7.0445023148148156 0.039230769230769243 1.0000000180025095e-35 226.10000000000002 1382.0940000000001 8792.1860000000015 11.25748263888889 1.5000000000000002 0.47913043478260875
decision_type=2 2 2 2 2 2 10 10 2 2 2 2 2 10
left_child=2 -2 10 13 7 6 -6 8 9 -5 -1 12 -9 -4
right_child=1 -3 3 4 5 -7 -8 11 -10 -11 -12 -13 -14 -15
leaf_value=2.5979833800367708e-05 -9.7507128756739157e-05 0.0021331533951134502 -0.00051248985248827418 -0.00072995118502616936 0.0023019608192738484 -0.0012391854243219962 -0.0001898883563393849 0.00044646280505482782 -0.0021567149552994395 0.0013500679805156747 0.0011160342595063742 0.0014993968304540767 -0.00072430514317415554 -0.0023212192292511465
leaf_weight=5259 197 110 248 661 198 105 122 473 154 107 275 133 433 125
leaf_count=5259 197 110 248 661 198 105 122 473 154 107 275 133 433 125
internal_value=-3.36851e-06 0.000701752 -2.94715e-05 -0.000249346 -0.000113451 0.000711782 0.00135194 -0.000292301 -0.00072687 -0.000440157 8.01477e-05 9.33326e-05 -0.000113076 -0.00111863
internal_weight=8600 307 8293 2759 2386 425 320 1961 922 768 5534 1039 906 373
internal_count=8600 307 8293 2759 2386 425 320 1961 922 768 5534 1039 906 373
is_linear=0
shrinkage=0.03


Tree=294
num_leaves=15
num_cat=2
split_feature=28 37 32 21 1 1 0 30 24 24 27 37 21 21
split_gain=0.27219 0.588688 0.515077 0.50463 0.494042 0.486185 0.539889 0.526627 0.467024 0.57887 0.656003 0.444942 0.43183 0.422981
threshold=0.93167824074074079 0 30.500000000000004 190.00000000000003 18.500000000000004 16.500000000000004 4.5000000000000009 108.30000000000001 393.43833333332799 68.355666666666664 13.999982638888889 1 102.35000000000001 121.89166666666668
decision_type=2 9 2 2 2 2 2 2 10 8 2 9 2 2
left_child=3 2 12 4 5 6 7 -1 9 10 -8 -6 -2 -13
right_child=1 -3 -4 -5 11 -7 8 -9 -10 -11 -12 13 -14 -15
leaf_value=0.00036734547638506799 0.00063320935875333241 -0.00054267292988660783 -0.0016432981561714161 0.0022209604131736005 0.00089931179615432169 0.0023435593475624331 -0.00061581802555565445 -0.002242378574749741 -0.0011613057072547516 0.0016945010059219183 0.0021541814003139732 -0.0003716205802420105 -0.00048123106530219349 0.00069931172679923721
leaf_weight=162 1219 2041 126 103 344 127 288 122 104 457 105 2489 421 383
leaf_count=162 1219 2041 126 103 344 127 288 122 104 457 105 2489 421 383
internal_value=-8.80807e-06 -0.000197214 0.000203957 0.000144322 9.76306e-05 0.000575836 0.000394495 -0.000753733 0.000736315 0.000968495 0.000124258 -0.000105339 0.000347124 -0.000228011
internal_weight=8491 3807 1766 4684 4581 1365 1238 284 954 850 393 3216 1640 2872
internal_count=8491 3807 1766 4684 4581 1365 1238 284 954 850 393 3216 1640 2872
cat_boundaries=0 1 2
cat_threshold=41961501 134775680
is_linear=0
shrinkage=0.03


Tree=295
num_leaves=15
num_cat=2
split_feature=25 0 0 27 22 33 27 0 23 36 22 36 22 27
split_gain=0.220519 0.356671 0.717741 0.278275 0.224972 0.635581 0.559999 0.786302 0.521537 0.384901 0.347519 0.302732 0.255666 0.31524
threshold=0.17000000000000001 10.500000000000002 7.5000000000000009 13.999473379629633 6444.0500000000002 1.0000000180025095e-35 17.003738425925928 6.5000000000000009 27.500000000000004 0 7451.8250000000016 1 5597.8500000000013 30.343460648148152
decision_type=10 2 2 2 2 2 2 2 2 9 2 9 2 2
left_child=1 2 3 -1 11 6 9 -8 -7 10 -6 -2 13 -13
right_child=4 -3 -4 -5 5 8 7 -9 -10 -11 -12 12 -14 -15
leaf_value=0.0021336248940566466 -0.0013416654736208835 0.0016740958422296944 -0.0011537886536524941 0.00042109444206756241 -0.0011589141763640024 -0.0033682431743587721 -0.00063362757844151929 0.0026924446750012476 -0.00039846575434464927 -0.0019555523477805155 0.00079509176798072941 0.00013792373847446487 0.0012148506974335759 -0.00071428531589151504
leaf_weight=126 121 193 225 265 144 104 120 137 109 125 190 6183 185 417
leaf_count=126 121 193 225 265 144 104 120 137 109 125 190 6183 185 417
internal_value=7.71776e-05 0.000548733 0.000196143 0.000972958 2.84874e-05 -0.000409813 1.81758e-05 0.00113941 -0.0018485 -0.00060962 -4.59773e-05 8.74478e-05 0.000114742 8.40796e-05
internal_weight=8644 809 616 391 7835 929 716 257 213 459 334 6906 6785 6600
internal_count=8644 809 616 391 7835 929 716 257 213 459 334 6906 6785 6600
cat_boundaries=0 1 2
cat_threshold=5 2
is_linear=0
shrinkage=0.03


Tree=296
num_leaves=15
num_cat=4
split_feature=37 2 23 13 30 37 28 37 23 22 37 33 31 23
split_gain=0.298618 0.182996 0.381251 0.274636 0.561161 0.831717 0.639977 0.72447 0.535363 0.489677 0.578498 0.66411 0.362862 0.647225
threshold=0 1.0000000180025095e-35 50.500000000000007 1.0000000180025095e-35 134.50000000000003 1 1.3800347222222225 2 132.50000000000003 1900.9126250000002 3 1.0000000180025095e-35 0.62923872590659724 69.500000000000014
decision_type=9 2 2 2 2 9 2 9 2 2 9 2 8 2
left_child=-1 3 -3 4 5 -2 12 -8 -6 10 11 -5 -7 -14
right_child=1 2 -4 9 8 6 7 -9 -10 -11 -12 -13 13 -15
leaf_value=-0.00063844559501516265 -0.00017117498934016444 0.0009239755740449966 -0.00057527917354580679 -0.0014490058421659725 -0.00078692239287913852 0.00039901420883138046 0.0021152664021346248 -0.00080983142340621363 0.0008991180872402676 0.00040429509317142142 -2.6455039893298487e-05 0.00099808504152177117 0.0037230094492745895 0.0013637441869889153
leaf_weight=614 558 184 896 570 545 107 109 203 246 1557 2418 121 180 250
leaf_count=614 558 184 896 570 545 107 109 203 246 1557 2418 121 180 250
internal_value=-6.504e-06 4.30889e-05 -0.000319851 0.000100257 0.000376742 0.000736153 0.00131897 0.000253919 -0.000262566 -2.99851e-05 -0.000247474 -0.00100594 0.00196233 0.00235134
internal_weight=8558 7944 1080 6864 2198 1407 849 312 791 4666 3109 691 537 430
internal_count=8558 7944 1080 6864 2198 1407 849 312 791 4666 3109 691 537 430
cat_boundaries=0 1 2 3 4
cat_threshold=67707433 1648394516 8390656 278921350
is_linear=0
shrinkage=0.03


Tree=297
num_leaves=15
num_cat=2
split_feature=31 31 31 37 31 31 31 13 36 1 33 26 22 27
split_gain=0.29683 0.631733 0.392507 0.202605 0.524514 1.26995 0.929393 0.75559 0.489433 0.707581 0.3701 0.272862 0.251179 0.243704
threshold=5.1020956475013444 5.6826250000000007 4.6669339748730296 0 2.6228785436617055 1.8322390932420876 3.6862836919354938 0.50000000000000011 1 56.500000000000007 1.0000000180025095e-35 0.042572463768115944 1382.0940000000001 30.998680555555559
decision_type=10 10 10 9 8 10 8 2 9 2 2 10 2 2
left_child=2 -2 3 4 5 7 -6 8 12 11 -8 -10 -1 -5
right_child=1 -3 -4 13 6 -7 10 -9 9 -11 -12 -13 -14 -15
leaf_value=0.00025989369341716318 -0.0025665677428458305 -0.00013377619248134976 0.0017384012482630519 -2.6829787942673826e-05 0.0034071208618390628 -0.0019188629149289613 -0.00032157599195488726 0.0028345957717979689 0.00098604393582791086 -0.00056427526192259748 0.0016746282797040683 0.0032022388579789549 -0.0017059579404513183 0.0011738081208694403
leaf_weight=101 116 559 130 6170 127 236 225 116 100 164 133 100 139 156
leaf_count=101 116 559 130 6170 127 236 225 116 100 164 133 100 139 156
internal_value=5.19726e-05 -0.000551856 0.000103585 7.62224e-05 0.000395896 -9.0275e-06 0.00120222 0.000616974 0.000191073 0.000872425 0.000420031 0.00209414 -0.000843516 2.77372e-06
internal_weight=8572 675 7897 7767 1441 956 485 720 604 364 358 200 240 6326
internal_count=8572 675 7897 7767 1441 956 485 720 604 364 358 200 240 6326
cat_boundaries=0 1 2
cat_threshold=271643968 50
is_linear=0
shrinkage=0.03


Tree=298
num_leaves=15
num_cat=0
split_feature=24 23 5 30 22 22 0 30 30 30 30 30 22 30
split_gain=0.234111 0.502606 0.327168 0.212995 0.149269 0.164634 0.276518 0.232127 0.35131 0.359856 0.47406 0.40554 0.366041 0.335675
threshold=533.18250000001296 167.50000000000003 0.074150000000000008 387.75000000000006 10820.35 1946.8125000000002 18.500000000000004 293.37500000000006 264.02500000000003 252.12500000000003 234.55000000000004 223.82500000000002 2362.6500000000005 205.07500000000002
decision_type=10 2 2 2 2 2 2 2 2 2 2 2 2 2
left_child=3 2 -2 4 5 6 -1 8 9 10 11 12 -7 -14
right_child=1 -3 -4 -5 -6 7 -8 -9 -10 -11 -12 -13 13 -15
leaf_value=-1.8602138540268029e-05 -0.00079697179672885915 -0.002234615333091754 0.0013957729440182449 0.0014029936528908472 -0.00091407313318923118 0.0018526081329842921 -0.0015116517250671198 -0.00066396525465901694 0.0016907569100669591 -0.0013950575130976454 0.0019819620279113537 -0.0014218702062228044 6.8516708230954967e-05 0.0017821563478257205
leaf_weight=5391 158 130 100 102 150 130 114 228 161 115 145 129 1406 111
leaf_count=5391 158 130 100 102 150 130 114 228 161 115 145 129 1406 111
internal_value=6.52159e-06 -0.000713516 5.29293e-05 4.06666e-05 2.34689e-05 4.1203e-05 -4.95209e-05 0.000247156 0.00034171 0.000235032 0.000332616 0.000197957 0.000324829 0.000193905
internal_weight=8570 388 258 8182 8080 7930 5505 2425 2197 2036 1921 1776 1647 1517
internal_count=8570 388 258 8182 8080 7930 5505 2425 2197 2036 1921 1776 1647 1517
is_linear=0
shrinkage=0.03


Tree=299
num_leaves=15
num_cat=2
split_feature=27 27 38 38 5 28 26 1 1 17 37 27 22 37
split_gain=0.248451 0.523879 0.502321 0.850173 0.592704 0.255289 0.364436 0.277941 0.307688 0.249289 1.15197 0.68287 0.561816 0.488162
threshold=29.99902777777778 29.624641203703707 1.5177778120740018 1.3966662700940091 0.11940000000000002 13.841597222222225 0.031754032258064523 66.500000000000014 24.500000000000004 1.0000000180025095e-35 0 18.333043981481485 10820.35 1
decision_type=2 2 2 2 2 2 10 2 2 2 9 2 2 9
left_child=1 5 3 4 -2 9 7 8 -7 12 11 -11 13 -1
right_child=2 -3 -4 -5 -6 6 -8 -9 -10 10 -12 -13 -14 -15
leaf_value=-3.1713795592682588e-05 0.00031055063649221168 0.0018826656041752174 -0.0015173052819329315 0.0022725360500746696 -0.0024644675695896763 -0.0016795098638782899 0.00084676386234728066 -0.0024050192068827067 0.00025972374421716837 0.00023795190741748094 -0.00083629683781897711 0.0026053714531630219 -0.0020877451409060175 0.00060126982416932988
leaf_weight=3411 179 131 300 116 113 135 111 107 162 673 1235 131 101 1607
leaf_count=3411 179 131 300 116 113 135 111 107 162 673 1235 131 101 1607
internal_value=-4.73091e-05 1.50925e-06 -0.000585415 9.97988e-05 -0.000763343 -3.06075e-05 -0.000675738 -0.00109405 -0.000621746 1.5808e-05 -0.00026471 0.000616026 0.000127544 0.000172132
internal_weight=8512 7804 708 408 292 7673 515 404 297 7158 2039 804 5119 5018
internal_count=8512 7804 708 408 292 7673 515 404 297 7158 2039 804 5119 5018
cat_boundaries=0 1 2
cat_threshold=3865096968 4241535745
is_linear=0
shrinkage=0.03


Tree=300
num_leaves=15
num_cat=3
split_feature=31 31 1 38 21 30 31 37 0 30 35 38 36 21
split_gain=0.201614 0.537958 0.380277 0.924701 0.53324 0.381502 0.407568 0.346289 0.502376 0.308719 0.55273 0.340658 0.363594 0.32224
threshold=2.6228785436617055 2.5201640784751711 88.500000000000014 1.4814446095907698 46.500000000000007 330.27500000000003 2.6950646800153701 0 10.500000000000002 221.92500000000004 1 1.6276520532671259 2 60.750000000000007
decision_type=10 10 2 2 2 2 10 9 2 2 1 2 9 2
left_child=1 -1 5 -4 -5 6 -2 -8 9 10 -9 12 -12 -11
right_child=2 -3 3 4 -6 -7 7 8 -10 13 11 -13 -14 -15
leaf_value=5.5187492565733e-06 0.0016539158173198361 -0.001595456718485086 -0.00066949551734142012 0.0037141435641531075 0.00079039403783658937 0.0016158181250447089 -0.00094695109528841856 0.0026470434380654814 -0.0013088488047846506 -0.001359950359280808 0.00059936946015008664 0.0016158626513433009 -0.0014628022535284151 0.00027668436377000584
leaf_weight=6034 124 195 150 122 104 141 354 111 194 146 189 131 116 419
leaf_count=6034 124 195 150 122 104 141 354 111 194 146 189 131 116 419
internal_value=4.40454e-05 -4.46001e-05 0.000284016 0.00115665 0.0023687 0.000113568 -5.16346e-06 -0.000129095 9.90828e-05 0.000345602 0.000853623 0.000328788 -0.000213241 -0.000146234
internal_weight=8530 6229 2301 376 226 1925 1784 1660 1306 1112 547 436 305 565
internal_count=8530 6229 2301 376 226 1925 1784 1660 1306 1112 547 436 305 565
cat_boundaries=0 1 2 3
cat_threshold=3833630848 8 16
is_linear=0
shrinkage=0.03


Tree=301
num_leaves=15
num_cat=2
split_feature=31 28 1 1 28 6 32 36 38 21 28 38 30 37
split_gain=0.157198 0.1623 0.333034 0.264199 0.261604 0.283445 0.223928 0.289469 0.28497 0.268762 0.215474 0.544819 0.565541 0.28005
threshold=0.1106014271151886 20.991348379629631 55.500000000000007 22.500000000000004 8.9363541666666695 4.5000000000000009 20.500000000000004 0 1.4191287053647768 61.583333333333336 6.7577430555555562 1.3868613178829408 123.50000000000001 1
decision_type=8 2 2 2 2 2 2 9 2 2 2 2 2 9
left_child=-1 4 3 -3 5 10 7 8 -6 -10 13 -12 -13 -2
right_child=1 2 -4 -5 6 -7 -8 -9 9 -11 11 12 -14 -15
leaf_value=0.001065427952423869 -0.00032917844025605358 0.00030731456824545708 -0.0007450838832445166 0.0024358759987440966 -0.00030671002196446304 0.0013851674116615738 -0.00093542188536895911 -0.0011436854627559045 0.0021267778366731785 0.00017823344942818057 -0.00019244689889606523 1.5681120007334705e-05 0.0029639889415589839 0.00010835112382356764
leaf_weight=126 1929 107 101 103 459 140 470 189 103 167 343 104 134 4093
leaf_count=126 1929 107 101 103 459 140 470 189 103 167 343 104 134 4093
internal_value=1.36061e-05 -2.09274e-06 0.000670497 0.00135132 -2.78184e-05 4.93856e-05 -0.000402881 -0.000130229 0.000146202 0.000921567 2.10637e-05 0.000572799 0.00167565 -3.21674e-05
internal_weight=8568 8442 311 210 8131 6743 1388 918 729 270 6603 581 238 6022
internal_count=8568 8442 311 210 8131 6743 1388 918 729 270 6603 581 238 6022
cat_boundaries=0 1 2
cat_threshold=52 1366303261
is_linear=0
shrinkage=0.03


Tree=302
num_leaves=15
num_cat=1
split_feature=27 24 7 23 37 38 0 23 23 13 23 31 5 38
split_gain=0.374898 0.429297 0.323321 0.364836 0.27596 0.269469 0.23757 0.209472 0.570263 0.374541 0.626038 0.361423 0.310373 0.427907
threshold=12.999375000000002 306.33566666667008 1.5000000000000002 45.500000000000007 0 1.7459997164571208 5.5000000000000009 50.500000000000007 45.500000000000007 0.50000000000000011 28.500000000000004 13.275000000000002 0.36035 1.7500423721254474
decision_type=2 10 2 2 9 2 2 2 2 2 2 8 2 2
left_child=1 2 3 -1 6 -5 -2 8 9 12 -11 -9 13 -6
right_child=4 -3 -4 5 7 -7 -8 11 -10 10 -12 -13 -14 -15
leaf_value=-0.00041205202697304407 0.00037603492387846681 -0.0021695341241590132 -0.0014212621361935896 0.0015007041470767035 8.2396091288610137e-05 -0.00036152054995975709 -0.000765312277590005 0.00012897683173765831 0.0023833622953868721 0.0030729810713091862 -0.00020434152800589801 -0.0015515165169076141 -0.00092186683774343693 0.0019026640666674616
leaf_weight=752 236 116 184 192 836 110 539 4823 131 108 102 118 216 135
leaf_count=752 236 116 184 192 836 110 539 4823 131 108 102 118 216 135
internal_value=3.3778e-05 -0.000424426 -0.000260911 -5.83446e-05 0.000119422 0.00082241 -0.000412432 0.000183494 0.000490759 0.000313285 0.00148114 8.88436e-05 0.000106672 0.000335471
internal_weight=8598 1354 1238 1054 7244 302 775 6469 1528 1397 210 4941 1187 971
internal_count=8598 1354 1238 1054 7244 302 775 6469 1528 1397 210 4941 1187 971
cat_boundaries=0 1
cat_threshold=637534779
is_linear=0
shrinkage=0.03


Tree=303
num_leaves=15
num_cat=1
split_feature=27 27 24 30 27 24 37 30 1 0 38 23 1 5
split_gain=0.192411 0.428633 0.236326 0.462835 0.516984 0.444166 0.391522 0.54487 0.462732 0.344014 0.408259 0.322207 0.339992 0.281348
threshold=30.998680555555559 31.328431712962963 45.290999999999777 37.250000000000007 17.423611111111114 47.769833333333061 0 54.750000000000007 50.500000000000007 5.5000000000000009 1.6884836739623708 64.500000000000014 23.500000000000004 0.36035
decision_type=2 2 10 2 2 10 9 2 2 2 2 2 2 2
left_child=2 -2 3 9 6 -4 -5 8 -8 -1 11 12 -11 -7
right_child=1 -3 5 4 -6 13 7 -9 -10 10 -12 -13 -14 -15
leaf_value=0.0010420268776833563 0.0022584781922479072 -0.00047959313790779559 -0.0019628300249429518 -0.0010704601066208852 0.0025226164177042719 -0.00016137366813398325 0.0029189655416756604 0.00025934031854028805 0.0004516181345521049 0.00087362699555884615 -0.0018394077038602352 0.0013297001513684777 -0.0010818431434605233 0.00043836689938297346
leaf_weight=133 106 100 114 146 107 4668 142 1311 132 109 183 101 301 829
leaf_count=133 106 100 114 146 107 4668 142 1311 132 109 183 101 301 829
internal_value=2.36606e-05 0.000929317 1.11763e-06 0.000233733 0.000498928 -0.000109365 0.000373836 0.000510409 0.00173032 -0.000355661 -0.000623518 -0.000188082 -0.000561974 -7.09271e-05
internal_weight=8482 206 8276 2665 1838 5611 1731 1585 274 827 694 511 410 5497
internal_count=8482 206 8276 2665 1838 5611 1731 1585 274 827 694 511 410 5497
cat_boundaries=0 1
cat_threshold=2097155
is_linear=0
shrinkage=0.03


Tree=304
num_leaves=15
num_cat=1
split_feature=30 30 27 31 38 38 31 36 29 30 13 32 1 31
split_gain=0.336453 1.08731 0.418949 0.458525 1.11988 0.607061 0.584221 0.318357 0.346894 0.291851 0.744076 0.507585 0.495598 0.594958
threshold=194.10000000000002 199.10000000000002 30.998709490740744 1.793377120963328 1.7104235992516192 1.4439469847925801 1.9261208576998052 0 4.5000000000000009 142.42500000000004 0.50000000000000011 14.500000000000002 45.500000000000007 1.821574542623589
decision_type=2 2 2 10 2 2 10 9 2 2 2 2 2 10
left_child=9 -2 3 4 5 -3 -5 8 -8 -1 12 -12 13 -11
right_child=1 2 -4 6 -6 -7 7 -9 -10 10 11 -13 -14 -15
leaf_value=8.5295854857820751e-06 -0.0030416108890307029 0.00070842526438078673 0.0015924120357988449 -0.0026920849979949705 0.0028975090794195768 -0.0022262359500142201 4.6638392223069774e-05 -0.0012089913724397773 -0.0015390855553796556 -0.0013111081574626088 0.0032313970336690541 0.0005254655500200521 0.0010162826623400412 0.00048344365674469428
leaf_weight=4934 124 158 117 100 134 106 1163 290 139 304 135 116 389 367
leaf_count=4934 124 158 117 100 134 106 1163 290 139 304 135 116 389 367
internal_value=-5.56323e-07 -0.000308121 -0.00015454 -0.000252336 0.00066386 -0.000469886 -0.000467848 -0.000328134 -0.000121717 0.000114245 0.000512108 0.00198085 0.000164322 -0.000329587
internal_weight=8576 2331 2207 2090 398 264 1692 1592 1302 6245 1311 251 1060 671
internal_count=8576 2331 2207 2090 398 264 1692 1592 1302 6245 1311 251 1060 671
cat_boundaries=0 1
cat_threshold=36
is_linear=0
shrinkage=0.03


Tree=305
num_leaves=15
num_cat=1
split_feature=37 32 26 31 22 7 22 30 31 30 29 30 30 21
split_gain=0.268343 0.258084 0.414243 0.371062 0.237811 0.350462 0.344879 0.561717 0.40566 0.339069 0.28692 0.329716 0.357921 0.240899
threshold=0 1.5000000000000002 0.031754032258064523 0.40720431576072119 3652.6060000000002 1.0000000180025095e-35 2274.3996250000005 222.10000000000002 1.9261208576998052 324.57500000000005 4.5000000000000009 275.27500000000003 258.77500000000003 190.00000000000003
decision_type=9 2 10 10 2 2 2 2 10 2 2 2 2 2
left_child=1 2 -1 -3 6 -6 9 -8 -9 10 11 12 -5 -7
right_child=-2 3 -4 4 5 13 7 8 -10 -11 -12 -13 -14 -15
leaf_value=0.0020330013102399839 -0.0001273505771564368 -0.00153813422066362 -0.00018834056238547952 0.00026964507470502997 0.0013026042494870083 -0.00051433789654007104 0.0028628697185266038 -0.0010674827962210125 0.001512679409002885 0.0017787612203244213 -0.00092552494705055977 -0.0008980585101019614 0.0020725113088166216 0.0010378399192064534
leaf_weight=170 4574 115 136 1524 129 899 123 101 120 118 210 202 106 100
leaf_count=170 4574 115 136 1524 129 899 123 101 120 118 210 202 106 100
internal_value=3.00632e-05 0.000207514 0.00104574 0.000139614 0.000192737 -0.000168945 0.000355667 0.0012379 0.00033351 0.000215163 0.000124808 0.000245206 0.000386887 -0.000358965
internal_weight=8627 4053 306 3747 3632 1128 2504 344 221 2160 2042 1832 1630 999
internal_count=8627 4053 306 3747 3632 1128 2504 344 221 2160 2042 1832 1630 999
cat_boundaries=0 1
cat_threshold=2198675342
is_linear=0
shrinkage=0.03


Tree=306
num_leaves=15
num_cat=3
split_feature=30 31 22 30 28 21 26 23 1 37 37 1 31 37
split_gain=0.265198 0.870046 0.403777 0.391903 0.376382 0.309082 0.307719 0.252236 0.23039 0.359732 0.265746 0.327609 0.971221 0.510402
threshold=260.75000000000006 1.821574542623589 3720.1325000000002 249.05000000000004 4.9226099537037049 70.433333333333351 1.0000000180025095e-35 189.00000000000003 168.50000000000003 0 1 59.500000000000007 2.4177913468856578 2
decision_type=2 10 2 2 2 2 10 2 2 9 9 2 10 9
left_child=3 -2 5 7 -5 -3 -4 8 10 -10 -1 -12 -13 -14
right_child=1 2 6 4 -6 -7 -8 -9 9 -11 11 12 13 -15
leaf_value=-0.00013341411467819036 0.0029862075193735679 0.0019423287199379386 -0.0016240051823256947 -0.0025944749461760852 -0.00014305643489240626 0.00027598754430144994 0.00023790715884344359 -0.00089637585365012079 -0.0020470675161518787 6.5966737047746415e-05 7.6636177986528107e-05 0.00014354731196647815 0.0037536105570853151 0.0010633367256377823
leaf_weight=2764 113 133 154 102 126 406 166 259 108 195 2863 843 103 212
leaf_count=2764 113 133 154 102 126 406 166 259 108 195 2863 843 103 212
internal_value=4.50347e-05 0.000511541 0.000186003 -1.48259e-05 -0.00123974 0.000687163 -0.000658138 2.31871e-05 5.67885e-05 -0.000752577 9.29326e-05 0.000248236 0.000674637 0.00209593
internal_weight=8547 972 859 7575 228 539 320 7347 7088 303 6785 4021 1158 315
internal_count=8547 972 859 7575 228 539 320 7347 7088 303 6785 4021 1158 315
cat_boundaries=0 1 2 3
cat_threshold=270551040 1708462761 136316928
is_linear=0
shrinkage=0.03


Tree=307
num_leaves=15
num_cat=1
split_feature=38 23 24 36 24 28 24 0 24 27 5 7 22 38
split_gain=0.220648 0.511001 0.212182 0.317595 0.389938 0.255633 0.430322 0.381448 0.239262 0.303388 0.271668 0.410437 0.471696 0.429935
threshold=2.0419870592411393 79.500000000000014 261.88483333332584 0 283.30766666666727 16.781001157407413 119.28499999999129 6.5000000000000009 770.65416666668386 30.585781250000004 0.42265000000000003 1.0000000180025095e-35 979.00000000000011 1.808646211451852
decision_type=2 2 10 9 10 2 10 2 10 2 2 2 2 2
left_child=2 -2 5 -4 -5 -1 -7 -8 9 10 11 -6 -13 -14
right_child=1 -3 3 4 8 6 7 -9 -10 -11 -12 12 13 -15
leaf_value=-3.3582384349479358e-05 0.002143510883312395 -0.00034093508633926414 -0.0012413351162027348 0.0017633138331310714 0.0013614403020930351 -0.0023816019639458603 0.0012427655526201728 -0.0012788507725480455 0.0016096251802279605 -0.0013968953718083135 0.0013183081556548749 -0.0015812813822015993 0.00047868480218262295 -0.0016160060746971373
leaf_weight=6213 141 158 104 170 185 114 101 116 107 107 188 176 580 104
leaf_count=6213 141 158 104 170 185 114 101 116 107 107 188 176 580 104
internal_value=3.00535e-05 0.00083066 1.0903e-06 0.000297495 0.00040166 -7.68608e-05 -0.000889214 -0.000105195 0.000244463 0.000135453 0.000268431 7.95536e-05 -0.000196201 0.000160194
internal_weight=8564 299 8265 1721 1617 6544 331 217 1447 1340 1233 1045 860 684
internal_count=8564 299 8265 1721 1617 6544 331 217 1447 1340 1233 1045 860 684
cat_boundaries=0 1
cat_threshold=5
is_linear=0
shrinkage=0.03


Tree=308
num_leaves=15
num_cat=1
split_feature=37 1 23 6 28 33 23 25 21 23 31 31 5 31
split_gain=0.256651 0.42402 0.517115 0.322673 0.340274 0.525412 0.476389 0.460099 0.558271 0.440676 0.52283 0.430089 0.388386 0.35932
threshold=0 50.500000000000007 18.500000000000004 4.5000000000000009 1.6925868055555557 1.0000000180025095e-35 133.50000000000003 0.4497297297297298 44.500000000000007 65.500000000000014 2.9865742244263793 3.1885887096774197 0.13810000000000003 1.9398048454894361
decision_type=9 2 2 2 2 2 2 8 2 2 10 10 2 10
left_child=1 -1 -3 4 9 11 7 -7 -9 10 13 -6 -13 -2
right_child=3 2 -4 -5 5 6 -8 8 -10 -11 -12 12 -14 -15
leaf_value=-0.00056644422015512366 0.00038316703209049233 0.0018137875326886817 -0.00013748659025479448 -0.0012886353367606977 0.00046374773792161214 -0.00030207466367848109 0.0028372580607884585 0.00011877855390500951 0.0028386394890050773 -0.00028611719813590049 0.0022775183448448684 -0.0010267760539391562 0.0004736016238022691 -0.0012870321597404464
leaf_weight=1299 1144 167 456 140 1620 207 126 127 146 2244 121 402 253 129
leaf_count=1299 1144 167 456 140 1620 207 126 127 146 2244 121 402 253 129
internal_value=4.80896e-05 -0.000256523 0.000385568 0.000136191 0.000166999 0.000410559 0.00119553 0.000764577 0.00157336 -2.588e-05 0.000393038 0.000201463 -0.000447241 0.000213917
internal_weight=8581 1922 623 6659 6519 2881 606 480 273 3638 1394 2275 655 1273
internal_count=8581 1922 623 6659 6519 2881 606 480 273 3638 1394 2275 655 1273
cat_boundaries=0 1
cat_threshold=3473256704
is_linear=0
shrinkage=0.03


Tree=309
num_leaves=15
num_cat=2
split_feature=23 38 31 38 30 30 23 35 28 1 1 36 23 13
split_gain=0.233029 0.50259 0.78967 0.394656 0.391003 0.38142 0.361094 0.52247 0.514952 0.358084 0.382846 0.332206 0.357895 0.370057
threshold=98.500000000000014 1.9092248573365234 1.6012326489300175 1.4615349949380636 285.02500000000003 246.05000000000004 112.50000000000001 0 5.3467476851851865 86.500000000000014 19.500000000000004 1 152.50000000000003 0.50000000000000011
decision_type=2 2 8 2 2 2 2 1 2 2 2 9 2 2
left_child=1 4 -3 6 5 -1 8 -8 -2 10 -9 -5 13 -13
right_child=3 2 -4 11 -6 -7 7 9 -10 -11 -12 12 -14 -15
leaf_value=6.6485764439567363e-05 -0.0032843948600555558 -0.00015777493306668475 0.002518256975099714 -0.00035950900412539983 -0.0015313216994982213 0.0019116004772859543 0.0016127165609002324 -0.001479600312709073 -0.00055175987775119375 -0.0021686535446896358 0.00011426327338028121 0.0011888174882794507 -0.00035259086635151555 -0.00034850275336158654
leaf_weight=4791 101 200 197 883 135 103 100 190 161 113 474 554 362 189
leaf_count=4791 101 200 197 883 135 103 100 190 161 113 474 554 362 189
internal_value=2.36315e-05 0.000142507 0.00117013 -0.000182642 6.13839e-05 0.000105318 -0.000627901 -0.000335943 -0.00160518 -0.000599773 -0.000341812 7.2464e-05 0.00041713 0.000797763
internal_weight=8553 5426 397 3127 5029 4894 1139 877 262 777 664 1988 1105 743
internal_count=8553 5426 397 3127 5029 4894 1139 877 262 777 664 1988 1105 743
cat_boundaries=0 1 2
cat_threshold=6 19
is_linear=0
shrinkage=0.03


Tree=310
num_leaves=15
num_cat=2
split_feature=31 25 31 24 37 36 23 31 31 38 31 24 28 23
split_gain=0.23349 0.256367 0.490343 0.274489 0.337549 0.36534 0.456684 0.298736 0.532366 0.663563 0.5026 0.500223 0.429597 0.292213
threshold=0.19843228538575877 0.29772727272727278 0.55936451399967002 3.2871666666666903 0 1 58.500000000000007 1.4919352507587804 1.0823369463999704 1.5123781137803387 0.97209623732310757 102.23433333333175 0.53105902777777791 85.500000000000014
decision_type=8 10 8 10 9 9 2 10 8 2 10 10 2 2
left_child=-1 3 -3 -2 5 6 -5 8 10 -10 11 -7 13 -9
right_child=1 2 -4 4 -6 7 -8 12 9 -11 -12 -13 -14 -15
leaf_value=0.00095827159507049094 -0.0011772474249502501 -0.0017606734413808832 -0.00017164165772016812 0.00010931281692824745 0.00093247047696902517 -0.00017800415900677164 -0.0025392761953460063 -0.0020270652200260531 0.00011815985805428713 0.0029952824477571991 -0.0018337334812847227 0.0020080366784783741 0.00060103881670434058 -2.3399529439446173e-05
leaf_weight=185 130 180 6020 131 479 323 106 154 139 150 106 133 226 114
leaf_count=185 130 180 6020 131 479 323 106 154 139 150 106 133 226 114
internal_value=-9.59559e-05 -0.000119199 -0.000217775 0.000159747 0.00024408 2.95667e-05 -0.00103175 0.000222814 0.000565117 0.00161148 2.70423e-05 0.000459591 -0.00036235 -0.00117476
internal_weight=8576 8391 6200 2191 2061 1582 237 1345 851 289 562 456 494 268
internal_count=8576 8391 6200 2191 2061 1582 237 1345 851 289 562 456 494 268
cat_boundaries=0 1 2
cat_threshold=2747367425 1
is_linear=0
shrinkage=0.03


Tree=311
num_leaves=15
num_cat=3
split_feature=37 13 17 5 32 37 24 1 1 24 32 35 31 17
split_gain=0.28187 0.515773 0.245291 0.24116 0.374073 0.354459 0.567494 0.398817 0.391022 0.351875 0.351359 0.332657 0.282763 0.289067
threshold=0 1.0000000180025095e-35 3.5000000000000004 0.085150000000000017 33.500000000000007 1 72.609166666669793 60.500000000000007 96.500000000000014 120.45833333333286 8.5000000000000018 2 10.562500000000002 1.5000000000000002
decision_type=9 2 2 2 2 9 8 2 2 8 2 1 10 2
left_child=1 -1 3 12 5 -5 7 -7 9 -8 -11 -10 13 -2
right_child=2 -3 -4 4 -6 6 8 -9 11 10 -12 -13 -14 -15
leaf_value=0.0024742655190805505 0.00013713284695033253 -0.00041788967897776855 0.001229092222602608 -4.7504259486595403e-05 0.0012552137691010203 -0.0032140482602860216 0.0013774519373938414 -0.00089013792044955159 -0.0023265409740889742 -0.0017725896748280237 -7.7929691140152832e-05 -7.1280890813049596e-05 -0.0015118300615927403 -0.00078443003163201647
leaf_weight=112 4637 110 130 1590 135 122 121 146 145 132 664 107 103 328
leaf_count=112 4637 110 130 1590 135 122 121 146 145 132 664 107 103 328
internal_value=-3.52867e-05 0.000996336 -6.3797e-05 -8.42968e-05 -0.000289891 -0.000358801 -0.000698053 -0.00194804 -0.000417459 -0.000129831 -0.000358954 -0.0014641 4.39766e-05 7.62522e-05
internal_weight=8582 222 8360 8230 3162 3027 1437 268 1169 917 796 252 5068 4965
internal_count=8582 222 8360 8230 3162 3027 1437 268 1169 917 796 252 5068 4965
cat_boundaries=0 1 2 3
cat_threshold=525378 3066044824 8
is_linear=0
shrinkage=0.03


Tree=312
num_leaves=15
num_cat=2
split_feature=22 37 17 34 31 1 37 22 0 27 38 21 25 31
split_gain=0.429419 0.302159 0.297692 0.277748 0.275811 0.271115 0.250127 0.276006 0.213103 0.804249 0.493576 0.576196 0.511033 0.54192
threshold=14292.450000000003 0 3.5000000000000004 1.0000000180025095e-35 0.1106014271151886 6.5000000000000009 1 280.4500000000001 4.5000000000000009 29.999490740740743 1.3304786427951076 60.750000000000007 0.5064102564102565 1.783196239717979
decision_type=2 9 2 2 10 2 9 2 2 2 2 2 8 10
left_child=1 3 4 5 -3 -1 -7 -8 9 10 11 -6 13 -12
right_child=-2 2 -4 -5 8 6 7 -9 -10 -11 12 -13 -14 -15
leaf_value=0.00069307206843918919 -0.0018547073520614572 0.0014856758033140348 0.0017253610940117922 -0.0010778539646331879 0.00053102585290999791 0.00037574186148545282 -0.00042255189429687442 -0.0022590509988795553 2.9683705088767635e-05 -0.001998247846146114 0.00082666598568071747 0.0035539528419082341 0.0020492907011881471 -0.001358868137124132
leaf_weight=276 106 130 105 356 114 210 265 102 6206 100 231 113 125 183
leaf_count=276 106 130 105 356 114 210 265 102 6206 100 231 113 125 183
internal_value=4.29728e-05 6.65935e-05 0.000139302 -0.000370931 0.000116372 -8.02443e-05 -0.000450149 -0.000908221 9.12011e-05 0.000532052 0.000862378 0.00203583 0.000368179 -0.000139403
internal_weight=8622 8516 7307 1209 7202 853 577 367 7072 866 766 227 539 414
internal_count=8622 8516 7307 1209 7202 853 577 367 7072 866 766 227 539 414
cat_boundaries=0 1 2
cat_threshold=1141764738 41088
is_linear=0
shrinkage=0.03


Tree=313
num_leaves=15
num_cat=0
split_feature=5 20 24 27 24 32 30 1 32 38 27 38 24 5
split_gain=0.178952 0.163523 0.559152 0.613758 0.281372 0.399203 0.478349 0.270893 0.256601 0.292092 0.395946 0.905273 0.315596 0.275012
threshold=0.81665000000000021 1.0000000180025095e-35 352.12183333333195 18.812077546296297 297.18233333333814 13.500000000000002 50.500000000000007 44.500000000000007 29.500000000000004 1.2475639257427391 29.212303240740741 1.5781325562423565 489.39266666665793 0.18465000000000001
decision_type=2 2 8 2 8 2 2 2 2 2 2 2 10 2
left_child=1 4 3 -3 -1 6 -6 -8 9 -7 12 -12 13 -11
right_child=-2 2 -4 -5 5 8 7 -9 -10 10 11 -13 -14 -15
leaf_value=-9.3557115088075624e-05 0.0010686985079437158 -0.0011814048175039068 -0.0024126904233554868 0.0013240833721795636 0.00088944844039118222 -0.00017324818075425795 -0.001706360139199463 0.00016219200115981641 -0.00038093952551352691 0.0018140469233154542 0.0043153519136831164 0.00042503010745062247 -0.00062563955337748304 -1.690571604346016e-05
leaf_weight=6504 133 186 114 167 180 174 201 107 163 213 102 114 119 113
leaf_count=6504 133 186 114 167 180 174 201 107 163 213 102 114 119 113
internal_value=-2.31823e-05 -4.03539e-05 -0.000586009 3.91112e-06 -8.46146e-06 0.00036399 -0.000339187 -0.00105722 0.000707827 0.000920365 0.00120824 0.00226213 0.000696698 0.00117939
internal_weight=8590 8457 467 353 7990 1486 488 308 998 835 661 216 445 326
internal_count=8590 8457 467 353 7990 1486 488 308 998 835 661 216 445 326
is_linear=0
shrinkage=0.03


Tree=314
num_leaves=15
num_cat=2
split_feature=21 28 17 23 37 24 24 22 36 25 23 24 31 30
split_gain=0.194213 0.29615 0.279767 0.349566 0.248256 0.18378 0.645168 0.611859 0.272723 0.346017 0.299007 0.283677 0.258393 0.637471
threshold=5.0833333333333348 2.7889699074074081 1.0000000180025095e-35 39.500000000000007 0 82.384499999999989 116.65266666666663 3478.5500000000006 1 0.29772727272727278 110.50000000000001 186.69383333333363 1.2808240993126334 134.50000000000003
decision_type=2 2 2 2 9 10 8 2 9 10 2 10 10 2
left_child=1 2 3 -1 -4 12 7 -7 10 -10 11 -8 13 -2
right_child=5 -3 4 -5 -6 6 8 -9 9 -11 -12 -13 -14 -15
leaf_value=0.00043453171165834222 -0.00029957456942358802 -0.00061652798172730542 -0.00093834772390485009 0.0025472181520450835 0.0010550391996229018 0.00037944136838002158 -0.00023594101854351333 0.0025346350051944004 0.0014358932779308547 1.1755286014468758e-05 0.00074178074551413625 -0.001854477294325248 2.0472802760896924e-05 -0.002645325764304911
leaf_weight=139 1221 154 104 143 101 355 191 178 162 2942 105 199 2408 114
leaf_count=139 1221 154 104 143 101 355 191 178 162 2942 105 199 2408 114
internal_value=2.80228e-05 0.000530179 0.000892792 0.00150586 4.94522e-05 -1.28511e-05 0.000125084 0.00109919 -1.91775e-05 8.58056e-05 -0.00066578 -0.00106181 -0.000165121 -0.000499886
internal_weight=8516 641 487 282 205 7875 4132 533 3599 3104 495 390 3743 1335
internal_count=8516 641 487 282 205 7875 4132 533 3599 3104 495 390 3743 1335
cat_boundaries=0 1 2
cat_threshold=16512 5
is_linear=0
shrinkage=0.03


Tree=315
num_leaves=15
num_cat=4
split_feature=21 16 31 31 0 37 17 24 37 37 30 1 37 31
split_gain=0.344535 0.756877 0.23395 0.35965 0.328659 0.305904 0.273745 0.487894 0.303762 0.298573 0.347221 0.31802 0.234601 0.290483
threshold=193.00000000000003 1.0000000180025095e-35 1.0823369463999704 1.1144551101072844 14.500000000000002 0 1.0000000180025095e-35 191.71016666666679 1 2 54.750000000000007 21.500000000000004 3 1.5126086035176944
decision_type=2 2 10 10 2 9 2 10 9 9 2 2 9 10
left_child=2 -2 4 -4 5 -1 7 9 -8 -7 11 -11 13 -5
right_child=1 -3 3 12 -6 6 8 -9 -10 10 -12 -13 -14 -15
leaf_value=0.0010518781596794726 -0.00063907744394292912 0.0025290485933274652 0.0017667760842148428 -0.0017060764084340303 -0.0017706929786768539 -0.0018412161586610109 0.00045185323731091462 0.0012575112505822971 -0.001380063269088287 0.0017799095335303227 -0.00079585305954283541 -7.4288585959505788e-05 4.7239348701339951e-05 -0.00019040935796844652
leaf_weight=140 130 142 104 154 138 104 104 192 358 111 446 333 5721 436
leaf_count=140 130 142 104 154 138 104 104 192 358 111 446 333 5721 436
internal_value=-3.58455e-05 0.00101487 -7.01093e-05 1.69476e-05 -0.000360073 -0.0002512 -0.00036606 -0.00012696 -0.000987775 -0.000394384 -0.000202354 0.000389261 -1.18881e-05 -0.000576257
internal_weight=8613 272 8341 6415 1926 1788 1648 1186 462 994 890 444 6311 590
internal_count=8613 272 8341 6415 1926 1788 1648 1186 462 994 890 444 6311 590
cat_boundaries=0 1 2 3 4
cat_threshold=3145762 2852126720 671123456 1158947362
is_linear=0
shrinkage=0.03


Tree=316
num_leaves=15
num_cat=0
split_feature=24 31 27 21 7 31 31 38 23 21 32 38 31 33
split_gain=0.198539 0.49105 0.191584 0.186609 0.488274 0.474848 0.433901 0.280472 0.349836 0.272541 0.3682 0.249833 0.266152 0.184126
threshold=1.8535000000000084 2.016441834019211 31.139942129629635 120.70833333333334 1.0000000180025095e-35 1.783196239717979 1.6316860465116281 1.7884078649394002 94.500000000000014 114.53333333333335 20.500000000000004 1.4439469847925801 0.66943681318681325 1.0000000180025095e-35
decision_type=8 8 2 2 2 10 10 2 2 2 2 2 10 2
left_child=1 -1 3 9 -5 6 7 8 11 13 -11 12 -6 -2
right_child=2 -3 -4 4 5 -7 -8 -9 -10 10 -12 -13 -14 -15
leaf_value=-0.0016994885230181558 -1.2670590711482518e-05 0.00085127070345959364 -0.0011633829453494399 0.0012799455838447963 0.0010686712524491466 -0.0017988701860902386 0.0015235494149341581 -0.0019586346262134612 0.0010697542933797066 0.0024212100533768533 -0.00012237105485983193 -0.0015638234257494331 -0.00081908932611164914 0.00036427577812322742
leaf_weight=186 5304 107 120 152 108 214 112 100 140 105 100 168 178 1495
leaf_count=186 5304 107 120 152 108 214 112 100 140 105 100 168 178 1495
internal_value=-4.91092e-07 -0.000767983 2.66153e-05 4.40811e-05 -0.000306289 -0.000542669 -0.000209137 -0.000488763 -0.00024131 0.00010271 0.00118044 -0.000645603 -0.000106229 7.02144e-05
internal_weight=8589 293 8296 8176 1172 1020 806 694 594 7004 205 454 286 6799
internal_count=8589 293 8296 8176 1172 1020 806 694 594 7004 205 454 286 6799
is_linear=0
shrinkage=0.03


Tree=317
num_leaves=15
num_cat=0
split_feature=38 27 5 38 24 24 1 30 31 31 31 25 24 30
split_gain=0.557964 0.27466 0.254586 0.168848 0.169496 0.487448 0.597572 0.260508 0.553384 0.466503 0.472484 0.405091 0.396716 0.401033
threshold=2.1247279273171897 30.998680555555559 0.15470000000000003 1.0073962651787427 116.65266666666663 99.208500000000086 30.500000000000004 38.165000000000006 0.98907071189679896 1.2585729879880547 1.1353641777370593 0.54027027027027041 263.3524999999924 97.500000000000014
decision_type=2 2 2 2 10 10 2 2 10 10 10 10 10 2
left_child=1 3 -3 -1 5 -5 -7 11 -9 10 -10 -6 -11 -14
right_child=-2 2 -4 4 7 6 -8 8 9 12 -12 -13 13 -15
leaf_value=-0.00064032896279162302 -0.0019746489252158721 0.0020997981645632532 1.5072088139877628e-05 6.3163689713560304e-05 0.0017034439196114441 0.0031367680303014392 0.00013206438411383285 -0.0016231867258617791 7.2717852964641371e-05 -0.00058960641731088583 0.0026952131285660841 -0.0004364546731927012 -0.0016054145279746298 0.00029319672269474076
leaf_weight=370 129 108 103 4161 166 106 136 235 157 1354 102 153 109 1230
leaf_count=370 129 108 103 4161 166 106 136 235 157 1354 102 153 109 1230
internal_value=-1.64578e-05 1.32956e-05 0.00108214 -1.3945e-05 1.53585e-05 0.000139287 0.00144817 -0.000140277 -0.000222092 -0.000110554 0.00110552 0.000677098 -0.00022751 0.000138642
internal_weight=8619 8490 211 8279 7909 4403 242 3506 3187 2952 259 319 2693 1339
internal_count=8619 8490 211 8279 7909 4403 242 3506 3187 2952 259 319 2693 1339
is_linear=0
shrinkage=0.03


Tree=318
num_leaves=15
num_cat=2
split_feature=38 38 10 38 5 38 38 37 25 26 28 37 38 30
split_gain=0.217069 0.217362 0.255148 0.53446 0.289031 0.263772 0.292755 0.62291 0.433836 0.312682 0.299867 0.379343 0.563869 0.368142
threshold=2.1247279273171897 2.0680616101649081 1.0000000180025095e-35 1.4675504255523146 0.81665000000000021 2.0142380429532039 1.4773522854726033 0 0.63060428849902539 0.06186224489795919 4.9800578703703708 1 1.6304791568851609 265.77500000000003
decision_type=2 2 2 2 2 2 2 9 10 10 2 9 2 2
left_child=1 2 3 -1 5 6 7 -4 10 -9 11 12 -8 -13
right_child=-2 -3 4 -5 -6 -7 8 9 -10 -11 -12 13 -14 -15
leaf_value=0.00085465846251290612 -0.0012311957786743759 0.0013736628975700772 -0.0015278394050209929 -0.0018536223780069958 0.0014362609430775045 -0.0013323818391395941 -0.00017486154346646015 -0.00012573184184859257 0.0013392030901725361 0.0013402569890518755 0.00060844204259787808 -0.00029941768468527355 0.002018501216142294 0.0012047185837202202
leaf_weight=101 133 101 275 187 125 135 242 3522 275 136 815 2179 187 157
leaf_count=101 133 101 275 187 125 135 242 3522 275 136 815 2179 187 157
internal_value=-2.86613e-05 -9.70471e-06 -2.64658e-05 -0.000903843 4.93145e-06 -1.76504e-05 5.1396e-06 -0.000176961 0.000190925 -7.1034e-05 0.000102719 -4.63461e-05 0.000763424 -0.000197481
internal_weight=8570 8437 8336 288 8048 7923 7788 3933 3855 3658 3580 2765 429 2336
internal_count=8570 8437 8336 288 8048 7923 7788 3933 3855 3658 3580 2765 429 2336
cat_boundaries=0 1 2
cat_threshold=1211662400 1213759492
is_linear=0
shrinkage=0.03


Tree=319
num_leaves=15
num_cat=0
split_feature=0 38 27 1 1 27 1 6 27 27 21 32 1 32
split_gain=0.193356 0.805115 0.56704 0.137603 0.243194 0.288832 0.24157 0.161442 0.150373 0.2742 0.620905 0.225989 0.324733 0.525812
threshold=3.5000000000000004 1.6030844264312401 13.999994212962966 242.50000000000003 168.50000000000003 13.999716435185187 145.50000000000003 3.5000000000000004 12.99934027777778 11.416377314814817 39.166666666666679 6.5000000000000009 31.500000000000004 2.5000000000000004
decision_type=2 2 2 2 2 2 2 2 2 2 2 2 2 2
left_child=1 2 -1 4 6 -6 7 8 9 11 -11 12 13 -2
right_child=3 -3 -4 -5 5 -7 -8 -9 -10 10 -12 -13 -14 -15
leaf_value=-0.0011265271718132722 0.0011256058323358433 -0.0026987228543293895 0.0015142347846954117 0.00084887087701401051 3.5485542589097767e-05 -0.0022333231555427065 0.0011903643533254841 -0.00096007705276329692 1.1189718299873101e-05 0.00022034935483437342 -0.0025753558696900219 -0.0007276080524596868 0.00098632629703622248 -0.0017230199027361104
leaf_weight=151 101 128 142 149 101 101 140 178 6289 144 142 313 280 138
leaf_count=151 101 128 142 149 101 101 140 178 6289 144 142 313 280 138
internal_value=-8.70333e-05 -0.000713826 0.000153296 -5.43587e-05 -7.13363e-05 -0.00109892 -4.44662e-05 -6.72581e-05 -4.58024e-05 -0.000366396 -0.00116773 -9.09381e-05 0.000293027 -0.000519207
internal_weight=8497 421 293 8076 7927 202 7725 7585 7407 1118 286 832 519 239
internal_count=8497 421 293 8076 7927 202 7725 7585 7407 1118 286 832 519 239
is_linear=0
shrinkage=0.03


Tree=320
num_leaves=15
num_cat=3
split_feature=24 38 37 28 37 21 22 31 25 27 27 31 31 36
split_gain=0.219331 0.39267 0.204928 0.207818 0.215424 0.199536 0.471304 0.280605 0.177189 0.139095 0.298617 0.718012 0.791986 0.293224
threshold=533.18250000001296 1.4528232603363593 0 1.0800810185185188 1 14.833333333333334 582.45000000000016 1.2900987958515222 0.26235294117647062 12.999716435185187 13.999322916666669 1.0823369463999704 1.2508030341587599 2
decision_type=10 2 9 2 9 2 2 10 10 2 2 8 10 9
left_child=2 -2 3 5 -5 -1 8 -8 -7 13 11 -11 -13 -4
right_child=1 -3 9 4 -6 6 7 -9 -10 10 -12 12 -14 -15
leaf_value=0.00078040879239415508 -0.001679296132586747 0.00024002230435439623 -0.0016011280357092618 -0.00017500047494964252 -0.0018184102160088704 -0.0023406316762459739 0.0013699020075854725 -0.00039052440216250003 -0.0006179968343455976 -0.0010258533315405853 7.8940256300564092e-05 0.0033568424943525594 0.00057628155587540722 -3.4778214600160401e-05
leaf_weight=180 187 197 115 155 142 106 138 199 109 148 5690 130 317 788
leaf_count=180 187 197 115 155 142 106 138 199 109 148 5690 130 317 788
internal_value=6.14349e-06 -0.000694646 3.8893e-05 -0.000355088 -0.00102786 -8.69712e-05 -0.000369812 0.000330362 -0.0014673 9.56544e-05 0.00014581 0.000785285 0.00138495 -0.000252374
internal_weight=8601 384 8217 1029 297 732 552 337 215 7188 6285 595 447 903
internal_count=8601 384 8217 1029 297 732 552 337 215 7188 6285 595 447 903
cat_boundaries=0 1 2 3
cat_threshold=738267421 536870933 32
is_linear=0
shrinkage=0.03


Tree=321
num_leaves=15
num_cat=2
split_feature=31 31 38 35 27 38 1 31 24 37 32 23 1 31
split_gain=0.154145 0.433909 0.346662 0.345102 0.317139 0.319053 0.310714 0.608747 0.634798 0.468531 0.462399 0.459746 0.405258 0.349585
threshold=2.308391608391609 2.3685450375054251 1.968278988508539 0 30.673940972222226 1.9342538058622119 34.500000000000007 3.1562859952622087 61.543500000000357 1 8.5000000000000018 153.50000000000003 12.500000000000002 2.663388135598137
decision_type=8 8 2 1 2 2 2 8 10 9 2 2 2 10
left_child=2 -2 -1 -4 5 6 7 8 -3 -8 13 -9 -10 -11
right_child=1 4 3 -5 -6 -7 9 11 12 10 -12 -13 -14 -15
leaf_value=0.00014612326471042628 -0.0018457895028922292 0.00079584016126318599 0.00046478020562790335 -0.0014220408831291799 0.0014446435709166844 0.00091823030975647266 0.0018488169980030191 -0.00039752055209450602 -0.00093434223748922144 -0.0023272837357897098 0.00022130864434240555 0.0015566771511647003 -0.0027512114423206033 -0.00039117533595865543
leaf_weight=5070 135 100 130 247 114 225 108 566 219 122 1001 134 223 269
leaf_count=5070 135 100 130 247 114 225 108 566 219 122 1001 134 223 269
internal_value=-1.63759e-05 -0.000181068 8.0861e-05 -0.000796804 -0.000108125 -0.000167786 -0.000256901 -0.000607857 -0.00136265 3.36904e-05 -0.000119561 -2.34313e-05 -0.001851 -0.000995281
internal_weight=8663 3216 5447 377 3081 2967 2742 1242 542 1500 1392 700 442 391
internal_count=8663 3216 5447 377 3081 2967 2742 1242 542 1500 1392 700 442 391
cat_boundaries=0 1 2
cat_threshold=6 243269632
is_linear=0
shrinkage=0.03


Tree=322
num_leaves=15
num_cat=1
split_feature=37 38 1 0 22 5 1 22 32 24 23 38 1 38
split_gain=0.16613 0.321155 0.364374 0.379346 0.327079 0.321728 0.311412 0.281371 0.30951 0.246825 0.253418 0.246402 0.240129 0.220113
threshold=0 1.2987000775549293 53.500000000000007 5.5000000000000009 1544.9000000000001 0.23305000000000003 84.500000000000014 6861.0000000000009 16.500000000000004 203.10616666666351 18.500000000000004 1.2361743771194049 27.500000000000004 1.1173348258075124
decision_type=9 2 2 2 2 2 2 2 2 10 2 2 2 2
left_child=1 7 3 4 -3 6 -4 8 11 10 -5 13 -12 -1
right_child=-2 2 5 9 -6 -7 -8 -9 -10 -11 12 -13 -14 -15
leaf_value=0.0016222089618250801 5.505366797458331e-05 -0.0010122914876528951 0.00057098186362920138 -0.0023134489572350213 0.0011590583376444045 0.0012885116757762091 -0.0013724140387976628 -0.00097528256122733192 -0.00075661968522651403 -0.0026357396645550111 0.00016100817770923036 0.0023213608618825672 -0.0014786284226443497 -0.00024155700110069667
leaf_weight=101 6702 129 145 107 121 148 152 118 104 111 167 105 155 131
leaf_count=101 6702 129 145 107 121 148 152 118 104 111 167 105 155 131
internal_value=-1.36734e-05 -0.000269229 -0.000540777 -0.000927525 3.86418e-05 0.000145809 -0.000423618 0.000325886 0.000674044 -0.00137482 -0.00104857 0.00111555 -0.000628258 0.000569824
internal_weight=8496 1794 1235 790 250 445 297 559 441 540 429 337 322 232
internal_count=8496 1794 1235 790 250 445 297 559 441 540 429 337 322 232
cat_boundaries=0 1
cat_threshold=3959685224
is_linear=0
shrinkage=0.03


Tree=323
num_leaves=15
num_cat=4
split_feature=30 21 21 31 31 22 35 35 37 37 5 13 31 27
split_gain=0.161519 0.134704 0.341632 0.125191 0.591601 0.299773 0.455145 0.293864 0.357842 0.343024 0.478875 0.338883 0.420136 0.327181
threshold=387.75000000000006 204.83333333333334 182.54166666666669 1.0823369463999704 1.1144551101072844 6402.0500000000002 0 1 2 3 0.28175000000000006 1.0000000180025095e-35 0.35714348202647267 13.99992476851852
decision_type=2 2 2 10 10 2 1 1 9 9 2 2 10 2
left_child=1 2 3 7 -5 -6 -7 8 -1 -9 11 -11 -13 -14
right_child=-2 -3 -4 4 5 6 -8 9 -10 10 -12 12 13 -15
leaf_value=0.0017200544816668986 0.0011482096028679581 -0.00086572539581019161 0.0015616082604555698 0.0023100544337533633 5.5375999885348283e-05 0.00020534351976417688 -0.0016406723504216402 -0.0014096040982251019 -6.8267234421615341e-05 0.0010138938927557318 -0.0014415517240775296 0.00081945269440009355 -0.0023055513299487791 -0.00013676306365489248
leaf_weight=113 107 168 123 101 5725 241 232 291 558 260 222 163 116 136
leaf_count=113 107 168 123 101 5725 241 232 291 558 260 222 163 116 136
internal_value=-1.00571e-05 -2.47257e-05 -7.66399e-06 -3.13243e-05 3.25197e-05 -4.59404e-06 -0.000730447 -0.000247652 0.000253731 -0.000528527 -0.000230303 0.000164651 -0.000367405 -0.00113509
internal_weight=8556 8449 8281 8158 6299 6198 473 1859 671 1188 897 675 415 252
internal_count=8556 8449 8281 8158 6299 6198 473 1859 671 1188 897 675 415 252
cat_boundaries=0 1 2 3 4
cat_threshold=5 5 201328647 952111105
is_linear=0
shrinkage=0.03


Tree=324
num_leaves=15
num_cat=2
split_feature=37 38 29 17 38 21 37 23 23 23 31 31 31 31
split_gain=0.194272 0.546682 0.339867 0.297392 0.491858 0.473742 0.334986 0.286819 0.287902 0.280418 0.244159 0.223734 0.19373 0.23674
threshold=0 2.0419870592411393 1.0000000180025095e-35 1.0000000180025095e-35 1.6584841159403438 49.583333333333336 1 97.500000000000014 81.500000000000014 76.500000000000014 1.6406667080513999 2.2745139927365949 2.2263297191155131 1.7085313261190753
decision_type=9 2 2 2 2 2 9 2 2 2 8 10 10 8
left_child=1 2 3 4 7 6 -5 8 10 12 -1 -12 13 -4
right_child=-2 -3 9 5 -6 -7 -8 -9 -10 -11 11 -13 -14 -15
leaf_value=-0.00010833161180734782 -3.9063087164283063e-05 0.002439791505717174 0.00038315263340550962 -0.0018812408504626627 0.0023075603957429689 0.0012093226072571145 -3.5651208970786836e-05 -0.00066310959740550901 0.0021191389709756285 -0.0017227892451516286 0.0013656526650224548 3.9706780091425602e-05 0.0010163370012283071 -0.0013742786175571381
leaf_weight=399 6033 101 136 144 138 145 220 187 103 127 318 179 103 140
leaf_count=399 6033 101 136 144 138 145 220 187 103 127 318 179 103 140
internal_value=5.24341e-05 0.000277687 0.000185512 0.000375513 0.000612443 -0.000240784 -0.000818436 0.000415203 0.000617049 -0.00050277 0.000444376 0.000888099 -9.39513e-05 -0.000508298
internal_weight=8473 2440 2339 1833 1324 509 364 1186 999 506 896 497 379 276
internal_count=8473 2440 2339 1833 1324 509 364 1186 999 506 896 497 379 276
cat_boundaries=0 1 2
cat_threshold=1265131642 136331296
is_linear=0
shrinkage=0.03


Tree=325
num_leaves=15
num_cat=1
split_feature=37 13 30 24 10 38 30 24 38 24 31 26 38 30
split_gain=0.239257 0.414719 0.459275 0.20027 0.141843 0.635112 0.154459 0.144283 0.367369 0.251488 0.201404 0.171814 0.470248 0.377585
threshold=0 0.50000000000000011 40.250000000000007 770.65416666668386 1.0000000180025095e-35 1.4675504255523146 351.42500000000007 468.26983333333635 1.5932057642721424 415.33983333332935 2.6228785436617055 1.0000000180025095e-35 1.8250112170304076 264.02500000000003
decision_type=9 2 2 10 2 2 2 10 2 10 10 10 2 2
left_child=1 2 -1 4 5 -2 7 9 10 11 -9 12 -6 -13
right_child=3 -3 -4 -5 6 -7 -8 8 -10 -11 -12 13 -14 -15
leaf_value=0.0012811946087022078 0.0011064363354991111 0.0022842881903893109 -0.000977972803350606 0.0012078764397537689 -0.00015094877325447678 -0.0018060768128546712 0.0011205770860542542 -0.00056447639773978149 0.00049602839105491396 0.0012567989560390324 -0.002319208264667028 -2.0677336493673822e-05 -0.0019386328565184586 0.001026765958381677
leaf_weight=160 107 108 164 111 2802 182 100 128 158 133 109 3829 139 337
leaf_count=160 107 108 164 111 2802 182 100 128 158 133 109 3829 139 337
internal_value=-2.07751e-05 0.000659065 0.000137665 -5.76166e-05 -7.51946e-05 -0.000727741 -5.08137e-05 -6.61561e-05 -0.000624492 -3.56944e-05 -0.0013715 -5.98821e-05 -0.00023544 6.40534e-05
internal_weight=8567 432 324 8135 8024 289 7735 7635 395 7240 237 7107 2941 4166
internal_count=8567 432 324 8135 8024 289 7735 7635 395 7240 237 7107 2941 4166
cat_boundaries=0 1
cat_threshold=2626624
is_linear=0
shrinkage=0.03


Tree=326
num_leaves=15
num_cat=0
split_feature=28 22 0 0 21 30 24 22 31 1 1 38 26 24
split_gain=0.165574 0.517178 0.422823 0.320163 0.211276 0.26345 0.169476 0.3009 0.2092 0.438067 0.256464 0.425618 0.329579 0.362365
threshold=15.638628472222225 1079.0000000000002 6.5000000000000009 8.5000000000000018 210.14166666666671 344.20000000000005 1.0000000180025095e-35 10353.798000000001 5.3583467094703057 80.500000000000014 2.5000000000000004 1.6341997584885097 0.02355875831485588 174.82500000000351
decision_type=2 2 2 2 2 2 8 2 10 2 2 2 8 10
left_child=4 -2 -3 -4 5 6 -1 8 10 -10 11 12 13 -8
right_child=1 2 3 -5 -6 -7 7 -9 9 -11 -12 -13 -14 -15
leaf_value=0.0010536806108895687 -0.0021040551164734815 0.00096267366397244456 -0.0018980854541048643 0.00015515900648834587 0.0012687253116769348 -0.0014870370446471209 -7.0286643020532068e-05 -0.001575064461777728 -0.0010164883602244248 0.0012163626781431958 3.3504258546493618e-05 0.0020389842328504466 -0.0010999578787527216 0.0015272192443706247
leaf_weight=150 134 224 127 148 127 101 303 103 378 100 6128 151 127 221
leaf_count=150 134 224 127 148 127 101 303 103 378 100 6128 151 127 221
internal_value=1.75415e-05 -0.000449286 -4.91868e-06 -0.000793067 5.49989e-05 3.51402e-05 5.5208e-05 3.52678e-05 5.76577e-05 -0.000549365 9.95274e-05 0.000604003 0.000271158 0.000603471
internal_weight=8522 633 499 275 7889 7762 7661 7511 7408 478 6930 802 651 524
internal_count=8522 633 499 275 7889 7762 7661 7511 7408 478 6930 802 651 524
is_linear=0
shrinkage=0.03


Tree=327
num_leaves=15
num_cat=2
split_feature=37 7 1 1 34 37 26 24 27 24 38 23 1 5
split_gain=0.241669 0.258439 0.820987 0.707963 0.389284 0.596652 0.423282 0.328802 0.666699 0.436526 0.243983 0.1908 0.187215 0.184852
threshold=0 1.0000000180025095e-35 97.500000000000014 101.50000000000001 1.0000000180025095e-35 1 1.0000000180025095e-35 44.908166666670887 13.499554398148151 7.486666666665756 1.9518437815742264 125.50000000000001 52.500000000000007 0.074150000000000008
decision_type=9 2 2 2 2 9 10 10 2 8 2 2 2 2
left_child=1 3 4 7 6 -6 -3 8 -1 -10 -2 -7 -11 -12
right_child=10 2 -4 -5 5 11 -8 -9 9 12 13 -13 -14 -15
leaf_value=0.0026719119153825804 -4.1205323030317613e-05 0.0022020114984499005 0.0027872608089653242 -0.0014689270063685492 -0.0021138165316476327 0.0011885252317058578 0.00015945725591419348 -0.00050423996274912496 -0.0011994753691602412 0.0017939149008598177 -0.00030388096709351012 -0.00040405107842327032 0.00018693529395060938 -0.0019928908634972344
leaf_weight=133 6333 151 140 234 113 139 231 240 131 120 138 132 143 101
leaf_count=133 6333 151 140 234 113 139 231 240 131 120 138 132 143 101
internal_value=9.75857e-06 0.000306163 0.000674863 -2.44875e-05 0.000288785 -0.000385753 0.000966854 0.000416189 0.00083536 0.000215407 -7.65984e-05 0.000398115 0.000920158 -0.00101765
internal_weight=8479 1907 906 1001 766 384 382 767 527 394 6572 271 263 239
internal_count=8479 1907 906 1001 766 384 382 767 527 394 6572 271 263 239
cat_boundaries=0 1 2
cat_threshold=807425144 538988544
is_linear=0
shrinkage=0.03


Tree=328
num_leaves=15
num_cat=1
split_feature=37 38 28 30 27 30 30 13 31 32 30 25 31 25
split_gain=0.174405 0.373074 0.382721 0.29516 0.317791 0.294771 0.396691 0.334633 0.335394 0.31637 0.465996 0.309164 0.270122 0.196723
threshold=0 1.309899768831307 4.7225694444444448 142.42500000000004 13.970746527777779 182.10000000000002 140.40000000000003 1.0000000180025095e-35 0.60070754716981145 9.5000000000000018 47.050000000000004 0.26235294117647062 1.5792087835482749 0.63060428849902539
decision_type=9 2 2 2 2 2 2 2 10 2 2 10 10 8
left_child=1 2 3 4 -1 6 7 9 -9 10 -3 -10 -4 -2
right_child=13 5 12 -5 -6 -7 -8 8 11 -11 -12 -13 -14 -15
leaf_value=0.0013129448112862696 1.7445279778999359e-05 -0.00030005347674650929 -0.0012804302470855568 0.0022491417745970047 -0.00044790976864026214 -0.0015649113854182498 0.00094099287541102165 -3.732032579137012e-05 -0.0028485985509585591 -0.0012015148272538291 0.0022917797070528779 -0.00099669128778555739 0.00014557818595380156 0.00071444928501463996
leaf_weight=186 5561 154 180 104 183 212 182 264 100 105 105 430 356 390
leaf_count=186 5561 154 180 104 183 212 182 264 100 105 105 430 356 390
internal_value=-2.61246e-05 -0.000232603 0.000215559 0.000837529 0.000439675 -0.000525464 -0.000361014 -0.000565648 -0.000910944 0.000187554 0.00075069 -0.00134611 -0.000333305 6.30177e-05
internal_weight=8512 2561 1009 473 369 1552 1340 1158 794 364 259 530 536 5951
internal_count=8512 2561 1009 473 369 1552 1340 1158 794 364 259 530 536 5951
cat_boundaries=0 1
cat_threshold=2286510178
is_linear=0
shrinkage=0.03


Tree=329
num_leaves=15
num_cat=1
split_feature=37 38 21 38 30 38 12 1 0 30 28 28 25 25
split_gain=0.195285 0.487639 0.400869 0.23771 0.586964 0.253599 0.20797 0.440983 0.206469 0.440604 0.323144 0.654817 0.618004 0.33178
threshold=0 2.0419870592411393 198.33333333333334 1.968278988508539 156.25000000000003 1.0314392891008379 1.0000000180025095e-35 54.500000000000007 9.5000000000000018 247.55000000000004 1.3800347222222225 8.5183912037037057 0.49489795918367352 0.29772727272727278
decision_type=9 2 2 2 2 2 2 2 2 2 2 2 8 10
left_child=1 2 -1 5 -5 -2 8 -8 -7 10 12 -12 13 -10
right_child=3 -3 -4 4 -6 6 7 -9 9 -11 11 -13 -14 -15
leaf_value=-0.00015178195195421416 -0.001009293898378681 0.001874965492886706 -0.001975406132299083 -0.0013150472244680194 0.0013334505662854867 5.6368241240046304e-05 0.002121124074074273 -0.00033850776613689957 0.00050748556790027109 -0.00080756588196832563 0.0027761995998735077 0.00018380814867110498 0.0018566328316521128 -0.00115693752001971
leaf_weight=3458 151 104 112 273 104 2971 151 116 241 186 180 171 179 195
leaf_count=3458 151 104 112 273 104 2971 151 116 241 186 180 171 179 195
internal_value=1.5669e-05 -0.000149596 -0.000208994 0.000139152 -0.000584427 0.00019953 0.00024111 0.00105252 0.000188564 0.000529495 0.000786942 0.00151324 0.00037242 -0.000236924
internal_weight=8592 3674 3570 4918 377 4541 4390 267 4123 1152 966 351 615 436
internal_count=8592 3674 3570 4918 377 4541 4390 267 4123 1152 966 351 615 436
cat_boundaries=0 1
cat_threshold=4016390155
is_linear=0
shrinkage=0.03


Tree=330
num_leaves=15
num_cat=0
split_feature=38 38 27 27 21 13 21 6 21 0 23 13 27 24
split_gain=0.194092 0.411161 0.297677 0.306293 0.264846 0.543192 0.719329 0.572722 0.483017 0.461075 0.617883 0.441933 0.614085 0.495923
threshold=1.4162197106192453 1.4084296004114985 30.624890046296297 30.28078703703704 89.666666666666671 1.0000000180025095e-35 169.03333333333336 2.5000000000000004 169.03333333333336 7.5000000000000009 61.500000000000007 1.0000000180025095e-35 16.020740740740745 26.342833333332095
decision_type=2 2 2 2 2 2 2 2 2 2 2 2 2 8
left_child=1 2 3 -1 11 8 7 9 -6 -7 -11 12 -2 -13
right_child=4 -3 -4 -5 5 6 -8 -9 -10 10 -12 13 -14 -15
leaf_value=-8.3060851900474338e-05 0.00051211125049298051 -0.0020350515057798477 0.001335931217927282 -0.0016665288630725913 -0.00034833167080435305 -0.0011401375757460481 0.0015173418953923917 0.0018456584832980297 -0.0030428644528757163 -0.0017065491822852504 0.001070610730426519 -0.00092737462312948921 0.0027791079320013522 0.00023248852512749085
leaf_weight=3088 1330 100 128 114 143 500 246 100 103 101 252 405 117 1835
leaf_count=3088 1330 100 128 114 143 500 246 100 103 101 252 405 117 1835
internal_value=3.50713e-05 -0.000139645 -8.27258e-05 -0.000139437 0.000151844 -0.000192409 7.10555e-05 -0.000302278 -0.00147653 -0.000554087 0.000276013 0.000286762 0.000695414 2.27811e-05
internal_weight=8562 3430 3330 3202 5132 1445 1199 953 246 853 353 3687 1447 2240
internal_count=8562 3430 3330 3202 5132 1445 1199 953 246 853 353 3687 1447 2240
is_linear=0
shrinkage=0.03


Tree=331
num_leaves=15
num_cat=0
split_feature=27 1 31 31 31 31 31 1 7 38 21 26 27 27
split_gain=0.143766 0.357504 0.340624 0.331173 0.376723 0.311302 0.296321 0.286391 0.281413 0.869913 0.651282 0.627827 0.338553 0.406212
threshold=13.958015046296298 4.5000000000000009 7.7898305084745774 1.839223276723277 1.0823369463999704 0.95670914542728658 1.2190404267189183 38.500000000000007 1.5000000000000002 1.5525159571993972 94.416666666666686 0.026013513513513518 30.512980324074078 29.624641203703707
decision_type=2 2 8 10 10 10 10 2 2 2 2 10 2 2
left_child=1 -1 3 4 5 7 -6 -3 12 11 -11 -10 13 -2
right_child=8 2 -4 -5 6 -7 -8 -9 9 10 -12 -13 -14 -15
leaf_value=-0.001174012283612225 3.9954085785170767e-05 0.00094670708778586167 0.0012032540260752385 -0.00081569623464596171 0.0022394513763603755 -0.0019016570754814891 0.00037061440458538544 -0.0006943637987951968 0.00067944766022264957 0.0039530526949092745 0.00057875081293237631 -0.0019500899730393517 -0.00077870582030643485 0.0011744573481148107
leaf_weight=286 5340 161 181 483 100 100 323 236 271 105 101 117 424 300
leaf_count=286 5340 161 181 483 100 100 323 236 271 105 101 117 424 300
internal_value=3.46028e-05 -0.000197819 -2.15621e-05 -0.000179575 0.000154389 -0.000405665 0.00081242 -2.88413e-05 9.98821e-05 0.000723054 0.00229866 -0.00011348 3.88392e-05 0.0001003
internal_weight=8528 1870 1584 1403 920 497 423 397 6658 594 206 388 6064 5640
internal_count=8528 1870 1584 1403 920 497 423 397 6658 594 206 388 6064 5640
is_linear=0
shrinkage=0.03


Tree=332
num_leaves=15
num_cat=2
split_feature=17 28 37 0 35 38 30 32 38 25 1 30 0 28
split_gain=0.247433 0.196089 0.531255 0.435879 0.354824 0.43657 0.481121 0.451081 0.401212 0.347573 0.323145 0.322439 0.329012 0.709883
threshold=3.5000000000000004 0.93167824074074079 0 11.500000000000002 1 1.7382643940218145 265.77500000000003 21.500000000000004 1.5613559312691077 0.56205128205128219 54.500000000000007 18.250000000000004 8.5000000000000018 8.0082060185185195
decision_type=2 2 9 2 1 2 2 2 2 10 2 2 2 2
left_child=1 -1 4 -4 5 6 8 -8 9 11 -10 -3 -13 -14
right_child=-2 2 3 -5 -6 -7 7 -9 10 -11 -12 12 13 -15
leaf_value=0.00018076322832500974 0.0013720235277811974 0.0015203501171286917 -0.00033918671800668444 -0.0017926160964513353 0.00099538620627947333 -0.0012027060614547076 0.00087200328209919144 -0.0013330127078765961 0.002175619114547017 0.0016066562073253916 0.00032540361595249944 -0.0007510568846415274 0.0025303889536346358 -0.00072745950332367729
leaf_weight=4596 129 100 1324 216 386 235 116 298 188 127 155 485 101 149
leaf_count=4596 129 100 1324 216 386 235 116 298 188 127 155 485 101 149
internal_value=6.80292e-05 4.81832e-05 -0.000108863 -0.000539541 0.000176128 1.00449e-05 0.000175895 -0.000715182 0.000458582 0.000144486 0.00133952 -7.79039e-05 -0.000295353 0.000588711
internal_weight=8605 8476 3880 1540 2340 1954 1719 414 1305 962 343 835 735 250
internal_count=8605 8476 3880 1540 2340 1954 1719 414 1305 962 343 835 735 250
cat_boundaries=0 1 2
cat_threshold=1920993311 9
is_linear=0
shrinkage=0.03


Tree=333
num_leaves=15
num_cat=0
split_feature=38 30 38 38 5 31 28 1 30 1 1 5 0 23
split_gain=0.159089 0.158723 0.169534 0.161055 0.150823 0.24585 0.314234 0.562902 0.316973 0.306758 0.409711 0.328664 0.442967 0.229502
threshold=0.87105300439944 368.50000000000006 2.1247279273171897 2.0563436588022119 0.11435000000000002 2.7397474403805018 7.9728298611111121 89.500000000000014 250.60000000000002 189.50000000000003 136.50000000000003 0.56350000000000011 7.5000000000000009 115.50000000000001
decision_type=2 2 2 2 2 10 2 2 2 2 2 2 2 2
left_child=-1 2 3 4 -2 9 7 13 -8 10 11 -6 -13 -7
right_child=1 -3 -4 -5 5 6 8 -9 -10 -11 -12 12 -14 -15
leaf_value=-0.0011685263334903903 0.00011055415491741738 -0.00095550957688641169 -0.0011959999650083843 0.0010930185100629128 -0.00050211716521575043 -0.0016629975234314486 0.0021985129038284866 0.0014539950280303619 0.00021174497731715153 -0.001838125740167627 0.0013283641690863891 -0.00085879443674732783 0.0016117016081855363 6.5374462174693659e-05
leaf_weight=107 5095 155 103 126 1686 167 128 127 166 113 141 109 163 118
leaf_count=107 5095 155 103 126 1686 167 128 127 166 113 141 109 163 118
internal_value=-1.90498e-05 -4.40247e-06 1.34842e-05 2.87903e-05 1.20559e-05 -0.000159928 0.000327493 -0.000207158 0.00107673 -0.000315497 -0.000233526 -0.000346001 0.000621687 -0.000947391
internal_weight=8504 8397 8242 8139 8013 2918 706 412 294 2212 2099 1958 272 285
internal_count=8504 8397 8242 8139 8013 2918 706 412 294 2212 2099 1958 272 285
is_linear=0
shrinkage=0.03


Tree=334
num_leaves=15
num_cat=1
split_feature=37 1 28 16 1 22 21 30 27 30 23 30 21 22
split_gain=0.245889 0.235971 0.519622 0.441792 0.397466 0.289997 0.306418 0.22242 0.216272 0.210597 0.559753 0.246582 0.395441 0.187114
threshold=0 18.500000000000004 6.9361747685185202 1.0000000180025095e-35 27.500000000000004 650.11983333333342 51.500000000000007 99.500000000000014 31.139942129629635 18.250000000000004 64.500000000000014 30.165000000000003 18.833333333333339 1874.5500000000004
decision_type=9 2 2 2 2 2 2 2 2 2 2 2 2 2
left_child=1 2 3 -1 -3 -6 -7 -8 9 10 -2 12 -11 -5
right_child=8 4 -4 13 5 6 7 -9 -10 11 -12 -13 -14 -15
leaf_value=0.0016877382479844789 -8.2377873041586318e-05 -0.0019159767415709373 -0.0018089518341483598 -0.00057369824716672576 -0.00082702474467100963 0.0016873083777445394 -0.0012742587573464131 0.00058795348707316143 -0.0011316972277762198 0.00035623923713422339 0.0022061429912107224 9.2422879538703266e-05 -0.0018654473272109071 0.00079360794136640572
leaf_weight=179 265 178 109 263 475 103 108 124 132 138 151 6047 151 137
leaf_count=179 265 178 109 263 475 103 108 124 132 138 151 6047 151 137
internal_value=-8.61653e-06 -0.000333351 9.1237e-05 0.000448958 -0.00063239 -0.000350318 0.000325609 -0.000278938 7.08258e-05 9.44397e-05 0.000748311 5.15088e-05 -0.000804573 -0.000105396
internal_weight=8560 1676 688 579 988 810 335 232 6884 6752 416 6336 289 400
internal_count=8560 1676 688 579 988 810 335 232 6884 6752 416 6336 289 400
cat_boundaries=0 1
cat_threshold=93598630
is_linear=0
shrinkage=0.03


Tree=335
num_leaves=15
num_cat=1
split_feature=37 30 1 27 24 1 21 30 28 1 28 21 27 24
split_gain=0.178677 0.544435 0.362355 0.413894 0.156217 0.169503 0.115826 0.278104 0.10675 0.239608 0.184255 0.367974 0.223962 0.285414
threshold=0 71.250000000000014 16.500000000000004 13.999739583333335 13.420333333333257 222.50000000000003 50.500000000000007 47.050000000000004 20.991348379629631 48.500000000000007 16.781001157407413 86.083333333333357 30.998680555555559 157.05049999999582
decision_type=9 2 2 2 8 2 2 2 2 2 2 2 2 10
left_child=1 2 -1 -4 6 8 7 -2 10 -10 12 -12 13 -6
right_child=4 -3 3 -5 5 -7 -8 -9 9 -11 11 -13 -14 -15
leaf_value=-0.0014770491014943895 -0.0010482274224091269 0.002177620338411707 0.0019766090146834609 -0.00032076015295039742 0.00013748102700102265 0.00099783968559323923 -0.0014501399436670512 0.00067903597503066475 0.0011757478568280037 -0.00059474555455037842 0.00032862677947074798 -0.0021777152622715363 0.00126340922255069 -0.0002597473962692828
leaf_weight=109 192 139 113 188 4159 157 101 149 196 106 108 103 125 2675
leaf_count=109 192 139 113 188 4159 157 101 149 196 106 108 103 125 2675
internal_value=2.64889e-05 0.000545161 5.01356e-06 0.000541707 -9.45558e-06 2.23013e-05 -0.0005578 -0.000293499 1.80354e-06 0.000554316 -2.14683e-05 -0.000894848 5.013e-06 -1.80042e-05
internal_weight=8620 549 410 301 8071 7629 442 341 7472 302 7170 211 6959 6834
internal_count=8620 549 410 301 8071 7629 442 341 7472 302 7170 211 6959 6834
cat_boundaries=0 1
cat_threshold=3674432
is_linear=0
shrinkage=0.03


Tree=336
num_leaves=15
num_cat=3
split_feature=37 13 1 38 37 27 30 30 31 36 30 31 38 17
split_gain=0.207199 0.252408 0.193333 0.12558 0.165878 0.182886 0.349708 0.423122 0.516219 0.426777 0.629898 0.285316 0.507599 0.343959
threshold=0 1.0000000180025095e-35 25.500000000000004 0.87105300439944 1 17.423611111111114 44.500000000000007 81.500000000000014 1.1025975288833789 2 156.25000000000003 1.6316860465116281 1.4439469847925801 1.5000000000000002
decision_type=9 2 2 2 9 2 2 2 10 9 2 10 2 2
left_child=1 -1 -3 -2 -5 -6 -7 -8 -9 10 -10 12 -12 -13
right_child=3 2 -4 4 5 6 7 8 9 -11 11 13 -14 -15
leaf_value=0.0002346279926625696 -0.0010226788235437215 -0.0022069122685368509 -0.0005781031675266609 0.00066365755181475893 -0.00011368146760038212 0.0016563347842271704 -0.0014354177356697619 0.00208428110036999 0.0022099376249988222 -0.00115184452211931 0.0010242434468928654 0.00011336361691556166 -0.0014815375964864306 0.001457780428591589
leaf_weight=177 103 108 167 347 4721 139 150 125 136 211 106 1658 232 191
leaf_count=177 103 108 167 347 4721 139 150 125 136 211 106 1658 232 191
internal_value=-1.70071e-05 -0.00063498 -0.00121778 1.81563e-05 3.1553e-05 2.08396e-06 0.000187481 0.000114796 0.000202247 0.000109408 0.000227946 0.000105737 -0.000695701 0.000252241
internal_weight=8571 452 275 8119 8016 7669 2948 2809 2659 2534 2323 2187 338 1849
internal_count=8571 452 275 8119 8016 7669 2948 2809 2659 2534 2323 2187 338 1849
cat_boundaries=0 1 2 3
cat_threshold=1843842 50332776 36
is_linear=0
shrinkage=0.03


Tree=337
num_leaves=15
num_cat=2
split_feature=31 37 27 35 30 31 1 31 30 31 28 17 1 21
split_gain=0.21048 0.488693 0.366449 0.521238 0.45192 0.395604 0.365844 0.332762 0.33113 0.30521 0.30492 0.402439 0.408805 0.534291
threshold=2.4757543249946594 0 13.999473379629633 1 163.02500000000003 2.5394102990033227 11.500000000000002 2.3685450375054251 86.500000000000014 2.308391608391609 14.97566550925926 1.0000000180025095e-35 43.500000000000007 60.750000000000007
decision_type=8 9 2 1 2 10 2 10 2 10 2 2 2 2
left_child=7 -2 6 5 -5 -4 -3 9 -7 -1 11 12 13 -10
right_child=1 2 3 4 -6 8 -8 -9 10 -11 -12 -13 -14 -15
leaf_value=0.00013733579119225642 -0.0012766821985846861 -0.00080219375284170693 -0.0017730683349072933 -0.00039487414278375897 0.0019222727680186693 0.0012454591823979684 0.00091064825880986797 0.0013336859227622369 -0.0010439607793120964 -0.0013336009869593767 0.00046136822067543022 -0.0015440278344644378 -0.0010698360095562031 0.0013014756848354844
leaf_weight=5422 308 141 185 136 171 115 550 205 141 130 269 325 307 230
leaf_count=5422 308 141 185 136 171 115 550 205 141 130 269 325 307 230
internal_value=4.19978e-05 -0.000167485 -2.94715e-05 -0.000246825 0.000867526 -0.000466997 0.000561139 0.000146721 -0.000296159 0.000102894 -0.000435534 -0.00067608 -0.000260028 0.000410083
internal_weight=8635 2878 2570 1879 307 1572 691 5757 1387 5552 1272 1003 678 371
internal_count=8635 2878 2570 1879 307 1572 691 5757 1387 5552 1272 1003 678 371
cat_boundaries=0 1 2
cat_threshold=1619009546 25
is_linear=0
shrinkage=0.03


Tree=338
num_leaves=15
num_cat=0
split_feature=30 28 38 31 38 30 30 21 24 30 0 30 0 25
split_gain=0.275334 0.364011 0.553926 0.42065 0.477998 0.169748 0.518074 0.423799 0.178629 0.38792 0.809988 0.23631 0.214784 0.161926
threshold=275.27500000000003 18.921059027777783 1.8250112170304076 3.6569070953420728 1.5420878908995419 260.75000000000006 253.72500000000002 91.450000000000003 8.2841666666674438 30.165000000000003 8.5000000000000018 246.05000000000004 9.5000000000000018 0.51925925925925942
decision_type=2 2 2 10 2 2 2 2 8 2 2 2 2 10
left_child=5 2 3 4 -2 6 8 -7 9 12 -11 13 -1 -10
right_child=1 -3 -4 -5 -6 7 -8 -9 11 10 -12 -13 -14 -15
leaf_value=-0.00058731297928202167 -0.001158265928232244 0.00066764550016961939 0.0010762257893162312 -0.00027489724533783422 -0.0037186183749831148 -0.00035165974526898931 -0.0017881851842806403 0.0020725187570292481 0.00014016074442926288 -0.0012558732873457631 0.0018651960905432909 0.0013787873302010026 -0.0023689447353255439 -0.00018447907396746299
leaf_weight=138 175 161 100 185 105 140 144 121 4796 157 143 122 109 1943
leaf_count=138 175 161 100 185 105 140 144 121 4796 157 143 122 109 1943
internal_value=-3.19222e-05 -0.000590763 -0.000949354 -0.00138496 -0.0021184 2.00065e-05 -5.98937e-06 0.000772193 2.86537e-05 -0.000493077 0.000231836 7.02493e-05 -0.00137354 4.656e-05
internal_weight=8539 726 565 465 280 7813 7552 261 7408 547 300 6861 247 6739
internal_count=8539 726 565 465 280 7813 7552 261 7408 547 300 6861 247 6739
is_linear=0
shrinkage=0.03


Tree=339
num_leaves=15
num_cat=3
split_feature=1 37 24 2 5 1 37 27 35 1 6 24 24 38
split_gain=0.165803 0.163041 0.164425 0.142787 0.377414 0.235381 0.375623 0.354802 0.298098 0.290339 0.527914 0.474402 0.559481 0.334932
threshold=222.50000000000003 0 355.18716666666796 1.0000000180025095e-35 0.074150000000000008 23.500000000000004 1 6.9996585648148155 2 84.500000000000014 2.5000000000000004 100.57766666666519 302.92683333333349 1.4733377647244394
decision_type=2 9 10 2 2 2 9 2 1 2 2 10 10 2
left_child=1 2 -1 5 -5 7 -7 -3 -9 10 -8 -11 13 -13
right_child=-2 3 -4 4 -6 6 9 8 -10 11 -12 12 -14 -15
leaf_value=-0.00041014400312807791 0.00082915116746160749 -0.0017095029617248232 0.00078057001497654709 0.00011635579500165197 -0.0011952228048048887 0.0012930916535844885 0.0001674934174331209 0.00063890303816496773 -0.00025845638233340523 0.00029016380030099813 0.0019732921571365648 -0.0034060116686776059 0.00022717758039943873 -0.0010297315855392038
leaf_weight=1533 193 129 112 547 309 256 2429 401 1755 435 155 102 150 112
leaf_count=1533 193 129 112 547 309 256 2429 401 1755 435 155 102 150 112
internal_value=-4.02496e-05 -6.01659e-05 -0.000327086 5.07061e-06 -0.0003571 5.74117e-05 0.00020726 -0.000181231 -8.97896e-05 0.000120913 0.000275813 -0.00037853 -0.00117766 -0.00216235
internal_weight=8618 8425 1645 6780 856 5924 3639 2285 2156 3383 2584 799 364 214
internal_count=8618 8425 1645 6780 856 5924 3639 2285 2156 3383 2584 799 364 214
cat_boundaries=0 1 2 3
cat_threshold=4542495 1208524864 5
is_linear=0
shrinkage=0.03


Tree=340
num_leaves=15
num_cat=2
split_feature=30 37 35 31 22 31 31 38 28 32 28 28 23 31
split_gain=0.209396 0.282084 0.418068 0.625202 0.41285 0.217641 0.343634 0.337206 0.23127 0.207705 0.302421 0.206641 0.244591 0.229946
threshold=368.50000000000006 0 1 0.61690476190476196 341.05000000000001 5.3583467094703057 4.1843694096601078 1.2475639257427391 1.8198611111111114 3.5000000000000004 9.2190335648148167 20.991348379629631 130.50000000000003 2.5201640784751711
decision_type=2 9 1 10 2 8 10 2 2 2 2 2 2 10
left_child=1 2 -1 -4 -5 6 11 -7 -8 -9 -11 13 -13 -3
right_child=-2 5 3 4 -6 7 8 9 -10 10 -12 12 -14 -15
leaf_value=-0.00082859266894746357 -0.0011297942759773256 3.6250313013940661e-05 -0.00061159754618226236 0.0010682214078662903 0.0036074634988617614 -0.002094309657146888 0.0019819078118518347 -0.0013608739766453753 0.00031380579494557774 0.00045925769646576529 -0.0011693529452731779 0.0017447103482009256 -0.0001831117004307138 -0.0003965063683265525
leaf_weight=111 147 5302 108 136 100 105 127 124 182 370 142 127 111 1396
leaf_count=111 147 5302 108 136 100 105 127 124 182 370 142 127 111 1396
internal_value=-7.26562e-06 1.22832e-05 0.000730564 0.00124286 0.00214417 -2.95185e-05 2.05306e-05 -0.000519263 0.000999401 -0.000259231 7.57271e-06 -2.30783e-05 0.0008456 -5.3945e-05
internal_weight=8588 8441 455 344 236 7986 7245 741 309 636 512 6936 238 6698
internal_count=8588 8441 455 344 236 7986 7245 741 309 636 512 6936 238 6698
cat_boundaries=0 1 2
cat_threshold=136324160 4
is_linear=0
shrinkage=0.03


Tree=341
num_leaves=15
num_cat=3
split_feature=36 37 1 1 38 30 37 28 28 31 1 22 5 1
split_gain=0.230169 0.776155 0.802944 0.443607 0.347557 0.277936 0.347921 0.40689 0.467654 0.428461 0.367627 0.340664 0.416682 0.378731
threshold=0 1 29.500000000000004 23.500000000000004 1.6276520532671259 275.27500000000003 2 6.3706655092592603 8.4320428240740757 7.7898305084745774 25.500000000000004 2215.5500000000002 0.23305000000000003 45.500000000000007
decision_type=9 9 2 2 2 2 9 2 2 8 2 2 2 2
left_child=5 -2 3 4 -3 6 7 9 -9 -1 -10 13 -13 -7
right_child=1 2 -4 -5 -6 11 -8 8 10 -11 -12 12 -14 -15
leaf_value=-0.00043523518634130509 0.0025691680157392278 0.00024294900551414709 -0.00044318917071695276 0.002829119027615525 0.0020947248544484279 0.00087225012723546552 0.00028090561858653727 0.0015548534301747686 0.0012464654654572118 0.0014328759935973534 -0.00056179187947019856 -0.0023567833674984465 3.9296276248466015e-05 -0.0012258494409252308
leaf_weight=2329 127 414 780 100 117 196 3257 237 140 116 365 163 109 128
leaf_count=2329 127 414 780 100 117 196 3257 237 140 116 365 163 109 128
internal_value=7.89537e-05 0.000410119 0.000199077 0.000996158 0.000650967 6.0143e-06 6.3349e-05 -0.000159367 0.00045546 -0.000346605 -6.04928e-05 -0.000613792 -0.00139659 4.33713e-05
internal_weight=8578 1538 1411 631 531 7040 6444 3187 742 2445 505 596 272 324
internal_count=8578 1538 1411 631 531 7040 6444 3187 742 2445 505 596 272 324
cat_boundaries=0 1 2 3
cat_threshold=49 276824064 970990221
is_linear=0
shrinkage=0.03


Tree=342
num_leaves=15
num_cat=2
split_feature=17 37 28 0 0 30 1 37 1 24 28 21 0 28
split_gain=0.219479 0.231431 0.2498 0.358501 0.246124 0.336805 0.586177 0.712363 0.31562 0.378354 0.367732 0.597642 0.743375 0.349647
threshold=3.5000000000000004 0 0.53105902777777791 11.500000000000002 9.5000000000000018 103.50000000000001 32.500000000000007 1 10.500000000000002 38.968166666667685 5.9710474537037044 119.50000000000001 4.5000000000000009 6.3706655092592603
decision_type=2 9 2 2 2 2 2 9 2 10 2 2 2 2
left_child=1 2 -1 -4 8 -6 7 -7 9 -3 11 12 -11 -10
right_child=-2 4 3 -5 5 6 -8 -9 13 10 -12 -13 -14 -15
leaf_value=0.00053092802863347077 0.0012745852402960215 -0.0011565255504413341 0.00016825182891758554 -0.0013923513817954462 -0.00022458433827451845 0.0012260593157212422 0.0012769076651684848 -0.0016256789437510781 -0.00052800231182314073 -0.00034482957897707814 -0.00046233303939123712 -0.00094021139893589955 0.0022046799634477879 8.9338153872018552e-05
leaf_weight=1356 126 140 727 162 723 132 517 169 2425 150 241 123 328 1252
leaf_count=1356 126 140 727 162 723 132 517 169 2425 150 241 123 328 1252
internal_value=3.17419e-05 1.31985e-05 0.00027348 -0.000116133 -8.13583e-05 0.000247171 0.000664138 -0.000388359 -0.000190196 0.000287606 0.000527722 0.000924733 0.00140462 -0.000317801
internal_weight=8571 8445 2245 889 6200 1541 818 301 4659 982 842 601 478 3677
internal_count=8571 8445 2245 889 6200 1541 818 301 4659 982 842 601 478 3677
cat_boundaries=0 1 2
cat_threshold=2015933544 2222981120
is_linear=0
shrinkage=0.03


Tree=343
num_leaves=15
num_cat=1
split_feature=30 38 38 38 37 38 31 31 32 30 31 28 0 1
split_gain=0.236476 0.320298 0.311648 0.319377 0.247681 0.462003 0.788817 0.619765 0.490586 0.287001 0.25256 0.334708 0.310449 0.315838
threshold=387.75000000000006 2.1247279273171897 2.0563436588022119 2.0142380429532039 0 1.4859309917056773 3.050351864883885 1.7262355831286176 4.5000000000000009 39.500000000000007 3.050351864883885 5.8600983796296306 5.5000000000000009 22.500000000000004
decision_type=2 2 2 2 9 2 10 8 2 2 8 2 2 2
left_child=1 2 3 4 5 9 7 8 -7 -1 -6 -12 -13 -14
right_child=-2 -3 -4 -5 10 6 -8 -9 -10 -11 11 12 13 -15
leaf_value=0.00042798796225287765 0.0014723098178750233 -0.0015965918380897405 0.0015149965847376734 -0.0016508067640311577 7.0054618508523834e-05 0.0027546289020037953 0.0034770882610084103 -0.0012896997650434869 0.00030554371738777416 -0.00099260964832740693 -0.00078275558178361011 0.0011929187892099557 -0.0015012750525306231 0.00014734837491796416
leaf_weight=308 102 109 127 102 5469 119 101 121 193 219 816 177 137 442
leaf_count=308 102 109 127 102 5469 119 101 121 193 219 816 177 137 442
internal_value=3.64682e-05 1.91156e-05 4.0255e-05 1.74256e-05 3.84278e-05 0.000463438 0.00108971 0.000532834 0.00123965 -0.000162355 -2.62374e-05 -0.000361405 9.33861e-05 -0.00024274
internal_weight=8542 8440 8331 8204 8102 1061 534 433 312 527 7041 1572 756 579
internal_count=8542 8440 8331 8204 8102 1061 534 433 312 527 7041 1572 756 579
cat_boundaries=0 1
cat_threshold=154699236
is_linear=0
shrinkage=0.03


Tree=344
num_leaves=15
num_cat=1
split_feature=23 33 28 22 38 28 22 28 38 22 24 28 37 23
split_gain=0.278847 0.50623 0.591891 0.58949 0.921673 0.547202 0.37159 0.325248 0.329984 0.365 0.285849 0.226994 0.214361 0.37045
threshold=137.00000000000003 1.0000000180025095e-35 1.735422453703704 1498.6875000000002 1.5358487018018006 2.8361574074074078 1349.3500000000001 13.841597222222225 1.6061756835759751 2034.1515000000002 199.9661666666577 8.9797395833333358 0 126.50000000000001
decision_type=2 2 2 2 2 2 2 2 2 2 10 2 9 2
left_child=12 3 -3 4 6 -6 11 8 10 -10 -5 -2 -1 -14
right_child=1 2 -4 7 5 -7 -8 -9 9 -11 -12 -13 13 -15
leaf_value=0.00034156576481761869 -0.00083898104406687323 -0.0004252871934295399 0.0025126961253893868 0.0010151180118086582 0.00032963200748443257 0.0031029920463162639 0.00066158316066506706 -0.0026382342230689029 -0.0030075392899685536 -0.00092955402463217659 -0.0011421702892626994 -0.0025852110673728777 -0.00012373974792622482 0.00097859744387598512
leaf_weight=1487 199 144 108 118 172 102 103 119 100 318 104 101 5092 290
leaf_count=1487 199 144 108 118 172 102 103 119 100 318 104 101 5092 290
internal_value=-6.08692e-05 -0.000406334 0.000833849 -0.000623971 1.9618e-05 0.00136205 -0.000893103 -0.00119803 -0.00093024 -0.00142668 4.49647e-06 -0.00142688 2.4026e-05 -6.42228e-05
internal_weight=8557 1688 252 1436 677 274 403 759 640 418 222 300 6869 5382
internal_count=8557 1688 252 1436 677 274 403 759 640 418 222 300 6869 5382
cat_boundaries=0 1
cat_threshold=3490190336
is_linear=0
shrinkage=0.03


Tree=345
num_leaves=15
num_cat=1
split_feature=37 30 13 23 30 30 30 31 31 31 31 21 27 30
split_gain=0.199221 0.236341 0.227324 0.245484 0.261415 0.397289 0.362351 0.281703 0.325567 0.292738 0.679945 0.445059 0.491653 0.42246
threshold=0 340.07500000000005 1.0000000180025095e-35 186.50000000000003 45.050000000000004 54.750000000000007 32.165000000000006 1.3223331610305522 1.1451224889862892 1.821574542623589 1.783196239717979 121.89166666666668 27.957916666666673 262.77500000000003
decision_type=9 2 2 2 2 2 2 8 10 10 8 2 2 2
left_child=1 2 -1 4 6 -6 -4 8 -7 10 11 12 -9 -11
right_child=-2 -3 3 -5 5 7 -8 9 -10 13 -12 -13 -14 -15
leaf_value=-0.0004831081930328067 0.00018867569612221745 0.0012827021496034123 -6.4082265518440975e-05 -0.0011040068507368155 0.0017793934590854617 0.00021121639099522238 -0.0018116225898263923 0.00017019528722347213 0.0020839071634691209 0.00044097613194521364 -0.0026646361458317743 0.0011530966023873426 -0.0018968791406967734 -0.00066884077601455131
leaf_weight=1259 3560 108 359 177 129 248 152 258 126 1278 115 170 173 407
leaf_count=1259 3560 108 359 177 129 248 152 258 126 1278 115 170 173 407
internal_value=1.77577e-05 -0.000105111 -0.000136225 -1.46416e-05 4.18203e-05 0.000151924 -0.000583899 7.62691e-05 0.000842123 -4.30267e-05 -0.000551196 -0.000146794 -0.000659512 0.000172908
internal_weight=8519 4959 4851 3592 3415 2904 511 2775 374 2401 716 601 431 1685
internal_count=8519 4959 4851 3592 3415 2904 511 2775 374 2401 716 601 431 1685
cat_boundaries=0 1
cat_threshold=1716316228
is_linear=0
shrinkage=0.03


Tree=346
num_leaves=15
num_cat=4
split_feature=27 5 37 37 27 35 28 31 27 31 23 28 35 32
split_gain=0.202131 0.233485 0.43987 0.364041 0.335943 0.413986 0.338269 0.324239 0.458297 0.289915 0.286381 0.730604 0.358023 0.286888
threshold=6.9996585648148155 0.11435000000000002 0 1 13.999762731481484 2 23.449693287037039 2.2403945073131459 13.999600694444448 0.38701972467639206 28.500000000000004 1.0000000180025095e-35 3 8.5000000000000018
decision_type=2 2 9 9 2 1 2 8 2 8 2 2 1 2
left_child=-1 3 -3 -2 5 -4 10 8 -7 -5 11 -6 -12 -14
right_child=1 2 4 9 6 7 -8 -9 -10 -11 12 -13 13 -15
leaf_value=-0.00098028462412912631 0.001265878930236976 -0.0012295492489220615 0.0013944645512915092 -0.001005931030081715 0.0022175147202493539 -0.00084668693982240656 0.0012867487410807774 0.00078724244992988519 0.0013842269267393824 0.00012013996926487144 0.00066838655443914106 -0.0012023459582758897 -0.0016048607117026823 -0.00053071709392983374
leaf_weight=192 231 324 244 215 115 442 108 310 102 4793 169 110 295 927
leaf_count=192 231 324 244 215 115 442 108 310 102 4793 169 110 295 927
internal_value=-1.785e-05 4.18787e-06 -0.000200101 0.000126862 -7.72768e-05 0.0003326 -0.000338772 1.27323e-05 -0.000428391 7.16532e-05 -0.000447408 0.000545583 -0.000608028 -0.000783611
internal_weight=8577 8385 3146 5239 2822 1098 1724 854 544 5008 1616 225 1391 1222
internal_count=8577 8385 3146 5239 2822 1098 1724 854 544 5008 1616 225 1391 1222
cat_boundaries=0 1 2 3 4
cat_threshold=135843845 135790720 12 2
is_linear=0
shrinkage=0.03


Tree=347
num_leaves=15
num_cat=1
split_feature=30 0 31 27 30 37 23 38 1 22 1 5 30 38
split_gain=0.199878 0.166388 0.183655 0.291273 0.196582 0.184074 0.383361 0.710593 0.425615 0.673459 0.779121 0.685584 0.663213 0.93179
threshold=368.50000000000006 17.500000000000004 5.3583467094703057 13.999901620370371 99.500000000000014 0 135.50000000000003 1.1659161292103 15.500000000000002 1479.67975 53.500000000000007 0.15470000000000003 223.82500000000002 1.6693024123988318
decision_type=2 2 10 2 2 9 2 2 2 2 2 2 2 2
left_child=1 2 5 4 -4 6 8 -8 -1 11 12 -10 13 -11
right_child=-2 -3 3 -5 -6 -7 7 -9 9 10 -12 -13 -14 -15
leaf_value=-0.00026762730636193993 -0.0011407589655819123 -0.00093280503537638909 -0.00061719165757919347 -0.0013157450404420563 0.00084286697276916302 -0.00010976374182906829 0.001889285643038256 -0.00053182543939328747 0.00072250874872480553 0.004548012774090014 0.00024974447086697181 -0.00081918847110301781 0.00064876090035104422 0.0013266581308883898
leaf_weight=697 145 175 180 239 154 3751 122 1032 601 146 480 457 225 181
leaf_count=697 145 175 180 239 154 3751 122 1032 601 146 480 457 225 181
internal_value=-3.63743e-05 -1.74009e-05 1.98154e-06 -0.000516154 5.6009e-05 4.0579e-05 0.000183486 -0.000275867 0.000374347 0.000588441 0.0011337 5.65772e-05 0.00190237 0.00276494
internal_weight=8585 8440 8265 573 334 7692 3941 1154 2787 2090 1032 1058 552 327
internal_count=8585 8440 8265 573 334 7692 3941 1154 2787 2090 1032 1058 552 327
cat_boundaries=0 1
cat_threshold=1479858182
is_linear=0
shrinkage=0.03


Tree=348
num_leaves=15
num_cat=2
split_feature=37 23 24 38 22 21 23 23 1 1 24 30 24 35
split_gain=0.198838 0.376249 0.370881 0.366448 0.266505 0.292486 0.258457 0.372287 0.33003 0.22986 0.272958 0.38656 0.265102 0.155322
threshold=0 83.500000000000014 38.968166666667685 1.59949202993294 2593.2500000000005 43.166666666666679 16.500000000000004 54.500000000000007 35.500000000000007 148.50000000000003 95.695500000000052 166.25000000000003 28.082333333333086 1
decision_type=9 2 10 2 2 2 2 2 2 2 8 2 10 1
left_child=1 2 -1 -3 5 -5 -4 -8 -9 13 12 -12 -11 -2
right_child=9 3 6 4 -6 -7 7 8 -10 10 11 -13 -14 -15
leaf_value=-0.0016158719789533113 0.00075878508893345283 0.0015317341542817771 -0.0016033075431853567 0.00026618585483354591 0.00091585331950892702 -0.0016905860165032842 0.0010038731198101095 -0.0015490075972586592 0.00064274380798960923 -0.00085930878591791878 -0.0025803497143882651 -2.2011040162075969e-05 0.0011268277991633518 9.1565134153207066e-05
leaf_weight=275 321 155 107 137 134 138 201 162 100 123 111 102 119 6382
leaf_count=275 321 155 107 137 134 138 201 162 100 123 111 102 119 6382
internal_value=1.61878e-05 -0.000308312 -0.000711012 0.000289556 -0.000181196 -0.000715758 -0.000274457 3.26429e-05 -0.000712461 8.03817e-05 -0.000572014 -0.00135523 0.000117345 0.000124786
internal_weight=8567 1409 845 564 409 275 570 463 262 7158 455 213 242 6703
internal_count=8567 1409 845 564 409 275 570 463 262 7158 455 213 242 6703
cat_boundaries=0 1 2
cat_threshold=1216426531 4
is_linear=0
shrinkage=0.03


Tree=349
num_leaves=15
num_cat=2
split_feature=38 31 24 7 29 24 36 37 38 1 24 5 38 12
split_gain=0.261102 0.452186 0.289131 0.32364 0.191123 0.249895 0.438299 0.415378 0.349146 0.382832 0.408657 0.443695 0.7201 0.337778
threshold=2.0419870592411393 1.6012326489300175 1.8535000000000084 1.0000000180025095e-35 5.5000000000000009 179.81983333332701 0 1 1.876104009600944 125.50000000000001 257.1431666666503 0.31010000000000004 1.5177778120740018 1.0000000180025095e-35
decision_type=2 8 8 2 2 8 9 9 2 2 8 2 2 2
left_child=2 -2 3 -1 5 -4 -7 8 9 10 11 12 -8 -12
right_child=1 -3 4 -5 -6 6 7 -9 -10 -11 13 -13 -14 -15
leaf_value=-0.002313838622237367 -0.00031030198449828988 0.0020009587276836331 0.00012273237688485025 2.6224085457877e-05 0.001047610307165386 -0.0012578989295818079 -0.00032770533536956325 0.001427237429107711 -0.0018263482328412853 -0.0016196130195462054 0.00041092668773548341 0.00081689789446819615 -0.0027967516701319253 -0.0011323542260822462
leaf_weight=103 148 157 4954 110 158 320 365 142 112 142 1347 148 150 141
leaf_count=103 148 157 4954 110 158 320 365 142 112 142 1347 148 150 141
internal_value=1.75654e-05 0.000879429 -1.4523e-05 -0.00110536 1.45968e-05 -6.27214e-06 -0.000229184 -9.46281e-05 -0.000190022 -0.000110926 -1.13287e-05 -0.000630806 -0.00104685 0.000264688
internal_weight=8497 305 8192 213 7979 7821 2867 2547 2405 2293 2151 663 515 1488
internal_count=8497 305 8192 213 7979 7821 2867 2547 2405 2293 2151 663 515 1488
cat_boundaries=0 1 2
cat_threshold=5 1145063440
is_linear=0
shrinkage=0.03


Tree=350
num_leaves=15
num_cat=1
split_feature=37 23 13 28 7 26 30 27 30 30 32 30 5 23
split_gain=0.206528 0.270769 0.404081 0.647883 0.307729 0.330237 0.343794 0.420133 0.237487 0.231087 0.22165 0.460641 0.357956 0.291209
threshold=0 115.50000000000001 0.50000000000000011 0.62855902777777783 1.5000000000000002 0.039230769230769243 258.77500000000003 29.036024305555561 282.87500000000006 243.55000000000004 9.5000000000000018 170.12500000000003 0.22400000000000003 31.500000000000004
decision_type=9 2 2 2 2 10 2 2 2 2 2 2 2 2
left_child=1 -1 4 9 5 6 7 -3 -8 -4 -2 13 -13 -12
right_child=10 2 3 -5 -6 -7 8 -9 -10 -11 11 12 -14 -15
leaf_value=-0.00022351649764363647 0.00033233132151324056 0.00036427351790696897 -0.00063475318595290157 0.00073397603224953302 0.0017982132917375498 0.0015016567950298248 0.0019857977467722123 -0.0016186036656867585 0.00016283856089092252 -0.0025944239521745295 -0.00033228589761141768 -0.00030127456712679385 0.0016527908501279118 -0.0024964258245218102
leaf_weight=3868 2604 215 104 193 159 179 105 174 166 113 115 264 124 109
leaf_count=3868 2604 215 104 193 159 179 105 174 166 113 115 264 124 109
internal_value=2.18232e-05 -9.36728e-05 0.000262363 -0.000530553 0.00058811 0.000358782 4.88208e-05 -0.000522669 0.000869151 -0.00165523 0.000210935 -0.000302147 0.000323221 -0.00138537
internal_weight=8492 5276 1408 410 998 839 660 389 271 217 3216 612 388 224
internal_count=8492 5276 1408 410 998 839 660 389 271 217 3216 612 388 224
cat_boundaries=0 1
cat_threshold=645724960
is_linear=0
shrinkage=0.03


Tree=351
num_leaves=15
num_cat=2
split_feature=37 0 1 37 32 32 5 32 1 30 30 24 27 32
split_gain=0.158154 0.253838 0.300637 0.354219 0.337342 0.309209 0.248195 0.360058 0.411041 0.290718 0.515697 0.250972 0.249502 0.35479
threshold=0 11.500000000000002 40.500000000000007 1 19.500000000000004 5.5000000000000009 0.22400000000000003 32.500000000000007 74.500000000000014 256.05000000000007 167.50000000000003 973.2273333333527 12.784461805555557 8.5000000000000018
decision_type=9 2 2 9 2 2 2 2 2 2 2 8 2 2
left_child=-1 6 5 -4 -5 -3 11 8 12 10 -10 -2 -8 -14
right_child=1 2 3 4 -6 -7 7 -9 9 -11 -12 -13 13 -15
leaf_value=-0.00025879558623725701 0.00023121700052794355 0.00021825481789241843 -0.00073196961163718736 0.0013165317522067152 -0.00069372201468583872 -0.0016390816105721409 0.0012615839458714401 0.0014283876324770971 -0.0012897341187823204 -0.0023945888785050608 0.00095701688741841771 0.0015765416483546411 -0.00098736110767037996 0.00022380117690737041
leaf_weight=1696 3833 118 295 237 110 255 136 123 303 101 132 129 297 815
leaf_count=1696 3833 118 295 237 110 255 136 123 303 101 132 129 297 815
internal_value=-1.78133e-07 6.38203e-05 -0.000374142 1.94048e-05 0.000660248 -0.00105151 0.000139671 -0.00014153 -0.00024977 -0.000944621 -0.000607961 0.00027502 4.86596e-05 -9.96837e-05
internal_weight=8580 6884 1015 642 347 373 5869 1907 1784 536 435 3962 1248 1112
internal_count=8580 6884 1015 642 347 373 5869 1907 1784 536 435 3962 1248 1112
cat_boundaries=0 1 2
cat_threshold=1283568193 2952806400
is_linear=0
shrinkage=0.03


Tree=352
num_leaves=15
num_cat=2
split_feature=27 28 21 6 30 30 13 37 37 16 31 27 25 31
split_gain=0.188186 0.165164 0.394564 0.71071 0.601537 0.722718 0.491911 0.677325 0.51366 0.494193 0.383503 0.42105 0.371702 0.371113
threshold=6.9996585648148155 0.93167824074074079 84.650000000000006 2.5000000000000004 229.05000000000004 205.07500000000002 1.0000000180025095e-35 0 1 1.0000000180025095e-35 2.5394102990033227 26.2861400462963 0.17000000000000001 1.821574542623589
decision_type=2 2 2 2 2 2 2 9 9 2 10 2 8 10
left_child=-1 2 6 4 5 13 7 -2 -8 -10 11 -6 -11 -4
right_child=1 -3 3 -5 10 -7 8 -9 9 12 -12 -13 -14 -15
leaf_value=-0.00092713005864905878 0.0025946932637617931 -0.00012555244285879881 0.00017071782735217223 0.0024086286253732392 0.00010370596197493075 0.0026396848642877462 0.00060390837175806086 0.00017786929451746498 -0.0018210578654740614 0.0012031183786485797 0.00059252185220627673 -0.0023403362905801139 -0.00053252200709442065 0.0020741731937052414
leaf_weight=193 109 3817 878 160 106 145 395 890 251 123 138 158 1143 103
leaf_count=193 109 3817 878 160 106 145 395 890 251 123 138 158 1143 103
internal_value=-9.1276e-07 2.03277e-05 0.000141403 0.000506311 0.000307115 0.000662775 -7.01961e-05 0.00046932 -0.000352088 -0.000601031 -0.000689085 -0.00135902 -0.000363893 0.000370571
internal_weight=8609 8416 4599 1688 1528 1126 2911 999 1912 1517 402 264 1266 981
internal_count=8609 8416 4599 1688 1528 1126 2911 999 1912 1517 402 264 1266 981
cat_boundaries=0 1 2
cat_threshold=135266306 1879094016
is_linear=0
shrinkage=0.03


Tree=353
num_leaves=15
num_cat=2
split_feature=31 37 37 24 31 38 31 1 32 31 0 31 0 32
split_gain=0.210804 0.240674 0.233172 0.323881 0.361387 0.674001 0.634875 0.405423 0.350886 0.270366 0.267872 0.22742 0.201246 0.179757
threshold=0.62923872590659724 0 1 116.65266666666663 1.0741549409671685 1.2916679701068572 1.2808240993126334 67.500000000000014 10.500000000000002 0.91867732558139548 6.5000000000000009 0.83747257569109268 8.5000000000000018 6.5000000000000009
decision_type=8 9 9 10 10 2 10 2 2 8 2 10 2 2
left_child=1 -1 3 4 5 -2 -6 8 -8 11 -5 12 -4 -3
right_child=2 13 9 10 6 -7 7 -9 -10 -11 -12 -13 -14 -15
leaf_value=-0.0015657119435407887 -0.00015551505182441827 5.696690488998965e-05 0.00046944919980721161 -0.0016729893618881199 -0.001389923413977927 0.0028907906740271256 0.0010997368732773483 0.0021413785029227371 -0.00072282794684204931 5.2067337707186896e-05 0.00040319929217384775 -0.0020049915744183473 -0.0013176782235852441 -0.0011685572946411817
leaf_weight=130 111 533 131 104 149 159 219 151 168 6269 121 102 100 135
leaf_count=130 111 533 131 104 149 159 219 151 168 6269 121 102 100 135
internal_value=3.00473e-05 -0.000434325 7.76539e-05 0.000463781 0.000708496 0.00163842 0.000343023 0.000822965 0.000308546 7.80868e-06 -0.000556461 -0.000825163 -0.000304199 -0.000187894
internal_weight=8582 798 7784 1182 957 270 687 538 387 6602 225 333 231 668
internal_count=8582 798 7784 1182 957 270 687 538 387 6602 225 333 231 668
cat_boundaries=0 1 2
cat_threshold=203423749 2183143752
is_linear=0
shrinkage=0.03


Tree=354
num_leaves=15
num_cat=2
split_feature=24 37 17 25 30 28 28 36 25 25 38 24 1 30
split_gain=0.363825 0.230157 0.193167 0.182344 0.381324 0.176888 0.186681 0.321496 0.34249 0.48097 0.442895 0.477719 0.33474 0.302413
threshold=1.8535000000000084 0 1.0000000180025095e-35 0.15000000000000005 134.50000000000003 12.503807870370371 10.160497685185186 1 0.49489795918367352 0.53923076923076929 1.3327030842012995 128.70066666667003 90.500000000000014 40.250000000000007
decision_type=8 9 2 8 2 2 2 9 8 10 2 10 2 2
left_child=2 3 -1 4 -2 6 7 13 10 -10 11 -9 -12 -5
right_child=1 -3 -4 5 -6 -7 -8 8 9 -11 12 -13 -14 -15
leaf_value=-0.0019156508269358653 0.0020828688660952115 -0.00021482499708250493 -0.00038540378720499572 0.0019603220256701787 -0.00035190332913771273 0.00088184150322177985 -0.00086088624258991327 -0.00024276572927818359 0.0016156908639625293 -2.952761231625283e-05 -0.001196039771741902 0.0017708796305455883 0.00044253618767111979 0.00032981352482403794
leaf_weight=147 121 4606 150 127 111 215 215 523 206 715 620 133 137 528
leaf_count=147 121 4606 150 127 111 215 215 523 206 715 620 133 137 528
internal_value=-0.000111188 -7.4082e-05 -0.0011428 0.00010378 0.000917956 4.88363e-05 -7.0614e-06 5.43546e-05 -0.000111193 0.000338458 -0.000405065 0.000165489 -0.000899494 0.000636244
internal_weight=8554 8257 297 3651 232 3419 3204 2989 2334 921 1413 656 757 655
internal_count=8554 8257 297 3651 232 3419 3204 2989 2334 921 1413 656 757 655
cat_boundaries=0 1 2
cat_threshold=3662950824 1
is_linear=0
shrinkage=0.03


Tree=355
num_leaves=15
num_cat=0
split_feature=38 22 0 17 29 4 21 1 0 24 13 26 5 38
split_gain=0.239089 0.392656 0.281383 0.246128 0.246904 0.375669 0.288797 0.721503 0.410251 0.56683 0.376168 0.507834 0.579392 0.634144
threshold=1.1862022266807049 2215.5500000000002 17.500000000000004 2.5000000000000004 5.5000000000000009 1.0000000180025095e-35 101.00000000000001 135.50000000000003 10.500000000000002 64.411999999999395 1.0000000180025095e-35 0.039230769230769243 0.15470000000000003 1.7066419745853765
decision_type=2 2 2 2 2 2 2 2 2 10 2 8 2 2
left_child=1 -1 3 4 5 6 10 8 -8 -10 -2 12 -12 -14
right_child=2 -3 -4 -5 -6 -7 7 -9 9 -11 11 -13 13 -15
leaf_value=-0.00015542782883278043 0.00031228686592897322 -0.0014353324933501113 -0.0012054103020117117 -0.00088231565181364705 0.0013174065735698343 -0.0012428937005196613 5.4378629964282894e-05 0.0028741666202104703 -0.00017089361538512443 0.00277819876361081 0.00038083325568498145 -0.00081750806141386541 -0.00017746690100911341 -0.0022279956824678396
leaf_weight=963 1823 278 168 253 140 198 1274 102 109 127 1415 930 605 175
leaf_count=963 1823 278 168 253 140 198 1274 102 109 127 1415 930 605 175
internal_value=-5.71045e-05 -0.000442143 8.18215e-06 3.66933e-05 7.04001e-05 4.45669e-05 8.34262e-05 0.000432163 0.000267207 0.00141612 -3.01882e-05 -0.000229974 1.89578e-05 -0.000637521
internal_weight=8560 1241 7319 7151 6898 6758 6560 1612 1510 236 4948 3125 2195 780
internal_count=8560 1241 7319 7151 6898 6758 6560 1612 1510 236 4948 3125 2195 780
is_linear=0
shrinkage=0.03


Tree=356
num_leaves=15
num_cat=0
split_feature=27 30 30 30 28 28 7 1 23 28 23 1 24 32
split_gain=0.370416 0.199205 0.625969 0.453023 0.289479 0.522662 0.608084 0.393712 0.515472 0.362369 0.339168 0.326017 0.374409 0.40398
threshold=6.9996585648148155 62.500000000000007 58.500000000000007 54.750000000000007 7.2364699074074084 8.4320428240740757 1.5000000000000002 74.500000000000014 162.50000000000003 20.991348379629631 177.50000000000003 54.500000000000007 68.355666666666664 15.500000000000002
decision_type=2 2 2 2 2 2 2 2 2 2 2 2 8 2
left_child=-1 2 3 -2 10 -6 7 8 9 11 -3 12 -7 -14
right_child=1 4 -4 -5 5 6 -8 -9 -10 -11 -12 -13 13 -15
leaf_value=-0.001276818854031009 0.00027936950421689866 -0.00011776369596122419 0.002386595580047612 -0.0015336937633004376 0.001669791888340678 0.00084360152252645974 -0.0017577607413651803 -0.00060115059262382984 0.0020234800274965131 0.001651279666039045 -0.0013605519578357836 0.0012449286744231358 0.00057832879628589814 -0.0013585346495609692
leaf_weight=194 2055 3966 121 132 213 187 146 353 179 144 208 156 141 310
leaf_count=194 2055 3966 121 132 213 187 146 353 179 144 208 156 141 310
internal_value=1.90313e-05 4.92797e-05 0.00028615 0.000169939 -4.17909e-05 0.000272922 8.8805e-05 0.000272205 0.000548208 0.000266679 -0.000179695 1.5568e-05 -0.000285028 -0.000752996
internal_weight=8505 8311 2308 2187 6003 1829 1616 1470 1117 938 4174 794 638 451
internal_count=8505 8311 2308 2187 6003 1829 1616 1470 1117 938 4174 794 638 451
is_linear=0
shrinkage=0.03


Tree=357
num_leaves=15
num_cat=3
split_feature=37 1 1 32 32 31 24 37 30 37 30 32 30 31
split_gain=0.197824 0.376242 0.35771 0.422086 0.15068 0.291252 0.497815 0.476334 0.282814 0.53832 0.636398 0.407816 0.385158 0.267047
threshold=0 92.500000000000014 33.500000000000007 2.5000000000000004 4.5000000000000009 1.0133141338059373 1.0000000180025095e-35 1 125.37500000000001 2 90.500000000000014 1.5000000000000002 158.50000000000003 0.80220030067373205
decision_type=9 2 2 2 2 8 8 9 2 9 2 2 2 10
left_child=1 2 3 -1 8 7 -7 -6 9 10 11 -2 -10 -9
right_child=4 -3 -4 -5 5 6 -8 13 12 -11 -12 -13 -14 -15
leaf_value=0.0012960599114174125 0.0019483699851244795 0.0010434857464861125 -0.0017843504360609663 -0.0012551252958254786 -0.0019570800015519907 0.0017825425315439996 4.0390345618959604e-05 0.00041035696980543432 -0.0017038242652265847 0.00014800311588719517 0.0033439471869653944 -0.0002231400407553947 0.0007348842490875326 -0.0010257359273260929
leaf_weight=108 136 114 211 127 158 152 5120 324 136 1392 111 182 102 182
leaf_count=108 136 114 211 127 158 152 5120 324 136 1392 111 182 102 182
internal_value=5.43008e-05 -0.000485907 -0.000887723 -8.26657e-05 9.26309e-05 1.60423e-05 9.06193e-05 -0.000576081 0.000313882 0.000440991 0.00135659 0.000705556 -0.000658663 -0.000104125
internal_weight=8555 560 446 235 7995 5936 5272 664 2059 1821 429 318 238 506
internal_count=8555 560 446 235 7995 5936 5272 664 2059 1821 429 318 238 506
cat_boundaries=0 1 2 3
cat_threshold=150995357 69208064 2417495040
is_linear=0
shrinkage=0.03


Tree=358
num_leaves=15
num_cat=1
split_feature=21 6 21 35 21 23 23 30 30 27 1 1 29 30
split_gain=0.184319 0.536211 0.463473 0.445034 0.522095 0.444839 0.394969 0.39232 0.299246 0.677174 0.33367 0.38832 0.289214 0.283395
threshold=89.666666666666671 2.5000000000000004 87.725000000000009 0 101.00000000000001 22.500000000000004 15.500000000000002 204.07500000000002 259.62500000000006 29.998732638888892 42.500000000000007 65.500000000000014 1.0000000180025095e-35 285.02500000000003
decision_type=2 2 2 1 2 2 2 2 2 2 2 2 2 2
left_child=2 3 -1 4 -2 6 -5 -8 10 13 -7 -12 -13 -10
right_child=1 -3 -4 5 -6 8 7 -9 9 -11 11 12 -14 -15
leaf_value=-4.6770338200979739e-07 -0.00081885940335849495 0.0011686451835299116 0.0016412961387233633 -0.00084591045289447427 0.0015367645800019227 -0.0013418102494079987 0.0025958571402356027 -4.2117538283244492e-05 0.00026190815069146938 0.0019678208400674782 0.00051166549445825474 -5.5845428186540415e-05 -0.0022010601182410028 -0.0018155758041062985
leaf_weight=5797 141 216 159 133 212 833 100 103 107 109 237 104 124 132
leaf_count=5797 141 216 159 133 212 833 100 103 107 109 237 104 124 132
internal_value=-4.80291e-05 -0.000261403 4.33604e-05 -0.00039369 0.000579435 -0.000567068 0.000424826 0.00125738 -0.00077299 8.22022e-06 -0.000982437 -0.000338655 -0.00122254 -0.000885489
internal_weight=8507 2551 5956 2335 353 1982 336 203 1646 348 1298 465 228 239
internal_count=8507 2551 5956 2335 353 1982 336 203 1646 348 1298 465 228 239
cat_boundaries=0 1
cat_threshold=6
is_linear=0
shrinkage=0.03


Tree=359
num_leaves=15
num_cat=2
split_feature=37 31 13 23 0 38 28 28 22 35 27 13 24 28
split_gain=0.145305 0.220322 0.204787 0.202831 0.283944 0.181112 0.302778 0.375293 0.273369 0.387756 0.40581 0.364674 0.357241 0.465468
threshold=0 7.7898305084745774 1.0000000180025095e-35 186.50000000000003 9.5000000000000018 1.3200135169230254 19.576903935185189 11.120601851851854 5447.5625000000009 1 25.409369212962968 1.0000000180025095e-35 103.51366666666524 4.456510416666668
decision_type=9 10 2 2 2 2 2 2 2 1 2 2 10 2
left_child=-1 3 -3 5 -5 6 7 8 9 10 12 -11 -2 -14
right_child=1 2 -4 4 -6 -7 -8 -9 -10 11 -12 -13 13 -15
leaf_value=-0.00064785350211279459 -4.493641288138806e-05 -6.4895831692580861e-05 0.001726435591032984 -0.0014975835802397341 0.00044874535054147531 -0.00010606516051174473 0.0015506101540111532 -0.00076307286239385528 -0.00076893177334337473 2.6398159567296744e-05 -0.0013254342403855514 0.002047866057481243 0.00032472591498175881 0.0025182127162834684
leaf_weight=332 653 107 124 192 104 5473 143 356 189 124 143 228 242 136
leaf_count=332 653 107 124 192 104 5473 143 356 189 124 143 228 242 136
internal_value=-4.19694e-05 -1.66713e-05 0.000896685 -4.31215e-05 -0.000813738 -1.34477e-05 0.000215502 0.000123315 0.000307311 0.000440607 0.00017076 0.00129886 0.000379939 0.00111392
internal_weight=8546 8214 231 7983 296 7687 2214 2071 1715 1526 1174 352 1031 378
internal_count=8546 8214 231 7983 296 7687 2214 2071 1715 1526 1174 352 1031 378
cat_boundaries=0 1 2
cat_threshold=17858568 19
is_linear=0
shrinkage=0.03


Tree=360
num_leaves=15
num_cat=2
split_feature=37 0 6 22 38 17 38 37 30 30 28 29 27 24
split_gain=0.16989 0.253903 0.243512 0.415912 0.415633 0.321744 0.236341 0.242044 0.269599 0.279673 0.229556 0.247435 0.228286 0.21019
threshold=0 17.500000000000004 3.5000000000000004 1642.0350000000003 2.0814296770522973 2.5000000000000004 1.1112362603445787 1 14.250000000000002 29.165000000000003 2.8701331018518523 1.0000000180025095e-35 25.874230324074077 9.0368333333314528
decision_type=9 2 2 2 2 2 2 9 2 2 2 2 2 8
left_child=-1 2 4 -4 5 6 12 10 -9 -10 11 -8 -2 -11
right_child=1 -3 3 -5 -6 -7 7 8 9 13 -12 -13 -14 -15
leaf_value=0.00014831481158867664 0.00014636096397037455 -0.0014673690131166948 0.00025437301474157722 -0.002474978333304516 0.0015194277301649277 -0.0013779386025347968 -0.00042226431518467469 0.0015822090258006936 -0.001234197227943999 0.0014570302073501379 0.00045378852239020672 -0.0018632283091375773 -0.001573755473461718 7.3784279099838032e-05
leaf_weight=3310 116 124 100 101 147 171 429 108 144 102 177 143 173 3220
leaf_count=3310 116 124 100 101 147 171 429 108 144 102 177 143 173 3220
internal_value=-1.97961e-05 -0.000125728 -9.355e-05 -0.00111709 -5.18193e-05 -0.00010011 -5.27315e-05 2.79532e-06 0.000105847 6.01495e-05 -0.00048389 -0.000782505 -0.000883328 0.000116256
internal_weight=8565 5255 5131 201 4930 4783 4612 4323 3574 3466 749 572 289 3322
internal_count=8565 5255 5131 201 4930 4783 4612 4323 3574 3466 749 572 289 3322
cat_boundaries=0 1 2
cat_threshold=3401586056 85983347
is_linear=0
shrinkage=0.03


Tree=361
num_leaves=15
num_cat=1
split_feature=27 28 1 31 1 22 1 37 32 27 21 30 32 23
split_gain=0.204181 0.187783 0.476459 1.2674 0.836711 0.418664 0.202584 0.426115 0.530706 0.34583 0.497974 0.330851 0.571433 0.329107
threshold=31.139942129629635 13.841597222222225 24.500000000000004 1.9617718730540388 45.500000000000007 1410.5812500000002 12.500000000000002 0 1.5000000000000002 12.974768518518522 121.26666666666668 175.10000000000002 21.500000000000004 67.500000000000014
decision_type=2 2 2 10 2 2 2 9 2 2 2 2 2 2
left_child=1 6 5 -4 -5 -3 7 13 -9 -10 11 -11 -13 -1
right_child=-2 2 3 4 -6 -7 -8 8 9 10 -12 12 -14 -15
leaf_value=-3.70422352462747e-06 -0.0012870068183960391 -0.0030614838779008794 -0.0022070598048691869 0.0030149268177751031 -9.569398968026006e-05 -0.00054542448609433273 -0.00010076380360322873 0.0023292514412707192 -0.00081464391964509205 0.00045309121772361055 -0.00099457678749147941 0.0030477351416073571 8.5532968158571468e-05 -0.0021414874939420349
leaf_weight=172 125 103 157 124 209 141 6170 129 206 606 161 136 103 104
leaf_count=172 125 103 157 124 209 141 6170 129 206 606 161 136 103 104
internal_value=-8.33253e-05 -6.56677e-05 -0.00052438 1.49847e-05 0.00106262 -0.00160753 -2.24296e-05 0.000276471 0.000496229 0.000305224 0.000534541 0.000825888 0.00177114 -0.00078095
internal_weight=8646 8521 734 490 333 244 7787 1617 1341 1212 1006 845 239 276
internal_count=8646 8521 734 490 333 244 7787 1617 1341 1212 1006 845 239 276
cat_boundaries=0 1
cat_threshold=136368134
is_linear=0
shrinkage=0.03


Tree=362
num_leaves=15
num_cat=1
split_feature=30 21 1 13 32 30 38 38 23 5 37 17 22 26
split_gain=0.24918 0.20856 0.628046 0.555399 0.515037 0.420817 0.417881 0.390374 0.363462 0.40534 0.508199 0.390861 0.348156 0.348911
threshold=387.75000000000006 104.13333333333334 41.500000000000007 1.0000000180025095e-35 19.500000000000004 324.57500000000005 1.8168260706295258 1.6341997584885097 195.50000000000003 0.15470000000000003 0 1.5000000000000002 2274.3996250000005 1.0000000180025095e-35
decision_type=2 2 2 2 2 2 2 2 2 2 9 2 2 10
left_child=1 5 6 -4 7 8 -3 -5 9 12 -11 -12 -1 -14
right_child=-2 2 3 4 -6 -7 -8 -9 -10 10 11 -13 13 -15
leaf_value=0.00011167660538425201 0.0014832285942044108 -0.00056803011204986696 -0.00090331240604947581 0.00083238370746085543 -0.00032885870077862546 0.0019765945160669265 -0.00243647422374333 0.0029775828814834447 -0.0012025732849225668 -0.0013975175631578392 -0.00022956809956654547 0.0011775142531584592 0.0020324404859482976 0.0004770896937322987
leaf_weight=3371 100 921 224 213 199 101 122 119 210 297 1658 199 168 571
leaf_count=3371 100 921 224 213 199 101 122 119 210 297 1658 199 168 571
internal_value=-5.44651e-06 -2.3226e-05 -0.000309544 0.000349464 0.000877942 5.50706e-05 -0.000786583 0.0016013 2.50932e-05 6.62506e-05 -0.000267101 -7.83602e-05 0.000240956 0.000830674
internal_weight=8473 8373 1798 755 531 6575 1043 332 6474 6264 2154 1857 4110 739
internal_count=8473 8373 1798 755 531 6575 1043 332 6474 6264 2154 1857 4110 739
cat_boundaries=0 1
cat_threshold=1077465136
is_linear=0
shrinkage=0.03


Tree=363
num_leaves=15
num_cat=2
split_feature=30 32 30 30 23 38 36 38 38 0 35 1 21 24
split_gain=0.246967 0.574788 0.267372 0.200766 0.159908 0.152878 0.194807 0.293613 0.191707 0.397827 0.183793 0.294833 0.290488 0.202729
threshold=324.57500000000005 22.500000000000004 298.60000000000008 2.2500000000000004 195.50000000000003 2.0142380429532039 0 2.0814296770522973 1.9436636695731058 7.5000000000000009 1 22.500000000000004 37.583333333333336 124.79400000000025
decision_type=2 2 2 2 2 2 9 2 2 2 1 2 2 10
left_child=2 -2 3 -1 5 8 7 -7 10 -10 11 13 -13 -5
right_child=1 -3 -4 4 -6 6 -8 -9 9 -11 -12 12 -14 -15
leaf_value=-0.0011811937101265358 0.0021600683998402874 -0.00041655474611390267 -0.0011128958542307372 0.0011786645669024437 -0.00086010020781598494 -0.0011442154894815756 -0.0014823084672553205 0.0011434068282559404 -0.00042318110424925437 0.0020077199047558347 7.3991237208623204e-05 -0.00026373420067426595 -0.0025390403008660172 -0.00073160321521572767
leaf_weight=128 151 161 200 100 183 100 123 102 112 132 6801 101 101 100
leaf_count=128 151 161 200 100 183 100 123 102 112 132 6801 101 101 100
internal_value=1.88442e-06 0.000830465 -2.93261e-05 -2.51506e-06 1.64505e-05 3.70898e-05 -0.000599819 1.04054e-05 6.48856e-05 0.000891896 3.68708e-05 -0.000578578 -0.00140139 0.000223531
internal_weight=8595 312 8283 8083 7955 7772 325 202 7447 244 7203 402 202 200
internal_count=8595 312 8283 8083 7955 7772 325 202 7447 244 7203 402 202 200
cat_boundaries=0 1 2
cat_threshold=5 4
is_linear=0
shrinkage=0.03


Tree=364
num_leaves=15
num_cat=2
split_feature=30 22 27 38 23 0 25 30 35 37 21 28 30 30
split_gain=0.180119 0.233592 0.159609 0.150512 0.153547 0.170752 0.320833 0.236808 0.354609 0.369528 0.157054 0.422282 0.586284 0.308853
threshold=333.55000000000007 3276.7585000000004 30.998680555555559 0.87105300439944 195.50000000000003 16.500000000000004 0.33666666666666673 22.250000000000004 0 1 117.96666666666668 13.914479166666668 106.50000000000001 223.82500000000002
decision_type=2 2 2 2 2 2 10 2 1 9 2 2 2 2
left_child=2 -2 3 -1 5 7 -7 8 -5 -10 -9 12 -12 -14
right_child=1 -3 -4 4 -6 6 -8 10 9 -11 11 -13 13 -15
leaf_value=-0.0011057019238775172 0.00021389216164867061 -0.0016798568167723715 0.00094108586707228748 0.0020198903676225907 -0.0007993342062042354 0.00039734843296859902 -0.0019479632093862163 0.00011670700130284789 -0.0012849992658858272 0.0006589458704720346 -0.0014252370146201237 -0.0019406933714982029 0.00078948437939934172 -0.00035512117543576841
leaf_weight=101 112 123 183 125 183 106 104 5742 100 441 228 121 482 379
leaf_count=101 112 123 183 125 183 106 104 5742 100 441 228 121 482 379
internal_value=4.17284e-05 -0.000777304 6.49318e-05 4.51665e-05 5.96763e-05 7.97579e-05 -0.000764139 0.000103021 0.000643423 0.000282822 5.12506e-05 -0.00025937 -7.2556e-05 0.000285645
internal_weight=8530 235 8295 8112 8011 7828 210 7618 666 541 6952 1210 1089 861
internal_count=8530 235 8295 8112 8011 7828 210 7618 666 541 6952 1210 1089 861
cat_boundaries=0 1 2
cat_threshold=12 136315528
is_linear=0
shrinkage=0.03


Tree=365
num_leaves=15
num_cat=2
split_feature=27 27 24 27 24 31 38 32 38 37 12 37 23 31
split_gain=0.296831 0.880317 0.609785 0.306992 0.349867 0.257245 0.231633 0.349055 0.299244 0.198739 0.33092 0.304622 0.259366 0.252937
threshold=29.624641203703707 29.99902777777778 194.20583333333272 29.036024305555561 365.66033333333684 2.0784133602125912 1.5177778120740018 15.500000000000002 1.2916679701068572 0 1.0000000180025095e-35 1 105.50000000000001 1.5126086035176944
decision_type=2 2 10 2 10 10 2 2 2 9 2 9 2 10
left_child=3 -2 5 9 -5 -3 8 -8 -4 13 -11 -12 -13 -1
right_child=1 2 6 4 -6 -7 7 -9 -10 10 11 12 -14 -15
leaf_value=7.9907238073540776e-06 0.0028131072855584562 -0.0021593697084270908 0.00026621057298533351 -0.00018849443271487003 -0.0022764288241347869 -0.00026718861875398193 -0.0012627891984069719 0.0011656235182415816 0.0024014395345794033 -0.00018132668744534882 -0.00056980659386907009 0.0021163408491559617 0.00018557725272158967 0.0011701857084394319
leaf_weight=526 124 112 112 173 124 153 100 114 125 6268 111 153 106 248
leaf_count=526 124 112 112 173 124 153 100 114 125 6268 111 153 106 248
internal_value=-5.61252e-05 0.000479397 7.52352e-05 -0.000114478 -0.00106022 -0.0010669 0.000746336 3.08512e-05 0.00139239 -7.65815e-05 -0.000129668 0.000741959 0.00127685 0.000375522
internal_weight=8549 840 716 7709 297 265 451 214 237 7412 6638 370 259 774
internal_count=8549 840 716 7709 297 265 451 214 237 7412 6638 370 259 774
cat_boundaries=0 1 2
cat_threshold=134766862 2160066560
is_linear=0
shrinkage=0.03


Tree=366
num_leaves=15
num_cat=3
split_feature=1 38 37 23 23 32 31 35 25 13 35 31 38 22
split_gain=0.218064 0.841357 0.370173 0.334844 0.440179 0.269677 0.546164 0.257301 0.25689 0.456674 0.343157 0.284858 0.316745 0.281159
threshold=1.0000000180025095e-35 1.6341997584885097 0 50.500000000000007 45.500000000000007 21.500000000000004 2.2152717697949975 1 0.53518821603927991 0.50000000000000011 2 0.80220030067373205 1.5750944945637191 2921.2000000000003
decision_type=2 2 9 2 2 2 10 1 10 2 1 10 2 2
left_child=1 5 -2 4 8 6 7 -1 9 11 -10 12 -4 -13
right_child=2 -3 3 -5 -6 -7 -8 -9 10 -11 -12 13 -14 -15
leaf_value=-0.00084610570729827831 -0.00087271865468292471 0.0023572445499541405 0.0015864668830990183 -0.00014996155205243393 0.0017234035366144572 -0.0011875000427490178 0.0017596087319254354 0.00062575167115110986 -0.0017491542433539084 0.0018345371587044159 9.240828757635364e-05 0.00025994666966206733 -0.00030156629282981158 -0.00081587992032560017
leaf_weight=267 477 165 222 5066 179 142 161 166 123 166 293 668 125 325
leaf_count=267 477 165 222 5066 179 142 161 166 123 166 293 668 125 325
internal_value=-2.03596e-05 0.000421064 -7.23903e-05 -1.78818e-05 0.000300508 -1.29986e-05 0.000267774 -0.000286926 0.000167991 0.000350277 -0.000491918 0.000166405 0.00090634 -9.21617e-05
internal_weight=8545 901 7644 7167 2101 736 594 433 1922 1506 416 1340 347 993
internal_count=8545 901 7644 7167 2101 736 594 433 1922 1506 416 1340 347 993
cat_boundaries=0 1 2 3
cat_threshold=1142165510 24 5
is_linear=0
shrinkage=0.03


Tree=367
num_leaves=15
num_cat=1
split_feature=25 24 26 1 5 38 31 22 38 30 36 27 38 38
split_gain=0.187587 0.398421 0.385169 0.476893 0.319175 0.436802 0.466829 0.438247 0.321888 0.298697 0.330673 0.494713 0.350395 0.298217
threshold=0.3418750000000001 210.44716666666702 0.022474747474747477 116.50000000000001 0.085150000000000017 1.895721935892595 0.66943681318681325 3375.1000000000008 1.3626803529608773 108.30000000000001 0 13.999461805555557 1.6884836739623708 1.5389922476472135
decision_type=10 10 10 2 2 2 10 2 2 2 9 2 2 2
left_child=1 2 3 4 5 6 -1 -8 -6 10 12 -12 13 -4
right_child=-2 -3 9 -5 8 -7 7 -9 -10 -11 11 -13 -14 -15
leaf_value=-0.0012678580517897103 -0.00014232154652797145 -0.0012026352007428163 -0.00019579770260886675 0.0023990666936719559 0.00083317147247079335 0.0026087404042482373 0.00035650584562544653 0.002219374840348667 -0.0010309143997504538 -0.00083594073202490746 0.002309435755856573 -0.00032323881557558553 -0.0010828916882465202 0.0013462733787416321
leaf_weight=113 5655 182 362 123 135 101 442 153 218 364 141 118 248 164
leaf_count=113 5655 182 362 123 135 101 442 153 218 364 141 118 248 164
internal_value=-4.21376e-05 0.000155677 0.000247851 0.000622707 0.000434676 0.000763108 0.000499819 0.000835529 -0.00031802 -9.69515e-05 0.000163447 0.00106873 -0.000151336 0.000285
internal_weight=8519 2864 2682 1285 1162 809 708 595 353 1397 1033 259 774 526
internal_count=8519 2864 2682 1285 1162 809 708 595 353 1397 1033 259 774 526
cat_boundaries=0 1
cat_threshold=52
is_linear=0
shrinkage=0.03


Tree=368
num_leaves=15
num_cat=1
split_feature=38 37 24 5 32 23 24 38 32 28 21 21 38 27
split_gain=0.371099 0.248885 0.187797 0.173428 0.429366 0.395383 0.323096 0.393879 0.309202 0.261417 0.694537 0.490736 0.269871 0.350911
threshold=2.1247279273171897 0 17.324833333333959 0.17425000000000002 33.500000000000007 181.50000000000003 5.9314999999999065 1.7627074056173453 27.500000000000004 0.93167824074074079 117.10000000000002 121.26666666666668 1.6139453975271552 13.999484953703705
decision_type=2 9 10 2 2 2 8 2 2 2 2 2 2 2
left_child=1 2 -1 6 5 8 7 -3 9 11 12 -5 13 -11
right_child=-2 3 -4 4 -6 -7 -8 -9 -10 10 -12 -13 -14 -15
leaf_value=-0.0010826220816888431 -0.0016351775800909048 0.00013383278992184767 -0.00019267944683796736 -0.00023314852466061657 0.0015187632793871063 0.001128605788355585 0.00012357822321137015 0.0026308104677924085 -0.0016994518764055727 -0.0011012190419528195 -0.0021232964464995476 0.0013619532772119983 -0.0012487083323743237 0.00053644093906400224
leaf_weight=274 126 124 965 884 135 181 4503 105 139 159 210 216 167 454
leaf_count=274 126 124 965 884 135 181 4503 105 139 159 210 216 167 454
internal_value=-1.89903e-05 4.9223e-06 -0.000386368 7.19765e-05 -0.000127627 -0.000219852 0.000179481 0.00127874 -0.00032935 -0.000238229 -0.000591895 8.00715e-05 -0.000179595 0.000111665
internal_weight=8642 8516 1239 7277 2545 2410 4732 229 2229 2090 990 1100 780 613
internal_count=8642 8516 1239 7277 2545 2410 4732 229 2229 2090 990 1100 780 613
cat_boundaries=0 1
cat_threshold=739062649
is_linear=0
shrinkage=0.03


Tree=369
num_leaves=15
num_cat=1
split_feature=27 28 27 32 21 35 17 17 19 21 31 30 30 30
split_gain=0.279354 0.312523 0.201234 0.223992 0.175147 0.641818 0.307057 0.520688 0.298298 0.283253 0.276572 0.266614 0.581632 0.601557
threshold=30.998680555555559 14.749137731481484 30.512980324074078 17.500000000000004 120.70833333333334 0 3.5000000000000004 1.5000000000000002 1.0000000180025095e-35 114.03333333333335 2.7082911712623328 296.02500000000003 246.05000000000004 222.10000000000002
decision_type=2 2 2 2 2 1 2 2 2 2 8 2 2 2
left_child=2 -2 4 -4 6 11 7 9 10 -1 -9 12 13 -6
right_child=1 -3 3 -5 5 -7 -8 8 -10 -11 -12 -13 -14 -15
leaf_value=6.2549090772259962e-05 0.0021954701389444785 -0.00013198776771314441 -0.001806184025015682 -0.00010274143438701602 -0.00033485703044965293 0.0014561494244734131 0.0016926057333568119 -0.001149885096986379 -0.0021806571151929224 0.001236014328842144 0.00061080649468259738 -0.001786984445204084 0.0012588888792799059 -0.0024408194493681598
leaf_weight=6024 108 100 120 165 620 148 101 210 127 191 130 147 156 152
leaf_count=6024 108 100 120 165 620 148 101 210 127 191 130 147 156 152
internal_value=-9.39094e-06 0.0010765 -3.66332e-05 -0.00081998 -8.74734e-06 -0.000339202 5.08349e-05 2.60192e-05 -0.000940074 9.86121e-05 -0.000476679 -0.000594393 -0.000411885 -0.000749502
internal_weight=8499 208 8291 285 8006 1223 6783 6682 467 6215 340 1075 928 772
internal_count=8499 208 8291 285 8006 1223 6783 6682 467 6215 340 1075 928 772
cat_boundaries=0 1
cat_threshold=9
is_linear=0
shrinkage=0.03


Tree=370
num_leaves=15
num_cat=1
split_feature=27 27 31 26 31 24 38 37 38 31 21 1 24 24
split_gain=0.221009 0.193925 0.173747 0.36739 0.311729 0.237255 0.381953 0.237816 0.198453 0.452811 0.276961 0.280217 0.178859 0.310037
threshold=30.998680555555559 6.9996585648148155 6.564965103067685 0.020869565217391309 5.3583467094703057 3.2871666666666903 1.8292800565218081 0 1.9152691674019804 2.6050267885282072 64.791666666666671 40.500000000000007 15.979166666666389 28.082333333333086
decision_type=2 2 10 8 10 8 2 9 2 10 2 2 8 8
left_child=1 -1 4 -4 5 6 -3 -7 12 10 -10 -12 -9 -14
right_child=-2 2 3 -5 -6 7 -8 8 9 -11 11 -13 13 -15
leaf_value=-0.00095906089438358322 0.001018186478812078 -0.001767227057908511 0.0016421192288411971 -0.00032832323916425762 -0.0011461305174264727 0.0013113978028866566 0.00027103454556043555 -0.00062838136011346163 -0.00087882262873407232 0.0020167284583882585 -0.00048113025764551476 0.0014580138141120022 0.00073721456837849415 -3.1521803048857086e-05
leaf_weight=184 198 167 176 165 209 125 164 392 166 146 113 165 515 5678
leaf_count=184 198 167 176 165 209 125 164 392 166 146 113 165 515 5678
internal_value=2.75505e-05 4.10211e-06 2.57647e-05 0.000688679 -3.06866e-06 2.82378e-05 -0.000757333 6.38576e-05 4.02396e-05 0.000567394 9.08108e-05 0.000669801 -6.93102e-06 3.24051e-05
internal_weight=8563 8365 8181 341 7840 7631 331 7300 7175 590 444 278 6585 6193
internal_count=8563 8365 8181 341 7840 7631 331 7300 7175 590 444 278 6585 6193
cat_boundaries=0 1
cat_threshold=135267392
is_linear=0
shrinkage=0.03


Tree=371
num_leaves=15
num_cat=2
split_feature=37 31 30 38 30 38 1 37 7 27 30 23 26 31
split_gain=0.261705 0.333668 0.245076 0.312868 0.283516 0.335322 0.628159 0.291495 0.348865 0.300324 0.211227 0.287666 0.197773 0.372427
threshold=0 3.0984761025167402 18.250000000000004 1.3653038506993593 40.250000000000007 1.4859309917056773 55.500000000000007 1 1.0000000180025095e-35 13.999589120370372 54.750000000000007 45.500000000000007 0.039230769230769243 7.4976562500000012
decision_type=9 10 2 2 2 2 2 9 2 2 2 2 10 10
left_child=1 2 3 -1 5 -4 -7 10 9 -9 11 -6 13 -2
right_child=12 -3 4 -5 7 6 -8 8 -10 -11 -12 -13 -14 -15
leaf_value=-5.1459229852231896e-05 0.00021474845497227821 -0.0010093314528734985 -0.00026865553503739646 -0.0018216154053225181 -0.00017707876280809824 0.0028278244669808256 -0.00027619172356623624 -0.0012240950597608286 -0.0018554770851818222 0.00099421424999539005 -9.3765601426718046e-05 0.0018186832993076396 -0.0001028823328499511 0.0017678884756735411
leaf_weight=205 2878 404 176 160 130 133 105 106 180 114 1806 130 1868 146
leaf_count=205 2878 404 176 160 130 133 105 106 180 114 1806 130 1868 146
internal_value=-3.78391e-06 -0.000195762 -9.50761e-05 -0.000827418 -2.26197e-06 0.000724196 0.00145841 -0.000124222 -0.000854633 -7.46075e-05 2.12273e-05 0.000820802 0.000139529 0.000289735
internal_weight=8541 3649 3245 365 2880 414 238 2466 400 220 2066 260 4892 3024
internal_count=8541 3649 3245 365 2880 414 238 2466 400 220 2066 260 4892 3024
cat_boundaries=0 1 2
cat_threshold=652603470 616579072
is_linear=0
shrinkage=0.03


Tree=372
num_leaves=15
num_cat=1
split_feature=31 37 17 24 30 31 5 23 0 23 38 27 38 33
split_gain=0.249752 0.367771 0.799523 0.356782 0.330656 0.328844 0.377135 0.343446 0.314824 0.304269 0.447293 0.533838 0.552818 0.351581
threshold=1.548166151126823 0 1.0000000180025095e-35 157.05049999999582 221.92500000000004 1.200840336134454 0.17425000000000002 73.500000000000014 6.5000000000000009 22.500000000000004 1.1762951166454267 17.423611111111114 1.3653038506993593 1.0000000180025095e-35
decision_type=10 9 2 10 2 8 2 2 2 2 2 2 2 2
left_child=1 4 5 -4 9 6 7 -3 -7 10 -1 12 -12 -11
right_child=-2 2 3 -5 -6 8 -8 -9 -10 13 11 -13 -14 -15
leaf_value=-0.0010886085375814752 0.00015161114182124196 0.00030802959389624558 -0.00098849682737456508 -0.0029162260963865217 -0.0016463379326331264 0.00027455036572757217 -0.00085613272555158735 0.0024514576807636223 -0.0017195488470421944 -0.00033789098458694738 0.0022886679999064652 0.0029192332372170041 -0.00028301214373855412 0.0006210433374061983
leaf_weight=102 5039 194 202 151 102 126 136 103 164 1340 110 111 238 463
leaf_count=102 5039 194 202 151 102 126 136 103 164 1340 110 111 238 463
internal_value=1.59176e-05 -0.000177126 -0.000636847 -0.00181311 2.59435e-05 -7.13538e-05 0.000452249 0.00105137 -0.000853147 9.82075e-05 0.000708366 0.00110769 0.000529875 -9.16422e-05
internal_weight=8581 3542 1076 353 2466 723 433 297 290 2364 561 459 348 1803
internal_count=8581 3542 1076 353 2466 723 433 297 290 2364 561 459 348 1803
cat_boundaries=0 1
cat_threshold=3035197446
is_linear=0
shrinkage=0.03


Tree=373
num_leaves=15
num_cat=3
split_feature=37 27 24 1 1 30 0 28 37 30 32 36 25 0
split_gain=0.199006 0.263054 0.382314 0.303575 0.553639 0.391002 0.359868 0.279089 0.40237 0.304097 0.226651 0.200107 0.199746 0.193674
threshold=0 6.9996585648148155 150.92599999999581 20.500000000000004 9.5000000000000018 64.050000000000011 6.5000000000000009 9.156869212962965 1 74.250000000000014 4.5000000000000009 2 0.49489795918367352 8.5000000000000018
decision_type=9 2 10 2 2 2 2 2 9 2 2 9 10 2
left_child=1 -1 3 4 5 -3 -6 8 9 13 -10 -11 -4 -5
right_child=-2 2 12 7 6 -7 -8 -9 10 11 -12 -13 -14 -15
leaf_value=-0.0011441559062848547 -4.7100483345262265e-05 0.00092822901575271134 0.0025466394067585169 -0.0019899433488833229 0.0031219637964719107 -0.0013073474987108698 0.00089801110592189017 -0.0015616018514519612 0.001684096806195157 -0.00052735080437219526 0.00022640879776054135 0.0011077569567648166 0.0007106600072960146 -0.00038541395334433092
leaf_weight=107 6698 146 101 132 105 136 174 103 160 131 240 121 113 139
leaf_count=107 6698 146 101 132 105 136 174 103 160 131 240 121 113 139
internal_value=3.00239e-05 0.000299445 0.000386874 0.000226368 0.000787491 -0.000149921 0.00173498 -8.04452e-05 8.4841e-05 -0.000460573 0.00078974 0.000280792 0.00157717 -0.00116696
internal_weight=8606 1908 1801 1587 561 282 279 1026 923 523 400 252 214 271
internal_count=8606 1908 1801 1587 561 282 279 1026 923 523 400 252 214 271
cat_boundaries=0 1 2 3
cat_threshold=1235784913 1216352257 33
is_linear=0
shrinkage=0.03


Tree=374
num_leaves=15
num_cat=2
split_feature=37 24 30 31 31 22 21 31 1 31 1 35 38 23
split_gain=0.2454 0.263527 0.360178 0.260641 0.371023 0.911266 1.02853 0.426236 0.325175 0.48485 0.573075 0.482699 0.558233 0.414841
threshold=0 21.811333333332662 127.50000000000001 1.6316860465116281 1.8048797023563459 2103.7500000000005 55.833333333333336 1.9075202752519049 47.500000000000007 2.3393548387096779 26.500000000000004 1 1.3966662700940091 144.50000000000003
decision_type=9 10 2 8 8 2 2 8 2 10 2 1 2 2
left_child=1 2 -1 -2 5 6 -5 -6 9 -9 13 -12 -13 -11
right_child=3 -3 -4 4 7 -7 -8 8 -10 10 11 12 -14 -15
leaf_value=-5.4505082828524923e-05 -0.00013663863354533692 -0.00012426013112813868 -0.0022430985388950308 0.002505531145511239 -0.0010736771684204196 0.0030909435921598091 -0.0011971176370430077 0.0011547215257867094 -0.00010175871834182287 -0.00082209545769392259 -0.00046579459277716905 0.0033600909867843166 0.00067839149400958268 0.00087422768022821988
leaf_weight=140 2208 2340 131 106 232 140 186 677 1304 519 142 113 183 173
leaf_count=140 2208 2340 131 106 232 140 186 677 1304 519 142 113 183 173
internal_value=1.62067e-05 -0.000225962 -0.00111246 0.000122063 0.000273702 0.00110105 0.000146995 0.000166787 0.000259294 0.000519843 0.000139477 0.000988665 0.00164652 -0.000398015
internal_weight=8594 2611 271 5983 3775 432 292 3343 3111 1807 1130 438 296 692
internal_count=8594 2611 271 5983 3775 432 292 3343 3111 1807 1130 438 296 692
cat_boundaries=0 1 2
cat_threshold=3556807059 17
is_linear=0
shrinkage=0.03


Tree=375
num_leaves=15
num_cat=1
split_feature=38 31 1 32 28 32 37 1 23 31 23 31 13 28
split_gain=0.425192 0.288866 0.337485 0.419082 0.362836 0.385969 0.45386 0.394658 0.36231 0.491165 0.321989 0.286147 0.279567 0.468863
threshold=2.1247279273171897 2.8525735171920967 25.500000000000004 30.500000000000004 11.924525462962965 7.5000000000000009 0 84.500000000000014 151.50000000000003 3.4211241418764309 113.50000000000001 5.3583467094703057 0.50000000000000011 1.2354513888888892
decision_type=2 10 2 2 2 2 9 2 2 10 2 10 2 2
left_child=1 -1 8 4 5 6 -4 -8 9 -3 -6 -11 13 -7
right_child=-2 2 3 -5 10 12 7 -9 -10 11 -12 -13 -14 -15
leaf_value=0.0001130515823467049 -0.0017111398049701864 -0.0027184235320224627 0.002173279041890055 -0.0016670840346068143 -8.6906469835601046e-05 -0.0027295657423465455 -0.0010134262321169795 0.0013788362671298406 0.00049759540498052956 0.00017008732815849639 0.0020885069464164755 -0.0014873761983002505 0.00069085106883325011 -0.0004094723433463453
leaf_weight=6513 130 143 106 125 106 106 161 101 140 189 145 186 110 301
leaf_count=6513 130 143 106 125 106 106 161 101 140 189 145 186 110 301
internal_value=-8.51136e-06 1.77388e-05 -0.000305748 -1.83619e-05 0.000163056 -0.000122475 0.000620112 -8.78646e-05 -0.0008565 -0.00122247 0.00116981 -0.000652015 -0.000651047 -0.00101372
internal_weight=8562 8432 1919 1261 1136 885 368 262 658 518 251 375 517 407
internal_count=8562 8432 1919 1261 1136 885 368 262 658 518 251 375 517 407
cat_boundaries=0 1
cat_threshold=178258432
is_linear=0
shrinkage=0.03


Tree=376
num_leaves=15
num_cat=2
split_feature=30 37 30 35 30 38 23 23 1 1 30 30 31 31
split_gain=0.196372 0.162211 0.19143 0.337171 0.236364 0.201344 0.180593 0.184436 0.152055 0.320904 0.161636 0.577054 0.271381 0.368171
threshold=368.50000000000006 0 45.050000000000004 1 25.250000000000004 1.6446032258704248 195.50000000000003 182.50000000000003 222.50000000000003 168.50000000000003 180.25000000000003 175.10000000000002 1.6316860465116281 1.9617718730540388
decision_type=2 9 2 1 2 2 2 2 2 2 2 2 10 10
left_child=1 2 4 -4 -1 -5 7 8 9 10 11 -3 -12 -14
right_child=-2 6 3 5 -6 -7 -8 -9 -10 -11 12 -13 13 -15
leaf_value=-2.055154775007395e-05 -0.0011280176264193396 0.00011018854761515432 -0.00097005081204324078 0.0017501324716856523 -0.0014189346231122692 -2.9131165376446884e-05 -0.00080046325333979593 0.00096441430350144709 0.00098544843985338602 -0.0014021833850254377 -0.00090442896382335347 0.0022179305781610311 0.00093686432264501252 -0.00019176398276622776
leaf_weight=192 138 4529 149 113 251 116 215 207 155 137 357 120 313 1540
leaf_count=192 138 4529 149 113 251 116 215 207 155 137 357 120 313 1540
internal_value=-5.53226e-06 1.29218e-05 -0.000385019 0.000106211 -0.000812863 0.00081333 5.64969e-05 8.1614e-05 5.60596e-05 3.54685e-05 6.41838e-05 0.000164594 -0.00014704 -1.12142e-06
internal_weight=8532 8394 821 378 443 229 7573 7358 7151 6996 6859 4649 2210 1853
internal_count=8532 8394 821 378 443 229 7573 7358 7151 6996 6859 4649 2210 1853
cat_boundaries=0 1 2
cat_threshold=537948690 1
is_linear=0
shrinkage=0.03


Tree=377
num_leaves=15
num_cat=1
split_feature=23 10 31 28 28 32 28 7 35 23 1 28 27 27
split_gain=0.159611 0.360483 0.354047 0.285896 0.5513 0.545101 0.491135 0.390343 0.371254 0.576578 0.515585 0.451933 0.37806 0.695111
threshold=65.500000000000014 1.0000000180025095e-35 0.23920529801324505 3.6321701388888892 2.4405266203703708 30.500000000000004 1.6925868055555557 1.0000000180025095e-35 0 125.50000000000001 25.500000000000004 10.354369212962965 27.526001157407411 29.999218750000001
decision_type=2 2 8 2 2 2 2 2 1 2 2 2 2 2
left_child=1 -1 -2 4 6 8 7 -4 9 11 -10 -5 -12 -14
right_child=2 -3 3 5 -6 -7 -8 -9 10 -11 12 -13 13 -15
leaf_value=0.0018355599425479091 0.0013315023567850644 9.2955349663027896e-05 -0.00090679370678921443 0.0013176514138806858 -0.0020039276568648598 -0.0015689608888333282 0.0016578531450865304 -7.4468064714863885e-05 -0.00080651827155468151 0.0027414541747686856 -0.00010516144750329636 -0.0011384027728952629 0.0023769707253378882 -6.2107029350081901e-05
leaf_weight=110 147 3718 760 163 174 161 115 1524 460 127 551 115 199 223
leaf_count=110 147 3718 760 163 174 161 115 1524 460 127 551 115 199 223
internal_value=-9.10803e-07 0.00014303 -0.000117674 -0.000164268 -0.000373371 0.000104876 -0.000255106 -0.000351424 0.000251496 0.00104103 2.09459e-05 0.000301658 0.000412357 0.00108807
internal_weight=8547 3828 4719 4572 2573 1999 2399 2284 1838 405 1433 278 973 422
internal_count=8547 3828 4719 4572 2573 1999 2399 2284 1838 405 1433 278 973 422
cat_boundaries=0 1
cat_threshold=22
is_linear=0
shrinkage=0.03


Tree=378
num_leaves=15
num_cat=2
split_feature=22 1 26 37 7 24 24 24 21 30 13 27 37 38
split_gain=0.150458 0.528558 0.15721 0.299727 0.354041 0.379264 0.379394 0.335048 0.358037 0.433486 0.35021 0.288986 0.273992 0.490499
threshold=10820.35 34.500000000000007 0.022474747474747477 0 1.0000000180025095e-35 55.387666666666668 26.342833333332095 100.57766666666519 51.500000000000007 47.050000000000004 1.0000000180025095e-35 13.999369212962966 1 1.2987000775549293
decision_type=2 2 8 9 2 10 10 10 2 2 2 2 9 2
left_child=2 -2 12 4 5 6 -4 8 9 -6 -10 -7 13 -1
right_child=1 -3 3 -5 7 11 -8 -9 10 -11 -12 -13 -14 -15
leaf_value=0.0018011080869160831 0.00083479844606481484 -0.0021534854654026657 -0.00079224657889973092 -0.00042074532836435831 9.4430651747465406e-05 -0.0023867039429653135 0.00097077128783498398 0.0020257023443246442 -0.0014316764149989467 0.0019525506844307991 0.00071741023325916971 -0.00039454993936124082 6.5254839830414192e-05 0.00010545528729562647
leaf_weight=242 100 114 193 1516 281 111 255 123 160 189 119 160 4570 420
leaf_count=242 100 114 193 1516 281 111 255 123 160 189 119 160 4570 420
internal_value=2.83614e-05 -0.000757091 4.85181e-05 -0.000120513 0.00016716 -0.00032463 0.000211257 0.000574578 0.000336276 0.000841632 -0.000515041 -0.00121052 0.000148897 0.000714523
internal_weight=8553 214 8339 3107 1591 719 448 872 749 470 279 271 5232 662
internal_count=8553 214 8339 3107 1591 719 448 872 749 470 279 271 5232 662
cat_boundaries=0 1 2
cat_threshold=1385693194 2684354720
is_linear=0
shrinkage=0.03


Tree=379
num_leaves=15
num_cat=1
split_feature=27 26 24 27 27 5 30 19 17 32 37 31 31 31
split_gain=0.19217 0.150401 0.1845 0.161137 0.397769 0.166603 0.625462 0.162054 0.432057 0.209362 0.162775 0.44582 0.415537 0.0997674
threshold=30.999247685185189 0.23000000000000001 729.04833333333033 30.619351851851857 30.512980324074078 0.61250000000000016 88.500000000000014 1.0000000180025095e-35 1.5000000000000002 15.500000000000002 0 0.98907071189679896 1.7262355831286176 9.0326086956521756
decision_type=2 8 10 2 2 2 2 2 2 2 9 8 10 10
left_child=1 2 3 4 5 7 -7 10 -9 -10 11 -1 -13 -12
right_child=-2 -3 -4 -5 -6 6 -8 8 9 -11 13 12 -14 -15
leaf_value=-0.0023093104213107339 -0.0011632124710277737 0.0010924201566641302 -0.0010632812486505074 0.00089554494115124859 -0.0014869145627655997 -0.0010432132250533846 0.0017366986647682563 0.00042549199768047324 -0.0025106285316332314 -0.00059774962075821616 2.5261091545472657e-05 0.0013620100687503028 -0.0012167061215921026 0.00081020596985636442
leaf_weight=101 132 110 151 175 164 117 193 188 104 102 6643 114 111 149
leaf_count=101 132 110 151 175 164 117 193 188 104 102 6643 114 111 149
internal_value=-2.74163e-05 -9.61467e-06 -2.41989e-05 -4.97311e-06 -2.47065e-05 5.95092e-06 0.000687506 -2.2175e-05 -0.000614425 -0.00156347 1.06075e-05 -0.000634005 8.98434e-05 4.24184e-05
internal_weight=8554 8422 8312 8161 7986 7822 310 7512 394 206 7118 326 225 6792
internal_count=8554 8422 8312 8161 7986 7822 310 7512 394 206 7118 326 225 6792
cat_boundaries=0 1
cat_threshold=2359305
is_linear=0
shrinkage=0.03


Tree=380
num_leaves=15
num_cat=3
split_feature=37 31 36 28 0 24 33 37 22 0 31 31 31 31
split_gain=0.204149 0.259105 0.355905 0.308227 0.301638 0.52852 0.284873 0.439877 0.629813 0.264749 0.4053 0.419041 0.255529 0.17528
threshold=0 1.548166151126823 1 3.0406018518518523 6.5000000000000009 31.721666666667229 1.0000000180025095e-35 2 655.70000000000005 9.5000000000000018 1.9733563969785732 4.2896428047626047 2.2403945073131459 5.1020956475013444
decision_type=9 10 9 2 2 10 2 9 2 2 10 10 10 10
left_child=1 2 -1 9 5 -4 7 8 -6 10 -3 -12 -5 -2
right_child=13 3 4 12 6 -7 -8 -9 -10 -11 11 -13 -14 -15
leaf_value=0.00049754192375115109 8.6056122379684678e-05 -0.0021808336028142977 0.0015480448059285075 0.0021786152578191832 -0.0041820557950995865 -0.0012795441232468765 1.3620348458061925e-05 -0.00041070654681375757 -0.0012412151081275336 0.00082178858698022609 0.0007531700883985921 -0.0016438911037228536 4.9638934489972527e-05 -0.00047039755093204364
leaf_weight=199 6210 114 107 100 112 134 120 188 158 147 191 100 103 555
leaf_count=199 6210 114 107 100 112 134 120 188 158 147 191 100 103 555
internal_value=-3.4909e-05 -0.000320466 -0.000634597 9.88458e-05 -0.000904711 -2.41416e-05 -0.00128752 -0.00162843 -0.00237322 -0.000268742 -0.000664565 -7.05623e-05 0.0010984 4.03451e-05
internal_weight=8538 1773 1018 755 819 241 578 458 270 552 405 291 203 6765
internal_count=8538 1773 1018 755 819 241 578 458 270 552 405 291 203 6765
cat_boundaries=0 1 2 3
cat_threshold=1252787009 34 144703552
is_linear=0
shrinkage=0.03


Tree=381
num_leaves=15
num_cat=1
split_feature=25 29 5 1 37 30 30 28 32 32 25 23 23 38
split_gain=0.304094 0.350945 0.339194 0.320623 0.290052 0.301389 0.335221 0.619615 0.455275 0.621986 0.564096 0.323386 0.353586 0.398095
threshold=0.36181818181818187 2.5000000000000004 0.18465000000000001 152.50000000000003 0 225.05000000000004 162.12500000000003 1.0000000180025095e-35 6.5000000000000009 5.5000000000000009 0.33666666666666673 58.500000000000007 83.500000000000014 1.7224058737958026
decision_type=10 2 2 2 9 2 2 2 2 2 8 2 2 2
left_child=1 3 -3 4 -1 6 8 -8 9 10 11 -6 -13 -14
right_child=-2 2 -4 -5 5 -7 7 -9 -10 -11 -12 12 13 -15
leaf_value=-0.00055198725890492711 -0.00010205178209265545 0.001727467159175181 -0.00028044324255087111 0.001442795961508925 0.00051824838998425996 -0.0010210417314600315 0.0031333683760535413 -0.00018152329918587267 -0.0005494372110705231 0.0024419431575167837 0.0019784420212860874 -0.0015636279232635654 0.0016415395027957855 -0.00069695890307622525
leaf_weight=523 5377 259 107 164 556 161 102 101 523 133 153 187 100 190
leaf_count=523 5377 259 107 164 556 161 102 101 523 133 153 187 100 190
internal_value=3.65411e-05 0.000265205 0.00114046 0.000154475 7.70526e-05 0.000227656 0.000327078 0.00148409 0.000199568 0.000496558 0.000278399 2.66016e-05 -0.000546471 0.00010942
internal_weight=8636 3259 366 2893 2729 2206 2045 203 1842 1319 1186 1033 477 290
internal_count=8636 3259 366 2893 2729 2206 2045 203 1842 1319 1186 1033 477 290
cat_boundaries=0 1
cat_threshold=222824451
is_linear=0
shrinkage=0.03


Tree=382
num_leaves=15
num_cat=2
split_feature=30 30 37 7 37 30 28 38 0 26 31 38 1 38
split_gain=0.237382 0.190822 0.193856 0.309658 0.431999 0.483111 0.413614 0.386946 0.362213 0.27147 0.261632 0.200366 0.198714 0.151912
threshold=387.75000000000006 333.55000000000007 0 1.0000000180025095e-35 1 72.500000000000014 1.1232986111111114 1.6104088686073312 6.5000000000000009 1.0000000180025095e-35 1.821574542623589 1.6206384216475476 43.500000000000007 0.91774518637173719
decision_type=2 2 9 2 9 2 2 2 2 10 8 2 2 2
left_child=1 2 13 4 8 11 7 9 -4 10 -5 -6 -10 -1
right_child=-2 -3 3 6 5 -7 -8 -9 12 -11 -12 -13 -14 -15
leaf_value=-0.00079599602272521634 0.0014031807916895062 -0.001118345295583519 0.001166488393262651 -0.00051344799609038953 -0.001437265331713626 3.8584251971250128e-05 -0.0011137579730935753 0.0016404009798896453 0.00036145005743987488 -0.0011728059330128036 0.0013644087868320736 -0.0032620307229422199 -0.0013096787221197571 0.00010958748923929799
leaf_weight=171 110 135 142 121 104 112 182 189 101 124 149 113 175 6655
leaf_count=171 110 135 142 121 104 112 182 189 101 124 149 113 175 6655
internal_value=1.85048e-05 5.28362e-07 1.8644e-05 -0.000287606 -0.000723975 -0.00151553 0.000134737 0.00052449 -6.31915e-05 -1.08077e-05 0.000522851 -0.00238749 -0.000698142 8.67743e-05
internal_weight=8583 8473 8338 1512 747 329 765 583 418 394 270 217 276 6826
internal_count=8583 8473 8338 1512 747 329 765 583 418 394 270 217 276 6826
cat_boundaries=0 1 2
cat_threshold=4072737702 134266888
is_linear=0
shrinkage=0.03


Tree=383
num_leaves=15
num_cat=1
split_feature=22 1 25 33 31 31 29 37 1 7 38 30 30 38
split_gain=0.6247 0.355613 0.271878 0.365454 1.01248 0.31327 0.301027 0.295475 0.29997 0.225508 0.220041 0.541756 0.259061 0.219431
threshold=10820.35 37.500000000000007 0.63484848484848488 1.0000000180025095e-35 3.4211241418764309 3.6862836919354938 3.5000000000000004 0 102.50000000000001 1.0000000180025095e-35 1.59949202993294 117.50000000000001 142.42500000000004 1.515334424059211
decision_type=2 2 8 2 8 8 2 9 2 2 2 2 2 2
left_child=2 -2 3 5 7 -1 9 -5 10 -7 12 -12 -9 -4
right_child=1 -3 13 4 -6 6 -8 8 -10 -11 11 -13 -14 -15
leaf_value=-2.8568624227438872e-05 -0.00026313111264406161 -0.0026882370949675473 0.00023727832978265361 -0.00063852298470506378 0.0024103357745546171 -0.0010806087553880852 -0.0017804403502761246 -4.2712842984979365e-06 0.0017896036077254698 0.00012189325158089854 0.00058978315844962536 -0.002196958356554497 0.0012725387297430613 0.0012580824385376593
leaf_weight=5220 101 118 625 342 198 233 173 363 119 353 154 106 236 272
leaf_count=5220 101 118 625 342 198 233 173 363 119 353 154 106 236 272
internal_value=1.19561e-05 -0.00156981 5.32245e-05 -5.83314e-06 0.00040986 -0.000111373 -0.000680856 0.000109788 0.000374171 -0.000356235 0.000182442 -0.00054635 0.000498779 0.00054682
internal_weight=8613 219 8394 7497 1518 5979 759 1320 978 586 859 260 599 897
internal_count=8613 219 8394 7497 1518 5979 759 1320 978 586 859 260 599 897
cat_boundaries=0 1
cat_threshold=2449506564
is_linear=0
shrinkage=0.03


Tree=384
num_leaves=15
num_cat=2
split_feature=37 31 14 22 24 23 0 2 1 35 24 24 27 27
split_gain=0.191921 0.377202 0.359506 0.432475 0.663405 0.420265 0.355558 0.344561 0.298041 0.286193 0.659615 0.490801 0.368514 0.352403
threshold=0 7.7898305084745774 2.5000000000000004 2593.2500000000005 46.898166666666178 78.500000000000014 10.500000000000002 1.0000000180025095e-35 31.500000000000004 1 95.085333333332684 53.943333333333584 13.999346064814818 13.999716435185187
decision_type=9 10 2 2 10 2 2 2 2 1 10 10 2 2
left_child=1 2 3 5 -5 6 -1 9 -7 -4 11 12 -11 -14
right_child=-2 -3 7 4 -6 8 -8 -9 -10 10 -12 -13 13 -15
leaf_value=0.00028848457785565854 -0.00011257178120324619 0.001862483263039627 -0.00060163056386435139 -0.00054221440303640867 0.002097132530503182 -0.0024164441348594129 -0.0014075417194183318 -0.00031047636998908398 -0.000609780791372883 0.0027186007863763571 0.0031865190699453408 -0.001073147239892379 -0.00064456391107860548 0.0013727155016186607
leaf_weight=501 6052 117 102 182 162 146 143 317 188 101 113 115 121 219
leaf_count=501 6052 117 102 182 162 146 143 317 188 101 113 115 121 219
internal_value=-2.09304e-05 0.000198206 0.000118231 -0.000214172 0.000700734 -0.000535979 -8.81175e-05 0.000522125 -0.00139952 0.000864453 0.00108082 0.000672301 0.00112746 0.000654801
internal_weight=8579 2527 2410 1322 344 978 644 1088 334 771 669 556 441 340
internal_count=8579 2527 2410 1322 344 978 644 1088 334 771 669 556 441 340
cat_boundaries=0 1 2
cat_threshold=446170850 4
is_linear=0
shrinkage=0.03


Tree=385
num_leaves=15
num_cat=2
split_feature=32 37 31 31 38 38 38 0 38 7 26 27 35 31
split_gain=0.295744 0.177973 0.342284 0.231536 0.337204 0.350896 0.512495 0.333979 0.448261 0.412115 0.291412 0.353747 0.29707 0.4022
threshold=38.500000000000007 0 0.1799720450492425 2.0297841757511592 1.9216493129070522 1.7382643940218145 1.7918911053400099 7.5000000000000009 1.3064576558828511 1.0000000180025095e-35 0.042572463768115944 13.999716435185187 1 1.1451224889862892
decision_type=2 9 8 10 2 2 2 2 2 2 10 2 1 8
left_child=1 3 -3 4 5 10 -7 8 -5 -9 12 -12 -1 -14
right_child=-2 2 -4 7 -6 6 -8 9 -10 -11 11 -13 13 -15
leaf_value=0.00014755162600451024 -0.0016304579136275344 0.0015775756920482793 -0.00011917657193207615 0.0017042176181775997 -0.001451553642483694 0.0028295880662934743 0.0001276254412684455 0.002781231536870616 -0.00067715043904330655 0.00050706694310065359 0.0022129424114911153 9.9598976619843689e-05 -5.1140102951270767e-05 -0.0017868212279862294
leaf_weight=754 101 109 5838 103 126 102 166 122 230 174 105 222 274 214
leaf_count=754 101 109 5838 103 126 102 166 122 230 174 105 222 274 214
internal_value=-1.66005e-05 2.48834e-06 -8.79297e-05 0.000209472 4.97785e-05 0.000152755 0.00115598 0.000711176 5.94289e-05 0.00144439 -1.8606e-05 0.000778195 -0.000228392 -0.000795968
internal_weight=8640 8539 5947 2592 1963 1837 268 629 333 296 1569 327 1242 488
internal_count=8640 8539 5947 2592 1963 1837 268 629 333 296 1569 327 1242 488
cat_boundaries=0 1 2
cat_threshold=2342019448 24
is_linear=0
shrinkage=0.03


Tree=386
num_leaves=15
num_cat=0
split_feature=22 22 33 23 23 7 38 38 31 31 2 28 27 28
split_gain=0.15989 0.389695 0.353311 0.506011 0.441482 0.341759 0.273193 0.216483 0.258749 0.302593 0.193758 0.31326 0.24857 0.297884
threshold=6402.0500000000002 5742.3000000000002 1.0000000180025095e-35 26.500000000000004 143.50000000000003 1.0000000180025095e-35 1.8634251031291942 1.2475639257427391 1.2508030341587599 0.87253384912959397 1.0000000180025095e-35 9.0992534722222249 13.958206018518521 0.62855902777777783
decision_type=2 2 2 2 2 2 2 2 8 10 2 2 2 2
left_child=1 10 4 -4 5 -2 7 -7 9 -9 -1 12 -12 -14
right_child=2 -3 3 -5 -6 6 -8 8 -10 -11 11 -13 13 -15
leaf_value=0.00011118236077102012 0.0016349099372374885 0.001634321716985294 -0.0029181184321094085 -0.00020755747586630191 -0.0015084453366095354 -0.00086882433575517098 -0.0014393160522915421 0.0011553439964802983 0.001929367323899393 -0.0010686680504967136 0.00087098104426594329 -0.0014366557005048041 -0.0010635362154620528 0.00036103716028688346
leaf_weight=6403 141 143 102 158 144 107 100 117 103 104 187 191 284 247
leaf_count=6403 141 143 102 158 144 107 100 117 103 104 187 191 284 247
internal_value=3.39866e-05 8.33283e-05 -0.000307875 -0.00127093 -1.01842e-06 0.000322002 -2.66237e-05 0.000301147 0.000687527 0.00010875 5.29957e-05 -0.000356871 -6.96304e-05 -0.000400882
internal_weight=8531 7455 1076 260 816 672 531 431 324 221 7312 909 718 531
internal_count=8531 7455 1076 260 816 672 531 431 324 221 7312 909 718 531
is_linear=0
shrinkage=0.03


Tree=387
num_leaves=15
num_cat=3
split_feature=33 23 37 23 7 28 17 28 23 37 24 28 32 35
split_gain=0.159794 0.714183 0.74077 0.6105 0.425467 0.383492 0.360895 0.365779 0.471912 0.311287 0.385373 0.277682 0.276696 0.26593
threshold=1.0000000180025095e-35 30.500000000000004 0 12.500000000000002 1.0000000180025095e-35 14.014756944444445 1.0000000180025095e-35 1.1896817129629633 95.500000000000014 1 263.3524999999924 25.087922453703708 9.5000000000000018 2
decision_type=2 2 9 2 2 2 2 2 2 9 10 2 2 1
left_child=11 3 -3 -2 -5 6 9 8 -8 10 -4 13 -6 -1
right_child=1 2 5 4 12 -7 7 -9 -10 -11 -12 -13 -14 -15
leaf_value=0.00016197648438006599 0.0011748717153153298 0.0026462588533808654 -0.00044731237400999295 7.3094612767768874e-05 -0.0012068787519521533 0.0021295227898552203 -6.5078044365356227e-05 0.00060014409925936466 -0.0024902600700035691 0.0013537241133549538 0.0014870507480630364 -0.0014265074957466612 -0.0033390516588618093 -0.00021956317680893456
leaf_weight=3323 106 131 323 111 117 101 171 189 125 297 130 130 103 3235
leaf_count=3323 106 131 323 111 117 101 171 189 125 297 130 130 103 3235
internal_value=1.54924e-05 0.000257968 0.000575084 -0.000806584 -0.00144113 0.000349574 0.000206838 -0.000430894 -0.00108923 0.000619237 0.000105475 -5.35378e-05 -0.00220512 -2.63213e-05
internal_weight=8592 1904 1467 437 331 1336 1235 485 296 750 453 6688 220 6558
internal_count=8592 1904 1467 437 331 1336 1235 485 296 750 453 6688 220 6558
cat_boundaries=0 1 2 3
cat_threshold=2283798530 574621696 24
is_linear=0
shrinkage=0.03


Tree=388
num_leaves=15
num_cat=0
split_feature=24 38 31 21 6 28 28 30 38 22 31 21 31 38
split_gain=0.196292 0.21314 0.260005 0.182877 0.350017 0.398242 0.276554 0.369832 0.425524 0.286845 0.25567 0.364349 0.271076 0.266236
threshold=1.8535000000000084 1.6276520532671259 2.9223675178226967 120.70833333333334 2.5000000000000004 9.2190335648148167 1.0525115740740743 222.10000000000002 1.7033771246176703 5678.2500000000009 2.894013091257611 84.075000000000003 3.0695184816355225 1.4084296004114985
decision_type=10 2 8 2 2 2 2 2 2 2 8 2 10 2
left_child=1 -1 -3 10 5 6 7 9 -9 -5 -2 12 13 -12
right_child=3 2 -4 4 -6 -7 -8 8 -10 -11 11 -13 -14 -15
leaf_value=-0.001310047113779679 0.00021682595286455101 -0.00091823283254617832 0.00096343266644648129 0.001482186141934872 0.0013350443456632394 0.00058610663125428428 -0.0015419642191477415 -0.0024028617960866541 0.0001574116138949339 -0.0003717578298268823 -0.000269124296443936 0.0011020040754781309 -0.00018633790497394196 -0.002405488068770085
leaf_weight=206 4969 139 126 113 108 255 278 135 103 224 105 177 1497 105
leaf_count=206 4969 139 126 113 108 255 278 135 103 224 105 177 1497 105
internal_value=9.08495e-06 -0.000586224 -2.35541e-05 4.38341e-05 -0.000295217 -0.000454123 -0.000765095 -0.000389495 -0.00129484 0.000249891 0.000103995 -0.000193592 -0.000327933 -0.00133731
internal_weight=8540 471 265 8069 1216 1108 853 575 238 337 6853 1884 1707 210
internal_count=8540 471 265 8069 1216 1108 853 575 238 337 6853 1884 1707 210
is_linear=0
shrinkage=0.03


Tree=389
num_leaves=15
num_cat=2
split_feature=37 17 32 38 25 31 25 23 24 22 24 5 37 32
split_gain=0.25461 0.28095 0.396264 0.232156 0.288421 0.373569 0.309992 0.5024 0.303996 0.285919 0.257347 0.187046 0.4366 0.57454
threshold=0 1.0000000180025095e-35 6.5000000000000009 1.7627074056173453 0.51925925925925942 1.1353641777370593 0.26235294117647062 145.50000000000003 90.152000000001735 1240.1218750000005 69.172833333333259 0.11435000000000002 1 30.500000000000004
decision_type=9 2 2 2 10 8 10 2 10 2 10 2 9 2
left_child=1 2 -1 11 5 10 9 -8 -9 -7 -5 12 -2 -14
right_child=3 -3 -4 4 -6 6 7 8 -10 -11 -12 -13 13 -15
leaf_value=0.0010519462876371888 -0.00031430013527062234 0.0015976307283026132 -0.0013679805849181506 -0.00051156810640672881 -0.0015136276668602866 0.0021685378675945824 -0.00075454213467203966 -0.0001539902583937844 0.0019863432191180972 0.0001420595786621561 -0.0023866515842896393 -0.00016963575661969315 0.0004399291896425047 -0.0018194089251171264
leaf_weight=149 1213 187 103 186 175 103 548 122 117 160 102 2360 2873 105
leaf_count=149 1213 187 103 186 175 103 548 122 117 160 102 2360 2873 105
internal_value=5.34921e-06 0.000700657 6.28492e-05 -3.33305e-05 -0.000368314 -0.000218516 4.40145e-05 -0.000253969 0.000893788 0.000935699 -0.00117566 4.39855e-05 0.000164278 0.000359062
internal_weight=8503 439 252 8064 1513 1338 1050 787 239 263 288 6551 4191 2978
internal_count=8503 439 252 8064 1513 1338 1050 787 239 263 288 6551 4191 2978
cat_boundaries=0 1 2
cat_threshold=2106377 1816134592
is_linear=0
shrinkage=0.03


Tree=390
num_leaves=15
num_cat=2
split_feature=37 1 31 31 31 27 27 1 1 38 25 25 37 38
split_gain=0.182808 0.226797 0.164434 0.153717 0.190385 0.149116 0.166909 0.132011 0.210757 0.131289 0.123596 0.331464 0.413745 0.25923
threshold=0 280.50000000000006 9.8538461538461561 7.4976562500000012 5.3583467094703057 11.999675925925928 13.999762731481484 189.50000000000003 158.50000000000003 1.5255583055047022 0.32916666666666672 0.29772727272727278 1 1.4141565041898503
decision_type=9 2 10 10 10 2 2 2 2 2 10 10 9 2
left_child=5 2 3 4 7 -1 -7 8 10 -6 11 -2 -13 -12
right_child=1 -3 -4 -5 9 6 -8 -9 -10 -11 13 12 -14 -15
leaf_value=-0.00015293475725945639 -7.6158741766508322e-05 0.001267192531223899 -0.0010324776638735783 0.0010683063682273169 -0.00016421720308524773 0.001790131612803882 0.00019164311252578317 -0.00093503317672985833 0.0012672324042540747 -0.0014671892095963178 -0.00022045475765687019 -0.0024116922471437243 -0.00027910429954200108 0.00022322214968134948
leaf_weight=141 2012 114 160 107 133 132 106 148 111 146 2045 121 245 2819
leaf_count=141 2012 114 160 107 133 132 106 148 111 146 2045 121 245 2819
internal_value=-3.1271e-05 -6.14492e-05 -8.03482e-05 -6.10327e-05 -7.65648e-05 0.000604236 0.0010782 -4.79434e-05 -3.00882e-05 -0.000846059 -4.99726e-05 -0.000227222 -0.00105766 3.66845e-05
internal_weight=8540 8161 8047 7887 7780 379 238 7501 7353 279 7242 2378 366 4864
internal_count=8540 8161 8047 7887 7780 379 238 7501 7353 279 7242 2378 366 4864
cat_boundaries=0 1 2
cat_threshold=1324488 270534658
is_linear=0
shrinkage=0.03


Tree=391
num_leaves=15
num_cat=1
split_feature=30 24 27 27 27 24 30 1 37 5 23 24 22 32
split_gain=0.315701 0.230258 0.377924 0.370451 0.295722 0.264905 0.535751 0.338398 0.576842 0.282587 0.56406 0.347827 0.537968 0.536293
threshold=387.75000000000006 170.43233333333259 29.99902777777778 28.07513888888889 30.998709490740744 266.8349999999968 178.10000000000002 31.500000000000004 0 0.42265000000000003 125.50000000000001 374.13583333332093 2215.5500000000002 15.500000000000002
decision_type=2 8 2 2 2 8 2 2 9 2 2 8 2 2
left_child=1 2 3 -1 5 6 7 -3 -9 11 -11 12 -7 -14
right_child=-2 4 -4 -5 -6 9 -8 8 -10 10 -12 -13 13 -15
leaf_value=0.0001220257683482801 0.0016135766725333682 -0.00064518869279554369 -0.0012019233350893334 0.0017089035800617078 0.0012317892388872258 -0.00030923696421055824 -0.0013311898401215099 0.0023163224746240302 -0.00036231390956340659 -0.0002057780412484563 0.002616135438096107 -0.00056162849039064345 1.367527580655673e-05 0.0030335829558528278
leaf_weight=5001 110 376 189 136 123 376 526 110 181 170 102 922 102 110
leaf_count=5001 110 376 189 136 123 376 526 110 181 170 102 922 102 110
internal_value=1.6794e-05 -4.05671e-06 0.000115565 0.000164038 -0.000209707 -0.000269305 -0.000615289 -5.07259e-05 0.000717377 -3.76779e-05 0.00085244 -0.000198017 0.000372136 0.00158061
internal_weight=8534 8424 5326 5137 3098 2975 1193 667 291 1782 272 1510 588 212
internal_count=8534 8424 5326 5137 3098 2975 1193 667 291 1782 272 1510 588 212
cat_boundaries=0 1
cat_threshold=1275070468
is_linear=0
shrinkage=0.03


Tree=392
num_leaves=15
num_cat=1
split_feature=37 0 1 24 0 31 24 28 31 0 1 27 28 28
split_gain=0.18951 0.364374 0.182661 0.190305 0.182008 0.270026 0.221983 0.212268 0.210595 0.466108 0.30822 0.301143 0.167403 0.409216
threshold=0 15.500000000000002 1.0000000180025095e-35 188.41216666666648 13.500000000000002 0.62923872590659724 15.979166666666389 7.0445023148148156 1.6132339472880839 8.5000000000000018 90.500000000000014 13.999334490740742 26.983998842592595 20.991348379629631
decision_type=9 2 2 10 2 8 8 2 8 2 2 2 2 2
left_child=1 12 -2 4 5 -4 -7 8 9 -8 11 -10 13 -1
right_child=2 -3 3 -5 -6 6 7 -9 10 -11 -12 -13 -14 -15
leaf_value=1.048911588640928e-05 0.00072659843292156531 0.001411090715930371 0.0011622282593899706 -0.0015240170689648947 -0.0011197009778208108 -0.0012600943631169679 0.001444453858232198 0.00086832685758808355 -5.5759871335474048e-05 -0.0011476907826560947 0.0006461640637974406 -0.0016722627790936027 -0.0010555420948751269 0.0013854215098127944
leaf_weight=6336 148 177 127 120 202 181 154 164 173 105 129 259 125 201
leaf_count=6336 148 177 127 120 202 181 154 164 173 105 129 259 125 201
internal_value=-3.98948e-06 6.75645e-05 -0.000280509 -0.000374597 -0.000282274 -0.000151345 -0.000294541 -0.000116934 -0.000313987 0.000393584 -0.000640655 -0.00102491 3.19703e-05 5.27656e-05
internal_weight=8601 6839 1762 1614 1494 1292 1165 984 820 259 561 432 6662 6537
internal_count=8601 6839 1762 1614 1494 1292 1165 984 820 259 561 432 6662 6537
cat_boundaries=0 1
cat_threshold=2934213804
is_linear=0
shrinkage=0.03


Tree=393
num_leaves=15
num_cat=1
split_feature=28 6 28 31 21 17 27 21 37 1 30 38 28 23
split_gain=0.191951 0.373749 0.268978 0.505126 0.262037 0.677467 0.253761 0.20983 0.195565 0.682517 0.494942 0.412915 0.57974 0.449013
threshold=22.94172453703704 1.0000000180025095e-35 15.638628472222225 1.9733563969785732 190.00000000000003 1.0000000180025095e-35 29.116319444444446 161.50000000000003 0 54.500000000000007 34.250000000000007 1.3383635705676038 5.9232233796296301 15.500000000000002
decision_type=2 2 2 10 2 2 2 2 9 2 2 2 2 2
left_child=2 -2 4 -4 7 -6 -5 8 9 11 -11 12 13 -1
right_child=1 -3 3 6 5 -7 -8 -9 -10 10 -12 -13 -14 -15
leaf_value=0.0003702349431910797 -0.00024647040299418635 0.0020785973249401552 -0.0024226870153797788 -0.00082875329487452096 -0.0003404002079791198 0.002855378554253332 0.0011062527971980763 -0.00081370928642815205 -6.7697385397918344e-05 0.00013763116342791666 0.0024394944448272999 -0.00060256971348261333 -0.0011932438503667387 0.0026743380245239303
leaf_weight=190 137 114 120 154 146 101 101 293 6068 144 202 561 115 127
leaf_count=190 137 114 120 154 146 101 101 293 6068 144 202 561 115 127
internal_value=-7.84956e-06 0.000809536 -3.25028e-05 -0.00081765 4.54649e-06 0.000966376 -6.23391e-05 -2.6307e-05 4.84042e-06 0.000331592 0.00148149 -6.57393e-05 0.000631395 0.00129333
internal_weight=8573 251 8322 375 7947 247 255 7700 7407 1339 346 993 432 317
internal_count=8573 251 8322 375 7947 247 255 7700 7407 1339 346 993 432 317
cat_boundaries=0 1
cat_threshold=2365855404
is_linear=0
shrinkage=0.03


Tree=394
num_leaves=15
num_cat=1
split_feature=28 32 35 31 31 6 29 17 38 30 23 7 29 28
split_gain=0.341952 0.176215 0.241374 0.389367 0.332816 0.307989 0.231078 0.199343 0.232297 0.203616 0.252696 0.245441 0.673048 0.430302
threshold=26.983998842592595 23.500000000000004 0 1.7085313261190753 2.3252092253795253 1.0000000180025095e-35 2.5000000000000004 3.5000000000000004 1.0073962651787427 324.57500000000005 197.50000000000003 1.5000000000000002 3.5000000000000004 2.06394675925926
decision_type=2 2 1 8 10 2 2 2 2 2 2 2 2 2
left_child=1 7 -3 -4 6 -6 -5 8 -1 10 11 -10 13 -13
right_child=-2 2 3 4 5 -7 -8 -9 9 -11 -12 12 -14 -15
leaf_value=-0.00066836566656761618 -0.0015273523545609069 0.00067392681766469988 -0.0016553201044505683 5.7012865372928619e-05 -0.0011537703226727381 0.00018478149982084603 0.001795177915597021 0.0014814325786360045 0.00012472677060293026 0.0013184101902377261 -0.001112083658992323 0.00092349937149516204 0.0029664300082876452 -0.00090018767366584923
leaf_weight=302 117 222 184 193 337 286 107 102 5833 139 138 348 103 175
leaf_count=302 117 222 184 193 337 286 107 102 5833 139 138 348 103 175
internal_value=8.34097e-05 0.000105663 -0.000211523 -0.000391642 -0.000143971 -0.000539283 0.000676958 0.000164702 0.000145619 0.000182113 0.000158171 0.00018531 0.00074982 0.000313279
internal_weight=8586 8469 1329 1107 923 623 300 7140 7038 6736 6597 6459 626 523
internal_count=8586 8469 1329 1107 923 623 300 7140 7038 6736 6597 6459 626 523
cat_boundaries=0 1
cat_threshold=2
is_linear=0
shrinkage=0.03


Tree=395
num_leaves=15
num_cat=1
split_feature=30 37 27 17 32 32 38 26 25 38 30 38 31 31
split_gain=0.226925 0.202191 0.388321 0.211511 0.342845 0.32062 0.263693 0.29791 0.275042 0.268254 0.483462 0.237332 0.317451 0.23108
threshold=2.2500000000000004 0 11.06232638888889 1.5000000000000002 14.500000000000002 15.500000000000002 1.3596623918788646 0.020869565217391309 0.21937500000000001 2.0814296770522973 223.82500000000002 1.0680540273182992 2.0702989869038801 1.200840336134454
decision_type=2 9 2 2 2 2 2 8 10 2 2 2 8 10
left_child=-1 2 -2 5 -5 6 7 8 -3 10 13 -10 -13 -8
right_child=1 3 -4 4 -6 -7 9 -9 11 -11 -12 12 -14 -15
leaf_value=-0.0013441066066679057 -0.0013569849612506326 0.0024669737677981657 -0.00014393281757006275 -0.0013089121004725853 0.00079070608546533204 -0.00031095513564702412 -0.00021820014878717208 -8.7427297182808406e-05 -0.00025560905601157853 0.0014467551631533989 -0.0013893992669034162 0.00062131682464700022 0.0025231607304470214 0.00043617264883993547
leaf_weight=126 255 106 3462 228 101 1130 823 291 142 127 197 268 112 1185
leaf_count=126 255 106 3462 228 101 1130 823 291 142 127 197 268 112 1185
internal_value=-8.03757e-05 -6.14805e-05 -0.000226543 6.91166e-05 -0.000664348 0.000124355 0.000275663 0.000706059 0.00107374 0.000106052 2.88318e-05 0.000790825 0.00118186 0.000167971
internal_weight=8553 8427 3717 4710 329 4381 3251 919 628 2332 2205 522 380 2008
internal_count=8553 8427 3717 4710 329 4381 3251 919 628 2332 2205 522 380 2008
cat_boundaries=0 1
cat_threshold=1612315525
is_linear=0
shrinkage=0.03


Tree=396
num_leaves=15
num_cat=0
split_feature=28 30 28 32 24 27 1 30 33 30 29 1 23 27
split_gain=0.224115 0.270599 0.219043 0.23835 0.323847 0.704528 0.455943 0.330213 0.367892 0.250071 0.363671 0.237073 0.39644 0.508843
threshold=21.930173611111112 368.50000000000006 16.50072916666667 21.500000000000004 144.58100000000096 17.423611111111114 99.500000000000014 146.50000000000003 1.0000000180025095e-35 285.02500000000003 2.5000000000000004 35.500000000000007 176.50000000000003 30.201909722222226
decision_type=2 2 2 2 10 2 2 2 2 2 2 2 2 2
left_child=1 2 3 11 5 7 9 8 -5 10 -6 12 13 -1
right_child=-2 -3 -4 4 6 -7 -8 -9 -10 -11 -12 -13 -14 -15
leaf_value=-0.00024838581280288115 0.0008091860556277338 -0.001534291627440909 -0.00088106049031741603 0.0018982188718128499 -0.00019947043842881735 0.0030295017722008718 -0.0018780070382303424 -0.00054760473231017478 -0.00035039240248235212 -0.00097175580648240607 0.0012649180987165942 9.4048168643587002e-05 0.0015389346240221389 -0.0021020278128396188
leaf_weight=2778 283 109 263 174 326 112 105 199 105 128 287 3359 105 140
leaf_count=2778 283 109 263 174 326 112 105 199 105 128 287 3359 105 140
internal_value=-2.08312e-05 -4.95119e-05 -2.94845e-05 -8.37217e-07 0.000348369 0.000887847 -2.78621e-05 0.000386037 0.00105197 0.000234304 0.000486141 -7.94114e-05 -0.000272151 -0.00033732
internal_weight=8473 8190 8081 7818 1436 590 846 478 279 741 613 6382 3023 2918
internal_count=8473 8190 8081 7818 1436 590 846 478 279 741 613 6382 3023 2918
is_linear=0
shrinkage=0.03


Tree=397
num_leaves=15
num_cat=0
split_feature=28 28 31 24 24 27 27 1 1 31 31 5 0 30
split_gain=0.277604 0.342483 0.521918 0.357557 0.227444 0.171375 0.368004 0.675527 0.597383 0.36258 0.57197 0.521188 0.449633 0.670677
threshold=22.94172453703704 15.448998842592594 2.1893384847854218 176.42833333332604 335.07299999999589 17.423611111111114 21.280138888888892 82.500000000000014 23.500000000000004 1.6316860465116281 1.793377120963328 0.23305000000000003 6.5000000000000009 205.07500000000002
decision_type=2 2 10 10 10 2 2 2 2 8 8 2 2 2
left_child=1 5 -3 -4 -2 -1 7 8 -7 11 -11 -8 -12 -14
right_child=4 2 3 -5 -6 6 9 -9 -10 10 12 -13 13 -15
leaf_value=-0.00010603220744411362 0.00022076546018212739 -0.0021925206411428453 0.0013319268408368396 -0.001103041719152002 0.0020550589221944608 0.0016880315219564637 -6.9300383634377306e-06 0.0030769452041623973 -0.00069323443629804786 0.0019070948988876557 -0.00057045657180120643 -0.0021250256128345205 -0.0010408961599208295 0.0010997300908620496
leaf_weight=5562 153 167 102 116 101 169 313 104 216 165 599 157 177 515
leaf_count=5562 153 167 102 116 101 169 313 104 216 165 599 157 177 515
internal_value=-2.69067e-05 -5.65853e-05 -0.000930512 3.62555e-05 0.00095015 -1.44063e-05 0.000196618 0.000931577 0.000352049 1.00163e-05 0.00024388 -0.000714464 3.13082e-05 0.0005522
internal_weight=8616 8362 385 218 254 7977 2415 489 385 1926 1456 470 1291 692
internal_count=8616 8362 385 218 254 7977 2415 489 385 1926 1456 470 1291 692
is_linear=0
shrinkage=0.03


Tree=398
num_leaves=15
num_cat=1
split_feature=31 25 0 37 25 31 33 38 38 24 38 21 1 24
split_gain=0.203631 0.312585 0.226687 0.201575 0.186696 0.194155 0.179295 0.198377 0.374816 0.236951 0.187014 0.161984 0.333734 0.15219
threshold=3.7558696440645338 0.65500000000000014 11.500000000000002 0 0.12521739130434786 3.5964306480092683 1.0000000180025095e-35 1.5063008042457624 1.8514288046861413 49.605666666665861 1.2518215528079846 55.333333333333336 42.500000000000007 673.12316666666027
decision_type=10 10 2 9 10 10 2 2 2 10 2 2 2 10
left_child=4 2 6 -3 11 13 7 10 9 -9 -2 -1 -13 -6
right_child=1 3 -4 -5 5 -7 -8 8 -10 -11 -12 12 -14 -15
leaf_value=0.0017335143968846428 -0.0007153157359010879 -0.00042331445962190623 0.00056478818504475663 0.0012651046127757583 1.7111860213711395e-05 0.0011719094287349604 0.00014561682272635931 -0.00086454402803528045 -0.0020266317827627063 0.0009434183398369958 -0.0023502765850657048 -0.00071613644756647209 0.0014707311255340817 -0.0010001495159748526
leaf_weight=102 107 107 122 140 6774 129 140 132 115 129 153 133 119 135
leaf_count=102 107 107 122 140 6774 129 140 132 115 129 153 133 119 135
internal_value=-5.08645e-06 -0.000377366 -0.00063733 0.000567765 5.25786e-05 1.87655e-05 -0.000826322 -0.00104027 -0.000599685 2.90466e-05 -0.00167743 0.000724829 0.000316551 -2.76515e-06
internal_weight=8537 1145 898 247 7392 7038 776 636 376 261 260 354 252 6909
internal_count=8537 1145 898 247 7392 7038 776 636 376 261 260 354 252 6909
cat_boundaries=0 1
cat_threshold=4231296
is_linear=0
shrinkage=0.03


Tree=399
num_leaves=15
num_cat=1
split_feature=28 28 24 23 22 1 24 23 38 1 1 37 38 22
split_gain=0.196977 0.171478 0.152611 0.213541 0.205521 0.142396 0.119282 0.361529 0.944418 0.10777 0.461495 0.294553 0.253092 0.556706
threshold=27.590653935185188 20.991348379629631 550.35749999999314 166.50000000000003 1650.9240000000002 35.500000000000007 403.83366666667052 137.00000000000003 1.4960115837253987 12.500000000000002 16.500000000000004 0 1.5525159571993972 1016.9160000000002
decision_type=2 2 10 2 2 2 10 2 2 2 2 9 2 2
left_child=1 2 6 4 -4 -3 9 8 -8 12 -11 -12 -1 -14
right_child=-2 5 3 -5 -6 -7 7 -9 -10 10 11 -13 13 -15
leaf_value=-8.1078292865516288e-05 -0.0012874933021270077 0.0016488808282480417 0.00081802150989995629 -0.0018265184222836977 -0.0010864065804600934 7.8338475366967301e-05 0.0034511640346163133 -0.00059245888439465877 -0.00028178739412869141 -0.0011205846261849648 -0.0010635043979979101 2.1534968550120078e-05 0.0019310929323546587 -7.777713564626703e-05
leaf_weight=1037 110 101 102 100 102 107 101 169 154 368 225 5380 208 308
leaf_count=1037 110 101 102 100 102 107 101 169 154 368 225 5380 208 308
internal_value=-2.61639e-05 -9.7675e-06 -3.12057e-05 -0.000690879 -0.000134193 0.000840958 -5.98046e-06 0.000483601 0.00119675 -3.35625e-05 -9.14491e-05 -2.38805e-05 0.000189075 0.000732
internal_weight=8572 8462 8254 304 204 208 7950 424 255 7526 5973 5605 1553 516
internal_count=8572 8462 8254 304 204 208 7950 424 255 7526 5973 5605 1553 516
cat_boundaries=0 1
cat_threshold=1073745947
is_linear=0
shrinkage=0.03


end of trees

feature_importances:
predicted_log=580
commitment_to_velocity_ratio=565
project_key=532
sprint_committed_points=443
description_length=398
mean_cycle_time_hours=361
sprint_length_days=324
history_sprints=310
days_into_sprint=238
velocity_variance=229
wip_at_commitment=202
historical_spillover_rate=200
title_length=191
team_velocity_rolling=186
issue_type=154
ambiguity_score=93
linked_issue_count=84
priority_level=82
traceability_coverage_pct=72
reopen_rate=64
in_progress_at_commitment=55
parallel_sprints=52
vague_term_count=43
missing_info_flag_count=40
description_has_code=32
invest_independent=13
has_epic=13
unlinked_artifact_count=11
dep_in_degree=7
invest_testable=6
dep_out_degree=5
added_mid_sprint=5
mentions_tests=4
blocker_count=4
ac_completeness_score=1
invest_valuable=1

parameters:
[boosting: gbdt]
[objective: regression]
[metric: l2]
[tree_learner: serial]
[device_type: cpu]
[data_sample_strategy: bagging]
[data: ]
[valid: ]
[num_iterations: 400]
[learning_rate: 0.03]
[num_leaves: 15]
[num_threads: 16]
[seed: 42]
[deterministic: 0]
[force_col_wise: 0]
[force_row_wise: 0]
[histogram_pool_size: -1]
[max_depth: -1]
[min_data_in_leaf: 100]
[min_sum_hessian_in_leaf: 0.001]
[bagging_fraction: 0.8]
[pos_bagging_fraction: 1]
[neg_bagging_fraction: 1]
[bagging_freq: 1]
[bagging_seed: 400]
[bagging_by_query: 0]
[feature_fraction: 0.8]
[feature_fraction_bynode: 1]
[feature_fraction_seed: 30056]
[extra_trees: 0]
[extra_seed: 12879]
[early_stopping_round: 0]
[early_stopping_min_delta: 0]
[first_metric_only: 0]
[max_delta_step: 0]
[lambda_l1: 0]
[lambda_l2: 0]
[linear_lambda: 0]
[min_gain_to_split: 0]
[drop_rate: 0.1]
[max_drop: 50]
[skip_drop: 0.5]
[xgboost_dart_mode: 0]
[uniform_drop: 0]
[drop_seed: 17869]
[top_rate: 0.2]
[other_rate: 0.1]
[min_data_per_group: 100]
[max_cat_threshold: 32]
[cat_l2: 10]
[cat_smooth: 10]
[max_cat_to_onehot: 4]
[top_k: 20]
[monotone_constraints: ]
[monotone_constraints_method: basic]
[monotone_penalty: 0]
[feature_contri: ]
[forcedsplits_filename: ]
[refit_decay_rate: 0.9]
[cegb_tradeoff: 1]
[cegb_penalty_split: 0]
[cegb_penalty_feature_lazy: ]
[cegb_penalty_feature_coupled: ]
[path_smooth: 0]
[interaction_constraints: ]
[verbosity: -1]
[saved_feature_importance_type: 0]
[use_quantized_grad: 0]
[num_grad_quant_bins: 4]
[quant_train_renew_leaf: 0]
[stochastic_rounding: 1]
[linear_tree: 0]
[max_bin: 255]
[max_bin_by_feature: ]
[min_data_in_bin: 3]
[bin_construct_sample_cnt: 200000]
[data_random_seed: 175]
[is_enable_sparse: 1]
[enable_bundle: 1]
[use_missing: 1]
[zero_as_missing: 0]
[feature_pre_filter: 1]
[pre_partition: 0]
[two_round: 0]
[header: 0]
[label_column: ]
[weight_column: ]
[group_column: ]
[ignore_column: ]
[categorical_feature: 35,36,37]
[forcedbins_filename: ]
[precise_float_parser: 0]
[parser_config_file: ]
[objective_seed: 16083]
[num_class: 1]
[is_unbalance: 0]
[scale_pos_weight: 1]
[sigmoid: 1]
[boost_from_average: 1]
[reg_sqrt: 0]
[alpha: 0.9]
[fair_c: 1]
[poisson_max_delta_step: 0.7]
[tweedie_variance_power: 1.5]
[lambdarank_truncation_level: 30]
[lambdarank_norm: 1]
[label_gain: ]
[lambdarank_position_bias_regularization: 0]
[eval_at: ]
[multi_error_top_k: 1]
[auc_mu_weights: ]
[num_machines: 1]
[local_listen_port: 12400]
[time_out: 120]
[machine_list_filename: ]
[machines: ]
[gpu_platform_id: -1]
[gpu_device_id: -1]
[gpu_device_id_list: ]
[gpu_use_dp: 0]
[num_gpu: 1]

end of parameters

pandas_categorical:[["Bug", "Improvement", "New Feature", "Story", "Task"], ["high", "highest", "low", "lowest", "medium", "unknown"], ["ALOY", "APIKIT", "BE", "CLI", "CLOV", "COMPASS", "CONFCLOUD", "CONFSERVER", "CWD", "CXX", "DAEMON", "DM", "FAB", "FE", "INDY", "IS", "JAVA", "JRACLOUD", "JRASERVER", "JSWCLOUD", "JSWSERVER", "MDL", "MESOS", "MULE", "MXNET", "NEXUS", "STL", "TIDOC", "TIMOB", "TISTUD", "USERGRID", "XD"]]
